predict_model_key,RMSE_mean,nRMSE_mean,MAE_mean,nMAE_mean,R2_mean,Coverage_mean,Coverage_error_mean,ECE,MPIW_mean,nMPIW_mean,IntervalScore_mean,nIntervalScore_mean,NLL_mean,CRPS_mean,f1_RMSE,f1_nRMSE,f1_MAE,f1_nMAE,f1_R2,f1_Coverage,f1_Coverage_error,f1_MPIW,f1_nMPIW,f1_IntervalScore,f1_nIntervalScore,f1_NLL,f1_CRPS,f2_RMSE,f2_nRMSE,f2_MAE,f2_nMAE,f2_R2,f2_Coverage,f2_Coverage_error,f2_MPIW,f2_nMPIW,f2_IntervalScore,f2_nIntervalScore,f2_NLL,f2_CRPS,GD,IGD,Hausdorff,Recall,n_pf_gt,n_pareto_x,HV_pred,HV_gt,HV_ratio,fit_time_sec,calibration_time_sec,optimisation_time_sec,total_time_sec,benchmark,Method,seed,n_train,n_eval_metric,failed,error
final_models,0.10735535156500581,0.05735958036446129,0.07966462429170931,0.04256311071009272,0.9415251703883871,0.7563333333333333,0.14366666666666666,0.14366666666666666,0.2585800990554453,0.13856181402521767,0.525365183583328,0.280496403842876,-0.6171158535731538,0.05910827163400012,0.12340296490082729,0.0667327371135913,0.09138736044812194,0.049419628654713534,0.9240160335898291,0.8513333333333334,0.048666666666666636,0.3502241945610429,0.18939106629442617,0.577055195567132,0.31205467953513716,-0.634772908957584,0.06744049484096999,0.09130773822918434,0.04798642361533127,0.06794188813529667,0.0357065927654719,0.9590343071869452,0.6613333333333333,0.2386666666666667,0.16693600354984767,0.08773256175600917,0.47367517159952377,0.24893812815061478,-0.5994587981887235,0.05077604842703025,0.08458199807076817,0.1088636455712957,0.27273754839127984,0.0435,2000.0,96.0,3.6063751622029807,3.7645552120219694,0.9579817426200034,4.195285599999806,6.999998731771484e-07,7.131372499999998,11.577916799999912,DTLZ2,Vanilla GP,0,50,3000.0,,
final_models,0.08934701909595232,0.04762904592159511,0.0619173292262425,0.03300018446500824,0.960242128059396,0.8420000000000001,0.08300000000000002,0.08300000000000002,0.2090556486989062,0.11166566940221812,0.3524255001571841,0.18753314795894185,-1.2107242758798433,0.044505018339090645,0.07873304893869439,0.04262527768583668,0.053665047828354545,0.02905371500967116,0.9695023902919618,0.925,0.025000000000000022,0.21416521073977018,0.11594688255419437,0.26511205645048863,0.14352899038451336,-1.4484705349888052,0.03765905056180338,0.09996098925321024,0.05263281415735353,0.07016961062413045,0.03694665392034533,0.9509818658268301,0.759,0.14100000000000001,0.2039460866580422,0.10738445625024187,0.43973894386387957,0.23153730553337035,-0.9729780167708817,0.05135098611637791,0.01787309926781189,0.032431275616826044,0.18938555312209868,0.526,2000.0,96.0,3.7369647370387655,3.7645552120219694,0.992670986761972,2.690180700000383,3.9999940781854093e-07,6.981268999999884,10.191194300000461,DTLZ2,Vanilla GP,1,50,3000.0,,
final_models,0.10851561057652526,0.05605189130804966,0.07951074234803307,0.04105737678801963,0.9348432951885148,0.8603333333333333,0.08666666666666667,0.08666666666666667,0.29164691806138676,0.15127277534922925,0.5111940748156883,0.2634276348594832,-0.8284506402724866,0.058536372152101473,0.0731880714583194,0.03888738848059233,0.052502511649995816,0.02789642527885096,0.9732629852532665,0.947,0.04699999999999993,0.2528964403986349,0.13437274582021766,0.2891652767687533,0.15364365023893914,-1.3462657484777327,0.037718990597496824,0.1438431496947311,0.073216394135507,0.10651897304607032,0.05421832829718829,0.8964236051237633,0.7736666666666666,0.1263333333333334,0.33039739572413857,0.16817280487824085,0.7332228728626234,0.37321161948002723,-0.3106355320672405,0.07935375370670612,0.04436483414699632,0.056063388176300535,0.2716477353433515,0.107,2000.0,96.0,3.626430950435793,3.7645552120219694,0.9633092745867972,1.9431443000003128,3.0000046535860747e-07,6.961251099999572,9.120624600000156,DTLZ2,Vanilla GP,2,50,3000.0,,
final_models,0.11092846075436014,0.057385456570905866,0.07467270442520677,0.038608795266939756,0.9350963649171167,0.7151666666666667,0.18483333333333335,0.18483333333333335,0.17505215499662585,0.09111685951332957,0.5595520583909602,0.2875710270620672,-0.5678268517779049,0.05647319982620692,0.14059464713101905,0.07110273816455982,0.09596066415221474,0.04853005513754606,0.9024081337062622,0.5963333333333334,0.30366666666666664,0.18653966262333824,0.09433844786745267,0.8290373030918496,0.4192678988372902,0.29052099328373293,0.0749561233122623,0.08126227437770121,0.0436681749772519,0.053384744698198774,0.028687535396333456,0.9677845961279713,0.834,0.06600000000000006,0.16356464736991344,0.08789527115920648,0.2900668136900708,0.1558741552868442,-1.4261746968395428,0.037990276340151535,0.04565990569793863,0.08409881666861976,0.4853198391273699,0.4265,2000.0,96.0,3.7058318879552026,3.7645552120219694,0.984400992744051,2.4777571999993597,2.999995558639057e-07,6.940079699999842,9.636827500000436,DTLZ2,Vanilla GP,3,50,3000.0,,
final_models,0.13576325922222499,0.06818643988419298,0.09866087982139354,0.04954918187954939,0.9083823186342692,0.7738333333333334,0.12616666666666665,0.12616666666666665,0.3146830372829203,0.15794377936964216,0.7231948722332169,0.3632594424102892,-0.24940840669857517,0.07527493781422166,0.12870882578371287,0.0641203719627769,0.0942507838495793,0.04695400864252975,0.9174071722826626,0.787,0.11299999999999999,0.3253205762241146,0.16206873326378193,0.67569705953225,0.33661985903102726,-0.357313781868217,0.072115263593771,0.14281769266073707,0.07225250780560906,0.1030709757932078,0.052144355116569036,0.899357464985876,0.7606666666666667,0.1393333333333333,0.304045498341726,0.1538188254755024,0.7706926849341837,0.38989902578955116,-0.14150303152893334,0.07843461203467232,0.40028359292024573,0.1869566932217134,0.7945319492677986,0.0,2000.0,96.0,3.454363892102269,3.7645552120219694,0.9176021329345805,3.0447432000000845,5.000001692678779e-07,6.962694799999554,10.212062599999626,DTLZ2,Vanilla GP,4,50,3000.0,,
final_models,0.10718353617574639,0.05531994616533263,0.07922184483892358,0.04089276704471663,0.9425158353197174,0.6806666666666668,0.21933333333333332,0.21933333333333332,0.19535368050989627,0.10093170144748663,0.5620504753008488,0.2899547178890449,-0.35105186216328227,0.059239965951477014,0.1032381649142397,0.052244803755177496,0.07584124187102054,0.038380290868129274,0.9468280916991848,0.669,0.23099999999999998,0.17733699732753772,0.08974332923881452,0.55504108999698,0.2808846209833425,-0.33197707585015984,0.05708055171675618,0.11112890743725305,0.058395088575487766,0.08260244780682661,0.04340524322130398,0.9382035789402501,0.6923333333333334,0.20766666666666667,0.21337036369225482,0.11212007365615874,0.5690598606047177,0.2990248147947473,-0.3701266484764047,0.06139938018619785,0.2143850900597588,0.17000484171583702,0.45997944836264687,0.0345,2000.0,96.0,3.4410506892318624,3.7645552120219694,0.9140656718865694,2.4766295999997965,4.000003173132427e-07,7.047406800000317,9.804845900000146,DTLZ2,Vanilla GP,5,50,3000.0,,
final_models,0.08447472106091969,0.04549640359794076,0.06335733483611307,0.034123598308548456,0.9618482849612462,0.8021666666666667,0.1265,0.1265,0.20440152366575745,0.11003804361773481,0.443388092054854,0.23888333016555474,-0.6384804611206277,0.047165913803440096,0.10550807417969864,0.05689444144686313,0.07981138390776037,0.04303769302811244,0.9439363402269414,0.6756666666666666,0.22433333333333338,0.20025488177236433,0.10798595021307424,0.6482566754089487,0.34956757336671473,0.2152772172361174,0.06126413320640608,0.06344136794214073,0.03409836574901839,0.04690328576446577,0.025209503588984477,0.9797602296955509,0.9286666666666666,0.028666666666666618,0.20854816555915057,0.11209013702239538,0.23851950870075936,0.12819908696439478,-1.492238139477373,0.03306769440047411,0.013533327827809694,0.033477992748347875,0.19690034447688093,0.514,2000.0,96.0,3.7365585129342787,3.7645552120219694,0.9925630791655606,2.2796249000002717,5.000001692678779e-07,6.9381413999999495,9.516112399999656,DTLZ2,Vanilla GP,6,50,3000.0,,
final_models,0.07835883957002532,0.03991113825871767,0.05292928723379031,0.02693125396126718,0.9695515032224423,0.8516666666666666,0.048333333333333395,0.048333333333333395,0.1808519243800496,0.09201180106169388,0.2890109281911503,0.14712293035295887,-1.4138391230136218,0.03778477788023944,0.07507381457003855,0.03742464936150184,0.05336924083790218,0.02660481735858341,0.9719308122902346,0.837,0.06300000000000006,0.18317297982217512,0.09131259123580239,0.28471698856411765,0.14193275678477837,-1.3654404356344925,0.03794545712524685,0.0816438645700121,0.042397627155933496,0.05248933362967844,0.02725769056395095,0.9671721941546501,0.8663333333333333,0.033666666666666734,0.1785308689379241,0.09271101088758535,0.293304867818183,0.15231310392113934,-1.462237810392751,0.03762409863523204,0.002887455160888954,0.010516892838866759,0.08883820544653381,0.8595,2000.0,96.0,3.7548027273066067,3.7645552120219694,0.997409392566427,2.078249500000311,5.000001692678779e-07,6.939458700000614,9.530898999999408,DTLZ2,Vanilla GP,7,50,3000.0,,
final_models,0.07787844300042111,0.039405224946845605,0.05539722823743635,0.028030073748742848,0.970214892478146,0.8881666666666667,0.01749999999999996,0.01749999999999996,0.21254510856554198,0.10754442492817298,0.2815250152462242,0.14244710689964585,-1.3700430673101454,0.039024233294758945,0.07564790399822019,0.03827468040957563,0.05471196755643059,0.027681970842850054,0.971453415062127,0.8706666666666667,0.029333333333333322,0.20409839211302816,0.1032652633762093,0.27224845671503545,0.13774635015681766,-1.3708277060943068,0.03829048240248472,0.08010898200262204,0.04053576948411557,0.05608248891844211,0.02837817665463564,0.968976369894165,0.9056666666666666,0.005666666666666598,0.22099182501805584,0.11182358648013666,0.2908015737774129,0.14714786364247406,-1.3692584285259841,0.03975798418703316,0.0059344154572508615,0.010516297291788646,0.06584462375993029,0.8415,2000.0,96.0,3.746433860964771,3.7645552120219694,0.9951863234731361,2.2435651000005237,5.000001692678779e-07,7.00575630000003,9.499539299999924,DTLZ2,Vanilla GP,8,50,3000.0,,
final_models,0.10223300047491732,0.05306398018835717,0.07445108597520975,0.03864285623089211,0.9469230106943048,0.6566666666666666,0.24333333333333337,0.24333333333333337,0.15626014294723106,0.08166938367424316,0.6893957604977516,0.35609479593615545,1.1375971083043945,0.05879776196454117,0.07726918963100683,0.040823307729112315,0.05614551472279944,0.029663124928367153,0.9720570968467104,0.856,0.04400000000000004,0.1935679757459628,0.10226695890191934,0.28825954975711426,0.15229496209014018,-1.3227291600512014,0.03953783893237314,0.1271968113188278,0.06530465264760202,0.09275665722762004,0.04762258753341706,0.9217889245418993,0.4573333333333333,0.4426666666666667,0.11895231014849932,0.061071808446566976,1.090531971238389,0.5598946297821707,3.5979233766599905,0.0780576849967092,0.10683146919512664,0.06157830674323912,0.47992090050986985,0.3455,2000.0,96.0,3.7171627571313106,3.7645552120219694,0.9874108753298928,2.896537700000408,4.000003173132427e-07,7.130365699999857,10.305447900000217,DTLZ2,Vanilla GP,9,50,3000.0,,
final_models,0.12593046290966164,0.06636269927529957,0.09183919934940254,0.04839164114486057,0.9212661706328769,0.629,0.271,0.271,0.19908621395256845,0.10501836214889983,0.7904574199282102,0.41627456340242475,0.323749198374971,0.07173699131428792,0.12031520313569283,0.06248579417636374,0.08852201059410827,0.04597397494166221,0.929470179325425,0.6076666666666667,0.29233333333333333,0.17595026030733585,0.09137990432050563,0.7935309323979057,0.41212090593797773,0.5747659046768353,0.06948846108959576,0.13154572268363043,0.0702396043742354,0.09515638810469683,0.05080930734805892,0.9130621619403287,0.6503333333333333,0.2496666666666667,0.22222216759780106,0.11865681997729402,0.7873839074585145,0.4204282208668717,0.07273249207310677,0.07398552153898007,0.5319447155797645,0.4720199936015948,0.7985393733722649,0.0,2000.0,96.0,2.706886041626314,3.7645552120219694,0.719045382302072,4.065637900000183,4.000003173132427e-07,6.886015000000043,11.22342050000043,DTLZ2,Vanilla GP,10,50,3000.0,,
final_models,0.0932664165062741,0.04648190783490341,0.06480634086849463,0.032282715953778046,0.9569515390407688,0.752,0.14800000000000008,0.14800000000000008,0.17380127871581955,0.08662290902494399,0.38508250943809064,0.1919476343173539,-1.1545756156920248,0.047035433393281645,0.09593474871784213,0.04854079976789864,0.06470178791763838,0.032737632337708086,0.953875863399241,0.7746666666666666,0.1253333333333334,0.1793127111217679,0.09072815140216241,0.4000718026305974,0.20242722812972105,-1.182078560753062,0.04724367862234978,0.09059808429470605,0.04442301590190819,0.06491089381935088,0.031827799569848,0.9600272146822965,0.7293333333333333,0.17066666666666674,0.1682898463098712,0.08251766664772556,0.3700932162455839,0.18146804050498674,-1.1270726706309875,0.04682718816421352,0.008032159339097083,0.018924823851505693,0.13176896630812054,0.663,2000.0,96.0,3.749714437569744,3.7645552120219694,0.9960577615103564,1.8847407000002931,5.000001692678779e-07,6.886554600000636,9.299317500000143,DTLZ2,Vanilla GP,11,50,3000.0,,
final_models,0.08197271256323022,0.042869741193759414,0.06049443586754982,0.03163821510774271,0.9672786167372907,0.8188333333333333,0.08116666666666666,0.08116666666666666,0.20022981055706426,0.10472352834072848,0.35437000723144535,0.18533079536981545,-1.1373238713641678,0.04377916162910868,0.08136962456873725,0.04264608089949599,0.06102493739456659,0.03198336517845079,0.9677170362333075,0.8213333333333334,0.07866666666666666,0.2060761988647582,0.10800519597854505,0.3552237499488292,0.18617390528750716,-1.106459395926682,0.04418231642389072,0.08257580055772316,0.04309340148802285,0.05996393434053305,0.03129306503703463,0.9668401972412738,0.8163333333333334,0.08366666666666667,0.19438342224937033,0.10144186070291192,0.3535162645140615,0.18448768545212374,-1.1681883468016538,0.04337600683432663,0.026815464016389384,0.02328314641726859,0.13061529991346588,0.387,2000.0,96.0,3.726150605976688,3.7645552120219694,0.9897983682312249,2.0927332000001115,5.000001692678779e-07,7.011027499999727,9.694730700000036,DTLZ2,Vanilla GP,12,50,3000.0,,
final_models,0.0668967813457459,0.03531467548474508,0.047656142840025374,0.025148687521297657,0.9776532937320035,0.9255,0.045499999999999985,0.045499999999999985,0.21804559859303618,0.1153938765365791,0.26224634350018095,0.13849369441329362,-1.4502313490896883,0.034261875582970114,0.058050776071396436,0.031227577300720517,0.04035117875556519,0.021706334334184414,0.9834237463114248,0.971,0.07099999999999995,0.22170406149160127,0.11926250063561177,0.2337026275562155,0.12571695610783004,-1.5846224300443483,0.0295098152595603,0.07574278662009538,0.03940177366876964,0.05496110692448556,0.0285910407084109,0.971882841152582,0.88,0.020000000000000018,0.21438713569447107,0.11152525243754645,0.2907900594441464,0.15127043271875723,-1.3158402681350285,0.039013935906379936,0.009505806209296227,0.009935698528448238,0.056470695850820395,0.845,2000.0,96.0,3.74957274495577,3.7645552120219694,0.9960201229034045,2.3479858000000604,4.999992597731762e-07,6.93763349999972,9.509933199999978,DTLZ2,Vanilla GP,13,50,3000.0,,
final_models,0.06583436163721545,0.03449015850679167,0.048411901096799104,0.02536243454604728,0.9790436306346477,0.901,0.006000000000000005,0.006000000000000005,0.20740542773893467,0.1086321683104286,0.2708314436383877,0.1418859128762922,-1.3921494253719828,0.03497435256464418,0.06315968503049099,0.03284833425002288,0.046505036018358425,0.024186519719072694,0.9811805557072901,0.907,0.007000000000000006,0.2061026696842218,0.10719067677967402,0.26003958243463077,0.13524239580874184,-1.4261380232459888,0.033602722688258424,0.0685090382439399,0.03613198276356047,0.05031876617523978,0.026538349373021863,0.9769067055620054,0.895,0.0050000000000000044,0.20870818579364755,0.11007365984118317,0.2816233048421446,0.14852942994384258,-1.3581608274979766,0.036345982441029934,0.006155223133055105,0.008563108868877862,0.025128265872344936,0.8785,2000.0,95.0,3.746990092669574,3.7645552120219694,0.9953340784331447,2.3653996000002735,4.000003173132427e-07,6.845927800000027,9.780900599999768,DTLZ2,Vanilla GP,14,50,3000.0,,
final_models,0.07050464600398829,0.03591127441850332,0.05166190274312827,0.026314943916980964,0.97539594545221,0.8383333333333334,0.0616666666666667,0.0616666666666667,0.1753098805457936,0.0891622770895725,0.28793351085774055,0.14680432573893776,-1.3447290946483421,0.03704335831910979,0.07076306229629452,0.037424952429384394,0.05190989178938395,0.02745394514863888,0.975015622020673,0.817,0.08300000000000007,0.16926216116483125,0.08951885523501878,0.29646146653337707,0.15679163566580356,-1.3161071555081234,0.037434624403910766,0.07024622971168205,0.034397596407622244,0.05141391369687259,0.02517594268532305,0.9757762688837469,0.8596666666666667,0.04033333333333333,0.18135759992675593,0.08880569894412622,0.2794055551821041,0.13681701581207195,-1.3733510337885606,0.03665209223430882,0.003344203913402711,0.006650381628840511,0.026242672818647856,0.956,2000.0,96.0,3.7539618681440823,3.7645552120219694,0.9971860304120245,1.9885774000003948,4.000003173132427e-07,6.836341100000027,9.397008900000401,DTLZ2,Vanilla GP,15,50,3000.0,,
final_models,0.08494680515782682,0.04506097608861816,0.062118209174033906,0.03295062676254122,0.9640059489228059,0.8641666666666666,0.05016666666666669,0.05016666666666669,0.2256788620203739,0.11989565875211483,0.3450948151234338,0.18303083374290172,-1.1859544965199627,0.04450695651708196,0.06806455569340077,0.03650268965464321,0.049635825043141554,0.026619451179016977,0.9776246288689361,0.9143333333333333,0.014333333333333309,0.21818285921152517,0.11701040455823024,0.27064614248536684,0.14514620781293877,-1.389291837829561,0.03547726704948782,0.10182905462225288,0.0536192625225931,0.07460059330492626,0.03928180234606547,0.9503872689766757,0.814,0.08600000000000008,0.23317486482922264,0.12278091294599942,0.4195434877615008,0.22091545967286466,-0.9826171552103644,0.053536645984676105,0.015837133960557973,0.017453362679497552,0.07966645814879263,0.514,2000.0,96.0,3.7407355258336397,3.7645552120219694,0.9936726426236874,1.896173899999667,5.000001692678779e-07,7.116118099999767,9.66897759999938,DTLZ2,Vanilla GP,16,50,3000.0,,
final_models,0.0744689566400997,0.037813528141776354,0.052174992471465474,0.02650216741942376,0.9729276103517486,0.893,0.01633333333333331,0.01633333333333331,0.20242618122613096,0.10297761081934198,0.2872121686872974,0.1458439676390029,-1.3925935422598077,0.03748734000168408,0.06996416111701198,0.036378517556028424,0.04979984306955213,0.025893892479654936,0.9757986533881267,0.9093333333333333,0.009333333333333305,0.2067635158089625,0.10750861683630719,0.2702385937853574,0.14051307514279127,-1.4209065755980639,0.03568197320010184,0.0789737521631874,0.03924853872752428,0.05455014187337882,0.027110442359192584,0.9700565673153704,0.8766666666666667,0.023333333333333317,0.19808884664329943,0.09844660480237676,0.3041857435892373,0.15117486013521453,-1.3642805089215515,0.03929270680326632,0.004023792166064293,0.007465225220956139,0.03240479136915133,0.9265,2000.0,96.0,3.7518919376152358,3.7645552120219694,0.9966361831094174,2.4055656999998973,4.000003173132427e-07,7.169487099999969,10.166567100000066,DTLZ2,Vanilla GP,17,50,3000.0,,
final_models,0.07027062979487145,0.03617273447039948,0.05130366757825311,0.026401935781685953,0.9757888203704337,0.849,0.05099999999999999,0.05099999999999999,0.18340137236440332,0.0941640941609298,0.2771502803320398,0.14303550997041733,-1.3630923175933538,0.03655440400858197,0.07236628817759795,0.038462563022450505,0.052410222669400486,0.027855947060533504,0.9741590419042792,0.8143333333333334,0.08566666666666667,0.17471496963725888,0.09286071871126957,0.3067926264255756,0.16305977584144887,-1.2772300916069868,0.03793753601969361,0.06817497141214494,0.033882905918348465,0.050197112487105726,0.0249479245028384,0.9774185988365883,0.8836666666666667,0.01633333333333331,0.19208777509154776,0.09546746961059004,0.24750793423850406,0.12301124409938581,-1.4489545435797209,0.03517127199747033,0.0042015202342342095,0.007304757361380609,0.02179838582096483,0.95,2000.0,96.0,3.7506855617075203,3.7645552120219694,0.9963157266836854,2.375947100000303,4.000003173132427e-07,6.965612900000451,9.91611869999997,DTLZ2,Vanilla GP,18,50,3000.0,,
final_models,0.06346168532280455,0.03342020557521249,0.046669322351193504,0.024575186252373985,0.9800624589049217,0.9266666666666667,0.026666666666666672,0.026666666666666672,0.21747099434762276,0.11449912913960128,0.25534861279398025,0.13445133729258774,-1.4344582776056587,0.033646106839096884,0.06425773829970416,0.0341319322438515,0.04685956014108611,0.024890501502752068,0.9794928683081152,0.9253333333333333,0.02533333333333332,0.21466958231937092,0.11402654112048641,0.25412626053966647,0.1349848366225984,-1.4428491514467807,0.03370934250770588,0.06266563234590493,0.03270847890657348,0.0464790845613009,0.024259871001995902,0.9806320495017282,0.928,0.028000000000000025,0.2202724063758746,0.11497171715871617,0.2565709650482941,0.1339178379625771,-1.4260674037645367,0.03358287117048789,0.0042586000208699815,0.0072050822797890286,0.03135654168377557,0.95,2000.0,96.0,3.7521155207562997,3.7645552120219694,0.9966955747582236,2.076821700000437,4.000003173132427e-07,7.100337599999875,9.77742490000037,DTLZ2,Vanilla GP,19,50,3000.0,,
final_models,0.10735535156500581,0.05735958036446129,0.07966462429170931,0.04256311071009272,0.9415251703883871,0.7563333333333333,0.14366666666666666,0.14366666666666666,0.2585800990554453,0.13856181402521767,0.525365183583328,0.280496403842876,-0.6171158535731538,0.05910827163400012,0.12340296490082729,0.0667327371135913,0.09138736044812194,0.049419628654713534,0.9240160335898291,0.8513333333333334,0.048666666666666636,0.3502241945610429,0.18939106629442617,0.577055195567132,0.31205467953513716,-0.634772908957584,0.06744049484096999,0.09130773822918434,0.04798642361533127,0.06794188813529667,0.0357065927654719,0.9590343071869452,0.6613333333333333,0.2386666666666667,0.16693600354984767,0.08773256175600917,0.47367517159952377,0.24893812815061478,-0.5994587981887235,0.05077604842703025,0.08458199807076817,0.1088636455712957,0.27273754839127984,0.0435,2000.0,96.0,3.6063751622029807,3.7645552120219694,0.9579817426200034,2.1880475999996634,4.999992597731762e-07,7.165992799999913,9.5729695,DTLZ2,Selected GP/ICM,0,50,3000.0,,
final_models,0.0893463420420264,0.04762868620021631,0.06191676711527101,0.03299988479336525,0.9602427472820293,0.8420000000000001,0.08300000000000002,0.08300000000000002,0.20905429682896048,0.11166494323196749,0.35242052856481415,0.1875305187184958,-1.2107394634117479,0.044504579222399435,0.07873261413837936,0.042625042289336536,0.053664549541999375,0.029053445242469934,0.9695027271348473,0.925,0.025000000000000022,0.21416327683702033,0.11594583555877325,0.2651105042145439,0.14352815001964667,-1.4484809939501668,0.03765872310917586,0.09996006994567344,0.05263233011109609,0.07016898468854264,0.03694632434426057,0.9509827674292113,0.759,0.14100000000000001,0.20394531682090067,0.10738405090516172,0.4397305529150844,0.2315328874173449,-0.972997932873329,0.051350435335623,0.015270626437457968,0.029054685577255157,0.17588308631232336,0.5755,2000.0,96.0,3.740158227867032,3.7645552120219694,0.9935192917139267,2.7914999000004173,5.000001692678779e-07,6.989915099999962,11.214827400000104,DTLZ2,Selected GP/ICM,1,50,3000.0,,
final_models,0.10851561057652526,0.05605189130804966,0.07951074234803307,0.04105737678801963,0.9348432951885148,0.8603333333333333,0.08666666666666667,0.08666666666666667,0.29164691806138676,0.15127277534922925,0.5111940748156883,0.2634276348594832,-0.8284506402724866,0.058536372152101473,0.0731880714583194,0.03888738848059233,0.052502511649995816,0.02789642527885096,0.9732629852532665,0.947,0.04699999999999993,0.2528964403986349,0.13437274582021766,0.2891652767687533,0.15364365023893914,-1.3462657484777327,0.037718990597496824,0.1438431496947311,0.073216394135507,0.10651897304607032,0.05421832829718829,0.8964236051237633,0.7736666666666666,0.1263333333333334,0.33039739572413857,0.16817280487824085,0.7332228728626234,0.37321161948002723,-0.3106355320672405,0.07935375370670612,0.04436483414699632,0.056063388176300535,0.2716477353433515,0.107,2000.0,96.0,3.626430950435793,3.7645552120219694,0.9633092745867972,1.9510989000000336,4.999992597731762e-07,6.792588300000716,8.964792699999634,DTLZ2,Selected GP/ICM,2,50,3000.0,,
final_models,0.11092846075436014,0.057385456570905866,0.07467270442520677,0.038608795266939756,0.9350963649171167,0.7151666666666667,0.18483333333333335,0.18483333333333335,0.17505215499662585,0.09111685951332957,0.5595520583909602,0.2875710270620672,-0.5678268517779049,0.05647319982620692,0.14059464713101905,0.07110273816455982,0.09596066415221474,0.04853005513754606,0.9024081337062622,0.5963333333333334,0.30366666666666664,0.18653966262333824,0.09433844786745267,0.8290373030918496,0.4192678988372902,0.29052099328373293,0.0749561233122623,0.08126227437770121,0.0436681749772519,0.053384744698198774,0.028687535396333456,0.9677845961279713,0.834,0.06600000000000006,0.16356464736991344,0.08789527115920648,0.2900668136900708,0.1558741552868442,-1.4261746968395428,0.037990276340151535,0.04565990569793863,0.08409881666861976,0.4853198391273699,0.4265,2000.0,96.0,3.7058318879552026,3.7645552120219694,0.984400992744051,2.4274844999999914,3.9999940781854093e-07,6.841409199999362,9.482633700000406,DTLZ2,Selected GP/ICM,3,50,3000.0,,
final_models,0.13576325922222499,0.06818643988419298,0.09866087982139354,0.04954918187954939,0.9083823186342692,0.7738333333333334,0.12616666666666665,0.12616666666666665,0.3146830372829203,0.15794377936964216,0.7231948722332169,0.3632594424102892,-0.24940840669857517,0.07527493781422166,0.12870882578371287,0.0641203719627769,0.0942507838495793,0.04695400864252975,0.9174071722826626,0.787,0.11299999999999999,0.3253205762241146,0.16206873326378193,0.67569705953225,0.33661985903102726,-0.357313781868217,0.072115263593771,0.14281769266073707,0.07225250780560906,0.1030709757932078,0.052144355116569036,0.899357464985876,0.7606666666666667,0.1393333333333333,0.304045498341726,0.1538188254755024,0.7706926849341837,0.38989902578955116,-0.14150303152893334,0.07843461203467232,0.40028359292024573,0.1869566932217134,0.7945319492677986,0.0,2000.0,96.0,3.454363892102269,3.7645552120219694,0.9176021329345805,2.9614675000002535,5.000001692678779e-07,6.915206700000454,10.100391899999522,DTLZ2,Selected GP/ICM,4,50,3000.0,,
final_models,0.10718353617574639,0.05531994616533263,0.07922184483892358,0.04089276704471663,0.9425158353197174,0.6806666666666668,0.21933333333333332,0.21933333333333332,0.19535368050989627,0.10093170144748663,0.5620504753008488,0.2899547178890449,-0.35105186216328227,0.059239965951477014,0.1032381649142397,0.052244803755177496,0.07584124187102054,0.038380290868129274,0.9468280916991848,0.669,0.23099999999999998,0.17733699732753772,0.08974332923881452,0.55504108999698,0.2808846209833425,-0.33197707585015984,0.05708055171675618,0.11112890743725305,0.058395088575487766,0.08260244780682661,0.04340524322130398,0.9382035789402501,0.6923333333333334,0.20766666666666667,0.21337036369225482,0.11212007365615874,0.5690598606047177,0.2990248147947473,-0.3701266484764047,0.06139938018619785,0.2143850900597588,0.17000484171583702,0.45997944836264687,0.0345,2000.0,96.0,3.4410506892318624,3.7645552120219694,0.9140656718865694,2.619617699999253,3.9999940781854093e-07,7.002635699999701,9.941876700000648,DTLZ2,Selected GP/ICM,5,50,3000.0,,
final_models,0.08447472106091969,0.04549640359794076,0.06335733483611307,0.034123598308548456,0.9618482849612462,0.8021666666666667,0.1265,0.1265,0.20440152366575745,0.11003804361773481,0.443388092054854,0.23888333016555474,-0.6384804611206277,0.047165913803440096,0.10550807417969864,0.05689444144686313,0.07981138390776037,0.04303769302811244,0.9439363402269414,0.6756666666666666,0.22433333333333338,0.20025488177236433,0.10798595021307424,0.6482566754089487,0.34956757336671473,0.2152772172361174,0.06126413320640608,0.06344136794214073,0.03409836574901839,0.04690328576446577,0.025209503588984477,0.9797602296955509,0.9286666666666666,0.028666666666666618,0.20854816555915057,0.11209013702239538,0.23851950870075936,0.12819908696439478,-1.492238139477373,0.03306769440047411,0.013533327827809694,0.033477992748347875,0.19690034447688093,0.514,2000.0,96.0,3.7365585129342787,3.7645552120219694,0.9925630791655606,2.130298000000039,3.0000046535860747e-07,6.825708200000008,9.24066110000058,DTLZ2,Selected GP/ICM,6,50,3000.0,,
final_models,0.07835898761620574,0.03991121224444466,0.05292959845700465,0.02693141318779066,0.9695513920178804,0.8516666666666666,0.048333333333333395,0.048333333333333395,0.18085777610053366,0.09201475898311103,0.289008213011933,0.14712156983455876,-1.4138406884066517,0.03778491801801184,0.07507409296476887,0.03742478814258318,0.05336947085289852,0.026604932022140006,0.9719306041130299,0.837,0.06300000000000006,0.18318075814375032,0.0913164687656607,0.2847122303701654,0.14193038480273273,-1.3654521435285423,0.03794549552757571,0.08164388226764262,0.042397636346306146,0.05248972606111078,0.027257894353441316,0.967172179922731,0.8663333333333333,0.033666666666666734,0.17853479405731704,0.09271304920056135,0.2933041956537007,0.1523127548663848,-1.462229233284761,0.03762434050844797,0.003672370123570027,0.011665140067781167,0.09270269840800173,0.815,2000.0,96.0,3.7542617228666293,3.7645552120219694,0.997265682510522,2.091635199999473,3.9999940781854093e-07,6.8437911999999415,9.501757699999871,DTLZ2,Selected GP/ICM,7,50,3000.0,,
final_models,0.07787844300042111,0.039405224946845605,0.05539722823743635,0.028030073748742848,0.970214892478146,0.8881666666666667,0.01749999999999996,0.01749999999999996,0.21254510856554198,0.10754442492817298,0.2815250152462242,0.14244710689964585,-1.3700430673101454,0.039024233294758945,0.07564790399822019,0.03827468040957563,0.05471196755643059,0.027681970842850054,0.971453415062127,0.8706666666666667,0.029333333333333322,0.20409839211302816,0.1032652633762093,0.27224845671503545,0.13774635015681766,-1.3708277060943068,0.03829048240248472,0.08010898200262204,0.04053576948411557,0.05608248891844211,0.02837817665463564,0.968976369894165,0.9056666666666666,0.005666666666666598,0.22099182501805584,0.11182358648013666,0.2908015737774129,0.14714786364247406,-1.3692584285259841,0.03975798418703316,0.0059344154572508615,0.010516297291788646,0.06584462375993029,0.8415,2000.0,96.0,3.746433860964771,3.7645552120219694,0.9951863234731361,2.237085200000365,5.000001692678779e-07,6.861236500000814,9.34131460000026,DTLZ2,Selected GP/ICM,8,50,3000.0,,
final_models,0.10223300047491732,0.05306398018835717,0.07445108597520975,0.03864285623089211,0.9469230106943048,0.6566666666666666,0.24333333333333337,0.24333333333333337,0.15626014294723106,0.08166938367424316,0.6893957604977516,0.35609479593615545,1.1375971083043945,0.05879776196454117,0.07726918963100683,0.040823307729112315,0.05614551472279944,0.029663124928367153,0.9720570968467104,0.856,0.04400000000000004,0.1935679757459628,0.10226695890191934,0.28825954975711426,0.15229496209014018,-1.3227291600512014,0.03953783893237314,0.1271968113188278,0.06530465264760202,0.09275665722762004,0.04762258753341706,0.9217889245418993,0.4573333333333333,0.4426666666666667,0.11895231014849932,0.061071808446566976,1.090531971238389,0.5598946297821707,3.5979233766599905,0.0780576849967092,0.10683146919512664,0.06157830674323912,0.47992090050986985,0.3455,2000.0,96.0,3.7171627571313106,3.7645552120219694,0.9874108753298928,2.8791732999998203,3.9999940781854093e-07,6.828797199999826,9.95554650000031,DTLZ2,Selected GP/ICM,9,50,3000.0,,
final_models,0.12593046290966164,0.06636269927529957,0.09183919934940254,0.04839164114486057,0.9212661706328769,0.629,0.271,0.271,0.19908621395256845,0.10501836214889983,0.7904574199282102,0.41627456340242475,0.323749198374971,0.07173699131428792,0.12031520313569283,0.06248579417636374,0.08852201059410827,0.04597397494166221,0.929470179325425,0.6076666666666667,0.29233333333333333,0.17595026030733585,0.09137990432050563,0.7935309323979057,0.41212090593797773,0.5747659046768353,0.06948846108959576,0.13154572268363043,0.0702396043742354,0.09515638810469683,0.05080930734805892,0.9130621619403287,0.6503333333333333,0.2496666666666667,0.22222216759780106,0.11865681997729402,0.7873839074585145,0.4204282208668717,0.07273249207310677,0.07398552153898007,0.5319447155797645,0.4720199936015948,0.7985393733722649,0.0,2000.0,96.0,2.706886041626314,3.7645552120219694,0.719045382302072,4.221907799999826,4.000003173132427e-07,7.150762600000235,11.742001000000528,DTLZ2,Selected GP/ICM,10,50,3000.0,,
final_models,0.09326495885191377,0.04648118507313245,0.06480537480966801,0.03228223707349741,0.9569528659109565,0.752,0.14800000000000008,0.14800000000000008,0.17379511871076647,0.08661984228837036,0.38508286853798335,0.19194782972935734,-1.154570721087207,0.04703487164610935,0.09593372240141237,0.04854028047513996,0.06470112425373463,0.032737296538875076,0.9538768502722274,0.7746666666666666,0.1253333333333334,0.1793067932395319,0.09072515708841784,0.40007427400596296,0.20242847858941762,-1.1820715462829248,0.04724333378947811,0.09059619530241518,0.04442208967112495,0.0649096253656014,0.03182717760811975,0.9600288815496858,0.7293333333333333,0.17066666666666674,0.16828344418200109,0.08251452748832286,0.37009146307000373,0.18146718086929706,-1.1270698958914893,0.046826409502740585,0.008410561449563661,0.020283305963790545,0.141926734393984,0.7085,2000.0,96.0,3.748116121187247,3.7645552120219694,0.995633191729206,1.9991739000006419,4.000003173132427e-07,7.057394399999794,10.099325000000135,DTLZ2,Selected GP/ICM,11,50,3000.0,,
final_models,0.08197304996302185,0.042869917559549414,0.06049474374321663,0.03163837607144768,0.967278347003047,0.8188333333333333,0.08116666666666666,0.08116666666666666,0.20022785989167868,0.10472250954545483,0.35437300282290574,0.18533235917199142,-1.1373146966792658,0.043779399011851974,0.08136988253890663,0.04264621610248815,0.061025200292920155,0.03198350296432007,0.9677168315364104,0.8213333333333334,0.07866666666666666,0.20607547360338518,0.10800481586673612,0.3552242042993358,0.18617414341406316,-1.1064581591858003,0.04418245330924529,0.08257621738713705,0.043093619016610685,0.0599642871935131,0.03129324917857528,0.9668398624696836,0.8163333333333334,0.08366666666666667,0.19438024617997215,0.10144020322417353,0.35352180134647565,0.18449057492991972,-1.1681712341727315,0.043376344714458656,0.022262972894134675,0.020643076094826626,0.10692634449796636,0.4825,2000.0,96.0,3.7284343224573364,3.7645552120219694,0.9904050047000844,2.11440279999988,3.9999940781854093e-07,9.605105300000105,12.381747800000085,DTLZ2,Selected GP/ICM,12,50,3000.0,,
final_models,0.0668967813457459,0.03531467548474508,0.047656142840025374,0.025148687521297657,0.9776532937320035,0.9255,0.045499999999999985,0.045499999999999985,0.21804559859303618,0.1153938765365791,0.26224634350018095,0.13849369441329362,-1.4502313490896883,0.034261875582970114,0.058050776071396436,0.031227577300720517,0.04035117875556519,0.021706334334184414,0.9834237463114248,0.971,0.07099999999999995,0.22170406149160127,0.11926250063561177,0.2337026275562155,0.12571695610783004,-1.5846224300443483,0.0295098152595603,0.07574278662009538,0.03940177366876964,0.05496110692448556,0.0285910407084109,0.971882841152582,0.88,0.020000000000000018,0.21438713569447107,0.11152525243754645,0.2907900594441464,0.15127043271875723,-1.3158402681350285,0.039013935906379936,0.009505806209296227,0.009935698528448238,0.056470695850820395,0.845,2000.0,96.0,3.74957274495577,3.7645552120219694,0.9960201229034045,5.149264300000141,5.000001692678779e-07,17.597823799999787,23.133454300000267,DTLZ2,Selected GP/ICM,13,50,3000.0,,
final_models,0.06583322083911954,0.03448956099220458,0.04841108457941806,0.02536200666527453,0.9790443553929999,0.901,0.006000000000000005,0.006000000000000005,0.20740458969102105,0.10863173108508012,0.2708275424550435,0.14188386837041309,-1.3921630214253937,0.03497380535927534,0.06315855192191869,0.03284774493851655,0.04650428356322747,0.02418612837928628,0.9811812309570911,0.907,0.007000000000000006,0.20610136790500663,0.10718999974528477,0.2600360319111512,0.13524054923870332,-1.4261506723716442,0.03360221334311652,0.06850788975632038,0.03613137704589261,0.050317885595608645,0.02653788495126278,0.9769074798289087,0.895,0.0050000000000000044,0.2087078114770355,0.11007346242487545,0.2816190529989357,0.14852718750212285,-1.3581753704791433,0.03634539737543417,0.005224025541164529,0.008229882252343829,0.027411793191684873,0.908,2000.0,95.0,3.749179632777901,3.7645552120219694,0.9959156983018969,5.721336900000097,7.999997251317836e-07,16.74291119999998,23.626765499999237,DTLZ2,Selected GP/ICM,14,50,3000.0,,
final_models,0.07050438205177263,0.03591113895474547,0.05166174896712255,0.026314864887528232,0.9753961301035836,0.8383333333333334,0.0616666666666667,0.0616666666666667,0.1753080990320704,0.08916137749130394,0.2879336071197387,0.14680436426041965,-1.3447280500087084,0.03704328510747934,0.07076274530714384,0.03742478478112979,0.05190970152455866,0.02745384452195874,0.9750158458594602,0.817,0.08300000000000007,0.16926077148725158,0.08951812026658151,0.29646102703507793,0.1567914032252844,-1.3161074916062558,0.037434516026748625,0.07024601879640142,0.03439749312836115,0.051413796409686435,0.025175885253097725,0.975776414347707,0.8596666666666667,0.04033333333333333,0.1813554265768892,0.08880463471602637,0.27940618720439947,0.13681732529555493,-1.373348608411161,0.036652054188210055,0.003860423992241286,0.007048482102719726,0.026814807215184033,0.958,2000.0,96.0,3.7540425844654832,3.7645552120219694,0.9972074715430095,4.543841200000315,5.000001692678779e-07,16.36274119999962,21.948248100000455,DTLZ2,Selected GP/ICM,15,50,3000.0,,
final_models,0.08494763300504858,0.04506141573557284,0.062118767156103316,0.03295092284406426,0.9640052638445973,0.8641666666666666,0.05016666666666669,0.05016666666666669,0.22567639117733063,0.11989434394131987,0.34509837948090416,0.18303271985071895,-1.185945997786547,0.044507360220033876,0.06806532302649414,0.03650310117164327,0.04963629139311287,0.026619701280234855,0.9776241243637835,0.9143333333333333,0.014333333333333309,0.21818003191095262,0.11700888829070584,0.2706480440022874,0.14514722758720042,-1.3892849307142887,0.03547758860216014,0.10182994298360303,0.053619730299502406,0.07460124291909377,0.039282144407893654,0.9503864033254109,0.814,0.08600000000000008,0.23317275044370864,0.12277979959193391,0.41954871495952095,0.2209182121142375,-0.9826070648588054,0.05353713183790761,0.015466861449322813,0.018431021351388886,0.10761426982373298,0.594,2000.0,96.0,3.742159250481047,3.7645552120219694,0.9940508346190817,4.208646500000214,8.000006346264854e-07,16.318833899999845,21.546593699999903,DTLZ2,Selected GP/ICM,16,50,3000.0,,
final_models,0.07446921989201757,0.03781366136658977,0.05217515154540642,0.026502248324892327,0.9729274176498007,0.893,0.01633333333333331,0.01633333333333331,0.2024271487001354,0.10297810170378331,0.28721265454275835,0.14584421505482925,-1.392591650828924,0.03748744967985815,0.06996436943877898,0.03637862587487249,0.049800003974125866,0.02589397614348749,0.9757985092664873,0.9093333333333333,0.009333333333333305,0.20676439208520284,0.10750907246430422,0.2702391120696794,0.14051334462955425,-1.4209039868094382,0.03568207873493329,0.07897407034525616,0.03924869685830706,0.05455029911668696,0.027110520506297163,0.9700563260331142,0.8766666666666667,0.023333333333333317,0.19808990531506795,0.0984471309432624,0.30418619701583727,0.15117508548010422,-1.3642793148484098,0.039292820624783016,0.003605430163730527,0.007187432391832656,0.026652060765559343,0.929,2000.0,96.0,3.7544360855500383,3.7645552120219694,0.9973119994519901,5.234906599999704,6.000000212225132e-07,16.3523438000002,22.596101300000555,DTLZ2,Selected GP/ICM,17,50,3000.0,,
final_models,0.07027145671367502,0.03617315048676744,0.051304134520733055,0.026402171837128584,0.9757882650168805,0.849,0.05099999999999999,0.05099999999999999,0.18340397784620094,0.0941654546857345,0.27715126436418913,0.1430359704742116,-1.3630911445149616,0.03655471793842387,0.07236658026519545,0.03846271826652768,0.05241045371306107,0.027856069859858716,0.974158833303319,0.8143333333333334,0.08566666666666667,0.17471877277051193,0.09286274007033207,0.3067909707682678,0.16305889586231567,-1.2772385013357737,0.03793763177395804,0.0681763331621546,0.0338835827070072,0.050197815328405046,0.024948273814398448,0.9774176967304422,0.8836666666666667,0.01633333333333331,0.19208918292188995,0.09546816930113695,0.24751155796011054,0.12301304508610753,-1.4489437876941496,0.035171804102889684,0.0051436273324943,0.007668635876608404,0.04767052222467508,0.9265,2000.0,96.0,3.7498133431830363,3.7645552120219694,0.9960840343653743,5.213362600000437,6.000000212225132e-07,16.305394299999534,22.710134899999503,DTLZ2,Selected GP/ICM,18,50,3000.0,,
final_models,0.06346155202162956,0.03342013217780705,0.04666914732363853,0.024575091517984156,0.9800625496467974,0.9266666666666667,0.026666666666666672,0.026666666666666672,0.21746959137575267,0.11449839264230549,0.25534788505044004,0.1344509492648941,-1.434463366691653,0.03364597313960128,0.06425690954134694,0.03413149203034814,0.046858827305905314,0.024890112240985335,0.9794933972824497,0.9253333333333333,0.02533333333333332,0.2146686684864789,0.1140260557177446,0.25412448607605076,0.13498389407663422,-1.4428592611873297,0.03370890293224316,0.0626661945019122,0.03270877232526596,0.04647946734137175,0.024260070794982977,0.9806317020111452,0.928,0.028000000000000025,0.22027051426502642,0.11497072956686637,0.25657128402482937,0.13391800445315394,-1.4260674721959765,0.0335830433469594,0.004091827029318316,0.007369657974407902,0.02711106537997038,0.9205,2000.0,96.0,3.750271748607289,3.7645552120219694,0.9962058031795993,4.506277099999352,6.000000212225132e-07,17.37203959999988,22.93420739999965,DTLZ2,Selected GP/ICM,19,50,3000.0,,
final_models,0.11234113198219262,0.059982344521987835,0.08403176794483663,0.04486784880137881,0.9367676664660491,0.9425,0.04249999999999998,0.04249999999999998,0.4221724811544696,0.22521079691388018,0.4814046328432008,0.25703978093409313,-0.8177960929263837,0.060948879342307555,0.12373227089787471,0.06691081622658956,0.09264883363534333,0.05010179669375815,0.9236099596849535,0.9253333333333333,0.02533333333333332,0.43871738368860347,0.23724561120863208,0.5306405950080257,0.2869550124417866,-0.7135284821658673,0.0673962606252367,0.10094999306651053,0.053053872817386105,0.07541470225432993,0.039633900908999466,0.9499253732471449,0.9596666666666667,0.059666666666666646,0.4056275786203357,0.21317598261912832,0.4321686706783759,0.22712454942639965,-0.9220637036869,0.054501498059378414,0.06559565258804774,0.08206760913948824,0.312175843426528,0.135,2000.0,95.0,3.669323800585304,3.7645552120219694,0.9747031439109932,33.02832269999999,6.999998731771484e-07,20.756739899999957,58.63739020000048,DTLZ2,Selected + Bagging,0,50,3000.0,,
final_models,0.10496109960746623,0.055948864179057964,0.07592454421285981,0.04047436389549042,0.9450700031882229,0.9788333333333333,0.07883333333333331,0.07883333333333331,0.4728110879296472,0.25275892227142766,0.48974456801384625,0.26169008251239445,-0.861078578782543,0.05708632164579201,0.09199081860127985,0.049802900310391654,0.0669806750396792,0.03626266112689501,0.9583667197725841,0.998,0.09799999999999998,0.5126456829192698,0.27754119627571,0.5146804916955388,0.2786428212006329,-0.8637281240204796,0.05334788930274655,0.11793138061365262,0.06209482804772427,0.08486841338604043,0.04468606666408583,0.9317732866038615,0.9596666666666667,0.059666666666666646,0.4329764929400246,0.22797664826714534,0.4648086443321538,0.24473734382415607,-0.8584290335446065,0.06082475398883747,0.07367394783182409,0.06204572864123827,0.30366192299583483,0.0075,2000.0,96.0,3.685055729914599,3.7645552120219694,0.9788821048886545,31.891117099999974,6.000000212225132e-07,22.537017099999503,72.70482009999978,DTLZ2,Selected + Bagging,1,50,3000.0,,
final_models,0.11659468242354212,0.06039196293326342,0.08717720174095583,0.04513239636496407,0.9293617263186073,0.9351666666666667,0.038500000000000034,0.038500000000000034,0.4230538484929868,0.21989143110388354,0.5048778590851396,0.2618155971565561,-0.7893579718054178,0.06329792082718562,0.09358895162586849,0.049727091407773545,0.06797521181305666,0.03611761337816213,0.9562798670966174,0.9736666666666667,0.07366666666666666,0.408028468132207,0.21679983138282946,0.43271011948160853,0.22991405813101373,-0.9596183448869009,0.051155842833283796,0.13960041322121577,0.07105683445875328,0.10637919166885501,0.05414717935176601,0.9024435855405971,0.8966666666666666,0.0033333333333334103,0.43807922885376654,0.22298303082493762,0.5770455986886707,0.2937171361820985,-0.6190975987239346,0.07543999882108744,0.060752595624944804,0.06668896037828499,0.3077436019165183,0.0125,2000.0,96.0,3.5927183750871277,3.7645552120219694,0.9543540133540765,37.11364649999996,9.99999429041054e-07,20.824554499999977,63.08492810000007,DTLZ2,Selected + Bagging,2,50,3000.0,,
final_models,0.11679312785176166,0.060798119457678726,0.08415690333858522,0.043833219455716874,0.9327429519584367,0.9286666666666666,0.06833333333333336,0.06833333333333336,0.393856486172228,0.2063323250879831,0.47319646207281046,0.24647248103556202,-0.8683656090179643,0.05987703901616756,0.12408964699171769,0.06275568706938445,0.0878791022995156,0.044442977940092894,0.9239766243961878,0.8603333333333333,0.03966666666666674,0.3359573735808943,0.16990326200623393,0.4936476671026749,0.24965175798505435,-0.8135061711042296,0.06339857131285973,0.10949660871180561,0.058840551845973005,0.08043470437765483,0.04322346097134086,0.9415092795206856,0.997,0.09699999999999998,0.45175559876356175,0.2427613881697323,0.45274525704294605,0.24329320408606972,-0.9232250469316992,0.056355506719475396,0.10187044243507115,0.07486070343027257,0.7211271470564945,0.2925,2000.0,96.0,3.6986206078583574,3.7645552120219694,0.9824854198036371,30.211668299999474,6.999998731771484e-07,20.942964300000313,56.60971310000059,DTLZ2,Selected + Bagging,3,50,3000.0,,
,,,,,,,,,,,,,,,,,,,,,,,,,,,,,,,,,,,,,,,,,,,,,,,,,,,,,,DTLZ2,Selected + Bagging,4,50,,True,ModelFittingError('All attempts to fit the model have failed.')
final_models,0.10645958453325549,0.05494156687550672,0.07810365518335534,0.040313320244438976,0.9433084266677564,0.9335,0.033499999999999974,0.033499999999999974,0.3886400020738202,0.20052267527210216,0.44339801714553306,0.22878634637567918,-0.9082487477824588,0.05649836484978754,0.1030283049596781,0.052138601827322134,0.07500354393921949,0.03795636465741621,0.9470440450290962,0.9343333333333333,0.03433333333333333,0.3808852432833494,0.1927511478445207,0.4334452186086881,0.21934969886032374,-0.9379108604836637,0.054729556217451875,0.10989086410683288,0.05774453192369131,0.08120376642749119,0.04267027583146174,0.9395728083064165,0.9326666666666666,0.03266666666666662,0.396394760864291,0.2082942026996836,0.45335081568237795,0.23822299389103466,-0.8785866350812538,0.0582671734821232,0.06736207656570994,0.06513368595255259,0.2964724051000055,0.0375,2000.0,96.0,3.6996708592338035,3.7645552120219694,0.9827644039906911,32.414900800000396,1.100000190490391e-06,21.285027699999773,60.67887369999971,DTLZ2,Selected + Bagging,5,50,3000.0,,
final_models,0.10299302172981517,0.055451367713159616,0.07455194321902207,0.04014006240296123,0.9465104618405223,0.9518333333333333,0.05183333333333329,0.05183333333333329,0.38855365661017505,0.2091595552460527,0.43578898660031684,0.23462257530442782,-0.9405633920880023,0.05442530286872098,0.10752297189818362,0.05798096000155228,0.07936215050777311,0.042795447270427396,0.9417745877878944,0.9203333333333333,0.020333333333333314,0.3631862798097231,0.19584549041948365,0.4482709089504927,0.24172674157788107,-0.9068802391601203,0.057044830180508814,0.09846307156144671,0.052921775424766955,0.06974173593027104,0.037484677535495066,0.9512463358931503,0.9833333333333333,0.08333333333333326,0.413921033410627,0.22247362007262175,0.4233070642501409,0.2275184090309746,-0.9742465450158845,0.05180577555693314,0.1361410761743993,0.07904967989687224,0.6583200996648393,0.0,2000.0,96.0,3.6570672625068488,3.7645552120219694,0.9714473706819777,32.675861099999565,9.000004865811206e-07,21.016111200000523,59.73778880000009,DTLZ2,Selected + Bagging,6,50,3000.0,,
final_models,0.10156504007938555,0.05176336048649878,0.07356414525162741,0.03749653471838038,0.948684026723805,0.977,0.07699999999999996,0.07699999999999996,0.4057073768515018,0.20659268304377937,0.4182766940876975,0.21302178868533278,-0.9896669262438093,0.052858344727020085,0.09418894045048998,0.04695362944162642,0.06783364389911364,0.033815390257929755,0.9558172543154413,0.9843333333333333,0.08433333333333326,0.39346164268860767,0.19614247789532702,0.4029000972155799,0.20084759183165,-1.0537488718335626,0.04918779118159959,0.10894113970828112,0.05657309153137115,0.07929464660414119,0.041177679178831014,0.9415507991321687,0.9696666666666667,0.06966666666666665,0.41795311101439603,0.21704288819223172,0.4336532909598152,0.22519598553901557,-0.9255849806540559,0.056528898272440585,0.024182526952340563,0.022296754295078634,0.11592439993884218,0.232,2000.0,96.0,3.7186750451827084,3.7645552120219694,0.987812592921009,31.15668679999999,6.999998731771484e-07,22.13845709999987,68.50579720000042,DTLZ2,Selected + Bagging,7,50,3000.0,,
final_models,0.11276967193366114,0.05706000319467551,0.08058120606050517,0.040772994779347684,0.93614471189739,0.972,0.07199999999999995,0.07199999999999995,0.461235814707672,0.23337700146909304,0.4905670432465882,0.24821871230570364,-0.8473419704436383,0.0596734799670028,0.09403636353397482,0.04757847304303684,0.06956788543834147,0.035198444916400284,0.9558884808908628,0.9923333333333333,0.09233333333333327,0.4809456970148041,0.24333843867022825,0.48576821140783377,0.24577842956763807,-0.8737566882642679,0.053962380645875586,0.13150298033334745,0.06654153334631417,0.09159452668266886,0.04634754464229508,0.9164009429039173,0.9516666666666667,0.05166666666666664,0.4415259324005399,0.22341556426795783,0.4953658750853425,0.2506589950437692,-0.8209272526230088,0.06538457928813,0.03392187029532328,0.06747219715367736,0.2219482078999606,0.0435,2000.0,96.0,3.69305456542991,3.7645552120219694,0.9810068806097715,30.61194720000003,1.2000000424450263e-06,22.12263940000048,58.00547540000025,DTLZ2,Selected + Bagging,8,50,3000.0,,
final_models,0.11214443484699446,0.05833026627780803,0.08063180971754894,0.04195613755357999,0.9394006698494983,0.9328333333333333,0.03283333333333327,0.03283333333333327,0.37743341793131835,0.1965385966528396,0.43854626915061123,0.22825933633648526,-0.9219753511408626,0.0578412979457449,0.10109155545729596,0.05340927861357775,0.07492417264360998,0.03958437471371956,0.9521713009360576,0.945,0.04499999999999993,0.37003566181000636,0.19549939328927304,0.4162456759613934,0.21991333676243854,-0.9657884869359964,0.05356462256748637,0.12319731423669297,0.06325125394203832,0.08633944679148789,0.04432790039344042,0.9266300387629391,0.9206666666666666,0.02066666666666661,0.3848311740526304,0.19757780001640615,0.4608468623398291,0.23660533591053196,-0.8781622153457289,0.06211797332400343,0.08178902829558272,0.07829462279804932,0.24047484942485903,0.0165,2000.0,96.0,3.6716231795227143,3.7645552120219694,0.9753139408864411,26.25431850000041,5.000001692678779e-07,8.885771899999781,38.520297899999605,DTLZ2,Selected + Bagging,9,50,3000.0,,
final_models,0.1045082986900657,0.05502223513468031,0.0763664855418475,0.040212458785269176,0.9459658581970471,0.9408333333333334,0.04083333333333333,0.04083333333333333,0.38354764826931415,0.2021270421630909,0.43960325169365344,0.23142101306016105,-0.9262293965612972,0.05564390939954926,0.1068917390411433,0.05551430767519522,0.0772158832855255,0.04010212894445185,0.9443301504213413,0.9223333333333333,0.022333333333333316,0.365689717118628,0.1899212385530058,0.4529533819433897,0.23524169064222009,-0.9091140755937909,0.05651565250334965,0.10212485833898811,0.054530162594165404,0.07551708779816947,0.04032278862608651,0.9476015659727531,0.9593333333333334,0.05933333333333335,0.40140557942000027,0.21433284577317602,0.4262531214439172,0.227600335478102,-0.9433447175288036,0.05477216629574887,0.10026721747635553,0.11333634618853385,0.31904349962990775,0.0,2000.0,96.0,3.598306725280133,3.7645552120219694,0.9558384782850616,17.157060599999568,4.999992597731762e-07,8.837779100000262,29.501326000000518,DTLZ2,Selected + Bagging,10,50,3000.0,,
final_models,0.11012349995809276,0.05477148963132452,0.07701278213786332,0.03830913098824345,0.9396450227992508,0.9591666666666667,0.059166666666666645,0.059166666666666645,0.3808631374814787,0.1898158964854762,0.4185509583318873,0.20846679102694704,-0.9938212560484012,0.055144021947801644,0.09900728844407475,0.05009543495090855,0.06997104047669865,0.03540375422591045,0.9508740798587202,0.974,0.07399999999999995,0.39203804893551614,0.1983623315754548,0.4139471411590628,0.20944783367905093,-1.0171840753819048,0.051159615975602236,0.12123971147211078,0.05944754431174049,0.08405452379902799,0.041214507750576446,0.9284159657397812,0.9443333333333334,0.044333333333333336,0.36968822602744134,0.1812694613954976,0.42315477550471187,0.20748574837484313,-0.9704584367148977,0.05912842792000106,0.04877628556021196,0.06289204903206431,0.35171931177668436,0.1525,2000.0,96.0,3.711998573160553,3.7645552120219694,0.9860390840610957,12.035420999999587,3.9999940781854093e-07,9.518843799999559,30.31450219999988,DTLZ2,Selected + Bagging,11,50,3000.0,,
final_models,0.10216418578692592,0.053424647338438096,0.07425801773906077,0.03883358115822301,0.949060476513115,0.944,0.043999999999999984,0.043999999999999984,0.3741898066312244,0.1957123385045536,0.42084504525104083,0.22009403729706914,-0.9714902865110974,0.05372739948267955,0.09717314725079235,0.0509287577628581,0.07231634395242874,0.037901227526812874,0.9539593642328777,0.9576666666666667,0.057666666666666644,0.3894334505160529,0.2041033189436429,0.4197879808991352,0.22001222555644903,-0.9672107215709497,0.052669995341207934,0.10715522432305949,0.05592053691401809,0.0761996915256928,0.039765934789633146,0.9441615887933523,0.9303333333333333,0.030333333333333323,0.35894616274639596,0.18732135806546435,0.42190210960294644,0.22017584903768925,-0.9757698514512451,0.05478480362415117,0.027397759479456052,0.03062007455671824,0.1993155096307151,0.374,2000.0,96.0,3.7225732652414827,3.7645552120219694,0.9888480990669475,14.544181600000229,4.000003173132427e-07,9.549428600000283,31.925926799999615,DTLZ2,Selected + Bagging,12,50,3000.0,,
final_models,0.08885294238642837,0.04700603144450749,0.0637644576229984,0.03372669304910876,0.9612362963268031,0.9924999999999999,0.09249999999999997,0.09249999999999997,0.4665946338477238,0.24663485295152038,0.47179467521733953,0.24940732105976213,-0.9355713778871872,0.050474255406529264,0.08846733289357343,0.047589725124861426,0.0627283285783324,0.03374379917360078,0.9615021750673811,0.989,0.08899999999999997,0.4410461815361088,0.23725442895315182,0.44864668590458184,0.2413430106010362,-0.9839043661692728,0.04926282538079301,0.0892385518792833,0.04642233776415355,0.0648005866676644,0.03370958692461675,0.9609704175862251,0.996,0.09599999999999997,0.4921430861593388,0.25601527694988896,0.4949426645300972,0.25747163151848806,-0.8872383896051018,0.05168568543226552,0.030332072870082338,0.02537542793709113,0.06387126139696502,0.204,2000.0,96.0,3.723447328260429,3.7645552120219694,0.9890802813487093,14.516799699999865,8.999995770864189e-07,8.736214100000325,26.16405450000002,DTLZ2,Selected + Bagging,13,50,3000.0,,
final_models,0.09656067664685655,0.05051612216894363,0.06983332775561243,0.036531351021108056,0.954204995226126,0.9868333333333333,0.08683333333333332,0.08683333333333332,0.44858829405613215,0.23497441456852175,0.4572279970642912,0.23947586022137085,-0.9492827935716968,0.05269776089422969,0.11212655443085952,0.0583152138341122,0.08170446628392021,0.042493176096718606,0.9406878266845481,0.9773333333333334,0.07733333333333337,0.4406994827636792,0.22920069830375142,0.4557727252447683,0.23704004878517687,-0.9016592579557395,0.058127036505183846,0.08099479886285357,0.04271703050377505,0.05796218922730465,0.03056952594549751,0.967722163767704,0.9963333333333333,0.09633333333333327,0.4564771053485851,0.24074813083329208,0.4586832688838141,0.24191167165756486,-0.9969063291876541,0.04726848528327552,0.024735408406785786,0.02484748397282984,0.1733557346154508,0.4365,2000.0,96.0,3.7320750737079527,3.7645552120219694,0.9913721179566489,13.66054989999975,4.000003173132427e-07,9.46873510000023,31.836838799999896,DTLZ2,Selected + Bagging,14,50,3000.0,,
final_models,0.108573266092575,0.055416868518563894,0.07913206074575821,0.040395862618197304,0.9414067509352881,0.9516666666666667,0.05166666666666664,0.05166666666666664,0.39521432626666464,0.20087531234022651,0.44205722951857673,0.2252642050691482,-0.9254728578838085,0.05678763763283629,0.1148626116501086,0.060748187506651605,0.08402593944435935,0.044439382419210985,0.9341716943236092,0.9293333333333333,0.029333333333333322,0.37495105187233974,0.19830296802184552,0.4489843986062665,0.2374574985042045,-0.896495812211091,0.05957897064227674,0.10228392053504143,0.05008554953047619,0.07423818204715708,0.03635234281718363,0.9486418075469671,0.974,0.07399999999999995,0.4154776006609896,0.2034476566586075,0.43513006043088703,0.21307091163409192,-0.9544499035565259,0.053996304623395844,0.04301034095598084,0.038635592826767186,0.15988840950355543,0.2285,2000.0,96.0,3.712772515561417,3.7645552120219694,0.9862446707392755,14.677062300000216,3.9999940781854093e-07,9.660368900000321,32.225020900000345,DTLZ2,Selected + Bagging,15,50,3000.0,,
final_models,0.11457509923025905,0.06085585990720556,0.08520488348700889,0.04525563017388738,0.9367125099153221,0.9603333333333333,0.060333333333333294,0.060333333333333294,0.4410747467274231,0.2345083272682679,0.4753514868614079,0.25264019409109867,-0.84027616326516,0.06106661395591134,0.1078779881673307,0.05785443954673666,0.08013818879046918,0.042977720270159996,0.9437925481696953,0.9736666666666667,0.07366666666666666,0.4634122343911037,0.24852572387809352,0.4804776933966203,0.2576778464115666,-0.8454265344667438,0.05860026572750549,0.1212722102931874,0.06385728026767445,0.09027157818354861,0.047533540077614775,0.9296324716609489,0.947,0.04699999999999993,0.41873725906374254,0.22049093065844227,0.4702252803261955,0.24760254177063076,-0.8351257920635762,0.06353296218431718,0.08871523524087359,0.06093337818949669,0.23823455718632516,0.088,2000.0,96.0,3.650077556457719,3.7645552120219694,0.9695906557035902,13.589361899999858,2.999995558639057e-07,9.519134299999678,31.16854400000011,DTLZ2,Selected + Bagging,16,50,3000.0,,
final_models,0.10734154178130859,0.05455276114050563,0.0771473319274215,0.03920696893419877,0.9438661292787982,0.9983333333333333,0.09833333333333333,0.09833333333333333,0.4979924107486623,0.25337792046299723,0.4991024078462243,0.2539298176726762,-0.86597298087207,0.05709468116122415,0.10496814364861741,0.054579164469056175,0.07539007597260791,0.03919977254830499,0.945524239376084,0.9996666666666667,0.09966666666666668,0.5122129000212798,0.2663298705845208,0.5122345349704874,0.2663411198779734,-0.8622962814366296,0.05627181701801802,0.10971493991399975,0.05452635781195509,0.07890458788223509,0.039214165320092545,0.9422080191815125,0.997,0.09699999999999998,0.4837719214760448,0.24042597034147362,0.4859702807219611,0.24151851546737907,-0.8696496803075104,0.05791754530443028,0.00884983951115935,0.011027449098251619,0.03441810426944163,0.763,2000.0,96.0,3.7323983908749137,3.7645552120219694,0.9914580025163782,12.771880000000237,4.000003173132427e-07,9.675286199999391,32.31642819999979,DTLZ2,Selected + Bagging,17,50,3000.0,,
final_models,0.09673274018167233,0.049829293780082856,0.07138043139942973,0.0367831697761574,0.9540289974032278,0.9688333333333333,0.0688333333333333,0.0688333333333333,0.3999945845569109,0.20548798129717238,0.42256196258914464,0.21728156885351876,-0.9697320169266739,0.05237239475150607,0.1016372483210751,0.05402003014696506,0.0757788236792143,0.04027632002315709,0.9490268098727287,0.9583333333333334,0.05833333333333335,0.38789321348845013,0.20616460434126382,0.4213791803291745,0.22396234058577325,-0.9593242915578603,0.05441114390888428,0.09182823204226954,0.04563855741320066,0.06698203911964518,0.03329001952915771,0.9590311849337269,0.9793333333333333,0.07933333333333326,0.41209595562537166,0.20481135825308097,0.4237447448491148,0.21060079712126428,-0.9801397422954875,0.05033364559412785,0.02787536850297138,0.022334869940099585,0.0720280216053266,0.1785,2000.0,96.0,3.726388271852233,3.7645552120219694,0.9898615007560942,16.055826900000284,3.9999940781854093e-07,9.493446200000108,33.366285699999935,DTLZ2,Selected + Bagging,18,50,3000.0,,
final_models,0.09762781228825722,0.05145178277076104,0.07153960664773333,0.03770199179915221,0.9523305322608187,0.9906666666666667,0.09066666666666667,0.09066666666666667,0.43698255640755856,0.23008495013152164,0.44150254252303994,0.23248376110156038,-0.9703478163571903,0.05232782725125183,0.1073133783043547,0.057001896644094954,0.07846518049646935,0.04167853234603186,0.9428045102112848,0.9826666666666667,0.08266666666666667,0.4340274123354875,0.2305433496696422,0.4426160643018375,0.235105403902149,-0.9316765041779982,0.055993083371216064,0.08794224627215974,0.04590166889742712,0.06461403279899731,0.03372545125227255,0.9618565543103524,0.9986666666666667,0.09866666666666668,0.43993770047962966,0.22962655059340106,0.4403890207442424,0.22986211830097178,-1.0090191285363823,0.0486625711312876,0.03160227545405631,0.026360365054154556,0.12018330083382599,0.2845,2000.0,96.0,3.720403133927346,3.7645552120219694,0.9882716348654912,13.518236800000523,8.000006346264854e-07,9.490475599999627,31.02004079999915,DTLZ2,Selected + Bagging,19,50,3000.0,,
final_models,0.11234113198219262,0.059982344521987835,0.08403176794483663,0.04486784880137881,0.9367676664660491,0.8578333333333333,0.09216666666666662,0.09216666666666662,0.32599899973886864,0.1733824706921946,0.5142823568385368,0.2749243789264211,-0.8177960929263837,0.060948879342307555,0.12373227089787471,0.06691081622658956,0.09264883363534333,0.05010179669375815,0.9236099596849535,0.7656666666666667,0.1343333333333333,0.2699499536724208,0.1459810897309084,0.6102260985729497,0.32999253987655286,-0.7135284821658673,0.0673962606252367,0.10094999306651053,0.053053872817386105,0.07541470225432993,0.039633900908999466,0.9499253732471449,0.95,0.04999999999999993,0.3820480458053165,0.20078385165348075,0.41833861510412407,0.21985621797628935,-0.9220637036869,0.054501498059378414,0.09162762597600566,0.08435486855365587,0.228269835245141,0.0,2000.0,96.0,3.532188546263753,3.7645552120219694,0.9382751340670737,14.528747600000315,11.675639800000681,8.833472100000108,37.38341800000035,DTLZ2,Selected + Bagging + Split CP,0,50,3000.0,,
final_models,0.1039901177422403,0.0554434568158791,0.07499559513732701,0.03999023093400633,0.9462728334996773,0.9388333333333334,0.039500000000000035,0.039500000000000035,0.35471668585776517,0.18951574142984684,0.4129984227352742,0.22031480750263815,-0.8638501053944239,0.056644464059212196,0.09277797819368065,0.05022906056534736,0.06765242650537404,0.0366263405873895,0.9576511646659022,0.9783333333333334,0.07833333333333337,0.36960703854877686,0.2001015185509798,0.3846546682421559,0.2082481533230354,-0.8601999776798751,0.05366663540622084,0.11520225729079996,0.06065785306641084,0.08233876376927997,0.04335412128062317,0.9348945023334524,0.8993333333333333,0.0006666666666667043,0.3398263331667534,0.17892996430871386,0.44134217722839253,0.2323814616822409,-0.8675002331089727,0.05962229271220355,0.05500553357899424,0.04695280541480697,0.10173039949917324,0.0,2000.0,96.0,3.6703871339695238,3.7645552120219694,0.9749856031457054,14.9228935000001,12.722393899999588,9.75425820000055,46.91382969999995,DTLZ2,Selected + Bagging + Split CP,1,50,3000.0,,
final_models,0.1166064163226149,0.060397935506730296,0.08718696123831009,0.045137363964786306,0.9293453250299264,0.9305,0.0668333333333333,0.0668333333333333,0.578912064531677,0.2975428530721832,0.6479323520974578,0.33417453756865473,-0.7891506725182089,0.06330606268784249,0.09358895162586849,0.049727091407773545,0.06797521181305666,0.03611761337816213,0.9562798670966174,0.8636666666666667,0.03633333333333333,0.25752241167566364,0.13683068655516825,0.39187217686681963,0.2082154273628312,-0.9596183448869009,0.051155842833283796,0.13962388101936132,0.07106877960568704,0.10639871066356352,0.05415711455141048,0.9024107829632355,0.9973333333333333,0.09733333333333327,0.9003017173876903,0.4582550195891982,0.9039925273280959,0.46013364777447824,-0.618683000149517,0.07545628254240118,0.06801984301796275,0.09991150919367665,0.2612255236175117,0.0,2000.0,96.0,3.361646088703103,3.7645552120219694,0.8929729807035147,17.192417000000205,14.05860340000072,8.863551299999926,43.04668740000034,DTLZ2,Selected + Bagging + Split CP,2,50,3000.0,,
final_models,0.11679312785176166,0.060798119457678726,0.08415690333858522,0.043833219455716874,0.9327429519584367,0.8045,0.09550000000000003,0.09550000000000003,0.2607193458734822,0.13587380056497655,0.46149895553270504,0.2392443160666727,-0.8683656090179643,0.05987703901616756,0.12408964699171769,0.06275568706938445,0.0878791022995156,0.044442977940092894,0.9239766243961878,0.7753333333333333,0.1246666666666667,0.26733172673688727,0.1351973077007628,0.553198805099512,0.27976847337070354,-0.8135061711042296,0.06339857131285973,0.10949660871180561,0.058840551845973005,0.08043470437765483,0.04322346097134086,0.9415092795206856,0.8336666666666667,0.06633333333333336,0.2541069650100772,0.13655029342919034,0.369799105965898,0.19872015876264187,-0.9232250469316992,0.056355506719475396,0.035027194092574924,0.03794717408634207,0.16865405792313098,0.1695,2000.0,96.0,3.7017962954946046,3.7645552120219694,0.9833289955934422,13.105089399999997,11.622130099999595,8.764329399999951,36.39867349999986,DTLZ2,Selected + Bagging + Split CP,3,50,3000.0,,
final_models,0.12294819402819966,0.0617246480293791,0.09052655701951833,0.04544888352172873,0.9250225416096651,0.7651666666666667,0.13483333333333336,0.13483333333333336,0.2778047880544069,0.1395868658854102,0.6240978569653968,0.3131117071166811,-0.7027379266788978,0.06701579107665423,0.12315777913341872,0.06135494252285865,0.09038971284546443,0.04503049401599925,0.9243777880436058,0.713,0.18700000000000006,0.24764138792575033,0.12337038901948236,0.6792788132867151,0.33840422293627576,-0.6833257709726208,0.0676270754392174,0.12273860892298061,0.06209435353589955,0.09066340119357222,0.045867273027458216,0.9256672951757245,0.8173333333333334,0.08266666666666667,0.3079681881830635,0.15580334275133806,0.5689169006440785,0.28781919129708655,-0.7221500823851748,0.06640450671409107,0.1966534883738894,0.14995745760282247,0.40993571160901177,0.0,2000.0,96.0,3.472814879295652,3.7645552120219694,0.9225033725642865,18.459045499999775,14.737871499999528,8.8387601000004,44.885553099999925,DTLZ2,Selected + Bagging + Split CP,4,50,3000.0,,
final_models,0.10645958453325549,0.05494156687550672,0.07810365518335534,0.040313320244438976,0.9433084266677564,0.8381666666666667,0.06183333333333335,0.06183333333333335,0.27906608994453463,0.14374381578801593,0.4496366808091805,0.23212134195968398,-0.9082487477824588,0.05649836484978754,0.1030283049596781,0.052138601827322134,0.07500354393921949,0.03795636465741621,0.9470440450290962,0.8683333333333333,0.03166666666666673,0.29854675967534117,0.1510828566542155,0.4275974295171472,0.2163903611605204,-0.9379108604836637,0.054729556217451875,0.10989086410683288,0.05774453192369131,0.08120376642749119,0.04267027583146174,0.9395728083064165,0.808,0.09199999999999997,0.25958542021372816,0.13640477492181638,0.4716759321012139,0.24785232275884758,-0.8785866350812538,0.0582671734821232,0.04762887336909873,0.0366169386954436,0.14751857157251655,0.013,2000.0,96.0,3.7002535020088305,3.7645552120219694,0.98291917467201,15.549869200000103,13.929734299999836,8.827203299999383,42.1757220999998,DTLZ2,Selected + Bagging + Split CP,5,50,3000.0,,
final_models,0.10299302172981517,0.055451367713159616,0.07455194321902207,0.04014006240296123,0.9465104618405223,0.9231666666666667,0.07050000000000001,0.07050000000000001,0.45487089115961765,0.2450711642516561,0.5320147529233132,0.2865381055949665,-0.9405633920880023,0.05442530286872098,0.10752297189818362,0.05798096000155228,0.07936215050777311,0.042795447270427396,0.9417745877878944,0.9936666666666667,0.09366666666666668,0.6664838064425275,0.35939641772196307,0.6707703146015593,0.3617078852505066,-0.9068802391601203,0.057044830180508814,0.09846307156144671,0.052921775424766955,0.06974173593027104,0.037484677535495066,0.9512463358931503,0.8526666666666667,0.04733333333333334,0.24325797587670783,0.13074591078134915,0.39325919124506725,0.21136832593942634,-0.9742465450158845,0.05180577555693314,0.08513340759454784,0.05656281051980228,0.3016985563382327,0.0,2000.0,96.0,3.638426285363477,3.7645552120219694,0.9664956629519814,14.602522000000135,13.31330590000016,8.85189840000021,40.27498960000048,DTLZ2,Selected + Bagging + Split CP,6,50,3000.0,,
final_models,0.10229955898233808,0.052144497571638644,0.0743243319094535,0.037887417415083724,0.9478926812289465,0.748,0.15200000000000002,0.15200000000000002,0.20600195210122035,0.10505730606198294,0.44101348679510893,0.2247334751430196,-0.9724297167043958,0.053530070632661644,0.09421762975972055,0.04696793119709904,0.06820699862832742,0.0340015093449684,0.9557903346899629,0.7446666666666667,0.15533333333333332,0.18460550576231696,0.09202671214890783,0.4120870716158533,0.20542734174301977,-1.0382649514671725,0.04963980389409979,0.11038148820495564,0.057321063946178245,0.08044166519057958,0.041773325485199055,0.9399950277679302,0.7513333333333333,0.14866666666666672,0.22739839844012372,0.11808789997505804,0.4699399019743646,0.24403960854301943,-0.9065944819416191,0.0574203373712235,0.02769532280348237,0.02665521663391724,0.08177080927519301,0.0715,2000.0,96.0,3.7002722159166934,3.7645552120219694,0.9829241457527377,12.39752529999987,11.48869520000062,9.499505200000385,41.21070510000027,DTLZ2,Selected + Bagging + Split CP,7,50,3000.0,,
final_models,0.11276967193366114,0.05706000319467551,0.08058120606050517,0.040772994779347684,0.93614471189739,0.992,0.09199999999999997,0.09199999999999997,0.5322791767710272,0.2693251308350375,0.5389458554566494,0.2726984234323362,-0.8473419704436383,0.0596734799670028,0.09403636353397482,0.04757847304303684,0.06956788543834147,0.035198444916400284,0.9558884808908628,0.9936666666666667,0.09366666666666668,0.49570657207280133,0.2508068250438126,0.49969380885358117,0.25282420035014286,-0.8737566882642679,0.053962380645875586,0.13150298033334745,0.06654153334631417,0.09159452668266886,0.04634754464229508,0.9164009429039173,0.9903333333333333,0.09033333333333327,0.5688517814692531,0.2878434366262624,0.5781979020597177,0.2925726465145296,-0.8209272526230088,0.06538457928813,0.10063836860187936,0.11847499805201189,0.3310830866128191,0.059,2000.0,96.0,3.4037504091476354,3.7645552120219694,0.9041573884417948,13.573266899999908,12.671605200000158,8.956076999999823,38.22131780000018,DTLZ2,Selected + Bagging + Split CP,8,50,3000.0,,
final_models,0.11214443484699446,0.05833026627780803,0.08063180971754894,0.04195613755357999,0.9394006698494983,0.8845000000000001,0.09916666666666668,0.09916666666666668,0.3738250101838173,0.19356850264057684,0.4924502800937107,0.2561612582205592,-0.9219753511408626,0.0578412979457449,0.10109155545729596,0.05340927861357775,0.07492417264360998,0.03958437471371956,0.9521713009360576,0.7853333333333333,0.1146666666666667,0.22015410012468037,0.11631309478117174,0.44666976208489584,0.23598716691554214,-0.9657884869359964,0.05356462256748637,0.12319731423669297,0.06325125394203832,0.08633944679148789,0.04432790039344042,0.9266300387629391,0.9836666666666667,0.08366666666666667,0.5274959202429542,0.27082391049998195,0.5382307981025256,0.27633534952557626,-0.8781622153457289,0.06211797332400343,0.05867010864884833,0.05108157162517348,0.1352367366702873,0.118,2000.0,96.0,3.6451199698564096,3.7645552120219694,0.9682737440574345,13.790257399999973,11.570313900000656,8.839219999999841,37.622347499999705,DTLZ2,Selected + Bagging + Split CP,9,50,3000.0,,
final_models,0.1045082986900657,0.05502223513468031,0.0763664855418475,0.040212458785269176,0.9459658581970471,0.867,0.07966666666666666,0.07966666666666666,0.3244346234412197,0.17021934533471716,0.456674691096576,0.24042809167855048,-0.9262293965612972,0.05564390939954926,0.1068917390411433,0.05551430767519522,0.0772158832855255,0.04010212894445185,0.9443301504213413,0.9466666666666667,0.046666666666666634,0.4127903079789309,0.21438296699112117,0.4677860413417202,0.24294504381868354,-0.9091140755937909,0.05651565250334965,0.10212485833898811,0.054530162594165404,0.07551708779816947,0.04032278862608651,0.9476015659727531,0.7873333333333333,0.11266666666666669,0.23607893890350848,0.12605572367831314,0.44556334085143173,0.23791113953841742,-0.9433447175288036,0.05477216629574887,0.10152308137671946,0.1175934927811091,0.31864450520030063,0.0,2000.0,96.0,3.615852978059859,3.7645552120219694,0.9604993882177114,16.811532900000202,13.165561499999967,8.918414100000518,42.30618030000005,DTLZ2,Selected + Bagging + Split CP,10,50,3000.0,,
final_models,0.11012473870204745,0.054791296802988596,0.07724742579735913,0.038438708959678644,0.9398451350554324,0.9718333333333333,0.0718333333333333,0.0718333333333333,0.5317972891419349,0.266222162180783,0.555769531076189,0.2779764867113733,-1.003125028695946,0.05501401725304832,0.10146146537068178,0.05133719262872141,0.07182767209605677,0.03634316757594772,0.9484084440749644,1.0,0.09999999999999998,0.698638315885117,0.3534950896812458,0.698638315885117,0.3534950896812458,-1.0157445851289058,0.052055553091638465,0.11878801203341312,0.05824540097725577,0.08266717949866148,0.040534250343409566,0.9312818260359006,0.9436666666666667,0.04366666666666663,0.3649562623987529,0.17894923468032012,0.41290074626726087,0.2024578837415008,-0.9905054722629866,0.05797248141445816,0.03790160491042769,0.03088358020568117,0.0983474438946898,0.109,2000.0,96.0,3.698135978146537,3.7645552120219694,0.9823566848842308,11.311400999999933,10.48496940000041,9.5117123,39.23759880000034,DTLZ2,Selected + Bagging + Split CP,11,50,3000.0,,
final_models,0.10380550876052977,0.05427947178756275,0.07557701388466007,0.039521124744233055,0.947214679824963,0.7038333333333333,0.21716666666666667,0.21716666666666667,0.23896943539315932,0.12483156424157556,0.5789167401872852,0.30291114983684614,-0.9577353981159631,0.05465394267632037,0.09563260878968795,0.050121356620364876,0.07160688289524153,0.03752939671402242,0.9554076068221713,0.4866666666666667,0.41333333333333333,0.10885656031174529,0.05705207197526088,0.710226608039737,0.37223204044466307,-0.9844156994616131,0.05189577573535901,0.11197840873137158,0.058437586954760624,0.07954714487407859,0.04151285277444369,0.9390217528277546,0.921,0.02100000000000002,0.36908231047457335,0.19261105650789023,0.4476068723348335,0.23359025922902918,-0.931055096770313,0.05741210961728174,0.05893083923336465,0.04829790626147897,0.1461258425036588,0.027,2000.0,96.0,3.6690239188557117,3.7645552120219694,0.9746234846384623,13.734556000000339,13.416370599999937,9.710041999999703,45.03478069999983,DTLZ2,Selected + Bagging + Split CP,12,50,3000.0,,
final_models,0.08885294238642837,0.04700603144450749,0.0637644576229984,0.03372669304910876,0.9612362963268031,0.9333333333333333,0.033333333333333326,0.033333333333333326,0.3101620930020646,0.1644574870533096,0.3616122554311767,0.19144856729176934,-0.9355713778871872,0.050474255406529264,0.08846733289357343,0.047589725124861426,0.0627283285783324,0.03374379917360078,0.9615021750673811,0.9633333333333334,0.06333333333333335,0.35076370500900006,0.18868827350359638,0.3763071416605959,0.20242899665228828,-0.9839043661692728,0.04926282538079301,0.0892385518792833,0.04642233776415355,0.0648005866676644,0.03370958692461675,0.9609704175862251,0.9033333333333333,0.0033333333333332993,0.26956048099512914,0.1402267006030228,0.34691736920175753,0.18046813793125044,-0.8872383896051018,0.05168568543226552,0.0423873786612848,0.03239692585377058,0.11461497432052653,0.047,2000.0,96.0,3.6654367994196932,3.7645552120219694,0.9736706179028218,14.363555500000075,12.920473900000616,8.707102200000008,38.856588399999964,DTLZ2,Selected + Bagging + Split CP,13,50,3000.0,,
final_models,0.10153269804518789,0.05311679768913369,0.07371075305248798,0.03856017873287136,0.9493502509316568,0.8136666666666666,0.18333333333333335,0.18333333333333335,0.345868428486193,0.18174374026244228,0.5677506803139776,0.29714441938350095,-0.9242332117794931,0.05482613889775837,0.1180252832651905,0.06138304763199784,0.08611503074738289,0.044787039589817924,0.9342831123620865,0.6303333333333333,0.2696666666666667,0.18273158118772184,0.09503575032066335,0.6255956320758347,0.3253622056199415,-0.8742244302042381,0.06068433592937428,0.08504011282518527,0.04485054774626953,0.061306475357593065,0.03233331787592479,0.9644173895012271,0.997,0.09699999999999998,0.5090052757846641,0.2684517302042212,0.5099057285521204,0.2689266331470604,-0.9742419933547481,0.048967941866142464,0.0567643790878688,0.05019893769767772,0.1451928697696108,0.053,2000.0,96.0,3.611146201297437,3.7645552120219694,0.9592491006014242,14.894653100000141,11.773951699999998,9.495269000000008,44.21128769999996,DTLZ2,Selected + Bagging + Split CP,14,50,3000.0,,
final_models,0.10766647578895325,0.05497769944057037,0.07879536678588249,0.040242239346410406,0.9422891879014059,0.6911666666666667,0.20883333333333337,0.20883333333333337,0.1978881094840936,0.10178143158074975,0.5424050774696978,0.27542384080863425,-0.9348283917496965,0.05648077847405049,0.11511056595159079,0.06087932482090148,0.0845996525530848,0.044742806057270365,0.9338871799992519,0.7863333333333333,0.1136666666666667,0.2490084307318072,0.13169481891036725,0.5011268273707121,0.26503442709854724,-0.8989255722875861,0.059820938862614886,0.1002223856263157,0.04907607406023926,0.07299108101868018,0.03574167263555045,0.9506911958035601,0.596,0.30400000000000005,0.14676778823638,0.07186804425113225,0.5836833275686836,0.2858132545187213,-0.9707312112118068,0.053140618085486084,0.04377963779623528,0.035392456336702065,0.09970573389531716,0.007,2000.0,96.0,3.6118326231126465,3.7645552120219694,0.9594314386935889,15.02795789999982,14.684027700000115,9.48047200000019,46.96620200000052,DTLZ2,Selected + Bagging + Split CP,15,50,3000.0,,
final_models,0.11457917369887752,0.06085803657895085,0.08520792584587189,0.0452572574054802,0.9367081612191185,0.9895,0.08949999999999997,0.08949999999999997,0.642291022197077,0.3418677482396113,0.649454281616966,0.3456419056835184,-0.8402495165545174,0.06106853558721834,0.10788440168795803,0.057857879086606834,0.08014337545516362,0.04298050185316976,0.9437858647234495,0.999,0.09899999999999998,0.7524463930763331,0.40353333520524365,0.752910891965482,0.4037824436967749,-0.8453965112357299,0.05860313479769612,0.12127394570979702,0.06385819407129487,0.09027247623658015,0.04753401295779063,0.9296304577147875,0.98,0.07999999999999996,0.532135651317821,0.28020216127397896,0.54599767126845,0.2875013676702619,-0.8351025218733049,0.06353393637674055,0.08222339532212052,0.07992291017377232,0.2658899323140738,0.0,2000.0,96.0,3.3184702055611277,3.7645552120219694,0.8815039277317099,13.771169100000407,10.942689399999836,9.630698899999516,42.02520839999943,DTLZ2,Selected + Bagging + Split CP,16,50,3000.0,,
final_models,0.10745246605483587,0.05461529553357894,0.07726339120073294,0.03926832896074839,0.9437528255638157,0.9903333333333333,0.09033333333333332,0.09033333333333332,0.4201012835681114,0.2134248236025031,0.4260036705633965,0.21642224555000822,-0.8820352891680407,0.056700033241432884,0.10561286989921673,0.05491439589114146,0.07571044928022078,0.03936635363509863,0.9448529916397462,0.991,0.09099999999999997,0.4040534524600842,0.21009135790694128,0.40962778775410486,0.21298978548927974,-0.8808380519946019,0.05589151047982799,0.10929206221045501,0.05431619517601643,0.07881633312124513,0.039170304286398144,0.9426526594878851,0.9896666666666667,0.08966666666666667,0.4361491146761386,0.21675828929806493,0.4423795533726881,0.21985470561073667,-0.8832325263414798,0.05750855600303779,0.008158673585645293,0.012543684415616135,0.0920765739335281,0.714,2000.0,96.0,3.6434196269589414,3.7645552120219694,0.9678220723985788,12.18597310000041,10.08068060000005,9.582575399999769,39.64137750000009,DTLZ2,Selected + Bagging + Split CP,17,50,3000.0,,
final_models,0.10060457504263151,0.05184566635094729,0.07461795835918883,0.03847200933496184,0.9501942575616232,0.7618333333333334,0.13816666666666666,0.13816666666666666,0.21244719571566545,0.10911356173778292,0.4693345632891144,0.24237859386715221,-0.9355744147305554,0.05438057356037378,0.10697498787209118,0.05685702993026937,0.08040451712532815,0.042734868474019416,0.9435322466524794,0.7236666666666667,0.17633333333333334,0.2044963772135155,0.10868948780590515,0.5286907898650242,0.28099828437611596,-0.9130420304433328,0.057180952558667265,0.09423416221317185,0.04683430277162521,0.06883139959304953,0.034209150195904266,0.9568562684707671,0.8,0.09999999999999998,0.2203980142178154,0.1095376356696607,0.40997833671320466,0.20375890335818844,-0.9581067990177778,0.05158019456208029,0.055256686027840195,0.04296788084544198,0.11591070711053199,0.087,2000.0,96.0,3.6832400620781787,3.7645552120219694,0.978399798816845,16.06587859999945,12.627704999999878,9.510998999999174,46.16046030000052,DTLZ2,Selected + Bagging + Split CP,18,50,3000.0,,
final_models,0.09649874114289425,0.050857086902000845,0.07106097852539853,0.03744932611771049,0.9534193469411947,0.7931666666666666,0.19916666666666666,0.19916666666666666,0.30045326751371004,0.1589824228041841,0.47631212474985085,0.2507894297840843,-0.9901596812028309,0.051592339520672686,0.10614754238468119,0.056382636868219406,0.07784812999138736,0.04135077219468228,0.9440404857041549,0.9923333333333333,0.09233333333333327,0.4685758214945904,0.24889450848340938,0.4722742565578045,0.2508590148343353,-0.9477665895984073,0.055344823293887305,0.0868499399011073,0.045331536935782284,0.0642738270594097,0.033547880040738706,0.9627982081782346,0.594,0.30600000000000005,0.13233071353282963,0.06907033712495879,0.4803499929418973,0.2507198447338333,-1.0325527728072545,0.047839855747458075,0.01555334777974253,0.015371149992127988,0.06847331870226729,0.626,2000.0,96.0,3.702567023207598,3.7645552120219694,0.9835337283359803,12.465215300000636,10.886576900000364,9.6238158999995,40.93535449999945,DTLZ2,Selected + Bagging + Split CP,19,50,3000.0,,
final_models,0.11234113198219262,0.059982344521987835,0.08403176794483663,0.04486784880137881,0.9367676664660491,0.9731666666666667,0.07316666666666666,0.07316666666666666,0.5218022107393857,0.27906992746752746,0.5414229088742948,0.28948481891897637,-0.8177960929263837,0.060948879342307555,0.12373227089787471,0.06691081622658956,0.09264883363534333,0.05010179669375815,0.9236099596849535,0.986,0.08599999999999997,0.6356475221215544,0.3437397069408583,0.649218814284895,0.3510786673374402,-0.7135284821658673,0.0673962606252367,0.10094999306651053,0.053053872817386105,0.07541470225432993,0.039633900908999466,0.9499253732471449,0.9603333333333334,0.06033333333333335,0.40795689935721696,0.21440014799419654,0.4336270034636945,0.2278909705005125,-0.9220637036869,0.054501498059378414,0.1045414175204988,0.08409349691727852,0.2527494717144474,0.0,2000.0,96.0,3.5441961828904285,3.7645552120219694,0.9414647902018347,15.430222399999366,35.613372300000265,8.75306140000066,62.11589090000052,DTLZ2,Selected + Bagging + CV+,0,50,3000.0,,
final_models,0.10462875456230691,0.055782984160908156,0.07604516021939808,0.04054905963064216,0.9455965497669794,0.9691666666666667,0.06916666666666665,0.06916666666666665,0.4269245858968323,0.22815744925723577,0.45293492102227323,0.24188923870216136,-0.8588161759992492,0.057094773078141516,0.09321733699058488,0.05046692498155129,0.0684867457512717,0.03707803260255224,0.9572491212128745,0.995,0.09499999999999997,0.4533188375551407,0.24542224125035883,0.45822925459573216,0.24808069145303616,-0.8546286813266049,0.0540619605077558,0.11604017213402894,0.06109904334026502,0.08360357468752445,0.044020086658732076,0.9339439783210843,0.9433333333333334,0.043333333333333335,0.4005303342385239,0.21089265726411272,0.4476405874488143,0.23569778595128657,-0.8630036706718937,0.06012758564852723,0.06079014806199834,0.047175432164819585,0.13607804531130835,0.0215,2000.0,96.0,3.683859711770946,3.7645552120219694,0.9785643998541173,14.152609399999164,35.719868099999985,9.543485499999406,67.16343060000054,DTLZ2,Selected + Bagging + CV+,1,50,3000.0,,
final_models,0.11660540455659296,0.06039742051620073,0.08718613195024259,0.045136941855828526,0.9293467393544343,0.982,0.08199999999999996,0.08199999999999996,0.5475285112119183,0.2834342843772125,0.5687610026053677,0.29447104429312565,-0.7891583901563248,0.0633054953142645,0.09358895162586849,0.049727091407773545,0.06797521181305666,0.03611761337816213,0.9562798670966174,0.979,0.07899999999999996,0.4246000279671276,0.22560488215393684,0.44514209753726874,0.2365196039610877,-0.9596183448869009,0.051155842833283796,0.13962185748731745,0.07106774962462792,0.10639705208742853,0.05415627033349492,0.9024136116122513,0.985,0.08499999999999996,0.6704569944567089,0.3412636866004882,0.6923799076734666,0.35242248462516357,-0.6186984354257489,0.07545514779524522,0.08070508865130388,0.1140415629350378,0.26261467633631125,0.0,2000.0,96.0,3.342033564917828,3.7645552120219694,0.887763195568039,16.456757500000094,39.46973419999995,8.963838900000155,67.80198930000006,DTLZ2,Selected + Bagging + CV+,2,50,3000.0,,
final_models,0.11679312785176166,0.060798119457678726,0.08415690333858522,0.043833219455716874,0.9327429519584367,0.9115,0.0595,0.0595,0.34179123544541806,0.17844201978056434,0.4322957660936302,0.22445392136460157,-0.8683656090179643,0.05987703901616756,0.12408964699171769,0.06275568706938445,0.0878791022995156,0.044442977940092894,0.9239766243961878,0.852,0.04800000000000004,0.33038491311492296,0.1670851092135811,0.4961516283713757,0.25091808288501105,-0.8135061711042296,0.06339857131285973,0.10949660871180561,0.058840551845973005,0.08043470437765483,0.04322346097134086,0.9415092795206856,0.971,0.07099999999999995,0.35319755777591316,0.18979893034754758,0.3684399038158846,0.1979897598441921,-0.9232250469316992,0.056355506719475396,0.047495717992550056,0.04214019555637629,0.1478582273754224,0.1665,2000.0,96.0,3.6839318891498802,3.7645552120219694,0.97858357273773,13.212534900000719,37.957457700000305,8.763730200000282,62.88673919999928,DTLZ2,Selected + Bagging + CV+,3,50,3000.0,,
final_models,0.12301435333306071,0.06175761783043214,0.09055618302529624,0.04546365006039316,0.9249412752542089,0.9246666666666666,0.024666666666666615,0.024666666666666615,0.4593035575379525,0.23039677588468743,0.5513635656435725,0.2767198405787256,-0.7021124849601212,0.06704938989865977,0.12328739219069196,0.06141951336633413,0.09044704735349565,0.0450590570143708,0.9242185324310714,0.9476666666666667,0.047666666666666635,0.5095318933306449,0.2538394265375485,0.5744487201220867,0.28617979678927635,-0.6821004524049411,0.06769273348425012,0.12274131447542948,0.06209572229453014,0.09066531869709682,0.045868243106415504,0.9256640180773463,0.9016666666666666,0.0016666666666665941,0.4090752217452602,0.20695412523182635,0.5282784111650582,0.2672598843681749,-0.7221245175153013,0.06640604631306941,0.21746028173833623,0.22941801002841258,0.49601582004682154,0.0,2000.0,67.0,3.3248123777094345,3.7645552120219694,0.8831886346336174,18.376875900000414,42.13963839999997,8.944547899999634,72.10258030000023,DTLZ2,Selected + Bagging + CV+,4,50,3000.0,,
final_models,0.10645958453325549,0.05494156687550672,0.07810365518335534,0.040313320244438976,0.9433084266677564,0.9121666666666667,0.012166666666666659,0.012166666666666659,0.3540780066477323,0.18267734236761707,0.4338751673300111,0.2238717677512648,-0.9082487477824588,0.05649836484978754,0.1030283049596781,0.052138601827322134,0.07500354393921949,0.03795636465741621,0.9470440450290962,0.9093333333333333,0.009333333333333305,0.34832427868790145,0.17627331518659226,0.4242328873063339,0.21468769773487764,-0.9379108604836637,0.054729556217451875,0.10989086410683288,0.05774453192369131,0.08120376642749119,0.04267027583146174,0.9395728083064165,0.915,0.015000000000000013,0.3598317346075632,0.18908136954864185,0.44351744735368825,0.23305583776765196,-0.8785866350812538,0.0582671734821232,0.05130643736219531,0.04576306699375989,0.1312542898182359,0.007,2000.0,96.0,3.6685615683912216,3.7645552120219694,0.9745006678809836,15.78942619999998,43.07237210000039,8.940118499999699,71.55802969999968,DTLZ2,Selected + Bagging + CV+,5,50,3000.0,,
final_models,0.10299302172981517,0.055451367713159616,0.07455194321902207,0.04014006240296123,0.9465104618405223,0.9786666666666666,0.07866666666666661,0.07866666666666661,0.5040030728177274,0.27145302409298566,0.518521832557818,0.27926182923803156,-0.9405633920880023,0.05442530286872098,0.10752297189818362,0.05798096000155228,0.07936215050777311,0.042795447270427396,0.9417745877878944,0.9923333333333333,0.09233333333333327,0.6374300746914494,0.3437294097438889,0.643421952157058,0.34696048494144416,-0.9068802391601203,0.057044830180508814,0.09846307156144671,0.052921775424766955,0.06974173593027104,0.037484677535495066,0.9512463358931503,0.965,0.06499999999999995,0.37057607094400546,0.19917663844208247,0.3936217129585782,0.21156317353461895,-0.9742465450158845,0.05180577555693314,0.08389447329949117,0.0626307954870586,0.20236571510830204,0.0,2000.0,96.0,3.5783131211420898,3.7645552120219694,0.9505274646295336,14.72880939999959,40.25350879999951,8.907330500000171,67.35657739999988,DTLZ2,Selected + Bagging + CV+,6,50,3000.0,,
final_models,0.10253592146294235,0.05227317978889402,0.074032825981838,0.03774069099849228,0.9475897143517313,0.8803333333333334,0.07833333333333331,0.07833333333333331,0.29375421229555587,0.14911404231999376,0.39746637886971214,0.20267100478540662,-0.9838666682854411,0.05329378373586942,0.09364640610262331,0.046683173519654605,0.06775953356196054,0.033778445906588316,0.9563247793123284,0.9586666666666667,0.058666666666666645,0.3301197891658914,0.16456626624853884,0.3590427628165428,0.17898450453264458,-1.0434337347925038,0.049331455732325794,0.11142543682326139,0.057863186058133446,0.08030611840171545,0.041702936090396256,0.9388546493911343,0.802,0.09799999999999998,0.2573886354252203,0.13366181839144864,0.43588999492288144,0.22635750503816865,-0.9242996017783784,0.05725611173941305,0.023231683045315338,0.022448291079400527,0.07242739759398747,0.3385,2000.0,96.0,3.695861791504927,3.7645552120219694,0.9817525798801797,13.090465199999926,34.40402409999933,9.508165700000063,64.49827610000011,DTLZ2,Selected + Bagging + CV+,7,50,3000.0,,
final_models,0.11276967193366114,0.05706000319467551,0.08058120606050517,0.040772994779347684,0.93614471189739,0.9941666666666666,0.09416666666666662,0.09416666666666662,0.5560535160129632,0.2813546949326753,0.560619535701347,0.2836650571296614,-0.8473419704436383,0.0596734799670028,0.09403636353397482,0.04757847304303684,0.06956788543834147,0.035198444916400284,0.9558884808908628,0.995,0.09499999999999997,0.5133399547673,0.25972858032717844,0.5165430057957343,0.26134919038997373,-0.8737566882642679,0.053962380645875586,0.13150298033334745,0.06654153334631417,0.09159452668266886,0.04634754464229508,0.9164009429039173,0.9933333333333333,0.09333333333333327,0.5987670772586262,0.3029808095381722,0.6046960656069598,0.30598092386934905,-0.8209272526230088,0.06538457928813,0.11657801122347827,0.13989860970322485,0.3436072702456326,0.032,2000.0,96.0,3.410192975564315,3.7645552120219694,0.9058687636385522,13.688615099999879,37.56199749999996,8.81352919999972,62.924147800000355,DTLZ2,Selected + Bagging + CV+,8,50,3000.0,,
final_models,0.11214443484699446,0.05833026627780803,0.08063180971754894,0.04195613755357999,0.9394006698494983,0.9591666666666667,0.059166666666666645,0.059166666666666645,0.4416786635904387,0.23030595344766314,0.47580428723476764,0.2479130947374903,-0.9219753511408626,0.0578412979457449,0.10109155545729596,0.05340927861357775,0.07492417264360998,0.03958437471371956,0.9521713009360576,0.9823333333333333,0.08233333333333326,0.47504574539475336,0.2509789314766347,0.4866555853884705,0.25711270967480904,-0.9657884869359964,0.05356462256748637,0.12319731423669297,0.06325125394203832,0.08633944679148789,0.04432790039344042,0.9266300387629391,0.936,0.03600000000000003,0.4083115817861241,0.20963297541869158,0.46495298908106475,0.23871347980017155,-0.8781622153457289,0.06211797332400343,0.07632835308488017,0.06124236665178738,0.1465603812288634,0.106,2000.0,96.0,3.6556952996669896,3.7645552120219694,0.9710829284670043,13.829706800000167,37.29707699999926,8.886103300000286,63.444836399999986,DTLZ2,Selected + Bagging + CV+,9,50,3000.0,,
final_models,0.1045082986900657,0.05502223513468031,0.0763664855418475,0.040212458785269176,0.9459658581970471,0.9758333333333333,0.07583333333333331,0.07583333333333331,0.4845786799279412,0.2554785262720058,0.504895612785401,0.26604377383839517,-0.9262293965612972,0.05564390939954926,0.1068917390411433,0.05551430767519522,0.0772158832855255,0.04010212894445185,0.9443301504213413,0.9583333333333334,0.05833333333333335,0.44711683730344065,0.2322104766512359,0.4858838535017401,0.2523441566174053,-0.9091140755937909,0.05651565250334965,0.10212485833898811,0.054530162594165404,0.07551708779816947,0.04032278862608651,0.9476015659727531,0.9933333333333333,0.09333333333333327,0.5220405225524417,0.2787465758927757,0.5239073720690618,0.27974339105938506,-0.9433447175288036,0.05477216629574887,0.12154024161758921,0.12833287329342716,0.3161099368366925,0.0,2000.0,96.0,3.5402897176962433,3.7645552120219694,0.940427093854147,17.361745500000325,41.302808399999776,8.866319900000235,70.98279199999979,DTLZ2,Selected + Bagging + CV+,10,50,3000.0,,
final_models,0.11002248414765368,0.05473856779459062,0.07730326253871522,0.038465970791862834,0.9399399467830916,0.9128333333333334,0.012833333333333308,0.012833333333333308,0.30946881144165017,0.1541699206967243,0.39610380379728927,0.19718521143085477,-1.0145141795851567,0.05480365210490509,0.10113034345317772,0.05116965247344775,0.07181276376019662,0.036335624297255356,0.9487446351464869,0.9246666666666666,0.024666666666666615,0.31033975071670494,0.1570248517965576,0.3787890984300052,0.19165866411170507,-1.0344904447822445,0.05164671580823848,0.11891462484212965,0.058307483115733486,0.08279376131723383,0.04059631728647031,0.9311352584196961,0.901,0.0010000000000000009,0.30859787216659545,0.15131498959689102,0.4134185091645734,0.20271175875000447,-0.9945379143880688,0.0579605884015717,0.029536975881743838,0.02540953956247751,0.06752521059879875,0.1385,2000.0,96.0,3.719574826905169,3.7645552120219694,0.988051607006813,11.763225099999545,32.48614850000013,9.431015000000116,61.266723800000364,DTLZ2,Selected + Bagging + CV+,11,50,3000.0,,
final_models,0.10294343241229423,0.053830626253630984,0.07468843779332873,0.039057860171688136,0.9482071700309675,0.9584999999999999,0.05849999999999994,0.05849999999999994,0.4080796820461301,0.2134237983965031,0.4392838995988859,0.22973199063632588,-0.9631874721726348,0.05423362549964951,0.09656339049179274,0.05060918229214489,0.0720107271498712,0.03774105278156621,0.9545353568695084,0.968,0.06799999999999995,0.4122420495397502,0.21605737875802816,0.4335161628168186,0.2272072096769664,-0.9651433467062185,0.05264228083606316,0.1093234743327957,0.05705207021511707,0.07736614843678628,0.04037466756181006,0.9418789831924266,0.949,0.04899999999999993,0.40391731455251,0.21079021803497805,0.4450516363809533,0.23225677159568536,-0.9612315976390511,0.055824970163235864,0.09708922551855892,0.07142479996121578,0.24282440552464657,0.0,2000.0,96.0,3.5845517324492535,3.7645552120219694,0.9521846620820347,14.643435099999806,38.452436800000214,9.596289699999943,70.49079859999983,DTLZ2,Selected + Bagging + CV+,12,50,3000.0,,
final_models,0.08885294238642837,0.04700603144450749,0.0637644576229984,0.03372669304910876,0.9612362963268031,0.9923333333333333,0.09233333333333327,0.09233333333333327,0.45689153275954897,0.24161588103431997,0.46237918758529895,0.24453525660432388,-0.9355713778871872,0.050474255406529264,0.08846733289357343,0.047589725124861426,0.0627283285783324,0.03374379917360078,0.9615021750673811,0.9893333333333333,0.08933333333333326,0.4442755632819958,0.23899162826258383,0.45157032667972485,0.24291574096717342,-0.9839043661692728,0.04926282538079301,0.0892385518792833,0.04642233776415355,0.0648005866676644,0.03370958692461675,0.9609704175862251,0.9953333333333333,0.09533333333333327,0.4695075022371022,0.24424013380605614,0.473188048490873,0.24615477224147433,-0.8872383896051018,0.05168568543226552,0.08139548064733404,0.06493609393685879,0.16112472757952975,0.0,2000.0,96.0,3.5395470466856223,3.7645552120219694,0.9402298139714534,14.458512299999711,39.53353749999951,8.809001999999964,65.65344099999948,DTLZ2,Selected + Bagging + CV+,13,50,3000.0,,
final_models,0.10314401859472566,0.053962078985050364,0.07513667439017482,0.03930724744441191,0.9478170205193318,0.9751666666666666,0.0751666666666666,0.0751666666666666,0.43600276701171614,0.2285083353215434,0.45458460845004556,0.23818025008833998,-0.9070516587357967,0.055786599345295146,0.11926466635275101,0.062027630800903115,0.08747248537872125,0.045493029865702264,0.9328956800845648,0.955,0.05499999999999994,0.3938227960930473,0.20482088907026422,0.4288559493641898,0.22304106746297184,-0.8501891782964061,0.0617171898957776,0.0870233708367003,0.045896527169197614,0.06280086340162838,0.03312146502312155,0.9627383609540988,0.9953333333333333,0.09533333333333327,0.4781827379303849,0.25219578157282263,0.4803132675359013,0.25331943271370816,-0.9639141391751874,0.0498560087948127,0.07652357467831805,0.06790453810717877,0.22073855379157706,0.011,2000.0,96.0,3.4273324714255953,3.7645552120219694,0.9104216244404183,14.142678899999737,41.09192189999976,9.481925400000364,72.37013350000052,DTLZ2,Selected + Bagging + CV+,14,50,3000.0,,
final_models,0.10692648139011679,0.054591504861248925,0.07797899612146542,0.03981957045577296,0.9431136223075509,0.8968333333333334,0.004833333333333301,0.004833333333333301,0.31048303637020414,0.15835042321483,0.4124301741355825,0.21057056338148916,-0.9331038763279531,0.0561577552122559,0.11389438931722211,0.06023611703409884,0.08343066310033753,0.04412455448307571,0.935276802504272,0.892,0.008000000000000007,0.3221841553836006,0.170395772843257,0.4394903075287866,0.23243629258963888,-0.9077734465690236,0.059090588372492966,0.09995857346301149,0.04894689268839901,0.07252732914259331,0.035514586428470205,0.9509504421108299,0.9016666666666666,0.0016666666666665941,0.2987819173568077,0.14630507358640304,0.38537004074237835,0.18870483417333941,-0.9584343060868825,0.053224922052018835,0.06250788961407268,0.047718676461441914,0.14664410406686387,0.0,2000.0,96.0,3.583572839246096,3.7645552120219694,0.951924633168119,14.829412500000217,47.89143130000048,9.505885399999897,79.73028410000006,DTLZ2,Selected + Bagging + CV+,15,50,3000.0,,
final_models,0.1170102091296271,0.06215580433050122,0.08694638601069751,0.04618619390330611,0.934066464958466,0.9691666666666667,0.06916666666666665,0.06916666666666665,0.5127574435783008,0.27284964088352526,0.5409280520204754,0.28771275603985264,-0.8215712229610959,0.06230835218774257,0.11151677197473327,0.05980590157699326,0.08292348895195684,0.04447146317869806,0.9399367816840197,0.988,0.08799999999999997,0.5858670703856729,0.31419765590619575,0.5919401669845944,0.31745462802824537,-0.8244206067943826,0.06036639918547731,0.12250364628452094,0.06450570708400918,0.09096928306943819,0.04790092462791417,0.9281961482329123,0.9503333333333334,0.05033333333333334,0.4396478167709286,0.2315016258608548,0.48991593705635644,0.2579708840514599,-0.8187218391278093,0.06425030519000782,0.11194320952826102,0.0885225460388871,0.21935216960781284,0.0,2000.0,96.0,3.3395483425490458,3.7645552120219694,0.887103031955391,13.470572899999752,35.69368470000063,9.504857300000367,66.15311870000005,DTLZ2,Selected + Bagging + CV+,16,50,3000.0,,
final_models,0.10864399896534956,0.05521093507415075,0.07740157193847877,0.03932955835662248,0.9424925410397835,0.969,0.06899999999999995,0.06899999999999995,0.37620456156571347,0.19141126062503444,0.39745627210731765,0.20210564567020095,-0.857551220546454,0.05761791756801529,0.10591482506827052,0.055071400295156045,0.07506250811986274,0.03902945059072516,0.9445372019296006,0.9823333333333333,0.08233333333333326,0.38684693170025447,0.20114466709344375,0.3983945255362791,0.20714894611840245,-0.8529316681170018,0.056671032736705824,0.1113731728624286,0.055350469853145456,0.07974063575709481,0.03962966612251981,0.9404478801499664,0.9556666666666667,0.05566666666666664,0.3655621914311724,0.1816778541566251,0.39651801867835623,0.19706234522199945,-0.8621707729759063,0.05856480239932476,0.012567341103700481,0.01536398561610874,0.10289658159814782,0.6375,2000.0,96.0,3.6292331465269383,3.7645552120219694,0.9640536377142646,12.869329799999832,33.2360048999999,9.484921500001292,63.127159100000426,DTLZ2,Selected + Bagging + CV+,17,50,3000.0,,
final_models,0.09922986960934493,0.05112427131464296,0.07348524481710772,0.03788171044931765,0.9515951958017528,0.9461666666666666,0.046166666666666634,0.046166666666666634,0.35978631821979734,0.1847574890047461,0.4075181642622523,0.20971141956699746,-0.9512899884014537,0.05360491422593078,0.10476232274517439,0.05568100205824759,0.07881948327882309,0.04189242559420358,0.9458440404857763,0.9263333333333333,0.02633333333333332,0.3445868652254176,0.18314735153908526,0.41596492498069493,0.22108467278209282,-0.9325397143125481,0.05608637371440654,0.0936974164735155,0.046567540571038346,0.06815100635539237,0.03387099530443172,0.9573463511177291,0.966,0.06599999999999995,0.37498577121417703,0.18636762647040694,0.3990714035438096,0.1983381663519021,-0.9700402624903594,0.05112345473745501,0.07687569035201512,0.06264277336585096,0.15294453856306697,0.009,2000.0,96.0,3.6333924909546584,3.7645552120219694,0.9651585077967743,16.122152500000084,41.15073420000044,9.565073600000687,74.31352510000033,DTLZ2,Selected + Bagging + CV+,18,50,3000.0,,
final_models,0.09862805561484408,0.051984312566751276,0.07297483730799637,0.038462088078950685,0.9512249426017352,0.9823333333333333,0.08233333333333331,0.08233333333333331,0.4064246090261634,0.21405632386599244,0.41616022926988905,0.21921717375916766,-0.9651717893301126,0.05290198488943761,0.1095802936779546,0.058206019353384486,0.08084571734473185,0.04294300763817362,0.9403625631847033,0.9716666666666667,0.07166666666666666,0.41692712298812595,0.2214601492209721,0.43413323078535265,0.23059955750167174,-0.9210048563051028,0.05712799815391333,0.08767581755173358,0.045762605780118065,0.06510395727126088,0.033981168519727746,0.962087322018767,0.993,0.09299999999999997,0.3959220950642009,0.2066524985110128,0.3981872277544254,0.20783479001666358,-1.0093387223551225,0.04867597162496189,0.021208128982549496,0.02065381403784502,0.06785223746995438,0.367,2000.0,96.0,3.6702040774019626,3.7645552120219694,0.9749369767988327,12.80964479999966,35.971055399999386,9.46079760000066,65.89840900000127,DTLZ2,Selected + Bagging + CV+,19,50,3000.0,,
