n_eval_metric,target_coverage,calib_q_mean,RMSE_mean,nRMSE_mean,MAE_mean,nMAE_mean,R2_mean,Coverage_mean,Coverage_error_mean,ECE,MPIW_mean,nMPIW_mean,IntervalScore_mean,nIntervalScore_mean,NLL_mean,f1_RMSE,f1_nRMSE,f1_MAE,f1_nMAE,f1_R2,f1_Coverage,f1_Coverage_error,f1_MPIW,f1_nMPIW,f1_IntervalScore,f1_nIntervalScore,f1_NLL,f2_RMSE,f2_nRMSE,f2_MAE,f2_nMAE,f2_R2,f2_Coverage,f2_Coverage_error,f2_MPIW,f2_nMPIW,f2_IntervalScore,f2_nIntervalScore,f2_NLL,GD,IGD,Hausdorff,Recall,HV_pred,HV_gt,HV_ratio,n_pf_gt,n_pareto_x,pareto_X,calibration_enabled,model_metric_key,seed,n_train
5000,0.9,0.605614922,0.052487377,0.052754481,0.035023297,0.035206447,0.932438523,0.8262,0.0738,0.0738,0.122336976,0.122993238,0.246729843,0.247967047,-1.315038358,0.051255357,0.051674621,0.035830107,0.036123194,0.934120042,0.8434,0.0566,0.130623557,0.131692046,0.234851036,0.236772097,-1.383596607,0.053719396,0.05383434,0.034216486,0.0342897,0.930757004,0.809,0.091,0.114050395,0.11429443,0.258608651,0.259161997,-1.246480108,0.014626772,0.011503768,0.043607185,0.701149425,0.415853895,0.423722805,0.981429109,87,132,"[[ 5.44977188e-01  4.00027728e-01  6.57314498e-01  4.61985890e-01]
 [ 5.14760692e-01  3.12846461e-01  6.91973008e-01  4.13075665e-01]
 [ 5.56972560e-01  4.33383092e-01  5.92163699e-01  3.89485769e-01]
 [ 6.18725736e-01  3.35170530e-01  5.78940066e-01  3.60754805e-01]
 [ 4.60923146e-01  2.58184528e-01  6.19921621e-01  3.67094310e-01]
 [ 4.15529490e-01  2.48479065e-01  6.42089598e-01  3.90500043e-01]
 [ 4.17170404e-01  4.11546901e-01  5.81671938e-01  3.23329998e-01]
 [ 5.35470413e-01  2.84919592e-01  5.27569788e-01  2.99281016e-01]
 [ 3.54368571e-01  2.94450646e-01  5.73579555e-01  3.98208855e-01]
 [ 3.84999672e-01  3.71667888e-01  5.52865278e-01  3.01729649e-01]
 [ 4.68843305e-01  1.64971665e-01  5.34080995e-01  4.01396716e-01]
 [ 4.28318169e-01  1.96578695e-01  4.88631113e-01  3.67958309e-01]
 [ 4.35958698e-01  2.89272344e-01  3.86390120e-01  3.35351106e-01]
 [ 3.77745247e-01  1.54214609e-01  5.72083415e-01  2.76690630e-01]
 [ 3.45335040e-01  3.05506798e-01  4.54143723e-01  3.03797457e-01]
 [ 3.41048496e-01  1.37739822e-01  5.18993068e-01  3.70254999e-01]
 [ 3.80570281e-01  2.47021461e-01  5.27396807e-01  1.92081960e-01]
 [ 3.01437749e-01  1.69300780e-01  4.70792927e-01  3.39500271e-01]
 [ 3.52956749e-01  2.12563166e-01  4.20873187e-01  2.74150753e-01]
 [ 3.57509369e-01  1.80372093e-01  4.95257214e-01  1.94698608e-01]
 [ 3.14583911e-01  1.81827726e-01  3.65565093e-01  3.86905879e-01]
 [ 2.83116728e-01  3.12752780e-02  5.56761257e-01  3.20147375e-01]
 [ 2.35700119e-01  2.87832478e-01  4.73796261e-01  2.22036952e-01]
 [ 2.48848716e-01  1.62934285e-01  4.52168949e-01  2.68631391e-01]
 [ 2.71240080e-01  1.13918837e-01  3.82400829e-01  2.85440197e-01]
 [ 2.43811183e-01  1.95073606e-01  4.01217282e-01  2.00141672e-01]
 [ 2.68327303e-01  2.12344695e-02  4.55359485e-01  2.45786736e-01]
 [ 3.39220064e-01  6.55570608e-02  3.45520237e-01  2.33852495e-01]
 [ 2.29048511e-01  1.29578227e-01  2.97310902e-01  3.17213360e-01]
 [ 1.98823394e-01  9.11032464e-02  3.33930420e-01  3.07846287e-01]
 [ 1.30352626e-01  1.04295421e-01  4.25498020e-01  2.34380342e-01]
 [ 2.62455886e-01  1.38394535e-01  3.90696194e-01  6.93832356e-02]
 [ 8.84375554e-02  1.19314894e-01  4.77627153e-01  1.41058192e-01]
 [ 2.27637503e-01 -5.37974313e-02  3.57313929e-01  2.59489004e-01]
 [ 1.09150669e-01  1.26707951e-01  3.63173187e-01  1.80029305e-01]
 [ 2.05957739e-01  1.60500595e-01  3.14908618e-01  8.64030104e-02]
 [ 1.17243968e-01 -1.60566587e-02  4.54122534e-01  1.59160582e-01]
 [ 2.10335100e-01  9.90567245e-02  2.31464818e-01  1.89544722e-01]
 [ 1.41733816e-01  7.09398109e-02  3.24962208e-01  1.63844723e-01]
 [ 1.75427333e-01 -3.41528244e-02  3.64076799e-01  1.45803863e-01]
 [ 1.70120697e-01  9.12212953e-03  3.54591658e-01  9.81848408e-02]
 [ 7.69915003e-02  8.62034317e-02  2.71851357e-01  1.95030224e-01]
 [ 8.33397582e-02  1.44153275e-03  2.45396158e-01  2.20183948e-01]
 [ 1.86452009e-02  4.36504148e-02  3.38435542e-01  1.29551126e-01]
 [ 4.84243650e-02 -6.92680907e-02  3.46300840e-01  1.77865952e-01]
 [ 1.10035058e-01 -9.99537669e-03  1.46997886e-01  2.61816017e-01]
 [ 1.55254126e-01  5.07211462e-02  9.23951026e-02  2.09718717e-01]
 [ 7.35563692e-02  1.49844445e-01  1.80733820e-01  9.16290898e-02]
 [ 1.41625032e-02 -6.94673136e-03  3.17643281e-01  1.14677524e-01]
 [ 1.17029531e-01 -1.04634833e-01  1.90777922e-01  2.07018200e-01]
 [-6.02835957e-02  3.51106189e-02  2.38901498e-01  2.04985546e-01]
 [ 1.47660553e-01 -5.68527747e-02  1.85674325e-01  1.10107506e-01]
 [ 2.50109397e-02  1.92841515e-04  3.44685549e-01 -1.35894921e-02]
 [ 5.42024262e-02  5.12613337e-02  1.41110385e-01  9.48660802e-02]
 [ 4.11069468e-02 -3.10760010e-02  1.40341321e-01  1.41493207e-01]
 [ 7.10454471e-02 -4.18333020e-02  2.23158812e-01  1.62999053e-02]
 [-3.14249452e-02 -8.16230848e-03  2.29889022e-01  3.13747171e-02]
 [ 3.50087360e-02  2.15673521e-02  1.08429339e-01  5.36007453e-02]
 [ 2.05126572e-02 -9.19241756e-02  1.64479574e-01  8.17255974e-02]
 [-9.31898411e-02  2.24006698e-02  1.55839993e-01  7.97912981e-02]
 [ 3.18460017e-02 -5.01189195e-02  1.77544679e-01 -2.50280481e-02]
 [-1.25585066e-01  5.92791662e-03  1.92590050e-01  4.85998224e-02]
 [-1.11195184e-02 -1.05226871e-01  5.05669788e-02  1.76434606e-01]
 [-7.34431092e-02  5.13617229e-02  9.46183279e-02  6.29902817e-03]
 [-7.07464535e-02 -1.74549501e-02  1.81785531e-01 -4.02247664e-02]
 [-5.12251798e-02 -4.12127133e-02  1.96500309e-02  1.17093062e-01]
 [-1.22973356e-01 -1.21752569e-01  1.63600625e-01  9.69228372e-02]
 [-1.88290101e-01 -8.71936474e-02  1.46553628e-01  1.28036980e-01]
 [-9.08178017e-02 -1.61463624e-01  1.89473925e-01  2.81377938e-02]
 [-7.45107234e-03 -6.31770436e-02 -5.90780005e-03  4.11318652e-02]
 [-7.09489100e-02 -1.32074852e-01  6.00064918e-02  7.33324382e-02]
 [-5.14041372e-02 -1.84397679e-01  1.43831376e-01 -2.12410782e-02]
 [-8.82574115e-02 -5.10501303e-02 -7.31290989e-02  1.02544619e-01]
 [-1.47776186e-01 -1.48313127e-01  1.01381315e-01  4.23860718e-02]
 [-1.28769735e-01 -3.45093161e-02  3.11891958e-02 -2.98148412e-02]
 [-1.30448608e-01 -3.57960537e-02 -1.58712547e-02  9.22246836e-03]
 [-4.90578543e-02 -4.46871947e-02 -2.70371605e-02 -9.38164461e-02]
 [-2.69910734e-01 -8.99829660e-02  1.23092867e-01 -2.06648447e-02]
 [-1.97829330e-01 -2.21833749e-01  4.22303062e-02  1.02021411e-01]
 [-2.16908708e-01 -8.55767634e-02  8.11725333e-02 -9.14030708e-02]
 [-1.09364968e-01 -8.71181116e-02 -8.52099974e-02 -3.42346318e-02]
 [-7.70824552e-02 -1.25791337e-01 -4.95713633e-02 -9.07058399e-02]
 [-2.32209438e-01 -5.97066674e-02 -6.35279194e-02 -3.71972099e-04]
 [-2.49079671e-01 -1.39020497e-01  5.33351190e-02 -3.36584877e-02]
 [-1.20558916e-01 -2.32164159e-01 -4.62714061e-02  2.23958194e-02]
 [-2.43434355e-01 -1.34440230e-01 -5.58394361e-02  5.22500817e-02]
 [-1.41703676e-01 -1.40803188e-01 -1.01928752e-01 -5.91471847e-02]
 [-2.67742604e-01 -8.96823127e-02 -1.11070825e-01  2.80569866e-03]
 [-1.72722807e-01 -2.17978207e-01 -1.35453083e-01  3.25681008e-02]
 [-2.88781730e-01 -5.33702280e-02 -1.05589338e-01 -7.11075757e-02]
 [-2.56490836e-01 -2.33751828e-01 -9.38421115e-03 -5.39549366e-02]
 [-1.93876177e-01 -9.25010759e-02 -1.50034515e-01 -1.45425636e-01]
 [-1.91564055e-01 -2.55513621e-01 -8.93421974e-02 -7.82558862e-02]
 [-2.11433904e-01 -1.94037128e-01 -2.14820115e-01 -3.93432342e-02]
 [-3.39252219e-01 -1.52021948e-01 -6.78211562e-02 -1.13407051e-01]
 [-2.64005488e-01 -2.63795095e-01 -1.15655651e-01 -2.40006689e-02]
 [-4.11634281e-01 -8.07511322e-02 -1.19459631e-01 -1.05222840e-01]
 [-4.23686851e-01 -1.10200731e-01 -1.30022116e-01 -5.90516180e-02]
 [-3.57599266e-01 -9.39700846e-02 -2.18285846e-01 -8.98778364e-02]
 [-2.75447721e-01 -2.93244667e-01 -1.33885551e-01 -7.74695631e-02]
 [-2.68539598e-01 -2.00396463e-01 -2.41131423e-01 -9.46978591e-02]
 [-3.91392149e-01 -1.65170567e-01 -2.19387468e-01 -6.60080332e-02]
 [-3.20127755e-01 -3.36667357e-01 -1.93327431e-01 -1.20053664e-02]
 [-3.32751120e-01 -2.19726214e-01 -3.35132100e-01 -5.02997637e-03]
 [-3.40142390e-01 -2.51476379e-01 -2.89912025e-01 -4.15449757e-02]
 [-3.03144073e-01 -2.08968444e-01 -3.08695834e-01 -1.30332585e-01]
 [-3.86019750e-01 -2.34490110e-01 -2.63237135e-01 -9.89627019e-02]
 [-4.13258838e-01 -2.59451546e-01 -1.80227289e-01 -1.71355063e-01]
 [-4.26141612e-01 -1.73755903e-01 -2.91347487e-01 -1.62208589e-01]
 [-3.78640147e-01 -2.66978299e-01 -3.61802667e-01 -7.32199792e-02]
 [-3.98329703e-01 -2.99846102e-01 -3.87738252e-01 -2.85554286e-02]
 [-3.47019151e-01 -3.12928140e-01 -2.64672359e-01 -2.28297181e-01]
 [-4.34251960e-01 -3.28681942e-01 -3.33635602e-01 -1.34484619e-01]
 [-4.47398599e-01 -3.20304343e-01 -4.39352671e-01 -9.19291750e-02]
 [-5.18324051e-01 -2.65405780e-01 -3.74746380e-01 -1.39863774e-01]
 [-4.04050454e-01 -3.84200864e-01 -2.97023982e-01 -2.40576969e-01]
 [-4.95041691e-01 -3.72416226e-01 -2.38660509e-01 -2.30868336e-01]
 [-4.14997227e-01 -3.62281425e-01 -4.16823244e-01 -2.17231188e-01]
 [-5.77159589e-01 -3.70306253e-01 -3.00122870e-01 -1.99369414e-01]
 [-4.37980661e-01 -4.97669054e-01 -3.71863946e-01 -1.77027751e-01]
 [-4.57181981e-01 -4.68707766e-01 -3.78657380e-01 -2.21196368e-01]
 [-4.49996356e-01 -5.15504811e-01 -4.83148841e-01 -1.65904781e-01]
 [-5.51437235e-01 -4.28855337e-01 -3.28017363e-01 -2.96089230e-01]
 [-5.42221965e-01 -5.06012307e-01 -3.66448632e-01 -1.83305111e-01]
 [-4.56405915e-01 -4.36453631e-01 -4.59362360e-01 -3.09954274e-01]
 [-5.38611960e-01 -4.88604039e-01 -4.73912127e-01 -1.63148521e-01]
 [-5.20160113e-01 -4.39377796e-01 -5.12815092e-01 -2.76776640e-01]
 [-5.61911581e-01 -5.35400607e-01 -3.83092571e-01 -2.30910696e-01]
 [-4.99904256e-01 -5.56978755e-01 -5.06747479e-01 -2.71094372e-01]
 [-5.54802641e-01 -5.67723522e-01 -4.66387745e-01 -3.00377633e-01]
 [-5.79627622e-01 -5.98693201e-01 -5.43891408e-01 -2.68645829e-01]
 [-6.39150865e-01 -6.15165962e-01 -6.15551131e-01 -3.62697808e-01]]",TRUE,final_models,0,30
5000,0.9,0.483278038,0.045295686,0.045541815,0.031008147,0.03118427,0.950098545,0.7981,0.1019,0.1019,0.094156109,0.094668731,0.217718043,0.218939709,-1.364709022,0.04940533,0.049809462,0.036347979,0.036645302,0.941663178,0.7444,0.1556,0.103028211,0.103870973,0.250260758,0.25230787,-1.337987055,0.041186042,0.041274168,0.025668314,0.025723237,0.958533912,0.8518,0.0482,0.085284006,0.085466489,0.185175327,0.185571547,-1.391430989,0.010485899,0.009276183,0.032676715,0.885057471,0.425647483,0.423722805,1.004542305,87,128,"[[ 0.61014415  0.52662216  0.31893377  0.57873748]
 [ 0.60170739  0.44857127  0.29256728  0.52711182]
 [ 0.56992069  0.43160382  0.32856149  0.49372485]
 [ 0.52572703  0.45020052  0.27794086  0.43217488]
 [ 0.52047516  0.3499577   0.25291331  0.53828295]
 [ 0.53643265  0.38764334  0.30787826  0.36889824]
 [ 0.42599175  0.39290682  0.30324397  0.43360201]
 [ 0.51510108  0.31191674  0.23420203  0.50190073]
 [ 0.50180803  0.39476407  0.23604424  0.402641  ]
 [ 0.45643803  0.35000402  0.23706794  0.41230527]
 [ 0.40732446  0.34393474  0.19315991  0.50731046]
 [ 0.44618852  0.31187107  0.28116182  0.37592596]
 [ 0.39123635  0.38535026  0.24653797  0.33746225]
 [ 0.48090661  0.28865161  0.2081033   0.34911779]
 [ 0.38930171  0.26812916  0.18572657  0.47380194]
 [ 0.36501314  0.27611874  0.29539551  0.34454777]
 [ 0.3811947   0.2382073   0.1893214   0.44775393]
 [ 0.41202613  0.36039483  0.10010065  0.36099103]
 [ 0.35769595  0.31592766  0.19075483  0.31842339]
 [ 0.47314532  0.19424689  0.16691368  0.32307228]
 [ 0.33753801  0.22173062  0.15185405  0.41693462]
 [ 0.43091325  0.17394877  0.22463036  0.25956907]
 [ 0.3080607   0.20902019  0.23465628  0.29163975]
 [ 0.28893752  0.27062065  0.11015685  0.33084208]
 [ 0.31997217  0.12013401  0.21205438  0.27180116]
 [ 0.30865411  0.17877289  0.16169895  0.23952663]
 [ 0.23205982  0.2798787   0.09166763  0.27585474]
 [ 0.24544792  0.10149136  0.09420434  0.38423966]
 [ 0.16766594  0.19568698  0.19180455  0.24893412]
 [ 0.18024654  0.13581629  0.10816421  0.36600855]
 [ 0.16874337  0.16551002  0.14229484  0.28227803]
 [ 0.22085755  0.1552628   0.11713276  0.22869906]
 [ 0.28939178  0.14596611  0.0887577   0.15869892]
 [ 0.26390906  0.04453835  0.10423672  0.25248541]
 [ 0.31861175  0.13579539 -0.00402149  0.18398933]
 [ 0.1874127   0.22855452  0.0577366   0.16521874]
 [ 0.11354413  0.21144079  0.15507028  0.15487856]
 [ 0.21197356  0.27051941 -0.02545298  0.14882289]
 [ 0.10097878  0.15229286  0.05114863  0.27219427]
 [ 0.15525413  0.05072115  0.0923951   0.20971872]
 [ 0.17745123  0.07853356  0.13105395  0.064741  ]
 [ 0.190657    0.06936349  0.01801386  0.14636059]
 [ 0.12597526  0.16794228  0.02810565  0.10389475]
 [ 0.11216581  0.07185046 -0.0216583   0.22977137]
 [ 0.12313919  0.09656821  0.03506069  0.11521937]
 [ 0.05420243  0.05126133  0.14111038  0.09486608]
 [ 0.12515542  0.05966227  0.15191676 -0.0080734 ]
 [ 0.06353198  0.03424827  0.00414284  0.17840733]
 [ 0.0972255  -0.07158467  0.05876323  0.12913173]
 [ 0.1283487  -0.02380187  0.06380578  0.0381147 ]
 [ 0.03500874  0.02156735  0.10842934  0.05360075]
 [ 0.09042979 -0.00853825  0.02730027  0.06979137]
 [ 0.14279692  0.02393273 -0.1048268   0.07076165]
 [-0.02242205  0.06292411  0.04301947  0.06779594]
 [ 0.075978    0.00817905 -0.0487876   0.03908288]
 [ 0.04936924 -0.022261   -0.06742054  0.08746781]
 [ 0.10869121 -0.09593418 -0.00967039  0.02593287]
 [-0.03457913  0.04405278  0.04851668 -0.01502751]
 [ 0.13002659 -0.03093846 -0.07705234 -0.04779767]
 [-0.00745107 -0.06317704 -0.0059078   0.04113187]
 [-0.03625802  0.04192347 -0.06066456  0.02400604]
 [ 0.03668671  0.01747155 -0.09445422 -0.03230775]
 [-0.08825741 -0.05105013 -0.0731291   0.10254462]
 [ 0.08791663 -0.15007979 -0.14362984  0.04946209]
 [ 0.0191582  -0.20233766 -0.03177828  0.0375927 ]
 [-0.07567139  0.05020896 -0.10871558 -0.01710924]
 [-0.12876973 -0.03450932  0.0311892  -0.02981484]
 [-0.13044861 -0.03579605 -0.01587125  0.00922247]
 [ 0.00689938 -0.12082134 -0.08658963 -0.01915829]
 [-0.04905785 -0.04468719 -0.02703716 -0.09381645]
 [ 0.04333341 -0.02357369 -0.12501957 -0.1319191 ]
 [ 0.03712196 -0.15845722 -0.05972833 -0.1059022 ]
 [-0.08705639  0.01660876 -0.14076243 -0.06861344]
 [-0.10936497 -0.08711811 -0.08521    -0.03423463]
 [-0.07708246 -0.12579134 -0.04957136 -0.09070584]
 [-0.01873716 -0.23849663 -0.12321566 -0.03124598]
 [-0.13165749  0.00183164 -0.19777992 -0.03730183]
 [-0.06462516 -0.16771933  0.00687291 -0.18977647]
 [-0.14170368 -0.14080319 -0.10192875 -0.05914718]
 [-0.06708683 -0.05730572 -0.14055863 -0.17922045]
 [-0.05505711 -0.14808396 -0.16261264 -0.1361886 ]
 [-0.13013946 -0.17409773 -0.14754925 -0.10482257]
 [-0.19387618 -0.09250108 -0.15003452 -0.14542564]
 [-0.20592872 -0.12188917 -0.10042384 -0.19060509]
 [-0.15257857 -0.07357316 -0.12555543 -0.25787572]
 [-0.11820594 -0.28149657 -0.10440181 -0.17188195]
 [-0.11573636 -0.15639142 -0.0632628  -0.3127763 ]
 [-0.09653504 -0.12724703 -0.18719797 -0.2730098 ]
 [-0.10676374 -0.25210851 -0.14611594 -0.22634264]
 [-0.09924897 -0.22200139 -0.22893152 -0.19571701]
 [-0.18196849 -0.23799732 -0.17266776 -0.16416508]
 [-0.17446539 -0.26834679 -0.20238397 -0.1325329 ]
 [-0.12317033 -0.18203737 -0.25709565 -0.23307771]
 [-0.03574625 -0.17141094 -0.27975147 -0.36163729]
 [-0.19665197 -0.03703628 -0.38670568 -0.22453351]
 [-0.23378909 -0.34984768 -0.12873589 -0.19205368]
 [-0.16518722 -0.32417742 -0.28328203 -0.15768174]
 [-0.2196618  -0.2249595  -0.16600392 -0.3016358 ]
 [-0.24617499 -0.21728043 -0.26663269 -0.20094314]
 [-0.18474728 -0.14323735 -0.22370156 -0.36718381]
 [-0.26563684 -0.10653879 -0.26198021 -0.28661952]
 [-0.16277974 -0.1987938  -0.25803791 -0.32934163]
 [-0.21336818 -0.10021045 -0.28255612 -0.35723294]
 [-0.2455401  -0.18691871 -0.31722254 -0.26770739]
 [-0.18165881 -0.25831768 -0.38353872 -0.29036412]
 [-0.28358393 -0.26233756 -0.24522556 -0.33202264]
 [-0.29791629 -0.17664546 -0.35329852 -0.33844013]
 [-0.20325439 -0.21580782 -0.40280985 -0.3815082 ]
 [-0.26369576 -0.23932531 -0.3262935  -0.40025503]
 [-0.3477914  -0.28262861 -0.33872822 -0.3028692 ]
 [-0.41356047 -0.23692451 -0.37596152 -0.29513702]
 [-0.35984394 -0.25293536 -0.41179165 -0.34559954]
 [-0.32756179 -0.31537726 -0.37739662 -0.40884638]
 [-0.26823899 -0.3027545  -0.45176186 -0.47042722]
 [-0.33907259 -0.34433879 -0.37208328 -0.48968196]
 [-0.3096373  -0.317037   -0.42723853 -0.50381325]
 [-0.3912055  -0.3301526  -0.46175607 -0.4402782 ]
 [-0.42338469 -0.38663306 -0.43489472 -0.43478327]
 [-0.35790907 -0.40139886 -0.47653147 -0.46609204]
 [-0.44136843 -0.38842226 -0.38512917 -0.52780506]
 [-0.34353012 -0.3609672  -0.4670719  -0.62861983]
 [-0.3861778  -0.36335028 -0.53000526 -0.56551604]
 [-0.4715804  -0.33229299 -0.48424082 -0.59725749]
 [-0.4073554  -0.43039957 -0.4701283  -0.65251008]
 [-0.41638893 -0.41983063 -0.62033911 -0.55954445]
 [-0.43576192 -0.39013691 -0.62920012 -0.60473143]
 [-0.50396296 -0.48705822 -0.57923599 -0.55709504]
 [-0.49182406 -0.46203261 -0.55452261 -0.6249016 ]]",TRUE,final_models,1,30
5000,0.9,0.668963375,0.095048483,0.095639027,0.064469045,0.064876902,0.75783486,0.6911,0.2089,0.2089,0.136598728,0.137337301,0.618168676,0.622286312,-1.043215864,0.128197235,0.129245878,0.089371917,0.090102972,0.609186198,0.5916,0.3084,0.147773503,0.148982278,0.925443941,0.933013992,-0.756966171,0.06189973,0.062032177,0.039566173,0.039650833,0.906483521,0.7906,0.1094,0.125423953,0.125692323,0.310893412,0.311558632,-1.329465556,0.063952113,0.071344243,0.265792761,0.114942529,0.330896659,0.423722805,0.780927189,87,153,"[[ 5.30853081e-01 -5.12739811e-02  2.81830529e-01  5.68340695e-01]
 [ 4.80688402e-01 -3.04006767e-02  3.18785969e-01  5.00405092e-01]
 [ 4.59639091e-01 -1.56154690e-01  2.01924698e-01  5.87174620e-01]
 [ 5.36154846e-01 -1.76053816e-01  1.64255675e-01  5.28157813e-01]
 [ 5.10473086e-01 -1.94242200e-01  2.06871253e-01  4.98555481e-01]
 [ 4.10974344e-01 -1.50085848e-01  2.43954169e-01  4.92231175e-01]
 [ 4.81745016e-01 -2.02327795e-01  7.25967921e-02  4.81277240e-01]
 [ 4.93252084e-01 -2.31716590e-01  1.76887335e-01  4.32695376e-01]
 [ 4.49575387e-01 -2.22970359e-02  4.67121527e-02  3.93785149e-01]
 [ 4.74351585e-01 -2.95241997e-01  5.23862336e-02  4.40916643e-01]
 [ 3.58869581e-01 -1.67212600e-01  8.99464507e-02  4.52865917e-01]
 [ 4.22424177e-01 -1.83441220e-01  6.56216219e-03  4.21680402e-01]
 [ 4.30164492e-01 -3.38519773e-01  1.18447656e-01  3.75368761e-01]
 [ 4.55414375e-01 -1.39511967e-01  1.06987588e-01  2.96507008e-01]
 [ 3.51110416e-01 -3.22529452e-01  3.50666158e-02  4.68812028e-01]
 [ 4.59386637e-01 -3.17204405e-01 -3.87847181e-02  4.04811407e-01]
 [ 4.78026491e-01 -2.55012615e-01 -4.26674262e-04  3.41593172e-01]
 [ 3.90233085e-01 -2.44305585e-01  3.25958207e-02  3.55959008e-01]
 [ 3.82246967e-01 -2.76702177e-01  9.23562106e-02  3.15600682e-01]
 [ 2.99541108e-01 -2.18562130e-01  1.65558923e-02  3.87340924e-01]
 [ 4.03058318e-01 -1.81009199e-01  1.36513656e-01  2.23277578e-01]
 [ 3.68698683e-01 -4.55368403e-01  9.54128616e-02  3.40528967e-01]
 [ 4.66618665e-01 -2.64379650e-01  6.99524861e-02  2.18590567e-01]
 [ 3.96168916e-01 -4.14241996e-01 -4.00492754e-02  3.44948038e-01]
 [ 3.36547025e-01 -2.61436775e-01  4.09112871e-03  2.84531515e-01]
 [ 3.43644524e-01 -3.54184302e-01  8.00080821e-02  2.46802583e-01]
 [ 3.11009604e-01 -2.39010515e-01 -3.63746006e-02  2.67662639e-01]
 [ 3.45094660e-01 -5.02290901e-01  1.24043748e-02  2.73254834e-01]
 [ 2.85450989e-01 -4.12823195e-01  4.43001352e-02  2.80932128e-01]
 [ 3.84988898e-01 -5.24546636e-01 -1.74528752e-02  2.39976307e-01]
 [ 3.75061734e-01 -3.69440293e-01  1.10452902e-02  1.53111346e-01]
 [ 2.98767576e-01 -3.64115186e-01 -1.47127286e-02  2.21067838e-01]
 [ 3.25327568e-01 -4.62736474e-01 -3.75888161e-02  2.17464644e-01]
 [ 3.93397760e-01 -4.46496299e-01 -1.21946244e-01  1.86400961e-01]
 [ 3.09766924e-01 -3.43427425e-01  5.74788935e-02  1.21988852e-01]
 [ 2.16699459e-01 -4.45056433e-01 -1.79309137e-02  2.60635445e-01]
 [ 2.35979611e-01 -5.27541209e-01  5.52460849e-02  1.91021269e-01]
 [ 3.08450846e-01 -5.23158357e-01  2.09980607e-02  1.35906136e-01]
 [ 3.33797229e-01 -5.09532997e-01 -7.37228096e-02  1.46288646e-01]
 [ 2.13492984e-01 -4.12740730e-01 -6.98306523e-02  2.08015194e-01]
 [ 2.54616948e-01 -3.89925150e-01 -1.46379022e-01  1.97721699e-01]
 [ 2.66494004e-01 -4.19069540e-01 -1.04077425e-01  1.53991720e-01]
 [ 1.91988934e-01 -3.11205631e-01 -5.71739301e-03  1.03157250e-01]
 [ 2.41507055e-01 -3.32208181e-01  2.32289620e-02  5.11295088e-02]
 [ 3.37383870e-01 -4.95847918e-01 -2.11954279e-01  1.34187736e-01]
 [ 2.64551476e-01 -3.01916623e-01 -3.98261212e-02  3.23024374e-02]
 [ 3.19818268e-01 -3.47376814e-01 -1.51679559e-01  5.25336266e-02]
 [ 2.47463366e-01 -5.53963410e-01 -1.30349882e-02  9.09964237e-02]
 [ 1.79970568e-01 -3.94171644e-01 -4.36695144e-02  8.33229292e-02]
 [ 2.01921051e-01 -3.79690530e-01 -1.80628000e-01  1.27709875e-01]
 [ 2.75787359e-01 -3.76589479e-01 -7.90124368e-02 -2.04598140e-02]
 [ 2.36155774e-01 -4.42621797e-01 -1.55450763e-01  6.40033595e-02]
 [ 1.49756806e-01 -3.22615504e-01 -7.14880936e-02  4.17366289e-02]
 [ 2.24164277e-01 -4.75916812e-01 -9.40908268e-02  2.17803568e-02]
 [ 1.36632344e-01 -5.31425659e-01 -1.49506385e-01  1.35478275e-01]
 [ 1.13188757e-01 -4.07380672e-01 -1.34163864e-01  9.65804663e-02]
 [ 1.96267862e-01 -5.88078236e-01 -1.65790860e-02 -2.25876793e-02]
 [ 1.56884894e-01 -5.66120755e-01 -6.41779937e-02  2.94843689e-02]
 [ 1.76757526e-01 -5.95570354e-01 -1.86282223e-01  7.22300000e-02]
 [ 2.63860757e-01 -4.09945332e-01 -1.71506982e-01 -6.56314660e-02]
 [ 1.68718830e-01 -2.88241249e-01 -8.26081652e-02 -9.44292862e-02]
 [ 1.38516609e-01 -4.98850740e-01 -4.79302984e-02 -3.06302458e-02]
 [ 2.03209551e-01 -3.84909598e-01 -1.23025073e-01 -9.00975000e-02]
 [ 5.35087269e-02 -5.05660806e-01 -1.64600257e-01  1.04100419e-01]
 [ 1.26352621e-01 -5.12383232e-01 -1.59560516e-01 -3.88232805e-03]
 [ 1.45733224e-01 -5.45677811e-01 -8.99236295e-02 -8.22685566e-02]
 [ 1.55119505e-02 -4.01140118e-01 -3.84240113e-02 -5.87861147e-02]
 [ 4.50693145e-02 -4.58859947e-01 -1.92919426e-01  3.31838317e-02]
 [ 1.49958842e-01 -4.65555714e-01 -2.01551553e-01 -7.09000714e-02]
 [ 6.88275211e-02 -4.49567428e-01 -1.45268692e-01 -3.99586968e-02]
 [ 1.94466265e-01 -5.32613322e-01 -2.52579411e-01 -9.97593533e-02]
 [ 1.62691029e-01 -4.03601155e-01 -2.28254087e-01 -1.36560431e-01]
 [ 8.02125186e-02 -4.82618306e-01 -1.05188202e-01 -1.24196552e-01]
 [-5.70848212e-03 -3.87991574e-01 -6.59379102e-02 -1.37639115e-01]
 [ 9.23724715e-02 -5.27648760e-01 -2.43900353e-01 -9.72035397e-02]
 [ 2.70838533e-02 -4.30345073e-01 -2.11119590e-01 -1.05430165e-01]
 [ 3.91567294e-02 -5.10878921e-01 -1.06934477e-01 -1.75894389e-01]
 [ 9.52161252e-02 -5.91540474e-01 -2.16895884e-01 -1.57002144e-01]
 [ 2.21341848e-04 -4.70276672e-01 -3.01783226e-01 -7.53937513e-02]
 [-6.34357445e-02 -5.40703738e-01 -9.61132422e-02 -1.29447775e-01]
 [ 1.11947132e-01 -5.30081015e-01 -1.13964152e-01 -2.89944880e-01]
 [-2.85193156e-02 -5.91160689e-01 -4.54308018e-02 -1.94896597e-01]
 [-8.60332232e-02 -4.93876191e-01 -1.50597282e-02 -2.03057420e-01]
 [-1.12633254e-01 -4.00518576e-01 -2.10708657e-01 -8.92553199e-02]
 [-5.32040112e-02 -5.61287384e-01 -2.40397377e-01 -8.11502729e-02]
 [-1.70972720e-02 -4.21042217e-01 -1.84517359e-01 -2.14076212e-01]
 [ 5.03899306e-02 -5.80198321e-01 -3.75645304e-01 -1.43418536e-01]
 [-4.49019093e-02 -6.01555996e-01 -2.76381142e-01 -1.15085259e-01]
 [-8.56983177e-02 -3.77864402e-01 -2.78525949e-01 -1.86432378e-01]
 [-2.56947875e-02 -5.58839394e-01 -1.20455712e-01 -2.73891732e-01]
 [-2.24395301e-02 -4.51404307e-01 -2.27721376e-01 -2.54711637e-01]
 [-1.31673217e-02 -3.97463739e-01 -2.53932364e-01 -2.83274755e-01]
 [-1.36080626e-01 -5.26519310e-01 -1.95062421e-01 -1.75028136e-01]
 [ 3.19651645e-02 -5.17024126e-01 -2.91030310e-01 -2.76360199e-01]
 [-1.44244721e-01 -4.48438454e-01 -1.66740928e-01 -2.42527708e-01]
 [-7.34673329e-02 -4.32418490e-01 -1.61869554e-01 -3.20114803e-01]
 [-1.41454229e-01 -5.64558826e-01 -2.91593133e-01 -1.46467049e-01]
 [-8.18762537e-02 -6.04368122e-01 -1.96050445e-01 -2.62388485e-01]
 [-8.93118996e-02 -6.09933501e-01 -3.89902366e-01 -1.58493333e-01]
 [-5.12849968e-02 -6.55205321e-01 -2.62226418e-01 -2.72090461e-01]
 [-1.39948530e-01 -4.87390401e-01 -2.67863812e-01 -2.51453927e-01]
 [-7.06425756e-02 -5.50671337e-01 -2.87019257e-01 -2.91437022e-01]
 [-1.76387094e-03 -5.99106567e-01 -3.96918049e-01 -3.11244795e-01]
 [-7.88378362e-02 -4.72624725e-01 -3.21198277e-01 -3.44779177e-01]
 [-1.28888883e-01 -5.01384541e-01 -3.75234891e-01 -2.79148359e-01]
 [-1.94176905e-01 -4.11656959e-01 -4.08032112e-01 -2.71139633e-01]
 [-1.48082521e-01 -5.34190828e-01 -3.74308458e-01 -3.22382435e-01]
 [-1.51455538e-01 -4.54583667e-01 -4.81680878e-01 -3.34696481e-01]
 [-8.99010487e-02 -5.17132621e-01 -4.63498181e-01 -3.72718703e-01]
 [-2.50113452e-01 -5.90274781e-01 -2.79993868e-01 -3.14149810e-01]
 [-2.76963789e-01 -5.05175237e-01 -2.37913683e-01 -3.51019304e-01]
 [-1.72211163e-01 -4.24702734e-01 -3.02315054e-01 -4.39641405e-01]
 [-1.64750161e-01 -5.96625663e-01 -3.36495409e-01 -3.84105304e-01]
 [-2.32030766e-01 -4.43429029e-01 -3.68640793e-01 -3.76153337e-01]
 [-2.29921261e-01 -6.38732448e-01 -3.34136063e-01 -3.66142396e-01]
 [-2.17018427e-01 -6.14860376e-01 -4.50025443e-01 -3.42552619e-01]
 [-2.39704646e-01 -5.21510391e-01 -2.70006830e-01 -4.47562855e-01]
 [-3.11565522e-01 -5.28822901e-01 -3.06084657e-01 -3.77914499e-01]
 [-2.36819757e-01 -4.85507570e-01 -5.27681854e-01 -3.65461253e-01]
 [-2.33356399e-01 -5.77371659e-01 -2.43491072e-01 -4.81002999e-01]
 [-2.88968375e-01 -4.50772578e-01 -3.32451148e-01 -4.46898358e-01]
 [-1.84500812e-01 -5.63086735e-01 -4.13961008e-01 -4.67366835e-01]
 [-2.58162992e-01 -4.36734399e-01 -2.96427725e-01 -5.42783916e-01]
 [-2.81320840e-01 -5.41722883e-01 -5.90126410e-01 -3.65147276e-01]
 [-1.87421819e-01 -4.28271323e-01 -5.12245424e-01 -5.19745825e-01]
 [-3.65798676e-01 -5.73352320e-01 -3.85709986e-01 -3.96623721e-01]
 [-2.13659529e-01 -5.98292576e-01 -3.58978370e-01 -5.39176350e-01]
 [-2.92307079e-01 -5.62423132e-01 -4.43456262e-01 -4.58234958e-01]
 [-2.33901959e-01 -6.55475061e-01 -4.89672620e-01 -5.00205241e-01]
 [-2.44898742e-01 -5.18002836e-01 -5.44329289e-01 -5.27605271e-01]
 [-3.14220499e-01 -4.78181178e-01 -4.02417909e-01 -5.61611297e-01]
 [-3.15205608e-01 -5.30995809e-01 -5.54184023e-01 -4.89968756e-01]
 [-3.81695399e-01 -5.40393895e-01 -4.17671034e-01 -5.19547883e-01]
 [-2.87101105e-01 -6.45209484e-01 -4.61419452e-01 -5.70816569e-01]
 [-2.35865211e-01 -5.07072145e-01 -4.28923924e-01 -6.84166670e-01]
 [-3.64828752e-01 -4.34607748e-01 -5.32810129e-01 -5.90369491e-01]
 [-3.56910475e-01 -6.06556948e-01 -5.74801106e-01 -5.23355193e-01]
 [-4.04508412e-01 -4.93444799e-01 -4.44037078e-01 -5.93169713e-01]
 [-3.37094782e-01 -5.56384088e-01 -4.85424578e-01 -6.13726463e-01]
 [-3.22765809e-01 -4.97050969e-01 -5.06103721e-01 -6.56027462e-01]
 [-3.08565320e-01 -5.12424385e-01 -4.00532711e-01 -7.38432914e-01]
 [-3.73862045e-01 -4.14411284e-01 -4.33393590e-01 -7.46442564e-01]
 [-3.49830307e-01 -6.17492646e-01 -4.59761921e-01 -6.78927628e-01]
 [-3.92627610e-01 -3.87704723e-01 -5.09029603e-01 -7.81557739e-01]
 [-3.26143498e-01 -4.04188920e-01 -5.81656832e-01 -8.12623061e-01]
 [-3.68828300e-01 -4.46541557e-01 -4.82507050e-01 -7.84906801e-01]
 [-3.88287345e-01 -5.58653744e-01 -5.48715735e-01 -6.76601375e-01]
 [-3.95963341e-01 -4.80572367e-01 -5.90709133e-01 -7.49714855e-01]
 [-3.62236891e-01 -4.64906914e-01 -6.13545164e-01 -8.78342541e-01]
 [-4.17920336e-01 -6.29809979e-01 -5.01696629e-01 -7.70372581e-01]
 [-4.60089771e-01 -5.40900758e-01 -5.39862486e-01 -7.89230742e-01]
 [-4.52932816e-01 -4.94100345e-01 -5.68183502e-01 -8.46983550e-01]
 [-4.27696558e-01 -5.28220551e-01 -5.66313429e-01 -9.14548609e-01]]",TRUE,final_models,2,30
5000,0.9,0.578153018,0.063349576,0.063740004,0.041685126,0.041947212,0.893022552,0.6569,0.2431,0.2431,0.090219108,0.090638796,0.421806969,0.424582264,-1.327086791,0.084393884,0.085084218,0.057247283,0.057715561,0.826576231,0.4678,0.4322,0.075045751,0.075659619,0.620095342,0.625167668,-1.261794602,0.042305269,0.04239579,0.026122968,0.026178864,0.959468873,0.846,0.054,0.105392464,0.105617973,0.223518596,0.22399686,-1.39237898,0.024814276,0.020323333,0.123222102,0.609195402,0.406416891,0.423722805,0.959157464,87,165,"[[ 4.51009825e-01  9.96418409e-01  2.48371085e-01  5.93029385e-01]
 [ 4.87072716e-01  9.35204124e-01  2.12448278e-01  6.52402401e-01]
 [ 5.61019463e-01  9.60897144e-01  1.49059407e-01  5.26192475e-01]
 [ 4.37165515e-01  9.94148297e-01  1.96650436e-01  4.98093227e-01]
 [ 5.65099385e-01  8.70088110e-01  1.73639107e-01  5.37241541e-01]
 [ 4.22878476e-01  8.29437507e-01  2.10180426e-01  5.97364644e-01]
 [ 4.90420170e-01  9.18568077e-01  1.19901478e-01  4.79326803e-01]
 [ 3.90704682e-01  8.83430900e-01  1.74537992e-01  5.27695004e-01]
 [ 4.40898329e-01  8.35018300e-01  2.18947643e-01  4.40417057e-01]
 [ 4.81225614e-01  7.86800731e-01  1.52188817e-01  5.31908073e-01]
 [ 3.69792858e-01  8.47480025e-01  1.12230221e-01  5.82049979e-01]
 [ 3.58350655e-01  8.14185450e-01  1.38288002e-01  5.03675090e-01]
 [ 4.48761564e-01  6.78176507e-01  1.56012107e-01  4.81753938e-01]
 [ 3.96763811e-01  6.89960012e-01  2.06235055e-01  4.20226747e-01]
 [ 3.85628695e-01  7.51526225e-01  8.17031972e-02  4.59122472e-01]
 [ 4.19603126e-01  6.42871484e-01  8.56809784e-02  5.27192451e-01]
 [ 3.41692748e-01  7.34425507e-01  1.16190840e-01  4.00362222e-01]
 [ 2.84759892e-01  7.55973579e-01  1.53602347e-01  3.45459484e-01]
 [ 3.04449486e-01  7.85606045e-01  9.59426668e-02  3.02763674e-01]
 [ 2.70005487e-01  6.62666846e-01  1.92762198e-01  3.87817591e-01]
 [ 3.31344293e-01  5.89199774e-01  1.02163456e-01  5.04177658e-01]
 [ 4.02426176e-01  6.18064059e-01  1.07433381e-01  3.17548854e-01]
 [ 2.49090530e-01  6.14186261e-01  1.38618497e-01  4.32123108e-01]
 [ 4.09191819e-01  5.55751637e-01  7.21281152e-02  3.81256081e-01]
 [ 2.50144277e-01  6.29860790e-01  5.67181148e-02  4.63773753e-01]
 [ 2.82433495e-01  5.90821130e-01  9.33525488e-02  4.11163734e-01]
 [ 2.39552701e-01  7.01706260e-01  4.77230176e-02  3.29201097e-01]
 [ 2.71876665e-01  4.99712879e-01  7.17284940e-02  5.11946028e-01]
 [ 3.16291522e-01  6.01577947e-01  5.13985641e-02  2.86481610e-01]
 [ 2.62597926e-01  6.71431869e-01 -1.54999122e-02  3.16721901e-01]
 [ 3.38919515e-01  4.29750906e-01  8.75301361e-02  3.57638638e-01]
 [ 3.16995589e-01  5.08900914e-01  9.51997004e-02  2.44867394e-01]
 [ 2.74761610e-01  6.22964231e-01  4.45057862e-02  1.81280263e-01]
 [ 2.07392229e-01  5.22911470e-01  8.33657123e-02  2.95858581e-01]
 [ 2.59824678e-01  4.76159880e-01 -3.17537524e-02  4.25364973e-01]
 [ 2.06196573e-01  6.15658822e-01  4.88381833e-04  2.35414125e-01]
 [ 1.99901514e-01  4.44711823e-01  5.50441891e-02  3.49205745e-01]
 [ 3.40294458e-01  4.61951282e-01  1.21930316e-02  1.73695460e-01]
 [ 1.81926159e-01  5.08803556e-01 -1.13550983e-02  2.96950456e-01]
 [ 2.51675619e-01  4.19917202e-01  6.30597994e-02  2.37068968e-01]
 [ 1.10906109e-01  4.71219886e-01  9.55692865e-03  3.80575852e-01]
 [ 2.39135250e-01  4.76108227e-01  7.26037361e-02  1.18406821e-01]
 [ 2.19666222e-01  5.28250067e-01 -1.81410946e-02  1.68858053e-01]
 [ 1.99010530e-01  4.12581796e-01  1.06934868e-01  1.82082580e-01]
 [ 1.72242889e-01  3.53940995e-01  1.67883299e-02  3.37305637e-01]
 [ 1.08963130e-01  3.69683361e-01  7.37996493e-02  3.05749172e-01]
 [ 2.81878198e-01  3.63299528e-01  3.61981429e-02  1.37869593e-01]
 [ 2.17239523e-01  3.63381688e-01 -7.79325403e-02  3.19827745e-01]
 [ 1.22386780e-01  4.47229793e-01 -5.86020891e-02  2.76369391e-01]
 [ 1.51167482e-01  4.94130077e-01 -2.01639496e-02  1.01417210e-01]
 [ 1.61976153e-01  4.29740932e-01 -5.02821878e-02  1.60726810e-01]
 [ 2.76868075e-01  2.49980776e-01 -7.12313410e-02  2.49484040e-01]
 [ 2.80952811e-01  3.02703727e-01  2.72309035e-03  7.65451137e-02]
 [ 1.65156266e-01  3.94042699e-01  6.55474141e-03  5.67653086e-02]
 [ 1.78817295e-01  2.61195611e-01  6.73108287e-02  1.31360261e-01]
 [ 1.87412698e-01  2.28554521e-01  5.77365998e-02  1.65218741e-01]
 [ 1.02476459e-01  2.76943572e-01  2.96019036e-02  2.25538796e-01]
 [ 2.11973555e-01  2.70519415e-01 -2.54529826e-02  1.48822894e-01]
 [ 8.59113242e-02  3.38272652e-01  5.62401097e-02  3.68646979e-02]
 [-9.20705497e-06  3.05766864e-01  1.72283556e-02  2.09365753e-01]
 [ 2.05068175e-01  2.38769116e-01 -9.94957145e-02  1.79478891e-01]
 [ 9.78249907e-02  2.97756026e-01 -4.24979199e-02  1.17456833e-01]
 [ 2.33321456e-01  1.77295115e-01 -6.46772925e-02  1.13789214e-01]
 [ 1.25975264e-01  1.67942280e-01  2.81056520e-02  1.03894746e-01]
 [ 1.74967639e-01  1.88949084e-01 -1.44811962e-02  5.42989485e-02]
 [ 1.37064904e-02  2.23259455e-01 -6.17709644e-02  2.10669413e-01]
 [ 1.71393521e-01  2.52377175e-01 -1.38982298e-01  7.80715477e-02]
 [ 5.65694924e-02  3.16474721e-01 -1.00992085e-01  5.79589382e-02]
 [ 9.28187314e-02  1.82711778e-01  6.87462837e-02  9.84018855e-03]
 [ 1.23139186e-01  9.65682138e-02  3.50606851e-02  1.15219370e-01]
 [-1.24578942e-02  2.67986756e-01 -3.55803128e-02  7.11318124e-02]
 [ 1.69128170e-01  8.73525031e-02 -7.47652147e-02  1.35962579e-01]
 [ 2.72646174e-03  2.03063194e-01  1.02978647e-02  7.13368617e-02]
 [ 2.03095386e-01  1.05922058e-01 -3.87930330e-02  1.11491978e-02]
 [ 8.18193760e-02  1.41026136e-01 -1.12968568e-01  1.45167189e-01]
 [ 5.40457051e-02  1.58801273e-01  2.26157699e-02 -2.94333883e-03]
 [ 4.79723010e-02  1.61549054e-01 -2.40176469e-02  2.04687323e-02]
 [ 8.71724021e-02  1.84482982e-01 -7.21051600e-02 -2.91971955e-02]
 [ 1.63712068e-01  1.15184126e-01 -1.16167665e-01 -2.42111087e-03]
 [ 9.04297903e-02 -8.53824988e-03  2.73002684e-02  6.97913747e-02]
 [-2.24220455e-02  6.29241057e-02  4.30194661e-02  6.77959397e-02]
 [ 1.42796915e-01  2.39327345e-02 -1.04826799e-01  7.07616527e-02]
 [-1.60321612e-02  2.04589503e-01 -1.61050363e-01  4.75964397e-02]
 [ 1.31228819e-01  5.75324856e-02 -1.44655515e-01  3.09531968e-02]
 [ 7.59780034e-02  8.17905180e-03 -4.87875976e-02  3.90828792e-02]
 [ 4.23348136e-03  9.27697439e-02 -1.27367726e-01  5.94399609e-02]
 [-4.85163927e-02  1.54681936e-01 -6.85971696e-02 -4.43935860e-02]
 [-3.62580214e-02  4.19234708e-02 -6.06645569e-02  2.40060408e-02]
 [ 6.96063042e-02  3.60113718e-02 -1.12858918e-02 -1.57494487e-01]
 [ 3.66867147e-02  1.74715519e-02 -9.44542233e-02 -3.23077496e-02]
 [-1.06171478e-01  1.21531997e-01 -1.38210626e-01  1.20145343e-02]
 [-4.77661937e-03  9.95746348e-02 -2.15617862e-01 -5.23981825e-03]
 [-7.56713878e-02  5.02089616e-02 -1.08715577e-01 -1.71092432e-02]
 [ 4.86171246e-02  5.03388848e-02 -1.56065941e-01 -1.16038436e-01]
 [ 9.93936416e-02 -7.68916216e-02 -5.04033510e-02 -1.44337878e-01]
 [-4.65512145e-02  6.27803989e-03 -4.29246016e-03 -1.42419362e-01]
 [-4.90578543e-02 -4.46871947e-02 -2.70371605e-02 -9.38164461e-02]
 [ 4.33334075e-02 -2.35736910e-02 -1.25019565e-01 -1.31919103e-01]
 [-1.43099720e-01  3.46994121e-02 -5.26808165e-02 -1.11289924e-01]
 [-8.70563854e-02  1.66087598e-02 -1.40762430e-01 -6.86134417e-02]
 [ 3.71219646e-02 -1.58457218e-01 -5.97283337e-02 -1.05902201e-01]
 [-9.98076610e-02  7.90514778e-02 -1.79675840e-01 -1.29939593e-01]
 [-1.39769023e-01 -7.96325319e-03 -4.12422828e-02 -1.25194414e-01]
 [-1.09364968e-01 -8.71181116e-02 -8.52099974e-02 -3.42346318e-02]
 [-1.28576383e-02 -1.05656732e-01 -5.90489935e-02 -1.59534745e-01]
 [-7.70824552e-02 -1.25791337e-01 -4.95713633e-02 -9.07058399e-02]
 [-5.91165721e-02  6.74916450e-02 -1.70714602e-01 -2.75344932e-01]
 [ 2.44978853e-02 -2.22357366e-01 -2.63122823e-02 -1.71134356e-01]
 [-6.70868289e-02 -5.73057234e-02 -1.40558627e-01 -1.79220447e-01]
 [-1.11297702e-01 -1.88706582e-01 -2.06075031e-02 -1.55935373e-01]
 [-2.93297712e-02 -4.61425893e-02 -1.47329900e-01 -2.92478435e-01]
 [-5.50571084e-02 -1.48083964e-01 -1.62612639e-01 -1.36188602e-01]
 [-2.48529725e-02 -7.65127894e-02 -1.90431397e-01 -2.38871049e-01]
 [-8.55120756e-02 -1.19015194e-01 -3.63937821e-02 -3.12164137e-01]
 [-1.30139463e-01 -1.74097726e-01 -1.47549255e-01 -1.04822570e-01]
 [-1.93876177e-01 -9.25010759e-02 -1.50034515e-01 -1.45425636e-01]
 [-1.52578574e-01 -7.35731628e-02 -1.25555431e-01 -2.57875724e-01]
 [-2.05928717e-01 -1.21889167e-01 -1.00423839e-01 -1.90605089e-01]
 [-1.15736358e-01 -1.56391423e-01 -6.32627998e-02 -3.12776305e-01]
 [-9.65350382e-02 -1.27247034e-01 -1.87197968e-01 -2.73009803e-01]
 [-1.69969337e-01 -2.04946639e-01 -7.78540000e-02 -2.49868099e-01]
 [-1.06763741e-01 -2.52108511e-01 -1.46115938e-01 -2.26342643e-01]
 [-1.89441336e-01 -6.21405393e-02 -1.99704906e-01 -3.23301777e-01]
 [-1.81968493e-01 -2.37997316e-01 -1.72667759e-01 -1.64165080e-01]
 [-1.23170335e-01 -1.82037368e-01 -2.57095648e-01 -2.33077707e-01]
 [-1.98853314e-01 -1.30618762e-01 -1.10669095e-01 -4.06661805e-01]
 [-1.57734349e-01 -3.29804309e-01 -9.92099810e-02 -2.65216114e-01]
 [-2.19661796e-01 -2.24959496e-01 -1.66003922e-01 -3.01635804e-01]
 [-1.62779739e-01 -1.98793804e-01 -2.58037914e-01 -3.29341626e-01]
 [-2.48940907e-01 -1.23363392e-01 -2.30131248e-01 -3.83071521e-01]
 [-3.59542260e-01 -2.42372524e-01 -1.54164242e-01 -2.19402522e-01]
 [-1.35536829e-01 -2.98962072e-01 -1.84786301e-01 -4.01486035e-01]
 [-2.91569469e-01 -2.32295424e-01 -1.29814217e-01 -3.71406229e-01]
 [-3.32937287e-01 -2.77153319e-01 -1.08754409e-01 -3.79307844e-01]
 [-2.83583926e-01 -2.62337558e-01 -2.45225556e-01 -3.32022637e-01]
 [-2.34638251e-01 -2.08041834e-01 -2.39992922e-01 -5.21470288e-01]
 [-2.40328338e-01 -4.05449266e-01 -1.44858994e-01 -4.14000295e-01]
 [-2.78768163e-01 -3.25504461e-01 -2.15593811e-01 -3.91303146e-01]
 [-3.20583286e-01 -2.11772498e-01 -2.34222775e-01 -4.96103739e-01]
 [-3.06526359e-01 -3.33612006e-01 -2.71688385e-01 -3.64488060e-01]
 [-4.05519361e-01 -2.90312909e-01 -1.97786866e-01 -4.25652031e-01]
 [-4.59810529e-01 -3.74850627e-01 -1.18230533e-01 -4.13111268e-01]
 [-5.13892230e-01 -3.04578833e-01 -1.94615453e-01 -3.65343085e-01]
 [-4.39945489e-01 -3.41494782e-01 -1.31249560e-01 -4.85111894e-01]
 [-3.63805447e-01 -2.67800424e-01 -2.56743597e-01 -5.22701699e-01]
 [-3.79645098e-01 -3.59846544e-01 -2.88702749e-01 -3.95629024e-01]
 [-3.58431617e-01 -3.23265374e-01 -2.30281260e-01 -5.48824241e-01]
 [-4.72240400e-01 -3.79191430e-01 -2.22556459e-01 -3.89826640e-01]
 [-3.45367158e-01 -4.69100982e-01 -2.39906006e-01 -4.18217948e-01]
 [-4.22839252e-01 -3.39751597e-01 -1.73263771e-01 -5.79643531e-01]
 [-4.35865803e-01 -4.85098924e-01 -1.70941295e-01 -4.49408455e-01]
 [-5.48032613e-01 -3.65298251e-01 -2.19305787e-01 -4.27063096e-01]
 [-5.76164205e-01 -4.63980526e-01 -1.97253332e-01 -3.84401590e-01]
 [-3.34926676e-01 -5.65340232e-01 -2.21973736e-01 -5.05320968e-01]
 [-4.11934890e-01 -4.15533312e-01 -3.14583521e-01 -4.79432534e-01]
 [-4.90953373e-01 -3.65404217e-01 -2.66281001e-01 -5.51090131e-01]
 [-4.57771624e-01 -5.38079491e-01 -2.39262244e-01 -5.37220862e-01]
 [-5.62012332e-01 -4.66105172e-01 -2.48987213e-01 -5.39976824e-01]
 [-5.11464179e-01 -4.91054172e-01 -3.51788511e-01 -4.80951246e-01]
 [-5.94897460e-01 -5.31820022e-01 -2.99015673e-01 -5.06175889e-01]
 [-4.77268755e-01 -4.82565716e-01 -3.30996029e-01 -6.33739861e-01]
 [-6.18898747e-01 -4.84870896e-01 -3.42962166e-01 -5.75383268e-01]
 [-5.03887646e-01 -5.21062244e-01 -3.36941583e-01 -6.30865285e-01]
 [-6.86373651e-01 -5.47320027e-01 -3.52127038e-01 -5.99739334e-01]
 [-6.26762604e-01 -6.10868765e-01 -3.27434700e-01 -6.61553998e-01]]",TRUE,final_models,3,30
5000,0.9,0.571611446,0.12662106,0.127311303,0.083179578,0.083606741,0.608315261,0.5522,0.3478,0.3478,0.121622014,0.122239726,0.916933967,0.921838946,-0.793072245,0.138840094,0.139975794,0.082508181,0.08318309,0.533593454,0.5986,0.3014,0.118365623,0.119333843,0.974473165,0.982444271,-0.787706737,0.114402026,0.114646813,0.083850976,0.084030393,0.683037069,0.5058,0.3942,0.124878405,0.125145608,0.859394769,0.86123362,-0.798437752,0.182062659,0.094001347,0.361719874,0.011494253,0.249837406,0.423722805,0.589624641,87,197,"[[ 0.59521255  0.6319671   0.56038656  0.3066789 ]
 [ 0.56291406  0.5926225   0.58626709  0.31825856]
 [ 0.63561152  0.69080409  0.46385438  0.30653466]
 [ 0.58316722  0.70655777  0.3753603   0.33748176]
 [ 0.50870013  0.66353187  0.44989241  0.27592417]
 [ 0.54099754  0.62359206  0.41523372  0.34901535]
 [ 0.56019117  0.59072476  0.3342443   0.2994529 ]
 [ 0.56840461  0.64155063  0.29194837  0.20479854]
 [ 0.58881216  0.66488524  0.14257916  0.2896222 ]
 [ 0.55746961  0.56054564  0.25351702  0.23171287]
 [ 0.5325643   0.59840382  0.23309668  0.19876012]
 [ 0.51960335  0.65558596  0.11354206  0.22235037]
 [ 0.54929581  0.5387678   0.06650576  0.31606152]
 [ 0.62851936  0.5401866  -0.06276601  0.3097649 ]
 [ 0.48633531  0.60015915 -0.04784581  0.33965225]
 [ 0.54159071  0.49184484  0.0401393   0.25856823]
 [ 0.50164612  0.57538007 -0.08402072  0.27965127]
 [ 0.52144633  0.60873591 -0.16552215  0.3218819 ]
 [ 0.54187278  0.54557529 -0.13930638  0.38558604]
 [ 0.56690491  0.4783477  -0.11709308  0.27160774]
 [ 0.58175171  0.56501445 -0.25851957  0.29323391]
 [ 0.57052375  0.52703643 -0.22418321  0.26027066]
 [ 0.47494652  0.56735241 -0.20267239  0.2617579 ]
 [ 0.46986366  0.53699245 -0.15071316  0.20696891]
 [ 0.51412913  0.55311636 -0.31674078  0.35874389]
 [ 0.49790087  0.52906922 -0.2838146   0.29179248]
 [ 0.52207764  0.47503927 -0.29037432  0.28537445]
 [ 0.50407036  0.63673797 -0.49363705  0.37914615]
 [ 0.42603058  0.57359047 -0.39182097  0.31061992]
 [ 0.47383837  0.45099165 -0.32775915  0.34536779]
 [ 0.59278632  0.42278932 -0.40117714  0.29773594]
 [ 0.43062027  0.43081579 -0.25323086  0.28390152]
 [ 0.61301261  0.55112742 -0.57253248  0.27354748]
 [ 0.58687834  0.58569949 -0.64347136  0.3872953 ]
 [ 0.60481953  0.47295446 -0.53835164  0.33154072]
 [ 0.43706926  0.46117629 -0.33454573  0.24738692]
 [ 0.51702225  0.50133713 -0.53266872  0.39874125]
 [ 0.49431031  0.49503479 -0.54152014  0.39720616]
 [ 0.60144078  0.52167759 -0.67695165  0.32798521]
 [ 0.4468349   0.57167747 -0.65544036  0.32161516]
 [ 0.37509137  0.5312302  -0.54364799  0.341362  ]
 [ 0.53283943  0.55857068 -0.77046647  0.29103734]
 [ 0.53398577  0.42462615 -0.64537204  0.31997649]
 [ 0.3993975   0.45305772 -0.56415698  0.27239326]
 [ 0.55595759  0.48039781 -0.86910049  0.34511585]
 [ 0.4254937   0.41841686 -0.64952681  0.37734112]
 [ 0.38733738  0.48195752 -0.68630018  0.31363603]
 [ 0.47281318  0.34657037 -0.60241379  0.29113323]
 [ 0.54402711  0.44679831 -0.8813567   0.3033505 ]
 [ 0.50620377  0.41613141 -0.84197064  0.40836508]
 [ 0.44812997  0.43779409 -0.78028298  0.28609907]
 [ 0.50377952  0.35465715 -0.73571765  0.30496383]
 [ 0.45448037  0.39984611 -0.73649434  0.252162  ]
 [ 0.39759809  0.42649103 -0.83195655  0.3514716 ]
 [ 0.45077903  0.40754809 -0.82311757  0.24518889]
 [ 0.52380036  0.29891746 -0.7777973   0.27982172]
 [ 0.33220597  0.40282772 -0.67356292  0.24876713]
 [ 0.42791794  0.35668988 -0.80316146  0.27346684]
 [ 0.35328832  0.37268771 -0.85625129  0.36764277]
 [ 0.29101693  0.39196751 -0.84616328  0.38261303]
 [ 0.34971694  0.25679618 -0.62360795  0.25922086]
 [ 0.29640518  0.32853142 -0.70023671  0.27896766]
 [ 0.37267271  0.34354308 -0.89426434  0.29657303]
 [ 0.34038555  0.38105698 -0.99045408  0.32848855]
 [ 0.4313715   0.23158903 -0.77758903  0.22686024]
 [ 0.29003629  0.29829342 -0.64925788  0.18974437]
 [ 0.36983987  0.1932426  -0.7481322   0.36045422]
 [ 0.3002877   0.35186579 -0.86522716  0.22319697]
 [ 0.37001984  0.31134271 -0.94375544  0.23470015]
 [ 0.35815419  0.27804765 -0.80572878  0.16364555]
 [ 0.24851665  0.2527611  -0.76288275  0.36313526]
 [ 0.41660836  0.17024582 -0.92862982  0.34416355]
 [ 0.28160304  0.29223165 -0.9680974   0.35613959]
 [ 0.28853673  0.17293698 -0.67477689  0.29885061]
 [ 0.34493478  0.15318761 -0.7687962   0.33579659]
 [ 0.3095396   0.22672346 -0.84357316  0.27027898]
 [ 0.28130237  0.2031831  -0.72572855  0.23230003]
 [ 0.24076022  0.22234774 -0.86207316  0.3402936 ]
 [ 0.2286478   0.28196657 -0.98659526  0.28527149]
 [ 0.1726433   0.20155505 -0.70607269  0.30631648]
 [ 0.22895647  0.21439426 -0.69747747  0.16144515]
 [ 0.25624762  0.10246433 -0.71043076  0.32608986]
 [ 0.27316578  0.13641771 -0.88231838  0.37530501]
 [ 0.17939363  0.17137594 -0.63168865  0.22491045]
 [ 0.19689722  0.15855452 -0.83311358  0.4054931 ]
 [ 0.22149793  0.18923654 -0.88838354  0.26142267]
 [ 0.31264294  0.06753246 -0.86595465  0.28926309]
 [ 0.16816399  0.24048414 -0.85540941  0.18804566]
 [ 0.18658919  0.17694185 -0.93882181  0.32097409]
 [ 0.26442738  0.11194412 -0.89157408  0.2217178 ]
 [ 0.19932528  0.09708203 -0.74454408  0.25523212]
 [ 0.22428816  0.15709841 -0.96134088  0.20736517]
 [ 0.20398577  0.08915881 -0.81505211  0.24658055]
 [ 0.15430763  0.10624006 -0.9109845   0.30396635]
 [ 0.13511399  0.0767905  -0.83953182  0.3442592 ]
 [ 0.14709895  0.11574984 -0.72202677  0.15002999]
 [ 0.17403589  0.10769761 -0.79069176  0.12126506]
 [ 0.08367594  0.09205602 -0.75102588  0.25093678]
 [ 0.13782029  0.04661354 -0.76411412  0.1868918 ]
 [ 0.16489697 -0.03612775 -0.84739808  0.33013167]
 [ 0.23669516 -0.04791625 -0.86968777  0.20210622]
 [ 0.17590537 -0.02818166 -0.71414406  0.16715248]
 [ 0.07635113  0.00732319 -0.7306137   0.28730947]
 [ 0.08088953  0.06186941 -0.83282938  0.21783629]
 [ 0.14987661  0.01350184 -0.98536984  0.22720002]
 [ 0.09713442 -0.02194001 -0.94376232  0.34934019]
 [ 0.00823312  0.04170574 -0.82605754  0.31632468]
 [ 0.03634468 -0.05833488 -0.60125102  0.2503949 ]
 [ 0.10613799 -0.10657975 -0.70724332  0.27025995]
 [ 0.1413265  -0.00398564 -0.76730897  0.07681124]
 [-0.03785328  0.03705717 -0.72246656  0.27211061]
 [ 0.02009598  0.01813465 -0.73934461  0.18242865]
 [ 0.10969982 -0.08303152 -0.85621383  0.23203676]
 [ 0.06889807  0.02851356 -0.91762586  0.13363633]
 [ 0.04451085 -0.03314664 -0.78142444  0.17042552]
 [ 0.06124238 -0.09619318 -0.88528172  0.28774409]
 [ 0.04688799  0.01012629 -0.81240519  0.09302922]
 [-0.05685919  0.02914184 -0.83909035  0.23388726]
 [-0.01133269 -0.05173724 -0.94678533  0.33316497]
 [ 0.08896661 -0.05333356 -0.92619518  0.11822886]
 [ 0.05281676 -0.11797101 -0.70021308  0.13307907]
 [ 0.07937162 -0.13768092 -0.75903628  0.1430228 ]
 [-0.03951347 -0.07536575 -0.58464876  0.10864746]
 [-0.06784724 -0.00340598 -0.79665381  0.15437452]
 [ 0.0180777  -0.09375782 -0.75777169  0.10721015]
 [-0.0843341  -0.06255192 -0.88029842  0.2716913 ]
 [-0.02414264 -0.11674447 -0.84683575  0.21586356]
 [-0.09274447 -0.08813689 -0.6903651   0.18050284]
 [-0.15093148 -0.01915406 -0.86464245  0.24843101]
 [-0.0613428  -0.20254729 -0.83150726  0.37207472]
 [-0.05075048 -0.01959598 -0.93313306  0.07177974]
 [-0.12492196 -0.12864116 -0.66350005  0.19455776]
 [-0.15426006 -0.11183264 -0.78195572  0.28271998]
 [ 0.01223631 -0.24223038 -0.81804713  0.20451209]
 [-0.05631716 -0.17035604 -0.75651346  0.15907592]
 [-0.11956422 -0.06500207 -0.75793058  0.09115653]
 [-0.11773723 -0.22132821 -0.73700467  0.27429124]
 [-0.03336687 -0.24150666 -0.72998961  0.12904802]
 [-0.00658229 -0.23389789 -0.78266717  0.09537012]
 [-0.09806183 -0.21340501 -0.82253117  0.22068692]
 [-0.15637204 -0.14390287 -0.74785748  0.16337132]
 [-0.07729108 -0.18077832 -0.89347195  0.11468589]
 [-0.12942721 -0.13630746 -0.80395408  0.06521346]
 [-0.21986702 -0.21829717 -0.75959952  0.27875444]
 [-0.15530885 -0.20572084 -0.71297714  0.09768188]
 [-0.22251802 -0.12465454 -0.73777716  0.08687641]
 [-0.07037264 -0.28438308 -0.74929079  0.04282393]
 [-0.22497277 -0.18609649 -0.83988047  0.19001826]
 [-0.25850684 -0.16977855 -0.68351244  0.10904058]
 [-0.2394272  -0.25665545 -0.70197627  0.19919426]
 [-0.14842112 -0.30061563 -0.66200547  0.07389402]
 [-0.16658092 -0.18736069 -0.69502924 -0.04495865]
 [-0.17521992 -0.29209896 -0.85847914  0.17007253]
 [-0.2002581  -0.215863   -0.87954122  0.08410577]
 [-0.17293514 -0.22549127 -0.79161328 -0.00857643]
 [-0.23308468 -0.34367744 -0.78514023  0.23166064]
 [-0.20481507 -0.2794181  -0.75404065  0.04536453]
 [-0.31183739 -0.2630224  -0.72241289  0.12820617]
 [-0.27711916 -0.27109847 -0.7902291   0.10036427]
 [-0.25026311 -0.32485395 -0.69150072  0.06251529]
 [-0.25561704 -0.38825953 -0.85489931  0.21327982]
 [-0.31592092 -0.4065884  -0.69792654  0.18722887]
 [-0.30258752 -0.28304103 -0.71263056 -0.00980785]
 [-0.28255877 -0.3958609  -0.65781922  0.06242217]
 [-0.34133003 -0.30499847 -0.63375153  0.00303289]
 [-0.38298492 -0.39337696 -0.60885888  0.13287179]
 [-0.33043584 -0.31545175 -0.90103194  0.1114403 ]
 [-0.26718896 -0.42185972 -0.89464422  0.13831152]
 [-0.41298873 -0.29736007 -0.77406733  0.13173857]
 [-0.19258736 -0.41659085 -0.87110788 -0.02693372]
 [-0.31837568 -0.34514548 -0.84948436  0.03696788]
 [-0.29525888 -0.36807954 -0.80134109 -0.04374301]
 [-0.35067623 -0.43026683 -0.75035342  0.08809451]
 [-0.3213312  -0.38754477 -0.73519384 -0.05369388]
 [-0.37166768 -0.47038091 -0.73189436  0.12202675]
 [-0.30746003 -0.44958821 -0.82489894  0.02457617]
 [-0.3306077  -0.45888085 -0.77929576 -0.0158477 ]
 [-0.4095536  -0.48563499 -0.67953253  0.02784916]
 [-0.40536956 -0.55621993 -0.76577315  0.17423389]
 [-0.47376529 -0.46533629 -0.7715477   0.11850964]
 [-0.4331603  -0.53258848 -0.71371155  0.085845  ]
 [-0.4484791  -0.47734944 -0.72519916 -0.02107386]
 [-0.38817841 -0.44240226 -0.81969217 -0.10965933]
 [-0.39606856 -0.52057474 -0.79137112 -0.05777439]
 [-0.37498451 -0.6020634  -0.85679994  0.01693271]
 [-0.53172359 -0.5190226  -0.73186187 -0.02675992]
 [-0.42090146 -0.64633111 -0.65914816 -0.09573093]
 [-0.37608496 -0.65780841 -0.8305578   0.01444143]
 [-0.35494002 -0.71488291 -0.77098265 -0.03585157]
 [-0.47778493 -0.67979622 -0.75311383 -0.00766617]
 [-0.45101585 -0.65705836 -0.69702769 -0.22102448]
 [-0.52629882 -0.64427543 -0.84939479 -0.06472982]
 [-0.39930921 -0.80209352 -0.74498426 -0.1395546 ]
 [-0.53708134 -0.70538255 -0.81457247 -0.12599541]
 [-0.434036   -0.7945229  -0.79704574 -0.10490025]
 [-0.47040762 -0.83728192 -0.87183442 -0.03951246]
 [-0.4674234  -0.7739995  -0.83896969 -0.22971172]]",TRUE,final_models,4,30
5000,0.9,0.508539804,0.049193658,0.049439443,0.034173957,0.034344214,0.940901586,0.7606,0.1394,0.1394,0.091414712,0.091848732,0.253311765,0.254577383,-1.430956284,0.046529716,0.046910325,0.032162654,0.032425741,0.94893189,0.7474,0.1526,0.078944275,0.079590032,0.239595984,0.241555858,-1.471850265,0.051857601,0.051968561,0.036185261,0.036262687,0.932871281,0.7738,0.1262,0.103885148,0.104107432,0.267027547,0.267598907,-1.390062304,0.014666941,0.008899756,0.103439359,0.896551724,0.422750468,0.423722805,0.997705253,87,168,"[[ 0.66063615  0.5302188   0.63125313  0.64063559]
 [ 0.65177715  0.59278322  0.65795826  0.58135507]
 [ 0.71706493  0.49597557  0.62531077  0.58905815]
 [ 0.73231947  0.5707348   0.55273044  0.62973888]
 [ 0.75037355  0.45512408  0.58027925  0.5666673 ]
 [ 0.81767585  0.61614836  0.61313631  0.5744357 ]
 [ 0.80626814  0.7147315   0.58859047  0.61013904]
 [ 0.7634619   0.63990427  0.47581862  0.5188849 ]
 [ 0.84801955  0.67098076  0.52182625  0.55062588]
 [ 0.93327063  0.68745543  0.57517734  0.5816943 ]
 [ 0.89255042  0.61265901  0.42497127  0.63730847]
 [ 0.89061696  0.72981958  0.48578172  0.54709419]
 [ 0.76545123  0.45937169  0.35466282  0.39287201]
 [ 0.66909528  0.33058756  0.39076233  0.42362972]
 [ 0.98160636  0.71710934  0.40066099  0.67227938]
 [ 0.54793968  0.42051115  0.44160205  0.29495231]
 [ 0.64276847  0.26900754  0.42967593  0.3618451 ]
 [ 0.55790619  0.27048995  0.36828268  0.44276272]
 [ 0.5156439   0.3665789   0.40790099  0.32998801]
 [ 0.60013825  0.34379707  0.30268078  0.38133471]
 [ 0.45984265  0.41339899  0.34150521  0.30890415]
 [ 0.63125763  0.29796861  0.3208459   0.28637711]
 [ 0.56759426  0.22160191  0.39323539  0.30991833]
 [ 0.4359587   0.28927234  0.38639012  0.33535111]
 [ 0.44618852  0.31187107  0.28116182  0.37592596]
 [ 0.39123635  0.38535026  0.24653797  0.33746225]
 [ 0.49903077  0.15608576  0.3200778   0.35553962]
 [ 0.48090661  0.28865161  0.2081033   0.34911779]
 [ 0.36501314  0.27611874  0.29539551  0.34454777]
 [ 0.37227245  0.24585798  0.32964429  0.32762704]
 [ 0.41922724  0.35476026  0.28223865  0.21803337]
 [ 0.5123884   0.1762257   0.2824307   0.29054154]
 [ 0.4089376   0.22962936  0.26091222  0.29595041]
 [ 0.42849826  0.29929376  0.19937981  0.24367436]
 [ 0.47314532  0.19424689  0.16691368  0.32307228]
 [ 0.41184657  0.13498943  0.34271726  0.23526174]
 [ 0.43091325  0.17394877  0.22463036  0.25956907]
 [ 0.3080607   0.20902019  0.23465628  0.29163975]
 [ 0.23539129  0.21635607  0.21616874  0.34577349]
 [ 0.30031871  0.30415936  0.14036489  0.25494307]
 [ 0.22904851  0.12957823  0.2973109   0.31721336]
 [ 0.34551508  0.19131176  0.22800642  0.17807573]
 [ 0.31997217  0.12013401  0.21205438  0.27180116]
 [ 0.3694436   0.1512277   0.25422504  0.14120718]
 [ 0.30865411  0.17877289  0.16169895  0.23952663]
 [ 0.38676161  0.07182964  0.12201398  0.28309793]
 [ 0.15943292  0.29015645  0.18320473  0.20436385]
 [ 0.34878294 -0.01694083  0.21993494  0.28598201]
 [ 0.16766594  0.19568698  0.19180455  0.24893412]
 [ 0.30619554  0.11537685  0.26064328  0.10853748]
 [ 0.25646173  0.05452878  0.29418525  0.16836565]
 [ 0.16874337  0.16551002  0.14229484  0.28227803]
 [ 0.2103351   0.09905672  0.23146482  0.18954472]
 [ 0.22085755  0.1552628   0.11713276  0.22869906]
 [ 0.27842808  0.10831525  0.18759142  0.13541384]
 [ 0.28939178  0.14596611  0.0887577   0.15869892]
 [ 0.31334438  0.02550206  0.13766903  0.19698669]
 [ 0.26390906  0.04453835  0.10423672  0.25248541]
 [ 0.33253804  0.05513452  0.11284721  0.15472959]
 [ 0.1874127   0.22855452  0.0577366   0.16521874]
 [ 0.11354413  0.21144079  0.15507028  0.15487856]
 [ 0.1916505   0.03722536  0.07000705  0.32248841]
 [ 0.29370021 -0.07009866  0.08074735  0.29687875]
 [ 0.10097878  0.15229286  0.05114863  0.27219427]
 [ 0.14516513  0.13434253  0.22235343  0.06019946]
 [ 0.08333976  0.00144153  0.24539616  0.22018395]
 [ 0.15525413  0.05072115  0.0923951   0.20971872]
 [ 0.17745123  0.07853356  0.13105395  0.064741  ]
 [ 0.190657    0.06936349  0.01801386  0.14636059]
 [ 0.18406442 -0.08757296  0.10015384  0.22294596]
 [ 0.24626594  0.00679023  0.05240939  0.08454878]
 [ 0.14766055 -0.05685277  0.18567432  0.11010751]
 [ 0.12313919  0.09656821  0.03506069  0.11521937]
 [ 0.05420243  0.05126133  0.14111038  0.09486608]
 [ 0.06084614 -0.06028167  0.11011706  0.19447362]
 [ 0.04110695 -0.031076    0.14034132  0.14149321]
 [ 0.06353198  0.03424827  0.00414284  0.17840733]
 [ 0.23190949 -0.00602082 -0.03092653  0.05652524]
 [ 0.06505192 -0.14132478  0.08758524  0.24592783]
 [ 0.0972255  -0.07158467  0.05876323  0.12913173]
 [ 0.09042979 -0.00853825  0.02730027  0.06979137]
 [-0.02242205  0.06292411  0.04301947  0.06779594]
 [ 0.031846   -0.05011892  0.17754468 -0.02502805]
 [-0.01111952 -0.10522687  0.05056698  0.17643461]
 [ 0.075978    0.00817905 -0.0487876   0.03908288]
 [ 0.04936924 -0.022261   -0.06742054  0.08746781]
 [-0.05122518 -0.04121271  0.01965003  0.11709306]
 [ 0.10869121 -0.09593418 -0.00967039  0.02593287]
 [ 0.0132882  -0.08517712 -0.0965007   0.15123488]
 [-0.00745107 -0.06317704 -0.0059078   0.04113187]
 [ 0.14225444 -0.16714229 -0.05349064  0.00494895]
 [-0.07094891 -0.13207485  0.06000649  0.07333244]
 [-0.08825741 -0.05105013 -0.0731291   0.10254462]
 [ 0.08791663 -0.15007979 -0.14362984  0.04946209]
 [-0.02504003 -0.21164052 -0.06674137  0.14720765]
 [ 0.0191582  -0.20233766 -0.03177828  0.0375927 ]
 [-0.03779098 -0.14970194 -0.09722588  0.08393052]
 [ 0.00689938 -0.12082134 -0.08658963 -0.01915829]
 [-0.02888987 -0.26826966  0.0140946   0.03871517]
 [ 0.03712196 -0.15845722 -0.05972833 -0.1059022 ]
 [-0.10936497 -0.08711811 -0.08521    -0.03423463]
 [-0.07708246 -0.12579134 -0.04957136 -0.09070584]
 [-0.04972527 -0.18275234 -0.15328995  0.00216076]
 [-0.12055892 -0.23216416 -0.04627141  0.02239582]
 [-0.01873716 -0.23849663 -0.12321566 -0.03124598]
 [-0.14170368 -0.14080319 -0.10192875 -0.05914718]
 [-0.08858943 -0.15884174 -0.20088938 -0.01088885]
 [-0.1112977  -0.18870658 -0.0206075  -0.15593537]
 [-0.17272281 -0.21797821 -0.13545308  0.0325681 ]
 [-0.16046396 -0.10521174 -0.23689546 -0.02023699]
 [-0.1662489  -0.27716271  0.00537867 -0.07691963]
 [-0.03280655 -0.25331052 -0.26380712  0.01109261]
 [-0.13013946 -0.17409773 -0.14754925 -0.10482257]
 [-0.19387618 -0.09250108 -0.15003452 -0.14542564]
 [-0.08034439 -0.31626711 -0.17410131 -0.03568324]
 [-0.19156406 -0.25551362 -0.0893422  -0.07825589]
 [-0.2114339  -0.19403713 -0.21482011 -0.03934323]
 [-0.11820594 -0.28149657 -0.10440181 -0.17188195]
 [-0.16996934 -0.20494664 -0.077854   -0.2498681 ]
 [-0.24083903 -0.23730087 -0.29243398  0.06692269]
 [-0.16308042 -0.2974907  -0.04715958 -0.20355695]
 [-0.10676374 -0.25210851 -0.14611594 -0.22634264]
 [-0.09924897 -0.22200139 -0.22893152 -0.19571701]
 [-0.18196849 -0.23799732 -0.17266776 -0.16416508]
 [-0.13837331 -0.33127693 -0.22743717 -0.06736297]
 [-0.17446539 -0.26834679 -0.20238397 -0.1325329 ]
 [-0.2685396  -0.20039646 -0.24113142 -0.09469786]
 [-0.15773435 -0.32980431 -0.09920998 -0.26521611]
 [-0.32012776 -0.33666736 -0.19332743 -0.01200537]
 [-0.23378909 -0.34984768 -0.12873589 -0.19205368]
 [-0.16518722 -0.32417742 -0.28328203 -0.15768174]
 [-0.28622535 -0.35716023 -0.17066093 -0.13681159]
 [-0.11099697 -0.30669285 -0.29435606 -0.28016019]
 [-0.11603788 -0.33894704 -0.36788357 -0.18850607]
 [-0.2455401  -0.18691871 -0.31722254 -0.26770739]
 [-0.20162018 -0.43727286 -0.22491755 -0.18288474]
 [-0.13301557 -0.39263593 -0.31991268 -0.2173797 ]
 [-0.25152277 -0.36470034 -0.34784069 -0.10311044]
 [-0.21841631 -0.34042753 -0.42806089 -0.11610284]
 [-0.20893999 -0.47555592 -0.26120704 -0.15383823]
 [-0.23916508 -0.31153175 -0.35837657 -0.22110126]
 [-0.34701915 -0.31292814 -0.26467236 -0.22829718]
 [-0.23790029 -0.34190159 -0.30776812 -0.31011089]
 [-0.29174842 -0.27239664 -0.43420235 -0.2471857 ]
 [-0.28080165 -0.48192287 -0.28751829 -0.20821444]
 [-0.27436028 -0.38710187 -0.36300238 -0.26057341]
 [-0.40405045 -0.38420086 -0.29702398 -0.24057697]
 [-0.33405522 -0.43348    -0.39643477 -0.18938698]
 [-0.26236113 -0.41996943 -0.38745787 -0.34089778]
 [-0.31756783 -0.49274984 -0.31185934 -0.32207032]
 [-0.34166282 -0.53958122 -0.33041521 -0.25262238]
 [-0.28896837 -0.45077258 -0.33245115 -0.44689836]
 [-0.31156552 -0.5288229  -0.30608466 -0.3779145 ]
 [-0.34596345 -0.48365662 -0.53952581 -0.15863205]
 [-0.45718198 -0.46870777 -0.37865738 -0.22119637]
 [-0.30053259 -0.4843723  -0.41708837 -0.40463339]
 [-0.38927251 -0.4473675  -0.40093227 -0.37351863]
 [-0.30565945 -0.49480421 -0.54813498 -0.31107556]
 [-0.45640592 -0.43645363 -0.45936236 -0.30995427]
 [-0.35790907 -0.40139886 -0.47653147 -0.46609204]
 [-0.39691614 -0.52544462 -0.49175141 -0.3018497 ]
 [-0.33804741 -0.45279621 -0.58836495 -0.43637805]
 [-0.31520561 -0.53099581 -0.55418402 -0.48996876]
 [-0.40835382 -0.5768419  -0.57228906 -0.33449864]
 [-0.38418851 -0.54414559 -0.64322649 -0.43950356]
 [-0.43841677 -0.62077186 -0.53241051 -0.4597997 ]
 [-0.394159   -0.66018121 -0.61301377 -0.50825928]
 [-0.48996826 -0.62521951 -0.68336684 -0.49901459]]",TRUE,final_models,5,30
5000,0.9,0.534809955,0.044360274,0.044603207,0.030244091,0.030405625,0.95177761,0.8084,0.0916,0.0916,0.09362505,0.094114171,0.205750834,0.206818052,-1.467000549,0.049010142,0.04941104,0.032058708,0.032320945,0.942058332,0.8276,0.0724,0.095622808,0.096404994,0.20759972,0.209297867,-1.499579531,0.039710406,0.039795374,0.028429474,0.028490304,0.961496888,0.7892,0.1108,0.091627292,0.091823348,0.203901947,0.204338237,-1.434421567,0.013096004,0.008801055,0.034923932,0.83908046,0.42165191,0.423722805,0.995112619,87,152,"[[ 0.49243376  0.36987914  0.50112949  0.6462083 ]
 [ 0.50066738  0.31660209  0.49760653  0.61030642]
 [ 0.4873069   0.35895978  0.401838    0.55214312]
 [ 0.41075578  0.40724577  0.35422439  0.65343618]
 [ 0.47592579  0.32615375  0.34770321  0.59632323]
 [ 0.46124129  0.2617493   0.31624115  0.65813814]
 [ 0.34904489  0.29094691  0.36157399  0.56426017]
 [ 0.39564805  0.32389889  0.33107772  0.4413364 ]
 [ 0.30534887  0.34092325  0.31121291  0.50275575]
 [ 0.4242346   0.21136794  0.33502496  0.5137399 ]
 [ 0.40732446  0.34393474  0.19315991  0.50731046]
 [ 0.45187388  0.11473795  0.37352652  0.54968744]
 [ 0.32306177  0.3391643   0.25941799  0.40977993]
 [ 0.40413761  0.16681207  0.29390104  0.48072015]
 [ 0.38930171  0.26812916  0.18572657  0.47380194]
 [ 0.28435029  0.2540538   0.20657173  0.53523066]
 [ 0.3811947   0.2382073   0.1893214   0.44775393]
 [ 0.28114007  0.20192736  0.30734386  0.45232395]
 [ 0.41593679  0.12626844  0.18186132  0.53985672]
 [ 0.34686908  0.09745408  0.2693679   0.48815377]
 [ 0.33753801  0.22173062  0.15185405  0.41693462]
 [ 0.25428376  0.14841602  0.21051519  0.47845418]
 [ 0.20860679  0.19263879  0.27311211  0.38244599]
 [ 0.24021122  0.19991791  0.12310852  0.52030074]
 [ 0.23539129  0.21635607  0.21616874  0.34577349]
 [ 0.28893752  0.27062065  0.11015685  0.33084208]
 [ 0.1839639   0.15054451  0.20072138  0.50006563]
 [ 0.14440051  0.22708237  0.17815129  0.47095118]
 [ 0.39875316  0.10536832  0.12844133  0.36537128]
 [ 0.22904851  0.12957823  0.2973109   0.31721336]
 [ 0.28656428  0.0761731   0.17389995  0.39648626]
 [ 0.26585182  0.17731582  0.03994155  0.43570106]
 [ 0.23345639  0.06789117  0.15527437  0.46747423]
 [ 0.14010151  0.29259014  0.05361941  0.40055415]
 [ 0.36223087  0.12557407  0.06622486  0.31101656]
 [ 0.24544792  0.10149136  0.09420434  0.38423966]
 [ 0.18024654  0.13581629  0.10816421  0.36600855]
 [ 0.16874337  0.16551002  0.14229484  0.28227803]
 [ 0.22085755  0.1552628   0.11713276  0.22869906]
 [ 0.28939178  0.14596611  0.0887577   0.15869892]
 [ 0.26390906  0.04453835  0.10423672  0.25248541]
 [ 0.20322234  0.00435827  0.18051448  0.2792889 ]
 [ 0.2094992   0.14589969 -0.04711868  0.35173314]
 [ 0.10512283  0.17237575 -0.00162952  0.38287029]
 [ 0.1916505   0.03722536  0.07000705  0.32248841]
 [ 0.10097878  0.15229286  0.05114863  0.27219427]
 [ 0.06880603  0.06448609  0.07997062  0.35286526]
 [ 0.16633794  0.05509832 -0.02472907  0.33287116]
 [ 0.15525413  0.05072115  0.0923951   0.20971872]
 [ 0.11003506 -0.00999538  0.14699789  0.26181602]
 [ 0.098589   -0.03938346  0.10346116  0.33971763]
 [ 0.18262081 -0.05538141  0.05012295  0.30828133]
 [ 0.03943419  0.09032229 -0.01476539  0.36689675]
 [ 0.190657    0.06936349  0.01801386  0.14636059]
 [ 0.02813675  0.08584209  0.0711095   0.23992689]
 [ 0.11216581  0.07185046 -0.0216583   0.22977137]
 [ 0.12313919  0.09656821  0.03506069  0.11521937]
 [ 0.16912817  0.0873525  -0.07476521  0.13596258]
 [ 0.06353198  0.03424827  0.00414284  0.17840733]
 [-0.02559816  0.10460951 -0.02517007  0.21469668]
 [ 0.06505192 -0.14132478  0.08758524  0.24592783]
 [ 0.0972255  -0.07158467  0.05876323  0.12913173]
 [ 0.04600141  0.05995245 -0.08863635  0.1643911 ]
 [ 0.14031406 -0.04998172 -0.11388076  0.18134577]
 [-0.02861771  0.0097947  -0.07432548  0.25413742]
 [-0.01111952 -0.10522687  0.05056698  0.17643461]
 [ 0.075978    0.00817905 -0.0487876   0.03908288]
 [ 0.04936924 -0.022261   -0.06742054  0.08746781]
 [-0.05122518 -0.04121271  0.01965003  0.11709306]
 [-0.07027819  0.03116522 -0.08316335  0.14919469]
 [ 0.06641974 -0.00161632 -0.20437949  0.13869409]
 [ 0.0132882  -0.08517712 -0.0965007   0.15123488]
 [-0.00745107 -0.06317704 -0.0059078   0.04113187]
 [ 0.03668671  0.01747155 -0.09445422 -0.03230775]
 [-0.07094891 -0.13207485  0.06000649  0.07333244]
 [-0.08825741 -0.05105013 -0.0731291   0.10254462]
 [-0.04831435  0.00832328 -0.18888088  0.07746324]
 [-0.09908514 -0.11494925 -0.10666915  0.16630954]
 [ 0.03791944 -0.05140518 -0.18212425  0.01400242]
 [-0.13044861 -0.03579605 -0.01587125  0.00922247]
 [-0.03779098 -0.14970194 -0.09722588  0.08393052]
 [-0.07639178 -0.02166136 -0.17732809  0.06130593]
 [-0.00827449 -0.05849158 -0.26984607  0.088959  ]
 [-0.15192046 -0.18425955 -0.08018455  0.1775608 ]
 [-0.08705639  0.01660876 -0.14076243 -0.06861344]
 [-0.14238671 -0.00665142 -0.23361078  0.09249143]
 [-0.10936497 -0.08711811 -0.08521    -0.03423463]
 [-0.07835766 -0.13882191 -0.24199711  0.12733879]
 [-0.07708246 -0.12579134 -0.04957136 -0.09070584]
 [-0.13165749  0.00183164 -0.19777992 -0.03730183]
 [-0.1350557  -0.09370406 -0.25207035  0.1176451 ]
 [-0.04972527 -0.18275234 -0.15328995  0.00216076]
 [-0.01873716 -0.23849663 -0.12321566 -0.03124598]
 [-0.19926722 -0.11154423 -0.16000847  0.02896545]
 [-0.08858943 -0.15884174 -0.20088938 -0.01088885]
 [-0.17272281 -0.21797821 -0.13545308  0.0325681 ]
 [-0.16046396 -0.10521174 -0.23689546 -0.02023699]
 [-0.13013946 -0.17409773 -0.14754925 -0.10482257]
 [-0.19387618 -0.09250108 -0.15003452 -0.14542564]
 [-0.08034439 -0.31626711 -0.17410131 -0.03568324]
 [-0.19156406 -0.25551362 -0.0893422  -0.07825589]
 [-0.16735804 -0.1308974  -0.35118539  0.00741741]
 [-0.2114339  -0.19403713 -0.21482011 -0.03934323]
 [-0.24083903 -0.23730087 -0.29243398  0.06692269]
 [-0.22076447 -0.06881693 -0.33137227 -0.11074798]
 [-0.09924897 -0.22200139 -0.22893152 -0.19571701]
 [-0.18196849 -0.23799732 -0.17266776 -0.16416508]
 [-0.17446539 -0.26834679 -0.20238397 -0.1325329 ]
 [-0.2685396  -0.20039646 -0.24113142 -0.09469786]
 [-0.32012776 -0.33666736 -0.19332743 -0.01200537]
 [-0.33275112 -0.21972621 -0.3351321  -0.00502998]
 [-0.19916161 -0.37396646 -0.32142144 -0.03236446]
 [-0.16518722 -0.32417742 -0.28328203 -0.15768174]
 [-0.24617499 -0.21728043 -0.26663269 -0.20094314]
 [-0.30314407 -0.20896844 -0.30869583 -0.13033259]
 [-0.38601975 -0.23449011 -0.26323714 -0.0989627 ]
 [-0.2455401  -0.18691871 -0.31722254 -0.26770739]
 [-0.25152277 -0.36470034 -0.34784069 -0.10311044]
 [-0.21947555 -0.27872546 -0.39214087 -0.17742851]
 [-0.37864015 -0.2669783  -0.36180267 -0.07321998]
 [-0.21841631 -0.34042753 -0.42806089 -0.11610284]
 [-0.23916508 -0.31153175 -0.35837657 -0.22110126]
 [-0.34701915 -0.31292814 -0.26467236 -0.22829718]
 [-0.23790029 -0.34190159 -0.30776812 -0.31011089]
 [-0.43425196 -0.32868194 -0.3336356  -0.13448462]
 [-0.29174842 -0.27239664 -0.43420235 -0.2471857 ]
 [-0.27436028 -0.38710187 -0.36300238 -0.26057341]
 [-0.40405045 -0.38420086 -0.29702398 -0.24057697]
 [-0.33405522 -0.43348    -0.39643477 -0.18938698]
 [-0.36621665 -0.34579519 -0.48480751 -0.18555146]
 [-0.26236113 -0.41996943 -0.38745787 -0.34089778]
 [-0.41499723 -0.36228142 -0.41682324 -0.21723119]
 [-0.43798066 -0.49766905 -0.37186395 -0.17702775]
 [-0.44435718 -0.40285364 -0.29011611 -0.35413803]
 [-0.45718198 -0.46870777 -0.37865738 -0.22119637]
 [-0.30053259 -0.4843723  -0.41708837 -0.40463339]
 [-0.48663329 -0.35067653 -0.42566123 -0.31498429]
 [-0.38927251 -0.4473675  -0.40093227 -0.37351863]
 [-0.45640592 -0.43645363 -0.45936236 -0.30995427]
 [-0.53217491 -0.39580445 -0.42244311 -0.36812419]
 [-0.52016011 -0.4393778  -0.51281509 -0.27677664]
 [-0.46972465 -0.51306922 -0.34746014 -0.47124072]
 [-0.44891466 -0.60837222 -0.43299588 -0.36526147]
 [-0.53114605 -0.45775984 -0.39775126 -0.43332655]
 [-0.48891826 -0.54593702 -0.40305976 -0.42704539]
 [-0.47562691 -0.47880627 -0.60537953 -0.34275244]
 [-0.48075354 -0.49914001 -0.48606828 -0.49820279]
 [-0.50686877 -0.50455638 -0.49443162 -0.4852077 ]
 [-0.55016406 -0.57817052 -0.57009796 -0.39381623]
 [-0.63011757 -0.59446977 -0.48047048 -0.45674772]
 [-0.59393331 -0.64028542 -0.52080577 -0.57606584]
 [-0.56361343 -0.58433902 -0.61015899 -0.54887269]]",TRUE,final_models,6,30
5000,0.9,0.557443303,0.072094214,0.072458933,0.04853522,0.048778237,0.875886802,0.6823,0.2177,0.2177,0.104022802,0.104544582,0.404153948,0.406268626,-1.323965912,0.069685653,0.070255675,0.046080123,0.046457055,0.888308633,0.6712,0.2288,0.099070155,0.09988054,0.413862819,0.417248181,-1.321579679,0.074502776,0.07466219,0.050990316,0.05109942,0.86346497,0.6934,0.2066,0.108975448,0.109208624,0.394445076,0.395289072,-1.326352145,0.013681892,0.009233266,0.039785653,0.816091954,0.424459688,0.423722805,1.001739069,87,180,"[[ 7.32319474e-01  5.70734797e-01  5.52730437e-01  6.29738884e-01]
 [ 6.60636151e-01  5.30218797e-01  6.31253133e-01  6.40635591e-01]
 [ 7.17064932e-01  4.95975567e-01  6.25310766e-01  5.89058148e-01]
 [ 7.50373550e-01  4.55124084e-01  5.80279250e-01  5.66667302e-01]
 [ 6.48310194e-01  4.19426354e-01  5.50570372e-01  5.78043174e-01]
 [ 5.90283694e-01  4.06218633e-01  6.46596123e-01  6.17545761e-01]
 [ 5.70475934e-01  4.35180163e-01  6.02945076e-01  5.46487410e-01]
 [ 7.24256344e-01  4.17148639e-01  5.04650090e-01  4.83053952e-01]
 [ 6.02757374e-01  3.48044673e-01  5.12611164e-01  5.78575129e-01]
 [ 6.28445199e-01  3.89732409e-01  6.99949684e-01  5.23609206e-01]
 [ 7.64460377e-01  3.68492577e-01  5.74537449e-01  4.62874515e-01]
 [ 6.36919934e-01  3.86228669e-01  4.89897244e-01  4.51310752e-01]
 [ 5.91245964e-01  2.97623888e-01  4.23227223e-01  5.50701713e-01]
 [ 5.80917524e-01  3.01444367e-01  6.33279704e-01  4.74495925e-01]
 [ 5.51728677e-01  2.66185120e-01  5.62527118e-01  5.18962674e-01]
 [ 6.12133611e-01  3.14835783e-01  4.47780000e-01  4.54815216e-01]
 [ 6.49848932e-01  2.55996825e-01  5.44614948e-01  4.55402922e-01]
 [ 5.68868769e-01  2.72238916e-01  6.16261927e-01  4.23972327e-01]
 [ 5.76627554e-01  2.41917176e-01  5.08785978e-01  4.03845230e-01]
 [ 5.57906194e-01  2.70489946e-01  3.68282679e-01  4.42762723e-01]
 [ 5.38943259e-01  2.10875137e-01  4.93752729e-01  4.34602011e-01]
 [ 4.96041898e-01  1.39586573e-01  4.73178970e-01  5.26158668e-01]
 [ 6.10724472e-01  1.78017125e-01  5.46050172e-01  3.42551749e-01]
 [ 5.27364915e-01  1.31987114e-01  3.72107888e-01  5.08422649e-01]
 [ 4.68843305e-01  1.64971665e-01  5.34080995e-01  4.01396716e-01]
 [ 4.51873880e-01  1.14737954e-01  3.73526521e-01  5.49687440e-01]
 [ 5.89058738e-01  1.20005332e-01  4.54067767e-01  3.76925848e-01]
 [ 5.67594262e-01  2.21601913e-01  3.93235385e-01  3.09918329e-01]
 [ 5.79524724e-01  1.88001718e-01  3.57282287e-01  3.54113411e-01]
 [ 3.84337371e-01  1.33517519e-01  4.56555383e-01  4.33129910e-01]
 [ 4.04137606e-01  1.66812068e-01  2.93901045e-01  4.80720155e-01]
 [ 4.14658802e-01  7.93566369e-02  4.27737696e-01  4.41810409e-01]
 [ 4.99030774e-01  1.56085761e-01  3.20077799e-01  3.55539616e-01]
 [ 3.65013145e-01  2.76118744e-01  2.95395508e-01  3.44547771e-01]
 [ 3.72272450e-01  2.45857980e-01  3.29644291e-01  3.27627039e-01]
 [ 3.14583911e-01  1.81827726e-01  3.65565093e-01  3.86905879e-01]
 [ 5.12388401e-01  1.76225698e-01  2.82430699e-01  2.90541543e-01]
 [ 4.08937603e-01  2.29629360e-01  2.60912217e-01  2.95950411e-01]
 [ 4.73145317e-01  1.94246886e-01  1.66913675e-01  3.23072279e-01]
 [ 3.67860749e-01  5.75841237e-02  2.49009121e-01  4.58127774e-01]
 [ 4.04557236e-01 -2.48652063e-02  3.60739026e-01  4.07367937e-01]
 [ 4.64441320e-01  1.31941229e-01  1.37892200e-01  3.84395804e-01]
 [ 4.11846565e-01  1.34989431e-01  3.42717260e-01  2.35261740e-01]
 [ 3.78736127e-01  4.96596284e-02  3.58089644e-01  3.28987196e-01]
 [ 4.30913249e-01  1.73948769e-01  2.24630358e-01  2.59569071e-01]
 [ 3.08060698e-01  2.09020192e-01  2.34656278e-01  2.91639747e-01]
 [ 2.35391285e-01  2.16356074e-01  2.16168735e-01  3.45773490e-01]
 [ 2.88937517e-01  2.70620648e-01  1.10156845e-01  3.30842078e-01]
 [ 2.29048511e-01  1.29578227e-01  2.97310902e-01  3.17213360e-01]
 [ 2.86564281e-01  7.61731043e-02  1.73899952e-01  3.96486262e-01]
 [ 3.19972167e-01  1.20134007e-01  2.12054379e-01  2.71801157e-01]
 [ 3.08654109e-01  1.78772885e-01  1.61698949e-01  2.39526628e-01]
 [ 3.86761608e-01  7.18296450e-02  1.22013979e-01  2.83097932e-01]
 [ 3.48782938e-01 -1.69408303e-02  2.19934944e-01  2.85982013e-01]
 [ 1.38522668e-01  1.09868899e-01  2.38487758e-01  3.42662407e-01]
 [ 1.67665936e-01  1.95686983e-01  1.91804554e-01  2.48934116e-01]
 [ 2.56461728e-01  5.45287766e-02  2.94185245e-01  1.68365648e-01]
 [ 1.68743366e-01  1.65510025e-01  1.42294843e-01  2.82278031e-01]
 [ 2.10335100e-01  9.90567245e-02  2.31464818e-01  1.89544722e-01]
 [ 2.20857548e-01  1.55262796e-01  1.17132762e-01  2.28699060e-01]
 [ 2.78428076e-01  1.08315252e-01  1.87591419e-01  1.35413840e-01]
 [ 2.03222342e-01  4.35827114e-03  1.80514477e-01  2.79288899e-01]
 [ 2.63909057e-01  4.45383489e-02  1.04236720e-01  2.52485409e-01]
 [ 3.32538042e-01  5.51345237e-02  1.12847215e-01  1.54729588e-01]
 [ 1.91650499e-01  3.72253619e-02  7.00070541e-02  3.22488412e-01]
 [ 1.87412698e-01  2.28554521e-01  5.77365998e-02  1.65218741e-01]
 [ 1.13544133e-01  2.11440792e-01  1.55070284e-01  1.54878560e-01]
 [ 9.38622057e-02  2.45040745e-01  9.54498462e-02  1.96655087e-01]
 [ 1.00978779e-01  1.52292861e-01  5.11486270e-02  2.72194270e-01]
 [ 8.33397582e-02  1.44153275e-03  2.45396158e-01  2.20183948e-01]
 [ 1.45165132e-01  1.34342533e-01  2.22353429e-01  6.01994637e-02]
 [ 1.55254126e-01  5.07211462e-02  9.23951026e-02  2.09718717e-01]
 [ 7.35563692e-02  1.49844445e-01  1.80733820e-01  9.16290898e-02]
 [ 1.77451229e-01  7.85335600e-02  1.31053951e-01  6.47410043e-02]
 [ 8.38617794e-03  1.14802897e-01  1.79351008e-01  1.58603348e-01]
 [ 1.90656995e-01  6.93634916e-02  1.80138554e-02  1.46360587e-01]
 [ 2.81367470e-02  8.58420935e-02  7.11095035e-02  2.39926893e-01]
 [ 1.25975264e-01  1.67942280e-01  2.81056520e-02  1.03894746e-01]
 [ 1.12165811e-01  7.18504637e-02 -2.16583014e-02  2.29771372e-01]
 [ 1.23139186e-01  9.65682138e-02  3.50606851e-02  1.15219370e-01]
 [ 5.42024262e-02  5.12613337e-02  1.41110385e-01  9.48660802e-02]
 [ 6.08461387e-02 -6.02816716e-02  1.10117059e-01  1.94473619e-01]
 [ 4.11069468e-02 -3.10760010e-02  1.40341321e-01  1.41493207e-01]
 [ 6.35319836e-02  3.42482738e-02  4.14283574e-03  1.78407332e-01]
 [-2.55981572e-02  1.04609510e-01 -2.51700692e-02  2.14696679e-01]
 [ 2.72646174e-03  2.03063194e-01  1.02978647e-02  7.13368617e-02]
 [ 9.72255040e-02 -7.15846699e-02  5.87632321e-02  1.29131727e-01]
 [ 3.50087360e-02  2.15673521e-02  1.08429339e-01  5.36007453e-02]
 [ 9.04297903e-02 -8.53824988e-03  2.73002684e-02  6.97913747e-02]
 [-2.24220455e-02  6.29241057e-02  4.30194661e-02  6.77959397e-02]
 [ 7.59780034e-02  8.17905180e-03 -4.87875976e-02  3.90828792e-02]
 [ 4.93692383e-02 -2.22609993e-02 -6.74205422e-02  8.74678101e-02]
 [-5.12251798e-02 -4.12127133e-02  1.96500309e-02  1.17093062e-01]
 [-3.45791262e-02  4.40527797e-02  4.85166777e-02 -1.50275137e-02]
 [-8.78385566e-02  1.32694123e-01 -2.29022168e-02  3.55438720e-02]
 [-7.02781882e-02  3.11652236e-02 -8.31633471e-02  1.49194693e-01]
 [ 1.32882018e-02 -8.51771198e-02 -9.65006985e-02  1.51234880e-01]
 [-7.45107234e-03 -6.31770436e-02 -5.90780005e-03  4.11318652e-02]
 [-3.62580214e-02  4.19234708e-02 -6.06645569e-02  2.40060408e-02]
 [ 3.66867147e-02  1.74715519e-02 -9.44542233e-02 -3.23077496e-02]
 [-8.82574115e-02 -5.10501303e-02 -7.31290989e-02  1.02544619e-01]
 [-9.90851410e-02 -1.14949254e-01 -1.06669150e-01  1.66309543e-01]
 [-1.06171478e-01  1.21531997e-01 -1.38210626e-01  1.20145343e-02]
 [-4.83143535e-02  8.32328014e-03 -1.88880878e-01  7.74632376e-02]
 [-7.56713878e-02  5.02089616e-02 -1.08715577e-01 -1.71092432e-02]
 [-1.28769735e-01 -3.45093161e-02  3.11891958e-02 -2.98148412e-02]
 [-1.30448608e-01 -3.57960537e-02 -1.58712547e-02  9.22246836e-03]
 [-4.90578543e-02 -4.46871947e-02 -2.70371605e-02 -9.38164461e-02]
 [-7.63917770e-02 -2.16613617e-02 -1.77328093e-01  6.13059271e-02]
 [-2.25843461e-01 -1.72252990e-02 -1.20569484e-01  1.33922236e-01]
 [-2.32765924e-01  1.39180023e-01 -2.79407725e-02 -7.52159748e-02]
 [-8.70563854e-02  1.66087598e-02 -1.40762430e-01 -6.86134417e-02]
 [-1.43099720e-01  3.46994121e-02 -5.26808165e-02 -1.11289924e-01]
 [-1.09364968e-01 -8.71181116e-02 -8.52099974e-02 -3.42346318e-02]
 [-1.39769023e-01 -7.96325319e-03 -4.12422828e-02 -1.25194414e-01]
 [-4.97252718e-02 -1.82752345e-01 -1.53289946e-01  2.16075592e-03]
 [-2.32960315e-01  2.38194708e-02 -1.52142204e-01  4.60297521e-02]
 [-2.32209438e-01 -5.97066674e-02 -6.35279194e-02 -3.71972099e-04]
 [-1.31657487e-01  1.83163956e-03 -1.97779922e-01 -3.73018328e-02]
 [-1.41703676e-01 -1.40803188e-01 -1.01928752e-01 -5.91471847e-02]
 [-1.99267216e-01 -1.11544233e-01 -1.60008471e-01  2.89654508e-02]
 [-1.72722807e-01 -2.17978207e-01 -1.35453083e-01  3.25681008e-02]
 [-2.67742604e-01 -8.96823127e-02 -1.11070825e-01  2.80569866e-03]
 [-1.60463963e-01 -1.05211740e-01 -2.36895459e-01 -2.02369913e-02]
 [-1.30139463e-01 -1.74097726e-01 -1.47549255e-01 -1.04822570e-01]
 [-2.88781730e-01 -5.33702280e-02 -1.05589338e-01 -7.11075757e-02]
 [-2.43720239e-01 -3.05620432e-02 -1.86013492e-01 -8.55943765e-02]
 [-1.93876177e-01 -9.25010759e-02 -1.50034515e-01 -1.45425636e-01]
 [-2.05928717e-01 -1.21889167e-01 -1.00423839e-01 -1.90605089e-01]
 [-2.11433904e-01 -1.94037128e-01 -2.14820115e-01 -3.93432342e-02]
 [-3.39252219e-01 -1.52021948e-01 -6.78211562e-02 -1.13407051e-01]
 [-1.81968493e-01 -2.37997316e-01 -1.72667759e-01 -1.64165080e-01]
 [-2.62669858e-01 -8.32425933e-02 -1.76453827e-01 -2.15193201e-01]
 [-3.14552892e-01 -9.64195132e-02 -8.10101666e-02 -2.72853659e-01]
 [-3.57599266e-01 -9.39700846e-02 -2.18285846e-01 -8.98778364e-02]
 [-2.68539598e-01 -2.00396463e-01 -2.41131423e-01 -9.46978591e-02]
 [-2.94840798e-01 -1.37479888e-01 -2.04299213e-01 -1.59866361e-01]
 [-3.91392149e-01 -1.65170567e-01 -2.19387468e-01 -6.60080332e-02]
 [-3.89451066e-01 -4.80166711e-02 -1.59166154e-01 -2.49223689e-01]
 [-3.22974883e-01 -1.18129160e-01 -2.70964481e-01 -1.81173109e-01]
 [-3.03144073e-01 -2.08968444e-01 -3.08695834e-01 -1.30332585e-01]
 [-3.59542260e-01 -2.42372524e-01 -1.54164242e-01 -2.19402522e-01]
 [-2.45540101e-01 -1.86918706e-01 -3.17222539e-01 -2.67707385e-01]
 [-3.84490307e-01 -7.83160757e-02 -2.41339315e-01 -2.82049498e-01]
 [-4.13258838e-01 -2.59451546e-01 -1.80227289e-01 -1.71355063e-01]
 [-4.14689049e-01 -1.34552391e-01 -1.43196955e-01 -3.43010183e-01]
 [-3.55140690e-01 -1.57275520e-01 -3.60306408e-01 -1.93767244e-01]
 [-4.26141612e-01 -1.73755903e-01 -2.91347487e-01 -1.62208589e-01]
 [-3.56268184e-01 -1.87582189e-01 -2.86292989e-01 -2.74959570e-01]
 [-3.47019151e-01 -3.12928140e-01 -2.64672359e-01 -2.28297181e-01]
 [-3.74644123e-01 -3.67512478e-01 -1.79636054e-01 -2.66489772e-01]
 [-3.62139851e-01 -8.60470943e-02 -3.51023037e-01 -4.11304040e-01]
 [-2.91748425e-01 -2.72396643e-01 -4.34202347e-01 -2.47185702e-01]
 [-3.47791402e-01 -2.82628613e-01 -3.38728217e-01 -3.02869197e-01]
 [-4.53092299e-01 -1.23021197e-01 -3.34863165e-01 -3.17441927e-01]
 [-4.83293537e-01 -1.60168774e-01 -3.00192853e-01 -3.07498544e-01]
 [-4.33437744e-01 -2.98372766e-01 -2.50462633e-01 -3.34303830e-01]
 [-4.13560474e-01 -2.36924510e-01 -3.75961516e-01 -2.95137020e-01]
 [-4.24949264e-01 -2.04056976e-01 -3.74554312e-01 -3.69140295e-01]
 [-5.28606055e-01 -1.40271071e-01 -3.33565649e-01 -3.74457581e-01]
 [-5.63032176e-01 -2.45438570e-01 -2.74890196e-01 -3.09016272e-01]
 [-4.72240400e-01 -3.79191430e-01 -2.22556459e-01 -3.89826640e-01]
 [-4.44357183e-01 -4.02853642e-01 -2.90116109e-01 -3.54138032e-01]
 [-4.61917063e-01 -2.54442619e-01 -3.54794897e-01 -4.58987392e-01]
 [-3.91205505e-01 -3.30152599e-01 -4.61756067e-01 -4.40278197e-01]
 [-5.01837147e-01 -3.24919937e-01 -4.58097268e-01 -2.56935462e-01]
 [-4.86633290e-01 -3.50676531e-01 -4.25661234e-01 -3.14984290e-01]
 [-5.52756574e-01 -2.30682801e-01 -3.87931468e-01 -4.80446719e-01]
 [-5.84457958e-01 -3.77082352e-01 -2.85971945e-01 -4.21270246e-01]
 [-5.32174909e-01 -3.95804452e-01 -4.22443107e-01 -3.68124189e-01]
 [-5.16890038e-01 -3.74896720e-01 -3.83953720e-01 -5.37133642e-01]
 [-5.85330557e-01 -2.94015739e-01 -5.03581602e-01 -4.73479204e-01]
 [-5.42672867e-01 -3.75120124e-01 -5.41776925e-01 -4.61086955e-01]
 [-5.47212400e-01 -4.12227158e-01 -4.81112335e-01 -5.87805847e-01]
 [-5.87706503e-01 -3.81135527e-01 -5.29105544e-01 -6.18561082e-01]
 [-6.07029261e-01 -4.55970401e-01 -4.06518418e-01 -5.26332062e-01]
 [-6.84334701e-01 -3.52852611e-01 -4.73158726e-01 -4.75805450e-01]
 [-6.31087497e-01 -3.97131450e-01 -5.69759378e-01 -5.24509355e-01]
 [-6.87563770e-01 -4.41769522e-01 -4.51106256e-01 -4.64634389e-01]
 [-6.65555935e-01 -4.72693425e-01 -5.59126580e-01 -4.95394828e-01]]",TRUE,final_models,7,30
5000,0.9,0.493428692,0.07460474,0.075013511,0.046864257,0.04712217,0.861186464,0.6795,0.2205,0.2205,0.094540659,0.095018172,0.456650808,0.459315283,-1.22676654,0.082493552,0.083168342,0.052195805,0.052622762,0.833047832,0.6262,0.2738,0.091130598,0.091876038,0.558714878,0.563285117,-1.053326744,0.066715928,0.06685868,0.04153271,0.041621578,0.889325096,0.7328,0.1672,0.097950721,0.098160306,0.354586739,0.355345449,-1.400206336,0.01519361,0.019136698,0.114474676,0.574712644,0.40734401,0.423722805,0.961345497,87,106,"[[ 1.27640154e-01  5.09698562e-01  4.14697425e-01  6.03726111e-01]
 [ 6.21022768e-02  5.43012939e-01  3.99607576e-01  6.34844545e-01]
 [ 5.16039021e-02  5.56004222e-01  5.03302686e-01  5.41771201e-01]
 [ 1.50727311e-01  4.62871432e-01  4.43016564e-01  5.32549145e-01]
 [ 8.00388772e-02  4.79931431e-01  3.44191810e-01  5.22353983e-01]
 [ 5.45115732e-02  4.52438908e-01  4.14118573e-01  4.69159236e-01]
 [ 8.30314457e-02  4.94415751e-01  4.40645929e-01  3.43964385e-01]
 [ 8.76003895e-02  5.08013092e-01  3.29406155e-01  3.71688861e-01]
 [ 1.54952146e-01  4.46051631e-01  3.50514840e-01  3.35507711e-01]
 [ 1.23325413e-01  4.00219856e-01  2.76945060e-01  4.88967009e-01]
 [ 2.79496852e-02  4.18788934e-01  3.59990606e-01  3.64138376e-01]
 [ 6.38416074e-02  4.61059660e-01  3.08897192e-01  3.04686500e-01]
 [-2.21137330e-02  4.32978891e-01  2.70007210e-01  4.41542044e-01]
 [ 6.84971940e-02  4.30882825e-01  3.53097426e-01  2.26662980e-01]
 [-4.07192539e-02  4.94804090e-01  3.00431056e-01  2.57262727e-01]
 [ 6.01090621e-02  3.64429673e-01  2.70641318e-01  2.60800036e-01]
 [ 8.87390580e-02  3.76084622e-01  2.04492941e-01  2.66839422e-01]
 [-4.90249172e-02  4.09735585e-01  2.17335228e-01  2.82890424e-01]
 [-1.86785944e-02  3.69551500e-01  1.82673447e-01  3.42047183e-01]
 [ 3.71585228e-02  2.93034920e-01  2.42233004e-01  2.94734184e-01]
 [ 3.60868443e-02  3.86952916e-01  2.52579747e-01  1.01841500e-01]
 [ 5.75815998e-02  2.69730859e-01  3.13473402e-01  2.07926778e-01]
 [ 1.21788338e-01  3.06636838e-01  2.19943319e-01  1.73050577e-01]
 [ 3.83825973e-04  3.95454563e-01  1.95639230e-01  1.38445815e-01]
 [ 6.60424326e-02  3.67234170e-01  1.94214426e-01  1.11787137e-01]
 [-8.01823866e-02  3.03442864e-01  3.27226916e-01  2.23123973e-01]
 [ 8.60651731e-02  2.82411244e-01  2.92759763e-01  8.27396754e-02]
 [-7.70306196e-02  2.64269631e-01  2.42066689e-01  2.78681066e-01]
 [-1.01268739e-02  3.78402153e-01  1.68487594e-01  5.95992301e-02]
 [-1.98818762e-02  2.76805572e-01  2.33228371e-01  1.26603933e-01]
 [-4.22873460e-02  3.38385915e-01  1.96333360e-01  6.53383471e-02]
 [ 1.13544133e-01  2.11440792e-01  1.55070284e-01  1.54878560e-01]
 [-4.76552118e-02  2.53652627e-01  2.85288071e-01  9.78161115e-02]
 [ 4.05485574e-02  1.68414723e-01  2.05216730e-01  2.16336971e-01]
 [-2.79887747e-02  2.44194105e-01  1.41727565e-01  1.69952895e-01]
 [ 2.96698622e-02  2.62677127e-01  1.34822108e-01  4.82459050e-02]
 [ 1.27673540e-02  1.76496519e-01  2.74252664e-01  5.47291990e-02]
 [ 7.35563692e-02  1.49844445e-01  1.80733820e-01  9.16290898e-02]
 [-3.49107310e-02  1.83583153e-01  1.78687813e-01  1.06706047e-01]
 [ 8.38617794e-03  1.14802897e-01  1.79351008e-01  1.58603348e-01]
 [ 9.28187314e-02  1.82711778e-01  6.87462837e-02  9.84018855e-03]
 [ 2.81367470e-02  8.58420935e-02  7.11095035e-02  2.39926893e-01]
 [-1.35519091e-01  1.84024327e-01  1.17287157e-01  2.13502103e-01]
 [ 1.23139186e-01  9.65682138e-02  3.50606851e-02  1.15219370e-01]
 [ 2.72646174e-03  2.03063194e-01  1.02978647e-02  7.13368617e-02]
 [ 5.42024262e-02  5.12613337e-02  1.41110385e-01  9.48660802e-02]
 [ 5.40457051e-02  1.58801273e-01  2.26157699e-02 -2.94333883e-03]
 [-5.45888059e-02  1.49982952e-01  7.18339123e-02  5.71435448e-02]
 [ 3.50087360e-02  2.15673521e-02  1.08429339e-01  5.36007453e-02]
 [-2.24220455e-02  6.29241057e-02  4.30194661e-02  6.77959397e-02]
 [-9.31898411e-02  2.24006698e-02  1.55839993e-01  7.97912981e-02]
 [ 7.37506561e-02  1.52045246e-02  6.08134624e-02 -6.24504518e-02]
 [-8.78385566e-02  1.32694123e-01 -2.29022168e-02  3.55438720e-02]
 [-7.34431092e-02  5.13617229e-02  9.46183279e-02  6.29902817e-03]
 [-3.45791262e-02  4.40527797e-02  4.85166777e-02 -1.50275137e-02]
 [-1.23694714e-01  8.78111664e-02  1.22317078e-01 -7.46930167e-02]
 [-1.45266963e-01  3.56213842e-02  5.68903666e-02  9.96233393e-02]
 [-3.62580214e-02  4.19234708e-02 -6.06645569e-02  2.40060408e-02]
 [ 3.66867147e-02  1.74715519e-02 -9.44542233e-02 -3.23077496e-02]
 [-7.45107234e-03 -6.31770436e-02 -5.90780005e-03  4.11318652e-02]
 [-6.42066915e-02  2.35293843e-02  8.84715300e-02 -1.39832186e-01]
 [-1.90957893e-01  1.21150339e-01  7.50293061e-02 -1.68334227e-01]
 [-7.56713878e-02  5.02089616e-02 -1.08715577e-01 -1.71092432e-02]
 [-4.65512145e-02  6.27803989e-03 -4.29246016e-03 -1.42419362e-01]
 [-1.28769735e-01 -3.45093161e-02  3.11891958e-02 -2.98148412e-02]
 [-1.30448608e-01 -3.57960537e-02 -1.58712547e-02  9.22246836e-03]
 [-4.90578543e-02 -4.46871947e-02 -2.70371605e-02 -9.38164461e-02]
 [-1.43099720e-01  3.46994121e-02 -5.26808165e-02 -1.11289924e-01]
 [-1.39769023e-01 -7.96325319e-03 -4.12422828e-02 -1.25194414e-01]
 [-1.09364968e-01 -8.71181116e-02 -8.52099974e-02 -3.42346318e-02]
 [-7.70824552e-02 -1.25791337e-01 -4.95713633e-02 -9.07058399e-02]
 [-2.32209438e-01 -5.97066674e-02 -6.35279194e-02 -3.71972099e-04]
 [-1.84366275e-01 -9.63338185e-02  5.48437871e-02 -2.16597326e-01]
 [-1.41703676e-01 -1.40803188e-01 -1.01928752e-01 -5.91471847e-02]
 [-2.67742604e-01 -8.96823127e-02 -1.11070825e-01  2.80569866e-03]
 [-2.88781730e-01 -5.33702280e-02 -1.05589338e-01 -7.11075757e-02]
 [-1.52578574e-01 -7.35731628e-02 -1.25555431e-01 -2.57875724e-01]
 [-1.93876177e-01 -9.25010759e-02 -1.50034515e-01 -1.45425636e-01]
 [-2.05928717e-01 -1.21889167e-01 -1.00423839e-01 -1.90605089e-01]
 [-1.91564055e-01 -2.55513621e-01 -8.93421974e-02 -7.82558862e-02]
 [-2.11433904e-01 -1.94037128e-01 -2.14820115e-01 -3.93432342e-02]
 [-2.62669858e-01 -8.32425933e-02 -1.76453827e-01 -2.15193201e-01]
 [-3.14552892e-01 -9.64195132e-02 -8.10101666e-02 -2.72853659e-01]
 [-1.81968493e-01 -2.37997316e-01 -1.72667759e-01 -1.64165080e-01]
 [-3.06347806e-01 -1.70591809e-01 -4.51849177e-02 -2.38722058e-01]
 [-3.57599266e-01 -9.39700846e-02 -2.18285846e-01 -8.98778364e-02]
 [-2.94840798e-01 -1.37479888e-01 -2.04299213e-01 -1.59866361e-01]
 [-2.68539598e-01 -2.00396463e-01 -2.41131423e-01 -9.46978591e-02]
 [-2.65636835e-01 -1.06538787e-01 -2.61980206e-01 -2.86619524e-01]
 [-3.22974883e-01 -1.18129160e-01 -2.70964481e-01 -1.81173109e-01]
 [-2.46174993e-01 -2.17280434e-01 -2.66632687e-01 -2.00943138e-01]
 [-3.03144073e-01 -2.08968444e-01 -3.08695834e-01 -1.30332585e-01]
 [-3.59542260e-01 -2.42372524e-01 -1.54164242e-01 -2.19402522e-01]
 [-3.86019750e-01 -2.34490110e-01 -2.63237135e-01 -9.89627019e-02]
 [-3.55140690e-01 -1.57275520e-01 -3.60306408e-01 -1.93767244e-01]
 [-4.26141612e-01 -1.73755903e-01 -2.91347487e-01 -1.62208589e-01]
 [-3.56268184e-01 -1.87582189e-01 -2.86292989e-01 -2.74959570e-01]
 [-3.47019151e-01 -3.12928140e-01 -2.64672359e-01 -2.28297181e-01]
 [-4.53092299e-01 -1.23021197e-01 -3.34863165e-01 -3.17441927e-01]
 [-4.83293537e-01 -1.60168774e-01 -3.00192853e-01 -3.07498544e-01]
 [-3.47791402e-01 -2.82628613e-01 -3.38728217e-01 -3.02869197e-01]
 [-4.13560474e-01 -2.36924510e-01 -3.75961516e-01 -2.95137020e-01]
 [-4.21442410e-01 -2.69411925e-01 -4.99078317e-01 -2.51541883e-01]
 [-4.43455944e-01 -3.00499860e-01 -5.14080094e-01 -2.82310070e-01]
 [-5.01837147e-01 -3.24919937e-01 -4.58097268e-01 -2.56935462e-01]
 [-4.86633290e-01 -3.50676531e-01 -4.25661234e-01 -3.14984290e-01]]",TRUE,final_models,8,30
5000,0.9,0.556137977,0.081551248,0.08196102,0.056086674,0.056363723,0.839173122,0.4906,0.4094,0.4094,0.077358477,0.077799315,0.612108731,0.614878137,-1.053958875,0.077903442,0.078540686,0.051998085,0.052423425,0.852796193,0.6282,0.2718,0.09116018,0.091905862,0.483319133,0.487272642,-1.341260274,0.085199053,0.085381354,0.060175263,0.06030402,0.825550051,0.353,0.547,0.063556775,0.063692768,0.740898329,0.742483633,-0.766657477,0.023690715,0.011425481,0.082338952,0.67816092,0.413692833,0.423722805,0.976328931,87,180,"[[ 0.37742242  0.65607144  0.50695171  0.59231343]
 [ 0.32210902  0.66928453  0.65898005  0.6027224 ]
 [ 0.37169117  0.58475867  0.55492809  0.56356851]
 [ 0.27958417  0.59746843  0.58108922  0.6887643 ]
 [ 0.31595673  0.5226813   0.53115806  0.62727502]
 [ 0.29112959  0.55413532  0.48291981  0.65901839]
 [ 0.20723494  0.60185174  0.62315332  0.63474464]
 [ 0.2296288   0.54074454  0.58765818  0.5729636 ]
 [ 0.26453125  0.57872725  0.51485193  0.46908242]
 [ 0.23809641  0.49382204  0.55152612  0.50179013]
 [ 0.28355308  0.45718742  0.46850035  0.44596197]
 [ 0.30734217  0.50413661  0.42455621  0.37870022]
 [ 0.24564302  0.52629013  0.50585666  0.35514335]
 [ 0.12764015  0.50969856  0.41469743  0.60372611]
 [ 0.15072731  0.46287143  0.44301656  0.53254914]
 [ 0.2067896   0.39003716  0.36547823  0.55229216]
 [ 0.126657    0.49998244  0.50369653  0.4068393 ]
 [ 0.17763115  0.41733895  0.43580078  0.44044737]
 [ 0.21015601  0.40465874  0.45845252  0.31576476]
 [ 0.10357868  0.43333105  0.47351205  0.40962331]
 [ 0.05451157  0.45243891  0.41411857  0.46915924]
 [ 0.15495215  0.44605163  0.35051484  0.33550771]
 [ 0.12332541  0.40021986  0.27694506  0.48896701]
 [ 0.15794926  0.38398361  0.31368129  0.39527579]
 [ 0.07325522  0.34595177  0.37635719  0.46543815]
 [ 0.12566612  0.32889157  0.28585131  0.47966277]
 [ 0.13822109  0.38641557  0.44949216  0.21843412]
 [ 0.04409499  0.31884072  0.32140597  0.54108954]
 [ 0.18043415  0.35950685  0.33466756  0.24171883]
 [ 0.11336469  0.284859    0.41282344  0.28109613]
 [ 0.05472461  0.42587437  0.18194779  0.39201806]
 [ 0.15154753  0.25972233  0.19689617  0.45110061]
 [ 0.12090117  0.3368163   0.17665492  0.35822201]
 [ 0.16037731  0.32034152  0.23269584  0.26428667]
 [ 0.0940413   0.25180833  0.33769256  0.3203741 ]
 [ 0.06010906  0.36442967  0.27064132  0.26080004]
 [ 0.08873906  0.37608462  0.20449294  0.26683942]
 [ 0.07437821  0.24259013  0.23126074  0.37714362]
 [ 0.06724241  0.27449564  0.14379098  0.41954696]
 [ 0.03715852  0.29303492  0.242233    0.29473418]
 [ 0.12178834  0.30663684  0.21994332  0.17305058]
 [ 0.04884468  0.23953529  0.31157409  0.24538645]
 [ 0.16766594  0.19568698  0.19180455  0.24893412]
 [ 0.11254681  0.18125417  0.19833151  0.31395566]
 [ 0.05728002  0.23342012  0.11773165  0.33363754]
 [ 0.01748912  0.13732355  0.15637766  0.43865543]
 [ 0.09386221  0.24504074  0.09544985  0.19665509]
 [ 0.04054856  0.16841472  0.20521673  0.21633697]
 [ 0.10097878  0.15229286  0.05114863  0.27219427]
 [-0.00873025  0.21132702  0.10775047  0.2439563 ]
 [-0.02798877  0.24419411  0.14172756  0.1699529 ]
 [-0.01517874  0.18114952  0.05815111  0.28727063]
 [ 0.00682044  0.25574802 -0.06318116  0.24227117]
 [ 0.00838618  0.1148029   0.17935101  0.15860335]
 [ 0.02813675  0.08584209  0.0711095   0.23992689]
 [ 0.01370649  0.22325945 -0.06177096  0.21066941]
 [ 0.0270555   0.05370956  0.02837078  0.29130004]
 [ 0.05420243  0.05126133  0.14111038  0.09486608]
 [ 0.00922588  0.13039968 -0.10411536  0.25816469]
 [-0.02559816  0.10460951 -0.02517007  0.21469668]
 [-0.05458881  0.14998295  0.07183391  0.05714354]
 [ 0.0479723   0.16154905 -0.02401765  0.02046873]
 [ 0.03500874  0.02156735  0.10842934  0.05360075]
 [ 0.04600141  0.05995245 -0.08863635  0.1643911 ]
 [-0.0577604   0.17470094 -0.12135961  0.16036571]
 [-0.02242205  0.06292411  0.04301947  0.06779594]
 [-0.02861771  0.0097947  -0.07432548  0.25413742]
 [-0.1678101   0.09916239  0.02890587  0.16143729]
 [-0.01603216  0.2045895  -0.16105036  0.04759644]
 [ 0.075978    0.00817905 -0.0487876   0.03908288]
 [-0.08783856  0.13269412 -0.02290222  0.03554387]
 [ 0.00423348  0.09276974 -0.12736773  0.05943996]
 [-0.07027819  0.03116522 -0.08316335  0.14919469]
 [-0.01409872  0.07174242 -0.22528474  0.13683697]
 [-0.03625802  0.04192347 -0.06066456  0.02400604]
 [-0.00745107 -0.06317704 -0.0059078   0.04113187]
 [ 0.03668671  0.01747155 -0.09445422 -0.03230775]
 [-0.10617148  0.121532   -0.13821063  0.01201453]
 [-0.04387842 -0.03434132 -0.21742013  0.1861174 ]
 [-0.08825741 -0.05105013 -0.0731291   0.10254462]
 [-0.04831435  0.00832328 -0.18888088  0.07746324]
 [-0.09908514 -0.11494925 -0.10666915  0.16630954]
 [-0.07639178 -0.02166136 -0.17732809  0.06130593]
 [-0.00827449 -0.05849158 -0.26984607  0.088959  ]
 [-0.08705639  0.01660876 -0.14076243 -0.06861344]
 [-0.14238671 -0.00665142 -0.23361078  0.09249143]
 [-0.17075884 -0.06956716 -0.19622562  0.15427558]
 [-0.03749745 -0.01529842 -0.22348221 -0.05453069]
 [-0.05413697 -0.11922471 -0.3003328   0.1487595 ]
 [-0.07835766 -0.13882191 -0.24199711  0.12733879]
 [-0.13165749  0.00183164 -0.19777992 -0.03730183]
 [-0.1350557  -0.09370406 -0.25207035  0.1176451 ]
 [-0.04972527 -0.18275234 -0.15328995  0.00216076]
 [-0.07396372 -0.21006396 -0.27627189  0.16078567]
 [-0.19926722 -0.11154423 -0.16000847  0.02896545]
 [-0.08858943 -0.15884174 -0.20088938 -0.01088885]
 [-0.11393572 -0.14737028 -0.30981427  0.10147297]
 [-0.21050043 -0.04201107 -0.3270886   0.05801762]
 [-0.09389123 -0.03357389 -0.31750293 -0.08010886]
 [-0.16046396 -0.10521174 -0.23689546 -0.02023699]
 [-0.18732242 -0.04932007 -0.28099697 -0.04928933]
 [-0.20779427  0.01392907 -0.39473742 -0.01969561]
 [-0.19387618 -0.09250108 -0.15003452 -0.14542564]
 [-0.2594405  -0.0028457  -0.4029145   0.03527297]
 [-0.16735804 -0.1308974  -0.35118539  0.00741741]
 [-0.19044485 -0.15581511 -0.30353116 -0.01419237]
 [-0.24083903 -0.23730087 -0.29243398  0.06692269]
 [-0.22076447 -0.06881693 -0.33137227 -0.11074798]
 [-0.03503888 -0.20177852 -0.3238945  -0.1696353 ]
 [-0.2405151  -0.09777801 -0.41810758 -0.03772123]
 [-0.24170781 -0.0916039  -0.51176832  0.01483796]
 [-0.12317033 -0.18203737 -0.25709565 -0.23307771]
 [-0.15503931 -0.2299613  -0.36937792 -0.07577321]
 [-0.2287216  -0.29874433 -0.41793262  0.05949679]
 [-0.21030609 -0.18544733 -0.44692986 -0.08721921]
 [-0.19916161 -0.37396646 -0.32142144 -0.03236446]
 [-0.12735702 -0.28948234 -0.49485584 -0.05272159]
 [-0.31337438 -0.19003275 -0.41441336 -0.08093685]
 [-0.23046173 -0.25802819 -0.51158949 -0.02098632]
 [-0.11603788 -0.33894704 -0.36788357 -0.18850607]
 [-0.12681207 -0.2150893  -0.53037425 -0.18213778]
 [-0.21947555 -0.27872546 -0.39214087 -0.17742851]
 [-0.22685551 -0.24618093 -0.48290653 -0.15040407]
 [-0.21841631 -0.34042753 -0.42806089 -0.11610284]
 [-0.26964372 -0.35821    -0.55804407  0.02320692]
 [-0.23916508 -0.31153175 -0.35837657 -0.22110126]
 [-0.32040326 -0.28507661 -0.46060787 -0.12236517]
 [-0.17797589 -0.3718855  -0.56952271 -0.08436006]
 [-0.34133003 -0.30499847 -0.63375153  0.00303289]
 [-0.27987181 -0.31475315 -0.50105287 -0.15478859]
 [-0.2079186  -0.32206618 -0.54299514 -0.20917142]
 [-0.26155073 -0.45222917 -0.4620212  -0.12787493]
 [-0.35165749 -0.33313951 -0.6458329  -0.0713658 ]
 [-0.19817263 -0.45484362 -0.60777859 -0.10407607]
 [-0.36621665 -0.34579519 -0.48480751 -0.18555146]
 [-0.20661565 -0.28986707 -0.61900041 -0.25960117]
 [-0.31576467 -0.3034425  -0.5761525  -0.21643034]
 [-0.31657508 -0.3355751  -0.52358722 -0.25241854]
 [-0.1711484  -0.38073687 -0.57882039 -0.30189689]
 [-0.31203216 -0.40205637 -0.59823464 -0.22015185]
 [-0.29283465 -0.43150597 -0.65222447 -0.17837887]
 [-0.22034815 -0.42417006 -0.67865874 -0.24814268]
 [-0.41593089 -0.46659256 -0.63835346 -0.14626728]
 [-0.2474088  -0.38524118 -0.76369702 -0.25706889]
 [-0.18270882 -0.41378778 -0.67163633 -0.3465728 ]
 [-0.28806905 -0.34633168 -0.61237007 -0.37711129]
 [-0.23681976 -0.48550757 -0.52768185 -0.36546125]
 [-0.30565945 -0.49480421 -0.54813498 -0.31107556]
 [-0.36074137 -0.41816298 -0.62776001 -0.29132874]
 [-0.22893041 -0.53245722 -0.61069088 -0.30990894]
 [-0.30106762 -0.50861165 -0.65941329 -0.28338106]
 [-0.28132084 -0.54172288 -0.59012641 -0.36514728]
 [-0.2936069  -0.46169254 -0.70140624 -0.35283316]
 [-0.33804741 -0.45279621 -0.58836495 -0.43637805]
 [-0.29998975 -0.60330249 -0.74109233 -0.24784587]
 [-0.32089843 -0.66197379 -0.63507188 -0.28014451]
 [-0.34057657 -0.6325242  -0.6144082  -0.32138723]
 [-0.36137266 -0.53623265 -0.75290974 -0.32025265]
 [-0.28028924 -0.60477583 -0.6206777  -0.42836503]
 [-0.26109945 -0.57141977 -0.62978285 -0.4701037 ]
 [-0.39210865 -0.49719268 -0.74967057 -0.38421067]
 [-0.35306722 -0.62124053 -0.73420655 -0.344916  ]
 [-0.32530632 -0.59854534 -0.78626327 -0.37962424]
 [-0.39788029 -0.67699315 -0.70405053 -0.37371389]
 [-0.28601488 -0.55811449 -0.74902878 -0.50312399]
 [-0.29864339 -0.69715921 -0.76202116 -0.42997983]
 [-0.42576032 -0.66987171 -0.77540389 -0.40150172]
 [-0.38153431 -0.58435364 -0.87594512 -0.42484786]
 [-0.36675711 -0.72283663 -0.66946697 -0.46637839]
 [-0.36828786 -0.57759611 -0.67571851 -0.56267506]
 [-0.31189271 -0.59642805 -0.76773246 -0.53705993]
 [-0.33613442 -0.64703116 -0.70939664 -0.5622653 ]
 [-0.31610975 -0.70283133 -0.80788041 -0.52442788]
 [-0.27973605 -0.68287665 -0.86686676 -0.58799963]
 [-0.30751153 -0.65971155 -0.68491385 -0.68707676]
 [-0.38293342 -0.74729489 -0.90484982 -0.54561224]
 [-0.37721029 -0.56968675 -0.7848997  -0.69317848]
 [-0.40261151 -0.71808922 -0.84561097 -0.61860452]
 [-0.371723   -0.63891694 -0.77794635 -0.71319543]
 [-0.37096934 -0.73373939 -0.82153373 -0.7555315 ]]",TRUE,final_models,9,30
5000,0.9,0.55267808,0.06890919,0.069259826,0.040560189,0.04076742,0.888700403,0.7425,0.1575,0.1575,0.095191952,0.095703332,0.380751252,0.382668989,-1.385655962,0.067279352,0.067829692,0.039880816,0.040207038,0.893929382,0.7402,0.1598,0.101882791,0.102716183,0.365233009,0.368220584,-1.278364991,0.070539027,0.07068996,0.041239562,0.041327803,0.883471423,0.7448,0.1552,0.088501114,0.08869048,0.396269494,0.397117394,-1.492946933,0.014800194,0.009123884,0.052407797,0.83908046,0.420202948,0.423722805,0.99169302,87,165,"[[ 0.71160612  0.67576847  0.67093772  0.6688931 ]
 [ 0.6720135   0.55918008  0.61822553  0.69508852]
 [ 0.65177715  0.59278322  0.65795826  0.58135507]
 [ 0.53738732  0.62002347  0.6407891   0.67522102]
 [ 0.66063615  0.5302188   0.63125313  0.64063559]
 [ 0.60919275  0.54342818  0.53486174  0.66377879]
 [ 0.5788824   0.60697672  0.50431151  0.59860934]
 [ 0.49869366  0.54966822  0.54536124  0.59616089]
 [ 0.51272552  0.52488819  0.57081925  0.53896649]
 [ 0.52140691  0.44668904  0.53663832  0.60597767]
 [ 0.47487578  0.47146859  0.56587027  0.54011634]
 [ 0.51367826  0.4838      0.47257858  0.48173336]
 [ 0.45515242  0.42813555  0.49899656  0.57279437]
 [ 0.50264151  0.52840349  0.36094983  0.4862659 ]
 [ 0.44724041  0.39102446  0.55526667  0.44850327]
 [ 0.53294799  0.40408841  0.39849494  0.51475407]
 [ 0.47847855  0.47522422  0.36955067  0.49913464]
 [ 0.39045     0.44005653  0.42391251  0.50935971]
 [ 0.49774092  0.44217379  0.37999095  0.41489663]
 [ 0.34232032  0.36830896  0.49104301  0.48862776]
 [ 0.5156439   0.3665789   0.40790099  0.32998801]
 [ 0.44016072  0.3801042   0.40895341  0.35506751]
 [ 0.37461416  0.40710436  0.39386137  0.38643379]
 [ 0.37645436  0.35328769  0.41840049  0.39469242]
 [ 0.39564805  0.32389889  0.33107772  0.4413364 ]
 [ 0.4359587   0.28927234  0.38639012  0.33535111]
 [ 0.34533504  0.3055068   0.45414372  0.30379746]
 [ 0.44618852  0.31187107  0.28116182  0.37592596]
 [ 0.39123635  0.38535026  0.24653797  0.33746225]
 [ 0.35047941  0.33770598  0.37972584  0.22749051]
 [ 0.28909075  0.35770358  0.34626296  0.2849662 ]
 [ 0.36501314  0.27611874  0.29539551  0.34454777]
 [ 0.37227245  0.24585798  0.32964429  0.32762704]
 [ 0.31458391  0.18182773  0.36556509  0.38690588]
 [ 0.28114007  0.20192736  0.30734386  0.45232395]
 [ 0.4089376   0.22962936  0.26091222  0.29595041]
 [ 0.35769595  0.31592766  0.19075483  0.31842339]
 [ 0.42849826  0.29929376  0.19937981  0.24367436]
 [ 0.18043415  0.35950685  0.33466756  0.24171883]
 [ 0.32584818  0.30696386  0.34030548  0.12155417]
 [ 0.30174706  0.33439952  0.21327979  0.21378374]
 [ 0.28862777  0.23259128  0.3210353   0.20657184]
 [ 0.3080607   0.20902019  0.23465628  0.29163975]
 [ 0.24854666  0.34171203  0.24165699  0.14292833]
 [ 0.23539129  0.21635607  0.21616874  0.34577349]
 [ 0.30031871  0.30415936  0.14036489  0.25494307]
 [ 0.21296849  0.31753031  0.31007783  0.11702847]
 [ 0.16037731  0.32034152  0.23269584  0.26428667]
 [ 0.23236132  0.2242793   0.34930254  0.15157508]
 [ 0.22364373  0.25472104  0.27574915  0.17636932]
 [ 0.34551508  0.19131176  0.22800642  0.17807573]
 [ 0.31772557  0.21402101  0.28471146  0.08186683]
 [ 0.31997217  0.12013401  0.21205438  0.27180116]
 [ 0.30865411  0.17877289  0.16169895  0.23952663]
 [ 0.15943292  0.29015645  0.18320473  0.20436385]
 [ 0.26164096  0.27307102  0.24779874  0.02504862]
 [ 0.16766594  0.19568698  0.19180455  0.24893412]
 [ 0.30619554  0.11537685  0.26064328  0.10853748]
 [ 0.20595774  0.1605006   0.31490862  0.08640301]
 [ 0.1890476   0.27744674  0.20378151  0.07919202]
 [ 0.19668313  0.24745967  0.17125876  0.12376358]
 [ 0.2103351   0.09905672  0.23146482  0.18954472]
 [ 0.22085755  0.1552628   0.11713276  0.22869906]
 [ 0.27270849  0.20756188  0.12229817  0.09551049]
 [ 0.27842808  0.10831525  0.18759142  0.13541384]
 [ 0.25302659  0.24110032  0.12724541  0.05277275]
 [ 0.28939178  0.14596611  0.0887577   0.15869892]
 [ 0.13980084  0.20378594  0.26425762  0.02675265]
 [ 0.11354413  0.21144079  0.15507028  0.15487856]
 [ 0.18512028  0.2890277   0.12362203 -0.01538143]
 [ 0.14516513  0.13434253  0.22235343  0.06019946]
 [ 0.24704822  0.14070535  0.17479476 -0.05147151]
 [ 0.07355637  0.14984445  0.18073382  0.09162909]
 [ 0.17745123  0.07853356  0.13105395  0.064741  ]
 [ 0.21671236  0.07220121  0.21044532 -0.07359089]
 [ 0.12597526  0.16794228  0.02810565  0.10389475]
 [ 0.190657    0.06936349  0.01801386  0.14636059]
 [ 0.25539432  0.10151584 -0.01042066  0.06626648]
 [ 0.22718702  0.1743051   0.07572272 -0.09712025]
 [ 0.09281873  0.18271178  0.06874628  0.00984019]
 [ 0.12313919  0.09656821  0.03506069  0.11521937]
 [ 0.12515542  0.05966227  0.15191676 -0.0080734 ]
 [ 0.20309539  0.10592206 -0.03879303  0.0111492 ]
 [ 0.25371721  0.09375793  0.00498658 -0.08220305]
 [ 0.07104545 -0.0418333   0.22315881  0.01629991]
 [ 0.05404571  0.15880127  0.02261577 -0.00294334]
 [ 0.09361567  0.0448985   0.18867025 -0.10176297]
 [ 0.03500874  0.02156735  0.10842934  0.05360075]
 [ 0.1283487  -0.02380187  0.06380578  0.0381147 ]
 [ 0.14496323  0.03070072  0.09853823 -0.09327667]
 [ 0.09042979 -0.00853825  0.02730027  0.06979137]
 [ 0.02174444  0.12050917  0.11198058 -0.12199424]
 [ 0.031846   -0.05011892  0.17754468 -0.02502805]
 [ 0.07375066  0.01520452  0.06081346 -0.06245045]
 [ 0.05153559 -0.01682387  0.0729728  -0.07656664]
 [ 0.08869087 -0.01495196 -0.01979101 -0.07861791]
 [ 0.0696063   0.03601137 -0.01128589 -0.15749449]
 [ 0.03668671  0.01747155 -0.09445422 -0.03230775]
 [-0.06420669  0.02352938  0.08847153 -0.13983219]
 [ 0.01154726 -0.07889359  0.10681758 -0.13785941]
 [ 0.08405466 -0.03539462  0.03277393 -0.20137036]
 [ 0.15149272 -0.13247451 -0.01244222 -0.13703247]
 [ 0.0308019  -0.11194376  0.1426647  -0.21379298]
 [ 0.09939364 -0.07689162 -0.05040335 -0.14433788]
 [-0.08999732 -0.05050535  0.06769885 -0.12398961]
 [-0.04905785 -0.04468719 -0.02703716 -0.09381645]
 [ 0.04333341 -0.02357369 -0.12501957 -0.1319191 ]
 [-0.0615218  -0.00654446  0.04530627 -0.24867376]
 [ 0.03712196 -0.15845722 -0.05972833 -0.1059022 ]
 [ 0.04175148 -0.1339854   0.00867477 -0.23707817]
 [ 0.06200226 -0.08918363 -0.0416863  -0.26486077]
 [-0.01285764 -0.10565673 -0.05904899 -0.15953474]
 [ 0.02449789 -0.22235737 -0.02631228 -0.17113436]
 [-0.06462516 -0.16771933  0.00687291 -0.18977647]
 [-0.06708683 -0.05730572 -0.14055863 -0.17922045]
 [ 0.03641337 -0.2591201   0.03398779 -0.25249152]
 [ 0.01748284 -0.25273622 -0.09864795 -0.12555528]
 [-0.1112977  -0.18870658 -0.0206075  -0.15593537]
 [ 0.06609747 -0.24060058 -0.0036722  -0.30056476]
 [-0.05505711 -0.14808396 -0.16261264 -0.1361886 ]
 [-0.02932977 -0.04614259 -0.1473299  -0.29247843]
 [-0.04224755 -0.20783265 -0.01187559 -0.25326303]
 [ 0.02971805 -0.1275977  -0.07731747 -0.36019975]
 [-0.08551208 -0.11901519 -0.03639378 -0.31216414]
 [ 0.00997894 -0.15698579 -0.17222374 -0.288207  ]
 [-0.11573636 -0.15639142 -0.0632628  -0.3127763 ]
 [-0.09653504 -0.12724703 -0.18719797 -0.2730098 ]
 [ 0.03268763 -0.19077976 -0.10249603 -0.42537039]
 [-0.16996934 -0.20494664 -0.077854   -0.2498681 ]
 [-0.10676374 -0.25210851 -0.14611594 -0.22634264]
 [-0.07185797 -0.22054361 -0.10070421 -0.37794528]
 [-0.05460188 -0.27321963 -0.13737615 -0.37034885]
 [-0.12347954 -0.31381983 -0.06172792 -0.35926905]
 [-0.09160091 -0.19115529 -0.14883478 -0.45777741]
 [-0.2196618  -0.2249595  -0.16600392 -0.3016358 ]
 [-0.14685568 -0.23556487 -0.06029448 -0.472126  ]
 [-0.12716994 -0.2064207  -0.19022731 -0.42646576]
 [-0.07346733 -0.43241849 -0.16186955 -0.3201148 ]
 [-0.13553683 -0.29896207 -0.1847863  -0.40148604]
 [-0.04094253 -0.39044124 -0.20211502 -0.4449438 ]
 [-0.08324572 -0.28394641 -0.2261745  -0.49554369]
 [-0.11964011 -0.3285018  -0.15282781 -0.52465816]
 [-0.12929329 -0.39987586 -0.15954465 -0.50647187]
 [-0.21000405 -0.3191685  -0.23616966 -0.46093815]
 [-0.19974739 -0.28115962 -0.27831803 -0.49878618]
 [-0.22095159 -0.43483756 -0.10462496 -0.48452852]
 [-0.08942036 -0.38437192 -0.24413102 -0.60040436]
 [-0.16782296 -0.48032022 -0.21165087 -0.4735746 ]
 [-0.12683853 -0.336229   -0.26189361 -0.65308588]
 [-0.29959805 -0.31244308 -0.16320876 -0.61219012]
 [-0.09817397 -0.44572436 -0.21694012 -0.66172836]
 [-0.26938715 -0.4746517  -0.19007751 -0.51275035]
 [-0.1895973  -0.42646165 -0.25253424 -0.59716186]
 [-0.25816299 -0.4367344  -0.29642772 -0.54278392]
 [-0.33492668 -0.56534023 -0.22197374 -0.50532097]
 [-0.32564873 -0.52717914 -0.26405346 -0.53486339]
 [-0.24726675 -0.48950722 -0.28637937 -0.65644118]
 [-0.33359729 -0.44897573 -0.34706242 -0.60235798]
 [-0.26632587 -0.60853527 -0.31498308 -0.59440694]
 [-0.39307659 -0.5109448  -0.33278967 -0.56617671]
 [-0.22448405 -0.53646068 -0.32056024 -0.72980357]
 [-0.30856532 -0.51242439 -0.40053271 -0.73843291]
 [-0.36169591 -0.5880428  -0.29075981 -0.71972373]
 [-0.38723737 -0.64378423 -0.27208604 -0.74939039]
 [-0.36436451 -0.55785648 -0.37146433 -0.81162515]]",TRUE,final_models,10,30
5000,0.9,0.56213657,0.062991825,0.063266269,0.04291618,0.043106302,0.89512978,0.7008,0.1992,0.1992,0.099263873,0.099799069,0.372801991,0.374311464,-1.332037806,0.046243679,0.046621948,0.032546802,0.032813032,0.947413867,0.7902,0.1098,0.106883765,0.107758065,0.235683016,0.237610882,-1.312478272,0.07973997,0.07991059,0.053285557,0.053399573,0.842845693,0.6114,0.2886,0.091643981,0.091840072,0.509920966,0.511012046,-1.351597339,0.027755091,0.021909463,0.157403164,0.620689655,0.400518981,0.423722805,0.9452382,87,160,"[[ 5.25588674e-01  4.24059233e-01  8.04545207e-01  5.28820049e-01]
 [ 5.44977188e-01  4.00027728e-01  6.57314498e-01  4.61985890e-01]
 [ 4.66434119e-01  4.23830720e-01  6.95194120e-01  4.02847281e-01]
 [ 3.75371955e-01  4.44304131e-01  6.35796020e-01  4.68372155e-01]
 [ 4.47240414e-01  3.91024459e-01  5.55266675e-01  4.48503265e-01]
 [ 3.44250729e-01  3.98335697e-01  7.40677774e-01  3.71705571e-01]
 [ 4.04681584e-01  3.42768082e-01  6.96615050e-01  3.46920278e-01]
 [ 4.17170404e-01  4.11546901e-01  5.81671938e-01  3.23329998e-01]
 [ 4.60923146e-01  2.58184528e-01  6.19921621e-01  3.67094310e-01]
 [ 4.15529490e-01  2.48479065e-01  6.42089598e-01  3.90500043e-01]
 [ 3.33775250e-01  3.55923735e-01  6.05959052e-01  3.32551830e-01]
 [ 3.54368571e-01  2.94450646e-01  5.73579555e-01  3.98208855e-01]
 [ 3.84999672e-01  3.71667888e-01  5.52865278e-01  3.01729649e-01]
 [ 4.40160723e-01  3.80104199e-01  4.08953410e-01  3.55067506e-01]
 [ 3.76454363e-01  3.53287689e-01  4.18400493e-01  3.94692415e-01]
 [ 2.47439688e-01  3.31018180e-01  5.41642925e-01  4.02751651e-01]
 [ 3.45876284e-01  2.00167043e-01  5.51430173e-01  4.30085540e-01]
 [ 3.87965374e-01  2.78869139e-01  5.97654406e-01  2.29604568e-01]
 [ 4.28318169e-01  1.96578695e-01  4.88631113e-01  3.67958309e-01]
 [ 2.78614184e-01  3.96346290e-01  4.92578411e-01  2.61620410e-01]
 [ 3.45335040e-01  3.05506798e-01  4.54143723e-01  3.03797457e-01]
 [ 3.32847308e-01  4.40692239e-01  3.24217658e-01  2.80512741e-01]
 [ 3.41048496e-01  1.37739822e-01  5.18993068e-01  3.70254999e-01]
 [ 3.80570281e-01  2.47021461e-01  5.27396807e-01  1.92081960e-01]
 [ 2.40359521e-01  3.19964651e-01  4.22817415e-01  3.09296792e-01]
 [ 2.89090751e-01  3.57703580e-01  3.46262962e-01  2.84966195e-01]
 [ 3.52956749e-01  2.12563166e-01  4.20873187e-01  2.74150753e-01]
 [ 2.35700119e-01  2.87832478e-01  4.73796261e-01  2.22036952e-01]
 [ 3.07760075e-01  2.94161310e-01  4.45526881e-01  1.67893553e-01]
 [ 4.08937603e-01  2.29629360e-01  2.60912217e-01  2.95950411e-01]
 [ 2.48848716e-01  1.62934285e-01  4.52168949e-01  2.68631391e-01]
 [ 1.80434151e-01  3.59506851e-01  3.34667556e-01  2.41718832e-01]
 [ 3.25848177e-01  3.06963865e-01  3.40305481e-01  1.21554168e-01]
 [ 2.88627774e-01  2.32591279e-01  3.21035301e-01  2.06571840e-01]
 [ 3.08060698e-01  2.09020192e-01  2.34656278e-01  2.91639747e-01]
 [ 2.32361320e-01  2.24279303e-01  3.49302536e-01  1.51575081e-01]
 [ 2.23643728e-01  2.54721042e-01  2.75749154e-01  1.76369315e-01]
 [ 3.19972167e-01  1.20134007e-01  2.12054379e-01  2.71801157e-01]
 [ 3.08654109e-01  1.78772885e-01  1.61698949e-01  2.39526628e-01]
 [ 1.59432922e-01  2.90156448e-01  1.83204727e-01  2.04363855e-01]
 [ 1.21788338e-01  3.06636838e-01  2.19943319e-01  1.73050577e-01]
 [ 1.67665936e-01  1.95686983e-01  1.91804554e-01  2.48934116e-01]
 [ 3.06195540e-01  1.15376854e-01  2.60643279e-01  1.08537480e-01]
 [ 2.05957739e-01  1.60500595e-01  3.14908618e-01  8.64030104e-02]
 [ 2.56461728e-01  5.45287766e-02  2.94185245e-01  1.68365648e-01]
 [ 1.96683127e-01  2.47459671e-01  1.71258762e-01  1.23763584e-01]
 [ 2.10335100e-01  9.90567245e-02  2.31464818e-01  1.89544722e-01]
 [ 2.78428076e-01  1.08315252e-01  1.87591419e-01  1.35413840e-01]
 [ 2.53026590e-01  2.41100321e-01  1.27245411e-01  5.27727529e-02]
 [ 2.89391777e-01  1.45966114e-01  8.87577031e-02  1.58698918e-01]
 [ 1.39800839e-01  2.03785941e-01  2.64257619e-01  2.67526470e-02]
 [ 1.13544133e-01  2.11440792e-01  1.55070284e-01  1.54878560e-01]
 [ 2.40125772e-01 -1.48454811e-02  2.08097305e-01  2.34937457e-01]
 [ 2.03222342e-01  4.35827114e-03  1.80514477e-01  2.79288899e-01]
 [ 2.63909057e-01  4.45383489e-02  1.04236720e-01  2.52485409e-01]
 [ 1.45165132e-01  1.34342533e-01  2.22353429e-01  6.01994637e-02]
 [ 8.33397582e-02  1.44153275e-03  2.45396158e-01  2.20183948e-01]
 [ 7.35563692e-02  1.49844445e-01  1.80733820e-01  9.16290898e-02]
 [ 1.55254126e-01  5.07211462e-02  9.23951026e-02  2.09718717e-01]
 [ 1.77451229e-01  7.85335600e-02  1.31053951e-01  6.47410043e-02]
 [ 1.25975264e-01  1.67942280e-01  2.81056520e-02  1.03894746e-01]
 [ 1.90656995e-01  6.93634916e-02  1.80138554e-02  1.46360587e-01]
 [ 1.47660553e-01 -5.68527747e-02  1.85674325e-01  1.10107506e-01]
 [ 2.46265944e-01  6.79023191e-03  5.24093900e-02  8.45487807e-02]
 [ 5.42024262e-02  5.12613337e-02  1.41110385e-01  9.48660802e-02]
 [ 1.25155423e-01  5.96622713e-02  1.51916763e-01 -8.07339884e-03]
 [ 4.11069468e-02 -3.10760010e-02  1.40341321e-01  1.41493207e-01]
 [ 2.03095386e-01  1.05922058e-01 -3.87930330e-02  1.11491978e-02]
 [ 6.35319836e-02  3.42482738e-02  4.14283574e-03  1.78407332e-01]
 [ 5.40457051e-02  1.58801273e-01  2.26157699e-02 -2.94333883e-03]
 [ 2.31909495e-01 -6.02081604e-03 -3.09265349e-02  5.65252434e-02]
 [ 1.28348704e-01 -2.38018706e-02  6.38057794e-02  3.81147023e-02]
 [ 2.17455650e-01 -1.06111584e-01  1.33996960e-02  9.77498032e-02]
 [ 9.04297903e-02 -8.53824988e-03  2.73002684e-02  6.97913747e-02]
 [ 1.42796915e-01  2.39327345e-02 -1.04826799e-01  7.07616527e-02]
 [ 7.37506561e-02  1.52045246e-02  6.08134624e-02 -6.24504518e-02]
 [ 7.59780034e-02  8.17905180e-03 -4.87875976e-02  3.90828792e-02]
 [ 5.15355878e-02 -1.68238711e-02  7.29727987e-02 -7.65666384e-02]
 [ 4.93692383e-02 -2.22609993e-02 -6.74205422e-02  8.74678101e-02]
 [ 1.08691214e-01 -9.59341824e-02 -9.67039168e-03  2.59328671e-02]
 [ 1.48327867e-01 -1.68787152e-01  5.61170876e-02 -1.84593704e-02]
 [ 8.86908732e-02 -1.49519555e-02 -1.97910126e-02 -7.86179099e-02]
 [ 1.30026586e-01 -3.09384614e-02 -7.70523436e-02 -4.77976669e-02]
 [ 3.66867147e-02  1.74715519e-02 -9.44542233e-02 -3.23077496e-02]
 [ 1.61015680e-01 -7.88166057e-02 -1.68163240e-01  4.41637486e-02]
 [ 1.42254440e-01 -1.67142294e-01 -5.34906443e-02  4.94894572e-03]
 [ 1.51492720e-01 -1.32474510e-01 -1.24422200e-02 -1.37032473e-01]
 [ 7.65355024e-02 -1.83374841e-01 -1.05852474e-01  9.90056936e-02]
 [ 9.93936416e-02 -7.68916216e-02 -5.04033510e-02 -1.44337878e-01]
 [ 8.79166331e-02 -1.50079792e-01 -1.43629840e-01  4.94620856e-02]
 [ 1.42075349e-01 -6.03267793e-02 -1.73408201e-01 -1.00793136e-01]
 [ 6.89938106e-03 -1.20821344e-01 -8.65896251e-02 -1.91582851e-02]
 [ 1.20857872e-01 -2.09677167e-01 -1.11112708e-01 -4.63206246e-02]
 [ 3.71219646e-02 -1.58457218e-01 -5.97283337e-02 -1.05902201e-01]
 [-1.28576383e-02 -1.05656732e-01 -5.90489935e-02 -1.59534745e-01]
 [ 4.91745342e-02 -1.25162166e-01 -1.89812794e-01 -5.83121721e-02]
 [ 2.05780234e-01 -2.04317020e-01 -1.86662322e-01 -1.48966767e-01]
 [ 1.10957885e-01 -1.06280152e-01 -2.00118244e-01 -1.91447277e-01]
 [ 2.44978853e-02 -2.22357366e-01 -2.63122823e-02 -1.71134356e-01]
 [-1.87371615e-02 -2.38496633e-01 -1.23215659e-01 -3.12459767e-02]
 [ 4.58438415e-02 -3.15667948e-01 -6.52885512e-02 -6.62764274e-02]
 [ 7.86633026e-02 -1.76936045e-01 -1.65437046e-01 -1.83492122e-01]
 [ 1.74828395e-02 -2.52736222e-01 -9.86479484e-02 -1.25555275e-01]
 [ 1.40111620e-01 -1.61924314e-01 -2.38077214e-01 -2.14438235e-01]
 [ 1.00987755e-01 -2.71123582e-01 -2.35606419e-01 -8.49817451e-02]
 [ 1.32368436e-01 -3.17091260e-01 -1.36935946e-01 -2.38502111e-01]
 [ 2.22688038e-02 -1.49314562e-01 -2.58482659e-01 -2.17024589e-01]
 [ 1.21980863e-01 -3.24818587e-01 -2.77755227e-01 -1.11101422e-01]
 [ 7.32908882e-02 -2.30540950e-01 -3.16655258e-01 -1.53460469e-01]
 [ 6.63994625e-02 -2.63114985e-01 -3.08300652e-01 -1.74350416e-01]
 [-1.95520259e-02 -3.57486073e-01 -2.69044474e-01 -6.38000928e-02]
 [ 1.33132160e-01 -3.12407950e-01 -4.04689215e-01 -1.30125226e-01]
 [ 2.70496868e-03 -3.14193953e-01 -2.02793231e-01 -2.58498846e-01]
 [ 6.16939608e-02 -4.06627787e-01 -2.68426400e-01 -1.39131496e-01]
 [ 1.51801569e-01 -3.71668236e-01 -3.01560069e-01 -2.62809398e-01]
 [ 2.46765576e-02 -2.73927137e-01 -2.83691734e-01 -2.95356955e-01]
 [-1.70972720e-02 -4.21042217e-01 -1.84517359e-01 -2.14076212e-01]
 [ 1.01580191e-02 -3.39786969e-01 -3.82976132e-01 -1.62416127e-01]
 [ 7.89648648e-02 -3.26291148e-01 -3.91700188e-01 -3.07291245e-01]
 [ 1.15922302e-01 -4.91196008e-01 -4.07499580e-01 -1.51004784e-01]
 [ 6.69161323e-02 -3.55924090e-01 -3.57845291e-01 -3.56861139e-01]
 [ 4.24392279e-02 -3.76995351e-01 -4.82091827e-01 -2.12646296e-01]
 [-5.48776016e-02 -3.56028294e-01 -4.05221520e-01 -2.59990035e-01]
 [ 3.19651645e-02 -5.17024126e-01 -2.91030310e-01 -2.76360199e-01]
 [-2.96389032e-02 -4.57466073e-01 -4.20578608e-01 -1.66201159e-01]
 [ 4.30245586e-02 -4.71749535e-01 -4.30132603e-01 -2.56203065e-01]
 [-6.55344874e-03 -5.04293203e-01 -4.41087661e-01 -2.20043650e-01]
 [ 7.70013705e-02 -4.59070044e-01 -4.56309119e-01 -3.80895330e-01]
 [ 2.37734150e-02 -4.29396823e-01 -5.05856106e-01 -3.49383375e-01]
 [ 5.16470987e-02 -5.49830867e-01 -4.58454089e-01 -3.25415213e-01]
 [-1.76387094e-03 -5.99106567e-01 -3.96918049e-01 -3.11244795e-01]
 [ 1.81065537e-02 -6.36617884e-01 -4.73795747e-01 -2.31643023e-01]
 [ 3.83862741e-02 -4.90482109e-01 -5.33355048e-01 -4.12630934e-01]
 [-3.73098496e-02 -4.88874905e-01 -4.65488611e-01 -4.28318759e-01]
 [-8.99010487e-02 -5.17132621e-01 -4.63498181e-01 -3.72718703e-01]
 [-7.77712520e-02 -4.57813673e-01 -5.44725092e-01 -3.96579336e-01]
 [ 7.04972893e-02 -6.54342052e-01 -4.96191172e-01 -3.61119092e-01]
 [ 1.16741583e-02 -6.12266082e-01 -4.86984415e-01 -3.89121493e-01]
 [ 6.87919557e-04 -6.01224415e-01 -6.02537034e-01 -2.95560792e-01]
 [ 6.21447582e-02 -5.37431279e-01 -5.77299120e-01 -4.82341835e-01]
 [-1.03091206e-02 -6.09552613e-01 -5.11851585e-01 -4.04679615e-01]
 [ 2.04385258e-02 -5.68173500e-01 -6.47980984e-01 -3.68533898e-01]
 [-8.52627642e-02 -5.04736081e-01 -5.63279053e-01 -4.66290848e-01]
 [-9.67776868e-02 -5.78582933e-01 -4.97343833e-01 -4.36422361e-01]
 [ 6.58585280e-02 -6.36083275e-01 -5.99895312e-01 -4.54206740e-01]
 [-6.55159503e-02 -5.37786746e-01 -6.87237222e-01 -3.85485990e-01]
 [-4.82608210e-02 -5.32129422e-01 -6.33489061e-01 -5.42922618e-01]
 [-8.03507864e-04 -6.97569476e-01 -6.72907326e-01 -3.64258654e-01]
 [-6.22714739e-02 -6.36461660e-01 -6.47302300e-01 -4.28025248e-01]
 [-4.25933022e-02 -6.65849740e-01 -6.03154385e-01 -4.70259903e-01]
 [-7.59039521e-02 -6.38593728e-01 -6.58066511e-01 -5.22474272e-01]
 [-8.77695121e-02 -6.71400473e-01 -5.92449361e-01 -5.63251274e-01]
 [-1.16939135e-02 -6.56375200e-01 -7.50106191e-01 -6.12173388e-01]
 [-1.04459964e-01 -7.79508410e-01 -6.61906930e-01 -4.63863788e-01]
 [-9.57238935e-02 -7.49311885e-01 -7.13106200e-01 -4.89575569e-01]
 [-1.00551451e-01 -7.32851611e-01 -6.18606513e-01 -6.28450535e-01]
 [-5.16959522e-02 -7.20534982e-01 -7.88830305e-01 -6.73408225e-01]
 [-1.69292467e-01 -7.15795431e-01 -7.15477219e-01 -6.76025141e-01]
 [-1.61781279e-01 -8.10079884e-01 -6.59501608e-01 -6.51930703e-01]
 [-1.19497458e-01 -7.94327989e-01 -7.44105173e-01 -7.45984336e-01]]",TRUE,final_models,11,30
5000,0.9,0.46885387,0.048090302,0.048316714,0.032221606,0.032379324,0.943237904,0.8276,0.0724,0.0724,0.108686002,0.109305172,0.21392121,0.214917835,-1.252921581,0.040897006,0.04123154,0.029394068,0.029634509,0.961652077,0.8958,0.0042,0.12801351,0.12906065,0.178436512,0.179896107,-1.092292095,0.055283597,0.055401888,0.035049144,0.035124139,0.924823732,0.7594,0.1406,0.089358494,0.089549694,0.249405908,0.249939562,-1.413551067,0.010848569,0.008496746,0.044690755,0.862068966,0.427010492,0.423722805,1.007759051,87,130,"[[ 0.60462852  0.559827    0.62595256  0.4545227 ]
 [ 0.53391779  0.60533268  0.55017272  0.44308052]
 [ 0.56291406  0.5926225   0.58626709  0.31825856]
 [ 0.45418261  0.56297357  0.58358575  0.37515183]
 [ 0.47389056  0.52037679  0.47666946  0.47238572]
 [ 0.48243539  0.50152244  0.61163126  0.31584056]
 [ 0.52239214  0.56200348  0.38957191  0.41226291]
 [ 0.44724041  0.39102446  0.55526667  0.44850327]
 [ 0.52898379  0.54119649  0.52023526  0.25681541]
 [ 0.46321543  0.58318559  0.4528999   0.28218622]
 [ 0.49774092  0.44217379  0.37999095  0.41489663]
 [ 0.40573156  0.48613379  0.48258313  0.28958841]
 [ 0.38240151  0.53305669  0.37809024  0.34757376]
 [ 0.44016072  0.3801042   0.40895341  0.35506751]
 [ 0.37461416  0.40710436  0.39386137  0.38643379]
 [ 0.37645436  0.35328769  0.41840049  0.39469242]
 [ 0.4359587   0.28927234  0.38639012  0.33535111]
 [ 0.34533504  0.3055068   0.45414372  0.30379746]
 [ 0.33284731  0.44069224  0.32421766  0.28051274]
 [ 0.39123635  0.38535026  0.24653797  0.33746225]
 [ 0.35047941  0.33770598  0.37972584  0.22749051]
 [ 0.28909075  0.35770358  0.34626296  0.2849662 ]
 [ 0.22116586  0.34941401  0.32763731  0.35497957]
 [ 0.4089376   0.22962936  0.26091222  0.29595041]
 [ 0.35769595  0.31592766  0.19075483  0.31842339]
 [ 0.18043415  0.35950685  0.33466756  0.24171883]
 [ 0.28862777  0.23259128  0.3210353   0.20657184]
 [ 0.3080607   0.20902019  0.23465628  0.29163975]
 [ 0.17899643  0.23464632  0.37169146  0.25761641]
 [ 0.23539129  0.21635607  0.21616874  0.34577349]
 [ 0.16037731  0.32034152  0.23269584  0.26428667]
 [ 0.22904851  0.12957823  0.2973109   0.31721336]
 [ 0.22364373  0.25472104  0.27574915  0.17636932]
 [ 0.30865411  0.17877289  0.16169895  0.23952663]
 [ 0.23205982  0.2798787   0.09166763  0.27585474]
 [ 0.15943292  0.29015645  0.18320473  0.20436385]
 [ 0.16766594  0.19568698  0.19180455  0.24893412]
 [ 0.16874337  0.16551002  0.14229484  0.28227803]
 [ 0.2103351   0.09905672  0.23146482  0.18954472]
 [ 0.14173382  0.07093981  0.32496221  0.16384472]
 [ 0.20322234  0.00435827  0.18051448  0.2792889 ]
 [ 0.11354413  0.21144079  0.15507028  0.15487856]
 [ 0.04054856  0.16841472  0.20521673  0.21633697]
 [ 0.0769915   0.08620343  0.27185136  0.19503022]
 [ 0.10097878  0.15229286  0.05114863  0.27219427]
 [ 0.14516513  0.13434253  0.22235343  0.06019946]
 [ 0.08333976  0.00144153  0.24539616  0.22018395]
 [ 0.15525413  0.05072115  0.0923951   0.20971872]
 [ 0.07355637  0.14984445  0.18073382  0.09162909]
 [ 0.00838618  0.1148029   0.17935101  0.15860335]
 [ 0.02813675  0.08584209  0.0711095   0.23992689]
 [ 0.12313919  0.09656821  0.03506069  0.11521937]
 [ 0.05420243  0.05126133  0.14111038  0.09486608]
 [ 0.06084614 -0.06028167  0.11011706  0.19447362]
 [ 0.04110695 -0.031076    0.14034132  0.14149321]
 [ 0.03500874  0.02156735  0.10842934  0.05360075]
 [ 0.09042979 -0.00853825  0.02730027  0.06979137]
 [ 0.02051266 -0.09192418  0.16447957  0.0817256 ]
 [-0.02242205  0.06292411  0.04301947  0.06779594]
 [-0.01111952 -0.10522687  0.05056698  0.17643461]
 [ 0.031846   -0.05011892  0.17754468 -0.02502805]
 [ 0.075978    0.00817905 -0.0487876   0.03908288]
 [-0.07344311  0.05136172  0.09461833  0.00629903]
 [-0.05122518 -0.04121271  0.01965003  0.11709306]
 [-0.03457913  0.04405278  0.04851668 -0.01502751]
 [ 0.05153559 -0.01682387  0.0729728  -0.07656664]
 [-0.00745107 -0.06317704 -0.0059078   0.04113187]
 [-0.07094891 -0.13207485  0.06000649  0.07333244]
 [-0.08825741 -0.05105013 -0.0731291   0.10254462]
 [-0.05140414 -0.18439768  0.14383138 -0.02124108]
 [-0.13044861 -0.03579605 -0.01587125  0.00922247]
 [ 0.00689938 -0.12082134 -0.08658963 -0.01915829]
 [-0.04905785 -0.04468719 -0.02703716 -0.09381645]
 [-0.08705639  0.01660876 -0.14076243 -0.06861344]
 [-0.14309972  0.03469941 -0.05268082 -0.11128992]
 [-0.10936497 -0.08711811 -0.08521    -0.03423463]
 [-0.13976902 -0.00796325 -0.04124228 -0.12519441]
 [-0.07708246 -0.12579134 -0.04957136 -0.09070584]
 [-0.01873716 -0.23849663 -0.12321566 -0.03124598]
 [-0.14170368 -0.14080319 -0.10192875 -0.05914718]
 [-0.1112977  -0.18870658 -0.0206075  -0.15593537]
 [-0.1662489  -0.27716271  0.00537867 -0.07691963]
 [-0.13013946 -0.17409773 -0.14754925 -0.10482257]
 [-0.19387618 -0.09250108 -0.15003452 -0.14542564]
 [-0.19156406 -0.25551362 -0.0893422  -0.07825589]
 [-0.23808705 -0.16129517 -0.00325821 -0.18433523]
 [-0.18759167 -0.20279071  0.01686687 -0.21995221]
 [-0.20592872 -0.12188917 -0.10042384 -0.19060509]
 [-0.11820594 -0.28149657 -0.10440181 -0.17188195]
 [-0.16996934 -0.20494664 -0.077854   -0.2498681 ]
 [-0.18196849 -0.23799732 -0.17266776 -0.16416508]
 [-0.30634781 -0.17059181 -0.04518492 -0.23872206]
 [-0.35595953 -0.3077563  -0.02865773 -0.14917311]
 [-0.15773435 -0.32980431 -0.09920998 -0.26521611]
 [-0.30295683 -0.29569313 -0.00431556 -0.25412825]
 [-0.23378909 -0.34984768 -0.12873589 -0.19205368]
 [-0.2196618  -0.2249595  -0.16600392 -0.3016358 ]
 [-0.31131238 -0.20284558 -0.12070133 -0.29256591]
 [-0.35954226 -0.24237252 -0.15416424 -0.21940252]
 [-0.41325884 -0.25945155 -0.18022729 -0.17135506]
 [-0.29156947 -0.23229542 -0.12981422 -0.37140623]
 [-0.32315391 -0.37868937 -0.04396905 -0.30546053]
 [-0.35626818 -0.18758219 -0.28629299 -0.27495957]
 [-0.33293729 -0.27715332 -0.10875441 -0.37930784]
 [-0.37464412 -0.36751248 -0.17963605 -0.26648977]
 [-0.27876816 -0.32550446 -0.21559381 -0.39130315]
 [-0.3956172  -0.393703   -0.11684012 -0.33664819]
 [-0.30652636 -0.33361201 -0.27168838 -0.36448806]
 [-0.43343774 -0.29837277 -0.25046263 -0.33430383]
 [-0.34247339 -0.40789503 -0.20550961 -0.35844867]
 [-0.40551936 -0.29031291 -0.19778687 -0.42565203]
 [-0.51389223 -0.30457883 -0.19461545 -0.36534308]
 [-0.45981053 -0.37485063 -0.11823053 -0.41311127]
 [-0.3796451  -0.35984654 -0.28870275 -0.39562902]
 [-0.4722404  -0.37919143 -0.22255646 -0.38982664]
 [-0.5158562  -0.42179373 -0.12995216 -0.44799658]
 [-0.54803261 -0.36529825 -0.21930579 -0.4270631 ]
 [-0.49226052 -0.46627271 -0.26445302 -0.41595198]
 [-0.41193489 -0.41553331 -0.31458352 -0.47943253]
 [-0.58445796 -0.37708235 -0.28597195 -0.42127025]
 [-0.56574491 -0.35964835 -0.21055586 -0.51965037]
 [-0.49095337 -0.36540422 -0.266281   -0.55109013]
 [-0.44136843 -0.38842226 -0.38512917 -0.52780506]
 [-0.45777162 -0.53807949 -0.23926224 -0.53722086]
 [-0.56201233 -0.46610517 -0.24898721 -0.53997682]
 [-0.59489746 -0.53182002 -0.29901567 -0.50617589]
 [-0.61889875 -0.4848709  -0.34296217 -0.57538327]
 [-0.68637365 -0.54732003 -0.35212704 -0.59973933]
 [-0.61470532 -0.50291997 -0.45046256 -0.57967173]
 [-0.70383717 -0.4912571  -0.39240489 -0.74495446]]",TRUE,final_models,12,30
5000,0.9,0.595065881,0.099790686,0.10044527,0.068104132,0.068557269,0.710964206,0.6359,0.2641,0.2641,0.11148038,0.112104466,0.742440524,0.747619262,-1.02407909,0.146041824,0.147236433,0.10178928,0.102621908,0.491014333,0.4768,0.4232,0.127661522,0.128705782,1.188744983,1.198468814,-0.614759876,0.053539548,0.053654106,0.034418983,0.03449263,0.930914079,0.795,0.105,0.095299237,0.09550315,0.296136066,0.29676971,-1.433398305,0.068613885,0.073675797,0.278746489,0.022988506,0.327312012,0.423722805,0.772467302,87,120,"[[ 0.36642863  0.43220099  0.20783816  0.03646396]
 [ 0.34704809  0.39939493  0.04262023  0.11188223]
 [ 0.33414837  0.3470799   0.17315711  0.0885976 ]
 [ 0.36711893  0.29341104  0.08155889 -0.06976998]
 [ 0.36098625  0.29248859 -0.09004471  0.07864233]
 [ 0.31663169  0.3192792  -0.06405543 -0.02591155]
 [ 0.37413398  0.200253    0.04341985 -0.10240793]
 [ 0.34960894  0.25968254 -0.15943733  0.00708036]
 [ 0.35884165  0.28653724 -0.14962932 -0.13868513]
 [ 0.39378957  0.17912308 -0.09841545 -0.08332897]
 [ 0.36315656  0.22509365 -0.02513561 -0.24063351]
 [ 0.35727705  0.12350372 -0.08974573 -0.07304102]
 [ 0.31253933  0.13768057  0.01140867 -0.16754877]
 [ 0.31549738  0.21567348 -0.29319723 -0.06653858]
 [ 0.33648834  0.13075959 -0.1885489  -0.09657036]
 [ 0.29503712  0.14310438 -0.08332752 -0.17721434]
 [ 0.30691418  0.17273685 -0.16615645 -0.22137503]
 [ 0.3122681   0.11116232 -0.25521303 -0.11798916]
 [ 0.31438708  0.1220311  -0.20955007 -0.25160741]
 [ 0.3189287   0.02922402 -0.12821052 -0.2170437 ]
 [ 0.32158431  0.10031381 -0.39169181 -0.17116877]
 [ 0.28783411  0.13356362 -0.26837225 -0.27693247]
 [ 0.30647961 -0.00320205 -0.24190184 -0.17171017]
 [ 0.33831583  0.03690311 -0.30833948 -0.28847018]
 [ 0.25081444  0.04702647 -0.28374636 -0.18322131]
 [ 0.26949911  0.11263638 -0.38295208 -0.30052272]
 [ 0.23121581  0.12818133 -0.31226645 -0.33119871]
 [ 0.25749995  0.07934156 -0.36653023 -0.34812817]
 [ 0.30539186  0.01641023 -0.32865627 -0.41329881]
 [ 0.27413763  0.09962578 -0.51803556 -0.39397663]
 [ 0.28870102  0.03902985 -0.55242583 -0.3282581 ]
 [ 0.21243943  0.11799578 -0.41134067 -0.37016994]
 [ 0.23229633  0.04340507 -0.52416217 -0.27399847]
 [ 0.23370995 -0.04775806 -0.34602049 -0.27954544]
 [ 0.24514834 -0.01812514 -0.40345797 -0.32180272]
 [ 0.25320433 -0.12842272 -0.37414385 -0.24119076]
 [ 0.23708556  0.0266448  -0.37265657 -0.48391014]
 [ 0.27560888 -0.11969496 -0.35214681 -0.39622783]
 [ 0.25500749 -0.07585132 -0.51341804 -0.34634997]
 [ 0.17438053 -0.06646912 -0.29564611 -0.34117945]
 [ 0.23465038 -0.00768226 -0.50729145 -0.47785961]
 [ 0.20250901 -0.06853828 -0.53191994 -0.29110907]
 [ 0.19152307 -0.08152903 -0.4326053  -0.38553951]
 [ 0.14405492 -0.15421473 -0.32347973 -0.28388119]
 [ 0.2236841  -0.13527806 -0.46825978 -0.48939998]
 [ 0.15026845 -0.03861761 -0.49030318 -0.44710473]
 [ 0.16946922 -0.11246819 -0.5738278  -0.4163019 ]
 [ 0.204452   -0.21694885 -0.59663759 -0.39720007]
 [ 0.13266995 -0.187021   -0.42606117 -0.36470867]
 [ 0.13730901 -0.16681219 -0.54502148 -0.45863559]
 [ 0.13860225 -0.11998961 -0.783337   -0.55577588]
 [ 0.05759056 -0.1507857  -0.3807284  -0.39583465]
 [ 0.10592832 -0.24585785 -0.5814218  -0.36581422]
 [ 0.10080104 -0.23297345 -0.44648459 -0.45926907]
 [ 0.12189673 -0.19586578 -0.51500092 -0.5854656 ]
 [ 0.10917139 -0.26555052 -0.42847129 -0.49404511]
 [ 0.08147735 -0.18182786 -0.61398619 -0.42756832]
 [ 0.06954693 -0.14877721 -0.63653539 -0.4707793 ]
 [ 0.089463   -0.33916465 -0.51102697 -0.4008491 ]
 [ 0.09421161 -0.26125333 -0.64047693 -0.54681234]
 [ 0.05204241 -0.15435059 -0.68434777 -0.56578364]
 [ 0.03229941 -0.18398305 -0.56611081 -0.52012358]
 [-0.01546329 -0.19933124 -0.44418706 -0.47544474]
 [-0.05192728 -0.05068559 -0.59883215 -0.5243971 ]
 [ 0.02077376 -0.22732374 -0.49826443 -0.61623238]
 [ 0.00621542 -0.29661175 -0.56996269 -0.46230751]
 [ 0.01011728 -0.21873917 -0.65147923 -0.62506368]
 [-0.04673267 -0.1824528  -0.62904487 -0.45558039]
 [-0.01977351 -0.22862578 -0.50070142 -0.60066258]
 [-0.07226145 -0.15519679 -0.57455904 -0.53519862]
 [-0.13855191 -0.16410731 -0.45369251 -0.44307366]
 [-0.10312675 -0.1475819  -0.78700137 -0.42906666]
 [-0.09473883 -0.25914985 -0.36068711 -0.56249277]
 [-0.11143431 -0.20130873 -0.69608589 -0.39219914]
 [-0.12271226 -0.19754941 -0.4861555  -0.56990723]
 [-0.09145886 -0.18409727 -0.67498041 -0.6130851 ]
 [-0.10809578 -0.26290547 -0.57061752 -0.47848318]
 [-0.12727003 -0.16834347 -0.72807609 -0.51927372]
 [-0.15942762 -0.11483845 -0.6367773  -0.60578883]
 [-0.09638146 -0.24750047 -0.64547312 -0.67236681]
 [-0.18135885 -0.24674316 -0.60656474 -0.41227627]
 [-0.16514643 -0.20309875 -0.54798538 -0.63204781]
 [-0.15021819 -0.23961805 -0.75453886 -0.55223697]
 [-0.13538337 -0.32531292 -0.64696759 -0.55865543]
 [-0.19064728 -0.2768623  -0.53701551 -0.53982796]
 [-0.34028904 -0.13042907 -0.55850615 -0.51248975]
 [-0.37246454 -0.090291   -0.59220348 -0.61244783]
 [-0.35277873 -0.1231581  -0.65733986 -0.53601852]
 [-0.31117024 -0.17240537 -0.578976   -0.63730396]
 [-0.35114114 -0.20827946 -0.68699074 -0.43102124]
 [-0.36306776 -0.2413909  -0.56255204 -0.48301003]
 [-0.39828989 -0.17873739 -0.65452949 -0.55809585]
 [-0.35617954 -0.18667703 -0.76409829 -0.68603535]
 [-0.36643811 -0.22468601 -0.72194998 -0.64868896]
 [-0.37955634 -0.26491672 -0.76260191 -0.54889219]
 [-0.42245103 -0.28598832 -0.65055173 -0.49072694]
 [-0.44735778 -0.1913525  -0.70587947 -0.61756311]
 [-0.40648281 -0.27298445 -0.69344475 -0.71056111]
 [-0.44034893 -0.28374109 -0.66906926 -0.58574726]
 [-0.41638893 -0.41983063 -0.62033911 -0.55954445]
 [-0.43576192 -0.39013691 -0.62920012 -0.60473143]
 [-0.40105895 -0.39776381 -0.82689256 -0.63935533]
 [-0.54811363 -0.25896249 -0.69906436 -0.51794068]
 [-0.47508898 -0.30689404 -0.85138549 -0.67408656]
 [-0.49803306 -0.34716123 -0.63571373 -0.64502849]
 [-0.49264862 -0.40849065 -0.78666283 -0.51452777]
 [-0.51398478 -0.32116049 -0.73052765 -0.70417574]
 [-0.51156054 -0.38468622 -0.81590668 -0.57367502]
 [-0.72486199 -0.24286027 -0.73293777 -0.59132272]
 [-0.54614991 -0.39173995 -0.63432669 -0.67088665]
 [-0.6162264  -0.28603417 -0.85357855 -0.61670638]
 [-0.57038391 -0.3487133  -0.8259603  -0.67656553]
 [-0.67523817 -0.35667309 -0.71641438 -0.54803824]
 [-0.55151443 -0.44540433 -0.84828946 -0.63304541]
 [-0.73944516 -0.31341898 -0.87144569 -0.58293923]
 [-0.7047365  -0.33617997 -0.67839682 -0.67323154]
 [-0.70716456 -0.39945572 -0.77526804 -0.54199838]
 [-0.75572591 -0.44892763 -0.71278438 -0.56781613]
 [-0.80741773 -0.38501195 -0.74827889 -0.63109564]
 [-0.78251049 -0.45653068 -0.76863767 -0.65721144]]",TRUE,final_models,13,30
5000,0.9,0.54151652,0.076278501,0.076675379,0.051995839,0.052277503,0.864898765,0.6096,0.2904,0.2904,0.095712556,0.09625549,0.475187664,0.477565071,-1.289301273,0.077369918,0.078002797,0.056424674,0.056886223,0.862922771,0.594,0.306,0.111961994,0.112877834,0.450529439,0.454214731,-1.281253736,0.075187084,0.075347962,0.047567004,0.047668783,0.86687476,0.6252,0.2748,0.079463118,0.079633146,0.499845889,0.500915411,-1.29734881,0.020452342,0.011956305,0.071855408,0.643678161,0.413889539,0.423722805,0.976793164,87,173,"[[ 4.68484405e-01  7.29637962e-01  5.74160371e-01  5.28901652e-01]
 [ 5.43045158e-01  6.88012220e-01  5.43973098e-01  5.85972996e-01]
 [ 5.33917794e-01  6.05332680e-01  5.50172722e-01  4.43080517e-01]
 [ 6.11165550e-01  6.76213281e-01  5.95617825e-01  5.26452094e-01]
 [ 5.55974085e-01  5.76041369e-01  4.89316428e-01  5.66864207e-01]
 [ 4.73890556e-01  5.20376792e-01  4.76669464e-01  4.72385716e-01]
 [ 5.13678258e-01  4.83800003e-01  4.72578583e-01  4.81733356e-01]
 [ 4.74875784e-01  4.71468590e-01  5.65870266e-01  5.40116344e-01]
 [ 6.51777148e-01  5.92783224e-01  6.57958260e-01  5.81355074e-01]
 [ 3.31177449e-01  5.35564052e-01  5.66267921e-01  4.09454951e-01]
 [ 5.21406911e-01  4.46689036e-01  5.36638321e-01  6.05977675e-01]
 [ 3.24022129e-01  4.88763640e-01  5.45760864e-01  4.76728752e-01]
 [ 3.90449995e-01  4.40056525e-01  4.23912510e-01  5.09359712e-01]
 [ 3.82401513e-01  5.33056693e-01  3.78090240e-01  3.47573765e-01]
 [ 3.07342166e-01  5.04136609e-01  4.24556212e-01  3.78700215e-01]
 [ 3.74614159e-01  4.07104358e-01  3.93861374e-01  3.86433791e-01]
 [ 2.55498201e-01  5.68173867e-01  3.95897551e-01  3.13009338e-01]
 [ 2.23206731e-01  5.44744186e-01  3.44585706e-01  4.03074689e-01]
 [ 2.67550733e-01  6.01224059e-01  3.53580691e-01  2.72712870e-01]
 [ 3.24438924e-01  5.18860817e-01  2.88085543e-01  3.32386117e-01]
 [ 2.03000907e-01  5.76455340e-01  4.30132879e-01  2.58012461e-01]
 [ 3.32847308e-01  4.40692239e-01  3.24217658e-01  2.80512741e-01]
 [ 2.75598887e-01  4.89023501e-01  4.19661241e-01  2.07045842e-01]
 [ 2.68147737e-01  4.82969312e-01  2.28730431e-01  3.69996326e-01]
 [ 2.58867422e-01  4.29396929e-01  2.56902184e-01  3.39972366e-01]
 [ 1.54952146e-01  4.46051631e-01  3.50514840e-01  3.35507711e-01]
 [ 2.21165860e-01  3.49414008e-01  3.27637315e-01  3.54979569e-01]
 [ 1.35689814e-01  4.79163574e-01  4.00003323e-01  2.50277916e-01]
 [ 1.91471841e-01  4.66001913e-01  3.74871779e-01  1.98691167e-01]
 [ 1.31132571e-01  5.24251249e-01  2.61646502e-01  2.78247487e-01]
 [ 1.94811612e-01  5.82059342e-01  2.49966184e-01  1.62933011e-01]
 [ 1.80434151e-01  3.59506851e-01  3.34667556e-01  2.41718832e-01]
 [ 6.38416074e-02  4.61059660e-01  3.08897192e-01  3.04686500e-01]
 [ 2.15810457e-01  5.12920506e-01  2.68425703e-01  1.25084149e-01]
 [ 1.51114767e-01  5.32166881e-01  1.74903059e-01  2.24399170e-01]
 [ 6.84971940e-02  4.30882825e-01  3.53097426e-01  2.26662980e-01]
 [ 8.05573929e-02  4.01677154e-01  3.97359777e-01  1.87369717e-01]
 [ 3.12016662e-02  5.37108539e-01  2.34894294e-01  2.74669334e-01]
 [ 1.27264246e-01  4.85247752e-01  2.16894550e-01  1.70575511e-01]
 [ 6.01090621e-02  3.64429673e-01  2.70641318e-01  2.60800036e-01]
 [ 8.87390580e-02  3.76084622e-01  2.04492941e-01  2.66839422e-01]
 [ 1.99010530e-01  4.12581796e-01  1.06934868e-01  1.82082580e-01]
 [ 2.39592381e-02  5.67285910e-01  1.61460724e-01  1.93996441e-01]
 [ 1.59432922e-01  2.90156448e-01  1.83204727e-01  2.04363855e-01]
 [ 1.21788338e-01  3.06636838e-01  2.19943319e-01  1.73050577e-01]
 [ 6.19589612e-02  4.58012452e-01  2.33937521e-01  7.66936094e-02]
 [ 7.22522065e-02  4.39869229e-01  1.20896963e-01  1.49521805e-01]
 [ 3.60868443e-02  3.86952916e-01  2.52579747e-01  1.01841500e-01]
 [ 6.60424326e-02  3.67234170e-01  1.94214426e-01  1.11787137e-01]
 [ 3.83825973e-04  3.95454563e-01  1.95639230e-01  1.38445815e-01]
 [ 1.97643917e-02  4.28322135e-01  5.38425874e-02  2.12902823e-01]
 [-3.22933886e-02  4.69608279e-01  1.13433132e-01  1.65574595e-01]
 [ 5.19368742e-02  3.58765112e-01  8.06927253e-02  1.62035588e-01]
 [ 1.32863345e-01  3.22776334e-01  9.68850628e-02  6.81732520e-02]
 [-1.98818762e-02  2.76805572e-01  2.33228371e-01  1.26603933e-01]
 [-1.01268739e-02  3.78402153e-01  1.68487594e-01  5.95992301e-02]
 [-4.22873460e-02  3.38385915e-01  1.96333360e-01  6.53383471e-02]
 [ 8.59113242e-02  3.38272652e-01  5.62401097e-02  3.68646979e-02]
 [ 2.96698622e-02  2.62677127e-01  1.34822108e-01  4.82459050e-02]
 [ 2.44091619e-02  4.04220577e-01 -2.84540467e-03  6.71007093e-02]
 [-3.00909225e-02  3.04637300e-01  2.07674211e-01 -8.69413652e-03]
 [ 6.21537734e-02  3.16284709e-01  1.02397833e-01 -4.36392426e-02]
 [-6.61862995e-02  4.58880490e-01  3.03413328e-02  4.08900864e-02]
 [-4.25807405e-02  4.49587859e-01  7.65236579e-02 -3.20397727e-02]
 [ 9.28187314e-02  1.82711778e-01  6.87462837e-02  9.84018855e-03]
 [-6.16030172e-02  3.68079409e-01  5.32101486e-02  2.06890330e-02]
 [ 2.72646174e-03  2.03063194e-01  1.02978647e-02  7.13368617e-02]
 [-8.52384903e-02  3.45145373e-01  1.00773856e-01 -2.75864378e-02]
 [-1.15769295e-01  2.95375135e-01  1.30758163e-01  1.91882811e-03]
 [-1.65707950e-01  4.14512655e-01  8.59987084e-02 -3.54357250e-03]
 [-5.45888059e-02  1.49982952e-01  7.18339123e-02  5.71435448e-02]
 [ 4.79723010e-02  1.61549054e-01 -2.40176469e-02  2.04687323e-02]
 [-5.60178049e-02  3.74115460e-01 -5.64431399e-02 -2.78408825e-03]
 [-1.44622006e-01  1.74411688e-01  1.84657527e-01 -4.04619984e-03]
 [-2.42365338e-03  2.39159118e-01  8.22058450e-02 -1.09912004e-01]
 [-1.84699258e-01  2.78316690e-01  3.14350836e-02  5.29800076e-02]
 [-7.34431092e-02  5.13617229e-02  9.46183279e-02  6.29902817e-03]
 [-1.33532368e-01  3.60885823e-01  6.01332840e-02 -1.21396899e-01]
 [-5.23646176e-02  3.32435424e-01  1.17468797e-02 -1.52759228e-01]
 [-8.78385566e-02  1.32694123e-01 -2.29022168e-02  3.55438720e-02]
 [-2.08487796e-01  2.55352169e-01  1.10830298e-01 -6.18304592e-02]
 [-9.34839100e-02  1.25065437e-01  2.41820794e-02 -5.03684524e-02]
 [-1.25298645e-01  1.41543912e-01  6.48268536e-02 -8.19211025e-02]
 [-9.82584562e-02  2.61654260e-01 -1.14390641e-01 -6.42351042e-02]
 [-1.75397260e-01  2.44576259e-01 -7.85614625e-02 -1.37725882e-02]
 [-1.86862888e-01  2.04116326e-01  9.93387587e-02 -1.41293891e-01]
 [-1.06171478e-01  1.21531997e-01 -1.38210626e-01  1.20145343e-02]
 [-1.79359449e-01  2.97360186e-01  2.56782118e-02 -1.86535114e-01]
 [-9.44082048e-02  1.89339079e-01  6.16296548e-02 -2.35228330e-01]
 [-7.56713878e-02  5.02089616e-02 -1.08715577e-01 -1.71092432e-02]
 [-8.15184750e-02  1.67361427e-01 -4.39769458e-02 -1.69093957e-01]
 [-1.90957893e-01  1.21150339e-01  7.50293061e-02 -1.68334227e-01]
 [-2.32765924e-01  1.39180023e-01 -2.79407725e-02 -7.52159748e-02]
 [-2.04393463e-01  2.02598700e-01 -5.78783564e-02 -1.38950631e-01]
 [-1.43099720e-01  3.46994121e-02 -5.26808165e-02 -1.11289924e-01]
 [-1.69548247e-01  9.61723886e-02 -1.77345648e-02 -1.74535815e-01]
 [-1.11734293e-01  1.11918561e-01 -7.08459187e-02 -2.05846515e-01]
 [-1.49247658e-01  1.50303220e-01 -1.33658318e-01 -1.50945919e-01]
 [-9.98076610e-02  7.90514778e-02 -1.79675840e-01 -1.29939593e-01]
 [-2.76560536e-01  1.92333600e-01 -2.18147747e-02 -1.94309190e-01]
 [-2.55096313e-01  9.07980241e-02 -8.20844881e-02 -1.19488217e-01]
 [-3.19289345e-01  1.71890717e-01 -8.85943137e-02 -1.30767597e-01]
 [-2.97354121e-01  1.63483588e-01 -2.02122914e-01 -8.05169847e-02]
 [-3.32234310e-01  3.40562686e-03  4.40997258e-02 -1.64005945e-01]
 [-1.89875007e-01  1.36746632e-01 -1.42511463e-01 -2.56269321e-01]
 [-2.22682649e-01  5.16514331e-02 -1.57901006e-01 -1.62479518e-01]
 [-2.43720239e-01 -3.05620432e-02 -1.86013492e-01 -8.55943765e-02]
 [-3.17755552e-01 -3.54989059e-03 -6.99425861e-03 -1.95812596e-01]
 [-2.09194485e-01  1.70346592e-01 -1.08007941e-01 -3.29761405e-01]
 [-1.93876177e-01 -9.25010759e-02 -1.50034515e-01 -1.45425636e-01]
 [-2.08638834e-01 -2.90903691e-02 -4.98364754e-02 -2.78106946e-01]
 [-3.06767495e-01  2.83549670e-02 -1.13117270e-01 -1.80753322e-01]
 [-3.30727741e-01  1.42990226e-01 -1.61923705e-01 -2.05202090e-01]
 [-1.52578574e-01 -7.35731628e-02 -1.25555431e-01 -2.57875724e-01]
 [-2.95382528e-01  6.18936531e-02 -1.37337314e-01 -2.33218817e-01]
 [-1.86264468e-01  3.22657265e-02 -1.80190841e-01 -3.07235245e-01]
 [-2.57876363e-01  1.32333262e-01 -1.84556669e-01 -3.27005759e-01]
 [-2.62669858e-01 -8.32425933e-02 -1.76453827e-01 -2.15193201e-01]
 [-2.90051714e-01  9.22558624e-02 -2.12402159e-01 -2.98053773e-01]
 [-3.14552892e-01 -9.64195132e-02 -8.10101666e-02 -2.72853659e-01]
 [-1.89441336e-01 -6.21405393e-02 -1.99704906e-01 -3.23301777e-01]
 [-3.89451066e-01 -4.80166711e-02 -1.59166154e-01 -2.49223689e-01]
 [-2.43151220e-01  1.24553163e-02 -2.74673630e-01 -3.43036808e-01]
 [-2.99326068e-01  7.09545426e-03 -3.01112670e-01 -2.73395129e-01]
 [-3.34242418e-01 -6.33080397e-02 -1.69446712e-01 -3.13116027e-01]
 [-2.65636835e-01 -1.06538787e-01 -2.61980206e-01 -2.86619524e-01]
 [-3.92784284e-01 -8.84346850e-03 -2.75423849e-01 -2.55922128e-01]
 [-2.13368185e-01 -1.00210447e-01 -2.82556117e-01 -3.57232938e-01]
 [-3.84490307e-01 -7.83160757e-02 -2.41339315e-01 -2.82049498e-01]
 [-4.14689049e-01 -1.34552391e-01 -1.43196955e-01 -3.43010183e-01]
 [-4.57484094e-01 -3.59080061e-02 -1.83407966e-01 -3.47467802e-01]
 [-3.01347602e-01 -1.15081443e-01 -1.94051454e-01 -4.38423285e-01]
 [-3.56268184e-01 -1.87582189e-01 -2.86292989e-01 -2.74959570e-01]
 [-2.83583926e-01 -2.62337558e-01 -2.45225556e-01 -3.32022637e-01]
 [-2.97916286e-01 -1.76645461e-01 -3.53298519e-01 -3.38440128e-01]
 [-3.31814360e-01 -1.26856662e-01 -2.52872631e-01 -4.63636283e-01]
 [-3.62139851e-01 -8.60470943e-02 -3.51023037e-01 -4.11304040e-01]
 [-4.83293537e-01 -1.60168774e-01 -3.00192853e-01 -3.07498544e-01]
 [-3.20583286e-01 -2.11772498e-01 -2.34222775e-01 -4.96103739e-01]
 [-3.86914551e-01 -1.41629968e-01 -3.36257422e-01 -4.32325628e-01]
 [-4.24949264e-01 -2.04056976e-01 -3.74554312e-01 -3.69140295e-01]
 [-4.47707850e-01 -1.84372431e-01 -2.43729178e-01 -4.68191087e-01]
 [-3.27561792e-01 -3.15377260e-01 -3.77396621e-01 -4.08846380e-01]
 [-3.63805447e-01 -2.67800424e-01 -2.56743597e-01 -5.22701699e-01]
 [-3.98844961e-01 -1.75229719e-01 -4.13226992e-01 -4.81888272e-01]
 [-4.61917063e-01 -2.54442619e-01 -3.54794897e-01 -4.58987392e-01]
 [-4.98346446e-01 -1.47767713e-01 -3.58740265e-01 -5.27331106e-01]
 [-4.11934890e-01 -4.15533312e-01 -3.14583521e-01 -4.79432534e-01]
 [-4.23384693e-01 -3.86633055e-01 -4.34894724e-01 -4.34783272e-01]
 [-4.36663132e-01 -2.81935142e-01 -4.09371259e-01 -5.31770639e-01]
 [-4.41368425e-01 -3.88422258e-01 -3.85129167e-01 -5.27805056e-01]
 [-5.11464179e-01 -4.91054172e-01 -3.51788511e-01 -4.80951246e-01]
 [-5.16890038e-01 -3.74896720e-01 -3.83953720e-01 -5.37133642e-01]
 [-5.04951909e-01 -3.41358030e-01 -3.65585530e-01 -6.11090954e-01]
 [-4.71580399e-01 -3.32292985e-01 -4.84240817e-01 -5.97257486e-01]
 [-4.77268755e-01 -4.82565716e-01 -3.30996029e-01 -6.33739861e-01]
 [-5.74748894e-01 -2.60818174e-01 -4.43137214e-01 -5.98729378e-01]
 [-4.07355404e-01 -4.30399571e-01 -4.70128300e-01 -6.52510077e-01]
 [-5.03887646e-01 -5.21062244e-01 -3.36941583e-01 -6.30865285e-01]
 [-5.47212400e-01 -4.12227158e-01 -4.81112335e-01 -5.87805847e-01]
 [-5.25434572e-01 -3.54211133e-01 -5.19013718e-01 -6.31671874e-01]
 [-4.72705772e-01 -5.27684184e-01 -4.38018447e-01 -6.44863732e-01]
 [-4.91824064e-01 -4.62032614e-01 -5.54522606e-01 -6.24901600e-01]
 [-5.87706503e-01 -3.81135527e-01 -5.29105544e-01 -6.18561082e-01]
 [-5.28207880e-01 -5.33859016e-01 -5.58728930e-01 -6.10430285e-01]
 [-4.36241331e-01 -5.09488693e-01 -4.62603925e-01 -7.58475536e-01]
 [-5.72647018e-01 -5.65484196e-01 -4.79122069e-01 -6.43406145e-01]
 [-6.00437375e-01 -4.45050625e-01 -5.56721214e-01 -6.81779550e-01]
 [-5.16452992e-01 -5.84839117e-01 -4.87967584e-01 -7.63808856e-01]
 [-5.83939323e-01 -4.86341545e-01 -4.55335595e-01 -7.56223099e-01]
 [-5.58975121e-01 -4.55402384e-01 -5.34325119e-01 -7.87958339e-01]
 [-6.18464535e-01 -6.15930866e-01 -5.02718568e-01 -7.95540772e-01]
 [-6.43478822e-01 -5.49769690e-01 -4.74494850e-01 -7.94235427e-01]]",TRUE,final_models,14,30
5000,0.9,0.587969795,0.056821484,0.057148065,0.038833099,0.039056795,0.919094397,0.731,0.1788,0.1788,0.105760956,0.106215197,0.325439075,0.327517457,-1.388737607,0.067878347,0.068433586,0.046556256,0.046937082,0.888184984,0.5522,0.3478,0.075475405,0.076092788,0.457613055,0.46135629,-1.462005381,0.04576462,0.045862543,0.031109941,0.031176507,0.950003811,0.9098,0.0098,0.136046507,0.136337606,0.193265094,0.193678624,-1.315469833,0.010186596,0.007721631,0.025470567,0.896551724,0.430351928,0.423722805,1.015644953,87,166,"[[ 4.73890556e-01  5.20376792e-01  4.76669464e-01  4.72385716e-01]
 [ 5.13678258e-01  4.83800003e-01  4.72578583e-01  4.81733356e-01]
 [ 4.78478555e-01  4.75224219e-01  3.69550666e-01  4.99134639e-01]
 [ 3.90449995e-01  4.40056525e-01  4.23912510e-01  5.09359712e-01]
 [ 4.87306900e-01  3.58959777e-01  4.01838001e-01  5.52143117e-01]
 [ 4.97740917e-01  4.42173792e-01  3.79990950e-01  4.14896628e-01]
 [ 4.66595212e-01  4.50429536e-01  2.31104892e-01  5.58154853e-01]
 [ 5.25727028e-01  4.50200524e-01  2.77940862e-01  4.32174884e-01]
 [ 4.25991746e-01  3.92906817e-01  3.03243970e-01  4.33602013e-01]
 [ 3.95648053e-01  3.23898895e-01  3.31077719e-01  4.41336399e-01]
 [ 4.21596386e-01  4.48648451e-01  2.14525294e-01  4.01137544e-01]
 [ 4.56438029e-01  3.50004025e-01  2.37067938e-01  4.12305268e-01]
 [ 4.46188524e-01  3.11871070e-01  2.81161824e-01  3.75925962e-01]
 [ 3.23061766e-01  3.39164296e-01  2.59417992e-01  4.09779934e-01]
 [ 2.58867422e-01  4.29396929e-01  2.56902184e-01  3.39972366e-01]
 [ 3.89301714e-01  2.68129157e-01  1.85726568e-01  4.73801941e-01]
 [ 3.65013145e-01  2.76118744e-01  2.95395508e-01  3.44547771e-01]
 [ 3.72272450e-01  2.45857980e-01  3.29644291e-01  3.27627039e-01]
 [ 3.81194696e-01  2.38207305e-01  1.89321397e-01  4.47753934e-01]
 [ 3.27469653e-01  4.00850389e-01  1.62928170e-01  3.06638196e-01]
 [ 3.57695954e-01  3.15927662e-01  1.90754825e-01  3.18423389e-01]
 [ 3.37538008e-01  2.21730618e-01  1.51854046e-01  4.16934615e-01]
 [ 2.74206297e-01  3.32941676e-01  8.50372761e-02  3.92106002e-01]
 [ 2.08606791e-01  1.92638788e-01  2.73112105e-01  3.82445993e-01]
 [ 3.01747059e-01  3.34399518e-01  2.13279786e-01  2.13783741e-01]
 [ 3.08060698e-01  2.09020192e-01  2.34656278e-01  2.91639747e-01]
 [ 2.35391285e-01  2.16356074e-01  2.16168735e-01  3.45773490e-01]
 [ 2.88937517e-01  2.70620648e-01  1.10156845e-01  3.30842078e-01]
 [ 3.00318707e-01  3.04159360e-01  1.40364895e-01  2.54943069e-01]
 [ 2.29048511e-01  1.29578227e-01  2.97310902e-01  3.17213360e-01]
 [ 2.48546662e-01  3.41712028e-01  2.41656991e-01  1.42928332e-01]
 [ 2.96072964e-01  2.38653105e-01  1.48872156e-02  3.72452078e-01]
 [ 2.23643728e-01  2.54721042e-01  2.75749154e-01  1.76369315e-01]
 [ 2.32059818e-01  2.79878698e-01  9.16676335e-02  2.75854737e-01]
 [ 3.08654109e-01  1.78772885e-01  1.61698949e-01  2.39526628e-01]
 [ 1.59432922e-01  2.90156448e-01  1.83204727e-01  2.04363855e-01]
 [ 1.67665936e-01  1.95686983e-01  1.91804554e-01  2.48934116e-01]
 [ 1.68743366e-01  1.65510025e-01  1.42294843e-01  2.82278031e-01]
 [ 2.20857548e-01  1.55262796e-01  1.17132762e-01  2.28699060e-01]
 [ 2.78428076e-01  1.08315252e-01  1.87591419e-01  1.35413840e-01]
 [ 2.72708487e-01  2.07561877e-01  1.22298172e-01  9.55104865e-02]
 [ 2.89391777e-01  1.45966114e-01  8.87577031e-02  1.58698918e-01]
 [ 9.38622057e-02  2.45040745e-01  9.54498462e-02  1.96655087e-01]
 [ 1.87412698e-01  2.28554521e-01  5.77365998e-02  1.65218741e-01]
 [ 1.00978779e-01  1.52292861e-01  5.11486270e-02  2.72194270e-01]
 [ 1.45165132e-01  1.34342533e-01  2.22353429e-01  6.01994637e-02]
 [ 1.55254126e-01  5.07211462e-02  9.23951026e-02  2.09718717e-01]
 [ 7.35563692e-02  1.49844445e-01  1.80733820e-01  9.16290898e-02]
 [ 8.38617794e-03  1.14802897e-01  1.79351008e-01  1.58603348e-01]
 [ 2.33321456e-01  1.77295115e-01 -6.46772925e-02  1.13789214e-01]
 [ 1.25975264e-01  1.67942280e-01  2.81056520e-02  1.03894746e-01]
 [ 1.90656995e-01  6.93634916e-02  1.80138554e-02  1.46360587e-01]
 [ 1.12165811e-01  7.18504637e-02 -2.16583014e-02  2.29771372e-01]
 [ 1.74967639e-01  1.88949084e-01 -1.44811962e-02  5.42989485e-02]
 [ 1.23139186e-01  9.65682138e-02  3.50606851e-02  1.15219370e-01]
 [ 9.28187314e-02  1.82711778e-01  6.87462837e-02  9.84018855e-03]
 [ 5.42024262e-02  5.12613337e-02  1.41110385e-01  9.48660802e-02]
 [ 1.69128170e-01  8.73525031e-02 -7.47652147e-02  1.35962579e-01]
 [ 2.72646174e-03  2.03063194e-01  1.02978647e-02  7.13368617e-02]
 [ 1.25155423e-01  5.96622713e-02  1.51916763e-01 -8.07339884e-03]
 [ 6.35319836e-02  3.42482738e-02  4.14283574e-03  1.78407332e-01]
 [ 8.18193760e-02  1.41026136e-01 -1.12968568e-01  1.45167189e-01]
 [ 2.03095386e-01  1.05922058e-01 -3.87930330e-02  1.11491978e-02]
 [ 5.40457051e-02  1.58801273e-01  2.26157699e-02 -2.94333883e-03]
 [ 3.50087360e-02  2.15673521e-02  1.08429339e-01  5.36007453e-02]
 [ 4.79723010e-02  1.61549054e-01 -2.40176469e-02  2.04687323e-02]
 [ 1.28348704e-01 -2.38018706e-02  6.38057794e-02  3.81147023e-02]
 [ 9.04297903e-02 -8.53824988e-03  2.73002684e-02  6.97913747e-02]
 [-2.24220455e-02  6.29241057e-02  4.30194661e-02  6.77959397e-02]
 [ 1.42796915e-01  2.39327345e-02 -1.04826799e-01  7.07616527e-02]
 [ 3.18460017e-02 -5.01189195e-02  1.77544679e-01 -2.50280481e-02]
 [ 2.17444394e-02  1.20509174e-01  1.11980578e-01 -1.21994242e-01]
 [ 7.59780034e-02  8.17905180e-03 -4.87875976e-02  3.90828792e-02]
 [ 4.93692383e-02 -2.22609993e-02 -6.74205422e-02  8.74678101e-02]
 [ 4.23348136e-03  9.27697439e-02 -1.27367726e-01  5.94399609e-02]
 [-3.45791262e-02  4.40527797e-02  4.85166777e-02 -1.50275137e-02]
 [ 1.08691214e-01 -9.59341824e-02 -9.67039168e-03  2.59328671e-02]
 [ 5.15355878e-02 -1.68238711e-02  7.29727987e-02 -7.65666384e-02]
 [-4.85163927e-02  1.54681936e-01 -6.85971696e-02 -4.43935860e-02]
 [-3.62580214e-02  4.19234708e-02 -6.06645569e-02  2.40060408e-02]
 [-7.45107234e-03 -6.31770436e-02 -5.90780005e-03  4.11318652e-02]
 [ 8.86908732e-02 -1.49519555e-02 -1.97910126e-02 -7.86179099e-02]
 [ 3.66867147e-02  1.74715519e-02 -9.44542233e-02 -3.23077496e-02]
 [-6.42066915e-02  2.35293843e-02  8.84715300e-02 -1.39832186e-01]
 [-7.56713878e-02  5.02089616e-02 -1.08715577e-01 -1.71092432e-02]
 [-1.28769735e-01 -3.45093161e-02  3.11891958e-02 -2.98148412e-02]
 [-1.30448608e-01 -3.57960537e-02 -1.58712547e-02  9.22246836e-03]
 [ 3.79194357e-02 -5.14051802e-02 -1.82124251e-01  1.40024219e-02]
 [ 4.86171246e-02  5.03388848e-02 -1.56065941e-01 -1.16038436e-01]
 [-4.65512145e-02  6.27803989e-03 -4.29246016e-03 -1.42419362e-01]
 [-4.90578543e-02 -4.46871947e-02 -2.70371605e-02 -9.38164461e-02]
 [ 4.33334075e-02 -2.35736910e-02 -1.25019565e-01 -1.31919103e-01]
 [-8.70563854e-02  1.66087598e-02 -1.40762430e-01 -6.86134417e-02]
 [ 3.71219646e-02 -1.58457218e-01 -5.97283337e-02 -1.05902201e-01]
 [-1.09364968e-01 -8.71181116e-02 -8.52099974e-02 -3.42346318e-02]
 [-1.39769023e-01 -7.96325319e-03 -4.12422828e-02 -1.25194414e-01]
 [-7.70824552e-02 -1.25791337e-01 -4.95713633e-02 -9.07058399e-02]
 [-4.97252718e-02 -1.82752345e-01 -1.53289946e-01  2.16075592e-03]
 [-1.54583236e-01  8.76548886e-03  2.23405659e-04 -2.33645478e-01]
 [-1.14326125e-01  1.90566983e-02 -2.86484007e-02 -2.62865163e-01]
 [ 2.44978853e-02 -2.22357366e-01 -2.63122823e-02 -1.71134356e-01]
 [-1.87371615e-02 -2.38496633e-01 -1.23215659e-01 -3.12459767e-02]
 [-6.46251626e-02 -1.67719329e-01  6.87290542e-03 -1.89776467e-01]
 [-1.41703676e-01 -1.40803188e-01 -1.01928752e-01 -5.91471847e-02]
 [-6.70868289e-02 -5.73057234e-02 -1.40558627e-01 -1.79220447e-01]
 [-1.11297702e-01 -1.88706582e-01 -2.06075031e-02 -1.55935373e-01]
 [-5.50571084e-02 -1.48083964e-01 -1.62612639e-01 -1.36188602e-01]
 [-2.43720239e-01 -3.05620432e-02 -1.86013492e-01 -8.55943765e-02]
 [-1.30139463e-01 -1.74097726e-01 -1.47549255e-01 -1.04822570e-01]
 [-1.93876177e-01 -9.25010759e-02 -1.50034515e-01 -1.45425636e-01]
 [-1.52578574e-01 -7.35731628e-02 -1.25555431e-01 -2.57875724e-01]
 [-2.05928717e-01 -1.21889167e-01 -1.00423839e-01 -1.90605089e-01]
 [-1.65496353e-01 -1.72625884e-01 -2.57764161e-02 -2.81465650e-01]
 [-1.15736358e-01 -1.56391423e-01 -6.32627998e-02 -3.12776305e-01]
 [-9.29706171e-02 -9.72368158e-02 -3.46464323e-01 -1.41862735e-01]
 [-9.65350382e-02 -1.27247034e-01 -1.87197968e-01 -2.73009803e-01]
 [-1.69969337e-01 -2.04946639e-01 -7.78540000e-02 -2.49868099e-01]
 [-2.62669858e-01 -8.32425933e-02 -1.76453827e-01 -2.15193201e-01]
 [-9.92489699e-02 -2.22001392e-01 -2.28931524e-01 -1.95717014e-01]
 [-1.81968493e-01 -2.37997316e-01 -1.72667759e-01 -1.64165080e-01]
 [-1.74465390e-01 -2.68346786e-01 -2.02383965e-01 -1.32532896e-01]
 [-2.94840798e-01 -1.37479888e-01 -2.04299213e-01 -1.59866361e-01]
 [-3.89451066e-01 -4.80166711e-02 -1.59166154e-01 -2.49223689e-01]
 [-2.72920774e-01 -1.17258746e-02 -3.37499104e-01 -2.44729957e-01]
 [-1.57734349e-01 -3.29804309e-01 -9.92099810e-02 -2.65216114e-01]
 [-3.22974883e-01 -1.18129160e-01 -2.70964481e-01 -1.81173109e-01]
 [-2.19661796e-01 -2.24959496e-01 -1.66003922e-01 -3.01635804e-01]
 [-2.46174993e-01 -2.17280434e-01 -2.66632687e-01 -2.00943138e-01]
 [-3.59542260e-01 -2.42372524e-01 -1.54164242e-01 -2.19402522e-01]
 [-2.45540101e-01 -1.86918706e-01 -3.17222539e-01 -2.67707385e-01]
 [-4.26141612e-01 -1.73755903e-01 -2.91347487e-01 -1.62208589e-01]
 [-3.55140690e-01 -1.57275520e-01 -3.60306408e-01 -1.93767244e-01]
 [-2.86413025e-01 -1.47013029e-01 -3.97156512e-01 -2.63029154e-01]
 [-3.56268184e-01 -1.87582189e-01 -2.86292989e-01 -2.74959570e-01]
 [-2.83583926e-01 -2.62337558e-01 -2.45225556e-01 -3.32022637e-01]
 [-3.47019151e-01 -3.12928140e-01 -2.64672359e-01 -2.28297181e-01]
 [-2.37900287e-01 -3.41901593e-01 -3.07768119e-01 -3.10110891e-01]
 [-2.78768163e-01 -3.25504461e-01 -2.15593811e-01 -3.91303146e-01]
 [-2.63695760e-01 -2.39325313e-01 -3.26293498e-01 -4.00255026e-01]
 [-4.89644418e-01 -2.47311082e-01 -2.17089951e-01 -2.77469689e-01]
 [-2.91748425e-01 -2.72396643e-01 -4.34202347e-01 -2.47185702e-01]
 [-4.83293537e-01 -1.60168774e-01 -3.00192853e-01 -3.07498544e-01]
 [-3.47791402e-01 -2.82628613e-01 -3.38728217e-01 -3.02869197e-01]
 [-4.13560474e-01 -2.36924510e-01 -3.75961516e-01 -2.95137020e-01]
 [-4.33437744e-01 -2.98372766e-01 -2.50462633e-01 -3.34303830e-01]
 [-3.59843941e-01 -2.52935357e-01 -4.11791649e-01 -3.45599540e-01]
 [-3.79645098e-01 -3.59846544e-01 -2.88702749e-01 -3.95629024e-01]
 [-4.72240400e-01 -3.79191430e-01 -2.22556459e-01 -3.89826640e-01]
 [-5.70775948e-01 -2.75546329e-01 -3.50153869e-01 -2.69296961e-01]
 [-4.44357183e-01 -4.02853642e-01 -2.90116109e-01 -3.54138032e-01]
 [-4.61917063e-01 -2.54442619e-01 -3.54794897e-01 -4.58987392e-01]
 [-5.01837147e-01 -3.24919937e-01 -4.58097268e-01 -2.56935462e-01]
 [-4.86633290e-01 -3.50676531e-01 -4.25661234e-01 -3.14984290e-01]
 [-5.89969616e-01 -3.04934628e-01 -4.00366191e-01 -3.16425724e-01]
 [-3.89272513e-01 -4.47367504e-01 -4.00932269e-01 -3.73518633e-01]
 [-5.84457958e-01 -3.77082352e-01 -2.85971945e-01 -4.21270246e-01]
 [-4.23384693e-01 -3.86633055e-01 -4.34894724e-01 -4.34783272e-01]
 [-5.32174909e-01 -3.95804452e-01 -4.22443107e-01 -3.68124189e-01]
 [-5.96886801e-01 -3.68850553e-01 -4.35674429e-01 -3.82115882e-01]
 [-5.31146053e-01 -4.57759842e-01 -3.97751261e-01 -4.33326550e-01]
 [-5.42672867e-01 -3.75120124e-01 -5.41776925e-01 -4.61086955e-01]
 [-6.07029261e-01 -4.55970401e-01 -4.06518418e-01 -5.26332062e-01]
 [-5.06868770e-01 -5.04556380e-01 -4.94431622e-01 -4.85207705e-01]
 [-6.87563770e-01 -4.41769522e-01 -4.51106256e-01 -4.64634389e-01]
 [-6.31087497e-01 -3.97131450e-01 -5.69759378e-01 -5.24509355e-01]
 [-6.65555935e-01 -4.72693425e-01 -5.59126580e-01 -4.95394828e-01]]",TRUE,final_models,15,30
5000,0.9,0.521545791,0.062627511,0.062960099,0.042153158,0.042378689,0.903504481,0.6689,0.2311,0.2311,0.09255296,0.093006546,0.354593067,0.35662105,-1.391016923,0.065753903,0.066291764,0.044811671,0.045178226,0.892471873,0.5988,0.3012,0.084616398,0.085308553,0.420269691,0.423707461,-1.326156028,0.059501118,0.059628433,0.039494645,0.039579152,0.914537088,0.739,0.161,0.100489522,0.10070454,0.288916443,0.289534639,-1.455877818,0.014460782,0.011768403,0.085803961,0.735632184,0.418975199,0.423722805,0.988795493,87,160,"[[ 7.47372387e-01  6.20352041e-01  6.03281692e-01  4.11888355e-01]
 [ 6.26577925e-01  7.09169799e-01  5.63170817e-01  3.99622342e-01]
 [ 6.89794932e-01  5.57429032e-01  5.76272409e-01  3.50137588e-01]
 [ 7.15197602e-01  6.58964574e-01  5.11967462e-01  4.63049252e-01]
 [ 6.04628518e-01  5.59827004e-01  6.25952557e-01  4.54522695e-01]
 [ 5.33917794e-01  6.05332680e-01  5.50172722e-01  4.43080517e-01]
 [ 4.54182614e-01  5.62973570e-01  5.83585747e-01  3.75151828e-01]
 [ 6.13503050e-01  5.10230741e-01  4.74479383e-01  2.87579710e-01]
 [ 5.56972560e-01  4.33383092e-01  5.92163699e-01  3.89485769e-01]
 [ 5.12725515e-01  5.24888191e-01  5.70819249e-01  5.38966488e-01]
 [ 4.73890556e-01  5.20376792e-01  4.76669464e-01  4.72385716e-01]
 [ 5.13678258e-01  4.83800003e-01  4.72578583e-01  4.81733356e-01]
 [ 4.63215429e-01  5.83185591e-01  4.52899896e-01  2.82186219e-01]
 [ 6.06286997e-01  4.63308318e-01  3.83658396e-01  3.56540531e-01]
 [ 3.31177449e-01  5.35564052e-01  5.66267921e-01  4.09454951e-01]
 [ 4.91149209e-01  4.54694906e-01  5.30575335e-01  2.57843148e-01]
 [ 5.47939684e-01  4.20511145e-01  4.41602053e-01  2.94952305e-01]
 [ 4.05731563e-01  4.86133793e-01  4.82583132e-01  2.89588409e-01]
 [ 3.82401513e-01  5.33056693e-01  3.78090240e-01  3.47573765e-01]
 [ 5.15643902e-01  3.66578899e-01  4.07900987e-01  3.29988014e-01]
 [ 3.07342166e-01  5.04136609e-01  4.24556212e-01  3.78700215e-01]
 [ 4.40160723e-01  3.80104199e-01  4.08953410e-01  3.55067506e-01]
 [ 3.74614159e-01  4.07104358e-01  3.93861374e-01  3.86433791e-01]
 [ 4.59842650e-01  4.13398987e-01  3.41505209e-01  3.08904152e-01]
 [ 3.76454363e-01  3.53287689e-01  4.18400493e-01  3.94692415e-01]
 [ 3.24438924e-01  5.18860817e-01  2.88085543e-01  3.32386117e-01]
 [ 2.78614184e-01  3.96346290e-01  4.92578411e-01  2.61620410e-01]
 [ 3.32847308e-01  4.40692239e-01  3.24217658e-01  2.80512741e-01]
 [ 3.91236352e-01  3.85350257e-01  2.46537969e-01  3.37462254e-01]
 [ 3.50479415e-01  3.37705981e-01  3.79725842e-01  2.27490507e-01]
 [ 2.89090751e-01  3.57703580e-01  3.46262962e-01  2.84966195e-01]
 [ 4.19227241e-01  3.54760258e-01  2.82238645e-01  2.18033370e-01]
 [ 2.21165860e-01  3.49414008e-01  3.27637315e-01  3.54979569e-01]
 [ 2.35700119e-01  2.87832478e-01  4.73796261e-01  2.22036952e-01]
 [ 1.38221091e-01  3.86415567e-01  4.49492158e-01  2.18434116e-01]
 [ 3.07760075e-01  2.94161310e-01  4.45526881e-01  1.67893553e-01]
 [ 2.64095716e-01  4.59634941e-01  3.30858368e-01  1.28678747e-01]
 [ 3.27469653e-01  4.00850389e-01  1.62928170e-01  3.06638196e-01]
 [ 1.80434151e-01  3.59506851e-01  3.34667556e-01  2.41718832e-01]
 [ 3.25848177e-01  3.06963865e-01  3.40305481e-01  1.21554168e-01]
 [ 3.01747059e-01  3.34399518e-01  2.13279786e-01  2.13783741e-01]
 [ 2.88627774e-01  2.32591279e-01  3.21035301e-01  2.06571840e-01]
 [ 1.50208825e-01  4.15865371e-01  2.99989823e-01  1.33219698e-01]
 [ 2.48546662e-01  3.41712028e-01  2.41656991e-01  1.42928332e-01]
 [ 2.12968485e-01  3.17530306e-01  3.10077835e-01  1.17028475e-01]
 [ 2.23643728e-01  2.54721042e-01  2.75749154e-01  1.76369315e-01]
 [ 1.99010530e-01  4.12581796e-01  1.06934868e-01  1.82082580e-01]
 [ 5.75815998e-02  2.69730859e-01  3.13473402e-01  2.07926778e-01]
 [ 1.59432922e-01  2.90156448e-01  1.83204727e-01  2.04363855e-01]
 [ 1.21788338e-01  3.06636838e-01  2.19943319e-01  1.73050577e-01]
 [ 1.67665936e-01  1.95686983e-01  1.91804554e-01  2.48934116e-01]
 [ 2.61640962e-01  2.73071023e-01  2.47798739e-01  2.50486191e-02]
 [ 1.89047597e-01  2.77446745e-01  2.03781513e-01  7.91920181e-02]
 [ 1.96683127e-01  2.47459671e-01  1.71258762e-01  1.23763584e-01]
 [ 2.20857548e-01  1.55262796e-01  1.17132762e-01  2.28699060e-01]
 [ 2.72708487e-01  2.07561877e-01  1.22298172e-01  9.55104865e-02]
 [ 2.53026590e-01  2.41100321e-01  1.27245411e-01  5.27727529e-02]
 [ 1.13544133e-01  2.11440792e-01  1.55070284e-01  1.54878560e-01]
 [ 1.32863345e-01  3.22776334e-01  9.68850628e-02  6.81732520e-02]
 [ 2.11973555e-01  2.70519415e-01 -2.54529826e-02  1.48822894e-01]
 [ 1.85120285e-01  2.89027696e-01  1.23622032e-01 -1.53814312e-02]
 [ 1.45165132e-01  1.34342533e-01  2.22353429e-01  6.01994637e-02]
 [-2.79887747e-02  2.44194105e-01  1.41727565e-01  1.69952895e-01]
 [ 1.27673540e-02  1.76496519e-01  2.74252664e-01  5.47291990e-02]
 [ 7.35563692e-02  1.49844445e-01  1.80733820e-01  9.16290898e-02]
 [ 2.96698622e-02  2.62677127e-01  1.34822108e-01  4.82459050e-02]
 [ 8.38617794e-03  1.14802897e-01  1.79351008e-01  1.58603348e-01]
 [-3.49107310e-02  1.83583153e-01  1.78687813e-01  1.06706047e-01]
 [ 1.77451229e-01  7.85335600e-02  1.31053951e-01  6.47410043e-02]
 [ 1.25975264e-01  1.67942280e-01  2.81056520e-02  1.03894746e-01]
 [ 1.74967639e-01  1.88949084e-01 -1.44811962e-02  5.42989485e-02]
 [ 1.23139186e-01  9.65682138e-02  3.50606851e-02  1.15219370e-01]
 [ 9.28187314e-02  1.82711778e-01  6.87462837e-02  9.84018855e-03]
 [ 5.42024262e-02  5.12613337e-02  1.41110385e-01  9.48660802e-02]
 [ 2.72646174e-03  2.03063194e-01  1.02978647e-02  7.13368617e-02]
 [ 6.35319836e-02  3.42482738e-02  4.14283574e-03  1.78407332e-01]
 [-5.45888059e-02  1.49982952e-01  7.18339123e-02  5.71435448e-02]
 [ 5.40457051e-02  1.58801273e-01  2.26157699e-02 -2.94333883e-03]
 [ 3.50087360e-02  2.15673521e-02  1.08429339e-01  5.36007453e-02]
 [ 4.79723010e-02  1.61549054e-01 -2.40176469e-02  2.04687323e-02]
 [-9.31898411e-02  2.24006698e-02  1.55839993e-01  7.97912981e-02]
 [-2.24220455e-02  6.29241057e-02  4.30194661e-02  6.77959397e-02]
 [-7.34431092e-02  5.13617229e-02  9.46183279e-02  6.29902817e-03]
 [-8.78385566e-02  1.32694123e-01 -2.29022168e-02  3.55438720e-02]
 [-1.45266963e-01  3.56213842e-02  5.68903666e-02  9.96233393e-02]
 [ 7.59780034e-02  8.17905180e-03 -4.87875976e-02  3.90828792e-02]
 [-3.45791262e-02  4.40527797e-02  4.85166777e-02 -1.50275137e-02]
 [-9.34839100e-02  1.25065437e-01  2.41820794e-02 -5.03684524e-02]
 [-4.85163927e-02  1.54681936e-01 -6.85971696e-02 -4.43935860e-02]
 [-3.62580214e-02  4.19234708e-02 -6.06645569e-02  2.40060408e-02]
 [-1.63168963e-01  7.71303084e-02 -3.93787194e-02  5.85744306e-02]
 [ 3.66867147e-02  1.74715519e-02 -9.44542233e-02 -3.23077496e-02]
 [-1.06171478e-01  1.21531997e-01 -1.38210626e-01  1.20145343e-02]
 [-8.82574115e-02 -5.10501303e-02 -7.31290989e-02  1.02544619e-01]
 [-7.56713878e-02  5.02089616e-02 -1.08715577e-01 -1.71092432e-02]
 [-1.28769735e-01 -3.45093161e-02  3.11891958e-02 -2.98148412e-02]
 [-1.30448608e-01 -3.57960537e-02 -1.58712547e-02  9.22246836e-03]
 [-7.63917770e-02 -2.16613617e-02 -1.77328093e-01  6.13059271e-02]
 [-4.90578543e-02 -4.46871947e-02 -2.70371605e-02 -9.38164461e-02]
 [ 6.89938106e-03 -1.20821344e-01 -8.65896251e-02 -1.91582851e-02]
 [-2.02430218e-01  8.54462609e-02 -1.18282776e-01 -4.97243479e-02]
 [-1.43099720e-01  3.46994121e-02 -5.26808165e-02 -1.11289924e-01]
 [-8.70563854e-02  1.66087598e-02 -1.40762430e-01 -6.86134417e-02]
 [-2.32960315e-01  2.38194708e-02 -1.52142204e-01  4.60297521e-02]
 [-1.09364968e-01 -8.71181116e-02 -8.52099974e-02 -3.42346318e-02]
 [-2.32209438e-01 -5.97066674e-02 -6.35279194e-02 -3.71972099e-04]
 [-2.43434355e-01 -1.34440230e-01 -5.58394361e-02  5.22500817e-02]
 [-4.97252718e-02 -1.82752345e-01 -1.53289946e-01  2.16075592e-03]
 [-2.56296609e-01 -1.18887775e-01 -1.39448773e-01  8.31029490e-02]
 [-1.99267216e-01 -1.11544233e-01 -1.60008471e-01  2.89654508e-02]
 [-2.67742604e-01 -8.96823127e-02 -1.11070825e-01  2.80569866e-03]
 [-2.88781730e-01 -5.33702280e-02 -1.05589338e-01 -7.11075757e-02]
 [-1.60463963e-01 -1.05211740e-01 -2.36895459e-01 -2.02369913e-02]
 [-2.43720239e-01 -3.05620432e-02 -1.86013492e-01 -8.55943765e-02]
 [-3.79457857e-01 -1.36025913e-01 -3.10678463e-02 -1.98367219e-02]
 [-1.30139463e-01 -1.74097726e-01 -1.47549255e-01 -1.04822570e-01]
 [-1.93876177e-01 -9.25010759e-02 -1.50034515e-01 -1.45425636e-01]
 [-3.24886592e-01  1.01517215e-02 -2.26151405e-01 -1.07923949e-01]
 [-1.91564055e-01 -2.55513621e-01 -8.93421974e-02 -7.82558862e-02]
 [-2.11433904e-01 -1.94037128e-01 -2.14820115e-01 -3.93432342e-02]
 [-3.39252219e-01 -1.52021948e-01 -6.78211562e-02 -1.13407051e-01]
 [-4.23686851e-01 -1.10200731e-01 -1.30022116e-01 -5.90516180e-02]
 [-3.57599266e-01 -9.39700846e-02 -2.18285846e-01 -8.98778364e-02]
 [-3.09450803e-01 -2.43636824e-01 -2.56229965e-01  1.19268298e-02]
 [-2.68539598e-01 -2.00396463e-01 -2.41131423e-01 -9.46978591e-02]
 [-3.91392149e-01 -1.65170567e-01 -2.19387468e-01 -6.60080332e-02]
 [-3.32751120e-01 -2.19726214e-01 -3.35132100e-01 -5.02997637e-03]
 [-4.62226866e-01 -2.49745963e-01 -8.12943708e-02 -8.52627754e-02]
 [-3.22974883e-01 -1.18129160e-01 -2.70964481e-01 -1.81173109e-01]
 [-3.40142390e-01 -2.51476379e-01 -2.89912025e-01 -4.15449757e-02]
 [-3.03144073e-01 -2.08968444e-01 -3.08695834e-01 -1.30332585e-01]
 [-3.86019750e-01 -2.34490110e-01 -2.63237135e-01 -9.89627019e-02]
 [-4.43338407e-01 -3.09240583e-01 -2.06770366e-01 -4.60387450e-02]
 [-5.01650548e-01 -1.79222869e-01 -2.31838191e-01 -1.31186537e-01]
 [-4.26141612e-01 -1.73755903e-01 -2.91347487e-01 -1.62208589e-01]
 [-5.61180532e-01 -2.40680918e-01 -1.97990572e-01 -6.74809683e-02]
 [-3.78640147e-01 -2.66978299e-01 -3.61802667e-01 -7.32199792e-02]
 [-5.36284497e-01 -1.71178270e-01 -2.88662329e-01 -9.75050554e-02]
 [-5.53058255e-01 -2.72498615e-01 -1.77049261e-01 -1.04209617e-01]
 [-6.09452635e-01 -3.07383331e-01 -2.70063864e-01 -1.50567107e-02]
 [-3.47019151e-01 -3.12928140e-01 -2.64672359e-01 -2.28297181e-01]
 [-4.34251960e-01 -3.28681942e-01 -3.33635602e-01 -1.34484619e-01]
 [-4.70145909e-01 -2.85549046e-01 -2.74698157e-01 -1.97911648e-01]
 [-5.18324051e-01 -2.65405780e-01 -3.74746380e-01 -1.39863774e-01]
 [-6.06197938e-01 -2.43981451e-01 -3.94587869e-01 -1.16214255e-01]
 [-4.04050454e-01 -3.84200864e-01 -2.97023982e-01 -2.40576969e-01]
 [-4.99422867e-01 -4.34020180e-01 -3.38932294e-01 -1.15275314e-01]
 [-4.14997227e-01 -3.62281425e-01 -4.16823244e-01 -2.17231188e-01]
 [-5.39374350e-01 -3.89651557e-01 -2.41298895e-01 -2.09068514e-01]
 [-5.24045246e-01 -4.27397253e-01 -4.40009352e-01 -9.80076753e-02]
 [-5.77159589e-01 -3.70306253e-01 -3.00122870e-01 -1.99369414e-01]
 [-5.89215988e-01 -3.37255815e-01 -4.49357223e-01 -1.52225273e-01]
 [-6.41565727e-01 -3.55286773e-01 -3.53461262e-01 -1.68302884e-01]
 [-6.07486742e-01 -4.08979464e-01 -3.34781514e-01 -1.75571028e-01]
 [-6.29574193e-01 -3.21992202e-01 -3.96997867e-01 -2.45666871e-01]
 [-7.30606321e-01 -4.44203390e-01 -3.13098125e-01 -1.41262079e-01]
 [-5.61911581e-01 -5.35400607e-01 -3.83092571e-01 -2.30910696e-01]
 [-6.99383682e-01 -4.21954544e-01 -5.02320854e-01 -1.61126489e-01]
 [-6.78340547e-01 -4.56249619e-01 -3.37585285e-01 -2.62076952e-01]
 [-7.42666543e-01 -4.73348048e-01 -4.37423455e-01 -1.94704270e-01]]",TRUE,final_models,16,30
5000,0.9,0.564376731,0.06156531,0.06189319,0.04146871,0.041688268,0.909751222,0.6771,0.2229,0.2229,0.090388558,0.090881598,0.357944959,0.359754991,-1.414636736,0.064947427,0.065478691,0.043318879,0.043673224,0.899563433,0.7006,0.1994,0.099213393,0.10002495,0.345728327,0.348556355,-1.381946102,0.058183194,0.058307689,0.03961854,0.039703312,0.919939011,0.6536,0.2464,0.081563723,0.081738245,0.370161591,0.370953628,-1.44732737,0.013496949,0.009552428,0.062179688,0.850574713,0.421105746,0.423722805,0.993823654,87,164,"[[ 3.11861554e-01  6.81842079e-01  5.53262992e-01  6.86176134e-01]
 [ 4.80395554e-01  6.87041124e-01  4.90704425e-01  6.23072576e-01]
 [ 3.77422424e-01  6.56071445e-01  5.06951708e-01  5.92313426e-01]
 [ 3.34775617e-01  6.50765589e-01  4.45251273e-01  6.54438511e-01]
 [ 3.67052170e-01  5.66010589e-01  4.08616735e-01  7.20499931e-01]
 [ 2.91129593e-01  5.54135323e-01  4.82919810e-01  6.59018394e-01]
 [ 3.00875554e-01  6.71289222e-01  4.18800114e-01  5.29748280e-01]
 [ 2.48438163e-01  6.61023630e-01  3.76751034e-01  5.84746290e-01]
 [ 3.40407137e-01  5.31262921e-01  3.69887341e-01  6.14506904e-01]
 [ 2.81498840e-01  6.37750272e-01  3.31721477e-01  5.71967520e-01]
 [ 3.30310572e-01  6.36083381e-01  3.48283969e-01  4.77534834e-01]
 [ 3.21083836e-01  5.02363119e-01  3.80571770e-01  5.33717208e-01]
 [ 2.51292558e-01  5.82963534e-01  3.02907292e-01  5.53093916e-01]
 [ 2.83553075e-01  4.57187423e-01  4.68500352e-01  4.45961965e-01]
 [ 2.95831269e-01  5.37431631e-01  3.25965781e-01  4.57086362e-01]
 [ 2.23206731e-01  5.44744186e-01  3.44585706e-01  4.03074689e-01]
 [ 2.46567089e-01  4.97825503e-01  2.63531685e-01  4.60800664e-01]
 [ 3.05348873e-01  3.40923246e-01  3.11212908e-01  5.02755748e-01]
 [ 2.10156010e-01  4.04658742e-01  4.58452517e-01  3.15764762e-01]
 [ 2.68147737e-01  4.82969312e-01  2.28730431e-01  3.69996326e-01]
 [ 8.76003895e-02  5.08013092e-01  3.29406155e-01  3.71688861e-01]
 [ 1.54952146e-01  4.46051631e-01  3.50514840e-01  3.35507711e-01]
 [ 2.58867422e-01  4.29396929e-01  2.56902184e-01  3.39972366e-01]
 [ 1.57949256e-01  3.83983606e-01  3.13681290e-01  3.95275787e-01]
 [ 2.21165860e-01  3.49414008e-01  3.27637315e-01  3.54979569e-01]
 [ 2.62268228e-01  3.65748178e-01  1.64440742e-01  4.43617636e-01]
 [ 1.31132571e-01  5.24251249e-01  2.61646502e-01  2.78247487e-01]
 [ 2.11835746e-01  4.73673107e-01  1.94498619e-01  2.99139963e-01]
 [ 6.38416074e-02  4.61059660e-01  3.08897192e-01  3.04686500e-01]
 [ 1.80434151e-01  3.59506851e-01  3.34667556e-01  2.41718832e-01]
 [ 1.94267759e-01  3.72084156e-01  1.30316934e-01  3.89596427e-01]
 [ 1.51547533e-01  2.59722332e-01  1.96896171e-01  4.51100610e-01]
 [ 2.08606791e-01  1.92638788e-01  2.73112105e-01  3.82445993e-01]
 [ 1.78996429e-01  2.34646320e-01  3.71691464e-01  2.57616406e-01]
 [ 3.01747059e-01  3.34399518e-01  2.13279786e-01  2.13783741e-01]
 [ 9.40412953e-02  2.51808327e-01  3.37692564e-01  3.20374101e-01]
 [ 1.20901169e-01  3.36816296e-01  1.76654916e-01  3.58222013e-01]
 [ 1.60377314e-01  3.20341516e-01  2.32695842e-01  2.64286665e-01]
 [ 8.87390580e-02  3.76084622e-01  2.04492941e-01  2.66839422e-01]
 [ 2.23643728e-01  2.54721042e-01  2.75749154e-01  1.76369315e-01]
 [ 3.71585228e-02  2.93034920e-01  2.42233004e-01  2.94734184e-01]
 [ 5.75815998e-02  2.69730859e-01  3.13473402e-01  2.07926778e-01]
 [ 1.59432922e-01  2.90156448e-01  1.83204727e-01  2.04363855e-01]
 [ 1.21788338e-01  3.06636838e-01  2.19943319e-01  1.73050577e-01]
 [ 1.67665936e-01  1.95686983e-01  1.91804554e-01  2.48934116e-01]
 [ 1.68743366e-01  1.65510025e-01  1.42294843e-01  2.82278031e-01]
 [ 6.60424326e-02  3.67234170e-01  1.94214426e-01  1.11787137e-01]
 [ 1.89047597e-01  2.77446745e-01  2.03781513e-01  7.91920181e-02]
 [ 1.96683127e-01  2.47459671e-01  1.71258762e-01  1.23763584e-01]
 [ 2.20857548e-01  1.55262796e-01  1.17132762e-01  2.28699060e-01]
 [ 4.05485574e-02  1.68414723e-01  2.05216730e-01  2.16336971e-01]
 [ 1.13544133e-01  2.11440792e-01  1.55070284e-01  1.54878560e-01]
 [ 1.32863345e-01  3.22776334e-01  9.68850628e-02  6.81732520e-02]
 [-8.73024948e-03  2.11327022e-01  1.07750468e-01  2.43956298e-01]
 [-2.79887747e-02  2.44194105e-01  1.41727565e-01  1.69952895e-01]
 [ 1.45165132e-01  1.34342533e-01  2.22353429e-01  6.01994637e-02]
 [ 1.27673540e-02  1.76496519e-01  2.74252664e-01  5.47291990e-02]
 [ 7.35563692e-02  1.49844445e-01  1.80733820e-01  9.16290898e-02]
 [ 2.96698622e-02  2.62677127e-01  1.34822108e-01  4.82459050e-02]
 [ 8.38617794e-03  1.14802897e-01  1.79351008e-01  1.58603348e-01]
 [-3.49107310e-02  1.83583153e-01  1.78687813e-01  1.06706047e-01]
 [ 1.77451229e-01  7.85335600e-02  1.31053951e-01  6.47410043e-02]
 [ 1.25975264e-01  1.67942280e-01  2.81056520e-02  1.03894746e-01]
 [ 1.23139186e-01  9.65682138e-02  3.50606851e-02  1.15219370e-01]
 [ 5.42024262e-02  5.12613337e-02  1.41110385e-01  9.48660802e-02]
 [ 9.28187314e-02  1.82711778e-01  6.87462837e-02  9.84018855e-03]
 [ 1.04090326e-01  2.09395567e-01  8.96243695e-02 -6.26090802e-02]
 [ 1.25155423e-01  5.96622713e-02  1.51916763e-01 -8.07339884e-03]
 [ 2.72646174e-03  2.03063194e-01  1.02978647e-02  7.13368617e-02]
 [-5.45888059e-02  1.49982952e-01  7.18339123e-02  5.71435448e-02]
 [ 5.40457051e-02  1.58801273e-01  2.26157699e-02 -2.94333883e-03]
 [ 3.50087360e-02  2.15673521e-02  1.08429339e-01  5.36007453e-02]
 [ 4.79723010e-02  1.61549054e-01 -2.40176469e-02  2.04687323e-02]
 [ 1.28348704e-01 -2.38018706e-02  6.38057794e-02  3.81147023e-02]
 [-2.24220455e-02  6.29241057e-02  4.30194661e-02  6.77959397e-02]
 [ 2.17444394e-02  1.20509174e-01  1.11980578e-01 -1.21994242e-01]
 [-7.34431092e-02  5.13617229e-02  9.46183279e-02  6.29902817e-03]
 [ 7.37506561e-02  1.52045246e-02  6.08134624e-02 -6.24504518e-02]
 [-3.45791262e-02  4.40527797e-02  4.85166777e-02 -1.50275137e-02]
 [ 5.15355878e-02 -1.68238711e-02  7.29727987e-02 -7.65666384e-02]
 [-4.85163927e-02  1.54681936e-01 -6.85971696e-02 -4.43935860e-02]
 [-3.62580214e-02  4.19234708e-02 -6.06645569e-02  2.40060408e-02]
 [-7.45107234e-03 -6.31770436e-02 -5.90780005e-03  4.11318652e-02]
 [ 8.86908732e-02 -1.49519555e-02 -1.97910126e-02 -7.86179099e-02]
 [-6.42066915e-02  2.35293843e-02  8.84715300e-02 -1.39832186e-01]
 [ 1.15472581e-02 -7.88935907e-02  1.06817579e-01 -1.37859412e-01]
 [-2.78244093e-02  1.06380729e-01  2.19370853e-02 -1.99398626e-01]
 [-1.28769735e-01 -3.45093161e-02  3.11891958e-02 -2.98148412e-02]
 [-1.30448608e-01 -3.57960537e-02 -1.58712547e-02  9.22246836e-03]
 [-4.65512145e-02  6.27803989e-03 -4.29246016e-03 -1.42419362e-01]
 [-4.90578543e-02 -4.46871947e-02 -2.70371605e-02 -9.38164461e-02]
 [-1.43099720e-01  3.46994121e-02 -5.26808165e-02 -1.11289924e-01]
 [-6.15218002e-02 -6.54445589e-03  4.53062672e-02 -2.48673765e-01]
 [-1.39769023e-01 -7.96325319e-03 -4.12422828e-02 -1.25194414e-01]
 [-7.70824552e-02 -1.25791337e-01 -4.95713633e-02 -9.07058399e-02]
 [-1.28576383e-02 -1.05656732e-01 -5.90489935e-02 -1.59534745e-01]
 [-1.54583236e-01  8.76548886e-03  2.23405659e-04 -2.33645478e-01]
 [-1.14326125e-01  1.90566983e-02 -2.86484007e-02 -2.62865163e-01]
 [-6.46251626e-02 -1.67719329e-01  6.87290542e-03 -1.89776467e-01]
 [-6.70868289e-02 -5.73057234e-02 -1.40558627e-01 -1.79220447e-01]
 [-1.11297702e-01 -1.88706582e-01 -2.06075031e-02 -1.55935373e-01]
 [-5.50571084e-02 -1.48083964e-01 -1.62612639e-01 -1.36188602e-01]
 [-4.22475506e-02 -2.07832651e-01 -1.18755940e-02 -2.53263032e-01]
 [-1.30139463e-01 -1.74097726e-01 -1.47549255e-01 -1.04822570e-01]
 [-2.08638834e-01 -2.90903691e-02 -4.98364754e-02 -2.78106946e-01]
 [-8.55120756e-02 -1.19015194e-01 -3.63937821e-02 -3.12164137e-01]
 [-2.05928717e-01 -1.21889167e-01 -1.00423839e-01 -1.90605089e-01]
 [-1.52578574e-01 -7.35731628e-02 -1.25555431e-01 -2.57875724e-01]
 [-1.65496353e-01 -1.72625884e-01 -2.57764161e-02 -2.81465650e-01]
 [-1.15736358e-01 -1.56391423e-01 -6.32627998e-02 -3.12776305e-01]
 [-1.69969337e-01 -2.04946639e-01 -7.78540000e-02 -2.49868099e-01]
 [-2.62669858e-01 -8.32425933e-02 -1.76453827e-01 -2.15193201e-01]
 [-1.06763741e-01 -2.52108511e-01 -1.46115938e-01 -2.26342643e-01]
 [-1.81968493e-01 -2.37997316e-01 -1.72667759e-01 -1.64165080e-01]
 [-1.89441336e-01 -6.21405393e-02 -1.99704906e-01 -3.23301777e-01]
 [-7.18579721e-02 -2.20543614e-01 -1.00704214e-01 -3.77945276e-01]
 [-1.57734349e-01 -3.29804309e-01 -9.92099810e-02 -2.65216114e-01]
 [-1.98853314e-01 -1.30618762e-01 -1.10669095e-01 -4.06661805e-01]
 [-1.23479541e-01 -3.13819829e-01 -6.17279187e-02 -3.59269047e-01]
 [-2.46354977e-01 -2.86435125e-01 -4.05031163e-02 -3.24752275e-01]
 [-2.19661796e-01 -2.24959496e-01 -1.66003922e-01 -3.01635804e-01]
 [-1.84747279e-01 -1.43237347e-01 -2.23701561e-01 -3.67183808e-01]
 [-1.03671677e-01 -3.46870026e-01 -1.87754603e-01 -3.04823732e-01]
 [-1.62779739e-01 -1.98793804e-01 -2.58037914e-01 -3.29341626e-01]
 [-1.54860159e-01 -2.65911186e-01 -6.47572707e-02 -4.50045235e-01]
 [-1.27169942e-01 -2.06420697e-01 -1.90227306e-01 -4.26465755e-01]
 [-2.48940907e-01 -1.23363392e-01 -2.30131248e-01 -3.83071521e-01]
 [-2.91569469e-01 -2.32295424e-01 -1.29814217e-01 -3.71406229e-01]
 [-1.35536829e-01 -2.98962072e-01 -1.84786301e-01 -4.01486035e-01]
 [-2.71025099e-01 -1.68143811e-01 -1.59389308e-01 -4.36636247e-01]
 [-3.32937287e-01 -2.77153319e-01 -1.08754409e-01 -3.79307844e-01]
 [-2.83583926e-01 -2.62337558e-01 -2.45225556e-01 -3.32022637e-01]
 [-1.19640106e-01 -3.28501798e-01 -1.52827812e-01 -5.24658157e-01]
 [-2.78768163e-01 -3.25504461e-01 -2.15593811e-01 -3.91303146e-01]
 [-2.10004047e-01 -3.19168499e-01 -2.36169662e-01 -4.60938150e-01]
 [-3.06526359e-01 -3.33612006e-01 -2.71688385e-01 -3.64488060e-01]
 [-3.42473391e-01 -4.07895030e-01 -2.05509614e-01 -3.58448673e-01]
 [-4.05519361e-01 -2.90312909e-01 -1.97786866e-01 -4.25652031e-01]
 [-1.67822955e-01 -4.80320219e-01 -2.11650871e-01 -4.73574599e-01]
 [-4.39945489e-01 -3.41494782e-01 -1.31249560e-01 -4.85111894e-01]
 [-3.79645098e-01 -3.59846544e-01 -2.88702749e-01 -3.95629024e-01]
 [-3.63805447e-01 -2.67800424e-01 -2.56743597e-01 -5.22701699e-01]
 [-2.69387152e-01 -4.74651704e-01 -1.90077506e-01 -5.12750352e-01]
 [-3.45367158e-01 -4.69100982e-01 -2.39906006e-01 -4.18217948e-01]
 [-3.58431617e-01 -3.23265374e-01 -2.30281260e-01 -5.48824241e-01]
 [-2.25290870e-01 -4.18446373e-01 -1.95715677e-01 -6.31790102e-01]
 [-2.88968375e-01 -4.50772578e-01 -3.32451148e-01 -4.46898358e-01]
 [-2.58162992e-01 -4.36734399e-01 -2.96427725e-01 -5.42783916e-01]
 [-2.90313905e-01 -3.50392366e-01 -3.22300436e-01 -5.82153575e-01]
 [-4.11934890e-01 -4.15533312e-01 -3.14583521e-01 -4.79432534e-01]
 [-3.25648727e-01 -5.27179144e-01 -2.64053458e-01 -5.34863390e-01]
 [-3.85188822e-01 -4.63995200e-01 -3.06421336e-01 -5.08424496e-01]
 [-2.47266755e-01 -4.89507221e-01 -2.86379369e-01 -6.56441176e-01]
 [-3.33597295e-01 -4.48975727e-01 -3.47062422e-01 -6.02357982e-01]
 [-3.93076589e-01 -5.10944802e-01 -3.32789674e-01 -5.66176713e-01]
 [-4.77268755e-01 -4.82565716e-01 -3.30996029e-01 -6.33739861e-01]
 [-3.61695912e-01 -5.88042805e-01 -2.90759807e-01 -7.19723733e-01]
 [-4.19510350e-01 -5.73021425e-01 -3.62419713e-01 -6.25548059e-01]
 [-5.03887646e-01 -5.21062244e-01 -3.36941583e-01 -6.30865285e-01]
 [-4.84701047e-01 -5.60734384e-01 -3.12442008e-01 -6.90981504e-01]
 [-4.31448419e-01 -6.02227118e-01 -3.87119344e-01 -7.10236138e-01]
 [-5.36695050e-01 -6.69380264e-01 -3.52880443e-01 -7.87155118e-01]
 [-5.48625482e-01 -6.39748044e-01 -3.96661192e-01 -8.61131467e-01]
 [-4.72135223e-01 -6.22315899e-01 -3.95852042e-01 -8.23924121e-01]]",TRUE,final_models,17,30
5000,0.9,0.505204048,0.072264082,0.072677597,0.045300145,0.045564752,0.870550945,0.582,0.318,0.318,0.068194775,0.068532935,0.51678391,0.51990017,-1.411544101,0.085722592,0.086423796,0.055520673,0.055974827,0.826238946,0.4504,0.4496,0.063654392,0.064175079,0.665703829,0.671149228,-1.348628128,0.058805571,0.058931398,0.035079617,0.035154677,0.914862943,0.7136,0.1864,0.072735159,0.072890791,0.367863992,0.368651112,-1.474460075,0.024957214,0.012181587,0.123027482,0.735632184,0.416473462,0.423722805,0.982891309,87,213,"[[ 3.84097477e-01  7.39983670e-01  9.27776592e-01  3.37260332e-01]
 [ 3.01221816e-01  7.03474902e-01  8.82445730e-01  4.31126952e-01]
 [ 3.20930343e-01  6.22401042e-01  9.20847628e-01  3.80408507e-01]
 [ 2.61130456e-01  6.42244404e-01  9.06521518e-01  3.69343286e-01]
 [ 4.08324942e-01  6.46626994e-01  8.58050384e-01  4.50993335e-01]
 [ 3.15418927e-01  6.94548050e-01  7.69404920e-01  3.58328395e-01]
 [ 3.66910031e-01  5.59225306e-01  8.83950613e-01  3.19113592e-01]
 [ 3.10728651e-01  6.03739049e-01  8.07325704e-01  3.30189545e-01]
 [ 3.37390739e-01  6.54341927e-01  7.48992689e-01  3.20481388e-01]
 [ 3.77975497e-01  5.78000780e-01  7.60892350e-01  4.24067147e-01]
 [ 2.76095565e-01  6.12266449e-01  7.34628491e-01  4.29262806e-01]
 [ 4.33695672e-01  5.13840945e-01  7.93944038e-01  3.60789550e-01]
 [ 2.36164283e-01  6.56779839e-01  6.80492494e-01  3.75789160e-01]
 [ 2.38592334e-01  5.95457077e-01  7.73076965e-01  2.76050020e-01]
 [ 4.13678873e-01  5.85022090e-01  6.89295651e-01  3.35644580e-01]
 [ 3.98978634e-01  5.22351176e-01  7.24663971e-01  3.95505173e-01]
 [ 2.86798453e-01  5.49830496e-01  7.10550372e-01  3.64123629e-01]
 [ 3.70127138e-01  4.51999752e-01  7.76722649e-01  3.38262629e-01]
 [ 3.67611289e-01  5.70258195e-01  6.51811350e-01  3.04458126e-01]
 [ 3.03270049e-01  6.09830908e-01  6.22255156e-01  2.47065412e-01]
 [ 3.09822634e-01  4.71749656e-01  6.82231292e-01  3.12253691e-01]
 [ 1.62386678e-01  6.07531711e-01  5.71356313e-01  2.89755803e-01]
 [ 2.98797572e-01  5.17024478e-01  5.39968969e-01  2.84284068e-01]
 [ 3.62920068e-01  4.57596177e-01  5.90693666e-01  2.38777259e-01]
 [ 2.90144544e-01  4.38943131e-01  5.68290522e-01  3.52023620e-01]
 [ 2.22067066e-01  4.48239790e-01  6.02535626e-01  2.82016981e-01]
 [ 3.33775250e-01  3.55923735e-01  6.05959052e-01  3.32551830e-01]
 [ 3.84999672e-01  3.71667888e-01  5.52865278e-01  3.01729649e-01]
 [ 1.86175985e-01  4.35578711e-01  5.35224712e-01  3.47496083e-01]
 [ 1.57421598e-01  5.14669744e-01  5.28123701e-01  2.41517380e-01]
 [ 2.65090385e-01  3.68748140e-01  6.14943387e-01  1.95749527e-01]
 [ 2.78614184e-01  3.96346290e-01  4.92578411e-01  2.61620410e-01]
 [ 2.95288919e-01  4.06627893e-01  5.15808700e-01  1.79310001e-01]
 [ 2.10156010e-01  4.04658742e-01  4.58452517e-01  3.15764762e-01]
 [ 1.55971641e-01  3.51510350e-01  5.64035142e-01  2.77563475e-01]
 [ 3.45335040e-01  3.05506798e-01  4.54143723e-01  3.03797457e-01]
 [ 1.35689814e-01  4.79163574e-01  4.00003323e-01  2.50277916e-01]
 [ 3.20281954e-01  3.75204384e-01  4.70051857e-01  1.47571078e-01]
 [ 1.89904716e-01  2.68575011e-01  5.13170341e-01  3.42920626e-01]
 [ 2.40359521e-01  3.19964651e-01  4.22817415e-01  3.09296792e-01]
 [ 1.38221091e-01  3.86415567e-01  4.49492158e-01  2.18434116e-01]
 [ 2.35700119e-01  2.87832478e-01  4.73796261e-01  2.22036952e-01]
 [ 3.07760075e-01  2.94161310e-01  4.45526881e-01  1.67893553e-01]
 [ 1.12725472e-01  3.15106589e-01  4.87697192e-01  1.87691718e-01]
 [ 8.05573929e-02  4.01677154e-01  3.97359777e-01  1.87369717e-01]
 [ 1.80434151e-01  3.59506851e-01  3.34667556e-01  2.41718832e-01]
 [ 1.13364685e-01  2.84858996e-01  4.12823439e-01  2.81096127e-01]
 [ 1.21975474e-01  1.90242724e-01  4.62193919e-01  2.97347995e-01]
 [ 1.78996429e-01  2.34646320e-01  3.71691464e-01  2.57616406e-01]
 [ 2.43811183e-01  1.95073606e-01  4.01217282e-01  2.00141672e-01]
 [ 9.40412953e-02  2.51808327e-01  3.37692564e-01  3.20374101e-01]
 [ 6.01090621e-02  3.64429673e-01  2.70641318e-01  2.60800036e-01]
 [ 4.55900431e-02  3.03086443e-01  4.37042467e-01  1.28102513e-01]
 [ 2.12968485e-01  3.17530306e-01  3.10077835e-01  1.17028475e-01]
 [ 2.32361320e-01  2.24279303e-01  3.49302536e-01  1.51575081e-01]
 [ 1.44090839e-01  2.69263102e-01  3.88781609e-01  9.67362504e-02]
 [ 2.23643728e-01  2.54721042e-01  2.75749154e-01  1.76369315e-01]
 [ 5.75815998e-02  2.69730859e-01  3.13473402e-01  2.07926778e-01]
 [ 4.88446802e-02  2.39535287e-01  3.11574087e-01  2.45386451e-01]
 [ 1.21788338e-01  3.06636838e-01  2.19943319e-01  1.73050577e-01]
 [ 8.60651731e-02  2.82411244e-01  2.92759763e-01  8.27396754e-02]
 [ 1.09150669e-01  1.26707951e-01  3.63173187e-01  1.80029305e-01]
 [ 2.05957739e-01  1.60500595e-01  3.14908618e-01  8.64030104e-02]
 [ 1.96683127e-01  2.47459671e-01  1.71258762e-01  1.23763584e-01]
 [-6.99160248e-03  1.59371626e-01  3.71124584e-01  1.33582229e-01]
 [-1.98818762e-02  2.76805572e-01  2.33228371e-01  1.26603933e-01]
 [-4.76552118e-02  2.53652627e-01  2.85288071e-01  9.78161115e-02]
 [ 1.13544133e-01  2.11440792e-01  1.55070284e-01  1.54878560e-01]
 [ 4.05485574e-02  1.68414723e-01  2.05216730e-01  2.16336971e-01]
 [ 7.69915003e-02  8.62034317e-02  2.71851357e-01  1.95030224e-01]
 [-2.79887747e-02  2.44194105e-01  1.41727565e-01  1.69952895e-01]
 [ 1.27673540e-02  1.76496519e-01  2.74252664e-01  5.47291990e-02]
 [ 7.35563692e-02  1.49844445e-01  1.80733820e-01  9.16290898e-02]
 [-3.49107310e-02  1.83583153e-01  1.78687813e-01  1.06706047e-01]
 [ 1.77451229e-01  7.85335600e-02  1.31053951e-01  6.47410043e-02]
 [ 1.25975264e-01  1.67942280e-01  2.81056520e-02  1.03894746e-01]
 [-2.45879684e-02  5.78437131e-02  3.10865361e-01  5.11861611e-02]
 [-9.96060036e-02  1.46691956e-01  2.72697590e-01  8.40264373e-03]
 [ 9.28187314e-02  1.82711778e-01  6.87462837e-02  9.84018855e-03]
 [-1.57755649e-01  2.18673632e-01  1.56943504e-01  7.63387084e-02]
 [ 5.42024262e-02  5.12613337e-02  1.41110385e-01  9.48660802e-02]
 [ 2.72646174e-03  2.03063194e-01  1.02978647e-02  7.13368617e-02]
 [-1.03665454e-01  2.31819721e-01  5.24996594e-03  1.18762407e-01]
 [-1.13411400e-01  1.14666328e-01  6.95623048e-02  1.92623984e-01]
 [-5.45888059e-02  1.49982952e-01  7.18339123e-02  5.71435448e-02]
 [ 3.50087360e-02  2.15673521e-02  1.08429339e-01  5.36007453e-02]
 [-9.31898411e-02  2.24006698e-02  1.55839993e-01  7.97912981e-02]
 [-2.24220455e-02  6.29241057e-02  4.30194661e-02  6.77959397e-02]
 [-1.25585066e-01  5.92791662e-03  1.92590050e-01  4.85998224e-02]
 [-7.34431092e-02  5.13617229e-02  9.46183279e-02  6.29902817e-03]
 [-8.78385566e-02  1.32694123e-01 -2.29022168e-02  3.55438720e-02]
 [-1.45266963e-01  3.56213842e-02  5.68903666e-02  9.96233393e-02]
 [-3.45791262e-02  4.40527797e-02  4.85166777e-02 -1.50275137e-02]
 [-9.34839100e-02  1.25065437e-01  2.41820794e-02 -5.03684524e-02]
 [-5.12251798e-02 -4.12127133e-02  1.96500309e-02  1.17093062e-01]
 [-3.62580214e-02  4.19234708e-02 -6.06645569e-02  2.40060408e-02]
 [-1.63168963e-01  7.71303084e-02 -3.93787194e-02  5.85744306e-02]
 [-7.45107234e-03 -6.31770436e-02 -5.90780005e-03  4.11318652e-02]
 [ 3.66867147e-02  1.74715519e-02 -9.44542233e-02 -3.23077496e-02]
 [-1.06171478e-01  1.21531997e-01 -1.38210626e-01  1.20145343e-02]
 [-7.09489100e-02 -1.32074852e-01  6.00064918e-02  7.33324382e-02]
 [-8.82574115e-02 -5.10501303e-02 -7.31290989e-02  1.02544619e-01]
 [-7.56713878e-02  5.02089616e-02 -1.08715577e-01 -1.71092432e-02]
 [-1.28769735e-01 -3.45093161e-02  3.11891958e-02 -2.98148412e-02]
 [-1.30448608e-01 -3.57960537e-02 -1.58712547e-02  9.22246836e-03]
 [-4.90578543e-02 -4.46871947e-02 -2.70371605e-02 -9.38164461e-02]
 [-3.77909802e-02 -1.49701944e-01 -9.72258821e-02  8.39305241e-02]
 [-2.02430218e-01  8.54462609e-02 -1.18282776e-01 -4.97243479e-02]
 [-1.43099720e-01  3.46994121e-02 -5.26808165e-02 -1.11289924e-01]
 [-8.70563854e-02  1.66087598e-02 -1.40762430e-01 -6.86134417e-02]
 [-2.32960315e-01  2.38194708e-02 -1.52142204e-01  4.60297521e-02]
 [-1.39769023e-01 -7.96325319e-03 -4.12422828e-02 -1.25194414e-01]
 [-1.09364968e-01 -8.71181116e-02 -8.52099974e-02 -3.42346318e-02]
 [-2.32209438e-01 -5.97066674e-02 -6.35279194e-02 -3.71972099e-04]
 [-2.43434355e-01 -1.34440230e-01 -5.58394361e-02  5.22500817e-02]
 [-4.97252718e-02 -1.82752345e-01 -1.53289946e-01  2.16075592e-03]
 [-1.99267216e-01 -1.11544233e-01 -1.60008471e-01  2.89654508e-02]
 [-1.41703676e-01 -1.40803188e-01 -1.01928752e-01 -5.91471847e-02]
 [-2.67742604e-01 -8.96823127e-02 -1.11070825e-01  2.80569866e-03]
 [-8.85894336e-02 -1.58841742e-01 -2.00889375e-01 -1.08888466e-02]
 [-2.88781730e-01 -5.33702280e-02 -1.05589338e-01 -7.11075757e-02]
 [-1.60463963e-01 -1.05211740e-01 -2.36895459e-01 -2.02369913e-02]
 [-1.87322417e-01 -4.93200663e-02 -2.80996975e-01 -4.92893327e-02]
 [-1.30139463e-01 -1.74097726e-01 -1.47549255e-01 -1.04822570e-01]
 [-1.93876177e-01 -9.25010759e-02 -1.50034515e-01 -1.45425636e-01]
 [-3.24886592e-01  1.01517215e-02 -2.26151405e-01 -1.07923949e-01]
 [-2.05928717e-01 -1.21889167e-01 -1.00423839e-01 -1.90605089e-01]
 [-3.12691227e-01 -8.24847985e-02 -2.95945423e-01  4.76307087e-02]
 [-1.91564055e-01 -2.55513621e-01 -8.93421974e-02 -7.82558862e-02]
 [-2.11433904e-01 -1.94037128e-01 -2.14820115e-01 -3.93432342e-02]
 [-2.64005488e-01 -2.63795095e-01 -1.15655651e-01 -2.40006689e-02]
 [-2.20764473e-01 -6.88169338e-02 -3.31372272e-01 -1.10747982e-01]
 [-2.40839029e-01 -2.37300869e-01 -2.92433975e-01  6.69226944e-02]
 [-3.29315988e-01 -3.29992250e-02 -2.42548538e-01 -1.55535089e-01]
 [-3.57599266e-01 -9.39700846e-02 -2.18285846e-01 -8.98778364e-02]
 [-2.89483052e-01 -7.61218667e-02 -3.73297375e-01 -5.64804859e-02]
 [-2.94840798e-01 -1.37479888e-01 -2.04299213e-01 -1.59866361e-01]
 [-2.68539598e-01 -2.00396463e-01 -2.41131423e-01 -9.46978591e-02]
 [-3.91392149e-01 -1.65170567e-01 -2.19387468e-01 -6.60080332e-02]
 [-3.08806382e-01 -1.08989635e-01 -3.76184685e-01 -1.07488796e-01]
 [-3.32751120e-01 -2.19726214e-01 -3.35132100e-01 -5.02997637e-03]
 [-3.40142390e-01 -2.51476379e-01 -2.89912025e-01 -4.15449757e-02]
 [-3.03144073e-01 -2.08968444e-01 -3.08695834e-01 -1.30332585e-01]
 [-3.13374376e-01 -1.90032750e-01 -4.14413365e-01 -8.09368528e-02]
 [-3.86019750e-01 -2.34490110e-01 -2.63237135e-01 -9.89627019e-02]
 [-3.74952376e-01 -1.28314199e-01 -3.90148370e-01 -1.42263001e-01]
 [-3.55140690e-01 -1.57275520e-01 -3.60306408e-01 -1.93767244e-01]
 [-2.19475554e-01 -2.78725460e-01 -3.92140869e-01 -1.77428508e-01]
 [-3.78640147e-01 -2.66978299e-01 -3.61802667e-01 -7.32199792e-02]
 [-2.18416315e-01 -3.40427535e-01 -4.28060889e-01 -1.16102844e-01]
 [-3.98329703e-01 -2.99846102e-01 -3.87738252e-01 -2.85554286e-02]
 [-2.39165081e-01 -3.11531747e-01 -3.58376568e-01 -2.21101260e-01]
 [-3.20403257e-01 -2.85076611e-01 -4.60607871e-01 -1.22365175e-01]
 [-2.91748425e-01 -2.72396643e-01 -4.34202347e-01 -2.47185702e-01]
 [-2.79871807e-01 -3.14753154e-01 -5.01052871e-01 -1.54788589e-01]
 [-4.34251960e-01 -3.28681942e-01 -3.33635602e-01 -1.34484619e-01]
 [-4.47398599e-01 -3.20304343e-01 -4.39352671e-01 -9.19291750e-02]
 [-4.79679927e-01 -4.04326683e-01 -4.10546144e-01 -3.30093596e-02]
 [-3.66216648e-01 -3.45795194e-01 -4.84807510e-01 -1.85551461e-01]
 [-3.16575076e-01 -3.35575102e-01 -5.23587219e-01 -2.52418544e-01]
 [-4.14997227e-01 -3.62281425e-01 -4.16823244e-01 -2.17231188e-01]
 [-4.09870423e-01 -3.51239571e-01 -5.47366312e-01 -1.23670513e-01]
 [-5.13527215e-01 -3.05649512e-01 -5.25977533e-01 -1.17360542e-01]
 [-4.28651104e-01 -4.79434371e-01 -4.77084612e-01 -9.65050571e-02]
 [-4.68168637e-01 -4.47900116e-01 -5.25321001e-01 -6.47732820e-02]
 [-4.43455944e-01 -3.00499860e-01 -5.14080094e-01 -2.82310070e-01]
 [-3.45963446e-01 -4.83656615e-01 -5.39525811e-01 -1.58632049e-01]
 [-4.69181731e-01 -3.86068078e-01 -5.60750132e-01 -1.26097042e-01]
 [-4.02191982e-01 -3.19584781e-01 -5.64963939e-01 -3.45744733e-01]
 [-4.58233871e-01 -3.60135969e-01 -6.60896122e-01 -1.65250780e-01]
 [-4.49996356e-01 -5.15504811e-01 -4.83148841e-01 -1.65904781e-01]
 [-4.32418283e-01 -4.05011049e-01 -5.38110612e-01 -2.79195590e-01]
 [-4.15930888e-01 -4.66592563e-01 -6.38353456e-01 -1.46267278e-01]
 [-5.07350100e-01 -3.77552141e-01 -6.63778646e-01 -1.43833904e-01]
 [-5.19406484e-01 -4.07185053e-01 -5.86680215e-01 -1.91950770e-01]
 [-4.56856757e-01 -5.55522339e-01 -6.36332642e-01 -9.27424319e-02]
 [-5.20160113e-01 -4.39377796e-01 -5.12815092e-01 -2.76776640e-01]
 [-4.88436449e-01 -4.15273540e-01 -6.88729946e-01 -2.09808752e-01]
 [-4.87622233e-01 -4.45450449e-01 -6.45140540e-01 -2.59025354e-01]
 [-4.99904256e-01 -5.56978755e-01 -5.06747479e-01 -2.71094372e-01]
 [-4.92788190e-01 -5.89118922e-01 -5.81257271e-01 -1.97739253e-01]
 [-4.75626914e-01 -4.78806272e-01 -6.05379535e-01 -3.42752442e-01]
 [-5.65109102e-01 -5.37592219e-01 -6.31207207e-01 -1.51571279e-01]
 [-4.81220072e-01 -6.18323877e-01 -6.68221466e-01 -1.54036155e-01]
 [-5.11995336e-01 -5.17550755e-01 -5.93869053e-01 -3.28158982e-01]
 [-5.23502389e-01 -5.50357020e-01 -6.55670421e-01 -2.57627126e-01]
 [-4.80222307e-01 -5.23623379e-01 -7.43774116e-01 -3.14812848e-01]
 [-5.30679997e-01 -5.80602955e-01 -6.97959030e-01 -2.11099811e-01]
 [-5.61010346e-01 -6.36183150e-01 -6.71105778e-01 -1.63837770e-01]
 [-4.57679046e-01 -5.87659955e-01 -7.17068139e-01 -3.76046017e-01]
 [-6.88106135e-01 -5.64851061e-01 -6.40713021e-01 -1.80032343e-01]
 [-5.35561398e-01 -4.95404035e-01 -8.05273641e-01 -4.15165963e-01]
 [-6.49694689e-01 -4.67463732e-01 -7.58840272e-01 -3.21299938e-01]
 [-6.50528248e-01 -5.85472252e-01 -6.33927070e-01 -2.85768541e-01]
 [-5.92108672e-01 -5.29646281e-01 -8.11217915e-01 -3.45770091e-01]
 [-5.98402169e-01 -6.54898662e-01 -6.77754967e-01 -3.07861112e-01]
 [-5.33703677e-01 -6.75134948e-01 -7.73203321e-01 -3.42655588e-01]
 [-5.94997555e-01 -5.93416778e-01 -7.74868481e-01 -4.07584989e-01]
 [-6.46470202e-01 -5.43770866e-01 -9.01832994e-01 -3.33644565e-01]
 [-5.62823843e-01 -6.31174700e-01 -8.72026455e-01 -4.67477553e-01]
 [-6.82830796e-01 -6.39144979e-01 -7.31108468e-01 -3.39168921e-01]
 [-7.15227805e-01 -6.19435726e-01 -7.89931608e-01 -3.13958770e-01]
 [-6.66912042e-01 -6.06573001e-01 -9.34215255e-01 -3.97379218e-01]
 [-6.56944847e-01 -7.10206281e-01 -7.51520636e-01 -3.72615794e-01]
 [-6.36692289e-01 -6.76618401e-01 -9.62041672e-01 -4.77558274e-01]
 [-6.60421886e-01 -6.93830177e-01 -9.08957940e-01 -5.11067329e-01]
 [-7.27717459e-01 -6.26828410e-01 -9.23917525e-01 -3.52868997e-01]
 [-7.47525219e-01 -6.59879075e-01 -8.25562643e-01 -3.11103623e-01]
 [-7.09199762e-01 -6.87669570e-01 -8.96299731e-01 -4.16114883e-01]
 [-7.17569510e-01 -7.82534080e-01 -9.78751963e-01 -3.80578324e-01]
 [-7.57934092e-01 -7.28277136e-01 -8.19985731e-01 -4.27171303e-01]
 [-7.70220293e-01 -7.91830255e-01 -9.44515681e-01 -4.50224832e-01]
 [-8.21738344e-01 -8.41928653e-01 -8.86482080e-01 -3.88766063e-01]]",TRUE,final_models,18,30
5000,0.9,0.618781933,0.063247756,0.063581502,0.040208373,0.040420451,0.903125268,0.7294,0.1706,0.1706,0.094483287,0.094937463,0.345010919,0.346913323,-1.428364331,0.065697988,0.066235392,0.041734782,0.042076169,0.893611109,0.6856,0.2144,0.083443825,0.084126389,0.385477661,0.388630835,-1.373843887,0.060797523,0.060927612,0.038681964,0.038764732,0.912639427,0.7732,0.1268,0.10552275,0.105748537,0.304544176,0.305195811,-1.482884775,0.013939012,0.010729847,0.045207317,0.747126437,0.417247373,0.423722805,0.984717764,87,135,"[[ 3.15956734e-01  5.22681296e-01  5.31158062e-01  6.27275022e-01]
 [ 2.91129593e-01  5.54135323e-01  4.82919810e-01  6.59018394e-01]
 [ 3.28271521e-01  4.55566075e-01  4.77252131e-01  6.03414508e-01]
 [ 2.42735168e-01  4.81440578e-01  4.20472125e-01  6.57256668e-01]
 [ 3.21083836e-01  5.02363119e-01  3.80571770e-01  5.33717208e-01]
 [ 2.93902930e-01  3.74461690e-01  4.39307163e-01  5.83091391e-01]
 [ 2.83553075e-01  4.57187423e-01  4.68500352e-01  4.45961965e-01]
 [ 1.94920134e-01  4.18998713e-01  3.84066721e-01  5.95991552e-01]
 [ 1.50727311e-01  4.62871432e-01  4.43016564e-01  5.32549145e-01]
 [ 2.06789598e-01  3.90037160e-01  3.65478233e-01  5.52292164e-01]
 [ 1.77631153e-01  4.17338949e-01  4.35800781e-01  4.40447371e-01]
 [ 8.00388772e-02  4.79931431e-01  3.44191810e-01  5.22353983e-01]
 [ 2.26554124e-01  4.11108699e-01  2.19674388e-01  4.85465158e-01]
 [ 1.70967760e-01  2.83603394e-01  3.43088534e-01  5.09264067e-01]
 [ 1.23325413e-01  4.00219856e-01  2.76945060e-01  4.88967009e-01]
 [ 1.57949256e-01  3.83983606e-01  3.13681290e-01  3.95275787e-01]
 [ 1.25666117e-01  3.28891566e-01  2.85851311e-01  4.79662774e-01]
 [ 2.11835746e-01  4.73673107e-01  1.94498619e-01  2.99139963e-01]
 [ 1.80434151e-01  3.59506851e-01  3.34667556e-01  2.41718832e-01]
 [ 1.51547533e-01  2.59722332e-01  1.96896171e-01  4.51100610e-01]
 [ 2.08606791e-01  1.92638788e-01  2.73112105e-01  3.82445993e-01]
 [ 1.13364685e-01  2.84858996e-01  4.12823439e-01  2.81096127e-01]
 [ 5.47246132e-02  4.25874375e-01  1.81947794e-01  3.92018061e-01]
 [ 1.78996429e-01  2.34646320e-01  3.71691464e-01  2.57616406e-01]
 [ 1.20901169e-01  3.36816296e-01  1.76654916e-01  3.58222013e-01]
 [ 9.40412953e-02  2.51808327e-01  3.37692564e-01  3.20374101e-01]
 [ 1.60377314e-01  3.20341516e-01  2.32695842e-01  2.64286665e-01]
 [ 6.01090621e-02  3.64429673e-01  2.70641318e-01  2.60800036e-01]
 [ 8.87390580e-02  3.76084622e-01  2.04492941e-01  2.66839422e-01]
 [ 2.23643728e-01  2.54721042e-01  2.75749154e-01  1.76369315e-01]
 [ 3.71585228e-02  2.93034920e-01  2.42233004e-01  2.94734184e-01]
 [ 1.59432922e-01  2.90156448e-01  1.83204727e-01  2.04363855e-01]
 [ 1.21788338e-01  3.06636838e-01  2.19943319e-01  1.73050577e-01]
 [ 1.67665936e-01  1.95686983e-01  1.91804554e-01  2.48934116e-01]
 [ 1.68743366e-01  1.65510025e-01  1.42294843e-01  2.82278031e-01]
 [ 5.72800227e-02  2.33420122e-01  1.17731649e-01  3.33637541e-01]
 [ 1.96683127e-01  2.47459671e-01  1.71258762e-01  1.23763584e-01]
 [ 8.60651731e-02  2.82411244e-01  2.92759763e-01  8.27396754e-02]
 [ 1.13544133e-01  2.11440792e-01  1.55070284e-01  1.54878560e-01]
 [ 4.05485574e-02  1.68414723e-01  2.05216730e-01  2.16336971e-01]
 [-1.98818762e-02  2.76805572e-01  2.33228371e-01  1.26603933e-01]
 [ 1.00978779e-01  1.52292861e-01  5.11486270e-02  2.72194270e-01]
 [-8.73024948e-03  2.11327022e-01  1.07750468e-01  2.43956298e-01]
 [ 1.45165132e-01  1.34342533e-01  2.22353429e-01  6.01994637e-02]
 [-2.79887747e-02  2.44194105e-01  1.41727565e-01  1.69952895e-01]
 [ 7.35563692e-02  1.49844445e-01  1.80733820e-01  9.16290898e-02]
 [ 2.96698622e-02  2.62677127e-01  1.34822108e-01  4.82459050e-02]
 [ 8.38617794e-03  1.14802897e-01  1.79351008e-01  1.58603348e-01]
 [ 1.25975264e-01  1.67942280e-01  2.81056520e-02  1.03894746e-01]
 [-3.49107310e-02  1.83583153e-01  1.78687813e-01  1.06706047e-01]
 [ 1.23139186e-01  9.65682138e-02  3.50606851e-02  1.15219370e-01]
 [ 9.28187314e-02  1.82711778e-01  6.87462837e-02  9.84018855e-03]
 [ 5.42024262e-02  5.12613337e-02  1.41110385e-01  9.48660802e-02]
 [ 1.25155423e-01  5.96622713e-02  1.51916763e-01 -8.07339884e-03]
 [ 2.72646174e-03  2.03063194e-01  1.02978647e-02  7.13368617e-02]
 [ 3.42340786e-02  1.25933951e-01  2.26927560e-01 -8.27793460e-02]
 [ 5.40457051e-02  1.58801273e-01  2.26157699e-02 -2.94333883e-03]
 [-5.45888059e-02  1.49982952e-01  7.18339123e-02  5.71435448e-02]
 [ 3.50087360e-02  2.15673521e-02  1.08429339e-01  5.36007453e-02]
 [ 9.04297903e-02 -8.53824988e-03  2.73002684e-02  6.97913747e-02]
 [-2.24220455e-02  6.29241057e-02  4.30194661e-02  6.77959397e-02]
 [ 2.17444394e-02  1.20509174e-01  1.11980578e-01 -1.21994242e-01]
 [ 7.37506561e-02  1.52045246e-02  6.08134624e-02 -6.24504518e-02]
 [-7.34431092e-02  5.13617229e-02  9.46183279e-02  6.29902817e-03]
 [-3.45791262e-02  4.40527797e-02  4.85166777e-02 -1.50275137e-02]
 [ 5.15355878e-02 -1.68238711e-02  7.29727987e-02 -7.65666384e-02]
 [-9.34839100e-02  1.25065437e-01  2.41820794e-02 -5.03684524e-02]
 [-1.23694714e-01  8.78111664e-02  1.22317078e-01 -7.46930167e-02]
 [-3.62580214e-02  4.19234708e-02 -6.06645569e-02  2.40060408e-02]
 [-7.45107234e-03 -6.31770436e-02 -5.90780005e-03  4.11318652e-02]
 [ 3.66867147e-02  1.74715519e-02 -9.44542233e-02 -3.23077496e-02]
 [ 6.96063042e-02  3.60113718e-02 -1.12858918e-02 -1.57494487e-01]
 [-4.16491311e-02 -3.59938089e-02  2.04177383e-01 -1.65419968e-01]
 [-6.42066915e-02  2.35293843e-02  8.84715300e-02 -1.39832186e-01]
 [-7.56713878e-02  5.02089616e-02 -1.08715577e-01 -1.71092432e-02]
 [-1.28769735e-01 -3.45093161e-02  3.11891958e-02 -2.98148412e-02]
 [-4.65512145e-02  6.27803989e-03 -4.29246016e-03 -1.42419362e-01]
 [-8.99973195e-02 -5.05053513e-02  6.76988494e-02 -1.23989606e-01]
 [-1.43099720e-01  3.46994121e-02 -5.26808165e-02 -1.11289924e-01]
 [-6.15218002e-02 -6.54445589e-03  4.53062672e-02 -2.48673765e-01]
 [-1.39769023e-01 -7.96325319e-03 -4.12422828e-02 -1.25194414e-01]
 [-7.70824552e-02 -1.25791337e-01 -4.95713633e-02 -9.07058399e-02]
 [-1.83292659e-01 -3.64702940e-03  1.07380580e-01 -2.52129968e-01]
 [-1.54583236e-01  8.76548886e-03  2.23405659e-04 -2.33645478e-01]
 [-6.46251626e-02 -1.67719329e-01  6.87290542e-03 -1.89776467e-01]
 [-6.70868289e-02 -5.73057234e-02 -1.40558627e-01 -1.79220447e-01]
 [-1.84366275e-01 -9.63338185e-02  5.48437871e-02 -2.16597326e-01]
 [-1.11297702e-01 -1.88706582e-01 -2.06075031e-02 -1.55935373e-01]
 [-4.22475506e-02 -2.07832651e-01 -1.18755940e-02 -2.53263032e-01]
 [-1.92329021e-01  2.84101255e-02  2.44510025e-02 -3.63014780e-01]
 [-2.64220422e-01  2.20436230e-02  5.08852750e-02 -3.07662182e-01]
 [-8.55120756e-02 -1.19015194e-01 -3.63937821e-02 -3.12164137e-01]
 [-2.08638834e-01 -2.90903691e-02 -4.98364754e-02 -2.78106946e-01]
 [-1.52578574e-01 -7.35731628e-02 -1.25555431e-01 -2.57875724e-01]
 [-2.05928717e-01 -1.21889167e-01 -1.00423839e-01 -1.90605089e-01]
 [-2.25038357e-01 -1.16497224e-01  3.23325358e-02 -3.13664788e-01]
 [-1.65496353e-01 -1.72625884e-01 -2.57764161e-02 -2.81465650e-01]
 [-2.81109830e-01 -2.17773374e-02 -2.93989070e-02 -3.32496632e-01]
 [-2.93023560e-01 -1.21880019e-01  1.17537640e-02 -2.59280110e-01]
 [-1.69969337e-01 -2.04946639e-01 -7.78540000e-02 -2.49868099e-01]
 [-2.62669858e-01 -8.32425933e-02 -1.76453827e-01 -2.15193201e-01]
 [-1.89441336e-01 -6.21405393e-02 -1.99704906e-01 -3.23301777e-01]
 [-3.14552892e-01 -9.64195132e-02 -8.10101666e-02 -2.72853659e-01]
 [-1.98853314e-01 -1.30618762e-01 -1.10669095e-01 -4.06661805e-01]
 [-3.34242418e-01 -6.33080397e-02 -1.69446712e-01 -3.13116027e-01]
 [-2.19661796e-01 -2.24959496e-01 -1.66003922e-01 -3.01635804e-01]
 [-3.11312379e-01 -2.02845583e-01 -1.20701328e-01 -2.92565910e-01]
 [-3.46717037e-01 -1.82868112e-01 -5.41679263e-02 -3.52086693e-01]
 [-2.91569469e-01 -2.32295424e-01 -1.29814217e-01 -3.71406229e-01]
 [-4.14689049e-01 -1.34552391e-01 -1.43196955e-01 -3.43010183e-01]
 [-2.95298278e-01 -2.46970709e-01 -3.87171842e-02 -5.10292759e-01]
 [-3.32937287e-01 -2.77153319e-01 -1.08754409e-01 -3.79307844e-01]
 [-3.78826270e-01 -2.28833178e-01 -7.23187234e-02 -4.48936345e-01]
 [-2.87659992e-01 -2.78904159e-01 -8.62697195e-02 -5.36279570e-01]
 [-3.51540780e-01 -1.66484796e-01 -1.44762835e-01 -5.29612254e-01]
 [-2.78768163e-01 -3.25504461e-01 -2.15593811e-01 -3.91303146e-01]
 [-3.20583286e-01 -2.11772498e-01 -2.34222775e-01 -4.96103739e-01]
 [-5.44448989e-01 -1.76774167e-01 -9.38300304e-02 -4.50423704e-01]
 [-4.05519361e-01 -2.90312909e-01 -1.97786866e-01 -4.25652031e-01]
 [-4.74423878e-01 -2.01584795e-01 -1.27382416e-01 -5.59804099e-01]
 [-3.63805447e-01 -2.67800424e-01 -2.56743597e-01 -5.22701699e-01]
 [-4.39945489e-01 -3.41494782e-01 -1.31249560e-01 -4.85111894e-01]
 [-3.58431617e-01 -3.23265374e-01 -2.30281260e-01 -5.48824241e-01]
 [-4.09728553e-01 -2.22318366e-01 -2.84879455e-01 -5.86805871e-01]
 [-4.22839252e-01 -3.39751597e-01 -1.73263771e-01 -5.79643531e-01]
 [-5.21855244e-01 -2.24412186e-01 -2.23172961e-01 -6.17845092e-01]
 [-4.11934890e-01 -4.15533312e-01 -3.14583521e-01 -4.79432534e-01]
 [-4.36663132e-01 -2.81935142e-01 -4.09371259e-01 -5.31770639e-01]
 [-4.90953373e-01 -3.65404217e-01 -2.66281001e-01 -5.51090131e-01]
 [-4.87522056e-01 -4.28809661e-01 -1.87353341e-01 -6.70116372e-01]
 [-5.04951909e-01 -3.41358030e-01 -3.65585530e-01 -6.11090954e-01]
 [-4.77268755e-01 -4.82565716e-01 -3.30996029e-01 -6.33739861e-01]
 [-6.01340521e-01 -3.52084396e-01 -2.78724929e-01 -7.35911012e-01]
 [-5.26455941e-01 -4.42893099e-01 -3.00809467e-01 -7.00569887e-01]
 [-5.69176234e-01 -4.23289346e-01 -3.68078450e-01 -6.39149623e-01]]",TRUE,final_models,19,30
Mean,,,,,,,,,,,,,,,,,,,,,,,,,,,,,,,,,,,,,,,,,,,,,,,,,,,,,
5000,0.9,0.553805488,0.068859648,0.069234333,0.045751541,0.046001616,0.870979635,0.692535,0.207955,0.207955,0.099380497,0.099897201,0.421910408,0.424263069,-1.283203292,0.075277322,0.075893084,0.050388937,0.050801114,0.843364238,0.66155,0.23845,0.100678583,0.101502125,0.480081815,0.484008843,-1.234368808,0.062441974,0.062575581,0.041114145,0.041202117,0.898595032,0.72352,0.17746,0.098082411,0.098292278,0.363739001,0.364517295,-1.332037777,0.029789076,0.022053061,0.107438692,0.654022989,0.400581946,0.423722805,0.945386799,87,157.35,#DIV/0!,#DIV/0!,#DIV/0!,9.5,30
Median,,,,,,,,,,,,,,,,,,,,,,,,,,,,,,,,,,,,,,,,,,,,,,,,,,,,,
5000,0.9,0.55679064,0.063298666,0.063660753,0.041919142,0.042162951,0.894076166,0.6867,0.2133,0.2133,0.094866306,0.095360752,0.376776621,0.378490227,-1.329562298,0.06757885,0.068131639,0.045445897,0.045817641,0.890390253,0.6497,0.2503,0.099141774,0.099952745,0.417066255,0.420477821,-1.323867853,0.059153345,0.059279915,0.039088305,0.039171942,0.914700016,0.7521,0.1479,0.096624979,0.096831728,0.307718794,0.308377221,-1.391904985,0.014733567,0.011464624,0.07709718,0.735632184,0.416860417,0.423722805,0.983804536,87,162,#NUM!,#NUM!,#NUM!,9.5,30
q25,,,,,,,,,,,,,,,,,,,,,,,,,,,,,,,,,,,,,,,,,,,,,,,,,,,,,
5000,0.9,0.518294294,0.055737957,0.056049669,0.037880648,0.038094208,0.86397069,0.65165,0.152975,0.152975,0.092268398,0.092717093,0.307407247,0.309282439,-1.396148717,0.05079285,0.051208331,0.036218511,0.036514775,0.831429931,0.5934,0.15485,0.084323255,0.085013012,0.247594565,0.249619867,-1.375869441,0.053119061,0.05323272,0.034368359,0.034441897,0.879322257,0.68345,0.1083,0.087696837,0.087884482,0.256307965,0.256856388,-1.437648018,0.013635656,0.00920592,0.044419863,0.617816092,0.40711223,0.423722805,0.960798489,87,134.25,#NUM!,#NUM!,#NUM!,4.75,30
q75,,,,,,,,,,,,,,,,,,,,,,,,,,,,,,,,,,,,,,,,,,,,,,,,,,,,,
5000,0.9,0.580607212,0.07502318,0.075428978,0.049400374,0.049653054,0.922430429,0.747025,0.24835,0.24835,0.106492218,0.106987691,0.485586726,0.488148846,-1.246382821,0.082968635,0.083647311,0.055746673,0.056202676,0.936005826,0.74515,0.3066,0.113562901,0.114491836,0.574059994,0.578755755,-1.219418975,0.071529965,0.071683018,0.043041283,0.043133379,0.93140338,0.7917,0.21655,0.106385924,0.106613559,0.394901181,0.395746152,-1.323631567,0.024850011,0.019433356,0.123076137,0.841954023,0.421926549,0.423722805,0.995760777,87,169.25,#NUM!,#NUM!,#NUM!,14.25,30
std,,,,,,,,,,,,,,,,,,,,,,,,,,,,,,,,,,,,,,,,,,,,,,,,,,,,,
0,0,0.049176346,0.020293945,0.020421029,0.013489352,0.013570886,0.086613575,0.090563326,0.090370562,0.090370562,0.0155146,0.015601544,0.18561195,0.186755122,0.174563651,0.030201804,0.030448852,0.019795083,0.019957005,0.136571529,0.126202425,0.126202425,0.021737712,0.021915525,0.276302161,0.278562289,0.248001154,0.017655262,0.017693039,0.01338624,0.013414883,0.06346864,0.127169285,0.125725534,0.018217104,0.018256083,0.175628191,0.176003984,0.19917531,0.039296388,0.025473441,0.09279415,0.279440891,0.045308166,1.13906E-16,0.106928787,0,26.29243437,#DIV/0!,#DIV/0!,#DIV/0!,5.916079783,0
