predict_model_key,RMSE_mean,nRMSE_mean,MAE_mean,nMAE_mean,R2_mean,Coverage_mean,Coverage_error_mean,ECE,MPIW_mean,nMPIW_mean,IntervalScore_mean,nIntervalScore_mean,NLL_mean,CRPS_mean,f1_RMSE,f1_nRMSE,f1_MAE,f1_nMAE,f1_R2,f1_Coverage,f1_Coverage_error,f1_MPIW,f1_nMPIW,f1_IntervalScore,f1_nIntervalScore,f1_NLL,f1_CRPS,f2_RMSE,f2_nRMSE,f2_MAE,f2_nMAE,f2_R2,f2_Coverage,f2_Coverage_error,f2_MPIW,f2_nMPIW,f2_IntervalScore,f2_nIntervalScore,f2_NLL,f2_CRPS,GD,IGD,Hausdorff,Recall,n_pf_gt,n_pareto_x,HV_pred,HV_gt,HV_ratio,fit_time_sec,calibration_time_sec,optimisation_time_sec,total_time_sec,benchmark,Method,seed,n_train,n_eval_metric,failed,error
final_models,0.04493977924439245,0.04531603513350628,0.02962443221536943,0.02987222876196855,0.9508581699295422,0.9655,0.0655,0.0655,0.2098477636777277,0.21160616870330134,0.22602786230561026,0.22792162943485947,-1.7230549263048989,0.02435468098091574,0.04293470404195711,0.043286959680468695,0.029747902255870012,0.029991967436645024,0.953059885477499,0.9613333333333334,0.06133333333333335,0.19136995021023434,0.19294003542468838,0.2074804425271629,0.20918270547253343,-1.776966047264385,0.023425830124881097,0.04694485444682779,0.047345110586543865,0.02950096217486885,0.02975249008729208,0.9486564543815855,0.9696666666666667,0.06966666666666665,0.22832557714522106,0.23027230198191434,0.2445752820840576,0.2466605533971855,-1.6691438053454128,0.02528353183695039,0.018424185809318157,0.015737916537134418,0.17280611754563224,0.7425,2000.0,96.0,0.4199724033334168,0.4433129473141312,0.9473497353887961,2.3191422999998395,3.000000106112566e-07,7.132604099999753,10.020358100000067,FON,Vanilla GP,0,30,3000.0,,
final_models,0.03928939443448556,0.040883024811030774,0.026446491215347853,0.027476996289863935,0.9629886875220233,0.9608333333333333,0.060833333333333295,0.060833333333333295,0.20270515393167365,0.211116767289968,0.22117293268351507,0.23024826190883477,-1.7259578426611597,0.02281560402862519,0.04070202649192025,0.04153869204782695,0.02943094134510059,0.03003591994257274,0.9610707744603162,0.951,0.050999999999999934,0.20085564673863526,0.20498440925538466,0.22410094071363426,0.22870753046607836,-1.6666179776413237,0.024087413702710146,0.037876762377050864,0.040227357574234596,0.023462041085595114,0.024918072637155127,0.9649066005837305,0.9706666666666667,0.07066666666666666,0.20455466112471202,0.21724912532455135,0.21824492465339584,0.23178899335159117,-1.7852977076809957,0.02154379435454023,0.009553696688224799,0.013712693772368386,0.04237539938385818,0.669,2000.0,95.0,0.4214834213003356,0.4433129473141312,0.9507582033256567,1.2929996000002575,3.000000106112566e-07,7.04160469999988,8.896254899999803,FON,Vanilla GP,1,30,3000.0,,
final_models,0.08195957666769402,0.08325138808318035,0.05455140424666792,0.05541472336242832,0.8247102073829653,0.8565,0.04350000000000004,0.04350000000000004,0.23498064907250327,0.23879217223782928,0.39672321253025145,0.40277907309444905,-0.9973139398189583,0.04224224969300822,0.10342607069909482,0.10552585912468325,0.06940874724312623,0.07081790533170655,0.7398896508541943,0.8753333333333333,0.024666666666666726,0.31405803127909426,0.3204341356267257,0.46859009123133644,0.47810355377769614,-0.9368828515848001,0.053758932709610005,0.06049308263629322,0.06097691704167745,0.03969406125020961,0.04001154139315009,0.9095307639117362,0.8376666666666667,0.06233333333333335,0.1559032668659123,0.15715020884893288,0.3248563338291664,0.32745459241120195,-1.0577450280531167,0.030725566676406444,0.07163877071215248,0.07184732485475606,0.21034867271840893,0.0,2000.0,96.0,0.34256138219823806,0.4433129473141312,0.7727303799108909,1.0748539000001074,4.99999714520527e-07,6.929432800000086,8.210177599999952,FON,Vanilla GP,2,30,3000.0,,
final_models,0.05997824082238773,0.06205481877831313,0.037936839280388227,0.03925070430132036,0.9077746608857136,0.7963333333333333,0.139,0.139,0.1498859400596177,0.1543674645520055,0.3750047418402763,0.38804624777185104,-0.49197836043699894,0.03211733801450527,0.07944957064573527,0.08257210023043703,0.05031162018019533,0.05228896909712583,0.8524702876176706,0.6573333333333333,0.2426666666666667,0.09639258196590879,0.10018100632727436,0.5051194130420349,0.5249716324840238,0.6658802812436266,0.04072025431313038,0.04050691099904019,0.04153753732618923,0.025562058380581124,0.026212439505514887,0.9630790341537566,0.9353333333333333,0.03533333333333333,0.2033792981533266,0.20855392277673662,0.2448900706385178,0.25112086305967835,-1.6498370021176245,0.023514421715880147,0.02077484313354301,0.04252686074860982,0.23639946815165433,0.4395,2000.0,96.0,0.39818913696787006,0.4433129473141312,0.8982122885863186,1.1379900000001726,3.999998625658918e-07,6.866814299999987,8.208257100000083,FON,Vanilla GP,3,30,3000.0,,
final_models,0.10774042671058782,0.11120193592405704,0.06834226166078988,0.07041850150672523,0.7091081064029054,0.8633333333333333,0.03766666666666668,0.03766666666666668,0.2553054847485951,0.26215579644736986,0.537473341800767,0.5551839919766597,-0.8073282876269596,0.052859872102707234,0.12532639710024915,0.13150458693886485,0.07367433718502141,0.07730624595998722,0.619747807948453,0.8256666666666667,0.07433333333333336,0.23107318273015934,0.24246435029382993,0.6467735714343976,0.6786574362815203,-0.6285830927576304,0.05813980800325534,0.0901544563209265,0.09089928490924923,0.06301018613655836,0.06353075705346323,0.798468404857358,0.901,0.0010000000000000009,0.27953778676703084,0.28184724260090976,0.42817311216713644,0.431710547671799,-0.986073482496289,0.047579936202159126,0.15474527543169211,0.09356252678142801,0.31550528274236134,0.0355,2000.0,96.0,0.26602395176698623,0.4433129473141312,0.6000816203950882,1.0847983000003296,3.000000106112566e-07,6.83510299999989,8.13156919999983,FON,Vanilla GP,4,30,3000.0,,
final_models,0.04401414869606853,0.04607819336670134,0.028338054627240525,0.029671515170359417,0.9537597917895981,0.9341666666666666,0.03416666666666662,0.03416666666666662,0.19781951605857884,0.2070273135349785,0.23901359122915297,0.25016818994386714,-1.6708804892744915,0.02419158472657789,0.04510609830041422,0.04744229042964961,0.02994630199835585,0.031497318771349994,0.9517951976487925,0.9273333333333333,0.02733333333333332,0.1889991774833261,0.19878806207998947,0.23420238495805146,0.24633249128520707,-1.6677349987750294,0.024477739937066527,0.042922199091722846,0.04471409630375306,0.026729807256125195,0.027845711569368835,0.9557243859304038,0.941,0.040999999999999925,0.2066398546338316,0.2152665649899675,0.2438247975002545,0.25400388860252726,-1.6740259797739538,0.023905429516089257,0.006311457588983559,0.0076287379273317,0.0538379652103951,0.902,2000.0,96.0,0.43064039918694674,0.4433129473141312,0.9714139904892602,1.1212052999999287,5.000001692678779e-07,6.863829899999928,8.522449399999914,FON,Vanilla GP,5,30,3000.0,,
final_models,0.0397336007871623,0.04006637943952074,0.02872548618064675,0.028965620971509697,0.9623469532890854,0.9561666666666666,0.05616666666666664,0.05616666666666664,0.1777222404992945,0.17920647948628116,0.20065082434596526,0.2023256531799679,-1.7864337506687713,0.021967512150563306,0.04060333798561177,0.040958055215547975,0.028139596173930515,0.028385428169562923,0.9608452098547978,0.969,0.06899999999999995,0.17015316669243194,0.17163965186701047,0.1896738780161876,0.1913308992351081,-1.8701282160341655,0.02103451594394988,0.03886386358871283,0.039174703663493494,0.029311376187362986,0.02954581377345647,0.9638486967233729,0.9433333333333334,0.043333333333333335,0.18529131430615706,0.18677330710555187,0.2116277706757429,0.2133204071248277,-1.7027392853033771,0.02290050835717673,0.018189257088393782,0.017378220917828258,0.15536336167357045,0.7135,2000.0,96.0,0.41993723171069247,0.4433129473141312,0.9472703972532028,1.1398825999999644,3.000000106112566e-07,6.948741200000313,8.626059899999746,FON,Vanilla GP,6,30,3000.0,,
final_models,0.04770442876117289,0.04877086338533965,0.03198388362080356,0.03270795902967866,0.9462940576555484,0.9359999999999999,0.035999999999999976,0.035999999999999976,0.18985061975627274,0.19428878636975172,0.23197466005570566,0.23717514410125828,-1.6963730135717194,0.025169187484169353,0.05263478906841058,0.053445917404801715,0.034117862280491434,0.034643635544954005,0.9375080625416667,0.909,0.009000000000000008,0.1844175815983675,0.18725954845737286,0.25405432274839385,0.25796942650032584,-1.6172126382269014,0.02688367541363382,0.0427740684539352,0.04409580936587757,0.029849904961115687,0.03077228251440331,0.9550800527694301,0.963,0.06299999999999994,0.19528365791417798,0.20131802428213055,0.20989499736301745,0.21638086170219073,-1.7755333889165374,0.02345469955470489,0.01804105090503777,0.017190707343717658,0.18345392856093695,0.736,2000.0,96.0,0.4220320785357826,0.4433129473141312,0.9519958329477327,1.1426995000001625,3.000000106112566e-07,6.864208499999677,8.547904900000049,FON,Vanilla GP,7,30,3000.0,,
final_models,0.05958446271923003,0.060562748394393504,0.038834731078910556,0.03948012998454423,0.9115663707873448,0.9081666666666667,0.03716666666666668,0.03716666666666668,0.1993450145024409,0.20247696232083626,0.2758994725198198,0.280416447252975,-1.4687708451961794,0.030102693946359976,0.06346737022259671,0.0641677983903766,0.04001210869872564,0.04045368376141635,0.9020828502957424,0.9453333333333334,0.04533333333333334,0.23682347138173346,0.23943706368224005,0.29611455098712075,0.29938248176278454,-1.4599949622469297,0.03194200026180539,0.055701555215863334,0.0569576983984104,0.03765735345909548,0.0385065762076721,0.9210498912789472,0.871,0.029000000000000026,0.16186655762314836,0.16551686095943247,0.2556843940525188,0.2614504127431654,-1.477546728145429,0.028263387630914565,0.0075050794229958515,0.02204640107735644,0.10654338453683061,0.5855,2000.0,96.0,0.41645017239500304,0.4433129473141312,0.9394044882225545,1.0498435000004065,3.000000106112566e-07,6.8378114000001915,8.097684699999718,FON,Vanilla GP,8,30,3000.0,,
final_models,0.07181279910418466,0.07395646506466674,0.050408270563649896,0.05192954167010549,0.8754252122470209,0.7526666666666667,0.14733333333333332,0.14733333333333332,0.14578944067861097,0.15129890978530974,0.3820494716126184,0.3920208855526705,-0.19315389058385768,0.03811106079229359,0.06476592874376474,0.06836108946633258,0.046169918289027216,0.04873281331757812,0.8978085489549881,0.8786666666666667,0.021333333333333315,0.18102221709311184,0.19107077159435426,0.2832301085598057,0.2989522294572207,-1.3738618983559063,0.03342754728200587,0.07885966946460457,0.0795518406630009,0.054646622838272575,0.05512627002263285,0.8530418755390536,0.6266666666666667,0.2733333333333333,0.1105566642641101,0.11152704797626524,0.48086883466543107,0.4850895416481203,0.987554117188191,0.0427945743025813,0.02301878387402247,0.026869858240803755,0.12389515071580647,0.432,2000.0,96.0,0.40524427394314866,0.4433129473141312,0.9141268631955358,1.1622603999999228,5.000001692678779e-07,6.896668200000022,8.257802300000094,FON,Vanilla GP,9,30,3000.0,,
final_models,0.056960012322955375,0.05807836107083919,0.033782946607739,0.03445203158910877,0.924439469088271,0.9068333333333334,0.03250000000000003,0.03250000000000003,0.17457946658037526,0.17790417847524542,0.2801331813526192,0.2856711729112321,-1.5145309158099434,0.027333260664454843,0.059088520009777164,0.06004412245257655,0.03343435127416754,0.0339750645590107,0.9163320900243292,0.9393333333333334,0.03933333333333333,0.20973814645511574,0.2131301130345386,0.28006797833338726,0.2845973462072312,-1.6269513641564144,0.02790588423992629,0.05483150463613359,0.05611259968910183,0.03413154194131046,0.034928998619206834,0.9325468481522128,0.8743333333333333,0.025666666666666726,0.1394207867056348,0.14267824391595224,0.28019838437185124,0.28674499961523303,-1.4021104674634723,0.0267606370889834,0.012397154523751688,0.009016126491716136,0.1628258515837643,0.8555,2000.0,96.0,0.42812627248036106,0.4433129473141312,0.9657427672105083,1.146826300000157,4.99999714520527e-07,7.032925400000295,8.729887299999973,FON,Vanilla GP,10,30,3000.0,,
final_models,0.0521406170489356,0.05353395278488145,0.035799248857575315,0.03674129868147908,0.9263784457945586,0.886,0.059666666666666646,0.059666666666666646,0.17977152263725404,0.1835013372993567,0.27312536265012505,0.27987313105385053,-1.478469552991183,0.028395865726398965,0.036564892393990606,0.03693652479313189,0.026250276096628552,0.026517074450054436,0.9675987797648773,0.9456666666666667,0.04566666666666663,0.21031551909145932,0.21245309029211873,0.23474041003057447,0.23712622702724664,-1.6258970917441842,0.023177988936252114,0.06771634170388059,0.070131380776631,0.04534822161852208,0.04696552291290372,0.88515811182424,0.8263333333333334,0.07366666666666666,0.14922752618304877,0.15454958430659466,0.31151031526967565,0.3226200350804544,-1.3310420142381818,0.033613742516545815,0.010772263067427935,0.017244332864668876,0.0926134512401432,0.6925,2000.0,96.0,0.4199582150006837,0.4433129473141312,0.947317730159039,1.0743477000000894,5.000001692678779e-07,6.890647199999876,8.167453000000023,FON,Vanilla GP,11,30,3000.0,,
final_models,0.04315468212003956,0.04451002270380936,0.027613189288891234,0.028452643969355672,0.9536475943744999,0.9806666666666666,0.08066666666666661,0.08066666666666661,0.24748810189085002,0.2540476477034893,0.25982567062225487,0.26689265209476487,-1.619158593155218,0.02535256830039722,0.034933689086761116,0.03548255058976243,0.024460097244365816,0.02484440265521888,0.973141161261719,0.9973333333333333,0.09733333333333327,0.29236562580815406,0.29695913542600305,0.2932540592490797,0.2978615275104745,-1.4710032649911364,0.025767282711355675,0.051375675153318014,0.053537494817856295,0.03076628133341665,0.03206088528349246,0.9341540274872807,0.964,0.06399999999999995,0.20261057797354595,0.2111361599809756,0.22639728199543,0.23592377667905517,-1.7673139213192992,0.024937853889438765,0.007102975965279088,0.00861847480274742,0.03599653993755849,0.88,2000.0,96.0,0.428155573628607,0.4433129473141312,0.9658088630654195,1.0615054999998392,5.000001692678779e-07,6.886913999999706,8.152481399999942,FON,Vanilla GP,12,30,3000.0,,
final_models,0.09693793257160473,0.09854231671950334,0.06602255822518471,0.06711482107864214,0.7138521177318149,0.837,0.063,0.063,0.2356569687846905,0.23957345777679306,0.533284170807387,0.5421168105317268,-0.7512375540766616,0.05165713303572185,0.14855507734435502,0.15098384416504068,0.10222809145904153,0.10389944595675553,0.476960067493176,0.7823333333333333,0.1176666666666667,0.3234864974050105,0.3287752649509079,0.8022719084931097,0.8153884671954384,-0.25519069880787304,0.07931831686826711,0.045320787798854435,0.04610078927396598,0.0298170249913279,0.030330196200528754,0.9507441679704539,0.8916666666666667,0.008333333333333304,0.14782744016437052,0.15037165060267818,0.2642964331216642,0.2688451538680151,-1.24728440934545,0.023995949203176593,0.15241948247746803,0.30262891006552717,0.774752854200113,0.0,2000.0,96.0,0.17320787091305745,0.4433129473141312,0.3907124119926319,1.5006256000001486,3.000000106112566e-07,14.237689800000226,16.020200799999657,FON,Vanilla GP,13,30,3000.0,,
final_models,0.06999590379993252,0.07045070856290214,0.04742401110265916,0.04774825976266687,0.8851322656082126,0.8486666666666667,0.05133333333333334,0.05133333333333334,0.17818266152057138,0.17937394300988627,0.3266410383651312,0.3287195189226109,-1.2262856965451383,0.035610747083294356,0.06531760005261975,0.06602535320471044,0.04821548801008027,0.04873793010212337,0.9017074451220374,0.859,0.041000000000000036,0.17451790102389725,0.17640890122057334,0.2940132346772384,0.2971990344223539,-1.181687174497493,0.034947742683982166,0.0746742075472453,0.07487606392109385,0.04663253419523806,0.046758589423210366,0.8685570860943878,0.8383333333333334,0.06166666666666665,0.18184742201724552,0.1823389847991992,0.359268842053024,0.36024000342286794,-1.2708842185927833,0.036273751482606545,0.03684687755896937,0.037045781270821476,0.28917062424130763,0.513,2000.0,96.0,0.40562175948893797,0.4433129473141312,0.9149783735068757,2.5058029000001625,4.000003173132427e-07,16.651947199999995,19.526825100000224,FON,Vanilla GP,14,30,3000.0,,
final_models,0.04415645786047849,0.04591028641430393,0.029642729656924785,0.030820795580264952,0.9499391556107099,0.9366666666666668,0.044999999999999984,0.044999999999999984,0.1792128301095764,0.18610759036898403,0.2251300366044372,0.23393205673698353,-1.71408807307736,0.02369509411181199,0.05435746590723047,0.056641462733357635,0.03672518812477624,0.0382683103383663,0.9276095130887331,0.8916666666666667,0.008333333333333304,0.14594108630885416,0.15207325182407247,0.23038747125063427,0.24006791246203957,-1.615159373311139,0.026858415374498543,0.033955449813726515,0.03517911009525023,0.022560271189073333,0.023373280822163604,0.9722687981326866,0.9816666666666667,0.08166666666666667,0.21248457391029865,0.22014192891389558,0.21987260195824015,0.22779620101192752,-1.813016772843581,0.02053177284912544,0.004987899977504957,0.008767328730144597,0.0317116956033192,0.8295,2000.0,96.0,0.429663426377324,0.4433129473141312,0.9692101910840327,2.694548599999962,4.99999714520527e-07,16.713355700000193,20.416974899999786,FON,Vanilla GP,15,30,3000.0,,
final_models,0.06075063125347955,0.06127743639559933,0.039346817648901584,0.03970621073667656,0.910147359969284,0.8851666666666667,0.014833333333333365,0.014833333333333365,0.1778237356604218,0.1795156561787814,0.25080957877797183,0.2532215513008907,-1.6281265373757212,0.029371758182884646,0.05675129151667996,0.057625857207750625,0.03963399985819323,0.040244779552355565,0.9189785318722121,0.8803333333333333,0.01966666666666672,0.1898262698049279,0.19275158724526348,0.2717907333715102,0.2759791640522075,-1.5065041466781843,0.029747777671734997,0.06474997099027914,0.06492901558344803,0.03905963543960994,0.03916764192099755,0.9013161880663558,0.89,0.010000000000000009,0.16582120151591576,0.1662797251122993,0.22982842418443347,0.2304639385495739,-1.7497489280732579,0.028995738694034295,0.017260412498637922,0.02533815420789968,0.19576839887725472,0.6605,2000.0,96.0,0.4135823713111381,0.4433129473141312,0.9329354665049768,2.835184600000048,5.000001692678779e-07,16.701021800000035,20.676005499999974,FON,Vanilla GP,16,30,3000.0,,
final_models,0.05457712975136013,0.05632038723769639,0.03743007451100004,0.038629507745912145,0.9296586857097711,0.877,0.02300000000000002,0.02300000000000002,0.15371507934161754,0.15863030920502735,0.24023346519257574,0.24796569445607286,-1.5545447278369815,0.027535713463513172,0.06003476223101762,0.061656430285799334,0.04046588524412279,0.04155895584139339,0.9155620586050733,0.8883333333333333,0.011666666666666714,0.16810217295423904,0.17264297421152186,0.2535034410120902,0.260351114206574,-1.597787927517031,0.029464401099642372,0.049119497271702645,0.050984344189593446,0.0343942637778773,0.03570005965043091,0.9437553128144689,0.8656666666666667,0.03433333333333333,0.13932798572899602,0.14461764419853282,0.22696348937306127,0.23558027470557172,-1.511301528156932,0.025607025827383972,0.0074158847904190394,0.010092538165628273,0.05993950591009436,0.828,2000.0,96.0,0.4271150746708433,0.4433129473141312,0.9634617650073425,2.401654100000087,6.000000212225132e-07,16.661782399999993,20.221902499999942,FON,Vanilla GP,17,30,3000.0,,
final_models,0.06919725314860067,0.07017455444574772,0.04555368034281508,0.046200253522228465,0.8805474960866175,0.7491666666666668,0.15083333333333332,0.15083333333333332,0.11612271047594241,0.11796177071088779,0.3950055909924974,0.40049549164015685,-0.3251591332600373,0.035452142337842496,0.08115947161127533,0.0818233490481667,0.05298330332576667,0.053416702150470965,0.8407988847197273,0.678,0.22199999999999998,0.1085015158475212,0.10938904883424007,0.4756661234421041,0.47955703106603853,0.01716284091462889,0.041660118601271307,0.05723503468592602,0.05852575984332873,0.03812405735986348,0.038983804893985965,0.9202961074535079,0.8203333333333334,0.07966666666666666,0.12374390510436362,0.12653449258753552,0.31434505854289063,0.3214339522142752,-0.6674811074347036,0.02924416607441369,0.05147168504858629,0.026068482079843996,0.2722070073563483,0.398,2000.0,95.0,0.40846254396088766,0.4433129473141312,0.921386452695978,2.458012900000085,6.000000212225132e-07,16.87335929999972,20.482528999999886,FON,Vanilla GP,18,30,3000.0,,
final_models,0.047989591281325954,0.04871268997143489,0.02904185242814083,0.029485760098861294,0.9432263243648473,0.9335,0.042166666666666686,0.042166666666666686,0.174249041766527,0.17724899728347634,0.24537725372148617,0.2491418690785493,-1.6822179748931734,0.02413399201782928,0.058156392245531305,0.0587325614098176,0.034230779559859544,0.03456991200756374,0.920012097441673,0.8913333333333333,0.008666666666666711,0.15398429975303962,0.15550985871356363,0.2870809786368992,0.2899251579464646,-1.5265349315351069,0.027125193506495476,0.0378227903171206,0.038692818533052176,0.023852925296422113,0.024401608190158842,0.9664405512880218,0.9756666666666667,0.07566666666666666,0.19451378378001435,0.19898813585338906,0.20367352880607315,0.20835858021063397,-1.8379010182512399,0.021142790529163083,0.011070564391166297,0.015126172272834292,0.046986507286976016,0.619,2000.0,96.0,0.41969648463232145,0.4433129473141312,0.9467273337586014,2.6275986999999077,6.999998731771484e-07,16.58362390000002,20.346225400000094,FON,Vanilla GP,19,30,3000.0,,
final_models,0.0449407968503027,0.04531706120235689,0.029625094394200344,0.02987289644233579,0.9508559445334628,0.9655,0.0655,0.0655,0.20984842699025905,0.21160683854982767,0.22603107209442985,0.2279248668301054,-1.7230442181142394,0.024355099613418467,0.04293603012053457,0.043288296638791725,0.029748799286277702,0.029992871826693964,0.9530569858538519,0.9613333333333334,0.06133333333333335,0.19136448741451056,0.19293452780972947,0.2074789534655516,0.20918120419399036,-1.7769670732608622,0.023426165156972146,0.046945563580070834,0.047345825765922056,0.02950138950212298,0.029752921057977617,0.9486549032130737,0.9696666666666667,0.06966666666666665,0.22833236656600753,0.23027914928992588,0.24458319072330809,0.24666852946622045,-1.6691213629676165,0.025284034069864788,0.015588735824593336,0.019095975036157783,0.15211101724163834,0.719,2000.0,96.0,0.4173222346055251,0.4433129473141312,0.9413716362966262,3.0183796000001166,5.000001692678779e-07,17.750828200000342,21.782169100000374,FON,Selected GP/ICM,0,30,3000.0,,
final_models,0.0392892628366798,0.04088288121546452,0.026446606953957244,0.02747711722286786,0.9629889258487445,0.9608333333333333,0.060833333333333295,0.060833333333333295,0.20270788593470973,0.21111977320174286,0.22117467724668882,0.23025018438140454,-1.7259482808894604,0.02281570452333257,0.04070221110089582,0.04153888045160059,0.029431037156186047,0.03003601772313839,0.9610704213230715,0.951,0.050999999999999934,0.2008506175663578,0.20497927670409682,0.224097584656338,0.2287041054221054,-1.666629084609987,0.02408725114839032,0.037876314572463786,0.04022688197932845,0.02346217675172844,0.024918216722597322,0.9649074303744175,0.9706666666666667,0.07066666666666666,0.20456515430306169,0.21726026969938889,0.21825176983703962,0.23179626334070372,-1.785267477168934,0.021544157898274817,0.01025892671802732,0.012593768062719491,0.03378031816835299,0.636,2000.0,96.0,0.4219449827470052,0.4433129473141312,0.951799367247137,2.870591599999898,7.000003279244993e-07,16.735819800000172,20.77960370000028,FON,Selected GP/ICM,1,30,3000.0,,
final_models,0.08195957666769402,0.08325138808318035,0.05455140424666792,0.05541472336242832,0.8247102073829653,0.8565,0.04350000000000004,0.04350000000000004,0.23498064907250327,0.23879217223782928,0.39672321253025145,0.40277907309444905,-0.9973139398189583,0.04224224969300822,0.10342607069909482,0.10552585912468325,0.06940874724312623,0.07081790533170655,0.7398896508541943,0.8753333333333333,0.024666666666666726,0.31405803127909426,0.3204341356267257,0.46859009123133644,0.47810355377769614,-0.9368828515848001,0.053758932709610005,0.06049308263629322,0.06097691704167745,0.03969406125020961,0.04001154139315009,0.9095307639117362,0.8376666666666667,0.06233333333333335,0.1559032668659123,0.15715020884893288,0.3248563338291664,0.32745459241120195,-1.0577450280531167,0.030725566676406444,0.07163877071215248,0.07184732485475606,0.21034867271840893,0.0,2000.0,96.0,0.34256138219823806,0.4433129473141312,0.7727303799108909,2.4735310999999456,3.999998625658918e-07,16.522381700000096,19.420734299999822,FON,Selected GP/ICM,2,30,3000.0,,
final_models,0.05997824082238773,0.06205481877831313,0.037936839280388227,0.03925070430132036,0.9077746608857136,0.7963333333333333,0.139,0.139,0.1498859400596177,0.1543674645520055,0.3750047418402763,0.38804624777185104,-0.49197836043699894,0.03211733801450527,0.07944957064573527,0.08257210023043703,0.05031162018019533,0.05228896909712583,0.8524702876176706,0.6573333333333333,0.2426666666666667,0.09639258196590879,0.10018100632727436,0.5051194130420349,0.5249716324840238,0.6658802812436266,0.04072025431313038,0.04050691099904019,0.04153753732618923,0.025562058380581124,0.026212439505514887,0.9630790341537566,0.9353333333333333,0.03533333333333333,0.2033792981533266,0.20855392277673662,0.2448900706385178,0.25112086305967835,-1.6498370021176245,0.023514421715880147,0.02077484313354301,0.04252686074860982,0.23639946815165433,0.4395,2000.0,96.0,0.39818913696787006,0.4433129473141312,0.8982122885863186,2.5506993999997576,5.000001692678779e-07,16.510716299999785,19.463546899999983,FON,Selected GP/ICM,3,30,3000.0,,
final_models,0.10774042671058782,0.11120193592405704,0.06834226166078988,0.07041850150672523,0.7091081064029054,0.8633333333333333,0.03766666666666668,0.03766666666666668,0.2553054847485951,0.26215579644736986,0.537473341800767,0.5551839919766597,-0.8073282876269596,0.052859872102707234,0.12532639710024915,0.13150458693886485,0.07367433718502141,0.07730624595998722,0.619747807948453,0.8256666666666667,0.07433333333333336,0.23107318273015934,0.24246435029382993,0.6467735714343976,0.6786574362815203,-0.6285830927576304,0.05813980800325534,0.0901544563209265,0.09089928490924923,0.06301018613655836,0.06353075705346323,0.798468404857358,0.901,0.0010000000000000009,0.27953778676703084,0.28184724260090976,0.42817311216713644,0.431710547671799,-0.986073482496289,0.047579936202159126,0.15474527543169211,0.09356252678142801,0.31550528274236134,0.0355,2000.0,96.0,0.26602395176698623,0.4433129473141312,0.6000816203950882,2.4682952000002842,3.999998625658918e-07,16.559862200000225,19.41786970000021,FON,Selected GP/ICM,4,30,3000.0,,
final_models,0.04401423992087813,0.046078287770512205,0.028337962525580705,0.02967141742332896,0.953759608242986,0.9341666666666666,0.03416666666666662,0.03416666666666662,0.19781962499328903,0.2070274236218732,0.23901304593976722,0.2501676113554984,-1.6708845295179033,0.024191552616216652,0.045105972990669596,0.047442158629704106,0.029945943566324427,0.03149694177495317,0.9517954654849969,0.9273333333333333,0.02733333333333332,0.18899850145810346,0.19878735104121295,0.23420028764730175,0.24633028534788465,-1.6677445923982102,0.0244775640747649,0.04292250685108666,0.04471441691132031,0.026729981484836983,0.02784589307170475,0.9557237510009752,0.941,0.040999999999999925,0.2066407485284746,0.21526749620253344,0.24382580423223268,0.2540049373631122,-1.6740244666375963,0.02390554115766841,0.006136455336208987,0.007802486000506706,0.05377404172798464,0.9015,2000.0,96.0,0.4300768528952365,0.4433129473141312,0.9701427749853521,2.4933069999997315,6.000000212225132e-07,8.795214100000067,12.206026299999849,FON,Selected GP/ICM,5,30,3000.0,,
final_models,0.03973195924730982,0.04006472401157324,0.028724245762168282,0.028964370094937478,0.9623500773170802,0.9561666666666666,0.05616666666666664,0.05616666666666664,0.17772036479075867,0.17920458895937935,0.2006477418571334,0.20232254569227237,-1.7864556235911975,0.02196681598274257,0.04060128165319889,0.0409559809186875,0.028138140835542932,0.02838396011710731,0.9608491756974733,0.969,0.06899999999999995,0.17015366503418466,0.17164015456235615,0.18967294419600894,0.19132995725692759,-1.8701445354833541,0.021033809638932144,0.03886263684142076,0.03917346710445898,0.02931035068879363,0.02954478007276765,0.9638509789366871,0.9433333333333334,0.043333333333333335,0.18528706454733268,0.18676902335640258,0.21162253951825785,0.21331513412761716,-1.7027667116990408,0.022899822326552993,0.02035893250962162,0.019360531096081438,0.19790365494629886,0.669,2000.0,96.0,0.41808678930903653,0.4433129473141312,0.9430962750831582,1.1993178000002445,4.99999714520527e-07,6.910427499999969,8.649144399999841,FON,Selected GP/ICM,6,30,3000.0,,
final_models,0.047705844248477625,0.0487723093389288,0.03198468517461701,0.032708777814100906,0.9462908496424105,0.9359999999999999,0.035999999999999976,0.035999999999999976,0.18984344110430523,0.19428142126155465,0.2319749524664124,0.2371753969328458,-1.6963684058176645,0.02516950459849966,0.05263650281796468,0.05344765756409069,0.034118835529042525,0.0346446237917504,0.9375039930934814,0.909,0.009000000000000008,0.18441301506580005,0.18725491155226226,0.2540605996622177,0.25797580014452054,-1.6171846982474438,0.02688427582701811,0.04277518567899058,0.044096961113766917,0.029850534820191486,0.030772931836451405,0.9550777061913396,0.963,0.06299999999999994,0.19527386714281045,0.20130793097084704,0.20988930527060706,0.21637499372117108,-1.7755521133878853,0.023454733369981207,0.014715672375902433,0.018371184861762188,0.16981447858731316,0.7685,2000.0,96.0,0.42136503775099965,0.4433129473141312,0.9504911604836803,1.197864099999606,3.999998625658918e-07,6.942565600000307,8.682000400000106,FON,Selected GP/ICM,7,30,3000.0,,
final_models,0.05958446271923003,0.060562748394393504,0.038834731078910556,0.03948012998454423,0.9115663707873448,0.9081666666666667,0.03716666666666668,0.03716666666666668,0.1993450145024409,0.20247696232083626,0.2758994725198198,0.280416447252975,-1.4687708451961794,0.030102693946359976,0.06346737022259671,0.0641677983903766,0.04001210869872564,0.04045368376141635,0.9020828502957424,0.9453333333333334,0.04533333333333334,0.23682347138173346,0.23943706368224005,0.29611455098712075,0.29938248176278454,-1.4599949622469297,0.03194200026180539,0.055701555215863334,0.0569576983984104,0.03765735345909548,0.0385065762076721,0.9210498912789472,0.871,0.029000000000000026,0.16186655762314836,0.16551686095943247,0.2556843940525188,0.2614504127431654,-1.477546728145429,0.028263387630914565,0.0075050794229958515,0.02204640107735644,0.10654338453683061,0.5855,2000.0,96.0,0.41645017239500304,0.4433129473141312,0.9394044882225545,1.0865153999998256,2.0000015865662135e-07,6.876999100000376,8.180405800000244,FON,Selected GP/ICM,8,30,3000.0,,
final_models,0.07181279910418466,0.07395646506466674,0.050408270563649896,0.05192954167010549,0.8754252122470209,0.7526666666666667,0.14733333333333332,0.14733333333333332,0.14578944067861097,0.15129890978530974,0.3820494716126184,0.3920208855526705,-0.19315389058385768,0.03811106079229359,0.06476592874376474,0.06836108946633258,0.046169918289027216,0.04873281331757812,0.8978085489549881,0.8786666666666667,0.021333333333333315,0.18102221709311184,0.19107077159435426,0.2832301085598057,0.2989522294572207,-1.3738618983559063,0.03342754728200587,0.07885966946460457,0.0795518406630009,0.054646622838272575,0.05512627002263285,0.8530418755390536,0.6266666666666667,0.2733333333333333,0.1105566642641101,0.11152704797626524,0.48086883466543107,0.4850895416481203,0.987554117188191,0.0427945743025813,0.02301878387402247,0.026869858240803755,0.12389515071580647,0.432,2000.0,96.0,0.40524427394314866,0.4433129473141312,0.9141268631955358,1.174154499999986,3.000000106112566e-07,6.913217499999973,8.293437899999844,FON,Selected GP/ICM,9,30,3000.0,,
final_models,0.05696028484181211,0.05807863589064917,0.03378318975941484,0.034452276787003466,0.9244385884836819,0.9068333333333334,0.03250000000000003,0.03250000000000003,0.17457111842499026,0.1778956781230288,0.2801324374472518,0.28567041703922147,-1.514521312167965,0.027333129678035896,0.05908965080329852,0.06004527153372892,0.03343536209630792,0.033976091728558436,0.9163288876413342,0.9393333333333334,0.03933333333333333,0.20972622979965003,0.21311800365830294,0.2800664727016782,0.2845958162258627,-1.6269604123042227,0.02790595457904686,0.05483091888032571,0.05611200024756942,0.03413101742252177,0.03492846184544849,0.9325482893260296,0.8743333333333333,0.025666666666666726,0.1394160070503305,0.14267335258775468,0.2801984021928253,0.28674501785258016,-1.4020822120317074,0.026760304777024933,0.009775124410174368,0.010938850859391811,0.07911881750818324,0.7565,2000.0,96.0,0.4251704196257048,0.4433129473141312,0.9590751233427666,1.1193717999999535,3.999998625658918e-07,6.9304143999997905,8.594790600000124,FON,Selected GP/ICM,10,30,3000.0,,
final_models,0.0521406170489356,0.05353395278488145,0.035799248857575315,0.03674129868147908,0.9263784457945586,0.886,0.059666666666666646,0.059666666666666646,0.17977152263725404,0.1835013372993567,0.27312536265012505,0.27987313105385053,-1.478469552991183,0.028395865726398965,0.036564892393990606,0.03693652479313189,0.026250276096628552,0.026517074450054436,0.9675987797648773,0.9456666666666667,0.04566666666666663,0.21031551909145932,0.21245309029211873,0.23474041003057447,0.23712622702724664,-1.6258970917441842,0.023177988936252114,0.06771634170388059,0.070131380776631,0.04534822161852208,0.04696552291290372,0.88515811182424,0.8263333333333334,0.07366666666666666,0.14922752618304877,0.15454958430659466,0.31151031526967565,0.3226200350804544,-1.3310420142381818,0.033613742516545815,0.010772263067427935,0.017244332864668876,0.0926134512401432,0.6925,2000.0,96.0,0.4199582150006837,0.4433129473141312,0.947317730159039,1.09644870000011,3.000000106112566e-07,6.822263699999894,8.118350800000371,FON,Selected GP/ICM,11,30,3000.0,,
final_models,0.04315468212003956,0.04451002270380936,0.027613189288891234,0.028452643969355672,0.9536475943744999,0.9806666666666666,0.08066666666666661,0.08066666666666661,0.24748810189085002,0.2540476477034893,0.25982567062225487,0.26689265209476487,-1.619158593155218,0.02535256830039722,0.034933689086761116,0.03548255058976243,0.024460097244365816,0.02484440265521888,0.973141161261719,0.9973333333333333,0.09733333333333327,0.29236562580815406,0.29695913542600305,0.2932540592490797,0.2978615275104745,-1.4710032649911364,0.025767282711355675,0.051375675153318014,0.053537494817856295,0.03076628133341665,0.03206088528349246,0.9341540274872807,0.964,0.06399999999999995,0.20261057797354595,0.2111361599809756,0.22639728199543,0.23592377667905517,-1.7673139213192992,0.024937853889438765,0.007102975965279088,0.00861847480274742,0.03599653993755849,0.88,2000.0,96.0,0.428155573628607,0.4433129473141312,0.9658088630654195,1.0047365999998874,3.999998625658918e-07,6.8390222999996695,8.04285609999988,FON,Selected GP/ICM,12,30,3000.0,,
final_models,0.09693793257160473,0.09854231671950334,0.06602255822518471,0.06711482107864214,0.7138521177318149,0.837,0.063,0.063,0.2356569687846905,0.23957345777679306,0.533284170807387,0.5421168105317268,-0.7512375540766616,0.05165713303572185,0.14855507734435502,0.15098384416504068,0.10222809145904153,0.10389944595675553,0.476960067493176,0.7823333333333333,0.1176666666666667,0.3234864974050105,0.3287752649509079,0.8022719084931097,0.8153884671954384,-0.25519069880787304,0.07931831686826711,0.045320787798854435,0.04610078927396598,0.0298170249913279,0.030330196200528754,0.9507441679704539,0.8916666666666667,0.008333333333333304,0.14782744016437052,0.15037165060267818,0.2642964331216642,0.2688451538680151,-1.24728440934545,0.023995949203176593,0.15241948247746803,0.30262891006552717,0.774752854200113,0.0,2000.0,96.0,0.17320787091305745,0.4433129473141312,0.3907124119926319,1.5362112000002526,3.999998625658918e-07,6.868197499999951,8.59283620000042,FON,Selected GP/ICM,13,30,3000.0,,
final_models,0.06999590379993252,0.07045070856290214,0.04742401110265916,0.04774825976266687,0.8851322656082126,0.8486666666666667,0.05133333333333334,0.05133333333333334,0.17818266152057138,0.17937394300988627,0.3266410383651312,0.3287195189226109,-1.2262856965451383,0.035610747083294356,0.06531760005261975,0.06602535320471044,0.04821548801008027,0.04873793010212337,0.9017074451220374,0.859,0.041000000000000036,0.17451790102389725,0.17640890122057334,0.2940132346772384,0.2971990344223539,-1.181687174497493,0.034947742683982166,0.0746742075472453,0.07487606392109385,0.04663253419523806,0.046758589423210366,0.8685570860943878,0.8383333333333334,0.06166666666666665,0.18184742201724552,0.1823389847991992,0.359268842053024,0.36024000342286794,-1.2708842185927833,0.036273751482606545,0.03684687755896937,0.037045781270821476,0.28917062424130763,0.513,2000.0,96.0,0.40562175948893797,0.4433129473141312,0.9149783735068757,1.068945199999689,3.000000106112566e-07,6.859806399999798,8.135544000000209,FON,Selected GP/ICM,14,30,3000.0,,
final_models,0.044153940138489556,0.0459076754532837,0.02964058034753337,0.03081856720643403,0.9499436996507603,0.9366666666666668,0.044999999999999984,0.044999999999999984,0.1792094952351495,0.18610414476096782,0.22512118897661584,0.23392286914245336,-1.7141482166426656,0.023694034262585408,0.054356627462605,0.05664058905889149,0.036724649979085956,0.03826774958082265,0.9276117462666627,0.8916666666666667,0.008333333333333304,0.14594424506489176,0.15207654330500156,0.23038040780960012,0.24006055222871323,-1.615223081461884,0.02685787550864785,0.03395125281437411,0.0351747618476759,0.022556510715980783,0.02336938483204541,0.972275653034858,0.9816666666666667,0.08166666666666667,0.21247474540540726,0.22013174621693404,0.21986197014363157,0.22778518605619347,-1.8130733518234472,0.02053019301652297,0.006885862091221315,0.009417259357325987,0.10481810511548188,0.8335,2000.0,96.0,0.42880527470780344,0.4433129473141312,0.9672744216130127,1.216098299999885,3.999998625658918e-07,6.92593160000024,8.701344600000084,FON,Selected GP/ICM,15,30,3000.0,,
final_models,0.06074733468492066,0.06127411559754291,0.03934484054189251,0.0397042159122139,0.9101571776476436,0.8851666666666667,0.014833333333333365,0.014833333333333365,0.1778274625307908,0.1795194276504907,0.25079660712880947,0.25320847747198,-1.6281705127454078,0.029370454964906575,0.056748901080115086,0.05762342993336672,0.03963206231771229,0.04024281215341001,0.9189853571829959,0.8803333333333333,0.01966666666666672,0.18983169408656345,0.19275709511778288,0.2717802455548619,0.27596851461307675,-1.506560344960497,0.02974665074972842,0.06474576828972624,0.0649248012617191,0.039057618766072735,0.0391656196710178,0.9013289981122912,0.89,0.010000000000000009,0.16582323097501817,0.1662817601831985,0.22981296870275697,0.23044844033088321,-1.7497806805303187,0.028994259180084733,0.02474230718002164,0.0253883974734956,0.22767650812733145,0.6445,2000.0,96.0,0.41265882686751815,0.4433129473141312,0.9308521877529953,1.2458894000001237,3.999998625658918e-07,6.8957281000002695,8.678109499999664,FON,Selected GP/ICM,16,30,3000.0,,
final_models,0.05457672308237031,0.05631997012402269,0.03742973752588994,0.038629161482943195,0.9296598554387301,0.877,0.02300000000000002,0.02300000000000002,0.15371670084967387,0.1586319734980849,0.24023213157496082,0.2479643291873217,-1.5545533745004159,0.02753552909775697,0.060033850234705664,0.06165549365450541,0.04046524325791085,0.041558296513753035,0.9155646240022991,0.8883333333333333,0.011666666666666714,0.16810560137808403,0.17264649524446898,0.25349997534732294,0.26034755492674716,-1.5978046570620346,0.029463991676662395,0.04911959593003497,0.05098444659353998,0.03439423179386903,0.035700026452133354,0.9437550868751611,0.8656666666666667,0.03433333333333333,0.1393278003212637,0.14461745175170082,0.22696428780259872,0.23558110344789626,-1.5113020919387972,0.025607066518851543,0.009779567233304812,0.012011952467461704,0.12285324295940143,0.7985,2000.0,95.0,0.4255368948202618,0.4433129473141312,0.9599017971333168,1.0660038000000895,3.999998625658918e-07,6.880836700000145,8.492036199999802,FON,Selected GP/ICM,17,30,3000.0,,
final_models,0.06919709140815442,0.07017439026310068,0.045553647843653164,0.046200220555951424,0.8805480419968421,0.7491666666666668,0.15083333333333332,0.15083333333333332,0.11612679054215812,0.11796594448982115,0.39500266907587994,0.4004925023797199,-0.3252646554653102,0.03545208646368328,0.08115930388111038,0.08182317994598355,0.052983266337910076,0.05341666486005691,0.8407995427526396,0.678,0.22199999999999998,0.10850127900641221,0.10938881005579136,0.4756663253381767,0.47955723461360344,0.017154972821613615,0.04166009630272295,0.05723487893519845,0.058525600580217815,0.03812402934939626,0.03898377625184594,0.9202965412410447,0.8203333333333334,0.07966666666666666,0.12375230207790403,0.12654307892385092,0.3143390128135832,0.32142777014583634,-0.667684283752234,0.0292440766246436,0.04177218146315955,0.02364020627419209,0.25577718829670637,0.3645,2000.0,96.0,0.40813487264141896,0.4433129473141312,0.9206473104682285,1.0965885000000526,4.99999714520527e-07,6.931017200000042,8.58245080000006,FON,Selected GP/ICM,18,30,3000.0,,
final_models,0.04798765916244403,0.0487107381288085,0.0290414008511164,0.029485305862542617,0.9432315956723148,0.9335,0.042166666666666686,0.042166666666666686,0.17424936178266467,0.17724927733799103,0.24536333906696725,0.24912777773181452,-1.6822808012666872,0.024133214831042138,0.05815261686028458,0.05872874862093425,0.0342295992748129,0.03456872002915335,0.920022482382467,0.8913333333333333,0.008666666666666711,0.15399152709451946,0.1555171576580288,0.2870590805858617,0.28990304294624447,-1.5266317119307486,0.02712395107489535,0.03782270146460348,0.03869272763668275,0.023853202427419905,0.024401891695931884,0.9664407089621627,0.9756666666666667,0.07566666666666666,0.19450719647080988,0.19898139701795328,0.2036675975480728,0.20835251251738457,-1.8379298906026256,0.02114247858718893,0.01115149821385475,0.019699467837275088,0.07153699876622398,0.602,2000.0,96.0,0.4169583904117149,0.4433129473141312,0.9405508973671324,1.2089405000001534,3.999998625658918e-07,6.920583000000079,8.67786500000011,FON,Selected GP/ICM,19,30,3000.0,,
final_models,0.04920477301064595,0.04961704042476771,0.030959779465291163,0.031218962995945933,0.9410005365490778,0.9923333333333333,0.09233333333333327,0.09233333333333327,0.328027400229956,0.3307772353402949,0.3335336439292831,0.33632867131094096,-1.3531063402140397,0.030867146473369748,0.045124740284661444,0.0454949639663272,0.02973738878773706,0.029981367711286993,0.948149060677901,0.9853333333333333,0.08533333333333326,0.29198096536511203,0.29437650863676024,0.3028904223442598,0.3053754717117285,-1.4400989144099803,0.028302371982118386,0.05328480573663045,0.05373911688320821,0.032182170142845266,0.032456558280604876,0.9338520124202546,0.9993333333333333,0.09933333333333327,0.3640738350948,0.36717796204382963,0.36417686551430634,0.3672818709101534,-1.2661137660180992,0.03343192096462111,0.00816196228627294,0.012334204648872138,0.04189923473761102,0.7385,2000.0,96.0,0.4239030636836841,0.4433129473141312,0.9562162942702201,8.849201300000004,3.999998625658918e-07,9.309215800000402,25.67344299999968,FON,Selected + Bagging,0,30,3000.0,,
final_models,0.051264632911094093,0.0533002107590945,0.03725242325750479,0.0386660403702912,0.9367993944820315,0.9916666666666667,0.09166666666666662,0.09166666666666662,0.3480138275410559,0.3624673688660728,0.35367807252412586,0.3682480473313551,-1.2870098329200772,0.032918465049811815,0.055217751019022925,0.056352799917913005,0.04328500101285621,0.0441747618566322,0.9283524858395601,0.9833333333333333,0.08333333333333326,0.344256172235974,0.35133265727966834,0.3555846622021138,0.3628940142102328,-1.2373745189457017,0.0348705428404822,0.04731151480316526,0.050247621600276,0.031219845502153357,0.03315731888395019,0.945246303124503,1.0,0.09999999999999998,0.3517714828461379,0.3736020804524773,0.3517714828461379,0.3736020804524773,-1.3366451468944525,0.03096638725914143,0.007843775361314937,0.011917257382259874,0.03941429564354961,0.7105,2000.0,96.0,0.4243399173416772,0.4433129473141312,0.9572017237746795,8.940400500000123,5.000001692678779e-07,9.331900399999995,25.837224600000354,FON,Selected + Bagging,1,30,3000.0,,
,,,,,,,,,,,,,,,,,,,,,,,,,,,,,,,,,,,,,,,,,,,,,,,,,,,,,,FON,Selected + Bagging,2,30,,True,ModelFittingError('All attempts to fit the model have failed.')
final_models,0.06521547323730348,0.06746799242951622,0.0420725239817139,0.043538492658869395,0.8917502123718366,0.9375,0.04683333333333328,0.04683333333333328,0.2597450699338706,0.2678203044609635,0.3346980039784335,0.3456687789601828,-1.3170796104663998,0.035297903431358316,0.08561015279395831,0.08897480577669059,0.057076777010594895,0.05932001033918903,0.8287041146945892,0.8906666666666667,0.009333333333333305,0.21163188388286897,0.21994944700019586,0.35428429044633414,0.36820838304145415,-1.2470487107499333,0.04157717924651153,0.04482079368064864,0.04596117908234185,0.027068270952832905,0.027756974978549755,0.9547963100490839,0.9843333333333333,0.08433333333333326,0.30785825598487226,0.3156911619217312,0.31511171751053296,0.32312917487891146,-1.3871105101828662,0.029018627616205096,0.024157785705861762,0.040002504662037267,0.15962610491261073,0.3145,2000.0,96.0,0.39740064382881574,0.4433129473141312,0.8964336508455765,7.25854580000032,4.000003173132427e-07,8.608328500000425,17.85869880000064,FON,Selected + Bagging,3,30,3000.0,,
final_models,0.12557400744536212,0.1294425378039542,0.08248394942215323,0.08486204741624813,0.610765377446652,0.9043333333333333,0.018333333333333313,0.018333333333333313,0.3535330172417289,0.36369108205896505,0.5668561124229388,0.5847533348026455,-0.8047301364409488,0.06224342935068049,0.13798314889599286,0.1447852760466482,0.08269217000665995,0.08676862904712503,0.5390660254152368,0.886,0.014000000000000012,0.3527362055356091,0.37012497032239816,0.6440354631943386,0.6757843480779646,-0.7648705499020639,0.0652301093836088,0.11316486599473141,0.11409979956126018,0.08227572883764651,0.08295546578537123,0.6824647294780672,0.9226666666666666,0.022666666666666613,0.3543298289478488,0.3572571937955319,0.489676761651539,0.4937223215273263,-0.8445897229798337,0.059256749317752176,0.23249082929395168,0.12625297109024475,0.41103962245272213,0.0,2000.0,95.0,0.190004818223465,0.4433129473141312,0.4286020053648448,9.435974899999565,6.000000212225132e-07,8.77239869999994,21.028282000000218,FON,Selected + Bagging,4,30,3000.0,,
final_models,0.05026826931172365,0.052612012453598735,0.03485164637576186,0.03647466232874497,0.9396255024015463,0.9871666666666667,0.08716666666666667,0.08716666666666667,0.31009766991066134,0.3245178878990086,0.3161769421217444,0.3309010140074989,-1.3874121635138459,0.030784929809023504,0.04881000582025282,0.051338035415403174,0.033456027210675206,0.03518882411375709,0.9435534372328838,0.9806666666666667,0.08066666666666666,0.2935376512480059,0.3087409247812775,0.30350392235193746,0.3192233816114885,-1.4338464772301738,0.029478010478477045,0.05172653280319448,0.053885989491794295,0.03624726554084851,0.037760500543732846,0.9356975675702088,0.9936666666666667,0.09366666666666668,0.32665768857331684,0.3402948510167397,0.3288499618915513,0.34257864640350927,-1.340977849797518,0.032091849139569965,0.007431932308680881,0.008370038999161633,0.08749605354797692,0.8985,2000.0,95.0,0.4289684292125834,0.4433129473141312,0.9676424562164865,8.620540799999617,4.000003173132427e-07,9.243322000000262,25.427554300000338,FON,Selected + Bagging,5,30,3000.0,,
final_models,0.04787285630334222,0.04827291251157656,0.03394041492072214,0.03422329631467349,0.9453011488781913,0.9884999999999999,0.08849999999999997,0.08849999999999997,0.29983216167064963,0.3023362730992849,0.30667079824765686,0.3092312556125061,-1.414740999312097,0.029526671088283822,0.04650686042851654,0.04691315177111697,0.030949090335980083,0.03121946652024637,0.9486316674180078,0.992,0.09199999999999997,0.287271565341912,0.28978121550746316,0.2917413435544872,0.2942900424146693,-1.4974194007802537,0.02751170682500533,0.049238852178167904,0.04963267325203615,0.03693173950546419,0.0372271261091006,0.9419706303383749,0.985,0.08499999999999996,0.3123927579993872,0.3148913306911067,0.3216002529408265,0.32417246881034295,-1.3320625978439402,0.03154163535156231,0.013748224985849267,0.01668711192547132,0.06337161764244212,0.53,2000.0,96.0,0.41652080621125814,0.4433129473141312,0.9395638199467526,8.415490399999726,4.000003173132427e-07,9.281297200000154,25.10403110000061,FON,Selected + Bagging,6,30,3000.0,,
final_models,0.06653587821290174,0.06807740873801865,0.04514486150305863,0.046200265184715136,0.8957101407125183,0.9870000000000001,0.08700000000000002,0.08700000000000002,0.30646773256180626,0.31364617122459915,0.3127204115016501,0.31999683531847894,-1.3492380704370903,0.03517529941014455,0.06642504319714634,0.06744868622368498,0.043847064845906905,0.044522769971615105,0.9004727723789098,0.9753333333333334,0.07533333333333336,0.29587737658861313,0.3004369944477475,0.3081725017179474,0.312921593584072,-1.3529878800923305,0.03505302578620257,0.06664671322865713,0.06870613125235234,0.04644265816021035,0.04787776039781517,0.890947509046127,0.9986666666666667,0.09866666666666668,0.3170580885349994,0.3268553480014507,0.3172683212853527,0.3270720770528859,-1.3454882607818501,0.03529757303408653,0.023792298230082578,0.02157200831608119,0.20807335826657933,0.722,2000.0,94.0,0.41894062973581764,0.4433129473141312,0.9450223194993032,8.732425299999704,2.999995558639057e-07,9.345683099999405,25.402020499999708,FON,Selected + Bagging,7,30,3000.0,,
final_models,0.07494519908011672,0.07614747580635206,0.04584438464265661,0.04657980043556256,0.8587231130447428,0.9595,0.0595,0.0595,0.31689680848529533,0.32193731896293387,0.36378489743936726,0.36958113703523227,-1.2582814681053789,0.03822015516424095,0.08472846850389039,0.0856635349127369,0.05183292767113223,0.0524049577147913,0.8254915469783024,0.9606666666666667,0.06066666666666665,0.3657625499505027,0.36979911853378894,0.4181553559285331,0.4227701333924982,-1.0915597405857598,0.04398209550169043,0.06516192965634306,0.06663141669996721,0.039855841614181,0.040754643156333835,0.8919546791111833,0.9583333333333334,0.05833333333333335,0.268031067020088,0.27407551939207875,0.30941443895020143,0.31639214067796634,-1.425003195624998,0.032458214826791475,0.012947474294034646,0.034192666230990446,0.1479332094192997,0.432,2000.0,95.0,0.4051804666152968,0.4433129473141312,0.913982930273571,7.677916699999514,6.000000212225132e-07,8.773132700000133,18.932915900000808,FON,Selected + Bagging,8,30,3000.0,,
final_models,0.08148362906647275,0.08407665021898691,0.05702316153036843,0.058836329628129846,0.8407080602889894,0.9336666666666666,0.043333333333333335,0.043333333333333335,0.2751077121002542,0.28536967724111073,0.3541618285874185,0.36560307304903594,-1.1829736633353363,0.04163290506077636,0.08036404406951457,0.08482505714150336,0.0561772953760822,0.059295700527581346,0.8426579019983897,0.977,0.07699999999999996,0.33583580395679435,0.35447807026929123,0.35660927819604726,0.3764046813523268,-1.2138703174911634,0.041717134774058064,0.08260321406343092,0.08332824329647047,0.05786902768465467,0.05837695872867834,0.8387582185795889,0.8903333333333333,0.009666666666666712,0.21437962024371401,0.2162612842129302,0.3517143789787898,0.35480146474574503,-1.1520770091795092,0.04154867534749466,0.037587638605317386,0.035634921144821544,0.12193224317163216,0.2665,2000.0,96.0,0.38895238498412443,0.4433129473141312,0.8773765515755075,7.675443599999198,6.999998731771484e-07,8.601446499999838,18.970826700000543,FON,Selected + Bagging,9,30,3000.0,,
final_models,0.06567521219429655,0.06699889900464738,0.042513531949891055,0.04335753485981573,0.8994854246532045,0.9598333333333333,0.059833333333333294,0.059833333333333294,0.3030085292377087,0.30873410952854063,0.35725882890098537,0.3642519248469479,-1.3218025723753037,0.035129445697748334,0.0586117954054148,0.05955968807317843,0.0415172324657807,0.042188665237425774,0.9176767048313392,1.0,0.09999999999999998,0.37653186570444713,0.3826212849452649,0.37653186570444713,0.3826212849452649,-1.2474450265178834,0.03547816016900714,0.0727386289831783,0.07443810993611633,0.04350983143400141,0.044526404482205684,0.8812941444750698,0.9196666666666666,0.01966666666666661,0.22948519277097026,0.23484693411181637,0.3379857920975236,0.345882564748631,-1.3961601182327241,0.034780731226489524,0.016933101482214705,0.018015711100584884,0.11611254805069542,0.5555,2000.0,96.0,0.41702427435291467,0.4433129473141312,0.9406995145947563,8.813414999999623,5.000001692678779e-07,9.238612199999807,25.424040500000046,FON,Selected + Bagging,10,30,3000.0,,
final_models,0.06052812662134684,0.06212958079961749,0.04210838807069703,0.043207441526244644,0.9019294484905502,0.9746666666666667,0.07466666666666666,0.07466666666666666,0.30799922551221226,0.3148800716441857,0.33263712752379765,0.34031687715312475,-1.3272928511373894,0.0345937065963348,0.04370314025023395,0.04414732323007699,0.03158398081299554,0.031904989020472035,0.9537131043574048,0.988,0.08799999999999997,0.3218500248367069,0.32512119258977834,0.3281074846836406,0.33144225100526215,-1.3345079260772328,0.03017751336354614,0.07735311299245971,0.08011183836915799,0.05263279532839851,0.054509894032017246,0.8501457926236957,0.9613333333333334,0.06133333333333335,0.2941484261877176,0.30463895069859304,0.3371667703639547,0.3491915033009874,-1.3200777761975457,0.03900989982912347,0.020061101305086954,0.02575874904323657,0.14657296404201242,0.571,2000.0,96.0,0.4119705624276835,0.4433129473141312,0.9292996401813463,7.606976600000053,3.9999940781854093e-07,8.578552099999797,18.15396310000051,FON,Selected + Bagging,11,30,3000.0,,
final_models,0.04679557262669713,0.048210986472632084,0.03192643674577322,0.03286659411757499,0.9473876380280445,1.0,0.09999999999999998,0.09999999999999998,0.38399707031782976,0.3944798793667586,0.38399707031782976,0.3944798793667586,-1.2351577539226746,0.03313674135752994,0.0419978262481311,0.04265767611340264,0.030588406743970238,0.03106899723809797,0.9611803196212794,1.0,0.09999999999999998,0.4304808445343761,0.4372443547596375,0.4304808445343761,0.4372443547596375,-1.092428030373934,0.03542051580898164,0.05159331900526316,0.053764296831861534,0.033264466747576216,0.03466419099705201,0.9335949564348096,1.0,0.09999999999999998,0.33751329610128344,0.3517154039738797,0.33751329610128344,0.3517154039738797,-1.3778874774714154,0.030852966906078246,0.005820661010740478,0.008915247790545767,0.032318556292145285,0.8375,2000.0,96.0,0.42897575738922433,0.4433129473141312,0.9676589866983624,7.122892700000193,3.0000046535860747e-07,8.640102000000297,18.172149799999715,FON,Selected + Bagging,12,30,3000.0,,
final_models,0.09892906558984566,0.10056942313440911,0.06925599241942243,0.07040372177720632,0.7182159274724456,0.9268333333333334,0.037166666666666626,0.037166666666666626,0.3474541311399205,0.35325853402984836,0.4681987563149983,0.47599112326297177,-1.019917808197242,0.05280696209482601,0.14459726633942788,0.14696132584601057,0.10265318473811563,0.10433148919991277,0.5044585209913888,0.8896666666666667,0.010333333333333306,0.40751399293889917,0.41417654855603797,0.6167821381470748,0.6268660748222967,-0.6405499070168164,0.07492105402474672,0.05326086484026343,0.05417752042280766,0.035858800100729234,0.03647595435449986,0.9319733339535025,0.964,0.06399999999999995,0.2873942693409419,0.29234051950365875,0.31961537448292177,0.3251161717036468,-1.3992857093776678,0.030692870164905288,0.12080652380996527,0.10730836053493992,0.2866042788712084,0.0,2000.0,95.0,0.2873052156181901,0.4433129473141312,0.6480866786278584,11.818748799999412,4.000003173132427e-07,8.638263599999846,22.653566099999807,FON,Selected + Bagging,13,30,3000.0,,
final_models,0.07953113755588237,0.0800815654794836,0.05384144731122935,0.054230180349969105,0.8525095944810587,0.9564999999999999,0.05649999999999994,0.05649999999999994,0.2947096687146165,0.2966768285803419,0.3322164330079419,0.33442186128490703,-1.2562029436160396,0.04056561669921334,0.08249527157561522,0.08338915451747443,0.059807880907508194,0.060455933135361836,0.8432100222676338,0.969,0.06899999999999995,0.2878637446903332,0.29098291123217007,0.32152699712603916,0.3250109240540782,-1.250747103459629,0.04223255053208684,0.07656700353614954,0.07677397644149277,0.04787501371495051,0.048004427564576374,0.8618091666944836,0.944,0.04399999999999993,0.3015555927388998,0.3023707459285137,0.3429058688898446,0.34383279851573584,-1.26165878377245,0.03889868286633984,0.03431054394556902,0.051383324705256306,0.31597422074851245,0.4355,2000.0,96.0,0.39458579892446505,0.4433129473141312,0.8900840846499614,7.349587200000315,6.000000212225132e-07,8.782602099999167,18.88456490000044,FON,Selected + Bagging,14,30,3000.0,,
final_models,0.0553757307734344,0.057589268709573704,0.03647415638860989,0.03793056116588376,0.9176842338052397,0.9693333333333334,0.0693333333333333,0.0693333333333333,0.2972939746498515,0.3087218495761287,0.3264452763637652,0.33909635151940315,-1.3843087607042106,0.032527420454019004,0.07288252076945044,0.07594490499467661,0.04747720956988873,0.04947211117468514,0.8698602813138512,0.9403333333333334,0.04033333333333333,0.23883659475603822,0.24887205198866189,0.29657681997544433,0.30903841111515745,-1.4501321138868435,0.03522837907693779,0.037868940777418356,0.03923363242447079,0.02547110320733104,0.026389011157082382,0.9655081862966282,0.9983333333333333,0.09833333333333327,0.35575135454366485,0.36857164716359553,0.3563137327520861,0.36915429192364885,-1.3184854075215775,0.029826461831100222,0.008234571169204369,0.014191832868848554,0.0668651206780435,0.7025,2000.0,96.0,0.4220191219304912,0.4433129473141312,0.9519666061783141,9.434814999999617,1.9999970390927047e-07,9.384147900000244,26.11698350000006,FON,Selected + Bagging,15,30,3000.0,,
final_models,0.066359979485459,0.06695591055399129,0.043249214126877406,0.04364045965520284,0.8928740692990351,0.9821666666666666,0.08216666666666661,0.08216666666666661,0.3063580650771186,0.3092215451925172,0.31426484196229865,0.31718504658086344,-1.3541814193431143,0.034928135909776656,0.06523112292151523,0.06623636704147333,0.04296513575359233,0.04362724991237304,0.8929569884405115,0.9803333333333333,0.08033333333333326,0.3189079951952552,0.3238225263671832,0.324421640443824,0.3294211396374175,-1.2911976155662288,0.03596338522058077,0.06748883604940278,0.06767545406650925,0.043533292500162475,0.04365366939803265,0.8927911501575587,0.984,0.08399999999999996,0.29380813495898195,0.29462056401785114,0.3041080434807733,0.30494895352430945,-1.4171652231199998,0.03389288659897255,0.02429799723462056,0.021727917593637548,0.18166777276296184,0.578,2000.0,96.0,0.4163627123617719,0.4433129473141312,0.9392072008801459,8.449956599999496,4.000003173132427e-07,9.184462100000019,25.04344900000069,FON,Selected + Bagging,16,30,3000.0,,
final_models,0.06283742213305821,0.06486045363307297,0.04256218069273586,0.043937175436635646,0.9074327384584762,0.96,0.05999999999999994,0.05999999999999994,0.2641336413503699,0.27253793561542355,0.29611143161702713,0.30565537150625344,-1.3951613756896442,0.033205915312384635,0.06621226724098864,0.06800080299309502,0.04398654586526853,0.04517471707839682,0.8972908901704867,0.9803333333333333,0.08033333333333326,0.2964706038856671,0.3044789125661141,0.3100568598544475,0.3184321625308709,-1.3777940037598349,0.034497624073458584,0.059462577025127784,0.0617201042730509,0.041137815520203194,0.04269963379487447,0.9175745867464655,0.9396666666666667,0.03966666666666663,0.23179667881507263,0.240596958664733,0.28216600337960673,0.2928785804816359,-1.4125287476194535,0.03191420655131069,0.014709625824738387,0.016713856213057637,0.1607506075634563,0.7265,2000.0,96.0,0.42075204752609713,0.4433129473141312,0.949108412182249,8.653764200000296,3.0000046535860747e-07,9.183929599999828,25.225686800000403,FON,Selected + Bagging,17,30,3000.0,,
final_models,0.07106505344283555,0.07205661463637258,0.045015459783083106,0.04562823446166296,0.8729572221033532,0.9156666666666666,0.015666666666666662,0.015666666666666662,0.21690670206269563,0.2202313930472397,0.31596349664363277,0.3207260615589927,-1.3870411344386313,0.03501463495291127,0.08503681872768168,0.08573241252761084,0.055997751712129624,0.05645580846311965,0.8252240411870948,0.903,0.0030000000000000027,0.218049727429503,0.21983335528324383,0.3288234646581147,0.33151321207234796,-1.3187401283768225,0.040810734555017436,0.057093288157989426,0.05838081674513432,0.03403316785403659,0.03480066046020628,0.9206904030196118,0.9283333333333333,0.02833333333333332,0.2157636766958883,0.22062943081123557,0.30310352862915085,0.3099389110456374,-1.4553421405004399,0.029218535350805104,0.03169180552572615,0.02108617498669951,0.1505149732377778,0.238,2000.0,96.0,0.4073212207007308,0.4433129473141312,0.9188119209412229,8.420013500000096,3.9999940781854093e-07,9.170427899999595,24.89727210000001,FON,Selected + Bagging,18,30,3000.0,,
final_models,0.06688132622857156,0.06793252760681409,0.040493647129879254,0.0411334900458121,0.8932053220136451,0.9590000000000001,0.059,0.059,0.27013877399442915,0.2747477581718971,0.3233290133838346,0.32849462545055297,-1.3922080742649667,0.03351096518409296,0.07441527049883782,0.07515252022424093,0.04453774958450986,0.04497899562757524,0.8690355195887257,0.929,0.029000000000000026,0.24511458454229282,0.2475429928371861,0.34696533208618635,0.3504027998813069,-1.360693711109639,0.03528383468981263,0.059347381958305294,0.06071253498938724,0.03644954467524865,0.03728798446404895,0.9173751244385646,0.989,0.08899999999999997,0.29516296344656545,0.3019525235066081,0.29969269468148274,0.306586451019799,-1.4237224374202946,0.03173809567837329,0.014491197066861689,0.022686417471591468,0.08840997438518516,0.528,2000.0,96.0,0.41221199936908365,0.4433129473141312,0.9298442598295257,9.042925600000672,4.000003173132427e-07,9.43179710000004,26.025083900000027,FON,Selected + Bagging,19,30,3000.0,,
final_models,0.049204871366926785,0.049617139603799584,0.030959896681097363,0.031219081222852114,0.94100030144674,0.8125,0.08750000000000002,0.08750000000000002,0.10844779419131809,0.10935991958954044,0.2426722686386697,0.2447016118598814,-1.353108839648737,0.03086715208896777,0.045124838801972454,0.045495063291918575,0.02973731599088783,0.029981294317179646,0.9481488342734647,0.744,0.15600000000000003,0.07779124269479862,0.07842947706667848,0.2468761120986348,0.24890159485066635,-1.4401106565887576,0.028302184793448773,0.053284903931881115,0.0537392159156806,0.032182477371306896,0.03245686812852459,0.9338517686200152,0.881,0.019000000000000017,0.13910434568783756,0.1402903621124024,0.2384684251787046,0.24050162886909646,-1.2661070227087166,0.033432119384486765,0.011305254160037954,0.01454375213453105,0.04175553256264677,0.6045,2000.0,96.0,0.41948595269434397,0.4433129473141312,0.9462524278501397,9.060702000000674,7.8016114000001835,9.375689099999363,33.60549100000026,FON,Selected + Bagging + Split CP,0,30,3000.0,,
final_models,0.05126419491965915,0.05329976310741745,0.03725215004498746,0.038665767203279404,0.9368005266610175,0.9508333333333333,0.050833333333333286,0.050833333333333286,0.18878435193043297,0.19570320929419005,0.22270386195575215,0.2310486004907557,-1.2870284402775836,0.032917935714951115,0.055216906693847725,0.05635193823689946,0.04328418175914087,0.04417392576244418,0.9283546769225482,0.957,0.05699999999999994,0.23115909700577106,0.23591077329976634,0.2638857975812934,0.2693101996702917,-1.2373988657606474,0.03486978494015254,0.047311483145470574,0.05024758797793543,0.03122011833083405,0.03315760864411463,0.9452463763994867,0.9446666666666667,0.04466666666666663,0.1464096068550949,0.15549564528861373,0.1815219263302109,0.19278700131121973,-1.33665801479452,0.03096608648974969,0.011566781272309362,0.011972313792677183,0.02949744176328405,0.701,2000.0,96.0,0.4210246534194894,0.4433129473141312,0.9497233409702379,9.494699500000024,8.251646900000196,9.33849310000005,34.43233330000021,FON,Selected + Bagging + Split CP,1,30,3000.0,,
final_models,0.0892999239368591,0.09079362211101727,0.06146077836763177,0.0625027156957234,0.7715321325752534,0.8226666666666667,0.07733333333333331,0.07733333333333331,0.20385725490606144,0.20718721099380713,0.411723812893543,0.41856060890754865,-1.0783974404323153,0.04817739533528744,0.12669911765748618,0.12927140275921328,0.08945986170621599,0.09127610379001294,0.6096584684271114,0.797,0.10299999999999998,0.2762436469535016,0.2818520318471218,0.5760268142240107,0.5877214907128347,-0.7813988253927413,0.06569835540056217,0.05190073021623202,0.05231584146282126,0.033461695029047556,0.033729327601433844,0.9334057967233955,0.8483333333333334,0.05166666666666664,0.13147086285862122,0.13252239014049244,0.24742081156307524,0.24939972710226258,-1.3753960554718894,0.030656435270012716,0.06357585459733035,0.08538159909104837,0.28087607606461273,0.0705,2000.0,96.0,0.33900836768248777,0.4433129473141312,0.764715692910954,9.482488999999987,6.88640260000011,8.770664700000452,27.322565999999824,FON,Selected + Bagging + Split CP,2,30,3000.0,,
final_models,0.06521547323730348,0.06746799242951622,0.0420725239817139,0.043538492658869395,0.8917502123718366,0.8006666666666666,0.09933333333333333,0.09933333333333333,0.12041869754492701,0.1244530960093751,0.3300288081020114,0.34137350163285146,-1.3170796104663998,0.035297903431358316,0.08561015279395831,0.08897480577669059,0.057076777010594895,0.05932001033918903,0.8287041146945892,0.757,0.14300000000000002,0.1400638002052575,0.14556859219257767,0.42538966340398215,0.4421083416574883,-1.2470487107499333,0.04157717924651153,0.04482079368064864,0.04596117908234185,0.027068270952832905,0.027756974978549755,0.9547963100490839,0.8443333333333334,0.05566666666666664,0.10077359488459654,0.10333759982617251,0.2346679528000406,0.24063866160821462,-1.3871105101828662,0.029018627616205096,0.022278841085695816,0.036855441589371395,0.1620150008318013,0.415,2000.0,96.0,0.40032952735655325,0.4433129473141312,0.9030404588476345,7.415650799999639,6.050497999999607,8.593282299999373,23.98693800000001,FON,Selected + Bagging + Split CP,3,30,3000.0,,
final_models,0.12557400744536212,0.1294425378039542,0.08248394942215323,0.08486204741624813,0.610765377446652,0.6205,0.2795,0.2795,0.14883228904461882,0.1533370871055464,0.8144451493414813,0.8387959847812705,-0.8047301364409488,0.06224342935068049,0.13798314889599286,0.1447852760466482,0.08269217000665995,0.08676862904712503,0.5390660254152368,0.6843333333333333,0.21566666666666667,0.1596287579765194,0.1674979443035826,0.8588811874071144,0.9012212781413295,-0.7648705499020639,0.0652301093836088,0.11316486599473141,0.11409979956126018,0.08227572883764651,0.08295546578537123,0.6824647294780672,0.5566666666666666,0.3433333333333334,0.13803582011271825,0.1391762299075102,0.7700091112758483,0.7763706914212115,-0.8445897229798337,0.059256749317752176,0.16484202512704985,0.08963219080025459,0.3125387973833062,0.0,2000.0,96.0,0.25926334947111584,0.4433129473141312,0.5848314402755695,10.197268399999302,7.304138700000294,8.82312660000025,29.01604370000041,FON,Selected + Bagging + Split CP,4,30,3000.0,,
final_models,0.05026797457062712,0.05261170418329636,0.03485150794697145,0.036474517451587876,0.9396262140700047,0.8118333333333334,0.09349999999999997,0.09349999999999997,0.12382080705015426,0.12937686858634956,0.24421900640470956,0.25577527426556657,-1.387414344079263,0.030784796803120223,0.048809762037734856,0.05133777900659251,0.033455893959263565,0.035188683960819686,0.9435540010783744,0.7183333333333334,0.18166666666666664,0.07701693073429472,0.08100588908314119,0.2709057905838762,0.2849368861468576,-1.433839019725706,0.029478069043526595,0.05172618710351938,0.053885629360000215,0.036247121934679334,0.03776035094235607,0.9356984270616349,0.9053333333333333,0.005333333333333301,0.1706246833660138,0.17774784808955793,0.21753222222554291,0.2266136623842755,-1.3409896684328197,0.03209152456271385,0.012710519590380947,0.012892941241254072,0.08271867229152446,0.718,2000.0,96.0,0.4217079183041545,0.4433129473141312,0.9512646108311864,8.477193499999885,7.637121899999329,9.3318491,32.9924189000003,FON,Selected + Bagging + Split CP,5,30,3000.0,,
final_models,0.047873717443677175,0.048273780798483795,0.03394109395551132,0.03422398094013622,0.9452991710462333,0.8321666666666667,0.16016666666666662,0.16016666666666662,0.22317793770346397,0.22498616702171903,0.32265292935282586,0.3253287499580294,-1.414731988253854,0.02952700523989707,0.04650756239454955,0.04691385986963708,0.030949522955933065,0.031219902919636194,0.9486301167178983,0.672,0.22799999999999998,0.06290827196065864,0.06345784864762624,0.2579608987705708,0.2602144862829122,-1.4974029044196475,0.027512131473546426,0.0492398724928048,0.049633701727330504,0.03693266495508958,0.03722805896063625,0.9419682253745681,0.9923333333333333,0.09233333333333327,0.3834476034462693,0.38651448539581185,0.38734495993508083,0.3904430136331466,-1.3320610720880603,0.03154187900624771,0.015320387434063837,0.015482036604386141,0.038930591074965104,0.4345,2000.0,96.0,0.41569406828486344,0.4433129473141312,0.9376989118013855,8.307727599999453,7.4628660000007585,9.285769099999925,32.49915090000013,FON,Selected + Bagging + Split CP,6,30,3000.0,,
final_models,0.06653607363849157,0.06807761165959927,0.04514489858898973,0.04620030595848286,0.8957094752138317,0.7808333333333334,0.11916666666666664,0.11916666666666664,0.1258945998124814,0.1289874827615109,0.31429931106217324,0.32115213756517663,-1.3492249618494174,0.035175554201698406,0.06642485504521525,0.06744849517223885,0.043846736652394164,0.04452243672047673,0.9004733362088347,0.7083333333333334,0.19166666666666665,0.10294699321397019,0.10453345769535315,0.3691648200710133,0.37485383396578065,-1.3529739726277472,0.035053179656043106,0.0666472922317679,0.06870672814695969,0.04644306052558529,0.047878175196488994,0.8909456142188288,0.8533333333333334,0.046666666666666634,0.14884220641099266,0.15344150782766863,0.2594338020533332,0.2674504411645726,-1.3454759510710879,0.0352979287473537,0.00741892084637637,0.0099670556059612,0.041241464286773735,0.786,2000.0,96.0,0.4267325349629353,0.4433129473141312,0.9625988538060685,9.057166999999936,7.669958899999983,9.261117699999886,33.50917820000086,FON,Selected + Bagging + Split CP,7,30,3000.0,,
final_models,0.07494519908011672,0.07614747580635206,0.04584438464265661,0.04657980043556256,0.8587231130447428,0.849,0.05399999999999999,0.05399999999999999,0.15172339098423648,0.1542952450803924,0.3652137335149104,0.37087878210511355,-1.2582814681053789,0.03822015516424095,0.08472846850389039,0.0856635349127369,0.05183292767113223,0.0524049577147913,0.8254915469783024,0.795,0.10499999999999998,0.14757917381252483,0.1492078628531048,0.4465373283892713,0.4514653303164358,-1.0915597405857598,0.04398209550169043,0.06516192965634306,0.06663141669996721,0.039855841614181,0.040754643156333835,0.8919546791111833,0.903,0.0030000000000000027,0.1558676081559481,0.15938262730768002,0.2838901386405494,0.2902922338937913,-1.425003195624998,0.032458214826791475,0.0141010632970966,0.04047576451608491,0.1503293089240216,0.4265,2000.0,96.0,0.4002528047099463,0.4433129473141312,0.9028673922880593,7.654835100000128,6.568170900000041,8.710501300000033,25.32291730000088,FON,Selected + Bagging + Split CP,8,30,3000.0,,
final_models,0.08148362906647275,0.08407665021898691,0.05702316153036843,0.058836329628129846,0.8407080602889894,0.8251666666666666,0.1205,0.1205,0.19660237778272072,0.20444949119812753,0.37121442458004145,0.381789887802245,-1.1829736633353363,0.04163290506077636,0.08036404406951457,0.08482505714150336,0.0561772953760822,0.059295700527581346,0.8426579019983897,0.9456666666666667,0.04566666666666663,0.26197803175153983,0.27652044854687435,0.3131513233146782,0.33053437269941294,-1.2138703174911634,0.041717134774058064,0.08260321406343092,0.08332824329647047,0.05786902768465467,0.05837695872867834,0.8387582185795889,0.7046666666666667,0.19533333333333336,0.13122672381390163,0.1323785338493807,0.4292775258454047,0.43304540290507704,-1.1520770091795092,0.04154867534749466,0.017025846419485,0.03005869015263189,0.09544764246768819,0.424,2000.0,96.0,0.4065713558444122,0.4433129473141312,0.917120418672092,7.69950340000014,6.577801499999623,8.779165699999794,25.771587900000668,FON,Selected + Bagging + Split CP,9,30,3000.0,,
final_models,0.06567454914629195,0.06699822536379993,0.04251312873169852,0.043357126368459245,0.8994872789660383,0.849,0.14966666666666667,0.14966666666666667,0.18243437592952622,0.18567135900961868,0.3694836174915929,0.3770900918862504,-1.321802309638517,0.03512933406302465,0.05861043309429709,0.05955830373023742,0.041516079014134635,0.04218749313171272,0.9176805316595784,0.9986666666666667,0.09866666666666668,0.28517171640253824,0.2897836239061695,0.2853851103868689,0.2900004689807064,-1.2474468485019863,0.03547779083280969,0.07273866519828683,0.07443814699736243,0.043510178449262395,0.044526759605205773,0.8812940262724982,0.6993333333333334,0.20066666666666666,0.07969703545651417,0.08155909411306783,0.4535821245963169,0.4641797147917944,-1.3961577707750479,0.03478087729323962,0.01798104531617409,0.022683395832647817,0.06171992287746097,0.378,2000.0,96.0,0.4080793463415002,0.4433129473141312,0.920522057415605,8.679991099999825,8.317356999999902,9.691687799999272,34.10895909999999,FON,Selected + Bagging + Split CP,10,30,3000.0,,
final_models,0.06052812662134684,0.06212958079961749,0.04210838807069703,0.043207441526244644,0.9019294484905502,0.8283333333333334,0.07166666666666671,0.07166666666666671,0.13497241661657922,0.13840824117295072,0.27321037912921803,0.28020964753872135,-1.3272928511373894,0.0345937065963348,0.04370314025023395,0.04414732323007699,0.03158398081299554,0.031904989020472035,0.9537131043574048,0.818,0.08200000000000007,0.10806403067164382,0.10916235456513847,0.21525304008501522,0.21744079447103382,-1.3345079260772328,0.03017751336354614,0.07735311299245971,0.08011183836915799,0.05263279532839851,0.054509894032017246,0.8501457926236957,0.8386666666666667,0.06133333333333335,0.16188080256151463,0.16765412778076297,0.33116771817342083,0.34297850060640883,-1.3200777761975457,0.03900989982912347,0.03269757306905593,0.045960652541256704,0.19674492918320674,0.196,2000.0,96.0,0.3893160456215094,0.4433129473141312,0.8781968764489123,8.053360099999736,6.414619700000003,8.904548200000136,25.33929259999968,FON,Selected + Bagging + Split CP,11,30,3000.0,,
final_models,0.04679557262669713,0.048210986472632084,0.03192643674577322,0.03286659411757499,0.9473876380280445,0.8661666666666666,0.13283333333333336,0.13283333333333336,0.20284164455612697,0.20705631131361196,0.2891030026666397,0.29694443101712376,-1.2351577539226746,0.03313674135752994,0.0419978262481311,0.04265767611340264,0.030588406743970238,0.03106899723809797,0.9611803196212794,0.999,0.09899999999999998,0.32772902991790526,0.33287815251675706,0.3279566564279873,0.33310935538627073,-1.092428030373934,0.03542051580898164,0.05159331900526316,0.053764296831861534,0.033264466747576216,0.03466419099705201,0.9335949564348096,0.7333333333333333,0.16666666666666674,0.07795425919434867,0.08123447011046689,0.2502493489052921,0.2607795066479767,-1.3778874774714154,0.030852966906078246,0.007874374471058064,0.012352750036376566,0.04470482488611237,0.7615,2000.0,96.0,0.42407088259603487,0.4433129473141312,0.9565948505776034,7.53950900000018,6.272853299999952,9.142176199999994,25.385434400000122,FON,Selected + Bagging + Split CP,12,30,3000.0,,
final_models,0.09892906558984566,0.10056942313440911,0.06925599241942243,0.07040372177720632,0.7182159274724456,0.8251666666666666,0.08349999999999996,0.08349999999999996,0.20410897558394947,0.2075094179517349,0.5035858976587722,0.5119256513673536,-1.019917808197242,0.05280696209482601,0.14459726633942788,0.14696132584601057,0.10265318473811563,0.10433148919991277,0.5044585209913888,0.7416666666666667,0.15833333333333333,0.2609942153963391,0.26526127985537556,0.7599194735199365,0.7723436008986313,-0.6405499070168164,0.07492105402474672,0.05326086484026343,0.05417752042280766,0.035858800100729234,0.03647595435449986,0.9319733339535025,0.9086666666666666,0.0086666666666666,0.14722373577155984,0.1497575560480942,0.2472523217976079,0.25150770183607585,-1.3992857093776678,0.030692870164905288,0.05457153720885327,0.09504928058142707,0.33383429348629406,0.015,2000.0,96.0,0.3395397271208251,0.4433129473141312,0.7659143031513168,12.269651800000247,7.9743398000000525,8.942213899999842,31.506050299999515,FON,Selected + Bagging + Split CP,13,30,3000.0,,
final_models,0.07953113755588237,0.0800815654794836,0.05384144731122935,0.054230180349969105,0.8525095944810587,0.5431666666666666,0.3568333333333334,0.3568333333333334,0.07981975107920461,0.08038281211075698,0.5664579587928835,0.5704576669986474,-1.2562029436160396,0.04056561669921334,0.08249527157561522,0.08338915451747443,0.059807880907508194,0.060455933135361836,0.8432100222676338,0.47,0.43000000000000005,0.08541026141009267,0.08633572991605713,0.6070728944769868,0.6136508727595442,-1.250747103459629,0.04223255053208684,0.07656700353614954,0.07677397644149277,0.04787501371495051,0.048004427564576374,0.8618091666944836,0.6163333333333333,0.28366666666666673,0.07422924074831656,0.07442989430545685,0.5258430231087803,0.5272644612377506,-1.26165878377245,0.03889868286633984,0.019839379917281345,0.017577677596638745,0.06120958616185599,0.428,2000.0,96.0,0.4129823621768066,0.4433129473141312,0.9315820002054578,7.62557089999973,6.585026300000209,8.849460100000215,25.853580500000135,FON,Selected + Bagging + Split CP,14,30,3000.0,,
final_models,0.055376339872092145,0.057589900690863796,0.0364749581645603,0.03793139375757129,0.9176828514789456,0.8821666666666668,0.04883333333333334,0.04883333333333334,0.1569058066570171,0.16323437457128084,0.23614375671573318,0.2455289868040239,-1.384296562005055,0.03252779889667996,0.0728828325657809,0.07594522989209296,0.04747785227151645,0.049472780881406886,0.8698591678185134,0.931,0.031000000000000028,0.22542494181992676,0.23489686702934176,0.29268820620265984,0.3049864052237957,-1.45012074725425,0.035228694910618294,0.03786984717840339,0.03923457148963464,0.025472064057604143,0.026390006633735703,0.9655065351393778,0.8333333333333334,0.06666666666666665,0.0883866714941074,0.09157188211321991,0.1795993072288065,0.18607156838425212,-1.31847237675586,0.029826902882741625,0.009587189918669995,0.03389977725470959,0.17480607036972717,0.5165,2000.0,96.0,0.4072107765821762,0.4433129473141312,0.9185627874132637,8.809371699999247,8.128772399999434,9.481642699999611,33.97648720000052,FON,Selected + Bagging + Split CP,15,30,3000.0,,
final_models,0.06635993703616079,0.06695587067316722,0.04324919929250288,0.04364044596441598,0.8928741818828627,0.6488333333333334,0.2511666666666667,0.2511666666666667,0.08489660177487132,0.08573462172598559,0.40600497528967455,0.409598197832645,-1.3541872667960377,0.03492804093756016,0.0652315477192322,0.06623679838553487,0.042965323112439335,0.04362744015851327,0.8929555942662906,0.688,0.21200000000000008,0.09541333221079623,0.09688369922081862,0.39074509531255225,0.39676667200590476,-1.291194010507728,0.03596353793953247,0.06748832635308938,0.06767494296079955,0.04353307547256642,0.04365345177031868,0.8927927694994349,0.6096666666666667,0.29033333333333333,0.0743798713389464,0.07458554423115256,0.42126485526679686,0.42242972365938525,-1.4171805230843477,0.03389254393558786,0.00871306130843848,0.013480460516696923,0.06341618582346255,0.75,2000.0,96.0,0.42308265213654206,0.4433129473141312,0.9543656568094586,9.404547000000093,8.158870799999931,9.411382400000548,34.559094399999594,FON,Selected + Bagging + Split CP,16,30,3000.0,,
final_models,0.0628370365867097,0.06486005632769676,0.04256192350889394,0.043936909982628405,0.9074338940624666,0.7913333333333333,0.10866666666666669,0.10866666666666669,0.13220087567819455,0.1366436817078639,0.30517395777834677,0.3148986204434827,-1.3951602366220757,0.0332058303459493,0.06621174166040324,0.06800026321544755,0.04398627308122826,0.0451744369258729,0.8972925207353977,0.7333333333333333,0.16666666666666674,0.1052221293894383,0.1080644054232859,0.33988161617227025,0.3490625496659883,-1.3777905649582312,0.03449755228865966,0.05946233151301614,0.06171984943994596,0.041137573936559625,0.04269938303938392,0.9175752673895354,0.8493333333333334,0.05066666666666664,0.15917962196695082,0.16522295799244188,0.27046629938442335,0.28073469122097705,-1.4125299082859202,0.03191410840323894,0.011946180309783595,0.017503885140524214,0.0684606278288017,0.6015,2000.0,96.0,0.4182340830345992,0.4433129473141312,0.9434285318477186,8.824367500000335,7.957187099999828,9.450195000000349,33.68124660000012,FON,Selected + Bagging + Split CP,17,30,3000.0,,
final_models,0.07106504525656648,0.07205660631578006,0.04501548410771748,0.04562825930172354,0.872957249508908,0.5951666666666666,0.3048333333333334,0.3048333333333334,0.07010988271890971,0.07127598907519903,0.5256195724926268,0.5323596706350443,-1.3870408304197017,0.035014630046423856,0.08503681172938403,0.08573240547206772,0.055997756322151884,0.05645581311085149,0.8252240699542613,0.428,0.47200000000000003,0.0577485203743399,0.058220898261101044,0.7115957208217695,0.7174165120844912,-1.3187376113541585,0.04081075275179743,0.057093278783748945,0.058380807159492405,0.03403321189328309,0.03480070549259559,0.9206904290635546,0.7623333333333333,0.13766666666666671,0.08247124506347953,0.08433107988929701,0.33964342416348414,0.3473028291855974,-1.4553440494852452,0.029218507341050283,0.02650724759844651,0.035252646457821,0.14159365116123065,0.31,2000.0,96.0,0.40124076443095374,0.4433129473141312,0.9050959753398085,8.945697099999961,7.673876399999244,9.74732750000021,34.025591199999326,FON,Selected + Bagging + Split CP,18,30,3000.0,,
final_models,0.0694765321151119,0.07056968737697876,0.042507948290003206,0.04318550499077399,0.8848237382539061,0.7271666666666667,0.17283333333333334,0.17283333333333334,0.09779587094190713,0.09920928240172885,0.38955397296958966,0.39606332498281005,-1.3756218862557343,0.03463274041015818,0.07712505201092153,0.07788914818413427,0.04585433521818349,0.04630862498722593,0.8593238951941048,0.8256666666666667,0.07433333333333336,0.1277021430702406,0.12896731847417056,0.37439706071273093,0.3781063011462049,-1.3842177909540088,0.035975757360173936,0.06182801221930227,0.06325022656982325,0.039161561361822916,0.04006238499432205,0.9103235813137075,0.6286666666666667,0.2713333333333333,0.06788959881357365,0.06945124632928713,0.4047108852264484,0.41402034881941524,-1.36702598155746,0.033289723460142424,0.016855172152343993,0.03493810004161638,0.14830761941933818,0.299,2000.0,95.0,0.4021499719849921,0.4433129473141312,0.9071469137559879,10.153166699999929,8.65019570000004,9.794555099999343,36.58904150000035,FON,Selected + Bagging + Split CP,19,30,3000.0,,
final_models,0.0492050202076187,0.04961728967445922,0.03095999500635209,0.03121918032699304,0.9409999543322358,0.9808333333333333,0.08083333333333331,0.08083333333333331,0.2640257583882049,0.2662430403023421,0.27807402814550886,0.280406855923257,-1.3531079032013533,0.030867201534570163,0.045125081691433214,0.04549530817415381,0.029737685619297138,0.029981666978186806,0.9481482760826363,0.9676666666666667,0.06766666666666665,0.21033309677572815,0.2120587641806426,0.23664171593761527,0.23858323109664892,-1.440108177663115,0.028302286101366727,0.053284958723804184,0.05373927117476464,0.032182304393407045,0.03245669367579927,0.9338516325818353,0.994,0.09399999999999997,0.3177184200006817,0.3204273164240416,0.3195063403534025,0.3222304807498651,-1.2661076287395914,0.0334321169677736,0.015411498323623235,0.02002607651410656,0.0593128776902256,0.339,2000.0,96.0,0.4112799185124476,0.4433129473141312,0.9277417251251344,9.297312499999862,23.879018200000246,9.384195399999953,50.2123517,FON,Selected + Bagging + CV+,0,30,3000.0,,
final_models,0.051265237946478796,0.05330082909746619,0.03725276634243909,0.038666390882920856,0.9367978301970686,0.9811666666666667,0.08116666666666666,0.08116666666666666,0.31147905260743486,0.32586524965389324,0.32674648429688957,0.3414465166808651,-1.28699986139546,0.03291875623584709,0.055218919360036325,0.056353992275192125,0.0432856690980246,0.044175443674872306,0.9283494538575128,0.9623333333333334,0.06233333333333335,0.23824167238630625,0.24313893717745372,0.2687765357652157,0.27430147123139753,-1.237376695890773,0.03487068491053283,0.04731155653292127,0.05024766591974025,0.031219863586853584,0.0331573380909694,0.9452462065366245,1.0,0.09999999999999998,0.3847164328285635,0.40859156213033276,0.3847164328285635,0.40859156213033276,-1.3366230269001471,0.030966827561161352,0.027587632197975758,0.06209613166731523,0.2579102492592989,0.156,2000.0,96.0,0.37941301337778865,0.4433129473141312,0.8558581825224272,9.402559899999687,24.675767099999575,9.806688600000598,51.652599299999565,FON,Selected + Bagging + CV+,1,30,3000.0,,
,,,,,,,,,,,,,,,,,,,,,,,,,,,,,,,,,,,,,,,,,,,,,,,,,,,,,,FON,Selected + Bagging + CV+,2,30,,True,ModelFittingError('All attempts to fit the model have failed.')
final_models,0.06521547323730348,0.06746799242951622,0.0420725239817139,0.043538492658869395,0.8917502123718366,0.879,0.08099999999999996,0.08099999999999996,0.19257061012404192,0.19855343760928945,0.327525868977802,0.33861922103060915,-1.3170796104663998,0.035297903431358316,0.08561015279395831,0.08897480577669059,0.057076777010594895,0.05932001033918903,0.8287041146945892,0.798,0.10199999999999998,0.1563208803820401,0.16246460865813173,0.3983081695594832,0.4139624900695797,-1.2470487107499333,0.04157717924651153,0.04482079368064864,0.04596117908234185,0.027068270952832905,0.027756974978549755,0.9547963100490839,0.96,0.05999999999999994,0.22882033986604378,0.2346422665604472,0.2567435683961208,0.2632759519916386,-1.3871105101828662,0.029018627616205096,0.028481767456705553,0.04027619962797473,0.15735587344750449,0.35,2000.0,96.0,0.3956190210135496,0.4433129473141312,0.8924147679637291,7.455784599999788,42.11969139999928,20.58957079999982,74.05538379999962,FON,Selected + Bagging + CV+,3,30,3000.0,,
,,,,,,,,,,,,,,,,,,,,,,,,,,,,,,,,,,,,,,,,,,,,,,,,,,,,,,FON,Selected + Bagging + CV+,4,30,,True,ModelFittingError('All attempts to fit the model have failed.')
final_models,0.05026809479951104,0.05261183061714555,0.03485171768068744,0.036474737296435814,0.9396259356112114,0.9816666666666667,0.08166666666666667,0.08166666666666667,0.28280790463555294,0.2959239470817042,0.29237739841520194,0.3059726317320147,-1.3874036722927248,0.030785058747955694,0.0488099980993447,0.05133802729460401,0.033456163778205684,0.03518896775456594,0.9435534550906439,0.9723333333333334,0.07233333333333336,0.2607088181795632,0.2742117792425413,0.2765738759813425,0.29089854019673095,-1.4338298403025804,0.02947834050138307,0.051726191499677374,0.05388563393968709,0.03624727158316919,0.03776050683830569,0.935698416131779,0.991,0.09099999999999997,0.30490699109154273,0.3176361149208672,0.30818092084906146,0.32104672326729844,-1.340977504282869,0.03209177699452832,0.024833263211959264,0.031167883946801603,0.11611217173506491,0.2815,2000.0,96.0,0.3977989036371984,0.4433129473141312,0.8973320225506997,19.32282740000028,50.025143700000626,22.36225269999977,105.96613290000005,FON,Selected + Bagging + CV+,5,30,3000.0,,
final_models,0.04787361346198234,0.04827367602857999,0.03394093681263658,0.03422382253282471,0.9452994248557574,0.987,0.08699999999999997,0.08699999999999997,0.28612634296574646,0.28851096748212957,0.2942519101345772,0.296704098317532,-1.4147358651866426,0.029526900032522604,0.046507680161836575,0.046913978665757895,0.030949502412922963,0.03121988219715908,0.948629856558082,0.989,0.08899999999999997,0.260535564216057,0.2628116444159493,0.26751117935223695,0.2698481996373775,-1.4974067340154853,0.027512074825137723,0.0492395467621281,0.04963337339140207,0.0369323712123502,0.03722776286849034,0.9419689931534327,0.985,0.08499999999999996,0.311717121715436,0.31421029054830985,0.3209926409169175,0.3235599969976865,-1.3320649963577997,0.03154172523990749,0.017075001913584065,0.015678537204255178,0.0395952025984641,0.3875,2000.0,96.0,0.41432538879657177,0.4433129473141312,0.934611522866366,19.353103599999486,48.790636099999574,22.3809796000005,108.63226140000006,FON,Selected + Bagging + CV+,6,30,3000.0,,
final_models,0.06653597670055428,0.06807751067290482,0.045144859005670626,0.04620026501502707,0.8957098112118582,0.9586666666666667,0.058666666666666645,0.058666666666666645,0.24710873290515756,0.2526933176058936,0.2681433526478505,0.27420128733220356,-1.3492341566922985,0.03517538854427837,0.06642499104562721,0.06744863326848495,0.04384675434011666,0.04452245468077585,0.9004729286601505,0.9556666666666667,0.05566666666666664,0.26484191978171834,0.268923265781224,0.2876476587893409,0.2920804525949236,-1.3529848595918454,0.035053046252349215,0.06664696235548136,0.06870638807732471,0.04644296367122459,0.047878075349278286,0.8909466937635658,0.9616666666666667,0.06166666666666665,0.22937554602859678,0.2364633694305632,0.2486390465063601,0.2563221220694835,-1.3454834537927516,0.03529773083620752,0.007652503472607476,0.011073915178466115,0.033314686090828834,0.758,2000.0,96.0,0.42499121925484207,0.4433129473141312,0.9586708933920105,19.452091799999835,52.51330159999998,22.791119500000605,109.14148479999949,FON,Selected + Bagging + CV+,7,30,3000.0,,
final_models,0.07494519908011672,0.07614747580635206,0.04584438464265661,0.04657980043556256,0.8587231130447428,0.9245000000000001,0.024500000000000022,0.024500000000000022,0.22656478153053966,0.23026801456409174,0.3328701647507382,0.33819670031359783,-1.2582814681053789,0.03822015516424095,0.08472846850389039,0.0856635349127369,0.05183292767113223,0.0524049577147913,0.8254915469783024,0.912,0.01200000000000001,0.24421474125800102,0.24690990387722167,0.3786489209895235,0.3828277040244963,-1.0915597405857598,0.04398209550169043,0.06516192965634306,0.06663141669996721,0.039855841614181,0.040754643156333835,0.8919546791111833,0.937,0.03700000000000003,0.2089148218030783,0.21362612525096183,0.2870914085119529,0.29356569660269943,-1.425003195624998,0.032458214826791475,0.015632652896192187,0.04965099529072063,0.1622555423790211,0.426,2000.0,96.0,0.3950998833984295,0.4433129473141312,0.8912437270133932,17.095526099999915,42.97808359999999,20.886193500000445,86.03255580000041,FON,Selected + Bagging + CV+,8,30,3000.0,,
final_models,0.08148362906647275,0.08407665021898691,0.05702316153036843,0.058836329628129846,0.8407080602889894,0.8351666666666666,0.1418333333333333,0.1418333333333333,0.23239158707902519,0.24230555287896688,0.3972434381071131,0.4090834064210751,-1.1829736633353363,0.04163290506077636,0.08036404406951457,0.08482505714150336,0.0561772953760822,0.059295700527581346,0.8426579019983897,0.977,0.07699999999999996,0.33698834995642446,0.3556945941688634,0.3574902740228983,0.3773345813121822,-1.2138703174911634,0.041717134774058064,0.08260321406343092,0.08332824329647047,0.05786902768465467,0.05837695872867834,0.8387582185795889,0.6933333333333334,0.20666666666666667,0.12779482420162588,0.1289165115890704,0.4369966021913279,0.44083223152996803,-1.1520770091795092,0.04154867534749466,0.018001963127638295,0.029825506210088247,0.10678078456932387,0.397,2000.0,96.0,0.40562671680890755,0.4433129473141312,0.9149895559458268,17.57178930000009,45.531798200000594,20.824566100000084,88.85113920000003,FON,Selected + Bagging + CV+,9,30,3000.0,,
final_models,0.06567523224669415,0.06699892005180756,0.04251344323444166,0.04335744570522503,0.8994853259241637,0.9838333333333333,0.08383333333333332,0.08383333333333332,0.33032969287500646,0.3370863105707401,0.34342426116440755,0.3504849894937406,-1.321803914639422,0.03512943355832385,0.058611649057614325,0.059559539358584615,0.04151677816524138,0.04218820358976209,0.9176771159369213,0.996,0.09599999999999997,0.26732460812618586,0.2716478852788968,0.2678345405119302,0.2721660644887856,-1.2474475798404445,0.035478039470913575,0.07273881543577398,0.07443830074503051,0.043510108303641944,0.04452668782068798,0.8812935359114062,0.9716666666666667,0.07166666666666666,0.39333477762382707,0.40252473586258347,0.41901398181688493,0.42880391449869554,-1.3961602494383993,0.03478082764573411,0.028275267929816262,0.03433559564464299,0.11126672893854976,0.1995,2000.0,96.0,0.3899950293330112,0.4433129473141312,0.8797284890842165,21.04496840000047,54.70062869999947,22.187520200000108,112.44300489999932,FON,Selected + Bagging + CV+,10,30,3000.0,,
final_models,0.06052812662134684,0.06212958079961749,0.04210838807069703,0.043207441526244644,0.9019294484905502,0.9804999999999999,0.08049999999999996,0.08049999999999996,0.34984943503919447,0.3595339985119471,0.36183029399657035,0.37169631053244356,-1.3272928511373894,0.0345937065963348,0.04370314025023395,0.04414732323007699,0.03158398081299554,0.031904989020472035,0.9537131043574048,0.968,0.06799999999999995,0.21901487315620383,0.22124086145890814,0.23829557424452855,0.24071752465004376,-1.3345079260772328,0.03017751336354614,0.07735311299245971,0.08011183836915799,0.05263279532839851,0.054509894032017246,0.8501457926236957,0.993,0.09299999999999997,0.4806839969221851,0.49782713556498615,0.48536501374861213,0.5026750964148434,-1.3200777761975457,0.03900989982912347,0.04663395133414213,0.06615026072156534,0.23073668158666377,0.0635,2000.0,96.0,0.35988295086901717,0.4433129473141312,0.811803384152443,11.05119939999986,19.287775200000397,8.872894299999643,41.069342900000265,FON,Selected + Bagging + CV+,11,30,3000.0,,
final_models,0.04679557262669713,0.048210986472632084,0.03192643674577322,0.03286659411757499,0.9473876380280445,0.9981666666666666,0.09816666666666662,0.09816666666666662,0.30506120096563677,0.31370587173521036,0.3053932412677189,0.3140476387832379,-1.2351577539226746,0.03313674135752994,0.0419978262481311,0.04265767611340264,0.030588406743970238,0.03106899723809797,0.9611803196212794,0.9983333333333333,0.09833333333333327,0.3179637030707334,0.32295939750008024,0.3182856997711726,0.3232864532594847,-1.092428030373934,0.03542051580898164,0.05159331900526316,0.053764296831861534,0.033264466747576216,0.03466419099705201,0.9335949564348096,0.998,0.09799999999999998,0.29215869886054013,0.30445234597034054,0.29250078276426517,0.3048088243069911,-1.3778874774714154,0.030852966906078246,0.012998636447516027,0.01875994729195148,0.05750672251127984,0.5,2000.0,96.0,0.4130128382394503,0.4433129473141312,0.9316507463650912,7.466848800000662,19.035916499999985,8.934593399999358,38.41193889999977,FON,Selected + Bagging + CV+,12,30,3000.0,,
final_models,0.09892906558984566,0.10056942313440911,0.06925599241942243,0.07040372177720632,0.7182159274724456,0.9005,0.05349999999999999,0.05349999999999999,0.2963412453507438,0.3012901651180433,0.4657993522958935,0.4735392898686819,-1.019917808197242,0.05280696209482601,0.14459726633942788,0.14696132584601057,0.10265318473811563,0.10433148919991277,0.5044585209913888,0.847,0.05300000000000005,0.35131705949936076,0.35706083637260083,0.642632808444308,0.6531393846646252,-0.6405499070168164,0.07492105402474672,0.05326086484026343,0.05417752042280766,0.035858800100729234,0.03647595435449986,0.9319733339535025,0.954,0.05399999999999994,0.24136543120212678,0.2455194938634857,0.2889658961474789,0.2939391950727385,-1.3992857093776678,0.030692870164905288,0.04717476284642619,0.08787340076383864,0.31001601698171916,0.024,2000.0,96.0,0.3471123204364469,0.4433129473141312,0.7829961261873555,11.514756800000214,23.794516799999656,8.822354099999757,46.33513360000052,FON,Selected + Bagging + CV+,13,30,3000.0,,
final_models,0.07953113755588237,0.0800815654794836,0.05384144731122935,0.054230180349969105,0.8525095944810587,0.9770000000000001,0.07700000000000001,0.07700000000000001,0.34573301888968144,0.347968606083064,0.3636365771368324,0.36602434266077016,-1.2562029436160396,0.04056561669921334,0.08249527157561522,0.08338915451747443,0.059807880907508194,0.060455933135361836,0.8432100222676338,0.9756666666666667,0.07566666666666666,0.3199583134484357,0.32342524280129503,0.3454814237966028,0.34922491049060017,-1.250747103459629,0.04223255053208684,0.07656700353614954,0.07677397644149277,0.04787501371495051,0.048004427564576374,0.8618091666944836,0.9783333333333334,0.07833333333333337,0.3715077243309272,0.372511969364833,0.38179173047706194,0.38282377483094016,-1.26165878377245,0.03889868286633984,0.02691177780392928,0.022611705962417565,0.07081255950058643,0.082,2000.0,96.0,0.4006687041615996,0.4433129473141312,0.9038055544919203,7.727596700000504,19.946404000000257,9.142494599999736,40.0279443999998,FON,Selected + Bagging + CV+,14,30,3000.0,,
final_models,0.05537653808583577,0.057590105306509175,0.03647495011757025,0.03793138499836152,0.9176827072013234,0.9591666666666667,0.059166666666666645,0.059166666666666645,0.23546440367978155,0.2446170954443469,0.2715578643504254,0.2822178776355585,-1.3842999074168778,0.0325277375509301,0.07288258471781905,0.07594497163003346,0.04747771107829313,0.049472633755514174,0.8698600529401261,0.929,0.029000000000000026,0.22311416752505386,0.2324889984150907,0.2922056439263106,0.30448356660289666,-1.4501218455185216,0.0352286190718488,0.03787049145385249,0.039235238982984894,0.025472189156847375,0.026390136241208867,0.9655053614625208,0.9893333333333333,0.08933333333333326,0.24781463983450924,0.2567451924736031,0.25091008477454024,0.2599521886682203,-1.318477969315234,0.029826856030011405,0.011115150190202728,0.03303116549296763,0.1693207695255706,0.5655,2000.0,96.0,0.4068779775009568,0.4433129473141312,0.9178120782737383,9.16237749999982,24.047499700000117,9.368466999999328,50.11709519999931,FON,Selected + Bagging + CV+,15,30,3000.0,,
final_models,0.06635954824933027,0.06695547476285219,0.04324893151593481,0.04364017465878668,0.8928754672559389,0.9586666666666667,0.058666666666666645,0.058666666666666645,0.2909311051822953,0.2932649571546673,0.3161137538994302,0.3188150940235394,-1.354185658625776,0.03492798393709837,0.0652305910935941,0.06623582701781883,0.04296488206204531,0.04362699231131282,0.892958733872069,0.9243333333333333,0.024333333333333318,0.24188825663878247,0.24561587524755013,0.28899717117796014,0.2934507616421425,-1.2911886204949845,0.03596344846477814,0.06748850540506643,0.06767512250788553,0.04353298096982432,0.04365335700626055,0.8927922006398087,0.993,0.09299999999999997,0.3399739537258082,0.3409140390617845,0.3432303366209002,0.3441794264049363,-1.4171826967565675,0.0338925194094186,0.00918834766323158,0.023444484149544465,0.12420529130522918,0.6455,2000.0,96.0,0.4145191437918687,0.4433129473141312,0.9350485843067556,9.08734530000038,23.367285399999673,9.507690800000091,51.357181299999866,FON,Selected + Bagging + CV+,16,30,3000.0,,
final_models,0.06283769194752198,0.06486073016664227,0.04256237532309499,0.04393737522037839,0.9074318842244561,0.8961666666666667,0.03149999999999997,0.03149999999999997,0.18746519283946178,0.19344223019667978,0.2658809113815326,0.27452686842221785,-1.3951619572663079,0.03320598658219684,0.06621291079479866,0.06800146393067764,0.04398695411577396,0.0451751363566265,0.8972888935869853,0.9276666666666666,0.027666666666666617,0.2081871948692145,0.21381077878606042,0.26445727895279236,0.2716008388703273,-1.3777872791777241,0.03449792503348704,0.059462473100245286,0.06171999640260691,0.041137796530416014,0.04269961408413028,0.9175748748619269,0.8646666666666667,0.03533333333333333,0.1667431908097091,0.17307368160729916,0.2673045438102728,0.2774528979741084,-1.4125366353548914,0.03191404813090665,0.016225308211615348,0.026741758350005917,0.114511012299065,0.4895,2000.0,96.0,0.4100411249731886,0.4433129473141312,0.9249473254876739,9.134453100000428,23.218550700000378,9.423503099999834,49.24633929999982,FON,Selected + Bagging + CV+,17,30,3000.0,,
final_models,0.07106489290990567,0.07205645146572134,0.04501524152506965,0.04562801266651492,0.8729577591892881,0.7651666666666667,0.13483333333333336,0.13483333333333336,0.12320431958782285,0.12515090170907242,0.38597808901720987,0.3912882211524697,-1.3870539107884245,0.035014492661457994,0.08503668199681652,0.08573227467829905,0.05599755898627687,0.056455614160786136,0.8252246032318477,0.6743333333333333,0.22566666666666668,0.11576283996993492,0.116709769958028,0.47235210984237913,0.4762159091225709,-1.318752980837519,0.04081057227270351,0.05709310382299483,0.05838062825314364,0.03403292406386244,0.034800411172243716,0.9206909151467286,0.856,0.04400000000000004,0.1306457992057108,0.13359203346011683,0.2996040681920406,0.3063605331823685,-1.4553548407393304,0.02921841305021247,0.020627987495219352,0.022273703203910814,0.11444405506799746,0.4785,2000.0,96.0,0.41178411095898215,0.4433129473141312,0.9288790536186696,8.977011800000582,23.126737999999932,9.556509099999857,49.02482650000002,FON,Selected + Bagging + CV+,18,30,3000.0,,
final_models,0.0694790935115471,0.0705722909596209,0.042509727323217256,0.04318731438292704,0.8848153532116805,0.978,0.07799999999999996,0.07799999999999996,0.32567037198859417,0.3311188918324548,0.3483405181214313,0.3540179652062092,-1.3755951452572364,0.03463384693858711,0.0771276075359883,0.07789172902739368,0.04585594855215181,0.04631025430487633,0.8593145724835516,0.9596666666666667,0.059666666666666646,0.3119838727331687,0.31507477091792124,0.3566630639207324,0.36019660944404136,-1.384187375283777,0.035976936015066484,0.06183057948710592,0.06325285289184814,0.03916350609428271,0.04006437446097776,0.9103161339398093,0.9963333333333333,0.09633333333333327,0.3393568712440197,0.3471630127469883,0.34001797232213016,0.3478393209683771,-1.3670029152306957,0.03329075786210772,0.029455627385707544,0.06159725218693885,0.21465006199563957,0.1335,2000.0,96.0,0.376476060667026,0.4433129473141312,0.849233172518659,9.080626900000425,24.525737099999787,9.627497299999959,52.31144369999947,FON,Selected + Bagging + CV+,19,30,3000.0,,
