GD,IGD,Hausdorff,Recall,HV_pred,HV_gt,HV_ratio,n_pf_gt,n_pareto_x,pareto_X,seed,n_train
0.011960821911490824,0.007747907178624127,0.04207787644968118,0.9195402298850575,0.42747763246185627,0.42372280465869916,1.0088615192783232,87,183,"[[-6.20949037e-01 -6.65677639e-01 -4.56181478e-01 -4.49382292e-01]
 [-6.41085753e-01 -7.32327014e-01 -5.50813215e-01 -4.52899685e-01]
 [-5.93933308e-01 -6.40285425e-01 -5.20805769e-01 -5.76065842e-01]
 [-5.60491264e-01 -7.45429946e-01 -5.87527998e-01 -5.14630200e-01]
 [-5.09429043e-01 -6.71815865e-01 -4.72822111e-01 -6.06833963e-01]
 [-5.89680614e-01 -7.18196822e-01 -6.42446788e-01 -4.92628234e-01]
 [-5.39749758e-01 -6.15274247e-01 -3.76620851e-01 -5.18106390e-01]
 [-4.94177397e-01 -6.29211653e-01 -3.77794271e-01 -5.39996311e-01]
 [-5.50164059e-01 -5.78170521e-01 -5.70097964e-01 -3.93816235e-01]
 [-4.63967547e-01 -5.91468871e-01 -4.75948805e-01 -5.85065128e-01]
 [-4.38416766e-01 -6.20771864e-01 -5.32410508e-01 -4.59799696e-01]
 [-5.06868770e-01 -5.04556380e-01 -4.94431622e-01 -4.85207705e-01]
 [-4.88918256e-01 -5.45937020e-01 -4.03059760e-01 -4.27045390e-01]
 [-5.11464179e-01 -4.91054172e-01 -3.51788511e-01 -4.80951246e-01]
 [-5.31146053e-01 -4.57759842e-01 -3.97751261e-01 -4.33326550e-01]
 [-4.69724648e-01 -5.13069218e-01 -3.47460136e-01 -4.71240718e-01]
 [-3.65798676e-01 -5.73352320e-01 -3.85709986e-01 -3.96623721e-01]
 [-5.32174909e-01 -3.95804452e-01 -4.22443107e-01 -3.68124189e-01]
 [-3.96916144e-01 -5.25444619e-01 -4.91751408e-01 -3.01849704e-01]
 [-4.68665285e-01 -5.74772742e-01 -3.16483993e-01 -2.82961210e-01]
 [-4.56405915e-01 -4.36453631e-01 -4.59362360e-01 -3.09954274e-01]
 [-4.92260518e-01 -4.66272710e-01 -2.64453020e-01 -4.15951977e-01]
 [-4.23384693e-01 -3.86633055e-01 -4.34894724e-01 -4.34783272e-01]
 [-3.89272513e-01 -4.47367504e-01 -4.00932269e-01 -3.73518633e-01]
 [-4.11934890e-01 -4.15533312e-01 -3.14583521e-01 -4.79432534e-01]
 [-3.00532589e-01 -4.84372303e-01 -4.17088371e-01 -4.04633386e-01]
 [-4.86633290e-01 -3.50676531e-01 -4.25661234e-01 -3.14984290e-01]
 [-4.57181981e-01 -4.68707766e-01 -3.78657380e-01 -2.21196368e-01]
 [-3.11565522e-01 -5.28822901e-01 -3.06084657e-01 -3.77914499e-01]
 [-4.44357183e-01 -4.02853642e-01 -2.90116109e-01 -3.54138032e-01]
 [-3.45367158e-01 -4.69100982e-01 -2.39906006e-01 -4.18217948e-01]
 [-3.17567835e-01 -4.92749838e-01 -3.11859341e-01 -3.22070321e-01]
 [-3.79645098e-01 -3.59846544e-01 -2.88702749e-01 -3.95629024e-01]
 [-2.62361128e-01 -4.19969426e-01 -3.87457870e-01 -3.40897780e-01]
 [-2.76963789e-01 -5.05175237e-01 -2.37913683e-01 -3.51019304e-01]
 [-4.04050454e-01 -3.84200864e-01 -2.97023982e-01 -2.40576969e-01]
 [-3.42473391e-01 -4.07895030e-01 -2.05509614e-01 -3.58448673e-01]
 [-2.74360284e-01 -3.87101866e-01 -3.63002377e-01 -2.60573409e-01]
 [-3.06526359e-01 -3.33612006e-01 -2.71688385e-01 -3.64488060e-01]
 [-3.95617198e-01 -3.93703002e-01 -1.16840120e-01 -3.36648189e-01]
 [-3.74644123e-01 -3.67512478e-01 -1.79636054e-01 -2.66489772e-01]
 [-2.78768163e-01 -3.25504461e-01 -2.15593811e-01 -3.91303146e-01]
 [-3.47019151e-01 -3.12928140e-01 -2.64672359e-01 -2.28297181e-01]
 [-2.83583926e-01 -2.62337558e-01 -2.45225556e-01 -3.32022637e-01]
 [-3.32937287e-01 -2.77153319e-01 -1.08754409e-01 -3.79307844e-01]
 [-4.13258838e-01 -2.59451546e-01 -1.80227289e-01 -1.71355063e-01]
 [-1.77599419e-01 -3.63098638e-01 -1.51246689e-01 -3.36255549e-01]
 [-2.91569469e-01 -2.32295424e-01 -1.29814217e-01 -3.71406229e-01]
 [-3.59542260e-01 -2.42372524e-01 -1.54164242e-01 -2.19402522e-01]
 [-2.46174993e-01 -2.17280434e-01 -2.66632687e-01 -2.00943138e-01]
 [-2.98102409e-01 -3.27955022e-01 -7.97981117e-02 -2.14721113e-01]
 [-2.33789094e-01 -3.49847680e-01 -1.28735885e-01 -1.92053679e-01]
 [-3.11312379e-01 -2.02845583e-01 -1.20701328e-01 -2.92565910e-01]
 [-2.19661796e-01 -2.24959496e-01 -1.66003922e-01 -3.01635804e-01]
 [-2.46354977e-01 -2.86435125e-01 -4.05031163e-02 -3.24752275e-01]
 [-1.57734349e-01 -3.29804309e-01 -9.92099810e-02 -2.65216114e-01]
 [-2.68539598e-01 -2.00396463e-01 -2.41131423e-01 -9.46978591e-02]
 [-2.75447721e-01 -2.93244667e-01 -1.33885551e-01 -7.74695631e-02]
 [-2.94840798e-01 -1.37479888e-01 -2.04299213e-01 -1.59866361e-01]
 [-1.74465390e-01 -2.68346786e-01 -2.02383965e-01 -1.32532896e-01]
 [-1.81968493e-01 -2.37997316e-01 -1.72667759e-01 -1.64165080e-01]
 [-3.06347806e-01 -1.70591809e-01 -4.51849177e-02 -2.38722058e-01]
 [-1.06763741e-01 -2.52108511e-01 -1.46115938e-01 -2.26342643e-01]
 [-1.63080422e-01 -2.97490695e-01 -4.71595768e-02 -2.03556953e-01]
 [-1.69969337e-01 -2.04946639e-01 -7.78540000e-02 -2.49868099e-01]
 [-1.91564055e-01 -2.55513621e-01 -8.93421974e-02 -7.82558862e-02]
 [-2.05928717e-01 -1.21889167e-01 -1.00423839e-01 -1.90605089e-01]
 [-1.93876177e-01 -9.25010759e-02 -1.50034515e-01 -1.45425636e-01]
 [-2.38087051e-01 -1.61295172e-01 -3.25820595e-03 -1.84335234e-01]
 [-2.60155236e-01 -1.91579100e-01  5.89271560e-02 -1.65568482e-01]
 [-2.88781730e-01 -5.33702280e-02 -1.05589338e-01 -7.11075757e-02]
 [-1.66248905e-01 -2.77162712e-01  5.37867285e-03 -7.69196320e-02]
 [-8.55120756e-02 -1.19015194e-01 -3.63937821e-02 -3.12164137e-01]
 [-5.50571084e-02 -1.48083964e-01 -1.62612639e-01 -1.36188602e-01]
 [-4.22475506e-02 -2.07832651e-01 -1.18755940e-02 -2.53263032e-01]
 [-1.11297702e-01 -1.88706582e-01 -2.06075031e-02 -1.55935373e-01]
 [-1.41703676e-01 -1.40803188e-01 -1.01928752e-01 -5.91471847e-02]
 [-6.70868289e-02 -5.73057234e-02 -1.40558627e-01 -1.79220447e-01]
 [-1.84366275e-01 -9.63338185e-02  5.48437871e-02 -2.16597326e-01]
 [-6.46251626e-02 -1.67719329e-01  6.87290542e-03 -1.89776467e-01]
 [-2.32209438e-01 -5.97066674e-02 -6.35279194e-02 -3.71972099e-04]
 [-2.49079671e-01 -1.39020497e-01  5.33351190e-02 -3.36584877e-02]
 [-7.70824552e-02 -1.25791337e-01 -4.95713633e-02 -9.07058399e-02]
 [-1.09364968e-01 -8.71181116e-02 -8.52099974e-02 -3.42346318e-02]
 [-1.28576383e-02 -1.05656732e-01 -5.90489935e-02 -1.59534745e-01]
 [-1.39769023e-01 -7.96325319e-03 -4.12422828e-02 -1.25194414e-01]
 [-2.16908708e-01 -8.55767634e-02  8.11725333e-02 -9.14030708e-02]
 [-9.69198421e-02 -1.11589691e-01  9.62302554e-02 -1.85285002e-01]
 [-6.15218002e-02 -6.54445589e-03  4.53062672e-02 -2.48673765e-01]
 [-4.90578543e-02 -4.46871947e-02 -2.70371605e-02 -9.38164461e-02]
 [-8.99973195e-02 -5.05053513e-02  6.76988494e-02 -1.23989606e-01]
 [-1.28769735e-01 -3.45093161e-02  3.11891958e-02 -2.98148412e-02]
 [-3.22066993e-02 -1.55008910e-01  1.05711641e-01 -6.44825604e-02]
 [ 3.08019016e-02 -1.11943757e-01  1.42664701e-01 -2.13792976e-01]
 [-5.14041372e-02 -1.84397679e-01  1.43831376e-01 -2.12410782e-02]
 [-6.42066915e-02  2.35293843e-02  8.84715300e-02 -1.39832186e-01]
 [-7.45107234e-03 -6.31770436e-02 -5.90780005e-03  4.11318652e-02]
 [-8.38886183e-02  5.70680965e-02  1.62046008e-01 -2.11882187e-01]
 [ 8.86908732e-02 -1.49519555e-02 -1.97910126e-02 -7.86179099e-02]
 [-9.34839100e-02  1.25065437e-01  2.41820794e-02 -5.03684524e-02]
 [-4.16491311e-02 -3.59938089e-02  2.04177383e-01 -1.65419968e-01]
 [-1.23694714e-01  8.78111664e-02  1.22317078e-01 -7.46930167e-02]
 [-3.45791262e-02  4.40527797e-02  4.85166777e-02 -1.50275137e-02]
 [ 5.15355878e-02 -1.68238711e-02  7.29727987e-02 -7.65666384e-02]
 [-7.34431092e-02  5.13617229e-02  9.46183279e-02  6.29902817e-03]
 [ 7.37506561e-02  1.52045246e-02  6.08134624e-02 -6.24504518e-02]
 [-5.38986642e-02  1.50917377e-02  2.02001560e-01 -8.65662191e-02]
 [-2.24220455e-02  6.29241057e-02  4.30194661e-02  6.77959397e-02]
 [ 2.17444394e-02  1.20509174e-01  1.11980578e-01 -1.21994242e-01]
 [ 3.18460017e-02 -5.01189195e-02  1.77544679e-01 -2.50280481e-02]
 [-7.96323642e-03  7.66869858e-02  2.27544911e-01 -1.52254716e-01]
 [ 1.44963227e-01  3.07007153e-02  9.85382348e-02 -9.32766702e-02]
 [ 3.50087360e-02  2.15673521e-02  1.08429339e-01  5.36007453e-02]
 [-3.14249452e-02 -8.16230848e-03  2.29889022e-01  3.13747171e-02]
 [ 9.36156660e-02  4.48984951e-02  1.88670248e-01 -1.01762967e-01]
 [ 7.10454471e-02 -4.18333020e-02  2.23158812e-01  1.62999053e-02]
 [ 3.42340786e-02  1.25933951e-01  2.26927560e-01 -8.27793460e-02]
 [ 1.25155423e-01  5.96622713e-02  1.51916763e-01 -8.07339884e-03]
 [ 1.25975264e-01  1.67942280e-01  2.81056520e-02  1.03894746e-01]
 [-3.49107310e-02  1.83583153e-01  1.78687813e-01  1.06706047e-01]
 [-2.45879684e-02  5.78437131e-02  3.10865361e-01  5.11861611e-02]
 [ 8.38617794e-03  1.14802897e-01  1.79351008e-01  1.58603348e-01]
 [ 1.77451229e-01  7.85335600e-02  1.31053951e-01  6.47410043e-02]
 [ 7.35563692e-02  1.49844445e-01  1.80733820e-01  9.16290898e-02]
 [ 1.27673540e-02  1.76496519e-01  2.74252664e-01  5.47291990e-02]
 [ 1.15470298e-01  2.70993192e-01  2.14123564e-01 -5.51424045e-02]
 [ 1.45165132e-01  1.34342533e-01  2.22353429e-01  6.01994637e-02]
 [ 1.13544133e-01  2.11440792e-01  1.55070284e-01  1.54878560e-01]
 [ 1.52013404e-01  9.77947488e-02  3.65940150e-01 -4.54311818e-02]
 [ 7.69915003e-02  8.62034317e-02  2.71851357e-01  1.95030224e-01]
 [ 1.39800839e-01  2.03785941e-01  2.64257619e-01  2.67526470e-02]
 [ 1.96683127e-01  2.47459671e-01  1.71258762e-01  1.23763584e-01]
 [ 2.38241086e-01  1.22681743e-01  2.89020425e-01  3.86566669e-02]
 [ 1.89047597e-01  2.77446745e-01  2.03781513e-01  7.91920181e-02]
 [ 8.60651731e-02  2.82411244e-01  2.92759763e-01  8.27396754e-02]
 [ 1.67665936e-01  1.95686983e-01  1.91804554e-01  2.48934116e-01]
 [ 2.26058688e-01  1.96446506e-01  3.43583927e-01 -1.80247463e-02]
 [ 2.05957739e-01  1.60500595e-01  3.14908618e-01  8.64030104e-02]
 [ 5.75815998e-02  2.69730859e-01  3.13473402e-01  2.07926778e-01]
 [ 1.70787936e-01  1.55969070e-01  4.80765229e-01 -6.52158074e-03]
 [ 3.74673121e-02  2.10085457e-01  4.37966874e-01  1.68461230e-01]
 [ 2.66030362e-01  3.26796470e-01  2.66204376e-01  6.19191825e-02]
 [ 2.23643728e-01  2.54721042e-01  2.75749154e-01  1.76369315e-01]
 [ 2.12968485e-01  3.17530306e-01  3.10077835e-01  1.17028475e-01]
 [ 2.32361320e-01  2.24279303e-01  3.49302536e-01  1.51575081e-01]
 [ 1.78996429e-01  2.34646320e-01  3.71691464e-01  2.57616406e-01]
 [ 2.88627774e-01  2.32591279e-01  3.21035301e-01  2.06571840e-01]
 [ 2.43811183e-01  1.95073606e-01  4.01217282e-01  2.00141672e-01]
 [ 1.80434151e-01  3.59506851e-01  3.34667556e-01  2.41718832e-01]
 [ 3.25848177e-01  3.06963865e-01  3.40305481e-01  1.21554168e-01]
 [ 2.33757133e-01  4.36236374e-01  4.13519634e-01  9.37434006e-02]
 [ 1.38221091e-01  3.86415567e-01  4.49492158e-01  2.18434116e-01]
 [ 1.91471841e-01  4.66001913e-01  3.74871779e-01  1.98691167e-01]
 [ 2.21165860e-01  3.49414008e-01  3.27637315e-01  3.54979569e-01]
 [ 2.89090751e-01  3.57703580e-01  3.46262962e-01  2.84966195e-01]
 [ 3.07760075e-01  2.94161310e-01  4.45526881e-01  1.67893553e-01]
 [ 3.62051258e-01  3.70756174e-01  3.70735131e-01  1.86724816e-01]
 [ 3.50479415e-01  3.37705981e-01  3.79725842e-01  2.27490507e-01]
 [ 3.20281954e-01  3.75204384e-01  4.70051857e-01  1.47571078e-01]
 [ 2.95288919e-01  4.06627893e-01  5.15808700e-01  1.79310001e-01]
 [ 2.78614184e-01  3.96346290e-01  4.92578411e-01  2.61620410e-01]
 [ 3.45335040e-01  3.05506798e-01  4.54143723e-01  3.03797457e-01]
 [ 4.59842650e-01  4.13398987e-01  3.41505209e-01  3.08904152e-01]
 [ 3.74614159e-01  4.07104358e-01  3.93861374e-01  3.86433791e-01]
 [ 3.76454363e-01  3.53287689e-01  4.18400493e-01  3.94692415e-01]
 [ 4.65998476e-01  5.50993985e-01  4.00486603e-01  2.49086490e-01]
 [ 4.43126425e-01  4.72791074e-01  4.91308127e-01  1.76220816e-01]
 [ 4.40160723e-01  3.80104199e-01  4.08953410e-01  3.55067506e-01]
 [ 4.05731563e-01  4.86133793e-01  4.82583132e-01  2.89588409e-01]
 [ 3.84999672e-01  3.71667888e-01  5.52865278e-01  3.01729649e-01]
 [ 5.47939684e-01  4.20511145e-01  4.41602053e-01  2.94952305e-01]
 [ 7.38160862e-01  7.03519862e-01  6.16842743e-01  5.55151576e-01]
 [ 4.91149209e-01  4.54694906e-01  5.30575335e-01  2.57843148e-01]
 [ 5.28983787e-01  5.41196486e-01  5.20235265e-01  2.56815407e-01]
 [ 4.17170404e-01  4.11546901e-01  5.81671938e-01  3.23329998e-01]
 [ 4.73890556e-01  5.20376792e-01  4.76669464e-01  4.72385716e-01]
 [ 6.11165550e-01  6.76213281e-01  5.95617825e-01  5.26452094e-01]
 [ 5.13678258e-01  4.83800003e-01  4.72578583e-01  4.81733356e-01]
 [ 4.54182614e-01  5.62973570e-01  5.83585747e-01  3.75151828e-01]
 [ 5.33917794e-01  6.05332680e-01  5.50172722e-01  4.43080517e-01]
 [ 6.39842924e-01  6.22476721e-01  5.92563316e-01  5.04429599e-01]
 [ 5.05133485e-01  4.94369430e-01  6.18869288e-01  3.25779496e-01]
 [ 6.04628518e-01  5.59827004e-01  6.25952557e-01  4.54522695e-01]]",0,30
0.0106535478380891,0.008570656936782479,0.025017492307648145,0.8390804597701149,0.4251678907814119,0.42372280465869916,1.003410451610867,87,152,"[[-0.49182406 -0.46203261 -0.55452261 -0.6249016 ]
 [-0.52543457 -0.35421113 -0.51901372 -0.63167187]
 [-0.4073554  -0.43039957 -0.4701283  -0.65251008]
 [-0.36482875 -0.43460775 -0.53281013 -0.59036949]
 [-0.4715804  -0.33229299 -0.48424082 -0.59725749]
 [-0.40450841 -0.4934448  -0.44403708 -0.59316971]
 [-0.3861778  -0.36335028 -0.53000526 -0.56551604]
 [-0.34353012 -0.3609672  -0.4670719  -0.62861983]
 [-0.44136843 -0.38842226 -0.38512917 -0.52780506]
 [-0.35790907 -0.40139886 -0.47653147 -0.46609204]
 [-0.42338469 -0.38663306 -0.43489472 -0.43478327]
 [-0.3912055  -0.3301526  -0.46175607 -0.4402782 ]
 [-0.3096373  -0.317037   -0.42723853 -0.50381325]
 [-0.33907259 -0.34433879 -0.37208328 -0.48968196]
 [-0.26823899 -0.3027545  -0.45176186 -0.47042722]
 [-0.32756179 -0.31537726 -0.37739662 -0.40884638]
 [-0.35984394 -0.25293536 -0.41179165 -0.34559954]
 [-0.26236113 -0.41996943 -0.38745787 -0.34089778]
 [-0.41356047 -0.23692451 -0.37596152 -0.29513702]
 [-0.3477914  -0.28262861 -0.33872822 -0.3028692 ]
 [-0.26369576 -0.23932531 -0.3262935  -0.40025503]
 [-0.27436028 -0.38710187 -0.36300238 -0.26057341]
 [-0.20325439 -0.21580782 -0.40280985 -0.3815082 ]
 [-0.29791629 -0.17664546 -0.35329852 -0.33844013]
 [-0.23790029 -0.34190159 -0.30776812 -0.31011089]
 [-0.28641303 -0.14701303 -0.39715651 -0.26302915]
 [-0.18165881 -0.25831768 -0.38353872 -0.29036412]
 [-0.23916508 -0.31153175 -0.35837657 -0.22110126]
 [-0.35514069 -0.15727552 -0.36030641 -0.19376724]
 [-0.2455401  -0.18691871 -0.31722254 -0.26770739]
 [-0.21336818 -0.10021045 -0.28255612 -0.35723294]
 [-0.13301557 -0.39263593 -0.31991268 -0.2173797 ]
 [-0.16277974 -0.1987938  -0.25803791 -0.32934163]
 [-0.24617499 -0.21728043 -0.26663269 -0.20094314]
 [-0.2196618  -0.2249595  -0.16600392 -0.3016358 ]
 [-0.16518722 -0.32417742 -0.28328203 -0.15768174]
 [-0.08569832 -0.3778644  -0.27852595 -0.18643238]
 [-0.12576209 -0.11274637 -0.30507416 -0.2355523 ]
 [-0.12317033 -0.18203737 -0.25709565 -0.23307771]
 [-0.2685396  -0.20039646 -0.24113142 -0.09469786]
 [-0.22076447 -0.06881693 -0.33137227 -0.11074798]
 [-0.17446539 -0.26834679 -0.20238397 -0.1325329 ]
 [-0.09924897 -0.22200139 -0.22893152 -0.19571701]
 [-0.18196849 -0.23799732 -0.17266776 -0.16416508]
 [-0.10676374 -0.25210851 -0.14611594 -0.22634264]
 [-0.09297062 -0.09723682 -0.34646432 -0.14186274]
 [-0.13837331 -0.33127693 -0.22743717 -0.06736297]
 [-0.19044485 -0.15581511 -0.30353116 -0.01419237]
 [-0.2114339  -0.19403713 -0.21482011 -0.03934323]
 [-0.19387618 -0.09250108 -0.15003452 -0.14542564]
 [-0.18732242 -0.04932007 -0.28099697 -0.04928933]
 [-0.24372024 -0.03056204 -0.18601349 -0.08559438]
 [-0.13013946 -0.17409773 -0.14754925 -0.10482257]
 [-0.16046396 -0.10521174 -0.23689546 -0.02023699]
 [-0.05505711 -0.14808396 -0.16261264 -0.1361886 ]
 [-0.06708683 -0.05730572 -0.14055863 -0.17922045]
 [-0.08858943 -0.15884174 -0.20088938 -0.01088885]
 [-0.14170368 -0.14080319 -0.10192875 -0.05914718]
 [-0.19926722 -0.11154423 -0.16000847  0.02896545]
 [-0.13165749  0.00183164 -0.19777992 -0.03730183]
 [-0.01873716 -0.23849663 -0.12321566 -0.03124598]
 [-0.03749745 -0.01529842 -0.22348221 -0.05453069]
 [-0.04972527 -0.18275234 -0.15328995  0.00216076]
 [-0.07708246 -0.12579134 -0.04957136 -0.09070584]
 [-0.10936497 -0.08711811 -0.08521    -0.03423463]
 [-0.14238671 -0.00665142 -0.23361078  0.09249143]
 [ 0.03712196 -0.15845722 -0.05972833 -0.1059022 ]
 [ 0.04333341 -0.02357369 -0.12501957 -0.1319191 ]
 [-0.04905785 -0.04468719 -0.02703716 -0.09381645]
 [-0.07639178 -0.02166136 -0.17732809  0.06130593]
 [ 0.00689938 -0.12082134 -0.08658963 -0.01915829]
 [ 0.03791944 -0.05140518 -0.18212425  0.01400242]
 [-0.03779098 -0.14970194 -0.09722588  0.08393052]
 [-0.04831435  0.00832328 -0.18888088  0.07746324]
 [ 0.0191582  -0.20233766 -0.03177828  0.0375927 ]
 [ 0.08791663 -0.15007979 -0.14362984  0.04946209]
 [ 0.03668671  0.01747155 -0.09445422 -0.03230775]
 [-0.08825741 -0.05105013 -0.0731291   0.10254462]
 [-0.03625802  0.04192347 -0.06066456  0.02400604]
 [-0.00745107 -0.06317704 -0.0059078   0.04113187]
 [ 0.00423348  0.09276974 -0.12736773  0.05943996]
 [ 0.0132882  -0.08517712 -0.0965007   0.15123488]
 [-0.07027819  0.03116522 -0.08316335  0.14919469]
 [ 0.04936924 -0.022261   -0.06742054  0.08746781]
 [ 0.075978    0.00817905 -0.0487876   0.03908288]
 [ 0.14279692  0.02393273 -0.1048268   0.07076165]
 [ 0.0479723   0.16154905 -0.02401765  0.02046873]
 [ 0.09042979 -0.00853825  0.02730027  0.06979137]
 [ 0.04600141  0.05995245 -0.08863635  0.1643911 ]
 [ 0.0972255  -0.07158467  0.05876323  0.12913173]
 [ 0.08181938  0.14102614 -0.11296857  0.14516719]
 [-0.02559816  0.10460951 -0.02517007  0.21469668]
 [ 0.06353198  0.03424827  0.00414284  0.17840733]
 [ 0.16912817  0.0873525  -0.07476521  0.13596258]
 [ 0.12313919  0.09656821  0.03506069  0.11521937]
 [ 0.12597526  0.16794228  0.02810565  0.10389475]
 [ 0.11216581  0.07185046 -0.0216583   0.22977137]
 [ 0.190657    0.06936349  0.01801386  0.14636059]
 [ 0.15525413  0.05072115  0.0923951   0.20971872]
 [ 0.10097878  0.15229286  0.05114863  0.27219427]
 [ 0.09386221  0.24504074  0.09544985  0.19665509]
 [ 0.10247646  0.27694357  0.0296019   0.2255388 ]
 [ 0.1874127   0.22855452  0.0577366   0.16521874]
 [ 0.31861175  0.13579539 -0.00402149  0.18398933]
 [ 0.1916505   0.03722536  0.07000705  0.32248841]
 [ 0.28939178  0.14596611  0.0887577   0.15869892]
 [ 0.26390906  0.04453835  0.10423672  0.25248541]
 [ 0.22085755  0.1552628   0.11713276  0.22869906]
 [ 0.16874337  0.16551002  0.14229484  0.28227803]
 [ 0.16766594  0.19568698  0.19180455  0.24893412]
 [ 0.18024654  0.13581629  0.10816421  0.36600855]
 [ 0.10896313  0.36968336  0.07379965  0.30574917]
 [ 0.13234034  0.19812133  0.0713899   0.42727103]
 [ 0.24544792  0.10149136  0.09420434  0.38423966]
 [ 0.23205982  0.2798787   0.09166763  0.27585474]
 [ 0.31997217  0.12013401  0.21205438  0.27180116]
 [ 0.22904851  0.12957823  0.2973109   0.31721336]
 [ 0.21832623  0.37898181  0.14352205  0.23213322]
 [ 0.29607296  0.2386531   0.01488722  0.37245208]
 [ 0.12090117  0.3368163   0.17665492  0.35822201]
 [ 0.30031871  0.30415936  0.14036489  0.25494307]
 [ 0.23539129  0.21635607  0.21616874  0.34577349]
 [ 0.28893752  0.27062065  0.11015685  0.33084208]
 [ 0.3080607   0.20902019  0.23465628  0.29163975]
 [ 0.19426776  0.37208416  0.13031693  0.38959643]
 [ 0.2742063   0.33294168  0.08503728  0.392106  ]
 [ 0.33753801  0.22173062  0.15185405  0.41693462]
 [ 0.35769595  0.31592766  0.19075483  0.31842339]
 [ 0.33891951  0.42975091  0.08753014  0.35763864]
 [ 0.26226823  0.36574818  0.16444074  0.44361764]
 [ 0.36501314  0.27611874  0.29539551  0.34454777]
 [ 0.3811947   0.2382073   0.1893214   0.44775393]
 [ 0.32306177  0.3391643   0.25941799  0.40977993]
 [ 0.39123635  0.38535026  0.24653797  0.33746225]
 [ 0.34775928  0.49403242  0.12351024  0.41939036]
 [ 0.44618852  0.31187107  0.28116182  0.37592596]
 [ 0.30274294  0.490482    0.28201929  0.40569233]
 [ 0.39564805  0.32389889  0.33107772  0.4413364 ]
 [ 0.45643803  0.35000402  0.23706794  0.41230527]
 [ 0.42159639  0.44864845  0.21452529  0.40113754]
 [ 0.42599175  0.39290682  0.30324397  0.43360201]
 [ 0.42905685  0.52685136  0.17839371  0.4547136 ]
 [ 0.52047516  0.3499577   0.25291331  0.53828295]
 [ 0.37832557  0.54773962  0.28162158  0.5206972 ]
 [ 0.52572703  0.45020052  0.27794086  0.43217488]
 [ 0.48545103  0.55342767  0.2728698   0.42626421]
 [ 0.41880592  0.56470766  0.33937748  0.49158322]
 [ 0.47847855  0.47522422  0.36955067  0.49913464]
 [ 0.56992069  0.43160382  0.32856149  0.49372485]
 [ 0.50264151  0.52840349  0.36094983  0.4862659 ]
 [ 0.55325744  0.55325897  0.22589653  0.55223996]
 [ 0.61014415  0.52662216  0.31893377  0.57873748]]",1,30
0.13792867974279133,0.08520940304881983,0.3442673602182591,0.0,0.2745321624096784,0.42372280465869916,0.6479050912309549,87,215,"[[-8.26559348e-01 -8.12523324e-01 -4.89601444e-01 -9.91158819e-01]
 [-7.89010452e-01 -8.44057459e-01 -5.04148327e-01 -9.59425028e-01]
 [-6.80419624e-01 -7.48406915e-01 -5.25577912e-01 -9.86759998e-01]
 [-7.04254661e-01 -7.16830818e-01 -4.79814431e-01 -9.55997044e-01]
 [-6.41963877e-01 -9.44185311e-01 -5.00247654e-01 -9.08397608e-01]
 [-6.82666976e-01 -7.60193603e-01 -4.99572895e-01 -8.72130398e-01]
 [-6.95188614e-01 -9.13563646e-01 -4.59951367e-01 -8.14450607e-01]
 [-6.37608593e-01 -6.66991748e-01 -4.13797652e-01 -8.92516848e-01]
 [-6.39997998e-01 -8.42596810e-01 -5.64558085e-01 -7.79850394e-01]
 [-5.55878105e-01 -8.57814595e-01 -4.78379088e-01 -8.42163647e-01]
 [-6.05512720e-01 -7.46021686e-01 -4.63625714e-01 -7.99634909e-01]
 [-5.13117608e-01 -8.07401439e-01 -5.82365988e-01 -8.10543006e-01]
 [-6.18464535e-01 -6.15930866e-01 -5.02718568e-01 -7.95540772e-01]
 [-6.63720880e-01 -6.96673498e-01 -3.74104530e-01 -7.55264642e-01]
 [-6.25804178e-01 -7.17483563e-01 -6.01761756e-01 -7.33248321e-01]
 [-5.97179106e-01 -8.70638546e-01 -4.85286871e-01 -6.90043487e-01]
 [-5.05479090e-01 -7.14582918e-01 -5.42624760e-01 -7.67893489e-01]
 [-5.09846250e-01 -8.39714762e-01 -5.01504591e-01 -7.20806474e-01]
 [-4.47839677e-01 -8.18140071e-01 -3.89815569e-01 -7.77286749e-01]
 [-4.61580876e-01 -9.15543843e-01 -5.02922274e-01 -7.11325264e-01]
 [-5.53411275e-01 -7.32434312e-01 -4.41358767e-01 -6.70080569e-01]
 [-4.23093349e-01 -8.84593356e-01 -4.87897631e-01 -7.43058976e-01]
 [-4.93878447e-01 -8.59857082e-01 -6.01064947e-01 -6.63613271e-01]
 [-5.60804565e-01 -7.65135469e-01 -4.33600927e-01 -6.26486992e-01]
 [-4.51102896e-01 -7.86010211e-01 -4.63829450e-01 -6.91485964e-01]
 [-3.38492291e-01 -9.50754417e-01 -5.20211013e-01 -7.45156348e-01]
 [-4.54370825e-01 -7.26360973e-01 -3.38330567e-01 -6.84079131e-01]
 [-5.09429043e-01 -6.71815865e-01 -4.72822111e-01 -6.06833963e-01]
 [-4.44022907e-01 -7.98390897e-01 -5.63130952e-01 -5.98412586e-01]
 [-3.62780223e-01 -7.39335814e-01 -5.14418621e-01 -6.67272791e-01]
 [-3.90794944e-01 -8.28280866e-01 -3.96579511e-01 -6.31881377e-01]
 [-4.13851826e-01 -7.35012183e-01 -4.51364210e-01 -6.05391605e-01]
 [-3.49830307e-01 -6.17492646e-01 -4.59761921e-01 -6.78927628e-01]
 [-3.19496263e-01 -6.57920618e-01 -4.25080478e-01 -6.96133960e-01]
 [-3.88831442e-01 -9.45441885e-01 -4.57289107e-01 -5.58258234e-01]
 [-3.49163245e-01 -8.87091357e-01 -5.50211994e-01 -5.54955417e-01]
 [-3.29947041e-01 -9.61670617e-01 -3.89531361e-01 -5.89694535e-01]
 [-3.16989452e-01 -8.33601505e-01 -5.84874542e-01 -5.69983028e-01]
 [-2.94003133e-01 -8.65040392e-01 -4.13620887e-01 -6.00740263e-01]
 [-3.60161996e-01 -7.51198327e-01 -4.79869140e-01 -5.35367858e-01]
 [-2.37459209e-01 -8.39966496e-01 -3.65150299e-01 -6.17546400e-01]
 [-3.05994689e-01 -8.35591266e-01 -3.36895462e-01 -5.47790458e-01]
 [-2.87101105e-01 -6.45209484e-01 -4.61419452e-01 -5.70816569e-01]
 [-2.61828505e-01 -9.18179173e-01 -4.39512791e-01 -5.24200179e-01]
 [-2.74755592e-01 -7.82641029e-01 -5.25419967e-01 -5.04603108e-01]
 [-2.98478473e-01 -6.78565295e-01 -2.88121989e-01 -5.30531596e-01]
 [-3.10637610e-01 -6.74500795e-01 -5.29363409e-01 -4.46574336e-01]
 [-1.74082173e-01 -7.30239348e-01 -4.31161258e-01 -5.65592786e-01]
 [-2.33901959e-01 -6.55475061e-01 -4.89672620e-01 -5.00205241e-01]
 [-2.16342730e-01 -8.76661861e-01 -5.40475516e-01 -4.54806974e-01]
 [-2.73402581e-01 -8.84974306e-01 -5.04274426e-01 -3.99448475e-01]
 [-1.75900387e-01 -9.08100629e-01 -4.61025359e-01 -4.85569935e-01]
 [-2.72377398e-01 -7.86152398e-01 -2.84300607e-01 -4.55809738e-01]
 [-1.96097139e-01 -7.62604401e-01 -4.85818816e-01 -4.50964577e-01]
 [-1.87741473e-01 -7.32012816e-01 -3.89190916e-01 -4.71092219e-01]
 [-9.88925006e-02 -7.75752900e-01 -4.03148379e-01 -5.12659062e-01]
 [-2.07423437e-01 -7.03113036e-01 -3.61325091e-01 -4.27377468e-01]
 [-1.24705547e-01 -8.93970441e-01 -3.72814106e-01 -4.43902388e-01]
 [-1.45556783e-01 -8.67306432e-01 -4.35137151e-01 -3.89490670e-01]
 [-1.15588941e-01 -7.15955798e-01 -5.36436656e-01 -4.08770621e-01]
 [-2.29921261e-01 -6.38732448e-01 -3.34136063e-01 -3.66142396e-01]
 [-1.98727950e-01 -7.42944632e-01 -5.20368297e-01 -3.15152619e-01]
 [-1.59090508e-01 -7.11490605e-01 -4.74357799e-01 -3.45911203e-01]
 [-1.35778647e-01 -9.68834348e-01 -4.99816893e-01 -2.99275501e-01]
 [-1.90007852e-01 -9.28257030e-01 -3.24547540e-01 -2.87772257e-01]
 [-8.30000937e-02 -9.85320453e-01 -4.11549222e-01 -3.30099812e-01]
 [-1.85805801e-01 -7.76870875e-01 -3.48858900e-01 -2.75746644e-01]
 [-1.15166020e-01 -7.90091828e-01 -4.38410632e-01 -2.94838753e-01]
 [-1.02803882e-01 -7.28611516e-01 -3.12911987e-01 -3.33503449e-01]
 [-1.37154097e-01 -8.76034776e-01 -4.16084936e-01 -2.31997209e-01]
 [-3.20951659e-02 -6.84105841e-01 -4.88228569e-01 -3.13817717e-01]
 [-1.73624245e-01 -6.52228262e-01 -3.27228488e-01 -2.28595493e-01]
 [-9.02032293e-03 -8.78909582e-01 -4.78041705e-01 -2.66703181e-01]
 [-1.19535347e-01 -6.65437290e-01 -4.79252087e-01 -2.16444159e-01]
 [-7.63619989e-02 -7.47840513e-01 -5.85245220e-01 -1.85780769e-01]
 [ 2.83352677e-02 -7.61231402e-01 -4.52167723e-01 -2.78787259e-01]
 [-1.29397919e-01 -5.94191255e-01 -4.58863374e-01 -1.89685747e-01]
 [-1.00387668e-01 -8.53990845e-01 -3.53776092e-01 -1.61896970e-01]
 [-5.76682128e-02 -7.79829336e-01 -2.87760446e-01 -2.25430930e-01]
 [-4.62222695e-02 -8.09461799e-01 -4.62759152e-01 -1.72915732e-01]
 [-5.07797748e-02 -7.49967491e-01 -3.37252624e-01 -1.96758427e-01]
 [-1.14986930e-01 -7.05307607e-01 -2.42794899e-01 -1.68601517e-01]
 [-8.93118996e-02 -6.09933501e-01 -3.89902366e-01 -1.58493333e-01]
 [-3.87196429e-02 -7.16428328e-01 -4.12292065e-01 -1.55016031e-01]
 [ 4.51005269e-02 -8.10763894e-01 -5.38403757e-01 -1.57231722e-01]
 [-3.17868087e-02 -8.20036905e-01 -1.98744748e-01 -1.87586725e-01]
 [ 1.38014741e-02 -8.21233647e-01 -3.49304182e-01 -1.45843688e-01]
 [ 8.19115508e-02 -8.08618527e-01 -2.90287344e-01 -2.09255220e-01]
 [ 3.88218276e-02 -6.09831264e-01 -3.74870509e-01 -1.92488689e-01]
 [ 7.74378795e-02 -7.49094149e-01 -4.15788135e-01 -1.70092944e-01]
 [-7.92553313e-02 -6.98193552e-01 -2.99251031e-01 -7.14435317e-02]
 [ 7.00420868e-02 -7.79718040e-01 -4.59191110e-01 -1.26466988e-01]
 [-2.41114292e-02 -6.52757151e-01 -3.76919089e-01 -9.17396229e-02]
 [-4.49019093e-02 -6.01555996e-01 -2.76381142e-01 -1.15085259e-01]
 [ 5.64181823e-02 -7.27045693e-01 -3.10079187e-01 -1.18866500e-01]
 [ 8.76322389e-02 -8.81253585e-01 -3.94948389e-01 -5.97054567e-02]
 [ 1.09731041e-01 -6.86407875e-01 -3.88781229e-01 -1.06813913e-01]
 [ 3.65555156e-02 -7.92397941e-01 -4.34570991e-01 -1.78521313e-03]
 [ 1.29783938e-01 -7.00787850e-01 -2.61786198e-01 -1.50008179e-01]
 [ 3.34640816e-02 -6.73107143e-01 -2.03782907e-01 -9.32379644e-02]
 [ 7.53891673e-02 -7.99737386e-01 -4.80765684e-01  8.55976902e-03]
 [ 2.21341848e-04 -4.70276672e-01 -3.01783226e-01 -7.53937513e-02]
 [ 9.76747014e-02 -6.52868954e-01 -3.60761866e-01 -5.72783891e-02]
 [ 1.63436383e-01 -8.27623822e-01 -4.17282360e-01 -3.39207388e-02]
 [ 6.74714297e-02 -5.67823904e-01 -2.70416517e-01 -6.76601753e-02]
 [ 1.06407799e-01 -8.73005917e-01 -2.64258893e-01 -2.05515698e-02]
 [ 2.42552366e-02 -5.48357587e-01 -3.35964117e-01 -6.19401596e-03]
 [ 1.17648123e-01 -9.46763260e-01 -3.65941726e-01  3.21500488e-02]
 [ 1.42645605e-01 -9.26691232e-01 -2.98556011e-01 -1.03303660e-02]
 [ 2.32889745e-02 -7.15034470e-01 -2.00254083e-01  2.09611356e-02]
 [ 1.83535114e-01 -6.37117052e-01 -2.92760277e-01 -8.87137372e-02]
 [ 1.20574236e-02 -6.29934955e-01 -2.81396708e-01  5.05034979e-02]
 [ 1.71543639e-01 -6.69923559e-01 -4.57757920e-01 -1.27574485e-02]
 [ 2.02178005e-01 -8.34932694e-01 -4.94147938e-01  4.26483415e-02]
 [ 2.33166629e-01 -7.75281917e-01 -2.74253346e-01 -5.31181972e-02]
 [ 4.42319699e-02 -5.90788484e-01 -3.18015734e-01  7.45569840e-02]
 [ 1.95271440e-01 -6.79216238e-01 -3.80811786e-01  3.90753336e-03]
 [ 1.31466476e-01 -7.50394916e-01 -3.21869461e-01  6.19678814e-02]
 [ 1.09902428e-01 -5.39064890e-01 -2.59075189e-01  1.49217639e-02]
 [ 1.04536466e-01 -6.10584104e-01 -2.23030377e-01  4.05511968e-02]
 [ 1.00089654e-01 -8.29549789e-01 -3.01643454e-01  1.52618703e-01]
 [ 1.46408103e-01 -6.79837184e-01 -2.14124138e-01  5.28305117e-02]
 [ 2.55347878e-01 -8.41299197e-01 -4.60033428e-01  9.67938863e-02]
 [ 2.06713665e-01 -6.46409743e-01 -3.69646583e-01  8.18170588e-02]
 [ 1.88352989e-01 -7.94604603e-01 -2.26928182e-01  8.85406788e-02]
 [ 2.14226775e-01 -8.63832504e-01 -2.55336029e-01  1.21504039e-01]
 [ 1.71379870e-01 -5.55547299e-01 -3.31946716e-01  1.08609425e-01]
 [ 1.41023662e-01 -6.18234068e-01 -3.63468666e-01  1.68438781e-01]
 [ 1.76757526e-01 -5.95570354e-01 -1.86282223e-01  7.22300000e-02]
 [ 2.31178446e-01 -7.07150737e-01 -3.41172546e-01  1.41157649e-01]
 [ 2.99429467e-01 -7.47994814e-01 -3.89868194e-01  1.40616421e-01]
 [ 3.25077290e-01 -7.61606568e-01 -3.48185776e-01  1.16964044e-01]
 [ 2.22934576e-01 -8.02138271e-01 -2.83867734e-01  1.86675882e-01]
 [ 2.76842875e-01 -9.42828067e-01 -3.95784032e-01  2.18498427e-01]
 [ 1.73322387e-01 -6.57136280e-01 -2.67283425e-01  2.06621850e-01]
 [ 1.66971983e-01 -7.43972793e-01 -2.46687597e-01  2.39583191e-01]
 [ 2.77370986e-01 -9.10575489e-01 -4.38071195e-01  2.50350572e-01]
 [ 2.08273839e-01 -4.66742722e-01 -3.33860777e-01  1.60184961e-01]
 [ 1.43573791e-01 -4.84598633e-01 -2.38374246e-01  1.89305969e-01]
 [ 1.89577255e-01 -8.88187144e-01 -2.68495357e-01  2.80447114e-01]
 [ 1.86470052e-01 -7.81791290e-01 -3.08216194e-01  2.85022996e-01]
 [ 3.30949176e-01 -8.94453626e-01 -2.87909148e-01  1.98633412e-01]
 [ 3.63249689e-01 -8.22333016e-01 -3.15743329e-01  1.76304165e-01]
 [ 2.09137902e-01 -5.82859213e-01 -2.08949456e-01  1.96921781e-01]
 [ 2.41439138e-01 -6.37828937e-01 -1.72322383e-01  1.78017734e-01]
 [ 2.00843448e-01 -5.13570284e-01 -3.05541191e-01  2.33780792e-01]
 [ 3.52014104e-01 -7.68730160e-01 -1.70391720e-01  1.42856391e-01]
 [ 2.95131152e-01 -8.11426846e-01 -2.65368747e-01  2.41783505e-01]
 [ 3.14232910e-01 -9.53715820e-01 -3.87189258e-01  3.15692583e-01]
 [ 2.82957815e-01 -6.86047044e-01 -2.86695175e-01  2.57689063e-01]
 [ 3.51712527e-01 -7.26669364e-01 -3.96524968e-01  2.68581981e-01]
 [ 2.99608557e-01 -7.56605729e-01 -1.78985912e-01  2.64351215e-01]
 [ 4.17451328e-01 -8.08506740e-01 -3.24391305e-01  2.60849327e-01]
 [ 3.06878703e-01 -7.26315625e-01 -1.96023850e-01  2.82341989e-01]
 [ 3.09837222e-01 -6.31492952e-01 -1.53715810e-01  2.49006895e-01]
 [ 2.53669247e-01 -4.82734073e-01 -1.87720140e-01  2.71066269e-01]
 [ 3.71577619e-01 -6.97708519e-01 -3.53017814e-01  3.17141181e-01]
 [ 3.19263011e-01 -5.72945641e-01 -2.20546918e-01  2.79231383e-01]
 [ 3.63815950e-01 -7.92026350e-01 -2.72033403e-01  3.54907982e-01]
 [ 3.15827880e-01 -6.36257768e-01 -3.26803084e-01  3.82373095e-01]
 [ 4.22826838e-01 -8.46517162e-01 -1.57242438e-01  2.94791942e-01]
 [ 3.41236988e-01 -5.19096715e-01 -2.62688156e-01  3.07797231e-01]
 [ 3.28229042e-01 -8.00566148e-01 -2.15324551e-01  3.89531635e-01]
 [ 2.76540821e-01 -5.60811114e-01 -1.69166179e-01  3.42719447e-01]
 [ 3.62940021e-01 -6.72974925e-01 -1.20253425e-01  3.02516010e-01]
 [ 3.94954350e-01 -8.69240005e-01 -3.55429832e-01  4.45619320e-01]
 [ 3.51558913e-01 -6.43830536e-01 -1.29228873e-01  3.45708102e-01]
 [ 3.87943603e-01 -6.17414925e-01 -6.64176662e-02  2.91357795e-01]
 [ 4.38833049e-01 -7.33954968e-01 -3.36827455e-01  4.11022985e-01]
 [ 4.81662313e-01 -7.71615546e-01 -2.32340848e-01  3.58165685e-01]
 [ 3.76910420e-01 -3.85036780e-01 -2.09432740e-01  3.03701412e-01]
 [ 3.81949628e-01 -6.89799167e-01 -2.43342198e-01  4.38712595e-01]
 [ 3.99507839e-01 -5.88209262e-01 -1.83066763e-01  3.72673949e-01]
 [ 4.63732418e-01 -6.78396968e-01 -1.77491568e-01  3.77085980e-01]
 [ 3.44810676e-01 -4.64194976e-01 -1.67051936e-01  3.96244304e-01]
 [ 4.02064124e-01 -7.51275087e-01 -1.18820116e-01  4.30992242e-01]
 [ 4.02939156e-01 -6.51759680e-01 -2.69560350e-01  4.76548098e-01]
 [ 3.57070273e-01 -5.40197009e-01 -5.61251454e-02  3.84174872e-01]
 [ 3.69119043e-01 -5.10992035e-01 -1.93420334e-01  4.67417426e-01]
 [ 4.12163271e-01 -5.26980322e-01 -1.53004374e-01  4.36348990e-01]
 [ 3.64561304e-01 -4.93400397e-01 -8.24911296e-02  4.39478381e-01]
 [ 5.08183023e-01 -5.67351541e-01 -1.78421920e-01  4.30039912e-01]
 [ 4.51679826e-01 -6.45285260e-01 -7.29655791e-02  4.58882749e-01]
 [ 4.71813647e-01 -4.36779717e-01 -1.84828132e-01  4.28401776e-01]
 [ 4.16732673e-01 -4.78379017e-01 -1.45048294e-02  4.08655038e-01]
 [ 4.24162434e-01 -5.56429444e-01 -9.75114387e-02  4.77622192e-01]
 [ 4.97630674e-01 -7.86564851e-01 -1.73670182e-01  5.77998023e-01]
 [ 4.57473587e-01 -5.29264985e-01 -1.67630848e-01  5.30874189e-01]
 [ 4.59386637e-01 -3.17204405e-01 -3.87847181e-02  4.04811407e-01]
 [ 4.42075748e-01 -4.91859052e-01  7.82743003e-02  4.34143988e-01]
 [ 4.61693471e-01 -4.83929295e-01 -5.64579461e-02  5.03148222e-01]
 [ 4.65102585e-01 -5.38808670e-01  5.97207565e-02  4.92139820e-01]
 [ 3.99837123e-01 -3.78291631e-01  2.81134900e-02  4.99569681e-01]
 [ 5.50308479e-01 -5.19774601e-01 -4.89795990e-02  5.13473021e-01]
 [ 5.36892243e-01 -3.58830623e-01 -6.37238733e-02  4.63957943e-01]
 [ 4.74351585e-01 -2.95241997e-01  5.23862336e-02  4.40916643e-01]
 [ 4.10235036e-01 -3.14964807e-01 -1.63475331e-02  5.62293520e-01]
 [ 4.47268937e-01 -3.40774361e-01  7.64162783e-02  5.32408087e-01]
 [ 5.10237318e-01 -2.79118862e-01 -5.72680496e-02  5.55938607e-01]
 [ 4.40376796e-01 -1.85116213e-01  4.85324450e-02  5.14174491e-01]
 [ 4.99308359e-01 -4.13459325e-01  2.07720429e-01  5.08817684e-01]
 [ 5.56330586e-01 -3.66529532e-01  3.97640951e-02  5.98383885e-01]
 [ 4.05469013e-01 -1.96747260e-01  1.22423504e-01  5.75793477e-01]
 [ 5.12591707e-01 -3.87457160e-01  1.74084915e-01  5.74793516e-01]
 [ 5.10473086e-01 -1.94242200e-01  2.06871253e-01  4.98555481e-01]
 [ 5.44888413e-01 -3.33235221e-01  2.10696446e-01  5.50266996e-01]
 [ 5.15928866e-01 -7.79624917e-02  4.95837983e-02  5.51748093e-01]
 [ 5.36154846e-01 -1.76053816e-01  1.64255675e-01  5.28157813e-01]
 [ 5.48203548e-01 -1.46665260e-01  8.52261726e-02  5.73314326e-01]
 [ 4.59639091e-01 -1.56154690e-01  2.01924698e-01  5.87174620e-01]
 [ 4.16477835e-01 -4.97208945e-02  2.26227490e-01  5.99322721e-01]
 [ 5.75740073e-01 -5.77483419e-02  1.23203089e-01  6.17074965e-01]
 [ 4.98500466e-01  7.79826120e-02  7.42015466e-02  6.25653541e-01]
 [ 5.30853081e-01 -5.12739811e-02  2.81830529e-01  5.68340695e-01]
 [ 5.08163685e-01  1.61436917e-01  3.77437558e-01  5.93111003e-01]]",2,30
0.03432825521069912,0.023980648461216697,0.23699797418915333,0.5287356321839081,0.3996858112269729,0.42372280465869916,0.9432718910372764,87,195,"[[-9.25532306e-01 -4.95136011e-01 -3.61463835e-01 -5.05373649e-01]
 [-9.82909620e-01 -3.90578875e-01 -3.11330682e-01 -5.68968406e-01]
 [-9.52561241e-01 -3.34022110e-01 -3.39168185e-01 -5.56092229e-01]
 [-9.15315172e-01 -3.61537522e-01 -3.93751234e-01 -4.53096580e-01]
 [-7.98384380e-01 -4.05342771e-01 -3.48082293e-01 -5.38022263e-01]
 [-9.02351616e-01 -3.84418279e-01 -2.59549117e-01 -4.76381684e-01]
 [-8.46578924e-01 -3.13229464e-01 -3.03613529e-01 -4.92492363e-01]
 [-7.79507145e-01 -4.82125076e-01 -2.80803714e-01 -4.42136709e-01]
 [-7.55580043e-01 -4.26324485e-01 -2.36946354e-01 -4.71186077e-01]
 [-7.13769611e-01 -3.25611858e-01 -2.93940946e-01 -5.17277632e-01]
 [-6.85261611e-01 -4.31016676e-01 -2.27274844e-01 -5.11231581e-01]
 [-7.50191780e-01 -3.64971209e-01 -3.41615353e-01 -3.67296677e-01]
 [-7.33257314e-01 -3.50530548e-01 -1.81836685e-01 -4.58133440e-01]
 [-7.29856508e-01 -4.13834069e-01 -2.70756245e-01 -3.27403700e-01]
 [-6.64656634e-01 -3.23464047e-01 -2.77300313e-01 -4.22844008e-01]
 [-5.84457958e-01 -3.77082352e-01 -2.85971945e-01 -4.21270246e-01]
 [-5.76164205e-01 -4.63980526e-01 -1.97253332e-01 -3.84401590e-01]
 [-6.47998963e-01 -2.60532698e-01 -3.08763195e-01 -3.62985561e-01]
 [-6.12225661e-01 -4.01300551e-01 -2.32559938e-01 -3.23169375e-01]
 [-5.48032613e-01 -3.65298251e-01 -2.19305787e-01 -4.27063096e-01]
 [-6.36767665e-01 -3.31990251e-01 -2.04122448e-01 -3.33448812e-01]
 [-5.41681986e-01 -2.96069792e-01 -2.63399610e-01 -3.94111177e-01]
 [-4.72240400e-01 -3.79191430e-01 -2.22556459e-01 -3.89826640e-01]
 [-5.69950672e-01 -3.45201936e-01 -1.14076773e-01 -3.46454572e-01]
 [-5.13892230e-01 -3.04578833e-01 -1.94615453e-01 -3.65343085e-01]
 [-4.59810529e-01 -3.74850627e-01 -1.18230533e-01 -4.13111268e-01]
 [-5.82531765e-01 -2.83255968e-01 -2.17264093e-01 -2.29395282e-01]
 [-4.33437744e-01 -2.98372766e-01 -2.50462633e-01 -3.34303830e-01]
 [-4.97648781e-01 -2.77602959e-01 -1.57954203e-01 -3.00343819e-01]
 [-4.89644418e-01 -2.47311082e-01 -2.17089951e-01 -2.77469689e-01]
 [-3.95617198e-01 -3.93703002e-01 -1.16840120e-01 -3.36648189e-01]
 [-3.06526359e-01 -3.33612006e-01 -2.71688385e-01 -3.64488060e-01]
 [-4.70145909e-01 -2.85549046e-01 -2.74698157e-01 -1.97911648e-01]
 [-5.25757797e-01 -2.71040352e-01 -5.49254660e-02 -2.83065567e-01]
 [-3.74644123e-01 -3.67512478e-01 -1.79636054e-01 -2.66489772e-01]
 [-5.18137883e-01 -2.39225218e-01 -7.01143369e-02 -2.64128320e-01]
 [-3.47019151e-01 -3.12928140e-01 -2.64672359e-01 -2.28297181e-01]
 [-3.32937287e-01 -2.77153319e-01 -1.08754409e-01 -3.79307844e-01]
 [-2.83583926e-01 -2.62337558e-01 -2.45225556e-01 -3.32022637e-01]
 [-3.56268184e-01 -1.87582189e-01 -2.86292989e-01 -2.74959570e-01]
 [-4.14689049e-01 -1.34552391e-01 -1.43196955e-01 -3.43010183e-01]
 [-3.23153913e-01 -3.78689371e-01 -4.39690482e-02 -3.05460528e-01]
 [-4.13258838e-01 -2.59451546e-01 -1.80227289e-01 -1.71355063e-01]
 [-3.59542260e-01 -2.42372524e-01 -1.54164242e-01 -2.19402522e-01]
 [-3.11312379e-01 -2.02845583e-01 -1.20701328e-01 -2.92565910e-01]
 [-2.98102409e-01 -3.27955022e-01 -7.97981117e-02 -2.14721113e-01]
 [-2.19661796e-01 -2.24959496e-01 -1.66003922e-01 -3.01635804e-01]
 [-2.33789094e-01 -3.49847680e-01 -1.28735885e-01 -1.92053679e-01]
 [-1.65187221e-01 -3.24177418e-01 -2.83282032e-01 -1.57681741e-01]
 [-1.57734349e-01 -3.29804309e-01 -9.92099810e-02 -2.65216114e-01]
 [-3.06347806e-01 -1.70591809e-01 -4.51849177e-02 -2.38722058e-01]
 [-2.94840798e-01 -1.37479888e-01 -2.04299213e-01 -1.59866361e-01]
 [-2.68539598e-01 -2.00396463e-01 -2.41131423e-01 -9.46978591e-02]
 [-2.75447721e-01 -2.93244667e-01 -1.33885551e-01 -7.74695631e-02]
 [-2.62669858e-01 -8.32425933e-02 -1.76453827e-01 -2.15193201e-01]
 [-1.81968493e-01 -2.37997316e-01 -1.72667759e-01 -1.64165080e-01]
 [-1.69969337e-01 -2.04946639e-01 -7.78540000e-02 -2.49868099e-01]
 [-1.06763741e-01 -2.52108511e-01 -1.46115938e-01 -2.26342643e-01]
 [-9.92489699e-02 -2.22001392e-01 -2.28931524e-01 -1.95717014e-01]
 [-1.18205944e-01 -2.81496568e-01 -1.04401812e-01 -1.71881950e-01]
 [-2.05928717e-01 -1.21889167e-01 -1.00423839e-01 -1.90605089e-01]
 [-1.91564055e-01 -2.55513621e-01 -8.93421974e-02 -7.82558862e-02]
 [-1.93876177e-01 -9.25010759e-02 -1.50034515e-01 -1.45425636e-01]
 [-1.30139463e-01 -1.74097726e-01 -1.47549255e-01 -1.04822570e-01]
 [-1.11297702e-01 -1.88706582e-01 -2.06075031e-02 -1.55935373e-01]
 [-5.50571084e-02 -1.48083964e-01 -1.62612639e-01 -1.36188602e-01]
 [-1.41703676e-01 -1.40803188e-01 -1.01928752e-01 -5.91471847e-02]
 [-6.70868289e-02 -5.73057234e-02 -1.40558627e-01 -1.79220447e-01]
 [-8.85894336e-02 -1.58841742e-01 -2.00889375e-01 -1.08888466e-02]
 [ 2.44978853e-02 -2.22357366e-01 -2.63122823e-02 -1.71134356e-01]
 [-1.87371615e-02 -2.38496633e-01 -1.23215659e-01 -3.12459767e-02]
 [-7.70824552e-02 -1.25791337e-01 -4.95713633e-02 -9.07058399e-02]
 [-1.39769023e-01 -7.96325319e-03 -4.12422828e-02 -1.25194414e-01]
 [-1.28576383e-02 -1.05656732e-01 -5.90489935e-02 -1.59534745e-01]
 [-1.09364968e-01 -8.71181116e-02 -8.52099974e-02 -3.42346318e-02]
 [-1.43099720e-01  3.46994121e-02 -5.26808165e-02 -1.11289924e-01]
 [-3.74974478e-02 -1.52984224e-02 -2.23482214e-01 -5.45306932e-02]
 [ 3.71219646e-02 -1.58457218e-01 -5.97283337e-02 -1.05902201e-01]
 [-8.70563854e-02  1.66087598e-02 -1.40762430e-01 -6.86134417e-02]
 [-4.90578543e-02 -4.46871947e-02 -2.70371605e-02 -9.38164461e-02]
 [ 6.89938106e-03 -1.20821344e-01 -8.65896251e-02 -1.91582851e-02]
 [-7.63917770e-02 -2.16613617e-02 -1.77328093e-01  6.13059271e-02]
 [-3.77909802e-02 -1.49701944e-01 -9.72258821e-02  8.39305241e-02]
 [ 1.91581957e-02 -2.02337662e-01 -3.17782797e-02  3.75927016e-02]
 [ 9.93936416e-02 -7.68916216e-02 -5.04033510e-02 -1.44337878e-01]
 [-7.56713878e-02  5.02089616e-02 -1.08715577e-01 -1.71092432e-02]
 [ 3.79194357e-02 -5.14051802e-02 -1.82124251e-01  1.40024219e-02]
 [ 8.79166331e-02 -1.50079792e-01 -1.43629840e-01  4.94620856e-02]
 [-8.82574115e-02 -5.10501303e-02 -7.31290989e-02  1.02544619e-01]
 [-1.06171478e-01  1.21531997e-01 -1.38210626e-01  1.20145343e-02]
 [ 3.66867147e-02  1.74715519e-02 -9.44542233e-02 -3.23077496e-02]
 [-7.45107234e-03 -6.31770436e-02 -5.90780005e-03  4.11318652e-02]
 [-3.62580214e-02  4.19234708e-02 -6.06645569e-02  2.40060408e-02]
 [ 1.30026586e-01 -3.09384614e-02 -7.70523436e-02 -4.77976669e-02]
 [ 1.61015680e-01 -7.88166057e-02 -1.68163240e-01  4.41637486e-02]
 [ 1.08691214e-01 -9.59341824e-02 -9.67039168e-03  2.59328671e-02]
 [ 4.93692383e-02 -2.22609993e-02 -6.74205422e-02  8.74678101e-02]
 [ 7.59780034e-02  8.17905180e-03 -4.87875976e-02  3.90828792e-02]
 [ 1.31228819e-01  5.75324856e-02 -1.44655515e-01  3.09531968e-02]
 [ 1.42796915e-01  2.39327345e-02 -1.04826799e-01  7.07616527e-02]
 [ 1.28348704e-01 -2.38018706e-02  6.38057794e-02  3.81147023e-02]
 [ 1.63712068e-01  1.15184126e-01 -1.16167665e-01 -2.42111087e-03]
 [ 1.40314057e-01 -4.99817189e-02 -1.13880759e-01  1.81345770e-01]
 [ 4.60014082e-02  5.99524472e-02 -8.86363536e-02  1.64391099e-01]
 [ 2.17455650e-01 -1.06111584e-01  1.33996960e-02  9.77498032e-02]
 [ 2.70334659e-01 -1.00759776e-01  3.18996366e-02  4.36149873e-02]
 [ 2.31909495e-01 -6.02081604e-03 -3.09265349e-02  5.65252434e-02]
 [ 6.35319836e-02  3.42482738e-02  4.14283574e-03  1.78407332e-01]
 [ 8.18193760e-02  1.41026136e-01 -1.12968568e-01  1.45167189e-01]
 [ 2.03095386e-01  1.05922058e-01 -3.87930330e-02  1.11491978e-02]
 [ 1.69128170e-01  8.73525031e-02 -7.47652147e-02  1.35962579e-01]
 [ 1.23139186e-01  9.65682138e-02  3.50606851e-02  1.15219370e-01]
 [ 2.46265944e-01  6.79023191e-03  5.24093900e-02  8.45487807e-02]
 [ 1.81115815e-01  1.20220037e-01 -1.75752237e-01  2.15813778e-01]
 [ 1.12165811e-01  7.18504637e-02 -2.16583014e-02  2.29771372e-01]
 [ 1.74967639e-01  1.88949084e-01 -1.44811962e-02  5.42989485e-02]
 [ 2.55394323e-01  1.01515841e-01 -1.04206558e-02  6.62664771e-02]
 [ 1.90656995e-01  6.93634916e-02  1.80138554e-02  1.46360587e-01]
 [ 3.07192374e-01  3.71130873e-02 -4.43849806e-02  1.25576561e-01]
 [ 2.97654992e-01  1.52716896e-01 -1.40987605e-01  1.05420249e-01]
 [ 2.33321456e-01  1.77295115e-01 -6.46772925e-02  1.13789214e-01]
 [ 1.93011872e-01  2.09075887e-01 -1.50959257e-01  2.18806732e-01]
 [ 2.41779687e-01  7.48165548e-02 -8.37268699e-02  2.73205305e-01]
 [ 3.50897865e-01  8.10241476e-02 -9.53280125e-02  1.90949086e-01]
 [ 2.05068175e-01  2.38769116e-01 -9.94957145e-02  1.79478891e-01]
 [ 2.11973555e-01  2.70519415e-01 -2.54529826e-02  1.48822894e-01]
 [ 3.18611747e-01  1.35795388e-01 -4.02148627e-03  1.83989326e-01]
 [ 2.89391777e-01  1.45966114e-01  8.87577031e-02  1.58698918e-01]
 [ 3.68486848e-01  1.98237652e-01 -3.49378977e-02  1.24190491e-01]
 [ 2.80952811e-01  3.02703727e-01  2.72309035e-03  7.65451137e-02]
 [ 2.09499201e-01  1.45899694e-01 -4.71186768e-02  3.51733137e-01]
 [ 4.00109755e-01  1.52268261e-01 -9.25174095e-02  2.14932846e-01]
 [ 2.76868075e-01  2.49980776e-01 -7.12313410e-02  2.49484040e-01]
 [ 3.32028558e-01  8.73277429e-02  3.74295246e-02  3.14043121e-01]
 [ 3.38780751e-01  3.20407951e-01 -1.29499404e-01  1.91453613e-01]
 [ 4.91829487e-01  1.30469805e-01  2.50276178e-04  1.90372730e-01]
 [ 4.49729048e-01  2.64068114e-01 -1.07057182e-01  1.72500623e-01]
 [ 4.40477973e-01  1.38681162e-01 -6.98847435e-02  3.13406896e-01]
 [ 3.13696761e-01  2.28594491e-01 -7.98487943e-02  3.47176930e-01]
 [ 2.69569932e-01  3.74631010e-01 -9.65553261e-02  2.64835397e-01]
 [ 3.22064482e-01  2.61139901e-01 -4.51109000e-02  3.24394442e-01]
 [ 4.05081958e-01  2.45076789e-01 -1.11130290e-02  2.53855480e-01]
 [ 2.96072964e-01  2.38653105e-01  1.48872156e-02  3.72452078e-01]
 [ 3.77344862e-01  3.06524739e-01 -1.36613820e-01  3.70702397e-01]
 [ 3.91863404e-01  3.69693168e-01 -3.25262379e-02  2.38018226e-01]
 [ 4.85205516e-01  2.23147370e-01  8.36040862e-02  2.78400337e-01]
 [ 3.92633032e-01  2.04607081e-01  6.11966178e-02  4.03593274e-01]
 [ 5.03386749e-01  2.02273589e-01  5.02155665e-02  3.36447973e-01]
 [ 4.92352661e-01  2.55845308e-01  4.14357726e-02  2.99532615e-01]
 [ 3.66081001e-01  3.22858807e-01 -9.67971981e-03  3.90024049e-01]
 [ 3.01856259e-01  4.12495751e-01 -7.19061494e-03  3.60224131e-01]
 [ 3.83035334e-01  3.78420699e-01 -5.34980651e-02  3.91590200e-01]
 [ 4.89169613e-01  2.95462551e-01 -3.09039149e-02  4.18020535e-01]
 [ 4.39096682e-01  4.58128594e-01 -1.30195577e-01  3.79049396e-01]
 [ 5.99187212e-01  2.97035070e-01 -1.79619901e-02  3.53331747e-01]
 [ 5.84244881e-01  3.38543532e-01  4.54697758e-04  3.00989307e-01]
 [ 5.24672955e-01  4.03461415e-01 -5.76546863e-02  3.33249493e-01]
 [ 5.11250200e-01  2.95273308e-01  7.48056360e-02  3.66369346e-01]
 [ 4.12026132e-01  3.60394830e-01  1.00100646e-01  3.60991025e-01]
 [ 3.38919515e-01  4.29750906e-01  8.75301361e-02  3.57638638e-01]
 [ 3.59576995e-01  5.02467593e-01 -3.77893709e-02  3.67806103e-01]
 [ 4.44572425e-01  3.16465108e-01  1.33927520e-02  4.86285536e-01]
 [ 4.39289061e-01  5.11790503e-01  3.41107715e-02  2.56059807e-01]
 [ 5.88408954e-01  3.61186203e-01 -5.24762794e-02  4.16518036e-01]
 [ 4.58965484e-01  4.91667522e-01 -1.19288823e-01  4.56916953e-01]
 [ 4.62130167e-01  4.64868020e-01  7.80553278e-02  3.25528016e-01]
 [ 3.67624985e-01  4.70464434e-01 -2.30037011e-02  5.18424494e-01]
 [ 5.37435228e-01  4.65666780e-01 -2.81415544e-02  3.96923579e-01]
 [ 4.50284349e-01  5.38464120e-01 -2.26079542e-02  3.98932278e-01]
 [ 4.33530647e-01  4.77548219e-01  3.59940622e-02  4.50211572e-01]
 [ 5.70560733e-01  4.40071445e-01  6.46223165e-02  3.83382440e-01]
 [ 3.72037312e-01  5.40982027e-01  1.90168098e-02  4.74697456e-01]
 [ 4.09191819e-01  5.55751637e-01  7.21281152e-02  3.81256081e-01]
 [ 4.23606336e-01  6.35185838e-01 -6.08367752e-02  4.10587829e-01]
 [ 5.49295813e-01  5.38767800e-01  6.65057562e-02  3.16061525e-01]
 [ 4.36929747e-01  5.32425791e-01 -3.14208884e-02  5.56451958e-01]
 [ 5.82186691e-01  4.63382151e-01 -4.28291224e-02  5.53940240e-01]
 [ 4.46848413e-01  4.83724592e-01  1.93553958e-02  6.05756728e-01]
 [ 5.78786042e-01  5.18274385e-01  4.60664183e-02  4.41371286e-01]
 [ 5.56872465e-01  4.42341084e-01  1.14403192e-01  5.40871959e-01]
 [ 4.41131713e-01  6.36936923e-01 -9.03977267e-03  5.05119741e-01]
 [ 5.33998935e-01  5.20391883e-01  2.35836357e-02  5.96412351e-01]
 [ 5.16622581e-01  6.23425690e-01 -9.97111201e-03  5.61770167e-01]
 [ 9.96727033e-01  9.43593625e-01  4.86519095e-01  9.96583449e-01]
 [ 8.48704508e-01  9.95208716e-01  9.12143290e-03  9.93340923e-01]
 [ 9.77537172e-01  9.72982185e-01  2.62959177e-01  9.17266143e-01]
 [ 9.20651434e-01  9.46892310e-01  1.68467790e-01  9.51756397e-01]
 [ 9.32520809e-01  9.80431469e-01  8.19929596e-02  8.99775347e-01]
 [ 8.03756570e-01  9.88970598e-01  3.35845899e-01  9.48452851e-01]
 [ 8.60638747e-01  9.62401971e-01  2.40356525e-01  9.20813845e-01]
 [ 6.82820840e-01  9.56035476e-01  2.14061489e-01  9.74945979e-01]
 [ 7.25540228e-01  9.12162563e-01  1.48300236e-01  9.11404386e-01]
 [ 7.47519912e-01  9.99212811e-01  3.70075565e-01  8.78444066e-01]
 [ 7.12778823e-01  9.76557918e-01  1.71893889e-01  8.49652430e-01]
 [ 6.28266430e-01  9.86391392e-01  1.65251913e-01  7.45062567e-01]]",3,30
0.14929770500869408,0.0923146248954074,0.33170894886352414,0.12643678160919541,0.2647050363606343,0.42372280465869916,0.6247127448644748,87,209,"[[-5.66481603e-01 -1.45823680e-01 -8.92034940e-01 -4.82155010e-01]
 [-5.33415187e-01 -1.73270427e-01 -8.36963551e-01 -5.26560724e-01]
 [-6.21577805e-01 -1.77462317e-01 -9.72124938e-01 -2.35426327e-01]
 [-6.27538657e-01 -1.21717080e-01 -9.65171585e-01 -2.32959423e-01]
 [-5.19098246e-01 -8.96182451e-02 -8.44433727e-01 -3.18120653e-01]
 [-4.58413914e-01 -1.36682622e-01 -9.03017005e-01 -2.89521540e-01]
 [-5.71489496e-01 -7.63348918e-02 -8.68652398e-01 -2.12141223e-01]
 [-5.91236250e-01 -1.05722945e-01 -8.81802201e-01 -1.39633235e-01]
 [-5.29942388e-01 -1.25719372e-01 -8.83066729e-01 -1.10599237e-01]
 [-4.68872465e-01 -1.09758658e-01 -7.56121740e-01 -2.50306141e-01]
 [-5.10683840e-01 -1.59013947e-01 -8.66415033e-01 -3.76258325e-02]
 [-4.12478041e-01 -9.14907567e-02 -6.63586607e-01 -3.49177048e-01]
 [-5.42859452e-01 -1.20294595e-01 -7.68272867e-01 -8.73144902e-02]
 [-5.15091719e-01 -9.75414775e-02 -7.11212073e-01 -1.84468839e-01]
 [-4.96926606e-01 -7.05627501e-02 -6.86218275e-01 -2.43607717e-01]
 [-4.93525799e-01 -1.34235339e-01 -7.67343439e-01 -9.67647135e-02]
 [-4.32231624e-01 -9.91622750e-02 -7.80731104e-01 -1.52994743e-01]
 [-4.61232170e-01 -7.86702912e-02 -8.63532629e-01 -2.82967556e-02]
 [-4.93689613e-01 -3.08453143e-02 -8.97055887e-01  1.16465986e-03]
 [-4.04348377e-01 -1.22335967e-01 -7.08519401e-01 -1.18313691e-01]
 [-4.82239826e-01 -6.05390165e-02 -8.53404837e-01  8.49256627e-02]
 [-3.80418191e-01 -3.56215015e-02 -8.05355292e-01 -9.36541446e-02]
 [-4.21940338e-01 -7.13308938e-02 -7.86179038e-01  2.13996898e-02]
 [-3.38349102e-01 -5.13618328e-02 -8.45755963e-01 -6.20964579e-02]
 [-2.84355711e-01 -8.65492485e-02 -7.22728129e-01 -1.49431774e-01]
 [-4.41211319e-01 -9.47052427e-03 -6.49814473e-01 -5.68550453e-02]
 [-3.27113073e-01 -1.25065800e-01 -7.75563579e-01  1.02186128e-02]
 [-4.84647291e-01  2.17982884e-02 -8.65388544e-01  1.63275871e-01]
 [-3.33619904e-01 -7.79285226e-02 -6.09695183e-01 -7.67226089e-02]
 [-4.17545201e-01 -1.58334225e-02 -6.95453834e-01  4.99579087e-02]
 [-2.77559536e-01 -2.47321185e-02 -6.91200741e-01 -8.81685764e-02]
 [-2.98966194e-01 -4.40529119e-02 -8.00049342e-01  5.32461591e-02]
 [-3.43982885e-01 -3.39336377e-02 -6.07364651e-01  4.51393053e-03]
 [-3.29055345e-01 -2.35292707e-02 -8.36388569e-01  1.78548291e-01]
 [-2.09254196e-01 -1.83961634e-02 -7.33248867e-01 -1.85287446e-02]
 [-2.60881355e-01  2.97733247e-02 -7.25079896e-01  3.39841507e-02]
 [-2.42531238e-01 -3.76935769e-02 -7.79612668e-01  1.23259652e-01]
 [-2.72168586e-01 -5.25640994e-02 -7.43842231e-01  2.06099380e-01]
 [-1.85648518e-01 -1.10567734e-02 -6.87092571e-01  2.72566825e-02]
 [-2.15627534e-01 -6.08760901e-02 -7.07653718e-01  1.52078051e-01]
 [-2.24415721e-01  1.29036885e-02 -7.51557700e-01  1.40567031e-01]
 [-2.13728096e-01  7.49726593e-02 -7.87355911e-01  7.49386195e-02]
 [-2.60044413e-01 -1.36350375e-02 -8.13739795e-01  2.91197700e-01]
 [-1.16158368e-01  2.79396381e-02 -6.88013537e-01 -3.04278359e-03]
 [-2.48340201e-01  8.20724089e-02 -7.31144993e-01  1.65226633e-01]
 [-1.50931479e-01 -1.91540625e-02 -8.64642452e-01  2.48431012e-01]
 [-2.08022399e-01  5.42676244e-02 -5.50897934e-01  6.02831244e-02]
 [-8.68476722e-02  3.98688596e-02 -7.96923114e-01  1.09204531e-01]
 [-1.21558988e-01  4.69819568e-02 -7.45107558e-01  1.35127276e-01]
 [-1.31315256e-01 -4.26943973e-02 -7.00744906e-01  2.57082919e-01]
 [-1.79734625e-01  1.18902568e-01 -8.25648256e-01  2.00133352e-01]
 [-1.59719510e-01  3.22181806e-02 -6.56615002e-01  2.28691690e-01]
 [-1.33555245e-01  6.58222586e-02 -6.18104897e-01  1.23679401e-01]
 [-4.52910755e-02  6.22530393e-02 -9.10452433e-01  1.79960899e-01]
 [-5.68591859e-02  2.91418377e-02 -8.39090349e-01  2.33887259e-01]
 [-1.61094964e-01  6.43485095e-02 -7.39755547e-01  3.02535240e-01]
 [-9.42525286e-02  8.02998058e-03 -8.14490313e-01  3.62772996e-01]
 [-3.53854261e-02  1.30731262e-01 -7.74787547e-01  8.11911635e-02]
 [ 2.00959817e-02  1.81346480e-02 -7.39344612e-01  1.82428651e-01]
 [-3.78532838e-02  3.70571688e-02 -7.22466562e-01  2.72110609e-01]
 [-1.20126318e-01  7.91219342e-02 -6.71023089e-01  3.33721723e-01]
 [ 4.24909461e-02  8.14318396e-02 -7.05864776e-01  1.18663488e-01]
 [ 8.23311508e-03  4.17057350e-02 -8.26057537e-01  3.16324683e-01]
 [-5.26163615e-02  1.00109443e-01 -5.71673257e-01  1.54809205e-01]
 [-5.98253384e-02  1.21879656e-01 -7.64554331e-01  2.97263376e-01]
 [-8.79575312e-02  1.33786617e-01 -6.97888181e-01  2.91338908e-01]
 [-6.54201955e-04  1.53385201e-01 -7.06604205e-01  1.78399455e-01]
 [-2.76535638e-02  1.61331318e-01 -8.54876688e-01  3.27676138e-01]
 [ 8.36759415e-02  9.20560230e-02 -7.51025883e-01  2.50936776e-01]
 [ 7.53057562e-03  7.99585003e-02 -5.93491318e-01  2.99732082e-01]
 [ 1.94687191e-02  1.12826306e-01 -6.57024689e-01  3.48798636e-01]
 [ 4.97912001e-02  1.66453145e-01 -6.92659553e-01  2.76141683e-01]
 [ 1.14001395e-01  1.32545052e-01 -8.48203452e-01  3.74122752e-01]
 [ 1.99325277e-01  9.70820338e-02 -7.44544076e-01  2.55232122e-01]
 [-1.90789159e-02  2.17164116e-01 -6.18389094e-01  3.11081838e-01]
 [ 4.05184962e-02  2.37605635e-01 -7.89434807e-01  3.08612894e-01]
 [ 1.60077887e-01  1.37776224e-01 -6.18828882e-01  1.73375651e-01]
 [ 7.82914925e-02  1.55725654e-01 -6.70404784e-01  4.00968892e-01]
 [ 1.21212041e-01  1.54254699e-01 -5.34227615e-01  2.05053486e-01]
 [-7.63296522e-03  2.46125642e-01 -6.31156355e-01  3.52827832e-01]
 [ 1.70701014e-01  8.44011791e-02 -6.41967295e-01  3.79916750e-01]
 [ 1.40502250e-01  1.40225641e-01 -7.39121439e-01  4.95023718e-01]
 [ 1.96897218e-01  1.58554522e-01 -8.33113577e-01  4.05493097e-01]
 [ 1.79393632e-01  1.71375938e-01 -6.31688645e-01  2.24910449e-01]
 [ 2.50978544e-02  1.97180107e-01 -5.29202821e-01  3.88973549e-01]
 [ 1.72643300e-01  2.01555049e-01 -7.06072686e-01  3.06316480e-01]
 [ 1.08631380e-01  2.17306944e-01 -6.34423744e-01  3.37753035e-01]
 [ 1.20500851e-01  2.47000445e-01 -6.16032673e-01  2.63780136e-01]
 [ 2.40760222e-01  2.22347736e-01 -8.62073161e-01  3.40293605e-01]
 [ 2.81302374e-01  2.03183098e-01 -7.25728547e-01  2.32300026e-01]
 [ 2.43474996e-01  1.49396608e-01 -5.94350707e-01  2.94385983e-01]
 [ 3.44934778e-01  1.53187608e-01 -7.68796198e-01  3.35796585e-01]
 [ 2.88536726e-01  1.72936976e-01 -6.74776895e-01  2.98850613e-01]
 [ 1.51879573e-01  1.69919355e-01 -5.11395998e-01  4.19070968e-01]
 [ 2.48516645e-01  2.52761103e-01 -7.62882749e-01  3.63135258e-01]
 [ 1.60708964e-01  2.30516121e-01 -5.43409642e-01  3.57835900e-01]
 [ 2.05195248e-01  2.45484473e-01 -6.79880785e-01  4.31611825e-01]
 [ 3.41919430e-01  2.15995960e-01 -8.01665198e-01  3.95109043e-01]
 [ 3.69839869e-01  1.93242604e-01 -7.48132197e-01  3.60454217e-01]
 [ 2.61936627e-01  2.05616958e-01 -6.03849016e-01  4.12651338e-01]
 [ 2.66183414e-01  2.67187944e-01 -7.29317397e-01  4.67673460e-01]
 [ 2.24590262e-01  3.39781214e-01 -7.18842272e-01  3.33100747e-01]
 [ 2.73806069e-01  2.35249905e-01 -6.45630853e-01  4.85632379e-01]
 [ 2.60817440e-01  3.20945302e-01 -7.57794371e-01  4.92325496e-01]
 [ 3.34788743e-01  3.08909968e-01 -8.23325461e-01  4.32842745e-01]
 [ 2.91016927e-01  3.91967511e-01 -8.46163282e-01  3.82613035e-01]
 [ 2.01865360e-01  3.05132862e-01 -5.55388981e-01  4.39039877e-01]
 [ 3.53288321e-01  3.72687710e-01 -8.56251294e-01  3.67642768e-01]
 [ 3.83936569e-01  2.93652076e-01 -7.67299701e-01  4.64156291e-01]
 [ 4.19623464e-01  3.01255366e-01 -7.14137649e-01  3.11303487e-01]
 [ 2.54683990e-01  3.00726622e-01 -5.21137381e-01  3.83919796e-01]
 [ 3.25512005e-01  3.49055063e-01 -6.62341222e-01  4.04276945e-01]
 [ 3.97598086e-01  4.26491028e-01 -8.31956554e-01  3.51471601e-01]
 [ 3.82362187e-01  3.82725526e-01 -7.65442640e-01  5.69291612e-01]
 [ 3.08461500e-01  3.61337958e-01 -5.49308753e-01  3.22686151e-01]
 [ 5.03779523e-01  3.54657151e-01 -7.35717651e-01  3.04963833e-01]
 [ 3.66947904e-01  4.74277165e-01 -7.95495206e-01  4.42217737e-01]
 [ 2.98345800e-01  4.45692951e-01 -6.39960084e-01  4.07265905e-01]
 [ 3.55716372e-01  4.34161127e-01 -6.91159625e-01  4.70784610e-01]
 [ 3.87337375e-01  4.81957519e-01 -6.86300183e-01  3.13636027e-01]
 [ 4.25493700e-01  4.18416861e-01 -6.49526810e-01  3.77341120e-01]
 [ 4.13990455e-01  3.88783948e-01 -6.00016270e-01  4.58626660e-01]
 [ 3.67284453e-01  4.05260643e-01 -5.59358558e-01  4.27562052e-01]
 [ 3.23951831e-01  5.44384276e-01 -6.34185757e-01  3.53739167e-01]
 [ 3.19396492e-01  4.67832930e-01 -5.26430288e-01  3.65839656e-01]
 [ 5.33985775e-01  4.24626146e-01 -6.45372041e-01  3.19976486e-01]
 [ 3.79777785e-01  5.14411762e-01 -6.40599968e-01  5.42321125e-01]
 [ 4.18628799e-01  4.01671877e-01 -4.96314395e-01  3.64687376e-01]
 [ 4.83799839e-01  3.66889624e-01 -4.86863438e-01  3.85545569e-01]
 [ 3.75091372e-01  5.31230200e-01 -5.43647986e-01  3.41361998e-01]
 [ 5.09285400e-01  4.54384189e-01 -5.74660240e-01  4.56222968e-01]
 [ 3.94270696e-01  4.63611163e-01 -4.64725986e-01  4.27966652e-01]
 [ 4.94310308e-01  4.95034792e-01 -5.41520137e-01  3.97206157e-01]
 [ 4.71436026e-01  5.41988209e-01 -5.69839753e-01  4.66669256e-01]
 [ 5.17022248e-01  5.01337130e-01 -5.32668719e-01  3.98741253e-01]
 [ 4.63025438e-01  3.86856023e-01 -3.52023834e-01  4.09074306e-01]
 [ 4.36528299e-01  5.91834823e-01 -5.11150263e-01  4.05035131e-01]
 [ 5.74886823e-01  6.14904447e-01 -6.07044274e-01  4.64174936e-01]
 [ 5.10270508e-01  5.38448693e-01 -4.75695839e-01  5.24907285e-01]
 [ 4.59558718e-01  6.23411039e-01 -4.94200122e-01  4.35792243e-01]
 [ 4.73838367e-01  4.50991655e-01 -3.27759152e-01  3.45367795e-01]
 [ 5.06048240e-01  4.58143514e-01 -3.64668734e-01  5.05025771e-01]
 [ 3.82698793e-01  4.92999969e-01 -2.85728524e-01  4.70685663e-01]
 [ 5.70248539e-01  5.94708392e-01 -4.91998652e-01  3.70613292e-01]
 [ 4.05328425e-01  5.39796477e-01 -3.21862577e-01  4.16598581e-01]
 [ 4.81886834e-01  5.45499578e-01 -3.73642234e-01  5.11565913e-01]
 [ 5.36349898e-01  5.83980663e-01 -4.03291261e-01  4.95916266e-01]
 [ 3.39339342e-01  5.94840912e-01 -2.48159679e-01  4.80628466e-01]
 [ 6.13572458e-01  4.56499273e-01 -3.14826943e-01  4.10561666e-01]
 [ 5.14129132e-01  5.53116357e-01 -3.16740781e-01  3.58743889e-01]
 [ 4.72522274e-01  6.30666301e-01 -3.44708012e-01  3.96882165e-01]
 [ 4.62214781e-01  5.04925638e-01 -2.26874091e-01  4.52416357e-01]
 [ 6.06079306e-01  5.03296258e-01 -2.96271045e-01  4.83436504e-01]
 [ 4.39096682e-01  4.58128594e-01 -1.30195577e-01  3.79049396e-01]
 [ 5.48877364e-01  4.98778727e-01 -2.22313045e-01  4.39165790e-01]
 [ 4.58965484e-01  4.91667522e-01 -1.19288823e-01  4.56916953e-01]
 [ 3.59576995e-01  5.02467593e-01 -3.77893709e-02  3.67806103e-01]
 [ 5.16061885e-01  6.70337964e-01 -2.55908400e-01  4.57006162e-01]
 [ 4.44624126e-01  6.53328108e-01 -1.66056730e-01  3.63181490e-01]
 [ 3.91442079e-01  5.81619810e-01 -8.96315742e-02  4.64472653e-01]
 [ 5.41872784e-01  5.45575295e-01 -1.39306376e-01  3.85586036e-01]
 [ 5.61253320e-01  5.12463855e-01 -1.11150518e-01  4.65883719e-01]
 [ 5.37435228e-01  4.65666780e-01 -2.81415544e-02  3.96923579e-01]
 [ 4.50284349e-01  5.38464120e-01 -2.26079542e-02  3.98932278e-01]
 [ 4.86335315e-01  6.00159146e-01 -4.78458088e-02  3.39652246e-01]
 [ 4.62130167e-01  4.64868020e-01  7.80553278e-02  3.25528016e-01]
 [ 3.47759277e-01  4.94032424e-01  1.23510238e-01  4.19390360e-01]
 [ 5.70560733e-01  4.40071445e-01  6.46223165e-02  3.83382440e-01]
 [ 4.09191819e-01  5.55751637e-01  7.21281152e-02  3.81256081e-01]
 [ 4.86784233e-01  4.37124137e-01  1.47714373e-01  4.62756168e-01]
 [ 5.78786042e-01  5.18274385e-01  4.60664183e-02  4.41371286e-01]
 [ 4.21596386e-01  4.48648451e-01  2.14525294e-01  4.01137544e-01]
 [ 3.35664496e-01  5.72677936e-01  1.99062215e-01  3.61926565e-01]
 [ 3.52229515e-01  5.11349322e-01  2.30522169e-01  4.23647296e-01]
 [ 4.29056851e-01  5.26851362e-01  1.78393714e-01  4.54713602e-01]
 [ 4.68573168e-01  6.44638037e-01  9.44462884e-02  4.32218198e-01]
 [ 5.89937469e-01  4.69520802e-01  1.84919329e-01  4.68089696e-01]
 [ 4.59842650e-01  4.13398987e-01  3.41505209e-01  3.08904152e-01]
 [ 3.74614159e-01  4.07104358e-01  3.93861374e-01  3.86433791e-01]
 [ 5.24618810e-01  5.66564970e-01  1.53037166e-01  4.60137699e-01]
 [ 5.76812999e-01  6.35496920e-01  1.06900707e-01  3.74348508e-01]
 [ 5.25727028e-01  4.50200524e-01  2.77940862e-01  4.32174884e-01]
 [ 3.96763811e-01  6.89960012e-01  2.06235055e-01  4.20226747e-01]
 [ 5.67340046e-01  5.47724189e-01  2.03472814e-01  3.94719517e-01]
 [ 3.82401513e-01  5.33056693e-01  3.78090240e-01  3.47573765e-01]
 [ 4.79109935e-01  6.08924564e-01  2.44393297e-01  3.93308600e-01]
 [ 3.88460517e-01  6.52071794e-01  3.10571117e-01  3.83354392e-01]
 [ 4.51220132e-01  6.16479931e-01  2.97561077e-01  3.66405061e-01]
 [ 5.54833429e-01  6.54127467e-01  2.43371392e-01  4.14801786e-01]
 [ 5.02641510e-01  5.28403495e-01  3.60949825e-01  4.86265900e-01]
 [ 6.06286997e-01  4.63308318e-01  3.83658396e-01  3.56540531e-01]
 [ 5.34819029e-01  6.92320861e-01  2.69650623e-01  3.88672512e-01]
 [ 5.22392139e-01  5.62003480e-01  3.89571914e-01  4.12262915e-01]
 [ 4.41713298e-01  7.00346643e-01  3.88304077e-01  4.02673932e-01]
 [ 4.95387197e-01  6.37529705e-01  4.16287933e-01  3.42876289e-01]
 [ 5.40997544e-01  6.23592060e-01  4.15233722e-01  3.49015348e-01]
 [ 6.03757801e-01  6.43008653e-01  4.13599079e-01  4.01217120e-01]
 [ 4.54182614e-01  5.62973570e-01  5.83585747e-01  3.75151828e-01]
 [ 5.33917794e-01  6.05332680e-01  5.50172722e-01  4.43080517e-01]
 [ 5.92200570e-01  6.94158075e-01  5.25440434e-01  4.93432773e-01]
 [ 6.04628518e-01  5.59827004e-01  6.25952557e-01  4.54522695e-01]
 [ 6.39842924e-01  6.22476721e-01  5.92563316e-01  5.04429599e-01]
 [ 5.53599766e-01  5.71976868e-01  6.99307889e-01  3.93010763e-01]
 [ 6.26577925e-01  7.09169799e-01  5.63170817e-01  3.99622342e-01]
 [ 5.59318546e-01  7.38118732e-01  6.10576903e-01  3.68244240e-01]
 [ 4.73019864e-01  6.83525821e-01  7.02526974e-01  4.14122941e-01]
 [ 6.14406196e-01  6.61416939e-01  6.90074399e-01  3.57229341e-01]
 [ 5.79778804e-01  6.85077954e-01  7.58129960e-01  3.83057017e-01]
 [ 7.06560519e-01  7.12477932e-01  7.79415190e-01  4.17175246e-01]]",4,30
0.0182992429832132,0.00794541547740626,0.16069484881417567,0.8620689655172413,0.4271695511235709,0.42372280465869916,1.008134437009214,87,202,"[[-6.37526387e-01 -7.95852037e-01 -6.76319743e-01 -4.29379337e-01]
 [-5.77685354e-01 -7.47096624e-01 -6.08073093e-01 -4.21585185e-01]
 [-5.89680614e-01 -7.18196822e-01 -6.42446788e-01 -4.92628234e-01]
 [-5.69817590e-01 -7.77809311e-01 -5.16940514e-01 -3.75092763e-01]
 [-6.09962620e-01 -6.84531575e-01 -5.71724918e-01 -3.56416684e-01]
 [-6.39150865e-01 -6.15165962e-01 -6.15551131e-01 -3.62697808e-01]
 [-4.67731655e-01 -7.22300287e-01 -5.97089058e-01 -3.53967097e-01]
 [-5.38115371e-01 -6.11709472e-01 -6.80362327e-01 -4.41906450e-01]
 [-6.20949037e-01 -6.65677639e-01 -4.56181478e-01 -4.49382292e-01]
 [-5.44294061e-01 -6.95323467e-01 -5.05480450e-01 -2.96781341e-01]
 [-5.50164059e-01 -5.78170521e-01 -5.70097964e-01 -3.93816235e-01]
 [-5.79627622e-01 -5.98693201e-01 -5.43891408e-01 -2.68645829e-01]
 [-4.38416766e-01 -6.20771864e-01 -5.32410508e-01 -4.59799696e-01]
 [-5.24466570e-01 -6.52966922e-01 -4.29775722e-01 -3.24682882e-01]
 [-4.79139870e-01 -6.78723039e-01 -4.67654625e-01 -2.59675987e-01]
 [-5.11995336e-01 -5.17550755e-01 -5.93869053e-01 -3.28158982e-01]
 [-5.54802641e-01 -5.67723522e-01 -4.66387745e-01 -3.00377633e-01]
 [-4.08353819e-01 -5.76841904e-01 -5.72289059e-01 -3.34498636e-01]
 [-4.48914664e-01 -6.08372224e-01 -4.32995876e-01 -3.65261475e-01]
 [-4.99904256e-01 -5.56978755e-01 -5.06747479e-01 -2.71094372e-01]
 [-4.88918256e-01 -5.45937020e-01 -4.03059760e-01 -4.27045390e-01]
 [-3.83256787e-01 -6.26980161e-01 -4.27577114e-01 -3.84506050e-01]
 [-4.61044438e-01 -4.17720990e-01 -5.74403452e-01 -4.04014686e-01]
 [-5.31146053e-01 -4.57759842e-01 -3.97751261e-01 -4.33326550e-01]
 [-3.96916144e-01 -5.25444619e-01 -4.91751408e-01 -3.01849704e-01]
 [-3.65798676e-01 -5.73352320e-01 -3.85709986e-01 -3.96623721e-01]
 [-4.56405915e-01 -4.36453631e-01 -4.59362360e-01 -3.09954274e-01]
 [-4.23384693e-01 -3.86633055e-01 -4.34894724e-01 -4.34783272e-01]
 [-3.89272513e-01 -4.47367504e-01 -4.00932269e-01 -3.73518633e-01]
 [-4.57181981e-01 -4.68707766e-01 -3.78657380e-01 -2.21196368e-01]
 [-4.37980661e-01 -4.97669054e-01 -3.71863946e-01 -1.77027751e-01]
 [-3.41662824e-01 -5.39581215e-01 -3.30415210e-01 -2.52622381e-01]
 [-4.44357183e-01 -4.02853642e-01 -2.90116109e-01 -3.54138032e-01]
 [-3.17567835e-01 -4.92749838e-01 -3.11859341e-01 -3.22070321e-01]
 [-4.14997227e-01 -3.62281425e-01 -4.16823244e-01 -2.17231188e-01]
 [-2.62361128e-01 -4.19969426e-01 -3.87457870e-01 -3.40897780e-01]
 [-3.34055223e-01 -4.33480000e-01 -3.96434769e-01 -1.89386984e-01]
 [-4.04050454e-01 -3.84200864e-01 -2.97023982e-01 -2.40576969e-01]
 [-2.74360284e-01 -3.87101866e-01 -3.63002377e-01 -2.60573409e-01]
 [-3.47791402e-01 -2.82628613e-01 -3.38728217e-01 -3.02869197e-01]
 [-4.34251960e-01 -3.28681942e-01 -3.33635602e-01 -1.34484619e-01]
 [-4.70145909e-01 -2.85549046e-01 -2.74698157e-01 -1.97911648e-01]
 [-3.74644123e-01 -3.67512478e-01 -1.79636054e-01 -2.66489772e-01]
 [-2.37900287e-01 -3.41901593e-01 -3.07768119e-01 -3.10110891e-01]
 [-3.47019151e-01 -3.12928140e-01 -2.64672359e-01 -2.28297181e-01]
 [-2.39165081e-01 -3.11531747e-01 -3.58376568e-01 -2.21101260e-01]
 [-2.83583926e-01 -2.62337558e-01 -2.45225556e-01 -3.32022637e-01]
 [-3.56268184e-01 -1.87582189e-01 -2.86292989e-01 -2.74959570e-01]
 [-2.51522768e-01 -3.64700343e-01 -3.47840691e-01 -1.03110436e-01]
 [-2.19475554e-01 -2.78725460e-01 -3.92140869e-01 -1.77428508e-01]
 [-2.01620180e-01 -4.37272856e-01 -2.24917550e-01 -1.82884736e-01]
 [-4.13258838e-01 -2.59451546e-01 -1.80227289e-01 -1.71355063e-01]
 [-3.50450467e-01 -3.76241194e-01 -1.56693459e-01 -1.12933049e-01]
 [-2.45540101e-01 -1.86918706e-01 -3.17222539e-01 -2.67707385e-01]
 [-3.86019750e-01 -2.34490110e-01 -2.63237135e-01 -9.89627019e-02]
 [-3.59542260e-01 -2.42372524e-01 -1.54164242e-01 -2.19402522e-01]
 [-2.86225352e-01 -3.57160235e-01 -1.70660928e-01 -1.36811588e-01]
 [-3.03144073e-01 -2.08968444e-01 -3.08695834e-01 -1.30332585e-01]
 [-2.46174993e-01 -2.17280434e-01 -2.66632687e-01 -2.00943138e-01]
 [-2.33789094e-01 -3.49847680e-01 -1.28735885e-01 -1.92053679e-01]
 [-2.19661796e-01 -2.24959496e-01 -1.66003922e-01 -3.01635804e-01]
 [-3.22974883e-01 -1.18129160e-01 -2.70964481e-01 -1.81173109e-01]
 [-3.91392149e-01 -1.65170567e-01 -2.19387468e-01 -6.60080332e-02]
 [-2.68539598e-01 -2.00396463e-01 -2.41131423e-01 -9.46978591e-02]
 [-2.94840798e-01 -1.37479888e-01 -2.04299213e-01 -1.59866361e-01]
 [-1.74465390e-01 -2.68346786e-01 -2.02383965e-01 -1.32532896e-01]
 [-1.81968493e-01 -2.37997316e-01 -1.72667759e-01 -1.64165080e-01]
 [-9.92489699e-02 -2.22001392e-01 -2.28931524e-01 -1.95717014e-01]
 [-1.06763741e-01 -2.52108511e-01 -1.46115938e-01 -2.26342643e-01]
 [-1.63080422e-01 -2.97490695e-01 -4.71595768e-02 -2.03556953e-01]
 [-1.69969337e-01 -2.04946639e-01 -7.78540000e-02 -2.49868099e-01]
 [-2.64005488e-01 -2.63795095e-01 -1.15655651e-01 -2.40006689e-02]
 [-2.11433904e-01 -1.94037128e-01 -2.14820115e-01 -3.93432342e-02]
 [-1.91564055e-01 -2.55513621e-01 -8.93421974e-02 -7.82558862e-02]
 [-2.05928717e-01 -1.21889167e-01 -1.00423839e-01 -1.90605089e-01]
 [-1.93876177e-01 -9.25010759e-02 -1.50034515e-01 -1.45425636e-01]
 [-1.30139463e-01 -1.74097726e-01 -1.47549255e-01 -1.04822570e-01]
 [-2.88781730e-01 -5.33702280e-02 -1.05589338e-01 -7.11075757e-02]
 [-1.66248905e-01 -2.77162712e-01  5.37867285e-03 -7.69196320e-02]
 [-1.72722807e-01 -2.17978207e-01 -1.35453083e-01  3.25681008e-02]
 [-5.50571084e-02 -1.48083964e-01 -1.62612639e-01 -1.36188602e-01]
 [-1.11297702e-01 -1.88706582e-01 -2.06075031e-02 -1.55935373e-01]
 [-1.41703676e-01 -1.40803188e-01 -1.01928752e-01 -5.91471847e-02]
 [-1.87371615e-02 -2.38496633e-01 -1.23215659e-01 -3.12459767e-02]
 [-1.20558916e-01 -2.32164159e-01 -4.62714061e-02  2.23958194e-02]
 [-4.97252718e-02 -1.82752345e-01 -1.53289946e-01  2.16075592e-03]
 [-2.32209438e-01 -5.97066674e-02 -6.35279194e-02 -3.71972099e-04]
 [-7.70824552e-02 -1.25791337e-01 -4.95713633e-02 -9.07058399e-02]
 [-1.09364968e-01 -8.71181116e-02 -8.52099974e-02 -3.42346318e-02]
 [-1.43099720e-01  3.46994121e-02 -5.26808165e-02 -1.11289924e-01]
 [ 3.71219646e-02 -1.58457218e-01 -5.97283337e-02 -1.05902201e-01]
 [-2.88898665e-02 -2.68269660e-01  1.40945967e-02  3.87151744e-02]
 [-4.90578543e-02 -4.46871947e-02 -2.70371605e-02 -9.38164461e-02]
 [-8.99973195e-02 -5.05053513e-02  6.76988494e-02 -1.23989606e-01]
 [-1.30448608e-01 -3.57960537e-02 -1.58712547e-02  9.22246836e-03]
 [-1.28769735e-01 -3.45093161e-02  3.11891958e-02 -2.98148412e-02]
 [-7.56713878e-02  5.02089616e-02 -1.08715577e-01 -1.71092432e-02]
 [-3.22066993e-02 -1.55008910e-01  1.05711641e-01 -6.44825604e-02]
 [-8.82574115e-02 -5.10501303e-02 -7.31290989e-02  1.02544619e-01]
 [-6.42066915e-02  2.35293843e-02  8.84715300e-02 -1.39832186e-01]
 [ 1.15472581e-02 -7.88935907e-02  1.06817579e-01 -1.37859412e-01]
 [-7.09489100e-02 -1.32074852e-01  6.00064918e-02  7.33324382e-02]
 [ 3.66867147e-02  1.74715519e-02 -9.44542233e-02 -3.23077496e-02]
 [-7.45107234e-03 -6.31770436e-02 -5.90780005e-03  4.11318652e-02]
 [ 8.86908732e-02 -1.49519555e-02 -1.97910126e-02 -7.86179099e-02]
 [-3.45791262e-02  4.40527797e-02  4.85166777e-02 -1.50275137e-02]
 [ 4.93692383e-02 -2.22609993e-02 -6.74205422e-02  8.74678101e-02]
 [-7.34431092e-02  5.13617229e-02  9.46183279e-02  6.29902817e-03]
 [ 7.59780034e-02  8.17905180e-03 -4.87875976e-02  3.90828792e-02]
 [ 7.37506561e-02  1.52045246e-02  6.08134624e-02 -6.24504518e-02]
 [-2.24220455e-02  6.29241057e-02  4.30194661e-02  6.77959397e-02]
 [ 2.05126572e-02 -9.19241756e-02  1.64479574e-01  8.17255974e-02]
 [ 9.04297903e-02 -8.53824988e-03  2.73002684e-02  6.97913747e-02]
 [ 3.50087360e-02  2.15673521e-02  1.08429339e-01  5.36007453e-02]
 [ 7.10454471e-02 -4.18333020e-02  2.23158812e-01  1.62999053e-02]
 [ 2.72646174e-03  2.03063194e-01  1.02978647e-02  7.13368617e-02]
 [ 4.11069468e-02 -3.10760010e-02  1.40341321e-01  1.41493207e-01]
 [ 6.08461387e-02 -6.02816716e-02  1.10117059e-01  1.94473619e-01]
 [ 5.42024262e-02  5.12613337e-02  1.41110385e-01  9.48660802e-02]
 [ 1.23139186e-01  9.65682138e-02  3.50606851e-02  1.15219370e-01]
 [ 1.47660553e-01 -5.68527747e-02  1.85674325e-01  1.10107506e-01]
 [-3.49107310e-02  1.83583153e-01  1.78687813e-01  1.06706047e-01]
 [ 2.46265944e-01  6.79023191e-03  5.24093900e-02  8.45487807e-02]
 [ 1.25975264e-01  1.67942280e-01  2.81056520e-02  1.03894746e-01]
 [ 8.38617794e-03  1.14802897e-01  1.79351008e-01  1.58603348e-01]
 [ 1.77451229e-01  7.85335600e-02  1.31053951e-01  6.47410043e-02]
 [ 7.35563692e-02  1.49844445e-01  1.80733820e-01  9.16290898e-02]
 [ 1.55254126e-01  5.07211462e-02  9.23951026e-02  2.09718717e-01]
 [ 1.45165132e-01  1.34342533e-01  2.22353429e-01  6.01994637e-02]
 [ 2.73040568e-01  6.48576785e-02  2.44552856e-01 -3.82433459e-03]
 [ 1.39800839e-01  2.03785941e-01  2.64257619e-01  2.67526470e-02]
 [ 1.13544133e-01  2.11440792e-01  1.55070284e-01  1.54878560e-01]
 [ 2.76408203e-01 -2.78086476e-02  2.99760738e-01  9.14879125e-02]
 [ 2.53026590e-01  2.41100321e-01  1.27245411e-01  5.27727529e-02]
 [ 2.38241086e-01  1.22681743e-01  2.89020425e-01  3.86566669e-02]
 [ 2.89391777e-01  1.45966114e-01  8.87577031e-02  1.58698918e-01]
 [ 8.60651731e-02  2.82411244e-01  2.92759763e-01  8.27396754e-02]
 [ 2.72708487e-01  2.07561877e-01  1.22298172e-01  9.55104865e-02]
 [ 2.78428076e-01  1.08315252e-01  1.87591419e-01  1.35413840e-01]
 [ 2.10335100e-01  9.90567245e-02  2.31464818e-01  1.89544722e-01]
 [ 2.05957739e-01  1.60500595e-01  3.14908618e-01  8.64030104e-02]
 [ 2.56461728e-01  5.45287766e-02  2.94185245e-01  1.68365648e-01]
 [ 1.67665936e-01  1.95686983e-01  1.91804554e-01  2.48934116e-01]
 [ 3.06195540e-01  1.15376854e-01  2.60643279e-01  1.08537480e-01]
 [ 1.59432922e-01  2.90156448e-01  1.83204727e-01  2.04363855e-01]
 [ 2.62455886e-01  1.38394535e-01  3.90696194e-01  6.93832356e-02]
 [ 1.44090839e-01  2.69263102e-01  3.88781609e-01  9.67362504e-02]
 [ 3.17725565e-01  2.14021008e-01  2.84711460e-01  8.18668269e-02]
 [ 2.23643728e-01  2.54721042e-01  2.75749154e-01  1.76369315e-01]
 [ 2.32361320e-01  2.24279303e-01  3.49302536e-01  1.51575081e-01]
 [ 3.45515084e-01  1.91311760e-01  2.28006419e-01  1.78075727e-01]
 [ 3.39220064e-01  6.55570608e-02  3.45520237e-01  2.33852495e-01]
 [ 1.78996429e-01  2.34646320e-01  3.71691464e-01  2.57616406e-01]
 [ 2.43811183e-01  1.95073606e-01  4.01217282e-01  2.00141672e-01]
 [ 2.88627774e-01  2.32591279e-01  3.21035301e-01  2.06571840e-01]
 [ 3.25848177e-01  3.06963865e-01  3.40305481e-01  1.21554168e-01]
 [ 3.89603335e-01  2.28155373e-01  3.81220186e-01  9.80358645e-02]
 [ 4.30913249e-01  1.73948769e-01  2.24630358e-01  2.59569071e-01]
 [ 4.11846565e-01  1.34989431e-01  3.42717260e-01  2.35261740e-01]
 [ 4.23715962e-01  1.64377958e-01  4.07739198e-01  1.63268982e-01]
 [ 3.07760075e-01  2.94161310e-01  4.45526881e-01  1.67893553e-01]
 [ 4.08937603e-01  2.29629360e-01  2.60912217e-01  2.95950411e-01]
 [ 3.52956749e-01  2.12563166e-01  4.20873187e-01  2.74150753e-01]
 [ 2.89090751e-01  3.57703580e-01  3.46262962e-01  2.84966195e-01]
 [ 3.62051258e-01  3.70756174e-01  3.70735131e-01  1.86724816e-01]
 [ 3.50479415e-01  3.37705981e-01  3.79725842e-01  2.27490507e-01]
 [ 4.16208129e-01  2.60128424e-01  3.64131903e-01  2.50617146e-01]
 [ 4.30726590e-01  3.21465917e-01  4.67239596e-01  1.33314788e-01]
 [ 3.32847308e-01  4.40692239e-01  3.24217658e-01  2.80512741e-01]
 [ 2.78614184e-01  3.96346290e-01  4.92578411e-01  2.61620410e-01]
 [ 3.45335040e-01  3.05506798e-01  4.54143723e-01  3.03797457e-01]
 [ 4.46188524e-01  3.11871070e-01  2.81161824e-01  3.75925962e-01]
 [ 4.35958698e-01  2.89272344e-01  3.86390120e-01  3.35351106e-01]
 [ 4.72330382e-01  3.40576258e-01  4.44607511e-01  2.69993959e-01]
 [ 3.84999672e-01  3.71667888e-01  5.52865278e-01  3.01729649e-01]
 [ 4.40160723e-01  3.80104199e-01  4.08953410e-01  3.55067506e-01]
 [ 5.15643902e-01  3.66578899e-01  4.07900987e-01  3.29988014e-01]
 [ 4.17170404e-01  4.11546901e-01  5.81671938e-01  3.23329998e-01]
 [ 4.91149209e-01  4.54694906e-01  5.30575335e-01  2.57843148e-01]
 [ 5.47939684e-01  4.20511145e-01  4.41602053e-01  2.94952305e-01]
 [ 4.97740917e-01  4.42173792e-01  3.79990950e-01  4.14896628e-01]
 [ 5.86428881e-01  3.89453847e-01  5.52086679e-01  2.64183756e-01]
 [ 5.28983787e-01  5.41196486e-01  5.20235265e-01  2.56815407e-01]
 [ 5.16693914e-01  4.61257510e-01  6.31652750e-01  2.75751771e-01]
 [ 4.82435388e-01  5.01522439e-01  6.11631263e-01  3.15840563e-01]
 [ 6.18725736e-01  3.35170530e-01  5.78940066e-01  3.60754805e-01]
 [ 5.05133485e-01  4.94369430e-01  6.18869288e-01  3.25779496e-01]
 [ 9.97970421e-01  6.42818488e-01  9.81676817e-01  5.53197000e-01]
 [ 9.89353321e-01  8.62563789e-01  8.93367244e-01  5.25226856e-01]
 [ 9.69972763e-01  8.29269251e-01  8.57154734e-01  5.76242900e-01]
 [ 9.67125891e-01  7.66451962e-01  8.22635878e-01  6.38057321e-01]
 [ 9.55411062e-01  7.19356958e-01  8.97308782e-01  4.57189390e-01]
 [ 9.45928987e-01  6.03199350e-01  8.66974050e-01  5.29607108e-01]
 [ 9.78219844e-01  6.72207294e-01  7.67866438e-01  5.95454358e-01]
 [ 9.86525269e-01  7.27948399e-01  7.49399286e-01  5.69821117e-01]
 [ 9.26220192e-01  6.92017023e-01  8.42428198e-01  5.33820236e-01]
 [ 8.28500124e-01  6.29432196e-01  8.75565073e-01  4.91480127e-01]
 [ 9.02159253e-01  6.77734412e-01  7.86383903e-01  4.38423026e-01]
 [ 8.73694897e-01  5.37260529e-01  7.41491443e-01  4.93833099e-01]
 [ 8.48786244e-01  6.24129444e-01  7.75759142e-01  4.68195023e-01]
 [ 7.84578418e-01  5.80873853e-01  6.83255723e-01  4.32313656e-01]
 [ 7.52423929e-01  6.35904619e-01  7.16937969e-01  4.42748852e-01]]",5,30
0.03095696430628894,0.01925684676060415,0.08641105652765547,0.4367816091954023,0.3994815978363862,0.42372280465869916,0.9427899406009512,87,182,"[[-5.83474683e-01 -6.13483174e-01 -6.40360368e-01 -5.99411504e-01]
 [-5.63613428e-01 -5.84339019e-01 -6.10158991e-01 -5.48872693e-01]
 [-5.22210563e-01 -6.49211293e-01 -6.26034318e-01 -6.50820967e-01]
 [-4.83691713e-01 -5.08832937e-01 -5.88701567e-01 -5.51290659e-01]
 [-5.02837634e-01 -6.82261486e-01 -6.23504754e-01 -7.00894363e-01]
 [-4.85632803e-01 -6.41611837e-01 -5.23986777e-01 -6.32959059e-01]
 [-5.50164059e-01 -5.78170521e-01 -5.70097964e-01 -3.93816235e-01]
 [-4.51534452e-01 -7.04046438e-01 -5.61855474e-01 -5.73646832e-01]
 [-5.06868770e-01 -5.04556380e-01 -4.94431622e-01 -4.85207705e-01]
 [-4.80753539e-01 -4.99140006e-01 -4.86068277e-01 -4.98202791e-01]
 [-4.61044438e-01 -4.17720990e-01 -5.74403452e-01 -4.04014686e-01]
 [-4.88918256e-01 -5.45937020e-01 -4.03059760e-01 -4.27045390e-01]
 [-5.31146053e-01 -4.57759842e-01 -3.97751261e-01 -4.33326550e-01]
 [-4.69724648e-01 -5.13069218e-01 -3.47460136e-01 -4.71240718e-01]
 [-5.20160113e-01 -4.39377796e-01 -5.12815092e-01 -2.76776640e-01]
 [-5.32174909e-01 -3.95804452e-01 -4.22443107e-01 -3.68124189e-01]
 [-3.96916144e-01 -5.25444619e-01 -4.91751408e-01 -3.01849704e-01]
 [-4.56405915e-01 -4.36453631e-01 -4.59362360e-01 -3.09954274e-01]
 [-3.89272513e-01 -4.47367504e-01 -4.00932269e-01 -3.73518633e-01]
 [-3.00532589e-01 -4.84372303e-01 -4.17088371e-01 -4.04633386e-01]
 [-4.86633290e-01 -3.50676531e-01 -4.25661234e-01 -3.14984290e-01]
 [-4.57181981e-01 -4.68707766e-01 -3.78657380e-01 -2.21196368e-01]
 [-4.44357183e-01 -4.02853642e-01 -2.90116109e-01 -3.54138032e-01]
 [-4.37980661e-01 -4.97669054e-01 -3.71863946e-01 -1.77027751e-01]
 [-3.17567835e-01 -4.92749838e-01 -3.11859341e-01 -3.22070321e-01]
 [-4.14997227e-01 -3.62281425e-01 -4.16823244e-01 -2.17231188e-01]
 [-3.66216648e-01 -3.45795194e-01 -4.84807510e-01 -1.85551461e-01]
 [-4.04050454e-01 -3.84200864e-01 -2.97023982e-01 -2.40576969e-01]
 [-2.74360284e-01 -3.87101866e-01 -3.63002377e-01 -2.60573409e-01]
 [-3.47791402e-01 -2.82628613e-01 -3.38728217e-01 -3.02869197e-01]
 [-3.81098723e-01 -4.53459363e-01 -2.15874186e-01 -2.03705452e-01]
 [-4.34251960e-01 -3.28681942e-01 -3.33635602e-01 -1.34484619e-01]
 [-4.70145909e-01 -2.85549046e-01 -2.74698157e-01 -1.97911648e-01]
 [-3.74644123e-01 -3.67512478e-01 -1.79636054e-01 -2.66489772e-01]
 [-3.47019151e-01 -3.12928140e-01 -2.64672359e-01 -2.28297181e-01]
 [-2.39165081e-01 -3.11531747e-01 -3.58376568e-01 -2.21101260e-01]
 [-2.83583926e-01 -2.62337558e-01 -2.45225556e-01 -3.32022637e-01]
 [-3.56268184e-01 -1.87582189e-01 -2.86292989e-01 -2.74959570e-01]
 [-3.37687628e-01 -4.38195750e-01 -1.32495049e-01 -1.72762886e-01]
 [-2.51522768e-01 -3.64700343e-01 -3.47840691e-01 -1.03110436e-01]
 [-4.13258838e-01 -2.59451546e-01 -1.80227289e-01 -1.71355063e-01]
 [-3.50450467e-01 -3.76241194e-01 -1.56693459e-01 -1.12933049e-01]
 [-3.86019750e-01 -2.34490110e-01 -2.63237135e-01 -9.89627019e-02]
 [-2.86225352e-01 -3.57160235e-01 -1.70660928e-01 -1.36811588e-01]
 [-3.03144073e-01 -2.08968444e-01 -3.08695834e-01 -1.30332585e-01]
 [-2.46174993e-01 -2.17280434e-01 -2.66632687e-01 -2.00943138e-01]
 [-3.40142390e-01 -2.51476379e-01 -2.89912025e-01 -4.15449757e-02]
 [-3.87094103e-01 -3.53723750e-01 -9.38809402e-02 -5.85795082e-02]
 [-4.54723405e-01 -2.80035159e-01 -4.37496938e-02 -1.18054511e-01]
 [-3.20127755e-01 -3.36667357e-01 -1.93327431e-01 -1.20053664e-02]
 [-3.55959529e-01 -3.07756295e-01 -2.86577288e-02 -1.49173109e-01]
 [-3.91392149e-01 -1.65170567e-01 -2.19387468e-01 -6.60080332e-02]
 [-2.68539598e-01 -2.00396463e-01 -2.41131423e-01 -9.46978591e-02]
 [-2.75447721e-01 -2.93244667e-01 -1.33885551e-01 -7.74695631e-02]
 [-1.81968493e-01 -2.37997316e-01 -1.72667759e-01 -1.64165080e-01]
 [-2.96461340e-01 -3.13702900e-01 -1.45242149e-01  5.23086637e-03]
 [-3.57599266e-01 -9.39700846e-02 -2.18285846e-01 -8.98778364e-02]
 [-2.64005488e-01 -2.63795095e-01 -1.15655651e-01 -2.40006689e-02]
 [-3.39252219e-01 -1.52021948e-01 -6.78211562e-02 -1.13407051e-01]
 [-2.11433904e-01 -1.94037128e-01 -2.14820115e-01 -3.93432342e-02]
 [-3.49652918e-01 -2.73087680e-01 -3.82216722e-02  1.71041247e-02]
 [-1.91564055e-01 -2.55513621e-01 -8.93421974e-02 -7.82558862e-02]
 [-3.58373983e-01 -2.41060816e-01 -8.67384691e-02  6.07296452e-02]
 [-3.44005784e-01 -2.65951566e-01  3.96235976e-02 -6.30919822e-03]
 [-2.56490836e-01 -2.33751828e-01 -9.38421115e-03 -5.39549366e-02]
 [-3.79457857e-01 -1.36025913e-01 -3.10678463e-02 -1.98367219e-02]
 [-1.66248905e-01 -2.77162712e-01  5.37867285e-03 -7.69196320e-02]
 [-1.72722807e-01 -2.17978207e-01 -1.35453083e-01  3.25681008e-02]
 [-3.77780899e-01 -1.37434736e-01  1.59940347e-02  3.56397964e-03]
 [-2.50907658e-01 -2.27224158e-01  6.02915697e-03  3.20191830e-02]
 [-1.99267216e-01 -1.11544233e-01 -1.60008471e-01  2.89654508e-02]
 [-2.56296609e-01 -1.18887775e-01 -1.39448773e-01  8.31029490e-02]
 [-2.43434355e-01 -1.34440230e-01 -5.58394361e-02  5.22500817e-02]
 [-2.32209438e-01 -5.97066674e-02 -6.35279194e-02 -3.71972099e-04]
 [-3.00021898e-01 -1.27134843e-01 -1.97718609e-02  1.22256840e-01]
 [-1.97829330e-01 -2.21833749e-01  4.22303062e-02  1.02021411e-01]
 [-2.69910734e-01 -8.99829660e-02  1.23092867e-01 -2.06648447e-02]
 [-1.51920456e-01 -1.84259554e-01 -8.01845472e-02  1.77560804e-01]
 [-3.12482275e-01 -1.65398821e-01  3.31591088e-02  2.22190311e-01]
 [-2.25843461e-01 -1.72252990e-02 -1.20569484e-01  1.33922236e-01]
 [-2.29981078e-01 -5.74433524e-02  7.68964905e-02  2.30401736e-02]
 [-1.77983504e-01 -7.63145946e-02  2.27020867e-03  8.25533234e-02]
 [-1.82139941e-01 -9.89552382e-02 -5.42925913e-02  1.97501734e-01]
 [-8.82574115e-02 -5.10501303e-02 -7.31290989e-02  1.02544619e-01]
 [-7.09489100e-02 -1.32074852e-01  6.00064918e-02  7.33324382e-02]
 [-3.16720016e-01 -9.89155099e-02  9.10829064e-02  2.50551796e-01]
 [-3.15589210e-01 -4.22390737e-03  8.39619152e-03  2.18220914e-01]
 [-1.27972130e-01 -1.77457752e-01  1.49077006e-01  1.21707184e-01]
 [-2.92613413e-01 -1.35949487e-01  2.17297826e-01  1.76034281e-01]
 [-2.49853777e-01 -2.41488144e-02  1.73625235e-01  6.28064889e-02]
 [-2.07605802e-01 -1.20244324e-01  1.02924405e-01  2.07869284e-01]
 [-1.88290101e-01 -8.71936474e-02  1.46553628e-01  1.28036980e-01]
 [-3.08994850e-01  2.63396073e-02  1.21480959e-01  1.70780947e-01]
 [-5.12251798e-02 -4.12127133e-02  1.96500309e-02  1.17093062e-01]
 [-1.45266963e-01  3.56213842e-02  5.68903666e-02  9.96233393e-02]
 [-2.40322338e-01  1.70815717e-02  7.95571078e-02  2.24917850e-01]
 [-2.20569432e-01 -1.25683879e-01  2.37860564e-01  2.47023502e-01]
 [-1.25585066e-01  5.92791662e-03  1.92590050e-01  4.85998224e-02]
 [-1.67810105e-01  9.91623886e-02  2.89058704e-02  1.61437292e-01]
 [-2.89248088e-01  5.52400984e-02  1.28000814e-01  2.43311832e-01]
 [-9.31898411e-02  2.24006698e-02  1.55839993e-01  7.97912981e-02]
 [-2.63468353e-01 -5.06173037e-02  2.33265296e-01  2.69806467e-01]
 [-1.53375519e-01 -4.46712561e-02  2.13854976e-01  1.87512105e-01]
 [-1.12646328e-01  1.99672263e-02  1.84574686e-02  2.76225373e-01]
 [-8.46082624e-02 -3.04853935e-02  1.24180786e-01  2.41898688e-01]
 [-1.95024723e-01 -5.49929813e-02  1.91222951e-01  3.40796642e-01]
 [-1.13411400e-01  1.14666328e-01  6.95623048e-02  1.92623984e-01]
 [-3.05000842e-02 -7.19320606e-02  1.99893726e-01  2.22094681e-01]
 [-1.80620128e-01  3.80690806e-02  1.78907167e-01  2.94363815e-01]
 [-1.87072437e-01  7.02010710e-02  2.21613470e-01  2.36848332e-01]
 [-1.91554796e-01  1.36682982e-01  1.54655516e-01  2.67200999e-01]
 [-6.02835957e-02  3.51106189e-02  2.38901498e-01  2.04985546e-01]
 [-2.23835438e-01  8.01260974e-02  2.45962556e-01  3.57859513e-01]
 [-1.26908084e-01 -2.11001355e-02  3.45733801e-01  3.05813339e-01]
 [-1.00586129e-01  5.28347567e-02  2.32000941e-01  3.25307321e-01]
 [-9.17979199e-02 -5.35014831e-03  3.05339303e-01  3.37248925e-01]
 [-6.38749711e-02  1.39621774e-01  2.16613485e-01  2.31533734e-01]
 [-1.89096227e-01  7.30132349e-02  2.98021296e-01  3.86715522e-01]
 [-1.59628440e-01  1.24785438e-01  3.37991273e-01  2.61399554e-01]
 [-3.24733574e-02  2.71645021e-02  3.24548215e-01  2.89809085e-01]
 [-3.73349674e-02  1.19904935e-01  2.74946369e-01  2.41357286e-01]
 [-8.60241875e-02  1.17101392e-01  1.97545296e-01  3.88981411e-01]
 [-1.33035978e-01  2.76981220e-02  3.77646234e-01  4.05424662e-01]
 [-6.60071652e-02  4.57352493e-02  2.88453143e-01  4.14614718e-01]
 [-2.71703005e-02  1.51456295e-01  1.92370703e-01  3.61258656e-01]
 [-1.27343394e-01  1.62345137e-01  3.12110865e-01  3.63539841e-01]
 [-6.17901534e-02  1.28754433e-01  2.63722271e-01  3.94898713e-01]
 [-5.18539231e-02  5.63701913e-02  4.24932396e-01  3.74039549e-01]
 [-7.20662326e-02  1.45218147e-01  4.00680760e-01  3.16363089e-01]
 [-1.77253829e-01  2.56538847e-01  3.51270296e-01  3.99062727e-01]
 [ 5.22452313e-02  1.44843636e-01  3.54311280e-01  2.85779919e-01]
 [-2.96250544e-02  8.80212635e-02  3.55036404e-01  4.80040772e-01]
 [-1.16077652e-01  2.08279327e-01  4.35138604e-01  3.75705121e-01]
 [-9.82481986e-03  1.17470359e-01  3.95483220e-01  4.33869379e-01]
 [ 3.23725622e-02  1.77955545e-01  3.96147607e-01  3.62689763e-01]
 [-6.49857670e-02  1.26856545e-01  5.00119979e-01  4.71824856e-01]
 [-8.42910446e-03  2.84514913e-01  3.34135728e-01  3.67677622e-01]
 [ 1.01678893e-02  2.08629102e-01  3.25227324e-01  4.76497734e-01]
 [-8.72869063e-02  1.63967904e-01  4.43787878e-01  5.96591547e-01]
 [ 2.54653767e-03  3.01628835e-01  2.99781928e-01  4.45569310e-01]
 [-4.51987237e-03  2.06116503e-01  3.85371199e-01  5.33172267e-01]
 [ 2.94835605e-02  2.41984477e-01  4.24313547e-01  4.22029650e-01]
 [ 4.14061528e-02  1.59588885e-01  5.15582247e-01  4.56750209e-01]
 [ 2.22246125e-02  2.72179274e-01  4.50733852e-01  4.05780278e-01]
 [-2.31637117e-02  2.69948117e-01  5.49819771e-01  3.90218107e-01]
 [ 4.08505369e-02  3.35224450e-01  4.78843138e-01  3.40609161e-01]
 [ 1.05763024e-01  2.35953778e-01  3.80329223e-01  5.16997168e-01]
 [-1.20321475e-02  2.99243374e-01  4.89672951e-01  5.14021855e-01]
 [ 5.71795739e-03  2.04877287e-01  6.13343833e-01  5.48730392e-01]
 [ 8.60425793e-02  1.61363089e-01  5.55658532e-01  6.12279614e-01]
 [ 1.64380293e-01  1.94814788e-01  5.25119640e-01  4.85205501e-01]
 [ 1.32751413e-01  1.77603154e-01  5.96055441e-01  5.18102719e-01]
 [ 9.83880851e-02  2.66484030e-01  4.94657200e-01  5.61324645e-01]
 [ 3.37701309e-02  3.14543400e-01  6.09400362e-01  4.96192995e-01]
 [-6.90552220e-03  2.88323948e-01  6.08641364e-01  6.70444956e-01]
 [-6.72226436e-02  4.48975833e-01  5.95253669e-01  5.79307344e-01]
 [ 7.90155977e-02  3.16653060e-01  5.69385052e-01  5.91145433e-01]
 [ 1.39759067e-01  3.32647195e-01  5.28984895e-01  5.59714600e-01]
 [ 6.70812838e-02  3.49764500e-01  6.80159634e-01  5.10325272e-01]
 [ 1.87274441e-02  4.14789284e-01  5.71996257e-01  6.59095110e-01]
 [ 1.68582125e-01  2.09254226e-01  6.82569625e-01  6.30868722e-01]
 [ 2.25138806e-01  3.64227107e-01  4.81244424e-01  5.28946025e-01]
 [ 5.50632458e-02  4.48385732e-01  6.41688118e-01  5.53108744e-01]
 [ 2.05918880e-01  2.81579744e-01  5.79348987e-01  6.23271452e-01]
 [ 1.25752853e-01  2.96833929e-01  7.65563989e-01  5.74355045e-01]
 [ 1.69978812e-01  3.88044292e-01  6.17361674e-01  5.65224795e-01]
 [ 6.36766627e-02  4.13199643e-01  7.72498112e-01  6.41543174e-01]
 [ 1.51628546e-01  3.66002768e-01  7.21531197e-01  6.04379129e-01]
 [ 2.52275715e-01  4.09063017e-01  6.53572571e-01  4.97021062e-01]
 [ 1.30134037e-01  4.83155714e-01  6.56747743e-01  7.09235165e-01]
 [ 1.87331893e-01  3.57444854e-01  7.89218759e-01  6.40074771e-01]
 [ 2.11428598e-01  4.00601752e-01  7.30882883e-01  6.45869052e-01]
 [ 1.90435017e-01  4.40471847e-01  7.51241723e-01  6.75412476e-01]
 [ 1.80888847e-01  5.37214823e-01  7.57277684e-01  6.17857425e-01]
 [ 1.94425453e-01  5.42215673e-01  7.07706805e-01  7.51803935e-01]
 [ 2.71015262e-01  4.85027665e-01  6.45155646e-01  7.51994008e-01]
 [ 2.59274719e-01  4.45854612e-01  7.93302188e-01  7.45295435e-01]
 [ 2.67162628e-01  5.24027094e-01  8.13809333e-01  6.72168845e-01]
 [ 3.35768376e-01  5.52070102e-01  7.19302211e-01  7.08572118e-01]
 [ 3.55135383e-01  4.97597318e-01  8.19707697e-01  6.20597098e-01]
 [ 4.51566275e-01  5.08282829e-01  7.77305312e-01  7.03361245e-01]
 [ 4.40257004e-01  4.94170213e-01  8.84287292e-01  6.99805681e-01]]",6,30
0.03128088231744167,0.01480376677614771,0.18045695130247547,0.7241379310344828,0.41617879119222895,0.42372280465869916,0.9821958757364287,87,183,"[[-0.66555594 -0.47269342 -0.55912658 -0.49539483]
 [-0.56361343 -0.58433902 -0.61015899 -0.54887269]
 [-0.65511929 -0.56908113 -0.54144031 -0.5805484 ]
 [-0.6310875  -0.39713145 -0.56975938 -0.52450936]
 [-0.710264   -0.51575537 -0.65035481 -0.5689841 ]
 [-0.64295315 -0.42652025 -0.6797796  -0.5770243 ]
 [-0.66939155 -0.48945053 -0.65600901 -0.63825627]
 [-0.60393081 -0.55252009 -0.66443764 -0.66259899]
 [-0.75572591 -0.44892763 -0.71278438 -0.56781613]
 [-0.66759481 -0.68475018 -0.67246974 -0.61945847]
 [-0.68083753 -0.46030661 -0.59445178 -0.71321301]
 [-0.80321667 -0.61741675 -0.60575731 -0.65097757]
 [-0.78335544 -0.58821108 -0.6437855  -0.70055513]
 [-0.67734006 -0.53627812 -0.73706246 -0.69427754]
 [-0.8506272  -0.49874719 -0.67463006 -0.6925159 ]
 [-0.75312806 -0.62859365 -0.74096344 -0.67450631]
 [-0.69657199 -0.63297695 -0.71453078 -0.74414119]
 [-0.78648563 -0.55791235 -0.69421896 -0.76829423]
 [-0.8480504  -0.61681872 -0.79978742 -0.66455353]
 [-0.84273301 -0.7415506  -0.68195328 -0.73601824]
 [-0.6941043  -0.75811262 -0.73584862 -0.76004639]
 [-0.73352943 -0.54763911 -0.73042202 -0.83793007]
 [-0.32756179 -0.31537726 -0.37739662 -0.40884638]
 [-0.91348812 -0.5931229  -0.70378652 -0.79866166]
 [-0.26236113 -0.41996943 -0.38745787 -0.34089778]
 [-0.35984394 -0.25293536 -0.41179165 -0.34559954]
 [-0.41356047 -0.23692451 -0.37596152 -0.29513702]
 [-0.3477914  -0.28262861 -0.33872822 -0.3028692 ]
 [-0.29174842 -0.27239664 -0.43420235 -0.2471857 ]
 [-0.26369576 -0.23932531 -0.3262935  -0.40025503]
 [-0.23790029 -0.34190159 -0.30776812 -0.31011089]
 [-0.29791629 -0.17664546 -0.35329852 -0.33844013]
 [-0.34701915 -0.31292814 -0.26467236 -0.22829718]
 [-0.23916508 -0.31153175 -0.35837657 -0.22110126]
 [-0.35626818 -0.18758219 -0.28629299 -0.27495957]
 [-0.28641303 -0.14701303 -0.39715651 -0.26302915]
 [-0.35514069 -0.15727552 -0.36030641 -0.19376724]
 [-0.21947555 -0.27872546 -0.39214087 -0.17742851]
 [-0.2455401  -0.18691871 -0.31722254 -0.26770739]
 [-0.11603788 -0.33894704 -0.36788357 -0.18850607]
 [-0.11099697 -0.30669285 -0.29435606 -0.28016019]
 [-0.24617499 -0.21728043 -0.26663269 -0.20094314]
 [-0.16518722 -0.32417742 -0.28328203 -0.15768174]
 [-0.32297488 -0.11812916 -0.27096448 -0.18117311]
 [-0.27292077 -0.01172587 -0.3374991  -0.24472996]
 [-0.19665197 -0.03703628 -0.38670568 -0.22453351]
 [-0.15773435 -0.32980431 -0.09920998 -0.26521611]
 [-0.2685396  -0.20039646 -0.24113142 -0.09469786]
 [-0.12317033 -0.18203737 -0.25709565 -0.23307771]
 [-0.17446539 -0.26834679 -0.20238397 -0.1325329 ]
 [-0.18196849 -0.23799732 -0.17266776 -0.16416508]
 [-0.09924897 -0.22200139 -0.22893152 -0.19571701]
 [-0.10676374 -0.25210851 -0.14611594 -0.22634264]
 [-0.16996934 -0.20494664 -0.077854   -0.2498681 ]
 [-0.09653504 -0.12724703 -0.18719797 -0.2730098 ]
 [-0.11820594 -0.28149657 -0.10440181 -0.17188195]
 [-0.2114339  -0.19403713 -0.21482011 -0.03934323]
 [-0.20592872 -0.12188917 -0.10042384 -0.19060509]
 [-0.19387618 -0.09250108 -0.15003452 -0.14542564]
 [-0.08034439 -0.31626711 -0.17410131 -0.03568324]
 [-0.13013946 -0.17409773 -0.14754925 -0.10482257]
 [-0.16046396 -0.10521174 -0.23689546 -0.02023699]
 [-0.05505711 -0.14808396 -0.16261264 -0.1361886 ]
 [-0.17272281 -0.21797821 -0.13545308  0.0325681 ]
 [-0.08858943 -0.15884174 -0.20088938 -0.01088885]
 [-0.14170368 -0.14080319 -0.10192875 -0.05914718]
 [-0.01873716 -0.23849663 -0.12321566 -0.03124598]
 [-0.04972527 -0.18275234 -0.15328995  0.00216076]
 [-0.07708246 -0.12579134 -0.04957136 -0.09070584]
 [-0.03749745 -0.01529842 -0.22348221 -0.05453069]
 [-0.10936497 -0.08711811 -0.08521    -0.03423463]
 [-0.08705639  0.01660876 -0.14076243 -0.06861344]
 [ 0.03712196 -0.15845722 -0.05972833 -0.1059022 ]
 [ 0.01485175 -0.26186153 -0.15630801  0.09187859]
 [ 0.04333341 -0.02357369 -0.12501957 -0.1319191 ]
 [ 0.00689938 -0.12082134 -0.08658963 -0.01915829]
 [-0.03779098 -0.14970194 -0.09722588  0.08393052]
 [ 0.03791944 -0.05140518 -0.18212425  0.01400242]
 [ 0.0191582  -0.20233766 -0.03177828  0.0375927 ]
 [ 0.08791663 -0.15007979 -0.14362984  0.04946209]
 [-0.02504003 -0.21164052 -0.06674137  0.14720765]
 [-0.08825741 -0.05105013 -0.0731291   0.10254462]
 [ 0.0765355  -0.18337484 -0.10585247  0.09900569]
 [ 0.03668671  0.01747155 -0.09445422 -0.03230775]
 [ 0.14225444 -0.16714229 -0.05349064  0.00494895]
 [-0.03625802  0.04192347 -0.06066456  0.02400604]
 [-0.00745107 -0.06317704 -0.0059078   0.04113187]
 [ 0.0132882  -0.08517712 -0.0965007   0.15123488]
 [ 0.10869121 -0.09593418 -0.00967039  0.02593287]
 [ 0.04936924 -0.022261   -0.06742054  0.08746781]
 [ 0.075978    0.00817905 -0.0487876   0.03908288]
 [ 0.15868465 -0.18910803  0.03597192  0.08682276]
 [ 0.14279692  0.02393273 -0.1048268   0.07076165]
 [-0.02242205  0.06292411  0.04301947  0.06779594]
 [ 0.170645   -0.22932584 -0.01671874  0.19371483]
 [ 0.09042979 -0.00853825  0.02730027  0.06979137]
 [ 0.04600141  0.05995245 -0.08863635  0.1643911 ]
 [ 0.1283487  -0.02380187  0.06380578  0.0381147 ]
 [ 0.0972255  -0.07158467  0.05876323  0.12913173]
 [ 0.21745565 -0.10611158  0.0133997   0.0977498 ]
 [ 0.23190949 -0.00602082 -0.03092653  0.05652524]
 [ 0.06353198  0.03424827  0.00414284  0.17840733]
 [ 0.16912817  0.0873525  -0.07476521  0.13596258]
 [ 0.05420243  0.05126133  0.14111038  0.09486608]
 [ 0.20550196 -0.0701654  -0.0551291   0.24480332]
 [ 0.12313919  0.09656821  0.03506069  0.11521937]
 [ 0.16419556 -0.12086727  0.15036629  0.17534062]
 [ 0.24626594  0.00679023  0.05240939  0.08454878]
 [ 0.11216581  0.07185046 -0.0216583   0.22977137]
 [ 0.190657    0.06936349  0.01801386  0.14636059]
 [ 0.18406442 -0.08757296  0.10015384  0.22294596]
 [ 0.33504733 -0.13654954  0.04504322  0.20613681]
 [ 0.07355637  0.14984445  0.18073382  0.09162909]
 [ 0.15525413  0.05072115  0.0923951   0.20971872]
 [ 0.31510839 -0.08759367 -0.0120319   0.2958019 ]
 [ 0.16633794  0.05509832 -0.02472907  0.33287116]
 [ 0.10097878  0.15229286  0.05114863  0.27219427]
 [ 0.17945614 -0.01930254 -0.00643937  0.41123639]
 [ 0.29370021 -0.07009866  0.08074735  0.29687875]
 [ 0.1916505   0.03722536  0.07000705  0.32248841]
 [ 0.33253804  0.05513452  0.11284721  0.15472959]
 [ 0.26390906  0.04453835  0.10423672  0.25248541]
 [ 0.27842808  0.10831525  0.18759142  0.13541384]
 [ 0.22085755  0.1552628   0.11713276  0.22869906]
 [ 0.30556578 -0.09930385  0.16977041  0.35134679]
 [ 0.16874337  0.16551002  0.14229484  0.28227803]
 [ 0.33202856  0.08732774  0.03742952  0.31404312]
 [ 0.18024654  0.13581629  0.10816421  0.36600855]
 [ 0.24544792  0.10149136  0.09420434  0.38423966]
 [ 0.38676161  0.07182964  0.12201398  0.28309793]
 [ 0.36223087  0.12557407  0.06622486  0.31101656]
 [ 0.30865411  0.17877289  0.16169895  0.23952663]
 [ 0.31997217  0.12013401  0.21205438  0.27180116]
 [ 0.28656428  0.0761731   0.17389995  0.39648626]
 [ 0.44294681  0.03034465  0.20254881  0.30199026]
 [ 0.39875316  0.10536832  0.12844133  0.36537128]
 [ 0.3080607   0.20902019  0.23465628  0.29163975]
 [ 0.41334549  0.04110171  0.16051829  0.42718355]
 [ 0.39263303  0.20460708  0.06119662  0.40359327]
 [ 0.43091325  0.17394877  0.22463036  0.25956907]
 [ 0.25428376  0.14841602  0.21051519  0.47845418]
 [ 0.46444132  0.13194123  0.1378922   0.3843958 ]
 [ 0.36786075  0.05758412  0.24900912  0.45812777]
 [ 0.33753801  0.22173062  0.15185405  0.41693462]
 [ 0.47314532  0.19424689  0.16691368  0.32307228]
 [ 0.45822856  0.04321873  0.14387772  0.51965579]
 [ 0.46974451  0.00768189  0.25546672  0.45380189]
 [ 0.35769595  0.31592766  0.19075483  0.31842339]
 [ 0.4089376   0.22962936  0.26091222  0.29595041]
 [ 0.45293812  0.16157346  0.11159027  0.46713451]
 [ 0.4806884  -0.03040068  0.31878597  0.50040509]
 [ 0.3811947   0.2382073   0.1893214   0.44775393]
 [ 0.36535314  0.14226256  0.21934148  0.57092611]
 [ 0.49903077  0.15608576  0.3200778   0.35553962]
 [ 0.38930171  0.26812916  0.18572657  0.47380194]
 [ 0.40413761  0.16681207  0.29390104  0.48072015]
 [ 0.53927956  0.16868559  0.23024139  0.44927274]
 [ 0.44618852  0.31187107  0.28116182  0.37592596]
 [ 0.45643803  0.35000402  0.23706794  0.41230527]
 [ 0.98319208  0.70440014  0.81990911  0.93589452]
 [ 0.99778276  0.85259626  0.70830248  0.92891913]
 [ 0.96208833  0.86109004  0.78099388  0.83079168]
 [ 0.91458645  0.74660145  0.72492113  0.96437752]
 [ 0.90672168  0.7792739   0.65003904  0.98844003]
 [ 0.95738152  0.57962078  0.70238038  0.97603367]
 [ 0.96979422  0.66611495  0.58377251  0.95250433]
 [ 0.90406501  0.50692372  0.62172322  0.98796793]
 [ 0.85530974  0.79632623  0.55904446  0.94103613]
 [ 0.84681961  0.70122067  0.56593433  0.98066208]
 [ 0.93750884  0.61315926  0.54716459  0.92255713]
 [ 0.82072299  0.66952489  0.65153351  0.86789456]
 [ 0.88006372  0.45997455  0.5172322   0.93047477]
 [ 0.87868665  0.65538865  0.5615174   0.82720279]
 [ 0.83539585  0.65105167  0.49810696  0.89030635]
 [ 0.84003485  0.64062488  0.59801003  0.79638228]
 [ 0.87219985  0.58400719  0.50182775  0.82867927]
 [ 0.80473626  0.48720716  0.53143921  0.83684536]
 [ 0.77022643  0.61555289  0.48508554  0.85943832]
 [ 0.78210669  0.53413005  0.57538523  0.76909734]
 [ 0.82174436  0.50258053  0.4339167   0.79986413]
 [ 0.74986261  0.66032556  0.42985234  0.81963703]
 [ 0.78867725  0.56632856  0.52433821  0.69962947]
 [ 0.71259891  0.52813411  0.38326068  0.72584767]]",7,30
0.014180538581164352,0.023049173613540155,0.1442023019642295,0.5977011494252874,0.4022179888628505,0.42372280465869916,0.949247915003962,87,121,"[[-6.55761585e-01 -2.30186401e-01 -3.16276668e-01 -3.39958839e-01]
 [-6.35888893e-01 -1.97135489e-01 -4.34238967e-01 -2.61572432e-01]
 [-5.63032176e-01 -2.45438570e-01 -2.74890196e-01 -3.09016272e-01]
 [-5.28606055e-01 -1.40271071e-01 -3.33565649e-01 -3.74457581e-01]
 [-5.88906663e-01 -1.58601439e-01 -2.38608392e-01 -2.76058743e-01]
 [-5.70251713e-01 -1.50685810e-01 -3.24832980e-01 -2.22210545e-01]
 [-4.83293537e-01 -1.60168774e-01 -3.00192853e-01 -3.07498544e-01]
 [-4.53092299e-01 -1.23021197e-01 -3.34863165e-01 -3.17441927e-01]
 [-3.56268184e-01 -1.87582189e-01 -2.86292989e-01 -2.74959570e-01]
 [-4.26141612e-01 -1.73755903e-01 -2.91347487e-01 -1.62208589e-01]
 [-3.55140690e-01 -1.57275520e-01 -3.60306408e-01 -1.93767244e-01]
 [-3.84490307e-01 -7.83160757e-02 -2.41339315e-01 -2.82049498e-01]
 [-3.03144073e-01 -2.08968444e-01 -3.08695834e-01 -1.30332585e-01]
 [-3.22974883e-01 -1.18129160e-01 -2.70964481e-01 -1.81173109e-01]
 [-2.65636835e-01 -1.06538787e-01 -2.61980206e-01 -2.86619524e-01]
 [-2.94840798e-01 -1.37479888e-01 -2.04299213e-01 -1.59866361e-01]
 [-3.57599266e-01 -9.39700846e-02 -2.18285846e-01 -8.98778364e-02]
 [-2.62669858e-01 -8.32425933e-02 -1.76453827e-01 -2.15193201e-01]
 [-1.89441336e-01 -6.21405393e-02 -1.99704906e-01 -3.23301777e-01]
 [-1.25762094e-01 -1.12746365e-01 -3.05074163e-01 -2.35552303e-01]
 [-2.05928717e-01 -1.21889167e-01 -1.00423839e-01 -1.90605089e-01]
 [-9.65350382e-02 -1.27247034e-01 -1.87197968e-01 -2.73009803e-01]
 [-1.93876177e-01 -9.25010759e-02 -1.50034515e-01 -1.45425636e-01]
 [-2.88781730e-01 -5.33702280e-02 -1.05589338e-01 -7.11075757e-02]
 [-2.43720239e-01 -3.05620432e-02 -1.86013492e-01 -8.55943765e-02]
 [-1.87322417e-01 -4.93200663e-02 -2.80996975e-01 -4.92893327e-02]
 [-1.60463963e-01 -1.05211740e-01 -2.36895459e-01 -2.02369913e-02]
 [-1.41703676e-01 -1.40803188e-01 -1.01928752e-01 -5.91471847e-02]
 [-1.58471426e-01  2.45945361e-02 -2.50454735e-01 -1.91161836e-01]
 [-2.48529725e-02 -7.65127894e-02 -1.90431397e-01 -2.38871049e-01]
 [-2.22682649e-01  5.16514331e-02 -1.57901006e-01 -1.62479518e-01]
 [-6.70868289e-02 -5.73057234e-02 -1.40558627e-01 -1.79220447e-01]
 [-7.70824552e-02 -1.25791337e-01 -4.95713633e-02 -9.07058399e-02]
 [-1.54583236e-01  8.76548886e-03  2.23405659e-04 -2.33645478e-01]
 [-1.09364968e-01 -8.71181116e-02 -8.52099974e-02 -3.42346318e-02]
 [-1.39769023e-01 -7.96325319e-03 -4.12422828e-02 -1.25194414e-01]
 [-1.31657487e-01  1.83163956e-03 -1.97779922e-01 -3.73018328e-02]
 [-1.43099720e-01  3.46994121e-02 -5.26808165e-02 -1.11289924e-01]
 [-8.70563854e-02  1.66087598e-02 -1.40762430e-01 -6.86134417e-02]
 [-4.90578543e-02 -4.46871947e-02 -2.70371605e-02 -9.38164461e-02]
 [-1.30448608e-01 -3.57960537e-02 -1.58712547e-02  9.22246836e-03]
 [-1.28769735e-01 -3.45093161e-02  3.11891958e-02 -2.98148412e-02]
 [ 4.33334075e-02 -2.35736910e-02 -1.25019565e-01 -1.31919103e-01]
 [-4.65512145e-02  6.27803989e-03 -4.29246016e-03 -1.42419362e-01]
 [ 3.79194357e-02 -5.14051802e-02 -1.82124251e-01  1.40024219e-02]
 [-8.82574115e-02 -5.10501303e-02 -7.31290989e-02  1.02544619e-01]
 [-7.56713878e-02  5.02089616e-02 -1.08715577e-01 -1.71092432e-02]
 [-6.42066915e-02  2.35293843e-02  8.84715300e-02 -1.39832186e-01]
 [ 4.86171246e-02  5.03388848e-02 -1.56065941e-01 -1.16038436e-01]
 [-7.45107234e-03 -6.31770436e-02 -5.90780005e-03  4.11318652e-02]
 [ 3.66867147e-02  1.74715519e-02 -9.44542233e-02 -3.23077496e-02]
 [ 6.96063042e-02  3.60113718e-02 -1.12858918e-02 -1.57494487e-01]
 [ 8.86908732e-02 -1.49519555e-02 -1.97910126e-02 -7.86179099e-02]
 [-3.62580214e-02  4.19234708e-02 -6.06645569e-02  2.40060408e-02]
 [-3.45791262e-02  4.40527797e-02  4.85166777e-02 -1.50275137e-02]
 [-7.34431092e-02  5.13617229e-02  9.46183279e-02  6.29902817e-03]
 [ 7.37506561e-02  1.52045246e-02  6.08134624e-02 -6.24504518e-02]
 [ 7.59780034e-02  8.17905180e-03 -4.87875976e-02  3.90828792e-02]
 [-4.85163927e-02  1.54681936e-01 -6.85971696e-02 -4.43935860e-02]
 [ 5.81833590e-02  1.34693639e-01 -3.40726916e-02 -1.54017134e-01]
 [ 4.23348136e-03  9.27697439e-02 -1.27367726e-01  5.94399609e-02]
 [-8.78385566e-02  1.32694123e-01 -2.29022168e-02  3.55438720e-02]
 [-2.24220455e-02  6.29241057e-02  4.30194661e-02  6.77959397e-02]
 [ 2.17444394e-02  1.20509174e-01  1.11980578e-01 -1.21994242e-01]
 [ 3.50087360e-02  2.15673521e-02  1.08429339e-01  5.36007453e-02]
 [ 4.60014082e-02  5.99524472e-02 -8.86363536e-02  1.64391099e-01]
 [ 1.31560558e-01  1.68002592e-01 -1.90094747e-02 -1.22639524e-01]
 [-5.45888059e-02  1.49982952e-01  7.18339123e-02  5.71435448e-02]
 [ 4.79723010e-02  1.61549054e-01 -2.40176469e-02  2.04687323e-02]
 [ 5.40457051e-02  1.58801273e-01  2.26157699e-02 -2.94333883e-03]
 [ 5.42024262e-02  5.12613337e-02  1.41110385e-01  9.48660802e-02]
 [ 3.42340786e-02  1.25933951e-01  2.26927560e-01 -8.27793460e-02]
 [ 2.74389908e-02  1.88506745e-01  2.02664450e-01 -1.47981223e-01]
 [ 2.72646174e-03  2.03063194e-01  1.02978647e-02  7.13368617e-02]
 [ 9.28187314e-02  1.82711778e-01  6.87462837e-02  9.84018855e-03]
 [ 8.38617794e-03  1.14802897e-01  1.79351008e-01  1.58603348e-01]
 [ 1.25975264e-01  1.67942280e-01  2.81056520e-02  1.03894746e-01]
 [-3.49107310e-02  1.83583153e-01  1.78687813e-01  1.06706047e-01]
 [ 7.35563692e-02  1.49844445e-01  1.80733820e-01  9.16290898e-02]
 [ 1.45165132e-01  1.34342533e-01  2.22353429e-01  6.01994637e-02]
 [ 1.27673540e-02  1.76496519e-01  2.74252664e-01  5.47291990e-02]
 [ 2.96698622e-02  2.62677127e-01  1.34822108e-01  4.82459050e-02]
 [-2.79887747e-02  2.44194105e-01  1.41727565e-01  1.69952895e-01]
 [ 1.15470298e-01  2.70993192e-01  2.14123564e-01 -5.51424045e-02]
 [ 4.05485574e-02  1.68414723e-01  2.05216730e-01  2.16336971e-01]
 [ 1.13544133e-01  2.11440792e-01  1.55070284e-01  1.54878560e-01]
 [ 9.38622057e-02  2.45040745e-01  9.54498462e-02  1.96655087e-01]
 [-1.98818762e-02  2.76805572e-01  2.33228371e-01  1.26603933e-01]
 [-1.01268739e-02  3.78402153e-01  1.68487594e-01  5.95992301e-02]
 [ 1.96683127e-01  2.47459671e-01  1.71258762e-01  1.23763584e-01]
 [ 1.52667401e-01  3.52470282e-01  1.52599139e-01  1.76114179e-02]
 [ 1.89047597e-01  2.77446745e-01  2.03781513e-01  7.91920181e-02]
 [ 1.67665936e-01  1.95686983e-01  1.91804554e-01  2.48934116e-01]
 [ 8.60651731e-02  2.82411244e-01  2.92759763e-01  8.27396754e-02]
 [ 6.60424326e-02  3.67234170e-01  1.94214426e-01  1.11787137e-01]
 [ 1.21788338e-01  3.06636838e-01  2.19943319e-01  1.73050577e-01]
 [ 5.75815998e-02  2.69730859e-01  3.13473402e-01  2.07926778e-01]
 [ 3.60868443e-02  3.86952916e-01  2.52579747e-01  1.01841500e-01]
 [ 3.71585228e-02  2.93034920e-01  2.42233004e-01  2.94734184e-01]
 [ 6.19589612e-02  4.58012452e-01  2.33937521e-01  7.66936094e-02]
 [-1.86785944e-02  3.69551500e-01  1.82673447e-01  3.42047183e-01]
 [ 1.60377314e-01  3.20341516e-01  2.32695842e-01  2.64286665e-01]
 [ 8.87390580e-02  3.76084622e-01  2.04492941e-01  2.66839422e-01]
 [ 6.01090621e-02  3.64429673e-01  2.70641318e-01  2.60800036e-01]
 [ 1.27264246e-01  4.85247752e-01  2.16894550e-01  1.70575511e-01]
 [ 1.80434151e-01  3.59506851e-01  3.34667556e-01  2.41718832e-01]
 [ 8.05573929e-02  4.01677154e-01  3.97359777e-01  1.87369717e-01]
 [ 6.84971940e-02  4.30882825e-01  3.53097426e-01  2.26662980e-01]
 [ 6.38416074e-02  4.61059660e-01  3.08897192e-01  3.04686500e-01]
 [ 1.23325413e-01  4.00219856e-01  2.76945060e-01  4.88967009e-01]
 [ 1.35689814e-01  4.79163574e-01  4.00003323e-01  2.50277916e-01]
 [ 1.54952146e-01  4.46051631e-01  3.50514840e-01  3.35507711e-01]
 [ 8.76003895e-02  5.08013092e-01  3.29406155e-01  3.71688861e-01]
 [ 8.30314457e-02  4.94415751e-01  4.40645929e-01  3.43964385e-01]
 [ 8.00388772e-02  4.79931431e-01  3.44191810e-01  5.22353983e-01]
 [ 4.61339150e-02  5.30611852e-01  4.42439560e-01  4.17026442e-01]
 [ 1.00240216e-01  5.72050696e-01  3.65811097e-01  4.37318699e-01]
 [ 1.26656998e-01  4.99982437e-01  5.03696525e-01  4.06839296e-01]
 [ 1.50727311e-01  4.62871432e-01  4.43016564e-01  5.32549145e-01]
 [ 1.27640154e-01  5.09698562e-01  4.14697425e-01  6.03726111e-01]
 [ 1.78599214e-01  5.91125133e-01  5.20683227e-01  5.09437386e-01]]",8,30
0.03606714001256398,0.01476219121952998,0.16040353982872707,0.5632183908045977,0.4054604027882625,0.42372280465869916,0.9569001203838827,87,226,"[[-2.63005061e-01 -7.42390692e-01 -9.65824543e-01 -9.55318319e-01]
 [-2.99100988e-01 -6.81421252e-01 -9.94971933e-01 -7.67038576e-01]
 [-3.58912962e-01 -7.00384047e-01 -9.27944290e-01 -8.30495885e-01]
 [-3.51028888e-01 -7.93264735e-01 -9.47042167e-01 -8.72809719e-01]
 [-3.01987028e-01 -7.11788669e-01 -9.20914540e-01 -7.01749396e-01]
 [-2.77002677e-01 -8.76223033e-01 -9.69391335e-01 -8.13664474e-01]
 [-3.07332929e-01 -8.36649189e-01 -8.80048767e-01 -8.11396966e-01]
 [-3.42869660e-01 -7.62359444e-01 -9.33350693e-01 -5.95124351e-01]
 [-3.43809322e-01 -8.25518755e-01 -9.02438156e-01 -6.58341400e-01]
 [-3.63609541e-01 -8.58630430e-01 -8.47105430e-01 -7.40126383e-01]
 [-2.90616652e-01 -7.77144777e-01 -7.96392204e-01 -6.78698489e-01]
 [-3.82933421e-01 -7.47294888e-01 -9.04849816e-01 -5.45612238e-01]
 [-4.05182227e-01 -8.79207632e-01 -9.09400819e-01 -6.85284795e-01]
 [-2.84956731e-01 -9.07878866e-01 -8.93238969e-01 -5.91403274e-01]
 [-3.23489109e-01 -7.95715054e-01 -8.17105962e-01 -5.53404940e-01]
 [-2.94330321e-01 -7.60684690e-01 -8.87489539e-01 -4.37650589e-01]
 [-3.04268625e-01 -8.78673170e-01 -8.57277276e-01 -5.10129424e-01]
 [-2.62695378e-01 -7.52947796e-01 -7.24062286e-01 -5.81486264e-01]
 [-3.05898409e-01 -7.89645974e-01 -8.63026304e-01 -3.98319097e-01]
 [-3.48617686e-01 -8.40270812e-01 -8.11842946e-01 -4.58007727e-01]
 [-2.98643388e-01 -6.97159212e-01 -7.62021158e-01 -4.29979831e-01]
 [-3.25306317e-01 -5.98545341e-01 -7.86263272e-01 -3.79624236e-01]
 [-2.64500258e-01 -6.32900825e-01 -7.92570859e-01 -3.70120430e-01]
 [-3.66757106e-01 -7.22836627e-01 -6.69466967e-01 -4.66378387e-01]
 [-2.18934545e-01 -6.51723366e-01 -6.99664095e-01 -4.59215784e-01]
 [-3.53067225e-01 -6.21240526e-01 -7.34206552e-01 -3.44916005e-01]
 [-2.96672026e-01 -5.80006296e-01 -8.26248858e-01 -2.54818968e-01]
 [-2.70847313e-01 -7.04267303e-01 -6.94086602e-01 -3.41557503e-01]
 [-2.80289238e-01 -6.04775829e-01 -6.20677698e-01 -4.28365033e-01]
 [-2.99989747e-01 -6.03302490e-01 -7.41092326e-01 -2.47845871e-01]
 [-3.28010682e-01 -6.92158399e-01 -7.18313647e-01 -1.88704850e-01]
 [-3.40576572e-01 -6.32524198e-01 -6.14408199e-01 -3.21387233e-01]
 [-3.20898430e-01 -6.61973793e-01 -6.35071879e-01 -2.80144511e-01]
 [-2.81320840e-01 -5.41722883e-01 -5.90126410e-01 -3.65147276e-01]
 [-3.01067624e-01 -5.08611655e-01 -6.59413287e-01 -2.83381062e-01]
 [-2.43464133e-01 -5.95997594e-01 -7.14790376e-01 -1.77225603e-01]
 [-2.28930410e-01 -5.32457218e-01 -6.10690877e-01 -3.09908940e-01]
 [-2.56328309e-01 -6.42922239e-01 -6.05546292e-01 -2.08875120e-01]
 [-3.29983963e-01 -5.90622351e-01 -6.54140307e-01 -1.22651020e-01]
 [-2.20348153e-01 -4.24170062e-01 -6.78658744e-01 -2.48142682e-01]
 [-2.70303456e-01 -4.92368920e-01 -6.83808515e-01 -1.15129637e-01]
 [-2.92834647e-01 -4.31505967e-01 -6.52224472e-01 -1.78378873e-01]
 [-3.12032159e-01 -4.02056372e-01 -5.98234642e-01 -2.20151853e-01]
 [-2.95258883e-01 -3.68079541e-01 -8.01341087e-01 -4.37430087e-02]
 [-3.21331199e-01 -3.87544774e-01 -7.35193843e-01 -5.36938794e-02]
 [-2.63384404e-01 -2.51220243e-01 -6.67720558e-01 -2.72104299e-01]
 [-2.73924671e-01 -5.10082308e-01 -5.45224126e-01 -1.02785967e-01]
 [-1.98172634e-01 -4.54843618e-01 -6.07778594e-01 -1.04076071e-01]
 [-3.16575076e-01 -3.35575102e-01 -5.23587219e-01 -2.52418544e-01]
 [-3.15764675e-01 -3.03442497e-01 -5.76152503e-01 -2.16430344e-01]
 [-3.35015586e-01 -2.70331269e-01 -6.74369091e-01 -1.35102835e-01]
 [-3.51657495e-01 -3.33139505e-01 -6.45832902e-01 -7.13658016e-02]
 [-2.49663038e-01 -2.91323004e-01 -7.38926789e-01 -6.51664734e-02]
 [-2.50564309e-01 -4.63163730e-01 -5.65732613e-01 -3.33367120e-02]
 [-3.71343214e-01 -3.66495563e-01 -6.03645746e-01 -3.01039536e-02]
 [-2.07918596e-01 -3.22066179e-01 -5.42995140e-01 -2.09171420e-01]
 [-3.02587518e-01 -2.83041032e-01 -7.12630561e-01 -9.80785489e-03]
 [-2.82558769e-01 -3.95860905e-01 -6.57819215e-01  6.24221675e-02]
 [-3.23872274e-01 -2.10713621e-01 -5.48860656e-01 -2.36525500e-01]
 [-2.79871807e-01 -3.14753154e-01 -5.01052871e-01 -1.54788589e-01]
 [-2.50263106e-01 -3.24853947e-01 -6.91500723e-01  6.25152905e-02]
 [-2.91748425e-01 -2.72396643e-01 -4.34202347e-01 -2.47185702e-01]
 [-2.90477747e-01 -2.21441120e-01 -5.87152896e-01 -1.11697344e-01]
 [-2.41536470e-01 -1.98411902e-01 -6.36090603e-01 -1.06531741e-01]
 [-3.20403257e-01 -2.85076611e-01 -4.60607871e-01 -1.22365175e-01]
 [-2.21728651e-01 -2.27799956e-01 -6.13450794e-01 -5.74384909e-02]
 [-2.26855515e-01 -2.46180929e-01 -4.82906533e-01 -1.50404073e-01]
 [-2.33609661e-01 -1.53379509e-01 -4.33238393e-01 -3.18261828e-01]
 [-3.04167382e-01 -1.19904591e-01 -5.26756106e-01 -2.01916387e-01]
 [-2.30461733e-01 -2.58028191e-01 -5.11589486e-01 -2.09863223e-02]
 [-2.86413025e-01 -1.47013029e-01 -3.97156512e-01 -2.63029154e-01]
 [-2.47106750e-01 -1.10646563e-01 -5.53188710e-01 -1.31297192e-01]
 [-1.90216754e-01 -1.62473621e-01 -6.47431450e-01  3.81841026e-02]
 [-3.13374376e-01 -1.90032750e-01 -4.14413365e-01 -8.09368528e-02]
 [-2.10306086e-01 -1.85447330e-01 -4.46929859e-01 -8.72192103e-02]
 [-2.78458837e-01 -1.78104257e-01 -4.73346965e-01 -1.75707359e-02]
 [-1.77298214e-01 -1.33674113e-01 -4.08759711e-01 -2.12022936e-01]
 [-2.78257485e-01 -1.40329193e-01 -5.67007236e-01  5.51141798e-02]
 [-3.76053244e-01 -7.27501605e-02 -4.22494017e-01 -1.38862956e-01]
 [-2.58182807e-01 -5.78440614e-02 -5.59314789e-01 -1.32420547e-02]
 [-3.08806382e-01 -1.08989635e-01 -3.76184685e-01 -1.07488796e-01]
 [-2.53055705e-01 -4.53253910e-02 -4.13019078e-01 -1.69303695e-01]
 [-1.96651975e-01 -3.70362811e-02 -3.86705684e-01 -2.24533508e-01]
 [-2.40515102e-01 -9.77780130e-02 -4.18107582e-01 -3.77212316e-02]
 [-3.45668243e-01 -2.67867632e-02 -4.51020805e-01 -4.40007281e-02]
 [-2.89483052e-01 -7.61218667e-02 -3.73297375e-01 -5.64804859e-02]
 [-1.67514583e-01 -1.65135413e-02 -4.69522713e-01 -9.93629824e-02]
 [-2.20764473e-01 -6.88169338e-02 -3.31372272e-01 -1.10747982e-01]
 [-1.67358041e-01 -1.30897405e-01 -3.51185394e-01  7.41741247e-03]
 [-2.82839220e-01  6.66093882e-02 -4.05258445e-01 -1.56091698e-01]
 [-3.29315988e-01 -3.29992250e-02 -2.42548538e-01 -1.55535089e-01]
 [-3.51778017e-01  1.82280336e-02 -2.94333916e-01 -1.35795647e-01]
 [-3.12691227e-01 -8.24847985e-02 -2.95945423e-01  4.76307087e-02]
 [-2.59440502e-01 -2.84570269e-03 -4.02914502e-01  3.52729727e-02]
 [-2.07794270e-01  1.39290728e-02 -3.94737424e-01 -1.96956117e-02]
 [-1.87322417e-01 -4.93200663e-02 -2.80996975e-01 -4.92893327e-02]
 [-3.24886592e-01  1.01517215e-02 -2.26151405e-01 -1.07923949e-01]
 [-1.88055137e-01  4.31345273e-02 -3.54740746e-01 -6.63322490e-02]
 [-2.60679914e-01  3.87511980e-02 -3.18678893e-01 -1.10987406e-02]
 [-2.50382921e-01  1.09189786e-02 -3.71246891e-01  1.27067989e-01]
 [-3.35139435e-01  8.13956745e-02 -2.60487221e-01 -7.05661178e-02]
 [-3.46388618e-01  6.07085526e-02 -2.72576241e-01  2.24840827e-03]
 [-3.11961487e-01  7.31101874e-02 -3.39785857e-01  6.37908578e-02]
 [-1.83849540e-01  1.26123402e-01 -3.14622354e-01 -1.24130474e-01]
 [-2.22682649e-01  5.16514331e-02 -1.57901006e-01 -1.62479518e-01]
 [-1.16431946e-01  3.64330932e-02 -3.44413828e-01  4.15513460e-02]
 [-2.20052682e-01  9.68644172e-02 -3.84357881e-01  9.19342898e-02]
 [-1.31657487e-01  1.83163956e-03 -1.97779922e-01 -3.73018328e-02]
 [-1.64846791e-01  5.24271093e-02 -3.06689559e-01  7.32289273e-02]
 [-1.42386707e-01 -6.65141828e-03 -2.33610775e-01  9.24914274e-02]
 [-2.79667761e-01  1.43705031e-01 -3.10986714e-01  6.12716507e-02]
 [-9.98076610e-02  7.90514778e-02 -1.79675840e-01 -1.29939593e-01]
 [-8.70563854e-02  1.66087598e-02 -1.40762430e-01 -6.86134417e-02]
 [-2.55096313e-01  9.07980241e-02 -8.20844881e-02 -1.19488217e-01]
 [-2.67022915e-01  1.23604553e-01 -1.67460693e-01 -4.45425771e-02]
 [-2.02430218e-01  8.54462609e-02 -1.18282776e-01 -4.97243479e-02]
 [-1.49247658e-01  1.50303220e-01 -1.33658318e-01 -1.50945919e-01]
 [-1.48297034e-01  1.13633366e-01 -2.79129567e-01  1.34464238e-01]
 [-2.07149804e-01  1.49057278e-01 -2.68927203e-01  1.15280403e-01]
 [-1.17395913e-01  1.96273562e-01 -2.39897154e-01 -5.63240200e-02]
 [-7.56713878e-02  5.02089616e-02 -1.08715577e-01 -1.71092432e-02]
 [-2.55740659e-01  1.97369525e-01 -2.06399437e-01  2.39108875e-02]
 [-4.77661937e-03  9.95746348e-02 -2.15617862e-01 -5.23981825e-03]
 [-2.32765924e-01  1.39180023e-01 -2.79407725e-02 -7.52159748e-02]
 [-1.06171478e-01  1.21531997e-01 -1.38210626e-01  1.20145343e-02]
 [-1.42943103e-01  1.77158993e-01 -1.74462777e-01  1.93595085e-02]
 [-8.15184750e-02  1.67361427e-01 -4.39769458e-02 -1.69093957e-01]
 [-7.58508816e-02  1.61655165e-01 -2.26579813e-01  1.12922953e-01]
 [-2.12640671e-01  2.94963451e-01 -6.71009179e-02 -1.58101158e-01]
 [-1.30882964e-01  1.47465521e-01 -7.59944152e-02  6.64881077e-02]
 [-9.34839100e-02  1.25065437e-01  2.41820794e-02 -5.03684524e-02]
 [-1.75397260e-01  2.44576259e-01 -7.85614625e-02 -1.37725882e-02]
 [-8.78385566e-02  1.32694123e-01 -2.29022168e-02  3.55438720e-02]
 [-1.80727413e-01  2.09907744e-01 -1.03552060e-01  1.32175639e-01]
 [-2.14627394e-01  2.22618878e-01 -1.21906213e-03  6.87589124e-03]
 [-1.01922864e-01  2.81856358e-01  6.33915178e-02 -2.18215557e-01]
 [-5.77603951e-02  1.74700940e-01 -1.21359609e-01  1.60365710e-01]
 [ 8.06218758e-03  2.22106708e-01  4.77919783e-02 -1.87804885e-01]
 [ 6.84864819e-04  2.52026057e-01  7.71562681e-02 -2.34267170e-01]
 [-2.08487796e-01  2.55352169e-01  1.10830298e-01 -6.18304592e-02]
 [ 4.79723010e-02  1.61549054e-01 -2.40176469e-02  2.04687323e-02]
 [-5.45888059e-02  1.49982952e-01  7.18339123e-02  5.71435448e-02]
 [-1.84699258e-01  2.78316690e-01  3.14350836e-02  5.29800076e-02]
 [-1.03665454e-01  2.31819721e-01  5.24996594e-03  1.18762407e-01]
 [ 2.72646174e-03  2.03063194e-01  1.02978647e-02  7.13368617e-02]
 [-1.24578942e-02  2.67986756e-01 -3.55803128e-02  7.11318124e-02]
 [-1.57755649e-01  2.18673632e-01  1.56943504e-01  7.63387084e-02]
 [-1.38420420e-01  2.16222784e-01  4.47074678e-02  2.55148416e-01]
 [-1.15769295e-01  2.95375135e-01  1.30758163e-01  1.91882811e-03]
 [-6.54955208e-02  3.15451868e-01  1.48706069e-01 -7.41884969e-02]
 [-8.52384903e-02  3.45145373e-01  1.00773856e-01 -2.75864378e-02]
 [-3.49107310e-02  1.83583153e-01  1.78687813e-01  1.06706047e-01]
 [-6.16030172e-02  3.68079409e-01  5.32101486e-02  2.06890330e-02]
 [ 4.29563355e-02  3.45246239e-01  1.48124190e-01 -1.20515052e-01]
 [ 6.21537734e-02  3.16284709e-01  1.02397833e-01 -4.36392426e-02]
 [ 2.96698622e-02  2.62677127e-01  1.34822108e-01  4.82459050e-02]
 [-3.00909225e-02  3.04637300e-01  2.07674211e-01 -8.69413652e-03]
 [ 8.59113242e-02  3.38272652e-01  5.62401097e-02  3.68646979e-02]
 [-4.22873460e-02  3.38385915e-01  1.96333360e-01  6.53383471e-02]
 [-1.98818762e-02  2.76805572e-01  2.33228371e-01  1.26603933e-01]
 [-1.01268739e-02  3.78402153e-01  1.68487594e-01  5.95992301e-02]
 [-5.19560650e-03  3.58209653e-01  3.06158524e-01 -4.50705886e-02]
 [ 1.32863345e-01  3.22776334e-01  9.68850628e-02  6.81732520e-02]
 [ 5.19368742e-02  3.58765112e-01  8.06927253e-02  1.62035588e-01]
 [ 1.06785838e-02  4.30123182e-01  2.36504583e-01 -4.42443602e-03]
 [ 1.52667401e-01  3.52470282e-01  1.52599139e-01  1.76114179e-02]
 [ 5.73775731e-03  3.33768582e-01  3.50737991e-01  2.30969414e-02]
 [ 1.07162477e-01  3.24475892e-01  3.03139322e-01 -2.99936309e-02]
 [ 3.83825973e-04  3.95454563e-01  1.95639230e-01  1.38445815e-01]
 [ 8.60651731e-02  2.82411244e-01  2.92759763e-01  8.27396754e-02]
 [ 6.60424326e-02  3.67234170e-01  1.94214426e-01  1.11787137e-01]
 [ 3.60868443e-02  3.86952916e-01  2.52579747e-01  1.01841500e-01]
 [ 1.21788338e-01  3.06636838e-01  2.19943319e-01  1.73050577e-01]
 [ 6.19589612e-02  4.58012452e-01  2.33937521e-01  7.66936094e-02]
 [ 1.44090839e-01  2.69263102e-01  3.88781609e-01  9.67362504e-02]
 [-4.56919670e-02  4.02056493e-01  3.50074386e-01  2.11464087e-01]
 [ 8.87390580e-02  3.76084622e-01  2.04492941e-01  2.66839422e-01]
 [ 6.01090621e-02  3.64429673e-01  2.70641318e-01  2.60800036e-01]
 [ 1.60377314e-01  3.20341516e-01  2.32695842e-01  2.64286665e-01]
 [ 2.12968485e-01  3.17530306e-01  3.10077835e-01  1.17028475e-01]
 [ 1.50208825e-01  4.15865371e-01  2.99989823e-01  1.33219698e-01]
 [ 8.05573929e-02  4.01677154e-01  3.97359777e-01  1.87369717e-01]
 [ 6.84971940e-02  4.30882825e-01  3.53097426e-01  2.26662980e-01]
 [ 1.06853820e-01  4.63510459e-01  4.23086353e-01  1.21649273e-01]
 [ 1.80434151e-01  3.59506851e-01  3.34667556e-01  2.41718832e-01]
 [ 1.38221091e-01  3.86415567e-01  4.49492158e-01  2.18434116e-01]
 [ 2.86255566e-01  4.26947329e-01  3.85144634e-01  2.27648485e-02]
 [ 2.98315736e-01  3.97803174e-01  3.64335991e-01  6.30193483e-02]
 [ 2.33757133e-01  4.36236374e-01  4.13519634e-01  9.37434006e-02]
 [ 2.64095716e-01  4.59634941e-01  3.30858368e-01  1.28678747e-01]
 [ 1.91471841e-01  4.66001913e-01  3.74871779e-01  1.98691167e-01]
 [ 2.89090751e-01  3.57703580e-01  3.46262962e-01  2.84966195e-01]
 [ 2.71985067e-01  5.06584544e-01  3.12304884e-01  1.95952909e-01]
 [ 3.20281954e-01  3.75204384e-01  4.70051857e-01  1.47571078e-01]
 [ 2.10156010e-01  4.04658742e-01  4.58452517e-01  3.15764762e-01]
 [ 3.62051258e-01  3.70756174e-01  3.70735131e-01  1.86724816e-01]
 [ 2.52787637e-01  5.35972597e-01  4.38217139e-01  1.55641301e-01]
 [ 2.75598887e-01  4.89023501e-01  4.19661241e-01  2.07045842e-01]
 [ 2.23206731e-01  5.44744186e-01  3.44585706e-01  4.03074689e-01]
 [ 3.24438924e-01  5.18860817e-01  2.88085543e-01  3.32386117e-01]
 [ 2.55498201e-01  5.68173867e-01  3.95897551e-01  3.13009338e-01]
 [ 3.42878897e-01  5.78250997e-01  3.87043318e-01  2.15329688e-01]
 [ 2.45643018e-01  5.26290128e-01  5.05856665e-01  3.55143351e-01]
 [ 3.54786081e-01  5.04396500e-01  5.48700804e-01  1.87384531e-01]
 [ 2.98797572e-01  5.17024478e-01  5.39968969e-01  2.84284068e-01]
 [ 3.07342166e-01  5.04136609e-01  4.24556212e-01  3.78700215e-01]
 [ 4.43126425e-01  4.72791074e-01  4.91308127e-01  1.76220816e-01]
 [ 3.82401513e-01  5.33056693e-01  3.78090240e-01  3.47573765e-01]
 [ 4.05731563e-01  4.86133793e-01  4.82583132e-01  2.89588409e-01]
 [ 3.31177449e-01  5.35564052e-01  5.66267921e-01  4.09454951e-01]
 [ 4.25548263e-01  6.14716031e-01  5.61163370e-01  2.50445265e-01]
 [ 4.91149209e-01  4.54694906e-01  5.30575335e-01  2.57843148e-01]
 [ 4.63215429e-01  5.83185591e-01  4.52899896e-01  2.82186219e-01]
 [ 5.26208820e-01  5.73449008e-01  5.63863175e-01  2.12034069e-01]
 [ 4.94484084e-01  5.35060886e-01  6.37910174e-01  2.70188252e-01]
 [ 5.28983787e-01  5.41196486e-01  5.20235265e-01  2.56815407e-01]
 [ 4.54182614e-01  5.62973570e-01  5.83585747e-01  3.75151828e-01]
 [ 4.73890556e-01  5.20376792e-01  4.76669464e-01  4.72385716e-01]
 [ 5.62914064e-01  5.92622500e-01  5.86267093e-01  3.18258559e-01]
 [ 5.33917794e-01  6.05332680e-01  5.50172722e-01  4.43080517e-01]
 [ 6.04628518e-01  5.59827004e-01  6.25952557e-01  4.54522695e-01]
 [ 6.39842924e-01  6.22476721e-01  5.92563316e-01  5.04429599e-01]
 [ 7.27625551e-01  5.87240363e-01  6.47176882e-01  4.86333853e-01]
 [ 6.70048095e-01  6.60707554e-01  5.57905030e-01  6.20508842e-01]
 [ 8.17675851e-01  6.16148358e-01  6.13136306e-01  5.74435702e-01]
 [ 7.32319474e-01  5.70734797e-01  5.52730437e-01  6.29738884e-01]]",9,30
0.031004536467595493,0.008397948302525982,0.2331657408573543,0.8735632183908046,0.4235373729918642,0.42372280465869916,0.999562375057949,87,207,"[[-0.51538307 -0.5955609  -0.64700936 -0.99337302]
 [-0.56869677 -0.55397668 -0.53619504 -0.98235424]
 [-0.55717079 -0.6506677  -0.51219614 -0.95421916]
 [-0.46008977 -0.54090076 -0.53986249 -0.78923074]
 [-0.6918235  -0.5813729  -0.55015725 -0.95166637]
 [-0.58629288 -0.67119063 -0.60087288 -0.82939779]
 [-0.57528847 -0.53329121 -0.4367797  -0.8254276 ]
 [-0.51645299 -0.58483912 -0.48796758 -0.76380886]
 [-0.61846454 -0.61593087 -0.50271857 -0.79554077]
 [-0.43624133 -0.50948869 -0.46260392 -0.75847554]
 [-0.68041962 -0.74840691 -0.52557791 -0.98676   ]
 [-0.70425466 -0.71683082 -0.47981443 -0.95599704]
 [-0.71328819 -0.69858688 -0.61037833 -0.86145881]
 [-0.43144842 -0.60222712 -0.38711934 -0.71023614]
 [-0.68266698 -0.7601936  -0.4995729  -0.8721304 ]
 [-0.42384274 -0.49589511 -0.32398845 -0.76956937]
 [-0.37386204 -0.41441128 -0.43339359 -0.74644256]
 [-0.47270577 -0.52768418 -0.43801845 -0.64486373]
 [-0.4073554  -0.43039957 -0.4701283  -0.65251008]
 [-0.41951035 -0.57302142 -0.36241971 -0.62554806]
 [-0.40450841 -0.4934448  -0.44403708 -0.59316971]
 [-0.47726876 -0.48256572 -0.33099603 -0.63373986]
 [-0.42087408 -0.44134102 -0.23751603 -0.73162056]
 [-0.34353012 -0.3609672  -0.4670719  -0.62861983]
 [-0.42721661 -0.40119438 -0.27941305 -0.69914279]
 [-0.39494194 -0.31558513 -0.37071961 -0.67579479]
 [-0.35405044 -0.38496195 -0.31712584 -0.66759109]
 [-0.44136843 -0.38842226 -0.38512917 -0.52780506]
 [-0.29374904 -0.41403254 -0.22410337 -0.70142397]
 [-0.38518882 -0.4639952  -0.30642134 -0.5084245 ]
 [-0.27184573 -0.2883243  -0.3572458  -0.6478745 ]
 [-0.29031391 -0.35039237 -0.32230044 -0.58215358]
 [-0.33907259 -0.34433879 -0.37208328 -0.48968196]
 [-0.28896837 -0.45077258 -0.33245115 -0.44689836]
 [-0.40972855 -0.22231837 -0.28487946 -0.58680587]
 [-0.42283925 -0.3397516  -0.17326377 -0.57964353]
 [-0.1895973  -0.42646165 -0.25253424 -0.59716186]
 [-0.35843162 -0.32326537 -0.23028126 -0.54882424]
 [-0.36380545 -0.26780042 -0.2567436  -0.5227017 ]
 [-0.29959805 -0.31244308 -0.16320876 -0.61219012]
 [-0.18649007 -0.27514398 -0.29292728 -0.59331875]
 [-0.15855502 -0.21354532 -0.41742101 -0.53896015]
 [-0.25505682 -0.15575706 -0.24906411 -0.65430392]
 [-0.19974739 -0.28115962 -0.27831803 -0.49878618]
 [-0.21000405 -0.3191685  -0.23616966 -0.46093815]
 [-0.23463825 -0.20804183 -0.23999292 -0.52147029]
 [-0.11964011 -0.3285018  -0.15282781 -0.52465816]
 [-0.28358393 -0.26233756 -0.24522556 -0.33202264]
 [-0.10346144 -0.22669407 -0.2643036  -0.51593896]
 [-0.08324572 -0.28394641 -0.2261745  -0.49554369]
 [-0.16945034 -0.15820284 -0.18084096 -0.58485131]
 [-0.2710251  -0.16814381 -0.15938931 -0.43663625]
 [-0.13553683 -0.29896207 -0.1847863  -0.40148604]
 [-0.13729682 -0.11720992 -0.21550656 -0.54008806]
 [-0.24894091 -0.12336339 -0.23013125 -0.38307152]
 [-0.12716994 -0.2064207  -0.19022731 -0.42646576]
 [-0.18474728 -0.14323735 -0.22370156 -0.36718381]
 [-0.09160091 -0.19115529 -0.14883478 -0.45777741]
 [-0.19885331 -0.13061876 -0.1106691  -0.4066618 ]
 [-0.10094674 -0.06588911 -0.26636756 -0.38860281]
 [-0.12317033 -0.18203737 -0.25709565 -0.23307771]
 [-0.07185797 -0.22054361 -0.10070421 -0.37794528]
 [-0.09924897 -0.22200139 -0.22893152 -0.19571701]
 [-0.10676374 -0.25210851 -0.14611594 -0.22634264]
 [-0.15101241 -0.21315776  0.0082653  -0.37280943]
 [-0.06620017 -0.08956538 -0.21308633 -0.35193055]
 [-0.17914857 -0.03984797 -0.08617511 -0.40293654]
 [-0.09653504 -0.12724703 -0.18719797 -0.2730098 ]
 [-0.11573636 -0.15639142 -0.0632628  -0.3127763 ]
 [-0.05203119 -0.07505471 -0.0766085  -0.43745614]
 [-0.15257857 -0.07357316 -0.12555543 -0.25787572]
 [-0.16689156  0.00330492 -0.07026993 -0.35679793]
 [-0.08551208 -0.11901519 -0.03639378 -0.31216414]
 [-0.02485297 -0.07651279 -0.1904314  -0.23887105]
 [-0.02932977 -0.04614259 -0.1473299  -0.29247843]
 [-0.01007504 -0.01284829 -0.1031895  -0.37179936]
 [-0.06708683 -0.05730572 -0.14055863 -0.17922045]
 [-0.06462516 -0.16771933  0.00687291 -0.18977647]
 [-0.09792097 -0.01891255  0.05404657 -0.34606436]
 [-0.11432613  0.0190567  -0.0286484  -0.26286516]
 [-0.01285764 -0.10565673 -0.05904899 -0.15953474]
 [ 0.06200226 -0.08918363 -0.0416863  -0.26486077]
 [ 0.01236192 -0.04864558  0.05540566 -0.33086753]
 [-0.0615218  -0.00654446  0.04530627 -0.24867376]
 [ 0.04333341 -0.02357369 -0.12501957 -0.1319191 ]
 [ 0.02928196  0.04790668 -0.01830186 -0.31029075]
 [-0.04905785 -0.04468719 -0.02703716 -0.09381645]
 [-0.02638843  0.01363491  0.06608379 -0.26932831]
 [-0.04655121  0.00627804 -0.00429246 -0.14241936]
 [ 0.02590761  0.07821342 -0.06970376 -0.22104335]
 [ 0.13761551  0.0218886  -0.17027075 -0.14740506]
 [ 0.08405466 -0.03539462  0.03277393 -0.20137036]
 [-0.06420669  0.02352938  0.08847153 -0.13983219]
 [-0.02782441  0.10638073  0.02193709 -0.19939863]
 [ 0.03668671  0.01747155 -0.09445422 -0.03230775]
 [ 0.0696063   0.03601137 -0.01128589 -0.15749449]
 [ 0.08869087 -0.01495196 -0.01979101 -0.07861791]
 [ 0.11384582  0.07654946  0.02501329 -0.24682419]
 [ 0.05818336  0.13469364 -0.03407269 -0.15401713]
 [ 0.05153559 -0.01682387  0.0729728  -0.07656664]
 [ 0.075978    0.00817905 -0.0487876   0.03908288]
 [ 0.07375066  0.01520452  0.06081346 -0.06245045]
 [ 0.13520964  0.13229828  0.03782792 -0.2218019 ]
 [ 0.1928251   0.0634419  -0.02906315 -0.12711277]
 [ 0.02174444  0.12050917  0.11198058 -0.12199424]
 [ 0.09042979 -0.00853825  0.02730027  0.06979137]
 [ 0.13156056  0.16800259 -0.01900947 -0.12263952]
 [ 0.14496323  0.03070072  0.09853823 -0.09327667]
 [ 0.16738713  0.09229755  0.06567292 -0.15313559]
 [ 0.05404571  0.15880127  0.02261577 -0.00294334]
 [ 0.09452243  0.10551028  0.22550276 -0.16745361]
 [ 0.20309539  0.10592206 -0.03879303  0.0111492 ]
 [ 0.03423408  0.12593395  0.22692756 -0.08277935]
 [ 0.12515542  0.05966227  0.15191676 -0.0080734 ]
 [ 0.09281873  0.18271178  0.06874628  0.00984019]
 [ 0.17496764  0.18894908 -0.0144812   0.05429895]
 [ 0.22718702  0.1743051   0.07572272 -0.09712025]
 [ 0.12597526  0.16794228  0.02810565  0.10389475]
 [ 0.17745123  0.07853356  0.13105395  0.064741  ]
 [ 0.07355637  0.14984445  0.18073382  0.09162909]
 [ 0.24704822  0.14070535  0.17479476 -0.05147151]
 [ 0.28404851  0.18161047  0.09433239 -0.04273444]
 [ 0.14516513  0.13434253  0.22235343  0.06019946]
 [ 0.18235224  0.18541816  0.26877826 -0.07950628]
 [ 0.18512028  0.2890277   0.12362203 -0.01538143]
 [ 0.11354413  0.21144079  0.15507028  0.15487856]
 [ 0.1874127   0.22855452  0.0577366   0.16521874]
 [ 0.17881729  0.26119561  0.06731083  0.13136026]
 [ 0.13980084  0.20378594  0.26425762  0.02675265]
 [ 0.28939178  0.14596611  0.0887577   0.15869892]
 [ 0.25302659  0.24110032  0.12724541  0.05277275]
 [ 0.27270849  0.20756188  0.12229817  0.09551049]
 [ 0.19668313  0.24745967  0.17125876  0.12376358]
 [ 0.1890476   0.27744674  0.20378151  0.07919202]
 [ 0.16766594  0.19568698  0.19180455  0.24893412]
 [ 0.30619554  0.11537685  0.26064328  0.10853748]
 [ 0.12178834  0.30663684  0.21994332  0.17305058]
 [ 0.15943292  0.29015645  0.18320473  0.20436385]
 [ 0.26164096  0.27307102  0.24779874  0.02504862]
 [ 0.23205982  0.2798787   0.09166763  0.27585474]
 [ 0.30865411  0.17877289  0.16169895  0.23952663]
 [ 0.31772557  0.21402101  0.28471146  0.08186683]
 [ 0.22364373  0.25472104  0.27574915  0.17636932]
 [ 0.26603036  0.32679647  0.26620438  0.06191918]
 [ 0.23236132  0.2242793   0.34930254  0.15157508]
 [ 0.21296849  0.31753031  0.31007783  0.11702847]
 [ 0.24854666  0.34171203  0.24165699  0.14292833]
 [ 0.3080607   0.20902019  0.23465628  0.29163975]
 [ 0.28862777  0.23259128  0.3210353   0.20657184]
 [ 0.30174706  0.33439952  0.21327979  0.21378374]
 [ 0.18043415  0.35950685  0.33466756  0.24171883]
 [ 0.32584818  0.30696386  0.34030548  0.12155417]
 [ 0.35769595  0.31592766  0.19075483  0.31842339]
 [ 0.32746965  0.40085039  0.16292817  0.3066382 ]
 [ 0.4089376   0.22962936  0.26091222  0.29595041]
 [ 0.26409572  0.45963494  0.33085837  0.12867875]
 [ 0.22116586  0.34941401  0.32763731  0.35497957]
 [ 0.30776007  0.29416131  0.44552688  0.16789355]
 [ 0.36501314  0.27611874  0.29539551  0.34454777]
 [ 0.28909075  0.35770358  0.34626296  0.2849662 ]
 [ 0.41922724  0.35476026  0.28223865  0.21803337]
 [ 0.32306177  0.3391643   0.25941799  0.40977993]
 [ 0.35047941  0.33770598  0.37972584  0.22749051]
 [ 0.39123635  0.38535026  0.24653797  0.33746225]
 [ 0.33284731  0.44069224  0.32421766  0.28051274]
 [ 0.44618852  0.31187107  0.28116182  0.37592596]
 [ 0.34533504  0.3055068   0.45414372  0.30379746]
 [ 0.45643803  0.35000402  0.23706794  0.41230527]
 [ 0.4359587   0.28927234  0.38639012  0.33535111]
 [ 0.39564805  0.32389889  0.33107772  0.4413364 ]
 [ 0.50180803  0.39476407  0.23604424  0.402641  ]
 [ 0.42599175  0.39290682  0.30324397  0.43360201]
 [ 0.45984265  0.41339899  0.34150521  0.30890415]
 [ 0.37461416  0.40710436  0.39386137  0.38643379]
 [ 0.44016072  0.3801042   0.40895341  0.35506751]
 [ 0.5156439   0.3665789   0.40790099  0.32998801]
 [ 0.38240151  0.53305669  0.37809024  0.34757376]
 [ 0.52572703  0.45020052  0.27794086  0.43217488]
 [ 0.40573156  0.48613379  0.48258313  0.28958841]
 [ 0.49774092  0.44217379  0.37999095  0.41489663]
 [ 0.4873069   0.35895978  0.401838    0.55214312]
 [ 0.41880592  0.56470766  0.33937748  0.49158322]
 [ 0.47847855  0.47522422  0.36955067  0.49913464]
 [ 0.53294799  0.40408841  0.39849494  0.51475407]
 [ 0.50264151  0.52840349  0.36094983  0.4862659 ]
 [ 0.52239214  0.56200348  0.38957191  0.41226291]
 [ 0.44823889  0.60008898  0.39450322  0.50186596]
 [ 0.47389056  0.52037679  0.47666946  0.47238572]
 [ 0.51367826  0.4838      0.47257858  0.48173336]
 [ 0.94449219  0.97830449  0.84170419  0.98251699]
 [ 0.88934355  0.93685808  0.98290438  0.99487467]
 [ 0.99469144  0.73745102  0.9305473   0.97813674]
 [ 0.98670424  0.76792411  0.94440854  0.94354621]
 [ 0.98086453  0.88508421  0.88015891  0.86970176]
 [ 0.93357272  0.81716031  0.86381064  0.95596495]
 [ 0.9012816   0.90356304  0.76663722  0.9189754 ]
 [ 0.87637438  0.94142135  0.74621693  0.88649757]
 [ 0.82936246  0.92159459  0.92662304  0.901064  ]
 [ 0.91458645  0.74660145  0.72492113  0.96437752]
 [ 0.81749688  0.88854367  0.82389664  0.95064942]
 [ 0.80645532  0.78205657  0.84646218  0.98586887]
 [ 0.78885729  0.93052052  0.7818511   0.82533453]
 [ 0.8389616   0.77132925  0.75970804  0.86116374]
 [ 0.81308519  0.82511521  0.72348769  0.83504125]
 [ 0.75669041  0.84484986  0.81749744  0.79960591]
 [ 0.71858537  0.7059554   0.74496306  0.86239522]
 [ 0.75159563  0.75021763  0.76637209  0.73162102]]",10,30
0.021883184932795702,0.008341149793384605,0.19579512334144628,0.8390804597701149,0.425930933209803,0.42372280465869916,1.0052112572791008,87,189,"[[-4.24670007e-01 -8.81643225e-01 -7.95211568e-01 -9.91048105e-01]
 [-5.28029207e-01 -9.62501718e-01 -7.54222410e-01 -9.84723918e-01]
 [-4.95377840e-01 -9.53439325e-01 -9.04122347e-01 -9.70755870e-01]
 [-5.08705914e-01 -9.96040668e-01 -9.95261274e-01 -9.13684737e-01]
 [-5.83173120e-01 -8.89667781e-01 -9.29486014e-01 -9.73159621e-01]
 [-6.67773480e-01 -8.18477074e-01 -8.83706672e-01 -9.95226026e-01]
 [-7.10076403e-01 -9.79567796e-01 -9.07741817e-01 -9.45236463e-01]
 [-8.13114295e-01 -8.94904250e-01 -9.37969493e-01 -9.49474143e-01]
 [-8.09034403e-01 -8.06079105e-01 -9.77624534e-01 -9.85055534e-01]
 [-8.85791721e-01 -9.12994783e-01 -8.49299910e-01 -9.96054014e-01]
 [-3.08565320e-01 -5.12424385e-01 -4.00532711e-01 -7.38432914e-01]
 [-1.67222278e-01 -5.18385692e-01 -4.19940632e-01 -7.81664969e-01]
 [-3.73862045e-01 -4.14411284e-01 -4.33393590e-01 -7.46442564e-01]
 [-2.84259193e-01 -4.65501456e-01 -4.91353698e-01 -6.86784690e-01]
 [-2.27947194e-01 -4.60119130e-01 -4.63102438e-01 -7.42147719e-01]
 [-2.35865211e-01 -5.07072145e-01 -4.28923924e-01 -6.84166670e-01]
 [-2.44418858e-01 -3.94867891e-01 -3.59975675e-01 -8.74847269e-01]
 [-2.32488336e-01 -4.27918062e-01 -3.90542313e-01 -7.89125348e-01]
 [-3.93076589e-01 -5.10944802e-01 -3.32789674e-01 -5.66176713e-01]
 [-2.55358385e-01 -3.47958505e-01 -4.44805730e-01 -7.80571185e-01]
 [-3.14220499e-01 -4.78181178e-01 -4.02417909e-01 -5.61611297e-01]
 [-3.33597295e-01 -4.48975727e-01 -3.47062422e-01 -6.02357982e-01]
 [-3.54050441e-01 -3.84961950e-01 -3.17125844e-01 -6.67591091e-01]
 [-3.94941939e-01 -3.15585131e-01 -3.70719608e-01 -6.75794793e-01]
 [-1.36463866e-01 -4.70875775e-01 -4.22857683e-01 -6.16847606e-01]
 [-2.93749036e-01 -4.14032541e-01 -2.24103373e-01 -7.01423973e-01]
 [-3.85188822e-01 -4.63995200e-01 -3.06421336e-01 -5.08424496e-01]
 [-1.57173524e-01 -3.76672370e-01 -3.53203909e-01 -7.21851613e-01]
 [-2.58162992e-01 -4.36734399e-01 -2.96427725e-01 -5.42783916e-01]
 [-2.90313905e-01 -3.50392366e-01 -3.22300436e-01 -5.82153575e-01]
 [-2.41636841e-01 -3.27271599e-01 -3.98853041e-01 -5.73571933e-01]
 [-1.89597299e-01 -4.26461646e-01 -2.52534239e-01 -5.97161859e-01]
 [-3.39072593e-01 -3.44338790e-01 -3.72083278e-01 -4.89681957e-01]
 [-3.58431617e-01 -3.23265374e-01 -2.30281260e-01 -5.48824241e-01]
 [-1.26838533e-01 -3.36228998e-01 -2.61893613e-01 -6.53085878e-01]
 [-2.32030766e-01 -4.43429029e-01 -3.68640793e-01 -3.76153337e-01]
 [-2.99598053e-01 -3.12443083e-01 -1.63208764e-01 -6.12190120e-01]
 [-1.21055305e-01 -3.75414265e-01 -3.90899194e-01 -4.89769898e-01]
 [-1.72211163e-01 -4.24702734e-01 -3.02315054e-01 -4.39641405e-01]
 [-1.86490066e-01 -2.75143981e-01 -2.92927282e-01 -5.93318749e-01]
 [-1.09056119e-01 -4.08220317e-01 -3.58584475e-01 -4.08453744e-01]
 [-1.41891275e-01 -3.54611535e-01 -3.28191938e-01 -4.35420064e-01]
 [-1.99747389e-01 -2.81159619e-01 -2.78318034e-01 -4.98786181e-01]
 [-2.10004047e-01 -3.19168499e-01 -2.36169662e-01 -4.60938150e-01]
 [-1.91865573e-01 -2.48613836e-01 -3.46729457e-01 -4.54519661e-01]
 [-2.78768163e-01 -3.25504461e-01 -2.15593811e-01 -3.91303146e-01]
 [-2.34638251e-01 -2.08041834e-01 -2.39992922e-01 -5.21470288e-01]
 [-2.63695760e-01 -2.39325313e-01 -3.26293498e-01 -4.00255026e-01]
 [-2.37900287e-01 -3.41901593e-01 -3.07768119e-01 -3.10110891e-01]
 [-2.30243130e-01 -1.36919959e-01 -2.74328813e-01 -5.50039902e-01]
 [-1.03461444e-01 -2.26694066e-01 -2.64303604e-01 -5.15938958e-01]
 [-8.32457226e-02 -2.83946406e-01 -2.26174502e-01 -4.95543692e-01]
 [-2.83583926e-01 -2.62337558e-01 -2.45225556e-01 -3.32022637e-01]
 [-1.35536829e-01 -2.98962072e-01 -1.84786301e-01 -4.01486035e-01]
 [-2.71025099e-01 -1.68143811e-01 -1.59389308e-01 -4.36636247e-01]
 [-2.91569469e-01 -2.32295424e-01 -1.29814217e-01 -3.71406229e-01]
 [-1.10996975e-01 -3.06692848e-01 -2.94356059e-01 -2.80160192e-01]
 [-1.27169942e-01 -2.06420697e-01 -1.90227306e-01 -4.26465755e-01]
 [-2.48940907e-01 -1.23363392e-01 -2.30131248e-01 -3.83071521e-01]
 [-1.62779739e-01 -1.98793804e-01 -2.58037914e-01 -3.29341626e-01]
 [-1.84747279e-01 -1.43237347e-01 -2.23701561e-01 -3.67183808e-01]
 [-2.19661796e-01 -2.24959496e-01 -1.66003922e-01 -3.01635804e-01]
 [-5.46018798e-02 -2.73219630e-01 -1.37376146e-01 -3.70348848e-01]
 [-3.57462540e-02 -1.71410944e-01 -2.79751470e-01 -3.61637294e-01]
 [-1.98853314e-01 -1.30618762e-01 -1.10669095e-01 -4.06661805e-01]
 [-5.25638461e-05 -1.78990150e-01 -2.07545493e-01 -3.98302406e-01]
 [-7.18579721e-02 -2.20543614e-01 -1.00704214e-01 -3.77945276e-01]
 [-1.23170335e-01 -1.82037368e-01 -2.57095648e-01 -2.33077707e-01]
 [-1.74465390e-01 -2.68346786e-01 -2.02383965e-01 -1.32532896e-01]
 [-1.89441336e-01 -6.21405393e-02 -1.99704906e-01 -3.23301777e-01]
 [-1.06763741e-01 -2.52108511e-01 -1.46115938e-01 -2.26342643e-01]
 [-6.62001669e-02 -8.95653833e-02 -2.13086326e-01 -3.51930549e-01]
 [-1.69969337e-01 -2.04946639e-01 -7.78540000e-02 -2.49868099e-01]
 [-9.65350382e-02 -1.27247034e-01 -1.87197968e-01 -2.73009803e-01]
 [-1.15736358e-01 -1.56391423e-01 -6.32627998e-02 -3.12776305e-01]
 [-1.65496353e-01 -1.72625884e-01 -2.57764161e-02 -2.81465650e-01]
 [ 9.97894444e-03 -1.56985786e-01 -1.72223743e-01 -2.88206998e-01]
 [-1.52578574e-01 -7.35731628e-02 -1.25555431e-01 -2.57875724e-01]
 [-8.55120756e-02 -1.19015194e-01 -3.63937821e-02 -3.12164137e-01]
 [-1.93876177e-01 -9.25010759e-02 -1.50034515e-01 -1.45425636e-01]
 [-1.30139463e-01 -1.74097726e-01 -1.47549255e-01 -1.04822570e-01]
 [-2.48529725e-02 -7.65127894e-02 -1.90431397e-01 -2.38871049e-01]
 [-2.93297712e-02 -4.61425893e-02 -1.47329900e-01 -2.92478435e-01]
 [-5.50571084e-02 -1.48083964e-01 -1.62612639e-01 -1.36188602e-01]
 [-1.11297702e-01 -1.88706582e-01 -2.06075031e-02 -1.55935373e-01]
 [-6.70868289e-02 -5.73057234e-02 -1.40558627e-01 -1.79220447e-01]
 [-1.41703676e-01 -1.40803188e-01 -1.01928752e-01 -5.91471847e-02]
 [-1.14326125e-01  1.90566983e-02 -2.86484007e-02 -2.62865163e-01]
 [-1.54583236e-01  8.76548886e-03  2.23405659e-04 -2.33645478e-01]
 [-1.28576383e-02 -1.05656732e-01 -5.90489935e-02 -1.59534745e-01]
 [-7.70824552e-02 -1.25791337e-01 -4.95713633e-02 -9.07058399e-02]
 [-9.69198421e-02 -1.11589691e-01  9.62302554e-02 -1.85285002e-01]
 [ 3.71219646e-02 -1.58457218e-01 -5.97283337e-02 -1.05902201e-01]
 [-1.09364968e-01 -8.71181116e-02 -8.52099974e-02 -3.42346318e-02]
 [-1.39769023e-01 -7.96325319e-03 -4.12422828e-02 -1.25194414e-01]
 [-8.70563854e-02  1.66087598e-02 -1.40762430e-01 -6.86134417e-02]
 [-1.43099720e-01  3.46994121e-02 -5.26808165e-02 -1.11289924e-01]
 [ 4.33334075e-02 -2.35736910e-02 -1.25019565e-01 -1.31919103e-01]
 [-4.90578543e-02 -4.46871947e-02 -2.70371605e-02 -9.38164461e-02]
 [-8.99973195e-02 -5.05053513e-02  6.76988494e-02 -1.23989606e-01]
 [-4.65512145e-02  6.27803989e-03 -4.29246016e-03 -1.42419362e-01]
 [-3.22066993e-02 -1.55008910e-01  1.05711641e-01 -6.44825604e-02]
 [-1.28769735e-01 -3.45093161e-02  3.11891958e-02 -2.98148412e-02]
 [-7.56713878e-02  5.02089616e-02 -1.08715577e-01 -1.71092432e-02]
 [ 1.15472581e-02 -7.88935907e-02  1.06817579e-01 -1.37859412e-01]
 [-6.42066915e-02  2.35293843e-02  8.84715300e-02 -1.39832186e-01]
 [ 6.96063042e-02  3.60113718e-02 -1.12858918e-02 -1.57494487e-01]
 [ 3.66867147e-02  1.74715519e-02 -9.44542233e-02 -3.23077496e-02]
 [ 8.86908732e-02 -1.49519555e-02 -1.97910126e-02 -7.86179099e-02]
 [-7.45107234e-03 -6.31770436e-02 -5.90780005e-03  4.11318652e-02]
 [-3.62580214e-02  4.19234708e-02 -6.06645569e-02  2.40060408e-02]
 [ 5.15355878e-02 -1.68238711e-02  7.29727987e-02 -7.65666384e-02]
 [-3.45791262e-02  4.40527797e-02  4.85166777e-02 -1.50275137e-02]
 [ 7.37506561e-02  1.52045246e-02  6.08134624e-02 -6.24504518e-02]
 [-7.34431092e-02  5.13617229e-02  9.46183279e-02  6.29902817e-03]
 [ 2.17444394e-02  1.20509174e-01  1.11980578e-01 -1.21994242e-01]
 [-2.24220455e-02  6.29241057e-02  4.30194661e-02  6.77959397e-02]
 [ 9.04297903e-02 -8.53824988e-03  2.73002684e-02  6.97913747e-02]
 [ 1.28348704e-01 -2.38018706e-02  6.38057794e-02  3.81147023e-02]
 [ 3.50087360e-02  2.15673521e-02  1.08429339e-01  5.36007453e-02]
 [ 5.40457051e-02  1.58801273e-01  2.26157699e-02 -2.94333883e-03]
 [-5.45888059e-02  1.49982952e-01  7.18339123e-02  5.71435448e-02]
 [ 7.10454471e-02 -4.18333020e-02  2.23158812e-01  1.62999053e-02]
 [ 4.11069468e-02 -3.10760010e-02  1.40341321e-01  1.41493207e-01]
 [ 1.25155423e-01  5.96622713e-02  1.51916763e-01 -8.07339884e-03]
 [ 5.42024262e-02  5.12613337e-02  1.41110385e-01  9.48660802e-02]
 [ 9.28187314e-02  1.82711778e-01  6.87462837e-02  9.84018855e-03]
 [ 1.23139186e-01  9.65682138e-02  3.50606851e-02  1.15219370e-01]
 [ 1.74967639e-01  1.88949084e-01 -1.44811962e-02  5.42989485e-02]
 [ 1.90656995e-01  6.93634916e-02  1.80138554e-02  1.46360587e-01]
 [ 1.25975264e-01  1.67942280e-01  2.81056520e-02  1.03894746e-01]
 [ 1.77451229e-01  7.85335600e-02  1.31053951e-01  6.47410043e-02]
 [ 8.38617794e-03  1.14802897e-01  1.79351008e-01  1.58603348e-01]
 [ 7.35563692e-02  1.49844445e-01  1.80733820e-01  9.16290898e-02]
 [ 1.45165132e-01  1.34342533e-01  2.22353429e-01  6.01994637e-02]
 [ 1.13544133e-01  2.11440792e-01  1.55070284e-01  1.54878560e-01]
 [ 2.72708487e-01  2.07561877e-01  1.22298172e-01  9.55104865e-02]
 [ 2.78428076e-01  1.08315252e-01  1.87591419e-01  1.35413840e-01]
 [ 2.20857548e-01  1.55262796e-01  1.17132762e-01  2.28699060e-01]
 [ 2.10335100e-01  9.90567245e-02  2.31464818e-01  1.89544722e-01]
 [ 1.96683127e-01  2.47459671e-01  1.71258762e-01  1.23763584e-01]
 [ 1.68743366e-01  1.65510025e-01  1.42294843e-01  2.82278031e-01]
 [ 1.67665936e-01  1.95686983e-01  1.91804554e-01  2.48934116e-01]
 [ 1.21788338e-01  3.06636838e-01  2.19943319e-01  1.73050577e-01]
 [ 1.59432922e-01  2.90156448e-01  1.83204727e-01  2.04363855e-01]
 [ 3.08654109e-01  1.78772885e-01  1.61698949e-01  2.39526628e-01]
 [ 3.19972167e-01  1.20134007e-01  2.12054379e-01  2.71801157e-01]
 [ 3.45515084e-01  1.91311760e-01  2.28006419e-01  1.78075727e-01]
 [ 2.23643728e-01  2.54721042e-01  2.75749154e-01  1.76369315e-01]
 [ 2.29048511e-01  1.29578227e-01  2.97310902e-01  3.17213360e-01]
 [ 1.60377314e-01  3.20341516e-01  2.32695842e-01  2.64286665e-01]
 [ 2.35391285e-01  2.16356074e-01  2.16168735e-01  3.45773490e-01]
 [ 3.08060698e-01  2.09020192e-01  2.34656278e-01  2.91639747e-01]
 [ 3.01747059e-01  3.34399518e-01  2.13279786e-01  2.13783741e-01]
 [ 2.88627774e-01  2.32591279e-01  3.21035301e-01  2.06571840e-01]
 [ 3.57695954e-01  3.15927662e-01  1.90754825e-01  3.18423389e-01]
 [ 4.08937603e-01  2.29629360e-01  2.60912217e-01  2.95950411e-01]
 [ 2.81140067e-01  2.01927356e-01  3.07343857e-01  4.52323945e-01]
 [ 3.65013145e-01  2.76118744e-01  2.95395508e-01  3.44547771e-01]
 [ 3.72272450e-01  2.45857980e-01  3.29644291e-01  3.27627039e-01]
 [ 3.23061766e-01  3.39164296e-01  2.59417992e-01  4.09779934e-01]
 [ 2.89090751e-01  3.57703580e-01  3.46262962e-01  2.84966195e-01]
 [ 4.46188524e-01  3.11871070e-01  2.81161824e-01  3.75925962e-01]
 [ 3.32847308e-01  4.40692239e-01  3.24217658e-01  2.80512741e-01]
 [ 3.95648053e-01  3.23898895e-01  3.31077719e-01  4.41336399e-01]
 [ 4.35958698e-01  2.89272344e-01  3.86390120e-01  3.35351106e-01]
 [ 4.25991746e-01  3.92906817e-01  3.03243970e-01  4.33602013e-01]
 [ 4.59842650e-01  4.13398987e-01  3.41505209e-01  3.08904152e-01]
 [ 5.57906194e-01  2.70489946e-01  3.68282679e-01  4.42762723e-01]
 [ 4.57332045e-01  2.46398309e-01  4.05691775e-01  4.92772644e-01]
 [ 3.76454363e-01  3.53287689e-01  4.18400493e-01  3.94692415e-01]
 [ 3.74614159e-01  4.07104358e-01  3.93861374e-01  3.86433791e-01]
 [ 4.40160723e-01  3.80104199e-01  4.08953410e-01  3.55067506e-01]
 [ 4.97740917e-01  4.42173792e-01  3.79990950e-01  4.14896628e-01]
 [ 5.32947989e-01  4.04088413e-01  3.98494942e-01  5.14754066e-01]
 [ 5.22392139e-01  5.62003480e-01  3.89571914e-01  4.12262915e-01]
 [ 4.26925406e-01  3.09958400e-01  5.17557725e-01  4.91901016e-01]
 [ 6.21568564e-01  4.77776971e-01  4.57892982e-01  5.74236818e-01]
 [ 6.36919934e-01  3.86228669e-01  4.89897244e-01  4.51310752e-01]
 [ 5.13678258e-01  4.83800003e-01  4.72578583e-01  4.81733356e-01]
 [ 4.73890556e-01  5.20376792e-01  4.76669464e-01  4.72385716e-01]
 [ 4.47240414e-01  3.91024459e-01  5.55266675e-01  4.48503265e-01]
 [ 6.56792782e-01  5.15421262e-01  5.36301702e-01  4.75437216e-01]
 [ 4.74875784e-01  4.71468590e-01  5.65870266e-01  5.40116344e-01]
 [ 5.70475934e-01  4.35180163e-01  6.02945076e-01  5.46487410e-01]
 [ 5.12725515e-01  5.24888191e-01  5.70819249e-01  5.38966488e-01]
 [ 5.44977188e-01  4.00027728e-01  6.57314498e-01  4.61985890e-01]
 [ 6.04628518e-01  5.59827004e-01  6.25952557e-01  4.54522695e-01]
 [ 5.67013014e-01  5.78015633e-01  7.45228171e-01  5.50042497e-01]]",11,30
0.011413469407650086,0.008142294424240741,0.05013142090551838,0.8735632183908046,0.4282894143488939,0.42372280465869916,1.0107773517001577,87,159,"[[-0.7521086  -0.54356998 -0.4548347  -0.74319084]
 [-0.70383717 -0.4912571  -0.39240489 -0.74495446]
 [-0.65463931 -0.43802777 -0.36678525 -0.79873752]
 [-0.58393932 -0.48634155 -0.45533559 -0.7562231 ]
 [-0.67424541 -0.43948418 -0.49501244 -0.61965232]
 [-0.63816772 -0.37888763 -0.46605107 -0.68143599]
 [-0.58062604 -0.39365713 -0.38244121 -0.71262626]
 [-0.56917623 -0.42328935 -0.36807845 -0.63914962]
 [-0.52645594 -0.4428931  -0.30080947 -0.70056989]
 [-0.5472124  -0.41222716 -0.48111233 -0.58780585]
 [-0.47726876 -0.48256572 -0.33099603 -0.63373986]
 [-0.52543457 -0.35421113 -0.51901372 -0.63167187]
 [-0.63198492 -0.30625234 -0.34381178 -0.58074269]
 [-0.50495191 -0.34135803 -0.36558553 -0.61109095]
 [-0.4715804  -0.33229299 -0.48424082 -0.59725749]
 [-0.44136843 -0.38842226 -0.38512917 -0.52780506]
 [-0.39494194 -0.31558513 -0.37071961 -0.67579479]
 [-0.35405044 -0.38496195 -0.31712584 -0.66759109]
 [-0.33359729 -0.44897573 -0.34706242 -0.60235798]
 [-0.38518882 -0.4639952  -0.30642134 -0.5084245 ]
 [-0.41193489 -0.41553331 -0.31458352 -0.47943253]
 [-0.43666313 -0.28193514 -0.40937126 -0.53177064]
 [-0.42283925 -0.3397516  -0.17326377 -0.57964353]
 [-0.47860342 -0.17697314 -0.39080334 -0.57444431]
 [-0.3912055  -0.3301526  -0.46175607 -0.4402782 ]
 [-0.46191706 -0.25444262 -0.3547949  -0.45898739]
 [-0.33907259 -0.34433879 -0.37208328 -0.48968196]
 [-0.35843162 -0.32326537 -0.23028126 -0.54882424]
 [-0.3096373  -0.317037   -0.42723853 -0.50381325]
 [-0.3796451  -0.35984654 -0.28870275 -0.39562902]
 [-0.36380545 -0.26780042 -0.2567436  -0.5227017 ]
 [-0.32756179 -0.31537726 -0.37739662 -0.40884638]
 [-0.40551936 -0.29031291 -0.19778687 -0.42565203]
 [-0.43343774 -0.29837277 -0.25046263 -0.33430383]
 [-0.34247339 -0.40789503 -0.20550961 -0.35844867]
 [-0.42494926 -0.20405698 -0.37455431 -0.3691403 ]
 [-0.35984394 -0.25293536 -0.41179165 -0.34559954]
 [-0.30652636 -0.33361201 -0.27168838 -0.36448806]
 [-0.32058329 -0.2117725  -0.23422278 -0.49610374]
 [-0.3477914  -0.28262861 -0.33872822 -0.3028692 ]
 [-0.27876816 -0.32550446 -0.21559381 -0.39130315]
 [-0.26369576 -0.23932531 -0.3262935  -0.40025503]
 [-0.23790029 -0.34190159 -0.30776812 -0.31011089]
 [-0.28358393 -0.26233756 -0.24522556 -0.33202264]
 [-0.35626818 -0.18758219 -0.28629299 -0.27495957]
 [-0.29156947 -0.23229542 -0.12981422 -0.37140623]
 [-0.2710251  -0.16814381 -0.15938931 -0.43663625]
 [-0.18165881 -0.25831768 -0.38353872 -0.29036412]
 [-0.13553683 -0.29896207 -0.1847863  -0.40148604]
 [-0.2455401  -0.18691871 -0.31722254 -0.26770739]
 [-0.24894091 -0.12336339 -0.23013125 -0.38307152]
 [-0.2196618  -0.2249595  -0.16600392 -0.3016358 ]
 [-0.16277974 -0.1987938  -0.25803791 -0.32934163]
 [-0.24617499 -0.21728043 -0.26663269 -0.20094314]
 [-0.18474728 -0.14323735 -0.22370156 -0.36718381]
 [-0.26563684 -0.10653879 -0.26198021 -0.28661952]
 [-0.32297488 -0.11812916 -0.27096448 -0.18117311]
 [-0.15773435 -0.32980431 -0.09920998 -0.26521611]
 [-0.19885331 -0.13061876 -0.1106691  -0.4066618 ]
 [-0.17729821 -0.13367411 -0.40875971 -0.21202294]
 [-0.2948408  -0.13747989 -0.20429921 -0.15986636]
 [-0.12317033 -0.18203737 -0.25709565 -0.23307771]
 [-0.18196849 -0.23799732 -0.17266776 -0.16416508]
 [-0.26266986 -0.08324259 -0.17645383 -0.2151932 ]
 [-0.10676374 -0.25210851 -0.14611594 -0.22634264]
 [-0.16996934 -0.20494664 -0.077854   -0.2498681 ]
 [-0.09924897 -0.22200139 -0.22893152 -0.19571701]
 [-0.11820594 -0.28149657 -0.10440181 -0.17188195]
 [-0.09653504 -0.12724703 -0.18719797 -0.2730098 ]
 [-0.20592872 -0.12188917 -0.10042384 -0.19060509]
 [-0.15257857 -0.07357316 -0.12555543 -0.25787572]
 [-0.19387618 -0.09250108 -0.15003452 -0.14542564]
 [-0.13013946 -0.17409773 -0.14754925 -0.10482257]
 [-0.02485297 -0.07651279 -0.1904314  -0.23887105]
 [-0.05505711 -0.14808396 -0.16261264 -0.1361886 ]
 [-0.14170368 -0.14080319 -0.10192875 -0.05914718]
 [-0.06708683 -0.05730572 -0.14055863 -0.17922045]
 [-0.04972527 -0.18275234 -0.15328995  0.00216076]
 [-0.07708246 -0.12579134 -0.04957136 -0.09070584]
 [-0.01285764 -0.10565673 -0.05904899 -0.15953474]
 [-0.10936497 -0.08711811 -0.08521    -0.03423463]
 [-0.03749745 -0.01529842 -0.22348221 -0.05453069]
 [ 0.03712196 -0.15845722 -0.05972833 -0.1059022 ]
 [-0.14309972  0.03469941 -0.05268082 -0.11128992]
 [-0.08705639  0.01660876 -0.14076243 -0.06861344]
 [-0.04905785 -0.04468719 -0.02703716 -0.09381645]
 [ 0.00689938 -0.12082134 -0.08658963 -0.01915829]
 [-0.04655121  0.00627804 -0.00429246 -0.14241936]
 [-0.13044861 -0.03579605 -0.01587125  0.00922247]
 [-0.12876973 -0.03450932  0.0311892  -0.02981484]
 [ 0.09939364 -0.07689162 -0.05040335 -0.14433788]
 [ 0.03791944 -0.05140518 -0.18212425  0.01400242]
 [-0.07567139  0.05020896 -0.10871558 -0.01710924]
 [-0.08825741 -0.05105013 -0.0731291   0.10254462]
 [-0.07094891 -0.13207485  0.06000649  0.07333244]
 [ 0.03668671  0.01747155 -0.09445422 -0.03230775]
 [-0.00745107 -0.06317704 -0.0059078   0.04113187]
 [-0.03625802  0.04192347 -0.06066456  0.02400604]
 [ 0.05153559 -0.01682387  0.0729728  -0.07656664]
 [ 0.10869121 -0.09593418 -0.00967039  0.02593287]
 [-0.03457913  0.04405278  0.04851668 -0.01502751]
 [ 0.04936924 -0.022261   -0.06742054  0.08746781]
 [ 0.075978    0.00817905 -0.0487876   0.03908288]
 [-0.02242205  0.06292411  0.04301947  0.06779594]
 [ 0.09042979 -0.00853825  0.02730027  0.06979137]
 [ 0.1283487  -0.02380187  0.06380578  0.0381147 ]
 [ 0.03500874  0.02156735  0.10842934  0.05360075]
 [ 0.07104545 -0.0418333   0.22315881  0.01629991]
 [ 0.23190949 -0.00602082 -0.03092653  0.05652524]
 [ 0.06353198  0.03424827  0.00414284  0.17840733]
 [ 0.12515542  0.05966227  0.15191676 -0.0080734 ]
 [ 0.05420243  0.05126133  0.14111038  0.09486608]
 [ 0.12313919  0.09656821  0.03506069  0.11521937]
 [ 0.02813675  0.08584209  0.0711095   0.23992689]
 [ 0.190657    0.06936349  0.01801386  0.14636059]
 [ 0.17745123  0.07853356  0.13105395  0.064741  ]
 [ 0.07355637  0.14984445  0.18073382  0.09162909]
 [ 0.15525413  0.05072115  0.0923951   0.20971872]
 [ 0.14516513  0.13434253  0.22235343  0.06019946]
 [ 0.10097878  0.15229286  0.05114863  0.27219427]
 [ 0.1916505   0.03722536  0.07000705  0.32248841]
 [ 0.11354413  0.21144079  0.15507028  0.15487856]
 [ 0.1874127   0.22855452  0.0577366   0.16521874]
 [ 0.26390906  0.04453835  0.10423672  0.25248541]
 [ 0.28939178  0.14596611  0.0887577   0.15869892]
 [ 0.27842808  0.10831525  0.18759142  0.13541384]
 [ 0.22085755  0.1552628   0.11713276  0.22869906]
 [ 0.2103351   0.09905672  0.23146482  0.18954472]
 [ 0.16874337  0.16551002  0.14229484  0.28227803]
 [ 0.16766594  0.19568698  0.19180455  0.24893412]
 [ 0.36223087  0.12557407  0.06622486  0.31101656]
 [ 0.23205982  0.2798787   0.09166763  0.27585474]
 [ 0.30865411  0.17877289  0.16169895  0.23952663]
 [ 0.31997217  0.12013401  0.21205438  0.27180116]
 [ 0.22904851  0.12957823  0.2973109   0.31721336]
 [ 0.23539129  0.21635607  0.21616874  0.34577349]
 [ 0.3080607   0.20902019  0.23465628  0.29163975]
 [ 0.33753801  0.22173062  0.15185405  0.41693462]
 [ 0.24884872  0.16293428  0.45216895  0.26863139]
 [ 0.34686908  0.09745408  0.2693679   0.48815377]
 [ 0.35769595  0.31592766  0.19075483  0.31842339]
 [ 0.4089376   0.22962936  0.26091222  0.29595041]
 [ 0.28114007  0.20192736  0.30734386  0.45232395]
 [ 0.31458391  0.18182773  0.36556509  0.38690588]
 [ 0.37227245  0.24585798  0.32964429  0.32762704]
 [ 0.33445661  0.14877732  0.38391719  0.46480754]
 [ 0.25320556  0.26350016  0.43187358  0.4289774 ]
 [ 0.38433737  0.13351752  0.45655538  0.43312991]
 [ 0.34533504  0.3055068   0.45414372  0.30379746]
 [ 0.4359587   0.28927234  0.38639012  0.33535111]
 [ 0.39564805  0.32389889  0.33107772  0.4413364 ]
 [ 0.34904489  0.29094691  0.36157399  0.56426017]
 [ 0.37645436  0.35328769  0.41840049  0.39469242]
 [ 0.35436857  0.29445065  0.57357956  0.39820885]
 [ 0.34232032  0.36830896  0.49104301  0.48862776]
 [ 0.42692541  0.3099584   0.51755773  0.49190102]
 [ 0.40096803  0.32790236  0.60363021  0.52138073]
 [ 0.44724041  0.39102446  0.55526667  0.44850327]
 [ 0.47487578  0.47146859  0.56587027  0.54011634]]",12,30
0.12130280295706483,0.12335655124381859,0.3907727670673051,0.0,0.20873204513370833,0.42372280465869916,0.4926146122849005,87,120,"[[-0.84140356 -0.37348098 -0.80710108 -0.65239191]
 [-0.86822331 -0.35033661 -0.73489882 -0.61865619]
 [-0.80741773 -0.38501195 -0.74827889 -0.63109564]
 [-0.7047365  -0.33617997 -0.67839682 -0.67323154]
 [-0.64834141 -0.36519191 -0.7728667  -0.70775392]
 [-0.75572591 -0.44892763 -0.71278438 -0.56781613]
 [-0.73944516 -0.31341898 -0.87144569 -0.58293923]
 [-0.70716456 -0.39945572 -0.77526804 -0.54199838]
 [-0.67523817 -0.35667309 -0.71641438 -0.54803824]
 [-0.6162264  -0.28603417 -0.85357855 -0.61670638]
 [-0.66497986 -0.30081129 -0.79755654 -0.52338042]
 [-0.57576836 -0.41028019 -0.72141629 -0.54559178]
 [-0.61802803 -0.34345402 -0.61748612 -0.50637641]
 [-0.62496545 -0.1929733  -0.7713702  -0.5861119 ]
 [-0.64477511 -0.24892911 -0.71245377 -0.49687402]
 [-0.49803306 -0.34716123 -0.63571373 -0.64502849]
 [-0.51156054 -0.38468622 -0.81590668 -0.57367502]
 [-0.59703658 -0.25640197 -0.89590208 -0.5315187 ]
 [-0.47508898 -0.30689404 -0.85138549 -0.67408656]
 [-0.55635952 -0.22687377 -0.67592591 -0.56049868]
 [-0.54811363 -0.25896249 -0.69906436 -0.51794068]
 [-0.44034893 -0.28374109 -0.66906926 -0.58574726]
 [-0.50534764 -0.28387924 -0.84092034 -0.45977353]
 [-0.44735778 -0.1913525  -0.70587947 -0.61756311]
 [-0.36643811 -0.22468601 -0.72194998 -0.64868896]
 [-0.37955634 -0.26491672 -0.76260191 -0.54889219]
 [-0.33171418 -0.24888418 -0.7907381  -0.62285026]
 [-0.38705669 -0.23264591 -0.86238827 -0.52903982]
 [-0.39828989 -0.17873739 -0.65452949 -0.55809585]
 [-0.43007655 -0.19301965 -0.72445809 -0.4620868 ]
 [-0.42850738 -0.10838657 -0.74584731 -0.56696654]
 [-0.2784372  -0.29924301 -0.74170939 -0.55443872]
 [-0.23825033 -0.28237432 -0.7659975  -0.65088929]
 [-0.31117024 -0.17240537 -0.578976   -0.63730396]
 [-0.29017557 -0.27533164 -0.84502824 -0.4874844 ]
 [-0.35114114 -0.20827946 -0.68699074 -0.43102124]
 [-0.25167032 -0.23581013 -0.61624101 -0.57796122]
 [-0.28302464 -0.2427231  -0.78001967 -0.4653446 ]
 [-0.2714095  -0.20611639 -0.6332427  -0.52350854]
 [-0.30694934 -0.1578987  -0.73787086 -0.49439499]
 [-0.21833213 -0.21150681 -0.66150731 -0.57874848]
 [-0.29638068 -0.08187279 -0.75083273 -0.56370884]
 [-0.22203784 -0.26802672 -0.82457732 -0.43322352]
 [-0.15021819 -0.23961805 -0.75453886 -0.55223697]
 [-0.19148132 -0.12662281 -0.82059954 -0.61561047]
 [-0.20340797 -0.15991762 -0.92894022 -0.53285635]
 [-0.23455345 -0.16621834 -0.71730997 -0.42475611]
 [-0.22363378 -0.08625562 -0.79471066 -0.50932714]
 [-0.09145886 -0.18409727 -0.67498041 -0.6130851 ]
 [-0.12727003 -0.16834347 -0.72807609 -0.51927372]
 [-0.17815581 -0.13280657 -0.87427319 -0.46013513]
 [-0.19798641 -0.04194443 -0.83415241 -0.48033618]
 [-0.08056353 -0.19515875 -0.90765438 -0.50272747]
 [-0.15841666 -0.16170658 -0.87520738 -0.37589321]
 [-0.11143431 -0.20130873 -0.69608589 -0.39219914]
 [-0.10312675 -0.1475819  -0.78700137 -0.42906666]
 [-0.02725164 -0.1418788  -0.76847044 -0.52155493]
 [-0.11745854 -0.113536   -0.61513879 -0.3700897 ]
 [-0.07083851 -0.0770482  -0.81286693 -0.44599478]
 [-0.08108609 -0.02329225 -0.6692243  -0.48286147]
 [-0.13768119 -0.00705017 -0.74211106 -0.38868649]
 [-0.12335948  0.00665723 -0.88185687 -0.41991484]
 [ 0.00143411 -0.17731619 -0.79104648 -0.38261839]
 [-0.01444002 -0.09685867 -0.72036662 -0.41935803]
 [ 0.01547501 -0.03006098 -0.80120523 -0.52582821]
 [-0.04137493 -0.12097745 -0.79232092 -0.32117341]
 [ 0.06954693 -0.14877721 -0.63653539 -0.4707793 ]
 [-0.02078446 -0.05671214 -0.7622637  -0.38640533]
 [-0.0432465   0.00922555 -0.71260693 -0.40615562]
 [ 0.00282881  0.0060609  -0.86679795 -0.44791397]
 [ 0.05849368 -0.05207835 -0.65882343 -0.46766426]
 [ 0.06513904 -0.08732762 -0.78587946 -0.36762219]
 [ 0.01090685 -0.01557719 -0.89759962 -0.35611512]
 [ 0.09974912 -0.06409838 -0.73271347 -0.40428324]
 [ 0.1491822  -0.13351741 -0.70451821 -0.37733123]
 [ 0.12270156 -0.0240453  -0.75331644 -0.43285196]
 [ 0.15851232 -0.00829531 -0.83767589 -0.46416239]
 [ 0.13390439 -0.10536844 -0.87637482 -0.32790598]
 [ 0.03754764  0.03025717 -0.68496711 -0.29603737]
 [ 0.17776701 -0.0411016  -0.91278293 -0.38724871]
 [ 0.13968189  0.02486556 -0.61283843 -0.39917173]
 [ 0.18801448 -0.06003825 -0.79975    -0.33898197]
 [ 0.09394212  0.04999135 -0.7780151  -0.32322123]
 [ 0.13161613 -0.01630391 -0.64376188 -0.31128307]
 [ 0.16760125  0.00168305 -0.93112967 -0.3723675 ]
 [ 0.21588888  0.02229715 -0.7941712  -0.41684383]
 [ 0.05716196  0.03795897 -0.75548081 -0.2089859 ]
 [ 0.12080201  0.1035642  -0.73586631 -0.35569536]
 [ 0.15062012 -0.03963071 -0.79273448 -0.19520929]
 [ 0.19545395 -0.0382985  -0.61469381 -0.24022515]
 [ 0.121857    0.01082571 -0.66050427 -0.17565364]
 [ 0.22073097  0.08510657 -0.76063444 -0.35310895]
 [ 0.15941005  0.02729847 -0.74900026 -0.20671996]
 [ 0.18041127  0.0652178  -0.76935194 -0.23968321]
 [ 0.23549411  0.01986471 -0.90652922 -0.22042466]
 [ 0.21531903 -0.00524762 -0.63478637 -0.15842478]
 [ 0.22410913  0.05297642 -0.84301027 -0.17816376]
 [ 0.15007911  0.15155971 -0.86555245 -0.13525429]
 [ 0.2186848   0.17868487 -0.71052779 -0.23376064]
 [ 0.30796606  0.03107637 -0.88804573 -0.1650655 ]
 [ 0.27851499  0.16327348 -0.93459154 -0.25883721]
 [ 0.30128169  0.09816824 -0.65529605 -0.21093952]
 [ 0.24901208  0.10841046 -0.67391597 -0.14130178]
 [ 0.35019712  0.10463518 -0.93916775 -0.22861437]
 [ 0.36207416  0.0715843  -0.81128723 -0.18541881]
 [ 0.27566757  0.19351374 -0.97738749 -0.20987494]
 [ 0.2335206   0.13707869 -0.97077313 -0.09089999]
 [ 0.32062394  0.1968202  -0.6781334  -0.22357203]
 [ 0.26570229  0.12137364 -0.83393872 -0.06010857]
 [ 0.33430857  0.07959767 -0.73847941 -0.08625775]
 [ 0.31986236  0.17468048 -0.91036486 -0.14644803]
 [ 0.29788089  0.16181689 -0.79733121 -0.06482892]
 [ 0.4310852   0.12086761 -0.90145838 -0.13516635]
 [ 0.34679632  0.16607703 -0.60818211 -0.10984765]
 [ 0.39809352  0.21232212 -0.73124049 -0.12939824]
 [ 0.41349502  0.22246374 -0.96220612 -0.05350842]
 [ 0.36509595  0.68413712 -0.90871451  0.56817294]
 [ 0.38083158  0.65815119 -0.41457465  0.59460816]
 [ 0.37742242  0.65607144  0.50695171  0.59231343]
 [ 0.35669565  0.6773358   0.85178493  0.63744189]]",13,30
0.04073017823666349,0.04766683158963535,0.3375810465961065,0.47126436781609193,0.3856927149063185,0.42372280465869916,0.9102477154045947,87,169,"[[-6.89958146e-01 -2.76667716e-01 -5.27371751e-01 -8.05915827e-01]
 [-5.63176908e-01 -3.74359310e-01 -5.10053329e-01 -7.75566492e-01]
 [-6.38167724e-01 -3.78887627e-01 -4.66051066e-01 -6.81435993e-01]
 [-5.77362532e-01 -2.49258930e-01 -5.31634616e-01 -7.28911014e-01]
 [-6.48676218e-01 -2.64284393e-01 -5.05082736e-01 -6.61846526e-01]
 [-5.45277277e-01 -3.10637729e-01 -4.20852158e-01 -7.23915638e-01]
 [-5.87706503e-01 -3.81135527e-01 -5.29105544e-01 -6.18561082e-01]
 [-5.37780141e-01 -2.18182558e-01 -4.54108043e-01 -6.98144734e-01]
 [-5.25434572e-01 -3.54211133e-01 -5.19013718e-01 -6.31671874e-01]
 [-5.74748894e-01 -2.60818174e-01 -4.43137214e-01 -5.98729378e-01]
 [-5.36244163e-01 -2.92257061e-01 -5.51394034e-01 -5.67964640e-01]
 [-4.66748439e-01 -2.71208307e-01 -4.45328308e-01 -6.57085646e-01]
 [-4.71580399e-01 -3.32292985e-01 -4.84240817e-01 -5.97257486e-01]
 [-4.58014276e-01 -2.39056824e-01 -4.29650430e-01 -6.40103711e-01]
 [-5.16890038e-01 -3.74896720e-01 -3.83953720e-01 -5.37133642e-01]
 [-5.55338126e-01 -6.97099976e-02 -3.93901272e-01 -6.15499757e-01]
 [-4.67047390e-01 -2.20313812e-01 -5.44575531e-01 -5.46531580e-01]
 [-4.78603425e-01 -1.76973138e-01 -3.90803337e-01 -5.74444305e-01]
 [-5.52756574e-01 -2.30682801e-01 -3.87931468e-01 -4.80446719e-01]
 [-4.36663132e-01 -2.81935142e-01 -4.09371259e-01 -5.31770639e-01]
 [-5.43895923e-01 -9.86713152e-02 -3.55644207e-01 -5.32722931e-01]
 [-4.98346446e-01 -1.47767713e-01 -3.58740265e-01 -5.27331106e-01]
 [-5.73087135e-01 -6.36790972e-02 -4.10463763e-01 -4.60001703e-01]
 [-4.61917063e-01 -2.54442619e-01 -3.54794897e-01 -4.58987392e-01]
 [-4.43037843e-01 -1.94917396e-01 -4.80263039e-01 -4.20330321e-01]
 [-3.98844961e-01 -1.75229719e-01 -4.13226992e-01 -4.81888272e-01]
 [-4.73359512e-01 -2.96721496e-02 -3.88952453e-01 -4.54607140e-01]
 [-5.28606055e-01 -1.40271071e-01 -3.33565649e-01 -3.74457581e-01]
 [-4.47707850e-01 -1.84372431e-01 -2.43729178e-01 -4.68191087e-01]
 [-4.31126557e-01 -1.04085559e-01 -4.40091703e-01 -3.93171379e-01]
 [-4.24949264e-01 -2.04056976e-01 -3.74554312e-01 -3.69140295e-01]
 [-4.85236539e-01 -5.86337056e-02 -3.60590598e-01 -3.81115071e-01]
 [-3.86914551e-01 -1.41629968e-01 -3.36257422e-01 -4.32325628e-01]
 [-3.59843941e-01 -2.52935357e-01 -4.11791649e-01 -3.45599540e-01]
 [-4.13560474e-01 -2.36924510e-01 -3.75961516e-01 -2.95137020e-01]
 [-4.83293537e-01 -1.60168774e-01 -3.00192853e-01 -3.07498544e-01]
 [-4.53092299e-01 -1.23021197e-01 -3.34863165e-01 -3.17441927e-01]
 [-3.62139851e-01 -8.60470943e-02 -3.51023037e-01 -4.11304040e-01]
 [-4.55445450e-01  8.43162276e-02 -3.21459794e-01 -4.26545942e-01]
 [-3.31814360e-01 -1.26856662e-01 -2.52872631e-01 -4.63636283e-01]
 [-3.47791402e-01 -2.82628613e-01 -3.38728217e-01 -3.02869197e-01]
 [-2.63695760e-01 -2.39325313e-01 -3.26293498e-01 -4.00255026e-01]
 [-2.95981163e-01 -4.38680220e-02 -2.92589162e-01 -4.74807486e-01]
 [-2.97916286e-01 -1.76645461e-01 -3.53298519e-01 -3.38440128e-01]
 [-4.57484094e-01 -3.59080061e-02 -1.83407966e-01 -3.47467802e-01]
 [-3.56268184e-01 -1.87582189e-01 -2.86292989e-01 -2.74959570e-01]
 [-4.29489261e-01  2.24153511e-03 -3.66970209e-01 -2.29976328e-01]
 [-3.84490307e-01 -7.83160757e-02 -2.41339315e-01 -2.82049498e-01]
 [-4.22575377e-01  9.69954133e-02 -2.83305606e-01 -3.01372556e-01]
 [-3.92784284e-01 -8.84346850e-03 -2.75423849e-01 -2.55922128e-01]
 [-2.45540101e-01 -1.86918706e-01 -3.17222539e-01 -2.67707385e-01]
 [-3.52863571e-01 -1.10220164e-03 -1.35114783e-01 -3.78833842e-01]
 [-3.34242418e-01 -6.33080397e-02 -1.69446712e-01 -3.13116027e-01]
 [-2.65636835e-01 -1.06538787e-01 -2.61980206e-01 -2.86619524e-01]
 [-2.99326068e-01  7.09545426e-03 -3.01112670e-01 -2.73395129e-01]
 [-3.89451066e-01 -4.80166711e-02 -1.59166154e-01 -2.49223689e-01]
 [-3.22974883e-01 -1.18129160e-01 -2.70964481e-01 -1.81173109e-01]
 [-2.46174993e-01 -2.17280434e-01 -2.66632687e-01 -2.00943138e-01]
 [-3.26477103e-01  1.66294284e-01 -2.78547615e-01 -2.92009156e-01]
 [-2.90051714e-01  9.22558624e-02 -2.12402159e-01 -2.98053773e-01]
 [-3.29315988e-01 -3.29992250e-02 -2.42548538e-01 -1.55535089e-01]
 [-2.94840798e-01 -1.37479888e-01 -2.04299213e-01 -1.59866361e-01]
 [-3.88054814e-01  1.27493916e-01 -2.49441218e-01 -1.74135545e-01]
 [-2.62669858e-01 -8.32425933e-02 -1.76453827e-01 -2.15193201e-01]
 [-2.57876363e-01  1.32333262e-01 -1.84556669e-01 -3.27005759e-01]
 [-3.33808361e-01  2.37752337e-01 -2.34445682e-01 -2.63449026e-01]
 [-2.95382528e-01  6.18936531e-02 -1.37337314e-01 -2.33218817e-01]
 [-3.30727741e-01  1.42990226e-01 -1.61923705e-01 -2.05202090e-01]
 [-3.06767495e-01  2.83549670e-02 -1.13117270e-01 -1.80753322e-01]
 [-1.81425303e-01  6.25728760e-02 -2.31804462e-01 -2.24113643e-01]
 [-2.05928717e-01 -1.21889167e-01 -1.00423839e-01 -1.90605089e-01]
 [-2.70427529e-01  1.87161770e-01 -2.53939308e-01 -1.79682096e-01]
 [-1.58471426e-01  2.45945361e-02 -2.50454735e-01 -1.91161836e-01]
 [-1.93876177e-01 -9.25010759e-02 -1.50034515e-01 -1.45425636e-01]
 [-2.43720239e-01 -3.05620432e-02 -1.86013492e-01 -8.55943765e-02]
 [-2.22682649e-01  5.16514331e-02 -1.57901006e-01 -1.62479518e-01]
 [-2.97354121e-01  1.63483588e-01 -2.02122914e-01 -8.05169847e-02]
 [-3.19289345e-01  1.71890717e-01 -8.85943137e-02 -1.30767597e-01]
 [-2.57422691e-01  2.57720686e-01 -1.47292439e-01 -1.86108185e-01]
 [-2.55096313e-01  9.07980241e-02 -8.20844881e-02 -1.19488217e-01]
 [-2.67022915e-01  1.23604553e-01 -1.67460693e-01 -4.45425771e-02]
 [-1.41703676e-01 -1.40803188e-01 -1.01928752e-01 -5.91471847e-02]
 [-2.44154744e-01  1.68873491e-01 -2.22578602e-01 -2.61340942e-02]
 [-2.89946321e-01  1.70355925e-01  4.16967645e-03 -1.51373779e-01]
 [-1.49247658e-01  1.50303220e-01 -1.33658318e-01 -1.50945919e-01]
 [-2.02430218e-01  8.54462609e-02 -1.18282776e-01 -4.97243479e-02]
 [-2.04393463e-01  2.02598700e-01 -5.78783564e-02 -1.38950631e-01]
 [-2.32765924e-01  1.39180023e-01 -2.79407725e-02 -7.52159748e-02]
 [-2.37248655e-01  3.25751344e-01 -1.52442127e-01 -5.21800928e-02]
 [-2.73380363e-01  2.33898003e-01  3.47823128e-02 -8.62341262e-02]
 [-2.93788526e-01  3.48132282e-01 -7.66450111e-02 -4.11103293e-02]
 [-2.25253291e-01  3.59351572e-01 -9.71028451e-02 -9.63487253e-02]
 [-8.15184750e-02  1.67361427e-01 -4.39769458e-02 -1.69093957e-01]
 [-1.42943103e-01  1.77158993e-01 -1.74462777e-01  1.93595085e-02]
 [-7.56713878e-02  5.02089616e-02 -1.08715577e-01 -1.71092432e-02]
 [-1.06171478e-01  1.21531997e-01 -1.38210626e-01  1.20145343e-02]
 [-1.75397260e-01  2.44576259e-01 -7.85614625e-02 -1.37725882e-02]
 [-1.63168963e-01  7.71303084e-02 -3.93787194e-02  5.85744306e-02]
 [-9.82584562e-02  2.61654260e-01 -1.14390641e-01 -6.42351042e-02]
 [-2.14627394e-01  2.22618878e-01 -1.21906213e-03  6.87589124e-03]
 [-1.25298645e-01  1.41543912e-01  6.48268536e-02 -8.19211025e-02]
 [-4.85163927e-02  1.54681936e-01 -6.85971696e-02 -4.43935860e-02]
 [-9.34839100e-02  1.25065437e-01  2.41820794e-02 -5.03684524e-02]
 [-1.30882964e-01  1.47465521e-01 -7.59944152e-02  6.64881077e-02]
 [-3.62580214e-02  4.19234708e-02 -6.06645569e-02  2.40060408e-02]
 [-1.80727413e-01  2.09907744e-01 -1.03552060e-01  1.32175639e-01]
 [-8.78385566e-02  1.32694123e-01 -2.29022168e-02  3.55438720e-02]
 [-1.84699258e-01  2.78316690e-01  3.14350836e-02  5.29800076e-02]
 [-7.91040286e-02  3.50204846e-01 -1.02057477e-01  1.15119666e-02]
 [-1.89404584e-01  4.23774831e-01  9.14740562e-03  1.04406308e-02]
 [-6.77228980e-02  3.17337036e-01 -1.48402769e-01  8.98981802e-02]
 [-5.77603951e-02  1.74700940e-01 -1.21359609e-01  1.60365710e-01]
 [-2.24220455e-02  6.29241057e-02  4.30194661e-02  6.77959397e-02]
 [-5.60178049e-02  3.74115460e-01 -5.64431399e-02 -2.78408825e-03]
 [-1.39605794e-01  3.65714507e-01 -4.89619710e-02  1.05198421e-01]
 [-1.03665454e-01  2.31819721e-01  5.24996594e-03  1.18762407e-01]
 [-1.15769295e-01  2.95375135e-01  1.30758163e-01  1.91882811e-03]
 [-8.52384903e-02  3.45145373e-01  1.00773856e-01 -2.75864378e-02]
 [-1.24578942e-02  2.67986756e-01 -3.55803128e-02  7.11318124e-02]
 [ 2.72646174e-03  2.03063194e-01  1.02978647e-02  7.13368617e-02]
 [-6.16030172e-02  3.68079409e-01  5.32101486e-02  2.06890330e-02]
 [-1.09448556e-01  4.36912859e-01 -1.27043519e-02  1.13427429e-01]
 [-1.59319248e-01  3.79845586e-01  9.61148255e-02  1.35633567e-01]
 [-6.61862995e-02  4.58880490e-01  3.03413328e-02  4.08900864e-02]
 [-9.15644132e-02  3.26103050e-01  9.11050495e-02  1.45984497e-01]
 [ 2.44091619e-02  4.04220577e-01 -2.84540467e-03  6.71007093e-02]
 [ 2.96698622e-02  2.62677127e-01  1.34822108e-01  4.82459050e-02]
 [-1.21890590e-01  3.94622706e-01  5.54551426e-02  2.29078041e-01]
 [ 8.38617794e-03  1.14802897e-01  1.79351008e-01  1.58603348e-01]
 [ 8.59113242e-02  3.38272652e-01  5.62401097e-02  3.68646979e-02]
 [-4.22873460e-02  3.38385915e-01  1.96333360e-01  6.53383471e-02]
 [-2.79887747e-02  2.44194105e-01  1.41727565e-01  1.69952895e-01]
 [-9.20705497e-06  3.05766864e-01  1.72283556e-02  2.09365753e-01]
 [-1.01268739e-02  3.78402153e-01  1.68487594e-01  5.95992301e-02]
 [-8.73024948e-03  2.11327022e-01  1.07750468e-01  2.43956298e-01]
 [-9.78878979e-02  5.66419274e-01  8.37761294e-02  1.58145227e-01]
 [-1.98818762e-02  2.76805572e-01  2.33228371e-01  1.26603933e-01]
 [ 1.46673433e-03  3.48615885e-01 -2.09326055e-02  2.89001541e-01]
 [-1.02086563e-01  4.28222192e-01  1.95061203e-01  1.84894098e-01]
 [ 5.19368742e-02  3.58765112e-01  8.06927253e-02  1.62035588e-01]
 [-3.22933886e-02  4.69608279e-01  1.13433132e-01  1.65574595e-01]
 [ 9.38622057e-02  2.45040745e-01  9.54498462e-02  1.96655087e-01]
 [ 1.97643917e-02  4.28322135e-01  5.38425874e-02  2.12902823e-01]
 [ 3.83825973e-04  3.95454563e-01  1.95639230e-01  1.38445815e-01]
 [ 6.60424326e-02  3.67234170e-01  1.94214426e-01  1.11787137e-01]
 [ 7.22522065e-02  4.39869229e-01  1.20896963e-01  1.49521805e-01]
 [ 5.72800227e-02  2.33420122e-01  1.17731649e-01  3.33637541e-01]
 [ 1.88238136e-02  4.60461810e-01  9.66771599e-02  2.55763432e-01]
 [-4.90249172e-02  4.09735585e-01  2.17335228e-01  2.82890424e-01]
 [ 1.21788338e-01  3.06636838e-01  2.19943319e-01  1.73050577e-01]
 [-1.86785944e-02  3.69551500e-01  1.82673447e-01  3.42047183e-01]
 [ 2.39592381e-02  5.67285910e-01  1.61460724e-01  1.93996441e-01]
 [ 3.71585228e-02  2.93034920e-01  2.42233004e-01  2.94734184e-01]
 [ 1.99010530e-01  4.12581796e-01  1.06934868e-01  1.82082580e-01]
 [ 8.87390580e-02  3.76084622e-01  2.04492941e-01  2.66839422e-01]
 [ 6.01090621e-02  3.64429673e-01  2.70641318e-01  2.60800036e-01]
 [ 1.42042605e-01  4.25375206e-01  1.13965660e-01  2.87632894e-01]
 [ 9.70635416e-01 -3.91190592e-01  8.83242618e-01  9.83993413e-01]
 [ 9.38467702e-01 -3.21709767e-01  9.82373700e-01  8.91068976e-01]
 [ 9.77648688e-01 -1.11239117e-01  9.91709413e-01  9.37712427e-01]
 [ 8.89343552e-01  9.36858080e-01  9.82904384e-01  9.94874666e-01]
 [ 8.59708928e-01  8.65525976e-01  9.54464734e-01  9.73995682e-01]
 [ 7.62226144e-01  9.64116966e-01  9.92379200e-01  9.62583676e-01]
 [ 6.81799468e-01  8.72838508e-01  9.96390790e-01  9.19856813e-01]
 [ 6.94317473e-01  9.53874284e-01  9.58132427e-01  8.91717538e-01]
 [ 7.05698656e-01  9.86985963e-01  7.91349629e-01  9.44190633e-01]
 [ 5.67192938e-01  9.26584844e-01  9.40843919e-01  9.24261132e-01]
 [ 5.24472708e-01  9.37643765e-01  8.90146220e-01  9.85773303e-01]
 [ 4.98995714e-01  9.47196107e-01  7.71494435e-01  9.71893942e-01]]",14,30
0.01756325101931118,0.008122887462257344,0.14000613642819323,0.896551724137931,0.4261493053667556,0.42372280465869916,1.00572662287791,87,178,"[[-7.59189066e-01 -5.56454265e-01 -5.73804183e-01 -5.87729059e-01]
 [-6.95644081e-01 -5.38179548e-01 -4.96897785e-01 -6.73549337e-01]
 [-7.46094769e-01 -6.13010552e-01 -5.63817250e-01 -7.05231475e-01]
 [-8.74001661e-01 -6.26528036e-01 -4.92848800e-01 -6.93327220e-01]
 [-8.22925169e-01 -7.08195018e-01 -5.67530898e-01 -6.62511049e-01]
 [-8.95845689e-01 -6.93179479e-01 -5.30777078e-01 -6.93457162e-01]
 [-8.56218716e-01 -6.07247371e-01 -6.14717880e-01 -7.56237909e-01]
 [-8.92711690e-01 -6.60925057e-01 -5.72608266e-01 -7.75376463e-01]
 [-9.03970461e-01 -7.85813240e-01 -5.94201719e-01 -7.28233185e-01]
 [-8.81326685e-01 -6.31475700e-01 -6.76936960e-01 -8.26399898e-01]
 [-5.31146053e-01 -4.57759842e-01 -3.97751261e-01 -4.33326550e-01]
 [-9.01191706e-01 -8.18074811e-01 -5.52412970e-01 -8.03040005e-01]
 [-5.16890038e-01 -3.74896720e-01 -3.83953720e-01 -5.37133642e-01]
 [-8.69336091e-01 -7.70170668e-01 -5.71112134e-01 -8.95921940e-01]
 [-9.31076843e-01 -6.94651324e-01 -6.43516565e-01 -8.88152096e-01]
 [-9.44399267e-01 -7.98104772e-01 -6.18428556e-01 -8.64559447e-01]
 [-4.41368425e-01 -3.88422258e-01 -3.85129167e-01 -5.27805056e-01]
 [-4.23384693e-01 -3.86633055e-01 -4.34894724e-01 -4.34783272e-01]
 [-5.52756574e-01 -2.30682801e-01 -3.87931468e-01 -4.80446719e-01]
 [-3.85188822e-01 -4.63995200e-01 -3.06421336e-01 -5.08424496e-01]
 [-4.11934890e-01 -4.15533312e-01 -3.14583521e-01 -4.79432534e-01]
 [-4.86633290e-01 -3.50676531e-01 -4.25661234e-01 -3.14984290e-01]
 [-4.61917063e-01 -2.54442619e-01 -3.54794897e-01 -4.58987392e-01]
 [-4.44357183e-01 -4.02853642e-01 -2.90116109e-01 -3.54138032e-01]
 [-4.72240400e-01 -3.79191430e-01 -2.22556459e-01 -3.89826640e-01]
 [-3.79645098e-01 -3.59846544e-01 -2.88702749e-01 -3.95629024e-01]
 [-4.24949264e-01 -2.04056976e-01 -3.74554312e-01 -3.69140295e-01]
 [-4.13560474e-01 -2.36924510e-01 -3.75961516e-01 -2.95137020e-01]
 [-4.33437744e-01 -2.98372766e-01 -2.50462633e-01 -3.34303830e-01]
 [-3.47791402e-01 -2.82628613e-01 -3.38728217e-01 -3.02869197e-01]
 [-3.06526359e-01 -3.33612006e-01 -2.71688385e-01 -3.64488060e-01]
 [-4.83293537e-01 -1.60168774e-01 -3.00192853e-01 -3.07498544e-01]
 [-2.63695760e-01 -2.39325313e-01 -3.26293498e-01 -4.00255026e-01]
 [-2.78768163e-01 -3.25504461e-01 -2.15593811e-01 -3.91303146e-01]
 [-2.37900287e-01 -3.41901593e-01 -3.07768119e-01 -3.10110891e-01]
 [-3.74644123e-01 -3.67512478e-01 -1.79636054e-01 -2.66489772e-01]
 [-3.47019151e-01 -3.12928140e-01 -2.64672359e-01 -2.28297181e-01]
 [-2.83583926e-01 -2.62337558e-01 -2.45225556e-01 -3.32022637e-01]
 [-3.56268184e-01 -1.87582189e-01 -2.86292989e-01 -2.74959570e-01]
 [-3.55140690e-01 -1.57275520e-01 -3.60306408e-01 -1.93767244e-01]
 [-4.26141612e-01 -1.73755903e-01 -2.91347487e-01 -1.62208589e-01]
 [-2.45540101e-01 -1.86918706e-01 -3.17222539e-01 -2.67707385e-01]
 [-3.84490307e-01 -7.83160757e-02 -2.41339315e-01 -2.82049498e-01]
 [-3.59542260e-01 -2.42372524e-01 -1.54164242e-01 -2.19402522e-01]
 [-2.46174993e-01 -2.17280434e-01 -2.66632687e-01 -2.00943138e-01]
 [-2.65636835e-01 -1.06538787e-01 -2.61980206e-01 -2.86619524e-01]
 [-2.19661796e-01 -2.24959496e-01 -1.66003922e-01 -3.01635804e-01]
 [-3.22974883e-01 -1.18129160e-01 -2.70964481e-01 -1.81173109e-01]
 [-2.72920774e-01 -1.17258746e-02 -3.37499104e-01 -2.44729957e-01]
 [-1.57734349e-01 -3.29804309e-01 -9.92099810e-02 -2.65216114e-01]
 [-3.91392149e-01 -1.65170567e-01 -2.19387468e-01 -6.60080332e-02]
 [-2.68539598e-01 -2.00396463e-01 -2.41131423e-01 -9.46978591e-02]
 [-2.94840798e-01 -1.37479888e-01 -2.04299213e-01 -1.59866361e-01]
 [-1.74465390e-01 -2.68346786e-01 -2.02383965e-01 -1.32532896e-01]
 [-1.81968493e-01 -2.37997316e-01 -1.72667759e-01 -1.64165080e-01]
 [-9.92489699e-02 -2.22001392e-01 -2.28931524e-01 -1.95717014e-01]
 [-2.62669858e-01 -8.32425933e-02 -1.76453827e-01 -2.15193201e-01]
 [-1.69969337e-01 -2.04946639e-01 -7.78540000e-02 -2.49868099e-01]
 [-9.65350382e-02 -1.27247034e-01 -1.87197968e-01 -2.73009803e-01]
 [-1.18205944e-01 -2.81496568e-01 -1.04401812e-01 -1.71881950e-01]
 [-2.11433904e-01 -1.94037128e-01 -2.14820115e-01 -3.93432342e-02]
 [-2.05928717e-01 -1.21889167e-01 -1.00423839e-01 -1.90605089e-01]
 [-1.52578574e-01 -7.35731628e-02 -1.25555431e-01 -2.57875724e-01]
 [-1.93876177e-01 -9.25010759e-02 -1.50034515e-01 -1.45425636e-01]
 [-1.30139463e-01 -1.74097726e-01 -1.47549255e-01 -1.04822570e-01]
 [-2.43720239e-01 -3.05620432e-02 -1.86013492e-01 -8.55943765e-02]
 [-1.60463963e-01 -1.05211740e-01 -2.36895459e-01 -2.02369913e-02]
 [-5.50571084e-02 -1.48083964e-01 -1.62612639e-01 -1.36188602e-01]
 [-2.22682649e-01  5.16514331e-02 -1.57901006e-01 -1.62479518e-01]
 [-1.11297702e-01 -1.88706582e-01 -2.06075031e-02 -1.55935373e-01]
 [-8.85894336e-02 -1.58841742e-01 -2.00889375e-01 -1.08888466e-02]
 [-1.41703676e-01 -1.40803188e-01 -1.01928752e-01 -5.91471847e-02]
 [-1.99267216e-01 -1.11544233e-01 -1.60008471e-01  2.89654508e-02]
 [-1.87371615e-02 -2.38496633e-01 -1.23215659e-01 -3.12459767e-02]
 [-4.97252718e-02 -1.82752345e-01 -1.53289946e-01  2.16075592e-03]
 [-1.31657487e-01  1.83163956e-03 -1.97779922e-01 -3.73018328e-02]
 [-7.70824552e-02 -1.25791337e-01 -4.95713633e-02 -9.07058399e-02]
 [-3.74974478e-02 -1.52984224e-02 -2.23482214e-01 -5.45306932e-02]
 [-1.09364968e-01 -8.71181116e-02 -8.52099974e-02 -3.42346318e-02]
 [ 3.71219646e-02 -1.58457218e-01 -5.97283337e-02 -1.05902201e-01]
 [-8.70563854e-02  1.66087598e-02 -1.40762430e-01 -6.86134417e-02]
 [ 4.33334075e-02 -2.35736910e-02 -1.25019565e-01 -1.31919103e-01]
 [ 6.89938106e-03 -1.20821344e-01 -8.65896251e-02 -1.91582851e-02]
 [-4.90578543e-02 -4.46871947e-02 -2.70371605e-02 -9.38164461e-02]
 [-7.63917770e-02 -2.16613617e-02 -1.77328093e-01  6.13059271e-02]
 [ 3.79194357e-02 -5.14051802e-02 -1.82124251e-01  1.40024219e-02]
 [-1.30448608e-01 -3.57960537e-02 -1.58712547e-02  9.22246836e-03]
 [-7.56713878e-02  5.02089616e-02 -1.08715577e-01 -1.71092432e-02]
 [-4.77661937e-03  9.95746348e-02 -2.15617862e-01 -5.23981825e-03]
 [-8.82574115e-02 -5.10501303e-02 -7.31290989e-02  1.02544619e-01]
 [-1.06171478e-01  1.21531997e-01 -1.38210626e-01  1.20145343e-02]
 [ 3.66867147e-02  1.74715519e-02 -9.44542233e-02 -3.23077496e-02]
 [-7.45107234e-03 -6.31770436e-02 -5.90780005e-03  4.11318652e-02]
 [-3.62580214e-02  4.19234708e-02 -6.06645569e-02  2.40060408e-02]
 [-4.85163927e-02  1.54681936e-01 -6.85971696e-02 -4.43935860e-02]
 [ 1.08691214e-01 -9.59341824e-02 -9.67039168e-03  2.59328671e-02]
 [ 4.23348136e-03  9.27697439e-02 -1.27367726e-01  5.94399609e-02]
 [ 4.93692383e-02 -2.22609993e-02 -6.74205422e-02  8.74678101e-02]
 [ 7.59780034e-02  8.17905180e-03 -4.87875976e-02  3.90828792e-02]
 [ 1.42796915e-01  2.39327345e-02 -1.04826799e-01  7.07616527e-02]
 [-2.24220455e-02  6.29241057e-02  4.30194661e-02  6.77959397e-02]
 [ 9.04297903e-02 -8.53824988e-03  2.73002684e-02  6.97913747e-02]
 [ 4.60014082e-02  5.99524472e-02 -8.86363536e-02  1.64391099e-01]
 [ 4.79723010e-02  1.61549054e-01 -2.40176469e-02  2.04687323e-02]
 [ 2.31909495e-01 -6.02081604e-03 -3.09265349e-02  5.65252434e-02]
 [ 5.40457051e-02  1.58801273e-01  2.26157699e-02 -2.94333883e-03]
 [ 8.18193760e-02  1.41026136e-01 -1.12968568e-01  1.45167189e-01]
 [ 6.35319836e-02  3.42482738e-02  4.14283574e-03  1.78407332e-01]
 [ 2.72646174e-03  2.03063194e-01  1.02978647e-02  7.13368617e-02]
 [ 1.69128170e-01  8.73525031e-02 -7.47652147e-02  1.35962579e-01]
 [ 5.42024262e-02  5.12613337e-02  1.41110385e-01  9.48660802e-02]
 [ 1.23139186e-01  9.65682138e-02  3.50606851e-02  1.15219370e-01]
 [ 1.12165811e-01  7.18504637e-02 -2.16583014e-02  2.29771372e-01]
 [ 1.90656995e-01  6.93634916e-02  1.80138554e-02  1.46360587e-01]
 [ 1.25975264e-01  1.67942280e-01  2.81056520e-02  1.03894746e-01]
 [ 2.33321456e-01  1.77295115e-01 -6.46772925e-02  1.13789214e-01]
 [ 6.82043657e-03  2.55748017e-01 -6.31811600e-02  2.42271168e-01]
 [ 9.78249907e-02  2.97756026e-01 -4.24979199e-02  1.17456833e-01]
 [ 1.55254126e-01  5.07211462e-02  9.23951026e-02  2.09718717e-01]
 [ 2.05068175e-01  2.38769116e-01 -9.94957145e-02  1.79478891e-01]
 [ 1.66337941e-01  5.50983194e-02 -2.47290749e-02  3.32871161e-01]
 [-1.51787437e-02  1.81149520e-01  5.81511110e-02  2.87270632e-01]
 [ 1.36015221e-01  2.20282516e-01 -1.21891199e-01  2.92189470e-01]
 [-9.20705497e-06  3.05766864e-01  1.72283556e-02  2.09365753e-01]
 [ 1.00978779e-01  1.52292861e-01  5.11486270e-02  2.72194270e-01]
 [ 3.18611747e-01  1.35795388e-01 -4.02148627e-03  1.83989326e-01]
 [ 3.32538042e-01  5.51345237e-02  1.12847215e-01  1.54729588e-01]
 [ 1.87412698e-01  2.28554521e-01  5.77365998e-02  1.65218741e-01]
 [ 2.89391777e-01  1.45966114e-01  8.87577031e-02  1.58698918e-01]
 [ 2.72708487e-01  2.07561877e-01  1.22298172e-01  9.55104865e-02]
 [ 2.20857548e-01  1.55262796e-01  1.17132762e-01  2.28699060e-01]
 [ 3.32028558e-01  8.73277429e-02  3.74295246e-02  3.14043121e-01]
 [ 1.68743366e-01  1.65510025e-01  1.42294843e-01  2.82278031e-01]
 [ 1.80246538e-01  1.35816285e-01  1.08164208e-01  3.66008546e-01]
 [ 1.67665936e-01  1.95686983e-01  1.91804554e-01  2.48934116e-01]
 [ 3.86761608e-01  7.18296450e-02  1.22013979e-01  2.83097932e-01]
 [ 2.45447917e-01  1.01491364e-01  9.42043383e-02  3.84239664e-01]
 [ 3.62230869e-01  1.25574073e-01  6.62248600e-02  3.11016556e-01]
 [ 3.08654109e-01  1.78772885e-01  1.61698949e-01  2.39526628e-01]
 [ 2.32059818e-01  2.79878698e-01  9.16676335e-02  2.75854737e-01]
 [ 2.96072964e-01  2.38653105e-01  1.48872156e-02  3.72452078e-01]
 [ 3.98753164e-01  1.05368324e-01  1.28441332e-01  3.65371278e-01]
 [ 3.00318707e-01  3.04159360e-01  1.40364895e-01  2.54943069e-01]
 [ 2.88937517e-01  2.70620648e-01  1.10156845e-01  3.30842078e-01]
 [ 3.92633032e-01  2.04607081e-01  6.11966178e-02  4.03593274e-01]
 [ 3.01747059e-01  3.34399518e-01  2.13279786e-01  2.13783741e-01]
 [ 4.64441320e-01  1.31941229e-01  1.37892200e-01  3.84395804e-01]
 [ 3.66081001e-01  3.22858807e-01 -9.67971981e-03  3.90024049e-01]
 [ 2.74206297e-01  3.32941676e-01  8.50372761e-02  3.92106002e-01]
 [ 3.37538008e-01  2.21730618e-01  1.51854046e-01  4.16934615e-01]
 [ 4.08937603e-01  2.29629360e-01  2.60912217e-01  2.95950411e-01]
 [ 3.57695954e-01  3.15927662e-01  1.90754825e-01  3.18423389e-01]
 [ 3.27469653e-01  4.00850389e-01  1.62928170e-01  3.06638196e-01]
 [ 4.12026132e-01  3.60394830e-01  1.00100646e-01  3.60991025e-01]
 [ 3.81194696e-01  2.38207305e-01  1.89321397e-01  4.47753934e-01]
 [ 4.80906606e-01  2.88651606e-01  2.08103295e-01  3.49117789e-01]
 [ 3.89301714e-01  2.68129157e-01  1.85726568e-01  4.73801941e-01]
 [ 3.23061766e-01  3.39164296e-01  2.59417992e-01  4.09779934e-01]
 [ 3.91236352e-01  3.85350257e-01  2.46537969e-01  3.37462254e-01]
 [ 4.46188524e-01  3.11871070e-01  2.81161824e-01  3.75925962e-01]
 [ 4.56438029e-01  3.50004025e-01  2.37067938e-01  4.12305268e-01]
 [ 4.07324456e-01  3.43934743e-01  1.93159908e-01  5.07310463e-01]
 [ 4.21596386e-01  4.48648451e-01  2.14525294e-01  4.01137544e-01]
 [ 5.01808032e-01  3.94764066e-01  2.36044245e-01  4.02640997e-01]
 [ 5.15101075e-01  3.11916739e-01  2.34202025e-01  5.01900731e-01]
 [ 4.86784233e-01  4.37124137e-01  1.47714373e-01  4.62756168e-01]
 [ 4.25991746e-01  3.92906817e-01  3.03243970e-01  4.33602013e-01]
 [ 3.43743138e-01  4.15205559e-01  2.45037058e-01  5.24303786e-01]
 [ 4.29056851e-01  5.26851362e-01  1.78393714e-01  4.54713602e-01]
 [ 5.25727028e-01  4.50200524e-01  2.77940862e-01  4.32174884e-01]
 [ 5.69920685e-01  4.31603825e-01  3.28561492e-01  4.93724847e-01]
 [ 6.01707391e-01  4.48571274e-01  2.92567275e-01  5.27111817e-01]
 [ 5.02641510e-01  5.28403495e-01  3.60949825e-01  4.86265900e-01]
 [ 6.71134347e-01  5.11364272e-01  2.77543152e-01  5.47669997e-01]
 [ 5.53257437e-01  5.53258974e-01  2.25896528e-01  5.52239964e-01]
 [ 6.10144151e-01  5.26622163e-01  3.18933766e-01  5.78737481e-01]
 [ 5.10689382e-01  4.98361571e-01  3.13113648e-01  6.51917562e-01]
 [ 5.77999432e-01  5.88569324e-01  3.45025614e-01  6.44458629e-01]]",15,30
0.023925516172927663,0.011692073690251669,0.08723371383242338,0.6781609195402298,0.4147014119590268,0.42372280465869916,0.9787092113016725,87,202,"[[-9.14897740e-01 -5.89058282e-01 -4.78231106e-01 -2.26429826e-01]
 [-8.12174324e-01 -6.74313853e-01 -5.39006284e-01 -2.11683733e-01]
 [-8.16420469e-01 -6.23455064e-01 -5.89118527e-01 -3.08436928e-01]
 [-8.15888094e-01 -5.30709743e-01 -5.14267797e-01 -2.22850921e-01]
 [-6.71319921e-01 -6.68045463e-01 -5.19350393e-01 -2.62239803e-01]
 [-7.07791913e-01 -5.93751097e-01 -6.08765462e-01 -2.34000836e-01]
 [-7.06775518e-01 -5.01072280e-01 -5.57364972e-01 -2.97332793e-01]
 [-5.79627622e-01 -5.98693201e-01 -5.43891408e-01 -2.68645829e-01]
 [-6.84878096e-01 -5.62831128e-01 -4.04317250e-01 -2.02256201e-01]
 [-7.42666543e-01 -4.73348048e-01 -4.37423455e-01 -1.94704270e-01]
 [-6.22265160e-01 -4.70439028e-01 -4.96559262e-01 -3.08511738e-01]
 [-6.33811971e-01 -5.20474646e-01 -5.34724677e-01 -1.68468090e-01]
 [-4.99904256e-01 -5.56978755e-01 -5.06747479e-01 -2.71094372e-01]
 [-5.61911581e-01 -5.35400607e-01 -3.83092571e-01 -2.30910696e-01]
 [-5.20160113e-01 -4.39377796e-01 -5.12815092e-01 -2.76776640e-01]
 [-5.38611960e-01 -4.88604039e-01 -4.73912127e-01 -1.63148521e-01]
 [-5.42221965e-01 -5.06012307e-01 -3.66448632e-01 -1.83305111e-01]
 [-4.49996356e-01 -5.15504811e-01 -4.83148841e-01 -1.65904781e-01]
 [-4.57181981e-01 -4.68707766e-01 -3.78657380e-01 -2.21196368e-01]
 [-6.07486742e-01 -4.08979464e-01 -3.34781514e-01 -1.75571028e-01]
 [-4.37980661e-01 -4.97669054e-01 -3.71863946e-01 -1.77027751e-01]
 [-6.41565727e-01 -3.55286773e-01 -3.53461262e-01 -1.68302884e-01]
 [-5.89215988e-01 -3.37255815e-01 -4.49357223e-01 -1.52225273e-01]
 [-5.77159589e-01 -3.70306253e-01 -3.00122870e-01 -1.99369414e-01]
 [-4.14997227e-01 -3.62281425e-01 -4.16823244e-01 -2.17231188e-01]
 [-3.34055223e-01 -4.33480000e-01 -3.96434769e-01 -1.89386984e-01]
 [-3.66216648e-01 -3.45795194e-01 -4.84807510e-01 -1.85551461e-01]
 [-4.04050454e-01 -3.84200864e-01 -2.97023982e-01 -2.40576969e-01]
 [-2.74360284e-01 -3.87101866e-01 -3.63002377e-01 -2.60573409e-01]
 [-6.06197938e-01 -2.43981451e-01 -3.94587869e-01 -1.16214255e-01]
 [-5.18324051e-01 -2.65405780e-01 -3.74746380e-01 -1.39863774e-01]
 [-4.34251960e-01 -3.28681942e-01 -3.33635602e-01 -1.34484619e-01]
 [-4.70145909e-01 -2.85549046e-01 -2.74698157e-01 -1.97911648e-01]
 [-6.28439896e-01 -2.06607595e-01 -2.45280296e-01 -1.61354644e-01]
 [-3.47019151e-01 -3.12928140e-01 -2.64672359e-01 -2.28297181e-01]
 [-2.39165081e-01 -3.11531747e-01 -3.58376568e-01 -2.21101260e-01]
 [-2.18416315e-01 -3.40427535e-01 -4.28060889e-01 -1.16102844e-01]
 [-2.51522768e-01 -3.64700343e-01 -3.47840691e-01 -1.03110436e-01]
 [-2.19475554e-01 -2.78725460e-01 -3.92140869e-01 -1.77428508e-01]
 [-5.53058255e-01 -2.72498615e-01 -1.77049261e-01 -1.04209617e-01]
 [-3.78640147e-01 -2.66978299e-01 -3.61802667e-01 -7.32199792e-02]
 [-5.36284497e-01 -1.71178270e-01 -2.88662329e-01 -9.75050554e-02]
 [-4.26141612e-01 -1.73755903e-01 -2.91347487e-01 -1.62208589e-01]
 [-5.01650548e-01 -1.79222869e-01 -2.31838191e-01 -1.31186537e-01]
 [-3.86019750e-01 -2.34490110e-01 -2.63237135e-01 -9.89627019e-02]
 [-3.03144073e-01 -2.08968444e-01 -3.08695834e-01 -1.30332585e-01]
 [-3.40142390e-01 -2.51476379e-01 -2.89912025e-01 -4.15449757e-02]
 [-4.86445572e-01 -1.52489712e-01 -1.36295430e-01 -1.91180831e-01]
 [-5.64897789e-01 -8.93250350e-02 -2.22486475e-01 -1.19053571e-01]
 [-4.74881329e-01 -1.85845766e-01 -1.14159154e-01 -1.44544238e-01]
 [-3.22974883e-01 -1.18129160e-01 -2.70964481e-01 -1.81173109e-01]
 [-1.55039309e-01 -2.29961297e-01 -3.69377919e-01 -7.57732093e-02]
 [-4.62226866e-01 -2.49745963e-01 -8.12943708e-02 -8.52627754e-02]
 [-2.68539598e-01 -2.00396463e-01 -2.41131423e-01 -9.46978591e-02]
 [-2.94840798e-01 -1.37479888e-01 -2.04299213e-01 -1.59866361e-01]
 [-6.34618348e-01 -1.03461634e-01 -6.83843736e-02 -7.65315834e-02]
 [-3.57599266e-01 -9.39700846e-02 -2.18285846e-01 -8.98778364e-02]
 [-5.30967575e-01 -4.64439727e-02 -1.71133364e-01 -5.75795472e-02]
 [-4.23686851e-01 -1.10200731e-01 -1.30022116e-01 -5.90516180e-02]
 [-4.11634281e-01 -8.07511322e-02 -1.19459631e-01 -1.05222840e-01]
 [-3.39252219e-01 -1.52021948e-01 -6.78211562e-02 -1.13407051e-01]
 [-2.05928717e-01 -1.21889167e-01 -1.00423839e-01 -1.90605089e-01]
 [-4.00961896e-01 -1.88114848e-02 -9.13518649e-02 -1.64993068e-01]
 [-1.93876177e-01 -9.25010759e-02 -1.50034515e-01 -1.45425636e-01]
 [-1.87322417e-01 -4.93200663e-02 -2.80996975e-01 -4.92893327e-02]
 [-2.43720239e-01 -3.05620432e-02 -1.86013492e-01 -8.55943765e-02]
 [-2.88781730e-01 -5.33702280e-02 -1.05589338e-01 -7.11075757e-02]
 [-1.41703676e-01 -1.40803188e-01 -1.01928752e-01 -5.91471847e-02]
 [-2.67742604e-01 -8.96823127e-02 -1.11070825e-01  2.80569866e-03]
 [-3.69594630e-01 -6.47646338e-02 -3.21711227e-02 -1.15332715e-02]
 [-3.81847003e-01  5.55912796e-02 -6.47040736e-02 -8.71161800e-02]
 [-1.31657487e-01  1.83163956e-03 -1.97779922e-01 -3.73018328e-02]
 [-2.32209438e-01 -5.97066674e-02 -6.35279194e-02 -3.71972099e-04]
 [-2.55096313e-01  9.07980241e-02 -8.20844881e-02 -1.19488217e-01]
 [-1.39769023e-01 -7.96325319e-03 -4.12422828e-02 -1.25194414e-01]
 [-4.63636413e-01  7.43252635e-02 -1.43399816e-02 -2.55583525e-02]
 [-8.70563854e-02  1.66087598e-02 -1.40762430e-01 -6.86134417e-02]
 [-2.32960315e-01  2.38194708e-02 -1.52142204e-01  4.60297521e-02]
 [-1.43099720e-01  3.46994121e-02 -5.26808165e-02 -1.11289924e-01]
 [-2.02430218e-01  8.54462609e-02 -1.18282776e-01 -4.97243479e-02]
 [-7.63917770e-02 -2.16613617e-02 -1.77328093e-01  6.13059271e-02]
 [-4.65512145e-02  6.27803989e-03 -4.29246016e-03 -1.42419362e-01]
 [-1.30448608e-01 -3.57960537e-02 -1.58712547e-02  9.22246836e-03]
 [-7.56713878e-02  5.02089616e-02 -1.08715577e-01 -1.71092432e-02]
 [-3.03599967e-01  5.31958565e-02  6.84753396e-02 -3.87052428e-02]
 [-3.42525342e-01  4.68635466e-02  2.27799099e-02  4.56019510e-02]
 [-2.32765924e-01  1.39180023e-01 -2.79407725e-02 -7.52159748e-02]
 [ 3.66867147e-02  1.74715519e-02 -9.44542233e-02 -3.23077496e-02]
 [-1.06171478e-01  1.21531997e-01 -1.38210626e-01  1.20145343e-02]
 [-7.45107234e-03 -6.31770436e-02 -5.90780005e-03  4.11318652e-02]
 [-3.62580214e-02  4.19234708e-02 -6.06645569e-02  2.40060408e-02]
 [-1.63168963e-01  7.71303084e-02 -3.93787194e-02  5.85744306e-02]
 [-4.85163927e-02  1.54681936e-01 -6.85971696e-02 -4.43935860e-02]
 [-2.83616986e-01  1.27876103e-01  6.07868601e-02  1.78330224e-02]
 [-9.34839100e-02  1.25065437e-01  2.41820794e-02 -5.03684524e-02]
 [-3.45791262e-02  4.40527797e-02  4.85166777e-02 -1.50275137e-02]
 [-1.30882964e-01  1.47465521e-01 -7.59944152e-02  6.64881077e-02]
 [-8.78385566e-02  1.32694123e-01 -2.29022168e-02  3.55438720e-02]
 [-7.34431092e-02  5.13617229e-02  9.46183279e-02  6.29902817e-03]
 [-2.53416315e-01  8.89128558e-02  8.95899367e-02  1.07106373e-01]
 [-3.55425240e-01  2.07454365e-01  1.38332937e-01  6.44806027e-03]
 [ 8.71724021e-02  1.84482982e-01 -7.21051600e-02 -2.91971955e-02]
 [-2.24220455e-02  6.29241057e-02  4.30194661e-02  6.77959397e-02]
 [-2.08487796e-01  2.55352169e-01  1.10830298e-01 -6.18304592e-02]
 [ 4.79723010e-02  1.61549054e-01 -2.40176469e-02  2.04687323e-02]
 [ 5.40457051e-02  1.58801273e-01  2.26157699e-02 -2.94333883e-03]
 [-5.45888059e-02  1.49982952e-01  7.18339123e-02  5.71435448e-02]
 [-1.44622006e-01  1.74411688e-01  1.84657527e-01 -4.04619984e-03]
 [ 2.72646174e-03  2.03063194e-01  1.02978647e-02  7.13368617e-02]
 [ 9.28187314e-02  1.82711778e-01  6.87462837e-02  9.84018855e-03]
 [-1.57755649e-01  2.18673632e-01  1.56943504e-01  7.63387084e-02]
 [ 1.25975264e-01  1.67942280e-01  2.81056520e-02  1.03894746e-01]
 [-6.16030172e-02  3.68079409e-01  5.32101486e-02  2.06890330e-02]
 [-3.11306041e-01  3.14350186e-01  1.86262632e-01  1.03672173e-01]
 [-2.58923708e-01  2.20134027e-01  2.25163378e-01  1.31626699e-01]
 [-2.19607044e-01  3.51593185e-01  1.06317278e-01  1.14621758e-01]
 [-3.49107310e-02  1.83583153e-01  1.78687813e-01  1.06706047e-01]
 [ 2.96698622e-02  2.62677127e-01  1.34822108e-01  4.82459050e-02]
 [ 8.59113242e-02  3.38272652e-01  5.62401097e-02  3.68646979e-02]
 [-9.15644132e-02  3.26103050e-01  9.11050495e-02  1.45984497e-01]
 [-2.79887747e-02  2.44194105e-01  1.41727565e-01  1.69952895e-01]
 [-4.22873460e-02  3.38385915e-01  1.96333360e-01  6.53383471e-02]
 [-1.01268739e-02  3.78402153e-01  1.68487594e-01  5.95992301e-02]
 [-4.76552118e-02  2.53652627e-01  2.85288071e-01  9.78161115e-02]
 [ 1.52667401e-01  3.52470282e-01  1.52599139e-01  1.76114179e-02]
 [-1.98818762e-02  2.76805572e-01  2.33228371e-01  1.26603933e-01]
 [ 1.96683127e-01  2.47459671e-01  1.71258762e-01  1.23763584e-01]
 [-1.46907736e-01  3.74405509e-01  2.42795339e-01  1.58979706e-01]
 [ 1.89047597e-01  2.77446745e-01  2.03781513e-01  7.91920181e-02]
 [ 6.60424326e-02  3.67234170e-01  1.94214426e-01  1.11787137e-01]
 [ 3.83825973e-04  3.95454563e-01  1.95639230e-01  1.38445815e-01]
 [ 7.22522065e-02  4.39869229e-01  1.20896963e-01  1.49521805e-01]
 [ 3.60868443e-02  3.86952916e-01  2.52579747e-01  1.01841500e-01]
 [ 1.21788338e-01  3.06636838e-01  2.19943319e-01  1.73050577e-01]
 [ 6.19589612e-02  4.58012452e-01  2.33937521e-01  7.66936094e-02]
 [ 3.34148372e-01  3.47079895e-01  1.73157109e-01  8.85975994e-02]
 [ 1.99010530e-01  4.12581796e-01  1.06934868e-01  1.82082580e-01]
 [ 5.75815998e-02  2.69730859e-01  3.13473402e-01  2.07926778e-01]
 [-8.98434594e-03  5.10082675e-01  2.93583913e-01  7.87575152e-02]
 [ 2.23643728e-01  2.54721042e-01  2.75749154e-01  1.76369315e-01]
 [ 2.91963436e-01  4.51560540e-01  1.48671808e-01  9.98907462e-02]
 [ 2.48546662e-01  3.41712028e-01  2.41656991e-01  1.42928332e-01]
 [ 8.87390580e-02  3.76084622e-01  2.04492941e-01  2.66839422e-01]
 [ 1.62868053e-01  4.76728935e-01  2.70418160e-01  7.33901076e-02]
 [-5.71913160e-02  4.31505857e-01  3.99470359e-01  1.39944157e-01]
 [-4.56919670e-02  4.02056493e-01  3.50074386e-01  2.11464087e-01]
 [ 1.50208825e-01  4.15865371e-01  2.99989823e-01  1.33219698e-01]
 [ 1.27264246e-01  4.85247752e-01  2.16894550e-01  1.70575511e-01]
 [ 3.01747059e-01  3.34399518e-01  2.13279786e-01  2.13783741e-01]
 [-4.07192539e-02  4.94804090e-01  3.00431056e-01  2.57262727e-01]
 [ 2.15810457e-01  5.12920506e-01  2.68425703e-01  1.25084149e-01]
 [ 8.05573929e-02  4.01677154e-01  3.97359777e-01  1.87369717e-01]
 [ 6.84971940e-02  4.30882825e-01  3.53097426e-01  2.26662980e-01]
 [ 1.80434151e-01  3.59506851e-01  3.34667556e-01  2.41718832e-01]
 [ 2.64095716e-01  4.59634941e-01  3.30858368e-01  1.28678747e-01]
 [ 1.94811612e-01  5.82059342e-01  2.49966184e-01  1.62933011e-01]
 [ 6.38416074e-02  4.61059660e-01  3.08897192e-01  3.04686500e-01]
 [ 1.31132571e-01  5.24251249e-01  2.61646502e-01  2.78247487e-01]
 [-3.61617580e-02  5.08611299e-01  4.08032503e-01  2.77144715e-01]
 [ 1.91471841e-01  4.66001913e-01  3.74871779e-01  1.98691167e-01]
 [ 2.71985067e-01  5.06584544e-01  3.12304884e-01  1.95952909e-01]
 [ 1.35689814e-01  4.79163574e-01  4.00003323e-01  2.50277916e-01]
 [ 3.32847308e-01  4.40692239e-01  3.24217658e-01  2.80512741e-01]
 [ 7.60895219e-02  5.41368676e-01  4.20139261e-01  2.92341448e-01]
 [ 2.75598887e-01  4.89023501e-01  4.19661241e-01  2.07045842e-01]
 [ 7.28224553e-02  5.73508531e-01  4.95991349e-01  2.39007551e-01]
 [ 3.24438924e-01  5.18860817e-01  2.88085543e-01  3.32386117e-01]
 [ 3.95226743e-01  5.96347252e-01  2.90530777e-01  2.30255194e-01]
 [ 2.03000907e-01  5.76455340e-01  4.30132879e-01  2.58012461e-01]
 [ 2.67550733e-01  6.01224059e-01  3.53580691e-01  2.72712870e-01]
 [ 3.42878897e-01  5.78250997e-01  3.87043318e-01  2.15329688e-01]
 [ 2.55498201e-01  5.68173867e-01  3.95897551e-01  3.13009338e-01]
 [ 1.18884187e-01  6.24012221e-01  5.19239280e-01  3.21065295e-01]
 [ 3.07342166e-01  5.04136609e-01  4.24556212e-01  3.78700215e-01]
 [ 3.82401513e-01  5.33056693e-01  3.78090240e-01  3.47573765e-01]
 [ 2.45643018e-01  5.26290128e-01  5.05856665e-01  3.55143351e-01]
 [ 1.32184457e-01  6.79591294e-01  5.43526633e-01  3.35304799e-01]
 [ 2.33202294e-01  6.48133334e-01  4.66763960e-01  3.67049959e-01]
 [ 3.25338222e-01  6.83974594e-01  5.01468016e-01  2.81172903e-01]
 [ 3.60844223e-01  7.59516643e-01  4.41380303e-01  3.31883490e-01]
 [ 4.12626958e-01  7.42323188e-01  4.75256104e-01  2.77366554e-01]
 [ 3.68605988e-01  7.27303827e-01  4.33637114e-01  3.71540366e-01]
 [ 4.95387197e-01  6.37529705e-01  4.16287933e-01  3.42876289e-01]
 [ 2.73524942e-01  7.90925013e-01  5.49424455e-01  3.62642555e-01]
 [ 5.40997544e-01  6.23592060e-01  4.15233722e-01  3.49015348e-01]
 [ 2.96824057e-01  6.34185497e-01  6.04212882e-01  4.05978179e-01]
 [ 4.52211017e-01  7.11384146e-01  5.23242600e-01  3.09097998e-01]
 [ 4.11336074e-01  7.61771219e-01  5.02962479e-01  3.94024076e-01]
 [ 3.93375423e-01  6.68464933e-01  5.88996939e-01  3.74615246e-01]
 [ 4.49838659e-01  7.93316917e-01  4.86747643e-01  4.25761607e-01]
 [ 3.58004512e-01  8.11050832e-01  6.62954027e-01  4.10936033e-01]
 [ 5.74638180e-01  9.20531183e-01  6.29819704e-01  5.27900707e-01]
 [ 4.93118983e-01  8.68144132e-01  5.78027541e-01  4.53506470e-01]
 [ 5.11086600e-01  8.31400733e-01  5.40105958e-01  3.96443056e-01]
 [ 5.91656525e-01  7.99801098e-01  4.99680031e-01  3.65450004e-01]
 [ 5.47605405e-01  7.53489276e-01  6.69441225e-01  5.31626076e-01]
 [ 5.84576357e-01  7.88748523e-01  5.99607024e-01  4.59877595e-01]
 [ 6.34213805e-01  8.04002600e-01  5.61880903e-01  4.28324915e-01]
 [ 6.53529581e-01  7.70646755e-01  6.87662382e-01  4.70082302e-01]
 [ 6.46256074e-01  7.38618892e-01  6.87351191e-01  4.52091554e-01]
 [ 7.80090632e-01  8.20550490e-01  5.92413725e-01  4.34769342e-01]
 [ 8.24110247e-01  7.16512835e-01  6.07167061e-01  4.54618325e-01]]",16,30
0.011965089682395234,0.007821431548277346,0.07358673296315034,0.8735632183908046,0.42814154460516785,0.42372280465869916,1.0104283741561124,87,172,"[[-7.15895312e-01 -6.66271292e-01 -5.35990966e-01 -6.69706970e-01]
 [-6.55119294e-01 -5.69081128e-01 -5.41440306e-01 -5.80548396e-01]
 [-5.72647018e-01 -5.65484196e-01 -4.79122069e-01 -6.43406145e-01]
 [-6.25804178e-01 -7.17483563e-01 -6.01761756e-01 -7.33248321e-01]
 [-5.28207880e-01 -5.33859016e-01 -5.58728930e-01 -6.10430285e-01]
 [-7.01361597e-01 -7.27730796e-01 -6.39099602e-01 -7.87009448e-01]
 [-4.72705772e-01 -5.27684184e-01 -4.38018447e-01 -6.44863732e-01]
 [-5.47212400e-01 -4.12227158e-01 -4.81112335e-01 -5.87805847e-01]
 [-5.06868770e-01 -5.04556380e-01 -4.94431622e-01 -4.85207705e-01]
 [-4.80753539e-01 -4.99140006e-01 -4.86068277e-01 -4.98202791e-01]
 [-4.04508412e-01 -4.93444799e-01 -4.44037078e-01 -5.93169713e-01]
 [-5.11464179e-01 -4.91054172e-01 -3.51788511e-01 -4.80951246e-01]
 [-5.16890038e-01 -3.74896720e-01 -3.83953720e-01 -5.37133642e-01]
 [-4.69724648e-01 -5.13069218e-01 -3.47460136e-01 -4.71240718e-01]
 [-4.41368425e-01 -3.88422258e-01 -3.85129167e-01 -5.27805056e-01]
 [-4.23384693e-01 -3.86633055e-01 -4.34894724e-01 -4.34783272e-01]
 [-4.11934890e-01 -4.15533312e-01 -3.14583521e-01 -4.79432534e-01]
 [-3.89272513e-01 -4.47367504e-01 -4.00932269e-01 -3.73518633e-01]
 [-3.39072593e-01 -3.44338790e-01 -3.72083278e-01 -4.89681957e-01]
 [-4.61917063e-01 -2.54442619e-01 -3.54794897e-01 -4.58987392e-01]
 [-2.88968375e-01 -4.50772578e-01 -3.32451148e-01 -4.46898358e-01]
 [-4.44357183e-01 -4.02853642e-01 -2.90116109e-01 -3.54138032e-01]
 [-3.58431617e-01 -3.23265374e-01 -2.30281260e-01 -5.48824241e-01]
 [-3.79645098e-01 -3.59846544e-01 -2.88702749e-01 -3.95629024e-01]
 [-4.24949264e-01 -2.04056976e-01 -3.74554312e-01 -3.69140295e-01]
 [-3.59843941e-01 -2.52935357e-01 -4.11791649e-01 -3.45599540e-01]
 [-4.47707850e-01 -1.84372431e-01 -2.43729178e-01 -4.68191087e-01]
 [-4.33437744e-01 -2.98372766e-01 -2.50462633e-01 -3.34303830e-01]
 [-3.06526359e-01 -3.33612006e-01 -2.71688385e-01 -3.64488060e-01]
 [-3.47791402e-01 -2.82628613e-01 -3.38728217e-01 -3.02869197e-01]
 [-2.63695760e-01 -2.39325313e-01 -3.26293498e-01 -4.00255026e-01]
 [-2.78768163e-01 -3.25504461e-01 -2.15593811e-01 -3.91303146e-01]
 [-2.37900287e-01 -3.41901593e-01 -3.07768119e-01 -3.10110891e-01]
 [-3.31814360e-01 -1.26856662e-01 -2.52872631e-01 -4.63636283e-01]
 [-2.97916286e-01 -1.76645461e-01 -3.53298519e-01 -3.38440128e-01]
 [-2.83583926e-01 -2.62337558e-01 -2.45225556e-01 -3.32022637e-01]
 [-3.56268184e-01 -1.87582189e-01 -2.86292989e-01 -2.74959570e-01]
 [-3.01347602e-01 -1.15081443e-01 -1.94051454e-01 -4.38423285e-01]
 [-2.71025099e-01 -1.68143811e-01 -1.59389308e-01 -4.36636247e-01]
 [-2.91569469e-01 -2.32295424e-01 -1.29814217e-01 -3.71406229e-01]
 [-2.48940907e-01 -1.23363392e-01 -2.30131248e-01 -3.83071521e-01]
 [-3.84490307e-01 -7.83160757e-02 -2.41339315e-01 -2.82049498e-01]
 [-1.62779739e-01 -1.98793804e-01 -2.58037914e-01 -3.29341626e-01]
 [-3.59542260e-01 -2.42372524e-01 -1.54164242e-01 -2.19402522e-01]
 [-1.84747279e-01 -1.43237347e-01 -2.23701561e-01 -3.67183808e-01]
 [-2.19661796e-01 -2.24959496e-01 -1.66003922e-01 -3.01635804e-01]
 [-3.22974883e-01 -1.18129160e-01 -2.70964481e-01 -1.81173109e-01]
 [-3.34242418e-01 -6.33080397e-02 -1.69446712e-01 -3.13116027e-01]
 [-1.98853314e-01 -1.30618762e-01 -1.10669095e-01 -4.06661805e-01]
 [-3.89451066e-01 -4.80166711e-02 -1.59166154e-01 -2.49223689e-01]
 [-1.23170335e-01 -1.82037368e-01 -2.57095648e-01 -2.33077707e-01]
 [-2.94840798e-01 -1.37479888e-01 -2.04299213e-01 -1.59866361e-01]
 [-1.81968493e-01 -2.37997316e-01 -1.72667759e-01 -1.64165080e-01]
 [-3.14552892e-01 -9.64195132e-02 -8.10101666e-02 -2.72853659e-01]
 [-2.62669858e-01 -8.32425933e-02 -1.76453827e-01 -2.15193201e-01]
 [-1.69969337e-01 -2.04946639e-01 -7.78540000e-02 -2.49868099e-01]
 [-1.15736358e-01 -1.56391423e-01 -6.32627998e-02 -3.12776305e-01]
 [-1.65496353e-01 -1.72625884e-01 -2.57764161e-02 -2.81465650e-01]
 [-1.52578574e-01 -7.35731628e-02 -1.25555431e-01 -2.57875724e-01]
 [-2.05928717e-01 -1.21889167e-01 -1.00423839e-01 -1.90605089e-01]
 [-1.93876177e-01 -9.25010759e-02 -1.50034515e-01 -1.45425636e-01]
 [-2.08638834e-01 -2.90903691e-02 -4.98364754e-02 -2.78106946e-01]
 [-1.30139463e-01 -1.74097726e-01 -1.47549255e-01 -1.04822570e-01]
 [-2.43720239e-01 -3.05620432e-02 -1.86013492e-01 -8.55943765e-02]
 [-5.50571084e-02 -1.48083964e-01 -1.62612639e-01 -1.36188602e-01]
 [-2.88781730e-01 -5.33702280e-02 -1.05589338e-01 -7.11075757e-02]
 [-2.22682649e-01  5.16514331e-02 -1.57901006e-01 -1.62479518e-01]
 [-1.11297702e-01 -1.88706582e-01 -2.06075031e-02 -1.55935373e-01]
 [-6.70868289e-02 -5.73057234e-02 -1.40558627e-01 -1.79220447e-01]
 [-1.41703676e-01 -1.40803188e-01 -1.01928752e-01 -5.91471847e-02]
 [-1.84366275e-01 -9.63338185e-02  5.48437871e-02 -2.16597326e-01]
 [-6.46251626e-02 -1.67719329e-01  6.87290542e-03 -1.89776467e-01]
 [-1.14326125e-01  1.90566983e-02 -2.86484007e-02 -2.62865163e-01]
 [-1.54583236e-01  8.76548886e-03  2.23405659e-04 -2.33645478e-01]
 [-1.28576383e-02 -1.05656732e-01 -5.90489935e-02 -1.59534745e-01]
 [-7.70824552e-02 -1.25791337e-01 -4.95713633e-02 -9.07058399e-02]
 [-1.39769023e-01 -7.96325319e-03 -4.12422828e-02 -1.25194414e-01]
 [-8.70563854e-02  1.66087598e-02 -1.40762430e-01 -6.86134417e-02]
 [-1.43099720e-01  3.46994121e-02 -5.26808165e-02 -1.11289924e-01]
 [-4.90578543e-02 -4.46871947e-02 -2.70371605e-02 -9.38164461e-02]
 [-4.65512145e-02  6.27803989e-03 -4.29246016e-03 -1.42419362e-01]
 [-1.30448608e-01 -3.57960537e-02 -1.58712547e-02  9.22246836e-03]
 [-1.28769735e-01 -3.45093161e-02  3.11891958e-02 -2.98148412e-02]
 [-2.78244093e-02  1.06380729e-01  2.19370853e-02 -1.99398626e-01]
 [-6.42066915e-02  2.35293843e-02  8.84715300e-02 -1.39832186e-01]
 [ 8.86908732e-02 -1.49519555e-02 -1.97910126e-02 -7.86179099e-02]
 [-1.63168963e-01  7.71303084e-02 -3.93787194e-02  5.85744306e-02]
 [-3.62580214e-02  4.19234708e-02 -6.06645569e-02  2.40060408e-02]
 [-4.85163927e-02  1.54681936e-01 -6.85971696e-02 -4.43935860e-02]
 [-9.34839100e-02  1.25065437e-01  2.41820794e-02 -5.03684524e-02]
 [-1.23694714e-01  8.78111664e-02  1.22317078e-01 -7.46930167e-02]
 [-3.45791262e-02  4.40527797e-02  4.85166777e-02 -1.50275137e-02]
 [ 7.37506561e-02  1.52045246e-02  6.08134624e-02 -6.24504518e-02]
 [-7.34431092e-02  5.13617229e-02  9.46183279e-02  6.29902817e-03]
 [ 2.17444394e-02  1.20509174e-01  1.11980578e-01 -1.21994242e-01]
 [-2.24220455e-02  6.29241057e-02  4.30194661e-02  6.77959397e-02]
 [ 4.79723010e-02  1.61549054e-01 -2.40176469e-02  2.04687323e-02]
 [-2.42365338e-03  2.39159118e-01  8.22058450e-02 -1.09912004e-01]
 [-9.31898411e-02  2.24006698e-02  1.55839993e-01  7.97912981e-02]
 [ 5.40457051e-02  1.58801273e-01  2.26157699e-02 -2.94333883e-03]
 [ 3.50087360e-02  2.15673521e-02  1.08429339e-01  5.36007453e-02]
 [-5.45888059e-02  1.49982952e-01  7.18339123e-02  5.71435448e-02]
 [ 2.72646174e-03  2.03063194e-01  1.02978647e-02  7.13368617e-02]
 [ 1.25155423e-01  5.96622713e-02  1.51916763e-01 -8.07339884e-03]
 [ 9.28187314e-02  1.82711778e-01  6.87462837e-02  9.84018855e-03]
 [ 5.42024262e-02  5.12613337e-02  1.41110385e-01  9.48660802e-02]
 [ 1.25975264e-01  1.67942280e-01  2.81056520e-02  1.03894746e-01]
 [ 1.77451229e-01  7.85335600e-02  1.31053951e-01  6.47410043e-02]
 [-3.49107310e-02  1.83583153e-01  1.78687813e-01  1.06706047e-01]
 [ 2.96698622e-02  2.62677127e-01  1.34822108e-01  4.82459050e-02]
 [ 8.38617794e-03  1.14802897e-01  1.79351008e-01  1.58603348e-01]
 [ 7.35563692e-02  1.49844445e-01  1.80733820e-01  9.16290898e-02]
 [ 1.27673540e-02  1.76496519e-01  2.74252664e-01  5.47291990e-02]
 [ 1.45165132e-01  1.34342533e-01  2.22353429e-01  6.01994637e-02]
 [-2.79887747e-02  2.44194105e-01  1.41727565e-01  1.69952895e-01]
 [-8.73024948e-03  2.11327022e-01  1.07750468e-01  2.43956298e-01]
 [-4.22873460e-02  3.38385915e-01  1.96333360e-01  6.53383471e-02]
 [ 1.32863345e-01  3.22776334e-01  9.68850628e-02  6.81732520e-02]
 [ 1.39800839e-01  2.03785941e-01  2.64257619e-01  2.67526470e-02]
 [ 1.13544133e-01  2.11440792e-01  1.55070284e-01  1.54878560e-01]
 [-1.98818762e-02  2.76805572e-01  2.33228371e-01  1.26603933e-01]
 [ 4.05485574e-02  1.68414723e-01  2.05216730e-01  2.16336971e-01]
 [ 1.96683127e-01  2.47459671e-01  1.71258762e-01  1.23763584e-01]
 [ 1.89047597e-01  2.77446745e-01  2.03781513e-01  7.91920181e-02]
 [ 6.60424326e-02  3.67234170e-01  1.94214426e-01  1.11787137e-01]
 [ 8.60651731e-02  2.82411244e-01  2.92759763e-01  8.27396754e-02]
 [ 3.60868443e-02  3.86952916e-01  2.52579747e-01  1.01841500e-01]
 [ 1.67665936e-01  1.95686983e-01  1.91804554e-01  2.48934116e-01]
 [ 1.21788338e-01  3.06636838e-01  2.19943319e-01  1.73050577e-01]
 [ 5.75815998e-02  2.69730859e-01  3.13473402e-01  2.07926778e-01]
 [ 2.23643728e-01  2.54721042e-01  2.75749154e-01  1.76369315e-01]
 [ 2.12968485e-01  3.17530306e-01  3.10077835e-01  1.17028475e-01]
 [ 2.48546662e-01  3.41712028e-01  2.41656991e-01  1.42928332e-01]
 [ 8.87390580e-02  3.76084622e-01  2.04492941e-01  2.66839422e-01]
 [ 1.60377314e-01  3.20341516e-01  2.32695842e-01  2.64286665e-01]
 [ 2.88627774e-01  2.32591279e-01  3.21035301e-01  2.06571840e-01]
 [ 9.40412953e-02  2.51808327e-01  3.37692564e-01  3.20374101e-01]
 [ 1.78996429e-01  2.34646320e-01  3.71691464e-01  2.57616406e-01]
 [ 8.05573929e-02  4.01677154e-01  3.97359777e-01  1.87369717e-01]
 [ 1.80434151e-01  3.59506851e-01  3.34667556e-01  2.41718832e-01]
 [ 6.38416074e-02  4.61059660e-01  3.08897192e-01  3.04686500e-01]
 [ 1.38221091e-01  3.86415567e-01  4.49492158e-01  2.18434116e-01]
 [ 1.91471841e-01  4.66001913e-01  3.74871779e-01  1.98691167e-01]
 [ 2.89090751e-01  3.57703580e-01  3.46262962e-01  2.84966195e-01]
 [ 2.21165860e-01  3.49414008e-01  3.27637315e-01  3.54979569e-01]
 [ 1.57949256e-01  3.83983606e-01  3.13681290e-01  3.95275787e-01]
 [ 2.40359521e-01  3.19964651e-01  4.22817415e-01  3.09296792e-01]
 [ 1.54952146e-01  4.46051631e-01  3.50514840e-01  3.35507711e-01]
 [ 3.32847308e-01  4.40692239e-01  3.24217658e-01  2.80512741e-01]
 [ 2.75598887e-01  4.89023501e-01  4.19661241e-01  2.07045842e-01]
 [ 3.45335040e-01  3.05506798e-01  4.54143723e-01  3.03797457e-01]
 [ 2.10156010e-01  4.04658742e-01  4.58452517e-01  3.15764762e-01]
 [ 3.02742943e-01  4.90481999e-01  2.82019287e-01  4.05692326e-01]
 [ 1.03578681e-01  4.33331050e-01  4.73512053e-01  4.09623314e-01]
 [ 3.76454363e-01  3.53287689e-01  4.18400493e-01  3.94692415e-01]
 [ 1.77631153e-01  4.17338949e-01  4.35800781e-01  4.40447371e-01]
 [ 3.74614159e-01  4.07104358e-01  3.93861374e-01  3.86433791e-01]
 [ 3.82401513e-01  5.33056693e-01  3.78090240e-01  3.47573765e-01]
 [ 3.07342166e-01  5.04136609e-01  4.24556212e-01  3.78700215e-01]
 [ 2.45643018e-01  5.26290128e-01  5.05856665e-01  3.55143351e-01]
 [ 2.83553075e-01  4.57187423e-01  4.68500352e-01  4.45961965e-01]
 [ 3.90449995e-01  4.40056525e-01  4.23912510e-01  5.09359712e-01]
 [ 3.31177449e-01  5.35564052e-01  5.66267921e-01  4.09454951e-01]
 [ 3.24022129e-01  4.88763640e-01  5.45760864e-01  4.76728752e-01]
 [ 2.64531255e-01  5.78727253e-01  5.14851926e-01  4.69082423e-01]
 [ 3.51038005e-01  6.10150881e-01  4.98352857e-01  4.38319942e-01]
 [ 3.97698473e-01  5.18107384e-01  4.67858497e-01  5.65392166e-01]
 [ 4.74875784e-01  4.71468590e-01  5.65870266e-01  5.40116344e-01]
 [ 2.29628801e-01  5.40744536e-01  5.87658180e-01  5.72963601e-01]
 [ 3.15956734e-01  5.22681296e-01  5.31158062e-01  6.27275022e-01]
 [ 3.71691169e-01  5.84758667e-01  5.54928092e-01  5.63568506e-01]
 [ 4.28899417e-01  5.97912382e-01  6.54216332e-01  6.15903795e-01]]",17,30
0.037513811725440244,0.013586204120093748,0.16608839572086637,0.5402298850574713,0.40659639509258055,0.42372280465869916,0.9595811002410569,87,210,"[[-9.92519779e-01 -6.36232879e-01 -8.50510310e-01 -5.54003712e-01]
 [-9.80524438e-01 -6.65926827e-01 -9.00005473e-01 -5.94280966e-01]
 [-9.36892040e-01 -6.15500174e-01 -9.48313968e-01 -4.35713118e-01]
 [-9.71320244e-01 -5.02634687e-01 -8.82798107e-01 -4.97270949e-01]
 [-8.79415780e-01 -5.37649794e-01 -8.27641852e-01 -5.11459969e-01]
 [-9.21671504e-01 -5.67468857e-01 -8.97638498e-01 -6.55486567e-01]
 [-9.64762934e-01 -7.59183582e-01 -9.39153969e-01 -6.37127399e-01]
 [-9.56146907e-01 -7.26667482e-01 -9.35806261e-01 -6.59939887e-01]
 [-9.73619072e-01 -8.20878362e-01 -9.75011412e-01 -5.77298755e-01]
 [-8.27302538e-01 -5.19548297e-01 -9.78838615e-01 -5.58636893e-01]
 [-8.82996699e-01 -4.57951073e-01 -9.66759434e-01 -5.22552894e-01]
 [-8.16031424e-01 -4.75070911e-01 -8.67324298e-01 -5.31919440e-01]
 [-8.89500780e-01 -6.53245965e-01 -9.86988368e-01 -7.19574992e-01]
 [-7.41377281e-01 -5.25232306e-01 -9.84665029e-01 -4.58944798e-01]
 [-7.86842022e-01 -4.39727740e-01 -9.22236416e-01 -4.59136194e-01]
 [-7.98707634e-01 -4.68932696e-01 -8.27307140e-01 -3.76832062e-01]
 [-8.55594868e-01 -3.95358620e-01 -7.53690502e-01 -4.40427061e-01]
 [-7.34160431e-01 -4.47032643e-01 -9.03611485e-01 -4.04869592e-01]
 [-7.02770850e-01 -4.37708836e-01 -7.39222765e-01 -5.13429539e-01]
 [-8.25389428e-01 -3.25328575e-01 -8.49872330e-01 -4.34634527e-01]
 [-7.64613574e-01 -4.08069039e-01 -8.52483476e-01 -3.15110147e-01]
 [-7.61178436e-01 -3.44641648e-01 -6.94836009e-01 -4.61724268e-01]
 [-6.62472336e-01 -4.05631812e-01 -7.95736721e-01 -3.85065582e-01]
 [-7.24224498e-01 -3.62929413e-01 -7.81616574e-01 -3.65182148e-01]
 [-7.13431105e-01 -2.99137019e-01 -7.57541412e-01 -4.28459994e-01]
 [-6.27717150e-01 -3.82395182e-01 -7.22795460e-01 -3.59143253e-01]
 [-7.48148978e-01 -2.91624328e-01 -7.00473949e-01 -3.31251763e-01]
 [-6.79207420e-01 -3.71095890e-01 -6.23843277e-01 -3.20233027e-01]
 [-6.21276183e-01 -3.26695722e-01 -7.13887075e-01 -3.59727098e-01]
 [-7.99924741e-01 -3.12514760e-01 -6.77269764e-01 -1.91801738e-01]
 [-5.71677154e-01 -4.26861869e-01 -5.64398009e-01 -3.36381346e-01]
 [-6.33379281e-01 -3.10499944e-01 -5.86945331e-01 -3.79544541e-01]
 [-6.60017574e-01 -3.42195854e-01 -6.26616985e-01 -2.65795311e-01]
 [-8.09166275e-01 -1.87890740e-01 -6.55920209e-01 -3.00956974e-01]
 [-6.60767388e-01 -3.11957480e-01 -7.07497440e-01 -2.02916363e-01]
 [-6.02013843e-01 -3.56328188e-01 -5.35591409e-01 -2.88680123e-01]
 [-7.21381143e-01 -2.28070837e-01 -5.75974502e-01 -2.92329570e-01]
 [-5.52456729e-01 -2.73522563e-01 -6.02161318e-01 -3.48162878e-01]
 [-6.08450893e-01 -2.63641674e-01 -6.11022092e-01 -2.42668761e-01]
 [-6.79730590e-01 -2.46479988e-01 -5.83005875e-01 -1.79331165e-01]
 [-6.72827594e-01 -2.78418802e-01 -5.42042034e-01 -1.48493787e-01]
 [-5.82832374e-01 -2.12143525e-01 -4.74654986e-01 -3.55138022e-01]
 [-5.01837147e-01 -3.24919937e-01 -4.58097268e-01 -2.56935462e-01]
 [-6.01559594e-01 -2.30976041e-01 -5.14029184e-01 -2.10763920e-01]
 [-5.94256131e-01 -1.38296684e-01 -5.89357348e-01 -2.58024529e-01]
 [-6.35888893e-01 -1.97135489e-01 -4.34238967e-01 -2.61572432e-01]
 [-5.70775948e-01 -2.75546329e-01 -3.50153869e-01 -2.69296961e-01]
 [-6.37076916e-01 -1.64812988e-01 -4.77985252e-01 -2.07261316e-01]
 [-5.14072258e-01 -2.00021740e-01 -4.99240091e-01 -2.41530104e-01]
 [-5.39064547e-01 -1.13468850e-01 -4.52539446e-01 -3.35303724e-01]
 [-5.56878487e-01 -1.48879947e-01 -5.65136934e-01 -1.45314978e-01]
 [-5.81701567e-01 -1.79830434e-01 -4.25621515e-01 -1.76073655e-01]
 [-6.12039538e-01 -9.55789816e-02 -4.59311480e-01 -1.98864879e-01]
 [-4.97827811e-01 -2.26021051e-01 -4.00204446e-01 -1.74570113e-01]
 [-4.77065329e-01 -1.03673944e-01 -5.64236235e-01 -1.70607610e-01]
 [-5.70251713e-01 -1.50685810e-01 -3.24832980e-01 -2.22210545e-01]
 [-4.06280350e-01 -1.44062167e-01 -4.58136957e-01 -2.36196725e-01]
 [-4.64534502e-01 -9.33279675e-02 -4.15594026e-01 -2.68344654e-01]
 [-4.65658182e-01 -6.10657223e-02 -4.96386267e-01 -2.00367378e-01]
 [-5.58933416e-01 -8.43246728e-02 -2.96942301e-01 -2.50603978e-01]
 [-5.57749208e-01 -5.39566595e-02 -3.49412695e-01 -2.18245506e-01]
 [-3.56268184e-01 -1.87582189e-01 -2.86292989e-01 -2.74959570e-01]
 [-5.36284497e-01 -1.71178270e-01 -2.88662329e-01 -9.75050554e-02]
 [-3.55140690e-01 -1.57275520e-01 -3.60306408e-01 -1.93767244e-01]
 [-4.26141612e-01 -1.73755903e-01 -2.91347487e-01 -1.62208589e-01]
 [-5.46368010e-01 -2.06621215e-02 -4.01105234e-01 -1.33530382e-01]
 [-3.74952376e-01 -1.28314199e-01 -3.90148370e-01 -1.42263001e-01]
 [-3.86019750e-01 -2.34490110e-01 -2.63237135e-01 -9.89627019e-02]
 [-3.76053244e-01 -7.27501605e-02 -4.22494017e-01 -1.38862956e-01]
 [-4.29489261e-01  2.24153511e-03 -3.66970209e-01 -2.29976328e-01]
 [-5.64897789e-01 -8.93250350e-02 -2.22486475e-01 -1.19053571e-01]
 [-3.03144073e-01 -2.08968444e-01 -3.08695834e-01 -1.30332585e-01]
 [-4.91799504e-01 -9.08933841e-02 -2.86024062e-01 -8.75508301e-02]
 [-3.22974883e-01 -1.18129160e-01 -2.70964481e-01 -1.81173109e-01]
 [-4.45850318e-01 -2.81986352e-02 -2.53156813e-01 -1.51285483e-01]
 [-5.02085947e-01  4.03107330e-03 -1.72817389e-01 -1.98429756e-01]
 [-4.16363472e-01 -4.09092922e-02 -3.51614339e-01 -2.60996912e-02]
 [-2.94840798e-01 -1.37479888e-01 -2.04299213e-01 -1.59866361e-01]
 [-2.89483052e-01 -7.61218667e-02 -3.73297375e-01 -5.64804859e-02]
 [-4.80573913e-01 -4.08724695e-03 -1.97061293e-01 -1.24416513e-01]
 [-3.57599266e-01 -9.39700846e-02 -2.18285846e-01 -8.98778364e-02]
 [-3.29315988e-01 -3.29992250e-02 -2.42548538e-01 -1.55535089e-01]
 [-3.51778017e-01  1.82280336e-02 -2.94333916e-01 -1.35795647e-01]
 [-4.11634281e-01 -8.07511322e-02 -1.19459631e-01 -1.05222840e-01]
 [-3.39252219e-01 -1.52021948e-01 -6.78211562e-02 -1.13407051e-01]
 [-4.00961896e-01 -1.88114848e-02 -9.13518649e-02 -1.64993068e-01]
 [-3.24886592e-01  1.01517215e-02 -2.26151405e-01 -1.07923949e-01]
 [-4.51759387e-01  1.07864222e-01 -2.36175653e-01 -7.60973729e-02]
 [-1.87322417e-01 -4.93200663e-02 -2.80996975e-01 -4.92893327e-02]
 [-2.43720239e-01 -3.05620432e-02 -1.86013492e-01 -8.55943765e-02]
 [-2.88781730e-01 -5.33702280e-02 -1.05589338e-01 -7.11075757e-02]
 [-2.67742604e-01 -8.96823127e-02 -1.11070825e-01  2.80569866e-03]
 [-2.22682649e-01  5.16514331e-02 -1.57901006e-01 -1.62479518e-01]
 [-3.81847003e-01  5.55912796e-02 -6.47040736e-02 -8.71161800e-02]
 [-4.83924605e-01  1.79237271e-01 -1.44880660e-01 -4.88429498e-02]
 [-4.24437027e-01  8.36178493e-02 -9.36387852e-02  1.87832117e-02]
 [-2.97354121e-01  1.63483588e-01 -2.02122914e-01 -8.05169847e-02]
 [-2.32209438e-01 -5.97066674e-02 -6.35279194e-02 -3.71972099e-04]
 [-2.55096313e-01  9.07980241e-02 -8.20844881e-02 -1.19488217e-01]
 [-2.67022915e-01  1.23604553e-01 -1.67460693e-01 -4.45425771e-02]
 [-2.32960315e-01  2.38194708e-02 -1.52142204e-01  4.60297521e-02]
 [-2.44154744e-01  1.68873491e-01 -2.22578602e-01 -2.61340942e-02]
 [-2.02430218e-01  8.54462609e-02 -1.18282776e-01 -4.97243479e-02]
 [-3.57166281e-01  2.06662092e-01 -1.27043309e-01 -1.70136616e-02]
 [-3.42525342e-01  4.68635466e-02  2.27799099e-02  4.56019510e-02]
 [-3.03599967e-01  5.31958565e-02  6.84753396e-02 -3.87052428e-02]
 [-1.30448608e-01 -3.57960537e-02 -1.58712547e-02  9.22246836e-03]
 [-2.32765924e-01  1.39180023e-01 -2.79407725e-02 -7.52159748e-02]
 [-1.06171478e-01  1.21531997e-01 -1.38210626e-01  1.20145343e-02]
 [-1.63168963e-01  7.71303084e-02 -3.93787194e-02  5.85744306e-02]
 [-2.83616986e-01  1.27876103e-01  6.07868601e-02  1.78330224e-02]
 [-2.73380363e-01  2.33898003e-01  3.47823128e-02 -8.62341262e-02]
 [-4.85163927e-02  1.54681936e-01 -6.85971696e-02 -4.43935860e-02]
 [-9.34839100e-02  1.25065437e-01  2.41820794e-02 -5.03684524e-02]
 [-2.26632476e-01  1.34234991e-01  1.87225807e-02  8.88185482e-02]
 [-2.14627394e-01  2.22618878e-01 -1.21906213e-03  6.87589124e-03]
 [-8.78385566e-02  1.32694123e-01 -2.29022168e-02  3.55438720e-02]
 [-7.34431092e-02  5.13617229e-02  9.46183279e-02  6.29902817e-03]
 [-2.72606183e-01  1.18545080e-01  1.60928048e-01  5.70479147e-02]
 [-1.67810105e-01  9.91623886e-02  2.89058704e-02  1.61437292e-01]
 [-2.24220455e-02  6.29241057e-02  4.30194661e-02  6.77959397e-02]
 [-2.08487796e-01  2.55352169e-01  1.10830298e-01 -6.18304592e-02]
 [-2.16156863e-01  1.12209087e-01  1.34615786e-01  1.12164181e-01]
 [ 3.50087360e-02  2.15673521e-02  1.08429339e-01  5.36007453e-02]
 [ 4.79723010e-02  1.61549054e-01 -2.40176469e-02  2.04687323e-02]
 [-2.09979570e-01  1.95830705e-01  5.17156851e-02  1.50143735e-01]
 [-1.84699258e-01  2.78316690e-01  3.14350836e-02  5.29800076e-02]
 [-5.45888059e-02  1.49982952e-01  7.18339123e-02  5.71435448e-02]
 [-1.44622006e-01  1.74411688e-01  1.84657527e-01 -4.04619984e-03]
 [-1.03665454e-01  2.31819721e-01  5.24996594e-03  1.18762407e-01]
 [ 2.72646174e-03  2.03063194e-01  1.02978647e-02  7.13368617e-02]
 [-1.24578942e-02  2.67986756e-01 -3.55803128e-02  7.11318124e-02]
 [-9.42215621e-02  8.49725958e-02  1.79979132e-01  1.43526897e-01]
 [-1.57755649e-01  2.18673632e-01  1.56943504e-01  7.63387084e-02]
 [-1.15769295e-01  2.95375135e-01  1.30758163e-01  1.91882811e-03]
 [-8.52384903e-02  3.45145373e-01  1.00773856e-01 -2.75864378e-02]
 [-1.53218132e-01  3.31924748e-01  1.90325499e-01 -4.25146855e-02]
 [-2.19607044e-01  3.51593185e-01  1.06317278e-01  1.14621758e-01]
 [-6.16030172e-02  3.68079409e-01  5.32101486e-02  2.06890330e-02]
 [-3.49107310e-02  1.83583153e-01  1.78687813e-01  1.06706047e-01]
 [ 2.96698622e-02  2.62677127e-01  1.34822108e-01  4.82459050e-02]
 [-9.15644132e-02  3.26103050e-01  9.11050495e-02  1.45984497e-01]
 [-3.00909225e-02  3.04637300e-01  2.07674211e-01 -8.69413652e-03]
 [-2.79887747e-02  2.44194105e-01  1.41727565e-01  1.69952895e-01]
 [-4.22873460e-02  3.38385915e-01  1.96333360e-01  6.53383471e-02]
 [-4.76552118e-02  2.53652627e-01  2.85288071e-01  9.78161115e-02]
 [-1.98818762e-02  2.76805572e-01  2.33228371e-01  1.26603933e-01]
 [-1.46907736e-01  3.74405509e-01  2.42795339e-01  1.58979706e-01]
 [ 1.96683127e-01  2.47459671e-01  1.71258762e-01  1.23763584e-01]
 [-1.06498264e-01  3.66495192e-01  3.52342209e-01  3.82953286e-02]
 [ 1.89047597e-01  2.77446745e-01  2.03781513e-01  7.91920181e-02]
 [ 6.60424326e-02  3.67234170e-01  1.94214426e-01  1.11787137e-01]
 [ 8.60651731e-02  2.82411244e-01  2.92759763e-01  8.27396754e-02]
 [ 3.60868443e-02  3.86952916e-01  2.52579747e-01  1.01841500e-01]
 [ 5.75815998e-02  2.69730859e-01  3.13473402e-01  2.07926778e-01]
 [ 6.19589612e-02  4.58012452e-01  2.33937521e-01  7.66936094e-02]
 [ 2.23643728e-01  2.54721042e-01  2.75749154e-01  1.76369315e-01]
 [ 1.73096303e-02  3.66880283e-01  3.98746375e-01  6.28708340e-02]
 [ 1.44090839e-01  2.69263102e-01  3.88781609e-01  9.67362504e-02]
 [ 2.32361320e-01  2.24279303e-01  3.49302536e-01  1.51575081e-01]
 [ 2.12968485e-01  3.17530306e-01  3.10077835e-01  1.17028475e-01]
 [ 6.01090621e-02  3.64429673e-01  2.70641318e-01  2.60800036e-01]
 [-4.56919670e-02  4.02056493e-01  3.50074386e-01  2.11464087e-01]
 [-5.71913160e-02  4.31505857e-01  3.99470359e-01  1.39944157e-01]
 [ 1.50208825e-01  4.15865371e-01  2.99989823e-01  1.33219698e-01]
 [-4.07192539e-02  4.94804090e-01  3.00431056e-01  2.57262727e-01]
 [ 8.05573929e-02  4.01677154e-01  3.97359777e-01  1.87369717e-01]
 [ 1.12725472e-01  3.15106589e-01  4.87697192e-01  1.87691718e-01]
 [ 6.38416074e-02  4.61059660e-01  3.08897192e-01  3.04686500e-01]
 [ 1.06853820e-01  4.63510459e-01  4.23086353e-01  1.21649273e-01]
 [ 1.38221091e-01  3.86415567e-01  4.49492158e-01  2.18434116e-01]
 [ 1.91471841e-01  4.66001913e-01  3.74871779e-01  1.98691167e-01]
 [ 1.53685398e-02  4.84032722e-01  4.62934736e-01  2.46836971e-01]
 [ 1.35689814e-01  4.79163574e-01  4.00003323e-01  2.50277916e-01]
 [ 1.45895228e-01  5.89493129e-01  4.07501211e-01  1.45319175e-01]
 [ 7.60895219e-02  5.41368676e-01  4.20139261e-01  2.92341448e-01]
 [ 2.10156010e-01  4.04658742e-01  4.58452517e-01  3.15764762e-01]
 [ 9.97735932e-02  4.53066858e-01  5.42415403e-01  2.15099351e-01]
 [ 2.75598887e-01  4.89023501e-01  4.19661241e-01  2.07045842e-01]
 [ 2.95288919e-01  4.06627893e-01  5.15808700e-01  1.79310001e-01]
 [ 2.78614184e-01  3.96346290e-01  4.92578411e-01  2.61620410e-01]
 [ 7.28224553e-02  5.73508531e-01  4.95991349e-01  2.39007551e-01]
 [ 2.03000907e-01  5.76455340e-01  4.30132879e-01  2.58012461e-01]
 [ 1.57421598e-01  5.14669744e-01  5.28123701e-01  2.41517380e-01]
 [ 1.42693015e-01  5.57362685e-01  4.88869367e-01  3.23407754e-01]
 [ 2.22067066e-01  4.48239790e-01  6.02535626e-01  2.82016981e-01]
 [ 2.45643018e-01  5.26290128e-01  5.05856665e-01  3.55143351e-01]
 [ 1.69460177e-01  4.97532353e-01  6.39385261e-01  2.30424514e-01]
 [ 2.98797572e-01  5.17024478e-01  5.39968969e-01  2.84284068e-01]
 [ 1.62386678e-01  6.07531711e-01  5.71356313e-01  2.89755803e-01]
 [ 1.32184457e-01  6.79591294e-01  5.43526633e-01  3.35304799e-01]
 [ 2.84019221e-01  5.80198688e-01  6.27225172e-01  1.67210473e-01]
 [ 3.31177449e-01  5.35564052e-01  5.66267921e-01  4.09454951e-01]
 [ 3.09822634e-01  4.71749656e-01  6.82231292e-01  3.12253691e-01]
 [ 2.27217749e-01  5.87503599e-01  6.71225470e-01  2.22201688e-01]
 [ 3.03270049e-01  6.09830908e-01  6.22255156e-01  2.47065412e-01]
 [ 3.67611289e-01  5.70258195e-01  6.51811350e-01  3.04458126e-01]
 [ 2.86798453e-01  5.49830496e-01  7.10550372e-01  3.64123629e-01]
 [ 3.81380111e-01  6.39564680e-01  6.60481093e-01  2.89416021e-01]
 [ 4.13678873e-01  5.85022090e-01  6.89295651e-01  3.35644580e-01]
 [ 2.76095565e-01  6.12266449e-01  7.34628491e-01  4.29262806e-01]
 [ 3.77975497e-01  5.78000780e-01  7.60892350e-01  4.24067147e-01]
 [ 3.37390739e-01  6.54341927e-01  7.48992689e-01  3.20481388e-01]
 [ 3.50014700e-01  7.18723096e-01  7.12093461e-01  3.86109315e-01]
 [ 4.38263845e-01  6.59306902e-01  7.55443070e-01  3.25692268e-01]
 [ 3.15418927e-01  6.94548050e-01  7.69404920e-01  3.58328395e-01]
 [ 4.91380537e-01  7.53595503e-01  8.41523251e-01  4.07601977e-01]
 [ 3.64354677e-01  8.51288941e-01  8.24174777e-01  3.77004802e-01]
 [ 4.45536613e-01  8.14810630e-01  8.69509498e-01  3.45878866e-01]
 [ 3.84097477e-01  7.39983670e-01  9.27776592e-01  3.37260332e-01]]",18,30
0.021145069022114476,0.014308391188717655,0.06155975057924506,0.6436781609195402,0.40825733637035033,0.42372280465869916,0.9635009772443817,87,151,"[[-5.40186819e-01 -3.42828989e-01 -4.95292824e-01 -8.07311295e-01]
 [-5.45277277e-01 -3.10637729e-01 -4.20852158e-01 -7.23915638e-01]
 [-4.51970572e-01 -3.34743125e-01 -3.46370045e-01 -7.90013958e-01]
 [-4.66748439e-01 -2.71208307e-01 -4.45328308e-01 -6.57085646e-01]
 [-5.04951909e-01 -3.41358030e-01 -3.65585530e-01 -6.11090954e-01]
 [-4.46940642e-01 -3.04564361e-01 -3.04149639e-01 -7.41319671e-01]
 [-3.94941939e-01 -3.15585131e-01 -3.70719608e-01 -6.75794793e-01]
 [-4.55242487e-01 -3.58291358e-01 -2.13234218e-01 -7.04946140e-01]
 [-4.38813008e-01 -2.09607463e-01 -3.20806211e-01 -7.11612092e-01]
 [-4.43495324e-01 -1.79420596e-01 -2.78674020e-01 -7.57161094e-01]
 [-5.21855244e-01 -2.24412186e-01 -2.23172961e-01 -6.17845092e-01]
 [-3.81929588e-01 -2.45513989e-01 -2.27808326e-01 -6.84990844e-01]
 [-3.28239549e-01 -2.60700913e-01 -1.99303366e-01 -7.37009097e-01]
 [-3.58431617e-01 -3.23265374e-01 -2.30281260e-01 -5.48824241e-01]
 [-3.90542753e-01 -2.75470411e-01 -1.47174733e-01 -6.43319767e-01]
 [-3.63805447e-01 -2.67800424e-01 -2.56743597e-01 -5.22701699e-01]
 [-3.36841524e-01 -2.30017671e-01 -1.75675431e-01 -7.15937926e-01]
 [-2.79954035e-01 -1.93613335e-01 -2.67714430e-01 -6.80420855e-01]
 [-2.99598053e-01 -3.12443083e-01 -1.63208764e-01 -6.12190120e-01]
 [-3.20583286e-01 -2.11772498e-01 -2.34222775e-01 -4.96103739e-01]
 [-3.24911002e-01 -1.97150618e-01 -7.47810453e-02 -6.35594772e-01]
 [-3.51540780e-01 -1.66484796e-01 -1.44762835e-01 -5.29612254e-01]
 [-2.87659992e-01 -2.78904159e-01 -8.62697195e-02 -5.36279570e-01]
 [-3.62929547e-01 -1.32884564e-01 -1.04780454e-01 -5.71857981e-01]
 [-3.78826270e-01 -2.28833178e-01 -7.23187234e-02 -4.48936345e-01]
 [-3.20816729e-01 -2.53833225e-01  6.50952943e-03 -5.58350358e-01]
 [-2.95298278e-01 -2.46970709e-01 -3.87171842e-02 -5.10292759e-01]
 [-2.71025099e-01 -1.68143811e-01 -1.59389308e-01 -4.36636247e-01]
 [-2.22764995e-01 -2.41580762e-01 -1.04658641e-02 -5.64681074e-01]
 [-3.59170448e-01 -1.40808748e-01  2.67289206e-03 -4.90464557e-01]
 [-2.48940907e-01 -1.23363392e-01 -2.30131248e-01 -3.83071521e-01]
 [-2.51823809e-01 -1.38938867e-01 -9.00949128e-02 -4.77394547e-01]
 [-2.34893089e-01 -2.63911545e-01  2.80256737e-02 -4.55318019e-01]
 [-2.19661796e-01 -2.24959496e-01 -1.66003922e-01 -3.01635804e-01]
 [-1.84747279e-01 -1.43237347e-01 -2.23701561e-01 -3.67183808e-01]
 [-1.46855677e-01 -2.35564874e-01 -6.02944829e-02 -4.72126001e-01]
 [-2.10730059e-01 -1.54182967e-01  2.40631513e-02 -5.31015515e-01]
 [-1.98853314e-01 -1.30618762e-01 -1.10669095e-01 -4.06661805e-01]
 [-2.29201775e-01 -9.00683478e-02 -2.03271359e-02 -4.68278548e-01]
 [-1.89441336e-01 -6.21405393e-02 -1.99704906e-01 -3.23301777e-01]
 [-2.68649751e-01 -5.98034933e-02  4.27927077e-02 -4.48046714e-01]
 [-1.51012411e-01 -2.13157762e-01  8.26530159e-03 -3.72809431e-01]
 [-1.69969337e-01 -2.04946639e-01 -7.78540000e-02 -2.49868099e-01]
 [-2.93023560e-01 -1.21880019e-01  1.17537640e-02 -2.59280110e-01]
 [-1.79148568e-01 -3.98479681e-02 -8.61751139e-02 -4.02936541e-01]
 [-1.65496353e-01 -1.72625884e-01 -2.57764161e-02 -2.81465650e-01]
 [-2.25038357e-01 -1.16497224e-01  3.23325358e-02 -3.13664788e-01]
 [-1.15736358e-01 -1.56391423e-01 -6.32627998e-02 -3.12776305e-01]
 [-1.94715876e-01 -1.70597086e-01  6.69873953e-02 -3.11396800e-01]
 [-2.38087051e-01 -1.61295172e-01 -3.25820595e-03 -1.84335234e-01]
 [-1.87591674e-01 -2.02790715e-01  1.68668702e-02 -2.19952207e-01]
 [-1.52578574e-01 -7.35731628e-02 -1.25555431e-01 -2.57875724e-01]
 [-2.08638834e-01 -2.90903691e-02 -4.98364754e-02 -2.78106946e-01]
 [-1.29545804e-01 -6.47552926e-02  7.24405497e-02 -4.38850937e-01]
 [-8.55120756e-02 -1.19015194e-01 -3.63937821e-02 -3.12164137e-01]
 [-1.92329021e-01  2.84101255e-02  2.44510025e-02 -3.63014780e-01]
 [-1.84366275e-01 -9.63338185e-02  5.48437871e-02 -2.16597326e-01]
 [-1.71785621e-01 -3.30355559e-02  1.43074164e-01 -3.33899803e-01]
 [-9.79209747e-02 -1.89125501e-02  5.40465657e-02 -3.46064363e-01]
 [-1.34280887e-01 -1.49624836e-01  1.59043370e-01 -2.40126213e-01]
 [-1.54583236e-01  8.76548886e-03  2.23405659e-04 -2.33645478e-01]
 [-1.14326125e-01  1.90566983e-02 -2.86484007e-02 -2.62865163e-01]
 [-1.83292659e-01 -3.64702940e-03  1.07380580e-01 -2.52129968e-01]
 [-7.70824552e-02 -1.25791337e-01 -4.95713633e-02 -9.07058399e-02]
 [-9.69198421e-02 -1.11589691e-01  9.62302554e-02 -1.85285002e-01]
 [-1.16605636e-01 -7.82948770e-02  1.54285599e-01 -2.28991840e-01]
 [-6.15218002e-02 -6.54445589e-03  4.53062672e-02 -2.48673765e-01]
 [-8.99973195e-02 -5.05053513e-02  6.76988494e-02 -1.23989606e-01]
 [-4.65512145e-02  6.27803989e-03 -4.29246016e-03 -1.42419362e-01]
 [-1.74876576e-01 -2.53337882e-02  2.91468836e-01 -1.68754010e-01]
 [-6.42066915e-02  2.35293843e-02  8.84715300e-02 -1.39832186e-01]
 [-4.16491311e-02 -3.59938089e-02  2.04177383e-01 -1.65419968e-01]
 [-1.47970995e-01 -1.21476687e-03  2.19265638e-01 -7.15342741e-02]
 [-7.45107234e-03 -6.31770436e-02 -5.90780005e-03  4.11318652e-02]
 [-2.11816505e-02 -9.87880602e-02  2.41009109e-01 -1.03697337e-01]
 [-1.23694714e-01  8.78111664e-02  1.22317078e-01 -7.46930167e-02]
 [-7.07464535e-02 -1.74549501e-02  1.81785531e-01 -4.02247664e-02]
 [-5.38986642e-02  1.50917377e-02  2.02001560e-01 -8.65662191e-02]
 [-7.34431092e-02  5.13617229e-02  9.46183279e-02  6.29902817e-03]
 [-1.38606559e-02 -5.86734973e-02  2.77229385e-01 -7.51276631e-02]
 [ 7.37506561e-02  1.52045246e-02  6.08134624e-02 -6.24504518e-02]
 [ 3.18460017e-02 -5.01189195e-02  1.77544679e-01 -2.50280481e-02]
 [-7.96323642e-03  7.66869858e-02  2.27544911e-01 -1.52254716e-01]
 [-9.31898411e-02  2.24006698e-02  1.55839993e-01  7.97912981e-02]
 [-2.24220455e-02  6.29241057e-02  4.30194661e-02  6.77959397e-02]
 [-3.14249452e-02 -8.16230848e-03  2.29889022e-01  3.13747171e-02]
 [ 3.50087360e-02  2.15673521e-02  1.08429339e-01  5.36007453e-02]
 [ 7.10454471e-02 -4.18333020e-02  2.23158812e-01  1.62999053e-02]
 [ 5.40457051e-02  1.58801273e-01  2.26157699e-02 -2.94333883e-03]
 [ 4.11069468e-02 -3.10760010e-02  1.40341321e-01  1.41493207e-01]
 [ 3.42340786e-02  1.25933951e-01  2.26927560e-01 -8.27793460e-02]
 [ 2.50109397e-02  1.92841515e-04  3.44685549e-01 -1.35894921e-02]
 [ 5.42024262e-02  5.12613337e-02  1.41110385e-01  9.48660802e-02]
 [-2.45879684e-02  5.78437131e-02  3.10865361e-01  5.11861611e-02]
 [-6.02835957e-02  3.51106189e-02  2.38901498e-01  2.04985546e-01]
 [ 1.41625032e-02 -6.94673136e-03  3.17643281e-01  1.14677524e-01]
 [-1.33171678e-02  1.40329069e-01  3.18801673e-01 -1.50555559e-03]
 [-3.49107310e-02  1.83583153e-01  1.78687813e-01  1.06706047e-01]
 [ 8.38617794e-03  1.14802897e-01  1.79351008e-01  1.58603348e-01]
 [ 1.86452009e-02  4.36504148e-02  3.38435542e-01  1.29551126e-01]
 [ 7.35563692e-02  1.49844445e-01  1.80733820e-01  9.16290898e-02]
 [ 8.33397582e-02  1.44153275e-03  2.45396158e-01  2.20183948e-01]
 [ 1.45165132e-01  1.34342533e-01  2.22353429e-01  6.01994637e-02]
 [-3.73349674e-02  1.19904935e-01  2.74946369e-01  2.41357286e-01]
 [ 7.69915003e-02  8.62034317e-02  2.71851357e-01  1.95030224e-01]
 [ 4.05485574e-02  1.68414723e-01  2.05216730e-01  2.16336971e-01]
 [ 1.13544133e-01  2.11440792e-01  1.55070284e-01  1.54878560e-01]
 [ 1.41733816e-01  7.09398109e-02  3.24962208e-01  1.63844723e-01]
 [ 7.19501525e-02  5.60184792e-02  3.16154111e-01  2.73757622e-01]
 [ 2.10335100e-01  9.90567245e-02  2.31464818e-01  1.89544722e-01]
 [ 1.09150669e-01  1.26707951e-01  3.63173187e-01  1.80029305e-01]
 [ 1.68743366e-01  1.65510025e-01  1.42294843e-01  2.82278031e-01]
 [ 5.22452313e-02  1.44843636e-01  3.54311280e-01  2.85779919e-01]
 [ 1.12546815e-01  1.81254171e-01  1.98331507e-01  3.13955657e-01]
 [ 1.38522668e-01  1.09868899e-01  2.38487758e-01  3.42662407e-01]
 [ 4.88446802e-02  2.39535287e-01  3.11574087e-01  2.45386451e-01]
 [ 1.30352626e-01  1.04295421e-01  4.25498020e-01  2.34380342e-01]
 [ 1.60555927e-01  1.75012223e-01  4.59191784e-01  1.40560096e-01]
 [ 8.56021326e-02  1.57554055e-01  2.51856077e-01  4.11071919e-01]
 [ 9.65670850e-02  8.86527896e-02  4.01436640e-01  3.87543151e-01]
 [ 3.23725622e-02  1.77955545e-01  3.96147607e-01  3.62689763e-01]
 [ 7.43782111e-02  2.42590135e-01  2.31260745e-01  3.77143620e-01]
 [ 2.29048511e-01  1.29578227e-01  2.97310902e-01  3.17213360e-01]
 [ 9.40412953e-02  2.51808327e-01  3.37692564e-01  3.20374101e-01]
 [ 1.78996429e-01  2.34646320e-01  3.71691464e-01  2.57616406e-01]
 [ 2.08606791e-01  1.92638788e-01  2.73112105e-01  3.82445993e-01]
 [ 1.52366182e-01  1.44393988e-01  4.10352651e-01  3.93827196e-01]
 [ 1.63943542e-01  1.90506028e-01  2.81864004e-01  5.37905974e-01]
 [ 1.05763024e-01  2.35953778e-01  3.80329223e-01  5.16997168e-01]
 [ 2.16247439e-01  2.85400223e-01  3.51901527e-01  4.14259847e-01]
 [ 1.67852998e-01  3.00124524e-01  4.96192565e-01  3.74661449e-01]
 [ 1.89226255e-01  2.25750016e-01  4.77407802e-01  4.53462182e-01]
 [ 1.70967760e-01  2.83603394e-01  3.43088534e-01  5.09264067e-01]
 [ 1.96496900e-01  2.56194795e-01  3.97643978e-01  4.99954998e-01]
 [ 1.82905911e-01  2.50003647e-01  4.06393969e-01  5.92510384e-01]
 [ 1.75511645e-01  2.20199976e-01  4.68596715e-01  6.10440688e-01]
 [ 2.47439688e-01  3.31018180e-01  5.41642925e-01  4.02751651e-01]
 [ 1.29261408e-01  3.14406531e-01  3.82802164e-01  6.54264251e-01]
 [ 2.06789598e-01  3.90037160e-01  3.65478233e-01  5.52292164e-01]
 [ 1.39759067e-01  3.32647195e-01  5.28984895e-01  5.59714600e-01]
 [ 3.03829165e-01  3.37354656e-01  5.07532528e-01  4.57866725e-01]
 [ 2.25138806e-01  3.64227107e-01  4.81244424e-01  5.28946025e-01]
 [ 2.05918880e-01  2.81579744e-01  5.79348987e-01  6.23271452e-01]
 [ 2.93902930e-01  3.74461690e-01  4.39307163e-01  5.83091391e-01]
 [ 2.69418096e-01  3.11042298e-01  4.74614313e-01  6.46826036e-01]
 [ 3.26306105e-01  3.22718991e-01  4.16929727e-01  7.08277175e-01]
 [ 2.82041205e-01  2.60959655e-01  5.14004068e-01  7.91147746e-01]
 [ 2.00047474e-01  4.30050878e-01  5.18660372e-01  6.90037692e-01]
 [ 2.56496735e-01  4.25637485e-01  5.60582614e-01  6.34921366e-01]
 [ 2.88776305e-01  3.53639079e-01  5.89396501e-01  7.40018029e-01]
 [ 3.39957770e-01  4.12307879e-01  5.38308648e-01  7.72286240e-01]]",19,30
