GD,IGD,Hausdorff,Recall,HV_pred,HV_gt,HV_ratio,n_pf_gt,n_pareto_x,pareto_X,seed,n_train
0.013797243543050862,0.02103232382694442,0.14028155342559845,0.6091954022988506,0.40396870206325386,0.42372280465869916,0.9533796567491565,87,111,"[[-5.82422767e-01 -7.13895692e-01 -4.14816167e-01 -5.45390815e-01]
 [-6.20949037e-01 -6.65677639e-01 -4.56181478e-01 -4.49382292e-01]
 [-5.39749758e-01 -6.15274247e-01 -3.76620851e-01 -5.18106390e-01]
 [-4.94177397e-01 -6.29211653e-01 -3.77794271e-01 -5.39996311e-01]
 [-5.76723084e-01 -5.80282029e-01 -3.22103607e-01 -4.72666893e-01]
 [-4.88918256e-01 -5.45937020e-01 -4.03059760e-01 -4.27045390e-01]
 [-4.02519053e-01 -6.56673659e-01 -3.22883163e-01 -4.67271745e-01]
 [-4.69724648e-01 -5.13069218e-01 -3.47460136e-01 -4.71240718e-01]
 [-4.34807198e-01 -6.18732512e-01 -2.96030015e-01 -4.07790678e-01]
 [-3.65798676e-01 -5.73352320e-01 -3.85709986e-01 -3.96623721e-01]
 [-4.92260518e-01 -4.66272710e-01 -2.64453020e-01 -4.15951977e-01]
 [-3.34926676e-01 -5.65340232e-01 -2.21973736e-01 -5.05320968e-01]
 [-3.11565522e-01 -5.28822901e-01 -3.06084657e-01 -3.77914499e-01]
 [-4.44357183e-01 -4.02853642e-01 -2.90116109e-01 -3.54138032e-01]
 [-3.45367158e-01 -4.69100982e-01 -2.39906006e-01 -4.18217948e-01]
 [-3.79645098e-01 -3.59846544e-01 -2.88702749e-01 -3.95629024e-01]
 [-2.76963789e-01 -5.05175237e-01 -2.37913683e-01 -3.51019304e-01]
 [-4.04050454e-01 -3.84200864e-01 -2.97023982e-01 -2.40576969e-01]
 [-3.42473391e-01 -4.07895030e-01 -2.05509614e-01 -3.58448673e-01]
 [-3.06526359e-01 -3.33612006e-01 -2.71688385e-01 -3.64488060e-01]
 [-3.95617198e-01 -3.93703002e-01 -1.16840120e-01 -3.36648189e-01]
 [-3.74644123e-01 -3.67512478e-01 -1.79636054e-01 -2.66489772e-01]
 [-3.47019151e-01 -3.12928140e-01 -2.64672359e-01 -2.28297181e-01]
 [-2.83583926e-01 -2.62337558e-01 -2.45225556e-01 -3.32022637e-01]
 [-3.56268184e-01 -1.87582189e-01 -2.86292989e-01 -2.74959570e-01]
 [-3.32937287e-01 -2.77153319e-01 -1.08754409e-01 -3.79307844e-01]
 [-3.23153913e-01 -3.78689371e-01 -4.39690482e-02 -3.05460528e-01]
 [-1.77599419e-01 -3.63098638e-01 -1.51246689e-01 -3.36255549e-01]
 [-4.13258838e-01 -2.59451546e-01 -1.80227289e-01 -1.71355063e-01]
 [-3.59542260e-01 -2.42372524e-01 -1.54164242e-01 -2.19402522e-01]
 [-2.98102409e-01 -3.27955022e-01 -7.97981117e-02 -2.14721113e-01]
 [-2.33789094e-01 -3.49847680e-01 -1.28735885e-01 -1.92053679e-01]
 [-3.11312379e-01 -2.02845583e-01 -1.20701328e-01 -2.92565910e-01]
 [-2.19661796e-01 -2.24959496e-01 -1.66003922e-01 -3.01635804e-01]
 [-1.57734349e-01 -3.29804309e-01 -9.92099810e-02 -2.65216114e-01]
 [-2.68539598e-01 -2.00396463e-01 -2.41131423e-01 -9.46978591e-02]
 [-2.94840798e-01 -1.37479888e-01 -2.04299213e-01 -1.59866361e-01]
 [-1.81968493e-01 -2.37997316e-01 -1.72667759e-01 -1.64165080e-01]
 [-3.06347806e-01 -1.70591809e-01 -4.51849177e-02 -2.38722058e-01]
 [-1.63080422e-01 -2.97490695e-01 -4.71595768e-02 -2.03556953e-01]
 [-1.69969337e-01 -2.04946639e-01 -7.78540000e-02 -2.49868099e-01]
 [-3.39252219e-01 -1.52021948e-01 -6.78211562e-02 -1.13407051e-01]
 [-1.65496353e-01 -1.72625884e-01 -2.57764161e-02 -2.81465650e-01]
 [-2.05928717e-01 -1.21889167e-01 -1.00423839e-01 -1.90605089e-01]
 [-1.87591674e-01 -2.02790715e-01  1.68668702e-02 -2.19952207e-01]
 [-2.38087051e-01 -1.61295172e-01 -3.25820595e-03 -1.84335234e-01]
 [-2.60155236e-01 -1.91579100e-01  5.89271560e-02 -1.65568482e-01]
 [-1.66248905e-01 -2.77162712e-01  5.37867285e-03 -7.69196320e-02]
 [-2.88781730e-01 -5.33702280e-02 -1.05589338e-01 -7.11075757e-02]
 [-4.22475506e-02 -2.07832651e-01 -1.18755940e-02 -2.53263032e-01]
 [-1.11297702e-01 -1.88706582e-01 -2.06075031e-02 -1.55935373e-01]
 [-1.84366275e-01 -9.63338185e-02  5.48437871e-02 -2.16597326e-01]
 [-6.46251626e-02 -1.67719329e-01  6.87290542e-03 -1.89776467e-01]
 [-2.49079671e-01 -1.39020497e-01  5.33351190e-02 -3.36584877e-02]
 [-1.54583236e-01  8.76548886e-03  2.23405659e-04 -2.33645478e-01]
 [-7.70824552e-02 -1.25791337e-01 -4.95713633e-02 -9.07058399e-02]
 [-1.09364968e-01 -8.71181116e-02 -8.52099974e-02 -3.42346318e-02]
 [-1.39769023e-01 -7.96325319e-03 -4.12422828e-02 -1.25194414e-01]
 [-2.16908708e-01 -8.55767634e-02  8.11725333e-02 -9.14030708e-02]
 [-9.69198421e-02 -1.11589691e-01  9.62302554e-02 -1.85285002e-01]
 [-1.16605636e-01 -7.82948770e-02  1.54285599e-01 -2.28991840e-01]
 [-4.90578543e-02 -4.46871947e-02 -2.70371605e-02 -9.38164461e-02]
 [-8.99973195e-02 -5.05053513e-02  6.76988494e-02 -1.23989606e-01]
 [-1.28769735e-01 -3.45093161e-02  3.11891958e-02 -2.98148412e-02]
 [-3.22066993e-02 -1.55008910e-01  1.05711641e-01 -6.44825604e-02]
 [ 7.04010408e-02 -1.83804717e-01  9.74887218e-02 -1.11907644e-01]
 [-6.42066915e-02  2.35293843e-02  8.84715300e-02 -1.39832186e-01]
 [ 1.15472581e-02 -7.88935907e-02  1.06817579e-01 -1.37859412e-01]
 [-4.16491311e-02 -3.59938089e-02  2.04177383e-01 -1.65419968e-01]
 [-1.23694714e-01  8.78111664e-02  1.22317078e-01 -7.46930167e-02]
 [-3.45791262e-02  4.40527797e-02  4.85166777e-02 -1.50275137e-02]
 [ 5.15355878e-02 -1.68238711e-02  7.29727987e-02 -7.65666384e-02]
 [-7.07464535e-02 -1.74549501e-02  1.81785531e-01 -4.02247664e-02]
 [-5.38986642e-02  1.50917377e-02  2.02001560e-01 -8.65662191e-02]
 [-1.25585066e-01  5.92791662e-03  1.92590050e-01  4.85998224e-02]
 [ 2.17444394e-02  1.20509174e-01  1.11980578e-01 -1.21994242e-01]
 [ 3.18460017e-02 -5.01189195e-02  1.77544679e-01 -2.50280481e-02]
 [ 1.44963227e-01  3.07007153e-02  9.85382348e-02 -9.32766702e-02]
 [ 3.50087360e-02  2.15673521e-02  1.08429339e-01  5.36007453e-02]
 [-3.14249452e-02 -8.16230848e-03  2.29889022e-01  3.13747171e-02]
 [ 9.36156660e-02  4.48984951e-02  1.88670248e-01 -1.01762967e-01]
 [ 7.10454471e-02 -4.18333020e-02  2.23158812e-01  1.62999053e-02]
 [ 3.42340786e-02  1.25933951e-01  2.26927560e-01 -8.27793460e-02]
 [ 1.25155423e-01  5.96622713e-02  1.51916763e-01 -8.07339884e-03]
 [ 2.50109397e-02  1.92841515e-04  3.44685549e-01 -1.35894921e-02]
 [-2.45879684e-02  5.78437131e-02  3.10865361e-01  5.11861611e-02]
 [ 5.52353039e-02  2.12678934e-01  2.55335337e-01 -1.11350980e-01]
 [ 2.16712357e-01  7.22012054e-02  2.10445320e-01 -7.35908858e-02]
 [ 1.11085556e-01  2.51104161e-02  2.98556387e-01  4.86172177e-03]
 [ 1.27673540e-02  1.76496519e-01  2.74252664e-01  5.47291990e-02]
 [ 1.15470298e-01  2.70993192e-01  2.14123564e-01 -5.51424045e-02]
 [ 9.89341270e-02  1.69187635e-01  3.21870020e-01 -4.79543451e-02]
 [ 1.45165132e-01  1.34342533e-01  2.22353429e-01  6.01994637e-02]
 [ 1.82352239e-01  1.85418162e-01  2.68778265e-01 -7.95062799e-02]
 [ 1.52013404e-01  9.77947488e-02  3.65940150e-01 -4.54311818e-02]
 [ 1.39800839e-01  2.03785941e-01  2.64257619e-01  2.67526470e-02]
 [ 1.07162477e-01  3.24475892e-01  3.03139322e-01 -2.99936309e-02]
 [ 2.38241086e-01  1.22681743e-01  2.89020425e-01  3.86566669e-02]
 [ 2.26058688e-01  1.96446506e-01  3.43583927e-01 -1.80247463e-02]
 [ 1.94088312e-01  1.31051507e-01  4.34571322e-01  1.53714437e-02]
 [ 1.44090839e-01  2.69263102e-01  3.88781609e-01  9.67362504e-02]
 [ 3.06016032e-01  2.19498832e-01  3.88373276e-01 -1.27085149e-02]
 [ 2.01469107e-01  3.50886155e-01  4.40376984e-01  3.13181840e-02]
 [ 3.37839704e-01  2.73668842e-01  4.09233781e-01  4.27217167e-02]
 [ 2.33757133e-01  4.36236374e-01  4.13519634e-01  9.37434006e-02]
 [ 3.25669104e-01  4.18661723e-01  4.64045066e-01 -2.96619665e-02]
 [ 3.07760075e-01  2.94161310e-01  4.45526881e-01  1.67893553e-01]
 [ 3.80885385e-01  2.58656999e-01  4.93823905e-01  7.40349945e-02]
 [ 3.20281954e-01  3.75204384e-01  4.70051857e-01  1.47571078e-01]
 [ 2.95288919e-01  4.06627893e-01  5.15808700e-01  1.79310001e-01]
 [ 3.93812468e-01  3.80397528e-01  5.32855693e-01  8.56879838e-02]]",0,30
0.010996734009476304,0.011686666728033097,0.070528222646292,0.7931034482758621,0.4177794711905084,0.42372280465869916,0.9859735341033533,87,117,"[[-0.50686877 -0.50455638 -0.49443162 -0.4852077 ]
 [-0.48075354 -0.49914001 -0.48606828 -0.49820279]
 [-0.54267287 -0.37512012 -0.54177693 -0.46108695]
 [-0.46104444 -0.41772099 -0.57440345 -0.40401469]
 [-0.3861778  -0.36335028 -0.53000526 -0.56551604]
 [-0.42338469 -0.38663306 -0.43489472 -0.43478327]
 [-0.45640592 -0.43645363 -0.45936236 -0.30995427]
 [-0.3912055  -0.3301526  -0.46175607 -0.4402782 ]
 [-0.38927251 -0.4473675  -0.40093227 -0.37351863]
 [-0.30053259 -0.4843723  -0.41708837 -0.40463339]
 [-0.3096373  -0.317037   -0.42723853 -0.50381325]
 [-0.33907259 -0.34433879 -0.37208328 -0.48968196]
 [-0.26823899 -0.3027545  -0.45176186 -0.47042722]
 [-0.32756179 -0.31537726 -0.37739662 -0.40884638]
 [-0.35984394 -0.25293536 -0.41179165 -0.34559954]
 [-0.22633985 -0.37153402 -0.44171412 -0.35379878]
 [-0.41356047 -0.23692451 -0.37596152 -0.29513702]
 [-0.33405522 -0.43348    -0.39643477 -0.18938698]
 [-0.3477914  -0.28262861 -0.33872822 -0.3028692 ]
 [-0.27436028 -0.38710187 -0.36300238 -0.26057341]
 [-0.29174842 -0.27239664 -0.43420235 -0.2471857 ]
 [-0.23790029 -0.34190159 -0.30776812 -0.31011089]
 [-0.34701915 -0.31292814 -0.26467236 -0.22829718]
 [-0.23916508 -0.31153175 -0.35837657 -0.22110126]
 [-0.35514069 -0.15727552 -0.36030641 -0.19376724]
 [-0.21947555 -0.27872546 -0.39214087 -0.17742851]
 [-0.2455401  -0.18691871 -0.31722254 -0.26770739]
 [-0.25152277 -0.36470034 -0.34784069 -0.10311044]
 [-0.11603788 -0.33894704 -0.36788357 -0.18850607]
 [-0.30314407 -0.20896844 -0.30869583 -0.13033259]
 [-0.24617499 -0.21728043 -0.26663269 -0.20094314]
 [-0.16518722 -0.32417742 -0.28328203 -0.15768174]
 [-0.19916161 -0.37396646 -0.32142144 -0.03236446]
 [-0.12317033 -0.18203737 -0.25709565 -0.23307771]
 [-0.2685396  -0.20039646 -0.24113142 -0.09469786]
 [-0.17446539 -0.26834679 -0.20238397 -0.1325329 ]
 [-0.18196849 -0.23799732 -0.17266776 -0.16416508]
 [-0.09924897 -0.22200139 -0.22893152 -0.19571701]
 [-0.03503888 -0.20177852 -0.3238945  -0.1696353 ]
 [-0.13837331 -0.33127693 -0.22743717 -0.06736297]
 [-0.2114339  -0.19403713 -0.21482011 -0.03934323]
 [-0.19387618 -0.09250108 -0.15003452 -0.14542564]
 [-0.18732242 -0.04932007 -0.28099697 -0.04928933]
 [-0.13013946 -0.17409773 -0.14754925 -0.10482257]
 [-0.16046396 -0.10521174 -0.23689546 -0.02023699]
 [-0.03280655 -0.25331052 -0.26380712  0.01109261]
 [-0.08858943 -0.15884174 -0.20088938 -0.01088885]
 [-0.19926722 -0.11154423 -0.16000847  0.02896545]
 [-0.13165749  0.00183164 -0.19777992 -0.03730183]
 [-0.01873716 -0.23849663 -0.12321566 -0.03124598]
 [-0.04972527 -0.18275234 -0.15328995  0.00216076]
 [-0.10936497 -0.08711811 -0.08521    -0.03423463]
 [-0.14238671 -0.00665142 -0.23361078  0.09249143]
 [-0.04905785 -0.04468719 -0.02703716 -0.09381645]
 [-0.07639178 -0.02166136 -0.17732809  0.06130593]
 [ 0.03791944 -0.05140518 -0.18212425  0.01400242]
 [-0.03779098 -0.14970194 -0.09722588  0.08393052]
 [-0.04831435  0.00832328 -0.18888088  0.07746324]
 [ 0.0191582  -0.20233766 -0.03177828  0.0375927 ]
 [ 0.08791663 -0.15007979 -0.14362984  0.04946209]
 [-0.08825741 -0.05105013 -0.0731291   0.10254462]
 [-0.03625802  0.04192347 -0.06066456  0.02400604]
 [-0.07094891 -0.13207485  0.06000649  0.07333244]
 [-0.00745107 -0.06317704 -0.0059078   0.04113187]
 [ 0.00423348  0.09276974 -0.12736773  0.05943996]
 [ 0.0132882  -0.08517712 -0.0965007   0.15123488]
 [-0.07027819  0.03116522 -0.08316335  0.14919469]
 [ 0.04936924 -0.022261   -0.06742054  0.08746781]
 [-0.05122518 -0.04121271  0.01965003  0.11709306]
 [ 0.03153675 -0.16181677  0.04941533  0.12063582]
 [-0.02242205  0.06292411  0.04301947  0.06779594]
 [-0.01111952 -0.10522687  0.05056698  0.17643461]
 [ 0.09042979 -0.00853825  0.02730027  0.06979137]
 [ 0.04600141  0.05995245 -0.08863635  0.1643911 ]
 [ 0.0972255  -0.07158467  0.05876323  0.12913173]
 [-0.02559816  0.10460951 -0.02517007  0.21469668]
 [ 0.06353198  0.03424827  0.00414284  0.17840733]
 [ 0.06084614 -0.06028167  0.11011706  0.19447362]
 [ 0.12313919  0.09656821  0.03506069  0.11521937]
 [ 0.14766055 -0.05685277  0.18567432  0.11010751]
 [ 0.11216581  0.07185046 -0.0216583   0.22977137]
 [ 0.02813675  0.08584209  0.0711095   0.23992689]
 [ 0.18406442 -0.08757296  0.10015384  0.22294596]
 [ 0.15525413  0.05072115  0.0923951   0.20971872]
 [ 0.11003506 -0.00999538  0.14699789  0.26181602]
 [ 0.10097878  0.15229286  0.05114863  0.27219427]
 [ 0.06880603  0.06448609  0.07997062  0.35286526]
 [ 0.1916505   0.03722536  0.07000705  0.32248841]
 [ 0.20322234  0.00435827  0.18051448  0.2792889 ]
 [ 0.22085755  0.1552628   0.11713276  0.22869906]
 [ 0.17123962 -0.02623746  0.19935719  0.35587153]
 [ 0.16874337  0.16551002  0.14229484  0.28227803]
 [ 0.11254681  0.18125417  0.19833151  0.31395566]
 [ 0.18024654  0.13581629  0.10816421  0.36600855]
 [ 0.24544792  0.10149136  0.09420434  0.38423966]
 [ 0.23205982  0.2798787   0.09166763  0.27585474]
 [ 0.14010151  0.29259014  0.05361941  0.40055415]
 [ 0.31997217  0.12013401  0.21205438  0.27180116]
 [ 0.28656428  0.0761731   0.17389995  0.39648626]
 [ 0.23539129  0.21635607  0.21616874  0.34577349]
 [ 0.28893752  0.27062065  0.11015685  0.33084208]
 [ 0.1839639   0.15054451  0.20072138  0.50006563]
 [ 0.15154753  0.25972233  0.19689617  0.45110061]
 [ 0.25428376  0.14841602  0.21051519  0.47845418]
 [ 0.2742063   0.33294168  0.08503728  0.392106  ]
 [ 0.33753801  0.22173062  0.15185405  0.41693462]
 [ 0.26226823  0.36574818  0.16444074  0.44361764]
 [ 0.3811947   0.2382073   0.1893214   0.44775393]
 [ 0.28435029  0.2540538   0.20657173  0.53523066]
 [ 0.38930171  0.26812916  0.18572657  0.47380194]
 [ 0.34775928  0.49403242  0.12351024  0.41939036]
 [ 0.40732446  0.34393474  0.19315991  0.50731046]
 [ 0.3596287   0.46440023  0.12603121  0.49482401]
 [ 0.34374314  0.41520556  0.24503706  0.52430379]
 [ 0.42905685  0.52685136  0.17839371  0.4547136 ]
 [ 0.46659521  0.45042954  0.23110489  0.55815485]
 [ 0.55325744  0.55325897  0.22589653  0.55223996]]",1,30
0.07145910625274834,0.05084553095135815,0.1689988543979967,0.14942528735632185,0.3389754271985134,0.42372280465869916,0.7999933528967171,87,167,"[[-6.81286497e-01 -5.79521058e-01 -3.09868485e-01 -9.31426922e-01]
 [-5.99942649e-01 -5.64011389e-01 -3.51490000e-01 -9.62612437e-01]
 [-6.11384844e-01 -5.97550079e-01 -3.99032041e-01 -8.89101459e-01]
 [-7.14313405e-01 -5.98059857e-01 -3.34442932e-01 -8.06230767e-01]
 [-6.31552212e-01 -5.16230736e-01 -2.75966141e-01 -8.69672820e-01]
 [-5.58190286e-01 -5.52227799e-01 -2.92000139e-01 -9.01031960e-01]
 [-6.34766696e-01 -4.71566213e-01 -3.83673327e-01 -8.49791298e-01]
 [-6.53519748e-01 -5.71909428e-01 -2.41942594e-01 -8.40127537e-01]
 [-5.75288475e-01 -5.33291208e-01 -4.36779696e-01 -8.25427603e-01]
 [-6.46085942e-01 -5.81968512e-01 -4.22104580e-01 -7.36976251e-01]
 [-5.87165479e-01 -5.00484683e-01 -3.12698504e-01 -7.76349716e-01]
 [-6.26762604e-01 -6.10868765e-01 -3.27434700e-01 -6.61553998e-01]
 [-5.92019932e-01 -5.95116863e-01 -2.71399943e-01 -6.92499172e-01]
 [-5.68098571e-01 -5.55030903e-01 -2.42923014e-01 -7.22531898e-01]
 [-4.16929482e-01 -5.42844746e-01 -2.87856873e-01 -8.43178755e-01]
 [-4.84701047e-01 -5.60734384e-01 -3.12442008e-01 -6.90981504e-01]
 [-4.23842739e-01 -4.95895114e-01 -3.23988453e-01 -7.69569367e-01]
 [-3.57389987e-01 -4.79653031e-01 -2.66973371e-01 -8.63743134e-01]
 [-5.03887646e-01 -5.21062244e-01 -3.36941583e-01 -6.30865285e-01]
 [-3.61695912e-01 -5.88042805e-01 -2.90759807e-01 -7.19723733e-01]
 [-4.19510350e-01 -5.73021425e-01 -3.62419713e-01 -6.25548059e-01]
 [-3.08565320e-01 -5.12424385e-01 -4.00532711e-01 -7.38432914e-01]
 [-2.97083938e-01 -4.06117177e-01 -3.41368148e-01 -8.04100400e-01]
 [-4.04508412e-01 -4.93444799e-01 -4.44037078e-01 -5.93169713e-01]
 [-3.55854770e-01 -6.89631786e-01 -3.55375653e-01 -5.90197096e-01]
 [-3.93076589e-01 -5.10944802e-01 -3.32789674e-01 -5.66176713e-01]
 [-4.14125901e-01 -6.36670176e-01 -2.15257132e-01 -5.26297323e-01]
 [-3.33597295e-01 -4.48975727e-01 -3.47062422e-01 -6.02357982e-01]
 [-2.66325869e-01 -6.08535273e-01 -3.14983079e-01 -5.94406938e-01]
 [-3.14220499e-01 -4.78181178e-01 -4.02417909e-01 -5.61611297e-01]
 [-3.25648727e-01 -5.27179144e-01 -2.64053458e-01 -5.34863390e-01]
 [-3.34926676e-01 -5.65340232e-01 -2.21973736e-01 -5.05320968e-01]
 [-2.13659529e-01 -5.98292576e-01 -3.58978370e-01 -5.39176350e-01]
 [-2.58162992e-01 -4.36734399e-01 -2.96427725e-01 -5.42783916e-01]
 [-1.89597299e-01 -4.26461646e-01 -2.52534239e-01 -5.97161859e-01]
 [-2.33356399e-01 -5.77371659e-01 -2.43491072e-01 -4.81002999e-01]
 [-2.39704646e-01 -5.21510391e-01 -2.70006830e-01 -4.47562855e-01]
 [-2.29921261e-01 -6.38732448e-01 -3.34136063e-01 -3.66142396e-01]
 [-1.16455844e-01 -6.11389432e-01 -2.52138495e-01 -4.77668988e-01]
 [-1.67822955e-01 -4.80320219e-01 -2.11650871e-01 -4.73574599e-01]
 [-2.76963789e-01 -5.05175237e-01 -2.37913683e-01 -3.51019304e-01]
 [-1.64750161e-01 -5.96625663e-01 -3.36495409e-01 -3.84105304e-01]
 [-2.50113452e-01 -5.90274781e-01 -2.79993868e-01 -3.14149810e-01]
 [-1.75009202e-01 -5.58401164e-01 -1.77472387e-01 -4.21459213e-01]
 [-2.40328338e-01 -4.05449266e-01 -1.44858994e-01 -4.14000295e-01]
 [-3.13623704e-01 -5.16246580e-01 -2.29174070e-01 -2.45649299e-01]
 [-1.41891275e-01 -3.54611535e-01 -3.28191938e-01 -4.35420064e-01]
 [-1.48082521e-01 -5.34190828e-01 -3.74308458e-01 -3.22382435e-01]
 [-1.96342768e-01 -4.67640556e-01 -1.75343003e-01 -3.48281043e-01]
 [-2.04964869e-01 -5.14441401e-01 -2.17335925e-01 -2.96632599e-01]
 [-1.69131344e-01 -6.59930030e-01 -2.42066298e-01 -2.68741168e-01]
 [-1.73624245e-01 -6.52228262e-01 -3.27228488e-01 -2.28595493e-01]
 [-7.88378362e-02 -4.72624725e-01 -3.21198277e-01 -3.44779177e-01]
 [-1.28888883e-01 -5.01384541e-01 -3.75234891e-01 -2.79148359e-01]
 [-2.09571337e-01 -6.09195339e-01 -1.36049666e-01 -2.34518521e-01]
 [-1.48905439e-01 -5.86268056e-01 -1.06523538e-01 -3.07712426e-01]
 [-7.06425756e-02 -5.50671337e-01 -2.87019257e-01 -2.91437022e-01]
 [-1.39948530e-01 -4.87390401e-01 -2.67863812e-01 -2.51453927e-01]
 [-7.73204546e-02 -5.81033487e-01 -3.59579872e-01 -2.39790391e-01]
 [-8.18762537e-02 -6.04368122e-01 -1.96050445e-01 -2.62388485e-01]
 [-7.34673329e-02 -4.32418490e-01 -1.61869554e-01 -3.20114803e-01]
 [-1.44244721e-01 -4.48438454e-01 -1.66740928e-01 -2.42527708e-01]
 [-1.41454229e-01 -5.64558826e-01 -2.91593133e-01 -1.46467049e-01]
 [-1.36080626e-01 -5.26519310e-01 -1.95062421e-01 -1.75028136e-01]
 [-2.24395301e-02 -4.51404307e-01 -2.27721376e-01 -2.54711637e-01]
 [-8.56983177e-02 -3.77864402e-01 -2.78525949e-01 -1.86432378e-01]
 [-1.02386372e-01 -4.40543642e-01 -3.07544950e-01 -1.22697257e-01]
 [-7.29125682e-02 -6.44344656e-01 -2.18047353e-01 -1.09289533e-01]
 [-4.49019093e-02 -6.01555996e-01 -2.76381142e-01 -1.15085259e-01]
 [-1.70972720e-02 -4.21042217e-01 -1.84517359e-01 -2.14076212e-01]
 [-9.20738466e-03 -6.24210885e-01 -2.05025868e-01 -1.40951023e-01]
 [-5.32040112e-02 -5.61287384e-01 -2.40397377e-01 -8.11502729e-02]
 [-6.34357445e-02 -5.40703738e-01 -9.61132422e-02 -1.29447775e-01]
 [-5.18441126e-02 -4.29606810e-01 -3.65249563e-01 -6.12614956e-02]
 [ 9.52161252e-02 -5.91540474e-01 -2.16895884e-01 -1.57002144e-01]
 [ 2.21341848e-04 -4.70276672e-01 -3.01783226e-01 -7.53937513e-02]
 [ 6.16939608e-02 -4.06627787e-01 -2.68426400e-01 -1.39131496e-01]
 [ 2.70838533e-02 -4.30345073e-01 -2.11119590e-01 -1.05430165e-01]
 [ 6.74714297e-02 -5.67823904e-01 -2.70416517e-01 -6.76601753e-02]
 [ 9.23724715e-02 -5.27648760e-01 -2.43900353e-01 -9.72035397e-02]
 [-3.80856730e-03 -5.81730366e-01 -2.30017342e-01  2.44984217e-02]
 [ 8.02125186e-02 -4.82618306e-01 -1.05188202e-01 -1.24196552e-01]
 [-2.38332190e-02 -5.10304604e-01 -2.56472481e-01  6.23473395e-02]
 [ 1.62691029e-01 -4.03601155e-01 -2.28254087e-01 -1.36560431e-01]
 [ 1.94466265e-01 -5.32613322e-01 -2.52579411e-01 -9.97593533e-02]
 [ 6.88275211e-02 -4.49567428e-01 -1.45268692e-01 -3.99586968e-02]
 [ 1.49958842e-01 -4.65555714e-01 -2.01551553e-01 -7.09000714e-02]
 [ 1.09902428e-01 -5.39064890e-01 -2.59075189e-01  1.49217639e-02]
 [ 4.50693145e-02 -4.58859947e-01 -1.92919426e-01  3.31838317e-02]
 [ 1.04536466e-01 -6.10584104e-01 -2.23030377e-01  4.05511968e-02]
 [ 5.72822671e-02 -3.45056240e-01 -1.85226979e-01 -1.96322277e-02]
 [ 1.26352621e-01 -5.12383232e-01 -1.59560516e-01 -3.88232805e-03]
 [ 8.10095910e-02 -3.67990179e-01 -2.31330391e-01  2.83600017e-02]
 [ 5.35087269e-02 -5.05660806e-01 -1.64600257e-01  1.04100419e-01]
 [ 2.27777639e-01 -5.20668842e-01 -2.36504307e-01  1.06569137e-02]
 [ 1.76757526e-01 -5.95570354e-01 -1.86282223e-01  7.22300000e-02]
 [ 5.71256466e-02 -4.91910828e-01 -5.76002467e-02  1.15468957e-01]
 [ 1.98489727e-01 -3.18332627e-01 -2.72968076e-01  2.40646042e-02]
 [ 1.13188757e-01 -4.07380672e-01 -1.34163864e-01  9.65804663e-02]
 [ 1.36632344e-01 -5.31425659e-01 -1.49506385e-01  1.35478275e-01]
 [ 1.49756806e-01 -3.22615504e-01 -7.14880936e-02  4.17366289e-02]
 [ 2.36155774e-01 -4.42621797e-01 -1.55450763e-01  6.40033595e-02]
 [ 2.01921051e-01 -3.79690530e-01 -1.80628000e-01  1.27709875e-01]
 [ 2.57659165e-01 -5.06226772e-01 -2.71290306e-01  1.63901648e-01]
 [ 2.00843448e-01 -5.13570284e-01 -3.05541191e-01  2.33780792e-01]
 [ 1.07309699e-01 -3.05791248e-01 -1.98460229e-01  2.17064379e-01]
 [ 1.18877824e-01 -2.76646828e-01 -5.10789771e-02  1.34283306e-01]
 [ 3.19818268e-01 -3.47376814e-01 -1.51679559e-01  5.25336266e-02]
 [ 1.04099410e-01 -3.36151270e-01 -1.55170396e-01  2.51601996e-01]
 [ 3.37383870e-01 -4.95847918e-01 -2.11954279e-01  1.34187736e-01]
 [ 1.91988934e-01 -3.11205631e-01 -5.71739301e-03  1.03157250e-01]
 [ 1.73915613e-01 -2.90773682e-01 -1.42196642e-01  1.85756540e-01]
 [ 2.66494004e-01 -4.19069540e-01 -1.04077425e-01  1.53991720e-01]
 [ 2.54616948e-01 -3.89925150e-01 -1.46379022e-01  1.97721699e-01]
 [ 2.34220641e-01 -3.41032339e-01 -2.16266932e-01  2.47230444e-01]
 [ 2.53669247e-01 -4.82734073e-01 -1.87720140e-01  2.71066269e-01]
 [ 2.73681754e-01 -4.29128692e-01 -2.94008851e-01  3.00123259e-01]
 [ 2.16699459e-01 -4.45056433e-01 -1.79309137e-02  2.60635445e-01]
 [ 1.77175498e-01 -3.21143353e-01 -1.91673929e-01  3.45531905e-01]
 [ 3.93397760e-01 -4.46496299e-01 -1.21946244e-01  1.86400961e-01]
 [ 3.22606007e-01 -4.30476338e-01 -1.12916861e-01  2.51262285e-01]
 [ 2.98767576e-01 -3.64115186e-01 -1.47127286e-02  2.21067838e-01]
 [ 3.48215289e-01 -2.75758887e-01 -2.54386235e-01  2.65270557e-01]
 [ 2.40880026e-01 -4.10308765e-01 -1.98195109e-01  4.04723927e-01]
 [ 3.76910420e-01 -3.85036780e-01 -2.09432740e-01  3.03701412e-01]
 [ 2.85450989e-01 -4.12823195e-01  4.43001352e-02  2.80932128e-01]
 [ 2.84004960e-01 -3.04366529e-01 -1.61842981e-01  3.53996269e-01]
 [ 2.47030672e-01 -2.79567054e-01 -1.17065027e-01  3.64302132e-01]
 [ 3.41799637e-01 -4.01026974e-01 -1.37540316e-01  3.34523816e-01]
 [ 3.03267263e-01 -2.71254579e-01 -8.86728615e-02  3.10281519e-01]
 [ 2.79070018e-01 -3.65573497e-01 -1.27330264e-01  4.15228007e-01]
 [ 2.89607665e-01 -3.88469514e-01 -2.40112394e-02  3.76074117e-01]
 [ 3.36547025e-01 -2.61436775e-01  4.09112871e-03  2.84531515e-01]
 [ 3.96168916e-01 -4.14241996e-01 -4.00492754e-02  3.44948038e-01]
 [ 2.59388031e-01 -3.32218163e-01 -1.22154135e-01  4.98985412e-01]
 [ 3.47382234e-01 -1.25275310e-01 -1.03338378e-01  3.29136543e-01]
 [ 3.21255166e-01 -2.22484816e-01 -1.73333567e-01  4.42882003e-01]
 [ 2.99541108e-01 -2.18562130e-01  1.65558923e-02  3.87340924e-01]
 [ 3.32383666e-01 -2.82012833e-01 -4.88093235e-02  4.35459197e-01]
 [ 3.90233085e-01 -2.44305585e-01  3.25958207e-02  3.55959008e-01]
 [ 4.78026491e-01 -2.55012615e-01 -4.26674262e-04  3.41593172e-01]
 [ 2.87237978e-01 -2.87662055e-01 -6.77997246e-03  5.27977865e-01]
 [ 4.59386637e-01 -3.17204405e-01 -3.87847181e-02  4.04811407e-01]
 [ 3.51110416e-01 -3.22529452e-01  3.50666158e-02  4.68812028e-01]
 [ 3.26570222e-01 -1.12075021e-01  5.62494379e-02  4.22193760e-01]
 [ 3.20517769e-01 -3.05561898e-01  8.59839581e-02  5.02198938e-01]
 [ 4.22424177e-01 -1.83441220e-01  6.56216219e-03  4.21680402e-01]
 [ 3.78276493e-01 -2.04448016e-01 -2.01860927e-02  4.86533081e-01]
 [ 3.58869581e-01 -1.67212600e-01  8.99464507e-02  4.52865917e-01]
 [ 4.74351585e-01 -2.95241997e-01  5.23862336e-02  4.40916643e-01]
 [ 4.10235036e-01 -3.14964807e-01 -1.63475331e-02  5.62293520e-01]
 [ 4.99543710e-01 -1.21428870e-01 -6.03289232e-02  4.51924035e-01]
 [ 3.62374019e-01 -1.74907813e-01 -5.26650529e-02  6.09456554e-01]
 [ 4.47268937e-01 -3.40774361e-01  7.64162783e-02  5.32408087e-01]
 [ 4.40376796e-01 -1.85116213e-01  4.85324450e-02  5.14174491e-01]
 [ 4.24917363e-01  8.29517841e-03  8.90266337e-02  4.71344303e-01]
 [ 4.05469013e-01 -1.96747260e-01  1.22423504e-01  5.75793477e-01]
 [ 4.35671473e-01 -1.61211770e-02  2.42883191e-02  5.49268078e-01]
 [ 5.10473086e-01 -1.94242200e-01  2.06871253e-01  4.98555481e-01]
 [ 5.15928866e-01 -7.79624917e-02  4.95837983e-02  5.51748093e-01]
 [ 5.36154846e-01 -1.76053816e-01  1.64255675e-01  5.28157813e-01]
 [ 4.38844169e-01  1.38304438e-02  1.05604324e-01  5.66311508e-01]
 [ 4.59639091e-01 -1.56154690e-01  2.01924698e-01  5.87174620e-01]
 [ 4.16477835e-01 -4.97208945e-02  2.26227490e-01  5.99322721e-01]
 [ 3.94017706e-01  1.50624476e-03  2.99390189e-01  6.11321680e-01]
 [ 5.30853081e-01 -5.12739811e-02  2.81830529e-01  5.68340695e-01]
 [ 5.08163685e-01  1.61436917e-01  3.77437558e-01  5.93111003e-01]]",2,30
0.05379505817544102,0.05248670418786525,0.2036841709607365,0.27586206896551724,0.3544043642002823,0.42372280465869916,0.8364061605910309,87,160,"[[-9.11411669e-01 -1.27384910e-01 -3.27677127e-01 -6.47030326e-01]
 [-8.18038395e-01 -2.06435341e-01 -2.99746381e-01 -5.52442789e-01]
 [-8.60926416e-01 -2.43162189e-01 -1.60389077e-01 -4.85482626e-01]
 [-8.41957152e-01 -1.35130361e-01 -2.18603697e-01 -5.18991137e-01]
 [-7.73143386e-01 -2.15578113e-01 -1.05714483e-01 -5.07487930e-01]
 [-8.04742159e-01 -1.70290425e-01 -2.30895262e-02 -4.74589715e-01]
 [-7.44638482e-01 -3.16991385e-01 -6.76431842e-02 -3.77835773e-01]
 [-7.61578731e-01 -1.92269523e-01  5.58217056e-03 -4.29701302e-01]
 [-6.63344935e-01 -2.97296109e-01 -9.44009796e-03 -4.39424237e-01]
 [-7.53088828e-01 -2.86737975e-01  1.19404700e-01 -3.98131518e-01]
 [-6.89107437e-01 -2.02542737e-01  3.96947730e-02 -4.85055689e-01]
 [-6.45107204e-01 -3.38793604e-01  2.70737521e-02 -4.02348220e-01]
 [-7.00587451e-01 -2.22742809e-01 -2.87431795e-02 -3.57449755e-01]
 [-6.67481635e-01 -2.76487473e-01  5.89668602e-02 -3.43068415e-01]
 [-6.59617230e-01 -2.44519811e-01  6.59928899e-02 -3.60233374e-01]
 [-6.52725330e-01 -1.83167865e-01  9.79436059e-02 -4.25466480e-01]
 [-5.93924444e-01 -2.90612536e-01  1.50101602e-01 -3.52516977e-01]
 [-6.13724612e-01 -2.61712261e-01  1.00353604e-01 -3.11758908e-01]
 [-5.28317237e-01 -3.79498936e-01  1.72703873e-01 -3.32071828e-01]
 [-5.60473872e-01 -3.41191571e-01  2.08354339e-01 -2.92866617e-01]
 [-5.68625553e-01 -3.92047990e-01  1.65933479e-01 -1.96229056e-01]
 [-4.83708717e-01 -4.21124194e-01  2.09162505e-01 -2.67194871e-01]
 [-6.00914652e-01 -3.20858181e-01  1.99622758e-01 -1.78832503e-01]
 [-4.93800914e-01 -2.09285522e-01  2.30009895e-01 -3.77518615e-01]
 [-5.45710776e-01 -2.79358227e-01  1.24939559e-01 -1.59940213e-01]
 [-3.66110325e-01 -3.92645719e-01  2.94233752e-01 -2.69735515e-01]
 [-3.82820219e-01 -3.38907013e-01  2.67985646e-01 -2.61394391e-01]
 [-3.94057712e-01 -2.52159676e-01  2.49281986e-01 -2.94353947e-01]
 [-4.55783647e-01 -3.27042250e-01  2.61085209e-01 -1.47766583e-01]
 [-3.16914899e-01 -2.37957234e-01  2.12964972e-01 -3.46403608e-01]
 [-4.39254148e-01 -2.40862170e-01  1.49912201e-01 -1.54532179e-01]
 [-2.59975744e-01 -3.11632924e-01  2.54054667e-01 -2.89814431e-01]
 [-3.23288847e-01 -3.63093376e-01  2.34606817e-01 -1.43547487e-01]
 [-2.62987226e-01 -3.41819489e-01  3.30059955e-01 -2.41336688e-01]
 [-3.28666264e-01 -2.91942272e-01  2.78403634e-01 -1.76025314e-01]
 [-2.24736258e-01 -3.87187729e-01  2.74819514e-01 -1.87982591e-01]
 [-2.72267779e-01 -2.57056123e-01  1.84395522e-01 -2.04960117e-01]
 [-1.53840438e-01 -3.12922077e-01  3.49467890e-01 -2.84591662e-01]
 [-2.52708079e-01 -2.17164487e-01  3.70927881e-01 -2.57237596e-01]
 [-3.16401601e-01 -1.43258356e-01  1.40436796e-01 -1.84884241e-01]
 [-1.51320605e-01 -2.82684267e-01  2.96902621e-01 -2.46635748e-01]
 [-2.07281290e-01 -2.32178794e-01  2.32615126e-01 -1.78698204e-01]
 [-5.64773940e-02 -4.02935816e-01  3.16194981e-01 -1.56305009e-01]
 [-1.62008233e-01 -3.44256492e-01  2.73314631e-01 -6.22651093e-02]
 [-2.41960436e-02 -3.17753674e-01  2.87395503e-01 -2.18635343e-01]
 [-2.02882104e-01 -1.76742835e-01  2.53035460e-01 -1.40858876e-01]
 [-1.42582731e-01 -1.87542282e-01  3.28084249e-01 -2.06185389e-01]
 [-7.94610586e-02 -2.69524200e-01  3.96311978e-01 -1.98461333e-01]
 [-6.74123559e-02 -2.98424717e-01  3.54148548e-01 -1.53316459e-01]
 [-1.14364121e-02 -2.47198155e-01  1.76332466e-01 -2.09519401e-01]
 [-7.61309024e-02 -2.04020757e-01  2.70841690e-01 -1.75120037e-01]
 [ 5.31448293e-02 -3.22416307e-01  1.33206384e-01 -1.35434251e-01]
 [ 1.85430665e-02 -3.30966596e-01  3.15027777e-01 -1.08531367e-01]
 [-1.02913609e-01 -1.95456402e-01  2.18408156e-01 -8.48358385e-02]
 [ 4.48389277e-02 -2.68660871e-01  3.48931603e-01 -1.68390764e-01]
 [-1.12197757e-01 -1.41700460e-01  2.99375324e-01 -1.09492583e-01]
 [ 1.36017764e-01 -3.59140368e-01  1.81593098e-01 -1.04052953e-01]
 [ 1.52516738e-03 -2.29157738e-01  2.03421980e-01 -9.99123044e-02]
 [ 3.62271853e-02 -2.36721924e-01  2.76108732e-01 -1.28673423e-01]
 [-4.80033383e-02 -1.22954762e-01  3.08818622e-01 -1.40267320e-01]
 [-5.14041372e-02 -1.84397679e-01  1.43831376e-01 -2.12410782e-02]
 [ 7.04010408e-02 -1.83804717e-01  9.74887218e-02 -1.11907644e-01]
 [-9.08178017e-02 -1.61463624e-01  1.89473925e-01  2.81377938e-02]
 [ 1.41395167e-01 -3.03703962e-01  3.32865121e-01 -7.45133925e-02]
 [-2.11816505e-02 -9.87880602e-02  2.41009109e-01 -1.03697337e-01]
 [ 2.54441630e-02 -1.75369363e-01  3.09954772e-01 -6.30438235e-02]
 [ 1.84251618e-01 -2.02444755e-01  2.20554614e-01 -1.31275013e-01]
 [ 2.00227788e-01 -3.14488120e-01  2.73637580e-01 -1.49619766e-02]
 [ 2.09508356e-01 -2.76571181e-01  2.39369892e-01 -4.06030323e-02]
 [ 9.01440103e-02 -1.54660536e-01  1.52966276e-01 -3.64394952e-02]
 [ 2.78287672e-01 -2.66297944e-01  2.10996799e-01 -9.48571172e-02]
 [ 1.28642103e-01 -1.39398823e-01  1.93366623e-01 -6.75069783e-02]
 [ 1.86360441e-01 -2.52630224e-01  1.60463722e-01  3.17527149e-02]
 [ 3.18460017e-02 -5.01189195e-02  1.77544679e-01 -2.50280481e-02]
 [ 5.08524235e-02 -1.32672582e-01  2.01106230e-01  4.32147216e-02]
 [ 1.22426441e-01 -6.99666757e-02  2.43288737e-01 -8.86230469e-02]
 [ 2.05126572e-02 -9.19241756e-02  1.64479574e-01  8.17255974e-02]
 [-3.14249452e-02 -8.16230848e-03  2.29889022e-01  3.13747171e-02]
 [ 2.99727693e-01 -2.86129907e-01  2.89571904e-01  1.35986339e-02]
 [ 2.49753429e-01 -1.77072750e-01  1.01788426e-01  2.73098443e-02]
 [ 7.10454471e-02 -4.18333020e-02  2.23158812e-01  1.62999053e-02]
 [ 3.50087360e-02  2.15673521e-02  1.08429339e-01  5.36007453e-02]
 [ 2.82810053e-01 -1.53074380e-01  1.82002898e-01  4.40021418e-03]
 [ 2.30372893e-01 -1.47684433e-01  1.47751298e-01  7.44040515e-02]
 [ 3.22040247e-01 -1.30109807e-01  2.29564851e-01 -1.32499132e-02]
 [ 5.42024262e-02  5.12613337e-02  1.41110385e-01  9.48660802e-02]
 [ 1.47660553e-01 -5.68527747e-02  1.85674325e-01  1.10107506e-01]
 [-3.49107310e-02  1.83583153e-01  1.78687813e-01  1.06706047e-01]
 [ 3.15731624e-01 -1.65755242e-01  2.04501793e-01  1.29707472e-01]
 [ 1.23139186e-01  9.65682138e-02  3.50606851e-02  1.15219370e-01]
 [ 2.46265944e-01  6.79023191e-03  5.24093900e-02  8.45487807e-02]
 [ 1.77451229e-01  7.85335600e-02  1.31053951e-01  6.47410043e-02]
 [ 7.35563692e-02  1.49844445e-01  1.80733820e-01  9.16290898e-02]
 [ 1.25975264e-01  1.67942280e-01  2.81056520e-02  1.03894746e-01]
 [ 1.90656995e-01  6.93634916e-02  1.80138554e-02  1.46360587e-01]
 [-2.79887747e-02  2.44194105e-01  1.41727565e-01  1.69952895e-01]
 [ 1.55254126e-01  5.07211462e-02  9.23951026e-02  2.09718717e-01]
 [-9.20705497e-06  3.05766864e-01  1.72283556e-02  2.09365753e-01]
 [ 4.05485574e-02  1.68414723e-01  2.05216730e-01  2.16336971e-01]
 [ 1.00978779e-01  1.52292861e-01  5.11486270e-02  2.72194270e-01]
 [ 1.13544133e-01  2.11440792e-01  1.55070284e-01  1.54878560e-01]
 [ 9.38622057e-02  2.45040745e-01  9.54498462e-02  1.96655087e-01]
 [ 1.02476459e-01  2.76943572e-01  2.96019036e-02  2.25538796e-01]
 [ 1.87412698e-01  2.28554521e-01  5.77365998e-02  1.65218741e-01]
 [ 1.97643917e-02  4.28322135e-01  5.38425874e-02  2.12902823e-01]
 [ 2.89391777e-01  1.45966114e-01  8.87577031e-02  1.58698918e-01]
 [ 2.20857548e-01  1.55262796e-01  1.17132762e-01  2.28699060e-01]
 [ 1.61976153e-01  4.29740932e-01 -5.02821878e-02  1.60726810e-01]
 [ 1.68743366e-01  1.65510025e-01  1.42294843e-01  2.82278031e-01]
 [ 1.22386780e-01  4.47229793e-01 -5.86020891e-02  2.76369391e-01]
 [ 1.08963130e-01  3.69683361e-01  7.37996493e-02  3.05749172e-01]
 [ 1.72242889e-01  3.53940995e-01  1.67883299e-02  3.37305637e-01]
 [ 2.32059818e-01  2.79878698e-01  9.16676335e-02  2.75854737e-01]
 [ 1.99010530e-01  4.12581796e-01  1.06934868e-01  1.82082580e-01]
 [ 1.10906109e-01  4.71219886e-01  9.55692865e-03  3.80575852e-01]
 [ 1.42042605e-01  4.25375206e-01  1.13965660e-01  2.87632894e-01]
 [ 1.81926159e-01  5.08803556e-01 -1.13550983e-02  2.96950456e-01]
 [ 2.51675619e-01  4.19917202e-01  6.30597994e-02  2.37068968e-01]
 [ 1.99901514e-01  4.44711823e-01  5.50441891e-02  3.49205745e-01]
 [ 2.37931462e-01  3.81415198e-01  3.07825617e-02  4.12942059e-01]
 [ 1.34398557e-01  5.97172221e-01  2.50977464e-02  3.57339879e-01]
 [ 2.07392229e-01  5.22911470e-01  8.33657123e-02  2.95858581e-01]
 [ 2.59824678e-01  4.76159880e-01 -3.17537524e-02  4.25364973e-01]
 [ 1.78258704e-01  5.33638485e-01  6.09581247e-02  4.20558825e-01]
 [ 1.81872062e-01  4.53180945e-01  1.68078328e-01  4.23838785e-01]
 [ 3.16995589e-01  5.08900914e-01  9.51997004e-02  2.44867394e-01]
 [ 3.59576995e-01  5.02467593e-01 -3.77893709e-02  3.67806103e-01]
 [ 3.38919515e-01  4.29750906e-01  8.75301361e-02  3.57638638e-01]
 [ 2.60227343e-01  5.61138427e-01  1.32049980e-01  2.98354812e-01]
 [ 3.16291522e-01  6.01577947e-01  5.13985641e-02  2.86481610e-01]
 [ 2.71876665e-01  4.99712879e-01  7.17284940e-02  5.11946028e-01]
 [ 2.82433495e-01  5.90821130e-01  9.33525488e-02  4.11163734e-01]
 [ 3.47759277e-01  4.94032424e-01  1.23510238e-01  4.19390360e-01]
 [ 2.49090530e-01  6.14186261e-01  1.38618497e-01  4.32123108e-01]
 [ 4.09191819e-01  5.55751637e-01  7.21281152e-02  3.81256081e-01]
 [ 3.35664496e-01  5.72677936e-01  1.99062215e-01  3.61926565e-01]
 [ 3.31344293e-01  5.89199774e-01  1.02163456e-01  5.04177658e-01]
 [ 2.84759892e-01  7.55973579e-01  1.53602347e-01  3.45459484e-01]
 [ 3.41692748e-01  7.34425507e-01  1.16190840e-01  4.00362222e-01]
 [ 4.19603126e-01  6.42871484e-01  8.56809784e-02  5.27192451e-01]
 [ 3.85628695e-01  7.51526225e-01  8.17031972e-02  4.59122472e-01]
 [ 3.96763811e-01  6.89960012e-01  2.06235055e-01  4.20226747e-01]
 [ 4.48761564e-01  6.78176507e-01  1.56012107e-01  4.81753938e-01]
 [ 4.31602282e-01  6.72016120e-01  1.64840300e-01  5.74340243e-01]
 [ 3.58350655e-01  8.14185450e-01  1.38288002e-01  5.03675090e-01]
 [ 5.03675232e-01  7.00300468e-01  1.22702848e-01  5.28650068e-01]
 [ 3.69792858e-01  8.47480025e-01  1.12230221e-01  5.82049979e-01]
 [ 4.81225614e-01  7.86800731e-01  1.52188817e-01  5.31908073e-01]
 [ 3.90704682e-01  8.83430900e-01  1.74537992e-01  5.27695004e-01]
 [ 4.22878476e-01  8.29437507e-01  2.10180426e-01  5.97364644e-01]
 [ 4.90420170e-01  9.18568077e-01  1.19901478e-01  4.79326803e-01]
 [ 5.30670399e-01  7.63730630e-01  2.47194652e-01  5.98868037e-01]
 [ 5.04798278e-01  8.35156243e-01  2.65661402e-01  5.66392180e-01]
 [ 5.65099385e-01  8.70088110e-01  1.73639107e-01  5.37241541e-01]
 [ 4.59306205e-01  9.11534522e-01  2.69035097e-01  6.18663758e-01]
 [ 5.61019463e-01  9.60897144e-01  1.49059407e-01  5.26192475e-01]
 [ 4.87072716e-01  9.35204124e-01  2.12448278e-01  6.52402401e-01]
 [ 5.10034680e-01  9.96494781e-01  2.64094235e-01  4.67055913e-01]
 [ 5.97391196e-01  9.09188932e-01  2.07328506e-01  5.87697020e-01]
 [ 6.17413940e-01  9.94377995e-01  3.06049319e-01  6.24072447e-01]]",3,30
0.08520868631508834,0.11358551431014292,0.4881851809273152,0.09195402298850575,0.30573242450006394,0.42372280465869916,0.7215387539634649,87,120,"[[-2.50826638e-01  2.21628249e-01 -9.53345232e-01 -8.19542287e-01]
 [-2.59197485e-02  1.27693610e-01 -6.77580608e-01 -7.80218035e-01]
 [ 9.57610831e-03  1.05818313e-01 -6.93895964e-01 -7.00639151e-01]
 [-1.44775975e-02  1.56898562e-01 -5.72878193e-01 -8.21498726e-01]
 [ 5.90982325e-02  1.48230424e-01 -5.90301789e-01 -7.23984903e-01]
 [ 1.71311108e-01  1.61210448e-02 -7.75579227e-01 -5.11314912e-01]
 [ 1.04589492e-01  8.72787312e-02 -6.69657545e-01 -5.75344760e-01]
 [ 7.23054297e-02  1.25631634e-01 -6.95530577e-01 -5.49593804e-01]
 [-9.43240896e-03  1.89160744e-01 -5.30751232e-01 -6.47289723e-01]
 [ 9.21170190e-02  1.58987241e-01 -5.54008704e-01 -5.98690869e-01]
 [ 2.15888884e-01  2.22971495e-02 -7.94171197e-01 -4.16843833e-01]
 [ 1.29311960e-02  1.22438796e-01 -5.99395148e-01 -4.33287088e-01]
 [ 9.39421244e-02  4.99913450e-02 -7.78015099e-01 -3.23221235e-01]
 [ 1.20802013e-01  1.03564197e-01 -7.35866306e-01 -3.55695363e-01]
 [ 1.93909189e-01  7.80382995e-02 -6.87569208e-01 -3.86814035e-01]
 [-4.91241179e-02  1.42072156e-01 -6.52278086e-01 -2.84441484e-01]
 [ 5.71619570e-02  3.79589666e-02 -7.55480811e-01 -2.08985899e-01]
 [-1.21760894e-01  1.63074927e-01 -6.22721951e-01 -2.27027074e-01]
 [-1.02506176e-01  1.29474703e-01 -6.27799852e-01 -1.87249292e-01]
 [ 6.87031914e-02  1.36549894e-01 -7.93890808e-01 -2.29434744e-01]
 [ 1.80411266e-01  6.52178042e-02 -7.69351939e-01 -2.39683205e-01]
 [ 1.59410052e-01  2.72984654e-02 -7.49000255e-01 -2.06719965e-01]
 [-1.96759086e-02  4.06191219e-02 -6.67665513e-01 -1.28230363e-01]
 [-6.86635450e-03  1.04405532e-01 -5.01077458e-01 -2.61156887e-01]
 [ 1.97872538e-02  1.29337180e-01 -6.11577690e-01 -2.11828552e-01]
 [ 8.85025356e-02  1.75745836e-01 -6.44551994e-01 -2.69367179e-01]
 [-9.15415064e-02  1.24050407e-01 -5.23595057e-01 -1.48034366e-01]
 [-5.09444438e-02  9.30846613e-02 -4.77829646e-01 -1.78800702e-01]
 [ 1.41653480e-01  1.26462612e-01 -5.48646973e-01 -2.85536217e-01]
 [ 1.01564452e-04  1.62204476e-01 -6.37902493e-01 -1.39824312e-01]
 [ 6.62789550e-02  7.31462333e-02 -6.28432462e-01 -1.09935584e-01]
 [ 5.20665850e-02  9.13504884e-02 -5.23204628e-01 -1.63109059e-01]
 [-3.26519813e-02  2.05116667e-01 -5.48111822e-01 -1.67384220e-01]
 [-1.65837675e-01  1.50989141e-01 -5.28762382e-01  1.25996396e-03]
 [ 1.27134543e-01  1.89507212e-01 -6.51834309e-01 -1.68220507e-01]
 [ 1.03199836e-02  1.35348596e-01 -6.79007187e-01  6.27686083e-03]
 [ 8.54764376e-02  1.02107074e-01 -6.22028008e-01 -3.84120326e-02]
 [ 9.64862723e-02  1.43664664e-01 -7.24610617e-01 -1.51269287e-02]
 [ 6.15698434e-02  2.26485547e-01 -6.66926270e-01 -7.45940637e-02]
 [ 1.18456192e-01  1.97389627e-01 -7.60899574e-01 -4.07582615e-02]
 [ 1.15493197e-01  3.86575740e-02 -6.54422227e-01  5.72429858e-02]
 [ 4.23189625e-02  1.92885557e-01 -5.83593789e-01 -2.70001460e-02]
 [ 6.23597633e-02  1.10392677e-01 -5.44651320e-01  4.51865811e-02]
 [ 1.65408025e-01  1.57795090e-01 -5.66244608e-01 -5.54581992e-02]
 [-3.09559032e-02  1.66182123e-01 -4.28422274e-01  6.41916785e-02]
 [ 1.01831460e-01  1.87121999e-01 -7.15315644e-01  1.31095964e-01]
 [ 6.54667579e-02  2.14873496e-01 -5.04716510e-01  1.82722043e-02]
 [ 3.30749154e-02  2.27554172e-01 -6.09262398e-01  1.43457511e-01]
 [ 7.24510625e-02  2.54553320e-01 -4.63922756e-01 -2.00517047e-02]
 [ 1.64716469e-01  1.48710424e-01 -4.72645674e-01  1.69516001e-02]
 [ 1.60077887e-01  1.37776224e-01 -6.18828882e-01  1.73375651e-01]
 [ 1.53311737e-01  2.00096250e-01 -5.92249647e-01  1.12080028e-01]
 [ 1.16573697e-01  1.33446930e-01 -4.31029996e-01  1.10516237e-01]
 [-3.18768453e-02  2.30318433e-01 -3.92015992e-01  1.27895575e-01]
 [-7.58508816e-02  1.61655165e-01 -2.26579813e-01  1.12922953e-01]
 [ 1.21212041e-01  1.54254699e-01 -5.34227615e-01  2.05053486e-01]
 [ 9.67048947e-02  1.66802742e-01 -3.18514962e-01  3.80121004e-02]
 [-1.30882964e-01  1.47465521e-01 -7.59944152e-02  6.64881077e-02]
 [-2.26632476e-01  1.34234991e-01  1.87225807e-02  8.88185482e-02]
 [-2.53416315e-01  8.89128558e-02  8.95899367e-02  1.07106373e-01]
 [-1.80727413e-01  2.09907744e-01 -1.03552060e-01  1.32175639e-01]
 [-8.78385566e-02  1.32694123e-01 -2.29022168e-02  3.55438720e-02]
 [-1.60321612e-02  2.04589503e-01 -1.61050363e-01  4.75964397e-02]
 [-3.13215949e-01  1.79648612e-01  8.30419939e-02  1.42645443e-01]
 [-2.72606183e-01  1.18545080e-01  1.60928048e-01  5.70479147e-02]
 [-1.67810105e-01  9.91623886e-02  2.89058704e-02  1.61437292e-01]
 [-5.77603951e-02  1.74700940e-01 -1.21359609e-01  1.60365710e-01]
 [ 2.56979577e-02  1.94298640e-01 -1.87712779e-01  1.25481468e-01]
 [-2.16156863e-01  1.12209087e-01  1.34615786e-01  1.12164181e-01]
 [-2.09979570e-01  1.95830705e-01  5.17156851e-02  1.50143735e-01]
 [-1.03665454e-01  2.31819721e-01  5.24996594e-03  1.18762407e-01]
 [-2.38987580e-01  3.22632106e-01  1.44200498e-01  3.37864123e-02]
 [-1.24578942e-02  2.67986756e-01 -3.55803128e-02  7.11318124e-02]
 [ 2.72646174e-03  2.03063194e-01  1.02978647e-02  7.13368617e-02]
 [-1.57755649e-01  2.18673632e-01  1.56943504e-01  7.63387084e-02]
 [-1.15769295e-01  2.95375135e-01  1.30758163e-01  1.91882811e-03]
 [-1.38420420e-01  2.16222784e-01  4.47074678e-02  2.55148416e-01]
 [-1.35519091e-01  1.84024327e-01  1.17287157e-01  2.13502103e-01]
 [ 6.82043657e-03  2.55748017e-01 -6.31811600e-02  2.42271168e-01]
 [-1.98912105e-01  2.61303660e-01  1.76215118e-01  2.20537657e-01]
 [-9.15644132e-02  3.26103050e-01  9.11050495e-02  1.45984497e-01]
 [-9.20705497e-06  3.05766864e-01  1.72283556e-02  2.09365753e-01]
 [-2.79887747e-02  2.44194105e-01  1.41727565e-01  1.69952895e-01]
 [-4.22873460e-02  3.38385915e-01  1.96333360e-01  6.53383471e-02]
 [-1.38607556e-01  2.87446940e-01  2.71203127e-01  1.28946153e-01]
 [-1.01268739e-02  3.78402153e-01  1.68487594e-01  5.95992301e-02]
 [-1.46907736e-01  3.74405509e-01  2.42795339e-01  1.58979706e-01]
 [-1.98818762e-02  2.76805572e-01  2.33228371e-01  1.26603933e-01]
 [-1.02086563e-01  4.28222192e-01  1.95061203e-01  1.84894098e-01]
 [-7.70306196e-02  2.64269631e-01  2.42066689e-01  2.78681066e-01]
 [-7.43333735e-02  4.20595299e-01  2.63000408e-01  8.67671799e-02]
 [ 3.83825973e-04  3.95454563e-01  1.95639230e-01  1.38445815e-01]
 [ 6.60424326e-02  3.67234170e-01  1.94214426e-01  1.11787137e-01]
 [ 7.22522065e-02  4.39869229e-01  1.20896963e-01  1.49521805e-01]
 [ 3.60868443e-02  3.86952916e-01  2.52579747e-01  1.01841500e-01]
 [-8.33769739e-02  3.35574731e-01  2.76158424e-01  3.08225507e-01]
 [-4.90249172e-02  4.09735585e-01  2.17335228e-01  2.82890424e-01]
 [ 1.21788338e-01  3.06636838e-01  2.19943319e-01  1.73050577e-01]
 [ 1.05925912e-01  3.64814436e-01  6.46738974e-01  5.38613256e-02]
 [ 5.85114192e-02  4.32646833e-01  6.01074614e-01  1.55624583e-01]
 [ 1.31629204e-01  4.05159883e-01  5.84063785e-01  1.24510061e-01]
 [ 9.50340871e-02  4.20813035e-01  6.23730257e-01  2.53566427e-01]
 [ 1.14292597e-01  3.87212837e-01  6.26724264e-01  3.32402783e-01]
 [ 3.18724144e-01  7.94179382e-01  6.33682521e-01  8.99878312e-01]
 [ 2.47880759e-01  8.28907730e-01  5.98060906e-01  7.12620929e-01]
 [ 2.93436769e-01  7.43429316e-01  6.52467281e-01  8.03247703e-01]
 [ 2.58533176e-01  7.76104391e-01  6.08032372e-01  5.80340793e-01]
 [ 2.78218865e-01  8.05492481e-01  6.42422402e-01  5.05383799e-01]
 [ 2.96824057e-01  6.34185497e-01  6.04212882e-01  4.05978179e-01]
 [ 3.61525582e-01  7.47623144e-01  5.37445592e-01  4.65483461e-01]
 [ 3.69877813e-01  7.78244099e-01  5.87563749e-01  4.87350071e-01]
 [ 3.93375423e-01  6.68464933e-01  5.88996939e-01  3.74615246e-01]
 [ 4.60237928e-01  7.60112170e-01  5.50792197e-01  5.49027247e-01]
 [ 4.19707125e-01  7.31877083e-01  6.22051064e-01  4.34415277e-01]
 [ 4.31267614e-01  7.02244621e-01  6.28470661e-01  4.79556382e-01]
 [ 4.49111514e-01  6.96587319e-01  6.76298471e-01  5.72631519e-01]
 [ 5.59318546e-01  7.38118732e-01  6.10576903e-01  3.68244240e-01]
 [ 4.73019864e-01  6.83525821e-01  7.02526974e-01  4.14122941e-01]
 [ 5.54983204e-01  7.21612452e-01  7.05506992e-01  5.15437154e-01]
 [ 5.72449926e-01  7.23363020e-01  7.24098843e-01  4.20417773e-01]]",4,30
0.015353007498882503,0.009514244390829448,0.053366962749218094,0.8045977011494253,0.4209686037777875,0.42372280465869916,0.9934999937420795,87,153,"[[-0.57768535 -0.74709662 -0.60807309 -0.42158519]
 [-0.54876737 -0.76082671 -0.62998155 -0.33549754]
 [-0.50593702 -0.66757958 -0.71601667 -0.43303116]
 [-0.46773165 -0.72230029 -0.59708906 -0.3539671 ]
 [-0.55016406 -0.57817052 -0.57009796 -0.39381623]
 [-0.43841677 -0.62077186 -0.53241051 -0.4597997 ]
 [-0.51199534 -0.51755076 -0.59386905 -0.32815898]
 [-0.40835382 -0.5768419  -0.57228906 -0.33449864]
 [-0.44891466 -0.60837222 -0.43299588 -0.36526147]
 [-0.38325679 -0.62698016 -0.42757711 -0.38450605]
 [-0.39691614 -0.52544462 -0.49175141 -0.3018497 ]
 [-0.36579868 -0.57335232 -0.38570999 -0.39662372]
 [-0.45640592 -0.43645363 -0.45936236 -0.30995427]
 [-0.38927251 -0.4473675  -0.40093227 -0.37351863]
 [-0.30053259 -0.4843723  -0.41708837 -0.40463339]
 [-0.45718198 -0.46870777 -0.37865738 -0.22119637]
 [-0.43798066 -0.49766905 -0.37186395 -0.17702775]
 [-0.34166282 -0.53958122 -0.33041521 -0.25262238]
 [-0.31756783 -0.49274984 -0.31185934 -0.32207032]
 [-0.41499723 -0.36228142 -0.41682324 -0.21723119]
 [-0.26236113 -0.41996943 -0.38745787 -0.34089778]
 [-0.33405522 -0.43348    -0.39643477 -0.18938698]
 [-0.40405045 -0.38420086 -0.29702398 -0.24057697]
 [-0.27436028 -0.38710187 -0.36300238 -0.26057341]
 [-0.28080165 -0.48192287 -0.28751829 -0.20821444]
 [-0.23790029 -0.34190159 -0.30776812 -0.31011089]
 [-0.34701915 -0.31292814 -0.26467236 -0.22829718]
 [-0.23916508 -0.31153175 -0.35837657 -0.22110126]
 [-0.21841631 -0.34042753 -0.42806089 -0.11610284]
 [-0.20893999 -0.47555592 -0.26120704 -0.15383823]
 [-0.25152277 -0.36470034 -0.34784069 -0.10311044]
 [-0.13301557 -0.39263593 -0.31991268 -0.2173797 ]
 [-0.20162018 -0.43727286 -0.22491755 -0.18288474]
 [-0.11603788 -0.33894704 -0.36788357 -0.18850607]
 [-0.28184799 -0.41851064 -0.25166235 -0.021951  ]
 [-0.28622535 -0.35716023 -0.17066093 -0.13681159]
 [-0.16518722 -0.32417742 -0.28328203 -0.15768174]
 [-0.23378909 -0.34984768 -0.12873589 -0.19205368]
 [-0.32012776 -0.33666736 -0.19332743 -0.01200537]
 [-0.15503931 -0.2299613  -0.36937792 -0.07577321]
 [-0.2685396  -0.20039646 -0.24113142 -0.09469786]
 [-0.11263325 -0.40051858 -0.21070866 -0.08925532]
 [-0.17446539 -0.26834679 -0.20238397 -0.1325329 ]
 [-0.13837331 -0.33127693 -0.22743717 -0.06736297]
 [-0.10676374 -0.25210851 -0.14611594 -0.22634264]
 [-0.24083903 -0.23730087 -0.29243398  0.06692269]
 [-0.01955203 -0.35748607 -0.26904447 -0.06380009]
 [-0.07203705 -0.27627497 -0.3431952  -0.00224214]
 [-0.2114339  -0.19403713 -0.21482011 -0.03934323]
 [-0.19156406 -0.25551362 -0.0893422  -0.07825589]
 [-0.08034439 -0.31626711 -0.17410131 -0.03568324]
 [-0.13013946 -0.17409773 -0.14754925 -0.10482257]
 [-0.03280655 -0.25331052 -0.26380712  0.01109261]
 [-0.17272281 -0.21797821 -0.13545308  0.0325681 ]
 [-0.08858943 -0.15884174 -0.20088938 -0.01088885]
 [-0.14170368 -0.14080319 -0.10192875 -0.05914718]
 [-0.01873716 -0.23849663 -0.12321566 -0.03124598]
 [-0.04972527 -0.18275234 -0.15328995  0.00216076]
 [-0.07708246 -0.12579134 -0.04957136 -0.09070584]
 [-0.07835766 -0.13882191 -0.24199711  0.12733879]
 [-0.10936497 -0.08711811 -0.08521    -0.03423463]
 [ 0.01485175 -0.26186153 -0.15630801  0.09187859]
 [ 0.03712196 -0.15845722 -0.05972833 -0.1059022 ]
 [-0.02888987 -0.26826966  0.0140946   0.03871517]
 [ 0.00689938 -0.12082134 -0.08658963 -0.01915829]
 [-0.03779098 -0.14970194 -0.09722588  0.08393052]
 [ 0.0191582  -0.20233766 -0.03177828  0.0375927 ]
 [-0.02504003 -0.21164052 -0.06674137  0.14720765]
 [ 0.08791663 -0.15007979 -0.14362984  0.04946209]
 [ 0.0765355  -0.18337484 -0.10585247  0.09900569]
 [-0.07094891 -0.13207485  0.06000649  0.07333244]
 [ 0.14225444 -0.16714229 -0.05349064  0.00494895]
 [-0.00745107 -0.06317704 -0.0059078   0.04113187]
 [ 0.0132882  -0.08517712 -0.0965007   0.15123488]
 [ 0.03063056 -0.22290216  0.02075614  0.18046399]
 [ 0.10869121 -0.09593418 -0.00967039  0.02593287]
 [ 0.04936924 -0.022261   -0.06742054  0.08746781]
 [ 0.075978    0.00817905 -0.0487876   0.03908288]
 [-0.01111952 -0.10522687  0.05056698  0.17643461]
 [ 0.15868465 -0.18910803  0.03597192  0.08682276]
 [ 0.170645   -0.22932584 -0.01671874  0.19371483]
 [ 0.23778138 -0.15443187 -0.09173722  0.13013509]
 [ 0.14031406 -0.04998172 -0.11388076  0.18134577]
 [ 0.09042979 -0.00853825  0.02730027  0.06979137]
 [ 0.0972255  -0.07158467  0.05876323  0.12913173]
 [ 0.21745565 -0.10611158  0.0133997   0.0977498 ]
 [ 0.06353198  0.03424827  0.00414284  0.17840733]
 [ 0.06084614 -0.06028167  0.11011706  0.19447362]
 [ 0.20550196 -0.0701654  -0.0551291   0.24480332]
 [ 0.19513882 -0.14621324  0.02562754  0.25719665]
 [ 0.28811461 -0.0133639  -0.04953716  0.11065744]
 [ 0.12313919  0.09656821  0.03506069  0.11521937]
 [ 0.16419556 -0.12086727  0.15036629  0.17534062]
 [ 0.11216581  0.07185046 -0.0216583   0.22977137]
 [ 0.14766055 -0.05685277  0.18567432  0.11010751]
 [ 0.24626594  0.00679023  0.05240939  0.08454878]
 [ 0.18406442 -0.08757296  0.10015384  0.22294596]
 [ 0.190657    0.06936349  0.01801386  0.14636059]
 [ 0.17745123  0.07853356  0.13105395  0.064741  ]
 [ 0.33504733 -0.13654954  0.04504322  0.20613681]
 [ 0.18262081 -0.05538141  0.05012295  0.30828133]
 [ 0.15525413  0.05072115  0.0923951   0.20971872]
 [ 0.2505306  -0.06764811  0.21861804  0.12054025]
 [ 0.36525452 -0.08023704  0.07383848  0.16892284]
 [ 0.29370021 -0.07009866  0.08074735  0.29687875]
 [ 0.1916505   0.03722536  0.07000705  0.32248841]
 [ 0.26390906  0.04453835  0.10423672  0.25248541]
 [ 0.31334438  0.02550206  0.13766903  0.19698669]
 [ 0.27842808  0.10831525  0.18759142  0.13541384]
 [ 0.22085755  0.1552628   0.11713276  0.22869906]
 [ 0.31212493 -0.00460325  0.24220895  0.17981958]
 [ 0.16874337  0.16551002  0.14229484  0.28227803]
 [ 0.33202856  0.08732774  0.03742952  0.31404312]
 [ 0.16766594  0.19568698  0.19180455  0.24893412]
 [ 0.40543054  0.01073054  0.20933454  0.1657945 ]
 [ 0.34878294 -0.01694083  0.21993494  0.28598201]
 [ 0.45966261  0.09022493  0.09937292  0.18468683]
 [ 0.38676161  0.07182964  0.12201398  0.28309793]
 [ 0.30865411  0.17877289  0.16169895  0.23952663]
 [ 0.31997217  0.12013401  0.21205438  0.27180116]
 [ 0.34551508  0.19131176  0.22800642  0.17807573]
 [ 0.44294681  0.03034465  0.20254881  0.30199026]
 [ 0.51595214  0.13702979  0.15015133  0.20376476]
 [ 0.3080607   0.20902019  0.23465628  0.29163975]
 [ 0.43091325  0.17394877  0.22463036  0.25956907]
 [ 0.41184657  0.13498943  0.34271726  0.23526174]
 [ 0.47314532  0.19424689  0.16691368  0.32307228]
 [ 0.4089376   0.22962936  0.26091222  0.29595041]
 [ 0.52263765  0.23172318  0.19932773  0.26490162]
 [ 0.5123884   0.1762257   0.2824307   0.29054154]
 [ 0.54466401  0.10698912  0.31710095  0.33439687]
 [ 0.49903077  0.15608576  0.3200778   0.35553962]
 [ 0.53927956  0.16868559  0.23024139  0.44927274]
 [ 0.44618852  0.31187107  0.28116182  0.37592596]
 [ 0.4359587   0.28927234  0.38639012  0.33535111]
 [ 0.58750941  0.28320091  0.26773459  0.3175693 ]
 [ 0.57952472  0.18800172  0.35728229  0.35411341]
 [ 0.56759426  0.22160191  0.39323539  0.30991833]
 [ 0.63125763  0.29796861  0.3208459   0.28637711]
 [ 0.44016072  0.3801042   0.40895341  0.35506751]
 [ 0.53643265  0.38764334  0.30787826  0.36889824]
 [ 0.60013825  0.34379707  0.30268078  0.38133471]
 [ 0.64276847  0.26900754  0.42967593  0.3618451 ]
 [ 0.49774092  0.44217379  0.37999095  0.41489663]
 [ 0.66909528  0.33058756  0.39076233  0.42362972]
 [ 0.68114787  0.36028127  0.3587156   0.47465686]
 [ 0.71811873  0.33283453  0.41326246  0.51613146]
 [ 0.63691993  0.38622867  0.48989724  0.45131075]
 [ 0.70503943  0.49954416  0.43094427  0.38792199]
 [ 0.72425634  0.41714864  0.50465009  0.48305395]
 [ 0.69638634  0.54649382  0.45731032  0.44369826]
 [ 0.65679278  0.51542126  0.5363017   0.47543722]
 [ 0.77397811  0.50204706  0.56172529  0.51480036]]",5,30
0.015564158845365727,0.009839092777502818,0.05291609570788438,0.7816091954022989,0.4187326505689303,0.42372280465869916,0.9882230693370951,87,160,"[[-5.63613428e-01 -5.84339019e-01 -6.10158991e-01 -5.48872693e-01]
 [-5.50164059e-01 -5.78170521e-01 -5.70097964e-01 -3.93816235e-01]
 [-5.06868770e-01 -5.04556380e-01 -4.94431622e-01 -4.85207705e-01]
 [-4.80753539e-01 -4.99140006e-01 -4.86068277e-01 -4.98202791e-01]
 [-4.75626914e-01 -4.78806272e-01 -6.05379535e-01 -3.42752442e-01]
 [-4.61044438e-01 -4.17720990e-01 -5.74403452e-01 -4.04014686e-01]
 [-4.88918256e-01 -5.45937020e-01 -4.03059760e-01 -4.27045390e-01]
 [-5.31146053e-01 -4.57759842e-01 -3.97751261e-01 -4.33326550e-01]
 [-4.99904256e-01 -5.56978755e-01 -5.06747479e-01 -2.71094372e-01]
 [-5.20160113e-01 -4.39377796e-01 -5.12815092e-01 -2.76776640e-01]
 [-5.32174909e-01 -3.95804452e-01 -4.22443107e-01 -3.68124189e-01]
 [-3.96916144e-01 -5.25444619e-01 -4.91751408e-01 -3.01849704e-01]
 [-4.56405915e-01 -4.36453631e-01 -4.59362360e-01 -3.09954274e-01]
 [-3.89272513e-01 -4.47367504e-01 -4.00932269e-01 -3.73518633e-01]
 [-4.86633290e-01 -3.50676531e-01 -4.25661234e-01 -3.14984290e-01]
 [-4.49996356e-01 -5.15504811e-01 -4.83148841e-01 -1.65904781e-01]
 [-4.57181981e-01 -4.68707766e-01 -3.78657380e-01 -2.21196368e-01]
 [-4.44357183e-01 -4.02853642e-01 -2.90116109e-01 -3.54138032e-01]
 [-4.37980661e-01 -4.97669054e-01 -3.71863946e-01 -1.77027751e-01]
 [-4.14997227e-01 -3.62281425e-01 -4.16823244e-01 -2.17231188e-01]
 [-3.66216648e-01 -3.45795194e-01 -4.84807510e-01 -1.85551461e-01]
 [-3.34055223e-01 -4.33480000e-01 -3.96434769e-01 -1.89386984e-01]
 [-4.04050454e-01 -3.84200864e-01 -2.97023982e-01 -2.40576969e-01]
 [-2.74360284e-01 -3.87101866e-01 -3.63002377e-01 -2.60573409e-01]
 [-3.47791402e-01 -2.82628613e-01 -3.38728217e-01 -3.02869197e-01]
 [-3.81098723e-01 -4.53459363e-01 -2.15874186e-01 -2.03705452e-01]
 [-2.91748425e-01 -2.72396643e-01 -4.34202347e-01 -2.47185702e-01]
 [-4.34251960e-01 -3.28681942e-01 -3.33635602e-01 -1.34484619e-01]
 [-3.47019151e-01 -3.12928140e-01 -2.64672359e-01 -2.28297181e-01]
 [-2.39165081e-01 -3.11531747e-01 -3.58376568e-01 -2.21101260e-01]
 [-3.56268184e-01 -1.87582189e-01 -2.86292989e-01 -2.74959570e-01]
 [-2.18416315e-01 -3.40427535e-01 -4.28060889e-01 -1.16102844e-01]
 [-2.51522768e-01 -3.64700343e-01 -3.47840691e-01 -1.03110436e-01]
 [-3.78640147e-01 -2.66978299e-01 -3.61802667e-01 -7.32199792e-02]
 [-4.26141612e-01 -1.73755903e-01 -2.91347487e-01 -1.62208589e-01]
 [-4.13258838e-01 -2.59451546e-01 -1.80227289e-01 -1.71355063e-01]
 [-3.50450467e-01 -3.76241194e-01 -1.56693459e-01 -1.12933049e-01]
 [-3.86019750e-01 -2.34490110e-01 -2.63237135e-01 -9.89627019e-02]
 [-3.03144073e-01 -2.08968444e-01 -3.08695834e-01 -1.30332585e-01]
 [-3.40142390e-01 -2.51476379e-01 -2.89912025e-01 -4.15449757e-02]
 [-3.22974883e-01 -1.18129160e-01 -2.70964481e-01 -1.81173109e-01]
 [-3.32751120e-01 -2.19726214e-01 -3.35132100e-01 -5.02997637e-03]
 [-3.20127755e-01 -3.36667357e-01 -1.93327431e-01 -1.20053664e-02]
 [-3.91392149e-01 -1.65170567e-01 -2.19387468e-01 -6.60080332e-02]
 [-2.68539598e-01 -2.00396463e-01 -2.41131423e-01 -9.46978591e-02]
 [-2.75447721e-01 -2.93244667e-01 -1.33885551e-01 -7.74695631e-02]
 [-3.09450803e-01 -2.43636824e-01 -2.56229965e-01  1.19268298e-02]
 [-2.96461340e-01 -3.13702900e-01 -1.45242149e-01  5.23086637e-03]
 [-3.57599266e-01 -9.39700846e-02 -2.18285846e-01 -8.98778364e-02]
 [-2.20764473e-01 -6.88169338e-02 -3.31372272e-01 -1.10747982e-01]
 [-2.64005488e-01 -2.63795095e-01 -1.15655651e-01 -2.40006689e-02]
 [-2.11433904e-01 -1.94037128e-01 -2.14820115e-01 -3.93432342e-02]
 [-1.91564055e-01 -2.55513621e-01 -8.93421974e-02 -7.82558862e-02]
 [-1.67358041e-01 -1.30897405e-01 -3.51185394e-01  7.41741247e-03]
 [-3.58373983e-01 -2.41060816e-01 -8.67384691e-02  6.07296452e-02]
 [-3.12691227e-01 -8.24847985e-02 -2.95945423e-01  4.76307087e-02]
 [-1.93876177e-01 -9.25010759e-02 -1.50034515e-01 -1.45425636e-01]
 [-1.30139463e-01 -1.74097726e-01 -1.47549255e-01 -1.04822570e-01]
 [-1.87322417e-01 -4.93200663e-02 -2.80996975e-01 -4.92893327e-02]
 [-2.43720239e-01 -3.05620432e-02 -1.86013492e-01 -8.55943765e-02]
 [-1.60463963e-01 -1.05211740e-01 -2.36895459e-01 -2.02369913e-02]
 [-1.72722807e-01 -2.17978207e-01 -1.35453083e-01  3.25681008e-02]
 [-2.31564898e-01 -1.67734779e-01 -1.93705998e-01  9.59721263e-02]
 [-2.67742604e-01 -8.96823127e-02 -1.11070825e-01  2.80569866e-03]
 [-1.41703676e-01 -1.40803188e-01 -1.01928752e-01 -5.91471847e-02]
 [-1.99267216e-01 -1.11544233e-01 -1.60008471e-01  2.89654508e-02]
 [-2.56296609e-01 -1.18887775e-01 -1.39448773e-01  8.31029490e-02]
 [-2.43434355e-01 -1.34440230e-01 -5.58394361e-02  5.22500817e-02]
 [-2.32209438e-01 -5.97066674e-02 -6.35279194e-02 -3.71972099e-04]
 [-1.09364968e-01 -8.71181116e-02 -8.52099974e-02 -3.42346318e-02]
 [-2.32960315e-01  2.38194708e-02 -1.52142204e-01  4.60297521e-02]
 [-1.42386707e-01 -6.65141828e-03 -2.33610775e-01  9.24914274e-02]
 [-1.70758840e-01 -6.95671588e-02 -1.96225621e-01  1.54275578e-01]
 [-1.51920456e-01 -1.84259554e-01 -8.01845472e-02  1.77560804e-01]
 [-2.25843461e-01 -1.72252990e-02 -1.20569484e-01  1.33922236e-01]
 [-7.63917770e-02 -2.16613617e-02 -1.77328093e-01  6.13059271e-02]
 [-1.77983504e-01 -7.63145946e-02  2.27020867e-03  8.25533234e-02]
 [-9.90851410e-02 -1.14949254e-01 -1.06669150e-01  1.66309543e-01]
 [-1.82139941e-01 -9.89552382e-02 -5.42925913e-02  1.97501734e-01]
 [-8.82574115e-02 -5.10501303e-02 -7.31290989e-02  1.02544619e-01]
 [-7.09489100e-02 -1.32074852e-01  6.00064918e-02  7.33324382e-02]
 [-1.63168963e-01  7.71303084e-02 -3.93787194e-02  5.85744306e-02]
 [-7.45107234e-03 -6.31770436e-02 -5.90780005e-03  4.11318652e-02]
 [-3.62580214e-02  4.19234708e-02 -6.06645569e-02  2.40060408e-02]
 [ 1.32882018e-02 -8.51771198e-02 -9.65006985e-02  1.51234880e-01]
 [-1.88290101e-01 -8.71936474e-02  1.46553628e-01  1.28036980e-01]
 [-1.22973356e-01 -1.21752569e-01  1.63600625e-01  9.69228372e-02]
 [-1.85521921e-01 -4.20325249e-03 -9.59689412e-02  2.71332007e-01]
 [-7.02781882e-02  3.11652236e-02 -8.31633471e-02  1.49194693e-01]
 [-5.12251798e-02 -4.12127133e-02  1.96500309e-02  1.17093062e-01]
 [-1.45266963e-01  3.56213842e-02  5.68903666e-02  9.96233393e-02]
 [-2.40322338e-01  1.70815717e-02  7.95571078e-02  2.24917850e-01]
 [-2.06958955e-01 -2.56044436e-02  5.92988636e-02  2.60979716e-01]
 [-1.11195184e-02 -1.05226871e-01  5.05669788e-02  1.76434606e-01]
 [-1.67810105e-01  9.91623886e-02  2.89058704e-02  1.61437292e-01]
 [-2.24220455e-02  6.29241057e-02  4.30194661e-02  6.77959397e-02]
 [-2.86177117e-02  9.79470462e-03 -7.43254758e-02  2.54137419e-01]
 [-1.12646328e-01  1.99672263e-02  1.84574686e-02  2.76225373e-01]
 [-8.46082624e-02 -3.04853935e-02  1.24180786e-01  2.41898688e-01]
 [-1.13411400e-01  1.14666328e-01  6.95623048e-02  1.92623984e-01]
 [-2.55981572e-02  1.04609510e-01 -2.51700692e-02  2.14696679e-01]
 [-3.05000842e-02 -7.19320606e-02  1.99893726e-01  2.22094681e-01]
 [-9.42215621e-02  8.49725958e-02  1.79979132e-01  1.43526897e-01]
 [-1.80620128e-01  3.80690806e-02  1.78907167e-01  2.94363815e-01]
 [ 5.42024262e-02  5.12613337e-02  1.41110385e-01  9.48660802e-02]
 [-2.36853492e-02 -3.97408046e-02  1.49830407e-01  3.09116870e-01]
 [ 2.70555019e-02  5.37095591e-02  2.83707753e-02  2.91300036e-01]
 [ 2.81367470e-02  8.58420935e-02  7.11095035e-02  2.39926893e-01]
 [ 8.38617794e-03  1.14802897e-01  1.79351008e-01  1.58603348e-01]
 [-4.55051884e-02  9.42585208e-02  9.18289535e-02  3.37668883e-01]
 [ 1.10035058e-01 -9.99537669e-03  1.46997886e-01  2.61816017e-01]
 [-1.51787437e-02  1.81149520e-01  5.81511110e-02  2.87270632e-01]
 [ 6.88060280e-02  6.44860882e-02  7.99706206e-02  3.52865258e-01]
 [ 1.00978779e-01  1.52292861e-01  5.11486270e-02  2.72194270e-01]
 [ 1.55561529e-02  2.01100539e-02  2.21168978e-01  3.72608203e-01]
 [ 4.05485574e-02  1.68414723e-01  2.05216730e-01  2.16336971e-01]
 [-2.71703005e-02  1.51456295e-01  1.92370703e-01  3.61258656e-01]
 [ 7.19501525e-02  5.60184792e-02  3.16154111e-01  2.73757622e-01]
 [ 4.24599461e-02  1.20575838e-02  2.89596491e-01  3.98439873e-01]
 [ 4.78335377e-02  8.33912939e-02  1.93004267e-01  4.36284916e-01]
 [ 1.68743366e-01  1.65510025e-01  1.42294843e-01  2.82278031e-01]
 [ 1.80246538e-01  1.35816285e-01  1.08164208e-01  3.66008546e-01]
 [ 1.12546815e-01  1.81254171e-01  1.98331507e-01  3.13955657e-01]
 [ 1.38522668e-01  1.09868899e-01  2.38487758e-01  3.42662407e-01]
 [ 8.56021326e-02  1.57554055e-01  2.51856077e-01  4.11071919e-01]
 [ 7.43782111e-02  2.42590135e-01  2.31260745e-01  3.77143620e-01]
 [ 9.65670850e-02  8.86527896e-02  4.01436640e-01  3.87543151e-01]
 [ 2.29048511e-01  1.29578227e-01  2.97310902e-01  3.17213360e-01]
 [ 1.65342567e-01  1.01860302e-01  3.11308978e-01  4.33042450e-01]
 [ 1.15951428e-01  1.17858252e-01  3.48041780e-01  4.63987639e-01]
 [ 2.08606791e-01  1.92638788e-01  2.73112105e-01  3.82445993e-01]
 [ 1.52366182e-01  1.44393988e-01  4.10352651e-01  3.93827196e-01]
 [ 1.84654417e-01  7.24107064e-02  4.39151339e-01  4.81113272e-01]
 [ 1.63943542e-01  1.90506028e-01  2.81864004e-01  5.37905974e-01]
 [ 1.05763024e-01  2.35953778e-01  3.80329223e-01  5.16997168e-01]
 [ 2.81140067e-01  2.01927356e-01  3.07343857e-01  4.52323945e-01]
 [ 2.16247439e-01  2.85400223e-01  3.51901527e-01  4.14259847e-01]
 [ 1.70967760e-01  2.83603394e-01  3.43088534e-01  5.09264067e-01]
 [ 2.97239732e-01  1.83983166e-01  3.13831152e-01  5.44426691e-01]
 [ 1.96496900e-01  2.56194795e-01  3.97643978e-01  4.99954998e-01]
 [ 2.53205560e-01  2.63500160e-01  4.31873584e-01  4.28977400e-01]
 [ 1.82905911e-01  2.50003647e-01  4.06393969e-01  5.92510384e-01]
 [ 2.85179600e-01  1.54350461e-01  4.35714010e-01  6.19849190e-01]
 [ 1.75511645e-01  2.20199976e-01  4.68596715e-01  6.10440688e-01]
 [ 2.65932808e-01  1.97935335e-01  5.03541388e-01  5.24564367e-01]
 [ 2.76430765e-01  2.18739297e-01  4.00341623e-01  6.81601634e-01]
 [ 3.49044895e-01  2.90946906e-01  3.61573990e-01  5.64260170e-01]
 [ 2.25138806e-01  3.64227107e-01  4.81244424e-01  5.28946025e-01]
 [ 3.68924996e-01  2.29465656e-01  4.87080503e-01  5.56299971e-01]
 [ 2.69418096e-01  3.11042298e-01  4.74614313e-01  6.46826036e-01]
 [ 2.93902930e-01  3.74461690e-01  4.39307163e-01  5.83091391e-01]
 [ 2.74056619e-01  2.92798534e-01  6.21407365e-01  5.53265350e-01]
 [ 4.20661731e-01  2.76749153e-01  4.60531246e-01  6.15699966e-01]
 [ 3.69589323e-01  2.80118395e-01  5.22843042e-01  6.78559383e-01]
 [ 3.58584840e-01  3.94091906e-01  4.52561373e-01  6.66660402e-01]
 [ 3.48086465e-01  3.81707823e-01  5.83249131e-01  5.10237334e-01]
 [ 4.44664882e-01  3.07810385e-01  5.38028255e-01  5.84945092e-01]
 [ 4.33123350e-01  3.96727296e-01  5.15249576e-01  6.03558755e-01]
 [ 3.59532423e-01  4.10852239e-01  6.66291814e-01  5.91538073e-01]
 [ 4.50236797e-01  3.76295283e-01  6.52209004e-01  6.85179560e-01]]",6,30
0.013066271411454033,0.008324296540993498,0.04036055205584814,0.896551724137931,0.4258921864016245,0.42372280465869916,1.0051198135150352,87,159,"[[-0.50686877 -0.50455638 -0.49443162 -0.4852077 ]
 [-0.48075354 -0.49914001 -0.48606828 -0.49820279]
 [-0.38418851 -0.54414559 -0.64322649 -0.43950356]
 [-0.46104444 -0.41772099 -0.57440345 -0.40401469]
 [-0.31520561 -0.53099581 -0.55418402 -0.48996876]
 [-0.33804741 -0.45279621 -0.58836495 -0.43637805]
 [-0.35790907 -0.40139886 -0.47653147 -0.46609204]
 [-0.38927251 -0.4473675  -0.40093227 -0.37351863]
 [-0.3912055  -0.3301526  -0.46175607 -0.4402782 ]
 [-0.30053259 -0.4843723  -0.41708837 -0.40463339]
 [-0.23681976 -0.48550757 -0.52768185 -0.36546125]
 [-0.33907259 -0.34433879 -0.37208328 -0.48968196]
 [-0.3096373  -0.317037   -0.42723853 -0.50381325]
 [-0.28896837 -0.45077258 -0.33245115 -0.44689836]
 [-0.32756179 -0.31537726 -0.37739662 -0.40884638]
 [-0.26236113 -0.41996943 -0.38745787 -0.34089778]
 [-0.22633985 -0.37153402 -0.44171412 -0.35379878]
 [-0.27436028 -0.38710187 -0.36300238 -0.26057341]
 [-0.1941769  -0.41165696 -0.40803211 -0.27113963]
 [-0.23790029 -0.34190159 -0.30776812 -0.31011089]
 [-0.23916508 -0.31153175 -0.35837657 -0.22110126]
 [-0.18165881 -0.25831768 -0.38353872 -0.29036412]
 [-0.21947555 -0.27872546 -0.39214087 -0.17742851]
 [-0.13301557 -0.39263593 -0.31991268 -0.2173797 ]
 [-0.11603788 -0.33894704 -0.36788357 -0.18850607]
 [-0.11099697 -0.30669285 -0.29435606 -0.28016019]
 [-0.24617499 -0.21728043 -0.26663269 -0.20094314]
 [-0.16518722 -0.32417742 -0.28328203 -0.15768174]
 [-0.08569832 -0.3778644  -0.27852595 -0.18643238]
 [-0.15503931 -0.2299613  -0.36937792 -0.07577321]
 [-0.2685396  -0.20039646 -0.24113142 -0.09469786]
 [-0.12317033 -0.18203737 -0.25709565 -0.23307771]
 [-0.17446539 -0.26834679 -0.20238397 -0.1325329 ]
 [-0.18196849 -0.23799732 -0.17266776 -0.16416508]
 [-0.09924897 -0.22200139 -0.22893152 -0.19571701]
 [-0.10676374 -0.25210851 -0.14611594 -0.22634264]
 [-0.16308042 -0.2974907  -0.04715958 -0.20355695]
 [-0.09653504 -0.12724703 -0.18719797 -0.2730098 ]
 [-0.11820594 -0.28149657 -0.10440181 -0.17188195]
 [-0.01515452 -0.30388072 -0.24869332 -0.10115495]
 [-0.19156406 -0.25551362 -0.0893422  -0.07825589]
 [-0.19387618 -0.09250108 -0.15003452 -0.14542564]
 [-0.08034439 -0.31626711 -0.17410131 -0.03568324]
 [-0.13013946 -0.17409773 -0.14754925 -0.10482257]
 [-0.16046396 -0.10521174 -0.23689546 -0.02023699]
 [-0.05505711 -0.14808396 -0.16261264 -0.1361886 ]
 [-0.08858943 -0.15884174 -0.20088938 -0.01088885]
 [-0.14170368 -0.14080319 -0.10192875 -0.05914718]
 [ 0.01748284 -0.25273622 -0.09864795 -0.12555528]
 [-0.01873716 -0.23849663 -0.12321566 -0.03124598]
 [-0.04972527 -0.18275234 -0.15328995  0.00216076]
 [-0.07708246 -0.12579134 -0.04957136 -0.09070584]
 [-0.01285764 -0.10565673 -0.05904899 -0.15953474]
 [-0.10936497 -0.08711811 -0.08521    -0.03423463]
 [ 0.04917453 -0.12516217 -0.18981279 -0.05831217]
 [-0.08705639  0.01660876 -0.14076243 -0.06861344]
 [ 0.03712196 -0.15845722 -0.05972833 -0.1059022 ]
 [ 0.04333341 -0.02357369 -0.12501957 -0.1319191 ]
 [ 0.00689938 -0.12082134 -0.08658963 -0.01915829]
 [-0.03779098 -0.14970194 -0.09722588  0.08393052]
 [ 0.03791944 -0.05140518 -0.18212425  0.01400242]
 [ 0.0191582  -0.20233766 -0.03177828  0.0375927 ]
 [ 0.08791663 -0.15007979 -0.14362984  0.04946209]
 [-0.02504003 -0.21164052 -0.06674137  0.14720765]
 [-0.08825741 -0.05105013 -0.0731291   0.10254462]
 [ 0.0765355  -0.18337484 -0.10585247  0.09900569]
 [ 0.03668671  0.01747155 -0.09445422 -0.03230775]
 [ 0.14225444 -0.16714229 -0.05349064  0.00494895]
 [-0.03625802  0.04192347 -0.06066456  0.02400604]
 [-0.00745107 -0.06317704 -0.0059078   0.04113187]
 [ 0.0132882  -0.08517712 -0.0965007   0.15123488]
 [ 0.00423348  0.09276974 -0.12736773  0.05943996]
 [ 0.10869121 -0.09593418 -0.00967039  0.02593287]
 [ 0.04936924 -0.022261   -0.06742054  0.08746781]
 [ 0.075978    0.00817905 -0.0487876   0.03908288]
 [ 0.15868465 -0.18910803  0.03597192  0.08682276]
 [-0.01111952 -0.10522687  0.05056698  0.17643461]
 [ 0.14279692  0.02393273 -0.1048268   0.07076165]
 [-0.02242205  0.06292411  0.04301947  0.06779594]
 [ 0.09042979 -0.00853825  0.02730027  0.06979137]
 [ 0.1283487  -0.02380187  0.06380578  0.0381147 ]
 [ 0.0972255  -0.07158467  0.05876323  0.12913173]
 [ 0.21745565 -0.10611158  0.0133997   0.0977498 ]
 [ 0.23190949 -0.00602082 -0.03092653  0.05652524]
 [ 0.06353198  0.03424827  0.00414284  0.17840733]
 [ 0.06084614 -0.06028167  0.11011706  0.19447362]
 [ 0.05420243  0.05126133  0.14111038  0.09486608]
 [ 0.12313919  0.09656821  0.03506069  0.11521937]
 [ 0.16419556 -0.12086727  0.15036629  0.17534062]
 [ 0.24626594  0.00679023  0.05240939  0.08454878]
 [ 0.11216581  0.07185046 -0.0216583   0.22977137]
 [ 0.12597526  0.16794228  0.02810565  0.10389475]
 [ 0.190657    0.06936349  0.01801386  0.14636059]
 [ 0.18406442 -0.08757296  0.10015384  0.22294596]
 [ 0.07355637  0.14984445  0.18073382  0.09162909]
 [ 0.15525413  0.05072115  0.0923951   0.20971872]
 [ 0.16633794  0.05509832 -0.02472907  0.33287116]
 [ 0.10097878  0.15229286  0.05114863  0.27219427]
 [ 0.29370021 -0.07009866  0.08074735  0.29687875]
 [ 0.1916505   0.03722536  0.07000705  0.32248841]
 [ 0.33253804  0.05513452  0.11284721  0.15472959]
 [ 0.26390906  0.04453835  0.10423672  0.25248541]
 [ 0.27842808  0.10831525  0.18759142  0.13541384]
 [ 0.22085755  0.1552628   0.11713276  0.22869906]
 [ 0.30556578 -0.09930385  0.16977041  0.35134679]
 [ 0.16874337  0.16551002  0.14229484  0.28227803]
 [ 0.33202856  0.08732774  0.03742952  0.31404312]
 [ 0.25775351 -0.03551039  0.13476843  0.41068668]
 [ 0.16766594  0.19568698  0.19180455  0.24893412]
 [ 0.18024654  0.13581629  0.10816421  0.36600855]
 [ 0.37368206 -0.07069674  0.26183967  0.25205085]
 [ 0.24544792  0.10149136  0.09420434  0.38423966]
 [ 0.34878294 -0.01694083  0.21993494  0.28598201]
 [ 0.38676161  0.07182964  0.12201398  0.28309793]
 [ 0.30865411  0.17877289  0.16169895  0.23952663]
 [ 0.31997217  0.12013401  0.21205438  0.27180116]
 [ 0.28656428  0.0761731   0.17389995  0.39648626]
 [ 0.22904851  0.12957823  0.2973109   0.31721336]
 [ 0.44294681  0.03034465  0.20254881  0.30199026]
 [ 0.39875316  0.10536832  0.12844133  0.36537128]
 [ 0.3080607   0.20902019  0.23465628  0.29163975]
 [ 0.43091325  0.17394877  0.22463036  0.25956907]
 [ 0.37873613  0.04965963  0.35808964  0.3289872 ]
 [ 0.36786075  0.05758412  0.24900912  0.45812777]
 [ 0.47314532  0.19424689  0.16691368  0.32307228]
 [ 0.35769595  0.31592766  0.19075483  0.31842339]
 [ 0.4089376   0.22962936  0.26091222  0.29595041]
 [ 0.34686908  0.09745408  0.2693679   0.48815377]
 [ 0.31458391  0.18182773  0.36556509  0.38690588]
 [ 0.3811947   0.2382073   0.1893214   0.44775393]
 [ 0.37227245  0.24585798  0.32964429  0.32762704]
 [ 0.36501314  0.27611874  0.29539551  0.34454777]
 [ 0.49903077  0.15608576  0.3200778   0.35553962]
 [ 0.40413761  0.16681207  0.29390104  0.48072015]
 [ 0.53927956  0.16868559  0.23024139  0.44927274]
 [ 0.44618852  0.31187107  0.28116182  0.37592596]
 [ 0.45187388  0.11473795  0.37352652  0.54968744]
 [ 0.4242346   0.21136794  0.33502496  0.5137399 ]
 [ 0.39564805  0.32389889  0.33107772  0.4413364 ]
 [ 0.52736492  0.13198711  0.37210789  0.50842265]
 [ 0.51510108  0.31191674  0.23420203  0.50190073]
 [ 0.45733204  0.24639831  0.40569177  0.49277264]
 [ 0.55790619  0.27048995  0.36828268  0.44276272]
 [ 0.56422773  0.23810063  0.29873351  0.57373426]
 [ 0.47592579  0.32615375  0.34770321  0.59632323]
 [ 0.553996    0.22337541  0.4117662   0.65242013]
 [ 0.4873069   0.35895978  0.401838    0.55214312]
 [ 0.59124596  0.29762389  0.42322722  0.55070171]
 [ 0.53294799  0.40408841  0.39849494  0.51475407]
 [ 0.61535888  0.33141883  0.3533236   0.66345527]
 [ 0.60275737  0.34804467  0.51261116  0.57857513]
 [ 0.63357248  0.40065284  0.334888    0.68066267]
 [ 0.68510949  0.34554542  0.44931165  0.64144789]
 [ 0.56583711  0.41484595  0.4875224   0.63992603]
 [ 0.67951031  0.4645672   0.36055027  0.62080328]
 [ 0.62156856  0.47777697  0.45789298  0.57423682]
 [ 0.68884225  0.45005661  0.47407982  0.66811802]
 [ 0.66482575  0.48100721  0.51959347  0.63735563]
 [ 0.68299991  0.5408136   0.47193673  0.60067714]]",7,30
0.016564306889839547,0.02855890210772719,0.17987276614557787,0.4942528735632184,0.3943038657162312,0.42372280465869916,0.9305703195109007,87,103,"[[-7.12155465e-01 -1.93842556e-01 -2.20802285e-01 -3.06399364e-01]
 [-5.88906663e-01 -1.58601439e-01 -2.38608392e-01 -2.76058743e-01]
 [-5.56509180e-01 -1.47874119e-01 -1.55654414e-01 -4.01353134e-01]
 [-5.06634705e-01 -2.09592551e-01 -1.80401461e-01 -3.37586056e-01]
 [-4.83293537e-01 -1.60168774e-01 -3.00192853e-01 -3.07498544e-01]
 [-5.67440063e-01 -5.70120141e-02 -1.77790316e-01 -4.12158104e-01]
 [-6.07666845e-01 -8.78696442e-02 -1.08037855e-01 -2.99343850e-01]
 [-4.14689049e-01 -1.34552391e-01 -1.43196955e-01 -3.43010183e-01]
 [-4.86445572e-01 -1.52489712e-01 -1.36295430e-01 -1.91180831e-01]
 [-4.57484094e-01 -3.59080061e-02 -1.83407966e-01 -3.47467802e-01]
 [-3.84490307e-01 -7.83160757e-02 -2.41339315e-01 -2.82049498e-01]
 [-4.04229410e-01 -1.11671682e-01 -8.14252160e-03 -3.66295258e-01]
 [-3.34242418e-01 -6.33080397e-02 -1.69446712e-01 -3.13116027e-01]
 [-3.89451066e-01 -4.80166711e-02 -1.59166154e-01 -2.49223689e-01]
 [-3.14552892e-01 -9.64195132e-02 -8.10101666e-02 -2.72853659e-01]
 [-4.11634281e-01 -8.07511322e-02 -1.19459631e-01 -1.05222840e-01]
 [-2.62669858e-01 -8.32425933e-02 -1.76453827e-01 -2.15193201e-01]
 [-4.00961896e-01 -1.88114848e-02 -9.13518649e-02 -1.64993068e-01]
 [-2.05928717e-01 -1.21889167e-01 -1.00423839e-01 -1.90605089e-01]
 [-1.93876177e-01 -9.25010759e-02 -1.50034515e-01 -1.45425636e-01]
 [-2.08638834e-01 -2.90903691e-02 -4.98364754e-02 -2.78106946e-01]
 [-3.06767495e-01  2.83549670e-02 -1.13117270e-01 -1.80753322e-01]
 [-2.88781730e-01 -5.33702280e-02 -1.05589338e-01 -7.11075757e-02]
 [-2.43720239e-01 -3.05620432e-02 -1.86013492e-01 -8.55943765e-02]
 [-1.41703676e-01 -1.40803188e-01 -1.01928752e-01 -5.91471847e-02]
 [-1.58471426e-01  2.45945361e-02 -2.50454735e-01 -1.91161836e-01]
 [-2.22682649e-01  5.16514331e-02 -1.57901006e-01 -1.62479518e-01]
 [-6.70868289e-02 -5.73057234e-02 -1.40558627e-01 -1.79220447e-01]
 [-1.54583236e-01  8.76548886e-03  2.23405659e-04 -2.33645478e-01]
 [-1.09364968e-01 -8.71181116e-02 -8.52099974e-02 -3.42346318e-02]
 [-1.39769023e-01 -7.96325319e-03 -4.12422828e-02 -1.25194414e-01]
 [-1.31657487e-01  1.83163956e-03 -1.97779922e-01 -3.73018328e-02]
 [-1.43099720e-01  3.46994121e-02 -5.26808165e-02 -1.11289924e-01]
 [-8.70563854e-02  1.66087598e-02 -1.40762430e-01 -6.86134417e-02]
 [-4.65512145e-02  6.27803989e-03 -4.29246016e-03 -1.42419362e-01]
 [-7.63917770e-02 -2.16613617e-02 -1.77328093e-01  6.13059271e-02]
 [-7.56713878e-02  5.02089616e-02 -1.08715577e-01 -1.71092432e-02]
 [-4.83143535e-02  8.32328014e-03 -1.88880878e-01  7.74632376e-02]
 [ 3.66867147e-02  1.74715519e-02 -9.44542233e-02 -3.23077496e-02]
 [-3.62580214e-02  4.19234708e-02 -6.06645569e-02  2.40060408e-02]
 [-3.45791262e-02  4.40527797e-02  4.85166777e-02 -1.50275137e-02]
 [-9.34839100e-02  1.25065437e-01  2.41820794e-02 -5.03684524e-02]
 [ 4.93692383e-02 -2.22609993e-02 -6.74205422e-02  8.74678101e-02]
 [-7.34431092e-02  5.13617229e-02  9.46183279e-02  6.29902817e-03]
 [ 7.59780034e-02  8.17905180e-03 -4.87875976e-02  3.90828792e-02]
 [ 4.23348136e-03  9.27697439e-02 -1.27367726e-01  5.94399609e-02]
 [-2.24220455e-02  6.29241057e-02  4.30194661e-02  6.77959397e-02]
 [ 1.42796915e-01  2.39327345e-02 -1.04826799e-01  7.07616527e-02]
 [ 4.60014082e-02  5.99524472e-02 -8.86363536e-02  1.64391099e-01]
 [-5.45888059e-02  1.49982952e-01  7.18339123e-02  5.71435448e-02]
 [ 4.79723010e-02  1.61549054e-01 -2.40176469e-02  2.04687323e-02]
 [ 5.40457051e-02  1.58801273e-01  2.26157699e-02 -2.94333883e-03]
 [ 8.18193760e-02  1.41026136e-01 -1.12968568e-01  1.45167189e-01]
 [ 1.69128170e-01  8.73525031e-02 -7.47652147e-02  1.35962579e-01]
 [ 2.72646174e-03  2.03063194e-01  1.02978647e-02  7.13368617e-02]
 [ 1.23139186e-01  9.65682138e-02  3.50606851e-02  1.15219370e-01]
 [ 9.28187314e-02  1.82711778e-01  6.87462837e-02  9.84018855e-03]
 [ 8.38617794e-03  1.14802897e-01  1.79351008e-01  1.58603348e-01]
 [-3.49107310e-02  1.83583153e-01  1.78687813e-01  1.06706047e-01]
 [ 1.37064904e-02  2.23259455e-01 -6.17709644e-02  2.10669413e-01]
 [ 7.35563692e-02  1.49844445e-01  1.80733820e-01  9.16290898e-02]
 [ 1.27673540e-02  1.76496519e-01  2.74252664e-01  5.47291990e-02]
 [ 2.96698622e-02  2.62677127e-01  1.34822108e-01  4.82459050e-02]
 [-2.79887747e-02  2.44194105e-01  1.41727565e-01  1.69952895e-01]
 [ 4.05485574e-02  1.68414723e-01  2.05216730e-01  2.16336971e-01]
 [ 1.13544133e-01  2.11440792e-01  1.55070284e-01  1.54878560e-01]
 [ 9.38622057e-02  2.45040745e-01  9.54498462e-02  1.96655087e-01]
 [-1.98818762e-02  2.76805572e-01  2.33228371e-01  1.26603933e-01]
 [ 1.02476459e-01  2.76943572e-01  2.96019036e-02  2.25538796e-01]
 [ 1.68743366e-01  1.65510025e-01  1.42294843e-01  2.82278031e-01]
 [ 1.96683127e-01  2.47459671e-01  1.71258762e-01  1.23763584e-01]
 [ 5.19368742e-02  3.58765112e-01  8.06927253e-02  1.62035588e-01]
 [ 1.67665936e-01  1.95686983e-01  1.91804554e-01  2.48934116e-01]
 [ 1.12546815e-01  1.81254171e-01  1.98331507e-01  3.13955657e-01]
 [ 8.60651731e-02  2.82411244e-01  2.92759763e-01  8.27396754e-02]
 [ 6.60424326e-02  3.67234170e-01  1.94214426e-01  1.11787137e-01]
 [ 4.88446802e-02  2.39535287e-01  3.11574087e-01  2.45386451e-01]
 [ 1.21788338e-01  3.06636838e-01  2.19943319e-01  1.73050577e-01]
 [ 5.75815998e-02  2.69730859e-01  3.13473402e-01  2.07926778e-01]
 [ 3.71585228e-02  2.93034920e-01  2.42233004e-01  2.94734184e-01]
 [ 4.55900431e-02  3.03086443e-01  4.37042467e-01  1.28102513e-01]
 [ 1.60377314e-01  3.20341516e-01  2.32695842e-01  2.64286665e-01]
 [ 8.87390580e-02  3.76084622e-01  2.04492941e-01  2.66839422e-01]
 [ 6.01090621e-02  3.64429673e-01  2.70641318e-01  2.60800036e-01]
 [ 1.13364685e-01  2.84858996e-01  4.12823439e-01  2.81096127e-01]
 [ 1.80434151e-01  3.59506851e-01  3.34667556e-01  2.41718832e-01]
 [ 8.05573929e-02  4.01677154e-01  3.97359777e-01  1.87369717e-01]
 [ 6.84971940e-02  4.30882825e-01  3.53097426e-01  2.26662980e-01]
 [ 6.38416074e-02  4.61059660e-01  3.08897192e-01  3.04686500e-01]
 [ 2.79496852e-02  4.18788934e-01  3.59990606e-01  3.64138376e-01]
 [ 1.53685398e-02  4.84032722e-01  4.62934736e-01  2.46836971e-01]
 [ 1.35689814e-01  4.79163574e-01  4.00003323e-01  2.50277916e-01]
 [ 8.76003895e-02  5.08013092e-01  3.29406155e-01  3.71688861e-01]
 [ 7.60895219e-02  5.41368676e-01  4.20139261e-01  2.92341448e-01]
 [ 8.30314457e-02  4.94415751e-01  4.40645929e-01  3.43964385e-01]
 [ 1.03578681e-01  4.33331050e-01  4.73512053e-01  4.09623314e-01]
 [ 4.61339150e-02  5.30611852e-01  4.42439560e-01  4.17026442e-01]
 [ 1.42693015e-01  5.57362685e-01  4.88869367e-01  3.23407754e-01]
 [ 1.26656998e-01  4.99982437e-01  5.03696525e-01  4.06839296e-01]
 [ 6.90095928e-02  5.61577598e-01  5.51191352e-01  3.86265503e-01]
 [ 5.16039021e-02  5.56004222e-01  5.03302686e-01  5.41771201e-01]
 [ 1.78599214e-01  5.91125133e-01  5.20683227e-01  5.09437386e-01]
 [ 1.49772706e-01  5.46813829e-01  6.08189924e-01  4.80445007e-01]]",8,30
0.034319659311585884,0.02571472183690721,0.13474821260629427,0.41379310344827586,0.3898575840328009,0.42372280465869916,0.9200769459314418,87,167,"[[-2.42407519e-01 -6.74085377e-01 -9.60735412e-01 -8.37659381e-01]
 [-2.29598043e-01 -7.35542899e-01 -8.72444019e-01 -7.04959951e-01]
 [-2.49276103e-01 -7.06398744e-01 -8.77040187e-01 -6.31006401e-01]
 [-2.79736046e-01 -6.82876654e-01 -8.66866756e-01 -5.87999629e-01]
 [-1.87822487e-01 -6.43223001e-01 -9.11919197e-01 -5.67790790e-01]
 [-1.78569224e-01 -6.30635023e-01 -7.98397511e-01 -6.43547198e-01]
 [-1.69292467e-01 -7.15795431e-01 -7.15477219e-01 -6.76025141e-01]
 [-2.07080998e-01 -6.72611561e-01 -8.38596363e-01 -5.18239932e-01]
 [-2.45795134e-01 -6.89823322e-01 -7.82583896e-01 -4.85341311e-01]
 [-1.94817277e-01 -7.58307204e-01 -6.95688240e-01 -5.27102659e-01]
 [-1.18670123e-01 -6.62566314e-01 -8.03777939e-01 -4.56614172e-01]
 [-2.18934545e-01 -6.51723366e-01 -6.99664095e-01 -4.59215784e-01]
 [-1.32214354e-01 -6.08810427e-01 -7.57998839e-01 -4.49271578e-01]
 [-1.85489759e-01 -7.34048264e-01 -6.25588739e-01 -3.95643797e-01]
 [-7.59039521e-02 -6.38593728e-01 -6.58066511e-01 -5.22474272e-01]
 [-1.88612191e-01 -5.65091409e-01 -6.65981790e-01 -4.15844731e-01]
 [-2.38685181e-01 -6.80867312e-01 -5.49818441e-01 -3.76934623e-01]
 [-1.60111876e-01 -6.16834287e-01 -6.90190280e-01 -2.90528405e-01]
 [-6.22714739e-02 -6.36461660e-01 -6.47302300e-01 -4.28025248e-01]
 [-1.21094367e-01 -6.00840278e-01 -6.48818657e-01 -3.22207194e-01]
 [-1.47209892e-01 -6.36907542e-01 -5.86141679e-01 -2.51618655e-01]
 [-1.60704840e-01 -5.22194726e-01 -6.47571223e-01 -2.40622237e-01]
 [-1.01904551e-01 -5.67545729e-01 -6.00665310e-01 -2.79507183e-01]
 [-1.72692493e-01 -5.51583048e-01 -6.01973735e-01 -1.57845069e-01]
 [-9.72590912e-02 -4.59287183e-01 -6.56976420e-01 -2.16274155e-01]
 [ 6.87919557e-04 -6.01224415e-01 -6.02537034e-01 -2.95560792e-01]
 [-1.40384575e-01 -6.14383971e-01 -5.77832144e-01 -9.66123845e-02]
 [-1.08529028e-01 -5.35354316e-01 -5.49595268e-01 -1.89280670e-01]
 [-1.16998209e-01 -4.88431819e-01 -5.93541285e-01 -1.35442602e-01]
 [-2.07918596e-01 -3.22066179e-01 -5.42995140e-01 -2.09171420e-01]
 [ 7.62850977e-03 -5.06584192e-01 -5.59702447e-01 -2.35605586e-01]
 [-6.72735926e-02 -4.39085562e-01 -4.29317819e-01 -3.03505974e-01]
 [-2.05084313e-01 -5.01793236e-01 -5.03287580e-01 -3.31472084e-02]
 [-1.77975886e-01 -3.71885495e-01 -5.69522712e-01 -8.43600649e-02]
 [-6.60126135e-02 -4.06764923e-01 -4.70957810e-01 -2.27720959e-01]
 [-2.14240810e-01 -1.96952928e-01 -5.06017009e-01 -2.87569828e-01]
 [-1.52758483e-01 -4.22268862e-01 -4.30542305e-01 -1.34152522e-01]
 [-4.10729460e-02 -3.75795363e-01 -5.18705880e-01 -1.96954656e-01]
 [-1.59645284e-01 -4.85916175e-01 -4.05490447e-01 -7.23390467e-02]
 [-1.06454132e-01 -2.43260495e-01 -4.19856612e-01 -3.50134017e-01]
 [-2.26855515e-01 -2.46180929e-01 -4.82906533e-01 -1.50404073e-01]
 [-2.33609661e-01 -1.53379509e-01 -4.33238393e-01 -3.18261828e-01]
 [-1.26812072e-01 -2.15089299e-01 -5.30374246e-01 -1.82137782e-01]
 [-1.63770594e-01 -9.82782301e-02 -5.46158409e-01 -2.75909942e-01]
 [-8.72378424e-02 -1.69650150e-01 -5.16011938e-01 -2.54971771e-01]
 [-6.18067440e-02 -2.63229143e-01 -4.48424211e-01 -2.08859326e-01]
 [-2.47106750e-01 -1.10646563e-01 -5.53188710e-01 -1.31297192e-01]
 [-5.44155929e-02 -2.31411431e-01 -4.26627573e-01 -2.44580984e-01]
 [-2.10306086e-01 -1.85447330e-01 -4.46929859e-01 -8.72192103e-02]
 [-1.77298214e-01 -1.33674113e-01 -4.08759711e-01 -2.12022936e-01]
 [-1.55039309e-01 -2.29961297e-01 -3.69377919e-01 -7.57732093e-02]
 [-3.57462540e-02 -1.71410944e-01 -2.79751470e-01 -3.61637294e-01]
 [-3.08806382e-01 -1.08989635e-01 -3.76184685e-01 -1.07488796e-01]
 [-1.45135000e-01 -7.92076755e-02 -4.44406392e-01 -1.63036596e-01]
 [-1.96651975e-01 -3.70362811e-02 -3.86705684e-01 -2.24533508e-01]
 [-1.25762094e-01 -1.12746365e-01 -3.05074163e-01 -2.35552303e-01]
 [-1.32554384e-01 -1.79847274e-02 -3.57149258e-01 -2.95720886e-01]
 [-7.36473165e-02 -6.44305553e-02 -4.03994314e-01 -1.93862814e-01]
 [-1.67514583e-01 -1.65135413e-02 -4.69522713e-01 -9.93629824e-02]
 [-2.20764473e-01 -6.88169338e-02 -3.31372272e-01 -1.10747982e-01]
 [-9.29706171e-02 -9.72368158e-02 -3.46464323e-01 -1.41862735e-01]
 [-8.62126555e-02 -2.48460285e-03 -3.03811545e-01 -3.26788384e-01]
 [-1.03437928e-01  4.26276065e-02 -4.11753770e-01 -2.38313852e-01]
 [-3.12691227e-01 -8.24847985e-02 -2.95945423e-01  4.76307087e-02]
 [-3.81196346e-02  2.74689551e-02 -3.16310352e-01 -3.11729014e-01]
 [-2.59440502e-01 -2.84570269e-03 -4.02914502e-01  3.52729727e-02]
 [-2.07794270e-01  1.39290728e-02 -3.94737424e-01 -1.96956117e-02]
 [-1.87322417e-01 -4.93200663e-02 -2.80996975e-01 -4.92893327e-02]
 [-9.38912313e-02 -3.35738938e-02 -3.17502929e-01 -8.01088605e-02]
 [-1.58471426e-01  2.45945361e-02 -2.50454735e-01 -1.91161836e-01]
 [-1.88055137e-01  4.31345273e-02 -3.54740746e-01 -6.63322490e-02]
 [-1.81425303e-01  6.25728760e-02 -2.31804462e-01 -2.24113643e-01]
 [-2.60679914e-01  3.87511980e-02 -3.18678893e-01 -1.10987406e-02]
 [-6.70868289e-02 -5.73057234e-02 -1.40558627e-01 -1.79220447e-01]
 [-6.50809966e-02  7.05479197e-02 -3.72120203e-01 -9.42515805e-02]
 [-2.22682649e-01  5.16514331e-02 -1.57901006e-01 -1.62479518e-01]
 [-1.83849540e-01  1.26123402e-01 -3.14622354e-01 -1.24130474e-01]
 [-5.91165721e-02  6.74916450e-02 -1.70714602e-01 -2.75344932e-01]
 [-1.16431946e-01  3.64330932e-02 -3.44413828e-01  4.15513460e-02]
 [-1.31657487e-01  1.83163956e-03 -1.97779922e-01 -3.73018328e-02]
 [-3.74974478e-02 -1.52984224e-02 -2.23482214e-01 -5.45306932e-02]
 [-1.64846791e-01  5.24271093e-02 -3.06689559e-01  7.32289273e-02]
 [-1.42386707e-01 -6.65141828e-03 -2.33610775e-01  9.24914274e-02]
 [-9.98076610e-02  7.90514778e-02 -1.79675840e-01 -1.29939593e-01]
 [-8.70563854e-02  1.66087598e-02 -1.40762430e-01 -6.86134417e-02]
 [-1.43099720e-01  3.46994121e-02 -5.26808165e-02 -1.11289924e-01]
 [-2.02430218e-01  8.54462609e-02 -1.18282776e-01 -4.97243479e-02]
 [-1.11734293e-01  1.11918561e-01 -7.08459187e-02 -2.05846515e-01]
 [-9.73796099e-02  1.42363459e-01 -2.73981271e-01 -3.06888614e-02]
 [-1.49247658e-01  1.50303220e-01 -1.33658318e-01 -1.50945919e-01]
 [ 1.45188216e-02  1.11813374e-01 -1.79776315e-01 -1.77363396e-01]
 [-4.83143535e-02  8.32328014e-03 -1.88880878e-01  7.74632376e-02]
 [-1.37065737e-01  4.43119388e-02 -2.35340934e-01  1.71329858e-01]
 [-1.48297034e-01  1.13633366e-01 -2.79129567e-01  1.34464238e-01]
 [-7.56713878e-02  5.02089616e-02 -1.08715577e-01 -1.71092432e-02]
 [-4.77661937e-03  9.95746348e-02 -2.15617862e-01 -5.23981825e-03]
 [-1.06171478e-01  1.21531997e-01 -1.38210626e-01  1.20145343e-02]
 [-1.42943103e-01  1.77158993e-01 -1.74462777e-01  1.93595085e-02]
 [-1.63168963e-01  7.71303084e-02 -3.93787194e-02  5.85744306e-02]
 [-7.58508816e-02  1.61655165e-01 -2.26579813e-01  1.12922953e-01]
 [-4.85163927e-02  1.54681936e-01 -6.85971696e-02 -4.43935860e-02]
 [-1.30882964e-01  1.47465521e-01 -7.59944152e-02  6.64881077e-02]
 [-8.78385566e-02  1.32694123e-01 -2.29022168e-02  3.55438720e-02]
 [-1.80727413e-01  2.09907744e-01 -1.03552060e-01  1.32175639e-01]
 [-2.23457295e-01  1.58222346e-01 -3.79920918e-02  1.91673296e-01]
 [-1.67810105e-01  9.91623886e-02  2.89058704e-02  1.61437292e-01]
 [-2.24220455e-02  6.29241057e-02  4.30194661e-02  6.77959397e-02]
 [ 2.17444394e-02  1.20509174e-01  1.11980578e-01 -1.21994242e-01]
 [-5.77603951e-02  1.74700940e-01 -1.21359609e-01  1.60365710e-01]
 [ 8.71724021e-02  1.84482982e-01 -7.21051600e-02 -2.91971955e-02]
 [ 4.79723010e-02  1.61549054e-01 -2.40176469e-02  2.04687323e-02]
 [-5.45888059e-02  1.49982952e-01  7.18339123e-02  5.71435448e-02]
 [-1.00482645e-01  1.93434864e-01 -4.75286618e-02  2.25745745e-01]
 [-1.03665454e-01  2.31819721e-01  5.24996594e-03  1.18762407e-01]
 [ 2.72646174e-03  2.03063194e-01  1.02978647e-02  7.13368617e-02]
 [-1.24578942e-02  2.67986756e-01 -3.55803128e-02  7.11318124e-02]
 [-1.15769295e-01  2.95375135e-01  1.30758163e-01  1.91882811e-03]
 [ 9.28187314e-02  1.82711778e-01  6.87462837e-02  9.84018855e-03]
 [-1.35519091e-01  1.84024327e-01  1.17287157e-01  2.13502103e-01]
 [-3.49107310e-02  1.83583153e-01  1.78687813e-01  1.06706047e-01]
 [ 2.96698622e-02  2.62677127e-01  1.34822108e-01  4.82459050e-02]
 [-2.79887747e-02  2.44194105e-01  1.41727565e-01  1.69952895e-01]
 [-4.22873460e-02  3.38385915e-01  1.96333360e-01  6.53383471e-02]
 [-4.76552118e-02  2.53652627e-01  2.85288071e-01  9.78161115e-02]
 [-1.98818762e-02  2.76805572e-01  2.33228371e-01  1.26603933e-01]
 [ 5.19368742e-02  3.58765112e-01  8.06927253e-02  1.62035588e-01]
 [ 5.73775731e-03  3.33768582e-01  3.50737991e-01  2.30969414e-02]
 [ 8.60651731e-02  2.82411244e-01  2.92759763e-01  8.27396754e-02]
 [ 3.60868443e-02  3.86952916e-01  2.52579747e-01  1.01841500e-01]
 [ 1.21788338e-01  3.06636838e-01  2.19943319e-01  1.73050577e-01]
 [ 5.75815998e-02  2.69730859e-01  3.13473402e-01  2.07926778e-01]
 [ 1.73096303e-02  3.66880283e-01  3.98746375e-01  6.28708340e-02]
 [ 4.55900431e-02  3.03086443e-01  4.37042467e-01  1.28102513e-01]
 [ 6.01090621e-02  3.64429673e-01  2.70641318e-01  2.60800036e-01]
 [ 2.12968485e-01  3.17530306e-01  3.10077835e-01  1.17028475e-01]
 [ 8.71495176e-02  3.88687130e-01  5.12413118e-01  3.03324647e-02]
 [ 1.50208825e-01  4.15865371e-01  2.99989823e-01  1.33219698e-01]
 [ 2.01469107e-01  3.50886155e-01  4.40376984e-01  3.13181840e-02]
 [ 8.05573929e-02  4.01677154e-01  3.97359777e-01  1.87369717e-01]
 [ 1.06853820e-01  4.63510459e-01  4.23086353e-01  1.21649273e-01]
 [ 1.38221091e-01  3.86415567e-01  4.49492158e-01  2.18434116e-01]
 [ 2.33757133e-01  4.36236374e-01  4.13519634e-01  9.37434006e-02]
 [ 5.85114192e-02  4.32646833e-01  6.01074614e-01  1.55624583e-01]
 [ 1.31629204e-01  4.05159883e-01  5.84063785e-01  1.24510061e-01]
 [ 1.91471841e-01  4.66001913e-01  3.74871779e-01  1.98691167e-01]
 [ 2.13900208e-01  4.78596630e-01  5.26345165e-01  5.89622986e-02]
 [ 9.97735932e-02  4.53066858e-01  5.42415403e-01  2.15099351e-01]
 [ 1.23807309e-01  5.31144405e-01  5.68781417e-01  1.47585817e-01]
 [ 2.52787637e-01  5.35972597e-01  4.38217139e-01  1.55641301e-01]
 [ 2.67053638e-01  4.70276562e-01  5.54599049e-01  1.14080233e-01]
 [ 1.69460177e-01  4.97532353e-01  6.39385261e-01  2.30424514e-01]
 [ 3.36846946e-01  4.28768920e-01  6.29337776e-01  9.37879235e-02]
 [ 2.79065533e-01  5.19457445e-01  6.61741838e-01  1.02009781e-01]
 [ 2.84019221e-01  5.80198688e-01  6.27225172e-01  1.67210473e-01]
 [ 4.07108283e-01  5.52770033e-01  6.44574830e-01  1.33143861e-01]
 [ 4.77997240e-01  5.94323274e-01  5.38645323e-01  1.52886847e-01]
 [ 5.48436318e-01  5.39722726e-01  6.50186695e-01  7.57618267e-02]
 [ 4.65036232e-01  6.51383674e-01  6.84959775e-01  1.76415615e-01]
 [ 5.14221190e-01  6.02898343e-01  6.85617406e-01  1.39499579e-01]
 [ 5.75484296e-01  6.30493527e-01  6.72515843e-01  1.10733343e-01]
 [ 6.19810224e-01  7.86315128e-01  7.27101883e-01  1.53824737e-01]
 [ 7.63618570e-01  7.61044096e-01  7.38324236e-01  5.18428180e-02]
 [ 7.02632193e-01  7.20424108e-01  6.63008722e-01  8.01236816e-02]
 [ 6.11684632e-01  6.91723429e-01  6.47945546e-01  1.73982330e-01]
 [ 7.21783660e-01  7.73457961e-01  7.69440824e-01  1.48598561e-01]
 [ 6.69590048e-01  7.07713630e-01  7.01041682e-01  2.05415800e-01]
 [ 8.51406720e-01  7.17986822e-01  7.19540430e-01  1.51281044e-01]]",9,30
0.01670793268004176,0.00974475270745162,0.07414969727648087,0.7931034482758621,0.41853355129742004,0.42372280465869916,0.9877531883929478,87,167,"[[-0.37658968 -0.57057325 -0.49845934 -0.94910324]
 [-0.42769656 -0.52822055 -0.56631343 -0.91454861]
 [-0.35352471 -0.51173445 -0.52467915 -0.94537174]
 [-0.45293282 -0.49410035 -0.5681835  -0.84698355]
 [-0.46008977 -0.54090076 -0.53986249 -0.78923074]
 [-0.36223689 -0.46490691 -0.61354516 -0.87834254]
 [-0.43624133 -0.50948869 -0.46260392 -0.75847554]
 [-0.412454   -0.46253951 -0.42646987 -0.81621722]
 [-0.3688283  -0.44654156 -0.48250705 -0.7849068 ]
 [-0.39262761 -0.38770472 -0.5090296  -0.78155774]
 [-0.37386204 -0.41441128 -0.43339359 -0.74644256]
 [-0.28425919 -0.46550146 -0.4913537  -0.68678469]
 [-0.22794719 -0.46011913 -0.46310244 -0.74214772]
 [-0.23248834 -0.42791806 -0.39054231 -0.78912535]
 [-0.25535838 -0.34795851 -0.44480573 -0.78057119]
 [-0.34353012 -0.3609672  -0.4670719  -0.62861983]
 [-0.35405044 -0.38496195 -0.31712584 -0.66759109]
 [-0.33359729 -0.44897573 -0.34706242 -0.60235798]
 [-0.24726675 -0.48950722 -0.28637937 -0.65644118]
 [-0.14621148 -0.36927968 -0.48765163 -0.69826133]
 [-0.15717352 -0.37667237 -0.35320391 -0.72185161]
 [-0.27184573 -0.2883243  -0.3572458  -0.6478745 ]
 [-0.29031391 -0.35039237 -0.32230044 -0.58215358]
 [-0.24163684 -0.3272716  -0.39885304 -0.57357193]
 [-0.1895973  -0.42646165 -0.25253424 -0.59716186]
 [-0.1666823  -0.30843852 -0.45752724 -0.50809284]
 [-0.12683853 -0.336229   -0.26189361 -0.65308588]
 [-0.11460383 -0.29220025 -0.38879708 -0.60178217]
 [-0.18649007 -0.27514398 -0.29292728 -0.59331875]
 [-0.08942036 -0.38437192 -0.24413102 -0.60040436]
 [-0.15855502 -0.21354532 -0.41742101 -0.53896015]
 [-0.19974739 -0.28115962 -0.27831803 -0.49878618]
 [-0.21000405 -0.3191685  -0.23616966 -0.46093815]
 [-0.12929329 -0.39987586 -0.15954465 -0.50647187]
 [-0.11964011 -0.3285018  -0.15282781 -0.52465816]
 [-0.10346144 -0.22669407 -0.2643036  -0.51593896]
 [-0.08324572 -0.28394641 -0.2261745  -0.49554369]
 [-0.13553683 -0.29896207 -0.1847863  -0.40148604]
 [-0.01903872 -0.26468484 -0.31871677 -0.40497262]
 [-0.12716994 -0.2064207  -0.19022731 -0.42646576]
 [-0.18474728 -0.14323735 -0.22370156 -0.36718381]
 [-0.09160091 -0.19115529 -0.14883478 -0.45777741]
 [-0.12347954 -0.31381983 -0.06172792 -0.35926905]
 [-0.05460188 -0.27321963 -0.13737615 -0.37034885]
 [-0.07185797 -0.22054361 -0.10070421 -0.37794528]
 [-0.09924897 -0.22200139 -0.22893152 -0.19571701]
 [-0.10676374 -0.25210851 -0.14611594 -0.22634264]
 [-0.06620017 -0.08956538 -0.21308633 -0.35193055]
 [-0.09653504 -0.12724703 -0.18719797 -0.2730098 ]
 [-0.11573636 -0.15639142 -0.0632628  -0.3127763 ]
 [ 0.01298705 -0.1893072  -0.22414683 -0.24314249]
 [-0.15257857 -0.07357316 -0.12555543 -0.25787572]
 [ 0.00997894 -0.15698579 -0.17222374 -0.288207  ]
 [-0.08551208 -0.11901519 -0.03639378 -0.31216414]
 [ 0.02971805 -0.1275977  -0.07731747 -0.36019975]
 [-0.02485297 -0.07651279 -0.1904314  -0.23887105]
 [-0.04224755 -0.20783265 -0.01187559 -0.25326303]
 [-0.02932977 -0.04614259 -0.1473299  -0.29247843]
 [-0.1112977  -0.18870658 -0.0206075  -0.15593537]
 [-0.01007504 -0.01284829 -0.1031895  -0.37179936]
 [ 0.06609747 -0.24060058 -0.0036722  -0.30056476]
 [-0.06708683 -0.05730572 -0.14055863 -0.17922045]
 [ 0.0786633  -0.17693605 -0.16543705 -0.18349212]
 [-0.06462516 -0.16771933  0.00687291 -0.18977647]
 [ 0.02449789 -0.22235737 -0.02631228 -0.17113436]
 [-0.01285764 -0.10565673 -0.05904899 -0.15953474]
 [ 0.06200226 -0.08918363 -0.0416863  -0.26486077]
 [ 0.04175148 -0.1339854   0.00867477 -0.23707817]
 [ 0.03712196 -0.15845722 -0.05972833 -0.1059022 ]
 [-0.0615218  -0.00654446  0.04530627 -0.24867376]
 [ 0.04333341 -0.02357369 -0.12501957 -0.1319191 ]
 [-0.04905785 -0.04468719 -0.02703716 -0.09381645]
 [-0.04655121  0.00627804 -0.00429246 -0.14241936]
 [ 0.09939364 -0.07689162 -0.05040335 -0.14433788]
 [ 0.15149272 -0.13247451 -0.01244222 -0.13703247]
 [ 0.08405466 -0.03539462  0.03277393 -0.20137036]
 [ 0.01154726 -0.07889359  0.10681758 -0.13785941]
 [ 0.03668671  0.01747155 -0.09445422 -0.03230775]
 [ 0.0696063   0.03601137 -0.01128589 -0.15749449]
 [ 0.08869087 -0.01495196 -0.01979101 -0.07861791]
 [ 0.05153559 -0.01682387  0.0729728  -0.07656664]
 [ 0.075978    0.00817905 -0.0487876   0.03908288]
 [ 0.07375066  0.01520452  0.06081346 -0.06245045]
 [ 0.1928251   0.0634419  -0.02906315 -0.12711277]
 [-0.02242205  0.06292411  0.04301947  0.06779594]
 [ 0.02174444  0.12050917  0.11198058 -0.12199424]
 [ 0.09042979 -0.00853825  0.02730027  0.06979137]
 [ 0.14496323  0.03070072  0.09853823 -0.09327667]
 [ 0.1283487  -0.02380187  0.06380578  0.0381147 ]
 [ 0.09361567  0.0448985   0.18867025 -0.10176297]
 [ 0.05404571  0.15880127  0.02261577 -0.00294334]
 [ 0.23190949 -0.00602082 -0.03092653  0.05652524]
 [ 0.07104545 -0.0418333   0.22315881  0.01629991]
 [ 0.04110695 -0.031076    0.14034132  0.14149321]
 [ 0.20309539  0.10592206 -0.03879303  0.0111492 ]
 [ 0.12515542  0.05966227  0.15191676 -0.0080734 ]
 [ 0.12313919  0.09656821  0.03506069  0.11521937]
 [ 0.24626594  0.00679023  0.05240939  0.08454878]
 [ 0.190657    0.06936349  0.01801386  0.14636059]
 [ 0.12597526  0.16794228  0.02810565  0.10389475]
 [ 0.17745123  0.07853356  0.13105395  0.064741  ]
 [ 0.07355637  0.14984445  0.18073382  0.09162909]
 [ 0.24704822  0.14070535  0.17479476 -0.05147151]
 [ 0.14516513  0.13434253  0.22235343  0.06019946]
 [ 0.27304057  0.06485768  0.24455286 -0.00382433]
 [ 0.11354413  0.21144079  0.15507028  0.15487856]
 [ 0.1874127   0.22855452  0.0577366   0.16521874]
 [ 0.33253804  0.05513452  0.11284721  0.15472959]
 [ 0.3550508   0.11867551  0.08236241  0.09105334]
 [ 0.31334438  0.02550206  0.13766903  0.19698669]
 [ 0.28939178  0.14596611  0.0887577   0.15869892]
 [ 0.22085755  0.1552628   0.11713276  0.22869906]
 [ 0.27842808  0.10831525  0.18759142  0.13541384]
 [ 0.2103351   0.09905672  0.23146482  0.18954472]
 [ 0.16874337  0.16551002  0.14229484  0.28227803]
 [ 0.19668313  0.24745967  0.17125876  0.12376358]
 [ 0.25646173  0.05452878  0.29418525  0.16836565]
 [ 0.20595774  0.1605006   0.31490862  0.08640301]
 [ 0.16766594  0.19568698  0.19180455  0.24893412]
 [ 0.30619554  0.11537685  0.26064328  0.10853748]
 [ 0.15943292  0.29015645  0.18320473  0.20436385]
 [ 0.23205982  0.2798787   0.09166763  0.27585474]
 [ 0.30865411  0.17877289  0.16169895  0.23952663]
 [ 0.31997217  0.12013401  0.21205438  0.27180116]
 [ 0.22364373  0.25472104  0.27574915  0.17636932]
 [ 0.34551508  0.19131176  0.22800642  0.17807573]
 [ 0.28893752  0.27062065  0.11015685  0.33084208]
 [ 0.23539129  0.21635607  0.21616874  0.34577349]
 [ 0.3080607   0.20902019  0.23465628  0.29163975]
 [ 0.28862777  0.23259128  0.3210353   0.20657184]
 [ 0.30174706  0.33439952  0.21327979  0.21378374]
 [ 0.43091325  0.17394877  0.22463036  0.25956907]
 [ 0.33753801  0.22173062  0.15185405  0.41693462]
 [ 0.41184657  0.13498943  0.34271726  0.23526174]
 [ 0.35769595  0.31592766  0.19075483  0.31842339]
 [ 0.4089376   0.22962936  0.26091222  0.29595041]
 [ 0.3811947   0.2382073   0.1893214   0.44775393]
 [ 0.31458391  0.18182773  0.36556509  0.38690588]
 [ 0.36501314  0.27611874  0.29539551  0.34454777]
 [ 0.32306177  0.3391643   0.25941799  0.40977993]
 [ 0.39123635  0.38535026  0.24653797  0.33746225]
 [ 0.44618852  0.31187107  0.28116182  0.37592596]
 [ 0.45643803  0.35000402  0.23706794  0.41230527]
 [ 0.4359587   0.28927234  0.38639012  0.33535111]
 [ 0.39564805  0.32389889  0.33107772  0.4413364 ]
 [ 0.42599175  0.39290682  0.30324397  0.43360201]
 [ 0.37645436  0.35328769  0.41840049  0.39469242]
 [ 0.37461416  0.40710436  0.39386137  0.38643379]
 [ 0.44016072  0.3801042   0.40895341  0.35506751]
 [ 0.5156439   0.3665789   0.40790099  0.32998801]
 [ 0.52572703  0.45020052  0.27794086  0.43217488]
 [ 0.34232032  0.36830896  0.49104301  0.48862776]
 [ 0.47592579  0.32615375  0.34770321  0.59632323]
 [ 0.49774092  0.44217379  0.37999095  0.41489663]
 [ 0.39045     0.44005653  0.42391251  0.50935971]
 [ 0.4873069   0.35895978  0.401838    0.55214312]
 [ 0.53294799  0.40408841  0.39849494  0.51475407]
 [ 0.50066738  0.31660209  0.49760653  0.61030642]
 [ 0.45515242  0.42813555  0.49899656  0.57279437]
 [ 0.49243376  0.36987914  0.50112949  0.6462083 ]
 [ 0.47487578  0.47146859  0.56587027  0.54011634]
 [ 0.56583711  0.41484595  0.4875224   0.63992603]
 [ 0.52140691  0.44668904  0.53663832  0.60597767]
 [ 0.57047593  0.43518016  0.60294508  0.54648741]
 [ 0.66482575  0.48100721  0.51959347  0.63735563]
 [ 0.60919275  0.54342818  0.53486174  0.66377879]
 [ 0.61644128  0.49650913  0.57685317  0.73128553]]",10,30
0.03471545763111529,0.028981696458019537,0.10316195528726324,0.40229885057471265,0.38280650691613105,0.42372280465869916,0.9034361679531767,87,123,"[[-4.71113851e-01 -7.05520496e-01 -6.73969474e-01 -7.50015488e-01]
 [-4.30486144e-01 -6.94937464e-01 -6.67076860e-01 -6.53316151e-01]
 [-3.44111361e-01 -6.78120451e-01 -6.60557536e-01 -7.84591362e-01]
 [-4.05003078e-01 -6.24507869e-01 -6.51643656e-01 -8.09526825e-01]
 [-3.07511527e-01 -6.59711545e-01 -6.84913849e-01 -6.87076764e-01]
 [-3.13771594e-01 -6.09005837e-01 -6.89371796e-01 -8.40348961e-01]
 [-4.00156757e-01 -5.29692225e-01 -7.01742858e-01 -7.21746242e-01]
 [-2.34964006e-01 -6.64117778e-01 -6.40903061e-01 -7.41336392e-01]
 [-3.68287858e-01 -5.77596111e-01 -6.75718507e-01 -5.62675055e-01]
 [-4.31448419e-01 -6.02227118e-01 -3.87119344e-01 -7.10236138e-01]
 [-3.19496263e-01 -6.57920618e-01 -4.25080478e-01 -6.96133960e-01]
 [-3.49830307e-01 -6.17492646e-01 -4.59761921e-01 -6.78927628e-01]
 [-3.64364514e-01 -5.57856478e-01 -3.71464325e-01 -8.11625151e-01]
 [-3.61695912e-01 -5.88042805e-01 -2.90759807e-01 -7.19723733e-01]
 [-4.19510350e-01 -5.73021425e-01 -3.62419713e-01 -6.25548059e-01]
 [-4.23842739e-01 -4.95895114e-01 -3.23988453e-01 -7.69569367e-01]
 [-3.08565320e-01 -5.12424385e-01 -4.00532711e-01 -7.38432914e-01]
 [-4.04508412e-01 -4.93444799e-01 -4.44037078e-01 -5.93169713e-01]
 [-3.93076589e-01 -5.10944802e-01 -3.32789674e-01 -5.66176713e-01]
 [-4.27216614e-01 -4.01194384e-01 -2.79413052e-01 -6.99142788e-01]
 [-3.33597295e-01 -4.48975727e-01 -3.47062422e-01 -6.02357982e-01]
 [-3.54050441e-01 -3.84961950e-01 -3.17125844e-01 -6.67591091e-01]
 [-3.85188822e-01 -4.63995200e-01 -3.06421336e-01 -5.08424496e-01]
 [-2.93749036e-01 -4.14032541e-01 -2.24103373e-01 -7.01423973e-01]
 [-4.11934890e-01 -4.15533312e-01 -3.14583521e-01 -4.79432534e-01]
 [-2.58162992e-01 -4.36734399e-01 -2.96427725e-01 -5.42783916e-01]
 [-2.90313905e-01 -3.50392366e-01 -3.22300436e-01 -5.82153575e-01]
 [-3.39072593e-01 -3.44338790e-01 -3.72083278e-01 -4.89681957e-01]
 [-1.89597299e-01 -4.26461646e-01 -2.52534239e-01 -5.97161859e-01]
 [-3.58431617e-01 -3.23265374e-01 -2.30281260e-01 -5.48824241e-01]
 [-3.63805447e-01 -2.67800424e-01 -2.56743597e-01 -5.22701699e-01]
 [-1.86490066e-01 -2.75143981e-01 -2.92927282e-01 -5.93318749e-01]
 [-1.99747389e-01 -2.81159619e-01 -2.78318034e-01 -4.98786181e-01]
 [-3.20583286e-01 -2.11772498e-01 -2.34222775e-01 -4.96103739e-01]
 [-2.10004047e-01 -3.19168499e-01 -2.36169662e-01 -4.60938150e-01]
 [-2.34638251e-01 -2.08041834e-01 -2.39992922e-01 -5.21470288e-01]
 [-2.30243130e-01 -1.36919959e-01 -2.74328813e-01 -5.50039902e-01]
 [-3.31814360e-01 -1.26856662e-01 -2.52872631e-01 -4.63636283e-01]
 [-1.03461444e-01 -2.26694066e-01 -2.64303604e-01 -5.15938958e-01]
 [-2.83583926e-01 -2.62337558e-01 -2.45225556e-01 -3.32022637e-01]
 [-2.95534043e-01 -2.88894108e-01  2.01992232e-01 -4.50471926e-01]
 [-3.01347602e-01 -1.15081443e-01 -1.94051454e-01 -4.38423285e-01]
 [-1.48486506e-01 -3.76326591e-01  1.97908692e-01 -4.30702150e-01]
 [-2.48940907e-01 -1.23363392e-01 -2.30131248e-01 -3.83071521e-01]
 [-2.23504359e-01 -2.93299833e-01  2.22434629e-01 -3.80834300e-01]
 [-3.16914899e-01 -2.37957234e-01  2.12964972e-01 -3.46403608e-01]
 [-2.59975744e-01 -3.11632924e-01  2.54054667e-01 -2.89814431e-01]
 [-1.87779406e-01 -3.01367324e-01  2.90237458e-01 -3.44196130e-01]
 [-1.22476967e-01 -2.67075967e-01  2.74050854e-01 -3.75333533e-01]
 [-5.06318826e-02 -2.16598039e-01  1.93929147e-01 -4.47409919e-01]
 [-2.72267779e-01 -2.57056123e-01  1.84395522e-01 -2.04960117e-01]
 [-3.05022687e-01 -9.24301893e-02  2.37785483e-01 -3.42068529e-01]
 [-2.06276342e-01 -1.37546927e-01  1.83530753e-01 -3.52635425e-01]
 [-1.51320605e-01 -2.82684267e-01  2.96902621e-01 -2.46635748e-01]
 [-7.91589599e-02 -2.27355393e-01  1.69568062e-01 -3.22718250e-01]
 [-1.41594477e-01 -9.38994810e-02  1.77104941e-01 -3.97116365e-01]
 [-2.07281290e-01 -2.32178794e-01  2.32615126e-01 -1.78698204e-01]
 [-1.45975653e-01 -1.57296354e-01  2.75545206e-01 -2.62480393e-01]
 [-2.27649976e-02 -1.92400105e-01  2.62102986e-01 -2.96540460e-01]
 [-2.02882104e-01 -1.76742835e-01  2.53035460e-01 -1.40858876e-01]
 [-1.05092023e-01 -1.01598786e-01  2.86170205e-01 -2.68893654e-01]
 [-7.61309024e-02 -2.04020757e-01  2.70841690e-01 -1.75120037e-01]
 [-2.03767387e-01  6.20100815e-02  2.25092104e-01 -2.85635632e-01]
 [-1.47372650e-01  1.82676353e-02  3.20043366e-01 -3.14099327e-01]
 [-1.02913609e-01 -1.95456402e-01  2.18408156e-01 -8.48358385e-02]
 [ 3.35981138e-03 -7.27707371e-02  2.91879477e-01 -2.84944626e-01]
 [-1.12197757e-01 -1.41700460e-01  2.99375324e-01 -1.09492583e-01]
 [-4.80033383e-02 -1.22954762e-01  3.08818622e-01 -1.40267320e-01]
 [-4.16491311e-02 -3.59938089e-02  2.04177383e-01 -1.65419968e-01]
 [-2.11816505e-02 -9.87880602e-02  2.41009109e-01 -1.03697337e-01]
 [ 2.54441630e-02 -1.75369363e-01  3.09954772e-01 -6.30438235e-02]
 [-1.91892851e-02  2.31756754e-02  2.54061135e-01 -1.84727887e-01]
 [-1.70433039e-01  4.91891392e-02  3.02476190e-01 -9.08616092e-02]
 [-1.38606559e-02 -5.86734973e-02  2.77229385e-01 -7.51276631e-02]
 [-8.19706134e-02 -7.11817760e-02  3.35010262e-01 -1.55688561e-02]
 [ 5.77312354e-02 -1.03935398e-01  3.36819997e-01 -6.18937872e-02]
 [-1.10784663e-01  3.39332670e-02  3.58514888e-01 -6.00365829e-02]
 [ 1.00450572e-01 -2.98807304e-02  2.69568389e-01 -1.21574784e-01]
 [ 7.42028840e-03  1.48665372e-01  2.83868188e-01 -1.73132030e-01]
 [-1.00026647e-01 -3.66854873e-02  3.22936989e-01  6.83531146e-02]
 [ 1.34504437e-02  3.35486531e-02  4.05769762e-01 -8.80657528e-02]
 [ 2.50109397e-02  1.92841515e-04  3.44685549e-01 -1.35894921e-02]
 [ 2.62188651e-02 -3.65794059e-02  4.31836659e-01  3.38498596e-02]
 [-2.45879684e-02  5.78437131e-02  3.10865361e-01  5.11861611e-02]
 [-7.88171776e-02  1.07072817e-01  3.88468536e-01  3.19315009e-02]
 [-1.33171678e-02  1.40329069e-01  3.18801673e-01 -1.50555559e-03]
 [ 5.50252814e-02  7.73070641e-02  3.77079180e-01  1.57584436e-02]
 [ 7.81424399e-02  8.46465174e-02  4.56470262e-01 -2.46082060e-02]
 [ 1.52013404e-01  9.77947488e-02  3.65940150e-01 -4.54311818e-02]
 [ 9.89341270e-02  1.69187635e-01  3.21870020e-01 -4.79543451e-02]
 [-4.33653612e-02  1.88146416e-01  4.10796268e-01  2.75962353e-02]
 [ 1.27673540e-02  1.76496519e-01  2.74252664e-01  5.47291990e-02]
 [-5.49258571e-02  2.21440988e-01  3.39664020e-01  7.37523995e-02]
 [ 9.92199518e-02  5.84662389e-02  4.51964861e-01  8.12910702e-02]
 [-6.99160248e-03  1.59371626e-01  3.71124584e-01  1.33582229e-01]
 [ 6.69327825e-02  2.20842810e-01  4.17284006e-01  4.37714681e-02]
 [ 8.84375554e-02  1.19314894e-01  4.77627153e-01  1.41058192e-01]
 [ 1.09150669e-01  1.26707951e-01  3.63173187e-01  1.80029305e-01]
 [ 3.74673121e-02  2.10085457e-01  4.37966874e-01  1.68461230e-01]
 [ 4.55900431e-02  3.03086443e-01  4.37042467e-01  1.28102513e-01]
 [ 1.60555927e-01  1.75012223e-01  4.59191784e-01  1.40560096e-01]
 [ 2.01469107e-01  3.50886155e-01  4.40376984e-01  3.13181840e-02]
 [ 2.37219714e-01  2.05642199e-01  5.00533238e-01  1.05603484e-01]
 [ 1.12725472e-01  3.15106589e-01  4.87697192e-01  1.87691718e-01]
 [ 1.13364685e-01  2.84858996e-01  4.12823439e-01  2.81096127e-01]
 [ 2.48848716e-01  1.62934285e-01  4.52168949e-01  2.68631391e-01]
 [ 1.38221091e-01  3.86415567e-01  4.49492158e-01  2.18434116e-01]
 [ 2.35700119e-01  2.87832478e-01  4.73796261e-01  2.22036952e-01]
 [ 1.89904716e-01  2.68575011e-01  5.13170341e-01  3.42920626e-01]
 [ 2.40359521e-01  3.19964651e-01  4.22817415e-01  3.09296792e-01]
 [ 2.95288919e-01  4.06627893e-01  5.15808700e-01  1.79310001e-01]
 [ 2.10156010e-01  4.04658742e-01  4.58452517e-01  3.15764762e-01]
 [ 2.78614184e-01  3.96346290e-01  4.92578411e-01  2.61620410e-01]
 [ 1.86175985e-01  4.35578711e-01  5.35224712e-01  3.47496083e-01]
 [ 2.47439688e-01  3.31018180e-01  5.41642925e-01  4.02751651e-01]
 [ 3.03829165e-01  3.37354656e-01  5.07532528e-01  4.57866725e-01]
 [ 3.54368571e-01  2.94450646e-01  5.73579555e-01  3.98208855e-01]
 [ 3.42320321e-01  3.68308958e-01  4.91043011e-01  4.88627763e-01]
 [ 4.26925406e-01  3.09958400e-01  5.17557725e-01  4.91901016e-01]
 [ 4.47240414e-01  3.91024459e-01  5.55266675e-01  4.48503265e-01]
 [ 4.74875784e-01  4.71468590e-01  5.65870266e-01  5.40116344e-01]
 [ 5.44977188e-01  4.00027728e-01  6.57314498e-01  4.61985890e-01]
 [ 4.42675538e-01  5.95780337e-01  6.66872574e-01  4.60816424e-01]]",11,30
0.012139472279568075,0.009470745315239193,0.06489752324074623,0.8275862068965517,0.4239226711185268,0.42372280465869916,1.0004716915318923,87,125,"[[-0.75520063 -0.57570179 -0.37902062 -0.78797506]
 [-0.70383717 -0.4912571  -0.39240489 -0.74495446]
 [-0.64608594 -0.58196851 -0.42210458 -0.73697625]
 [-0.6267626  -0.61086877 -0.3274347  -0.661554  ]
 [-0.68637365 -0.54732003 -0.35212704 -0.59973933]
 [-0.61889875 -0.4848709  -0.34296217 -0.57538327]
 [-0.66231109 -0.46911709 -0.25544617 -0.54419585]
 [-0.59489746 -0.53182002 -0.29901567 -0.50617589]
 [-0.56201233 -0.46610517 -0.24898721 -0.53997682]
 [-0.56574491 -0.35964835 -0.21055586 -0.51965037]
 [-0.58445796 -0.37708235 -0.28597195 -0.42127025]
 [-0.49226052 -0.46627271 -0.26445302 -0.41595198]
 [-0.54803261 -0.36529825 -0.21930579 -0.4270631 ]
 [-0.54168199 -0.29606979 -0.26339961 -0.39411118]
 [-0.44435718 -0.40285364 -0.29011611 -0.35413803]
 [-0.4722404  -0.37919143 -0.22255646 -0.38982664]
 [-0.3796451  -0.35984654 -0.28870275 -0.39562902]
 [-0.51389223 -0.30457883 -0.19461545 -0.36534308]
 [-0.40551936 -0.29031291 -0.19778687 -0.42565203]
 [-0.43343774 -0.29837277 -0.25046263 -0.33430383]
 [-0.30652636 -0.33361201 -0.27168838 -0.36448806]
 [-0.3477914  -0.28262861 -0.33872822 -0.3028692 ]
 [-0.27876816 -0.32550446 -0.21559381 -0.39130315]
 [-0.37464412 -0.36751248 -0.17963605 -0.26648977]
 [-0.34701915 -0.31292814 -0.26467236 -0.22829718]
 [-0.28358393 -0.26233756 -0.24522556 -0.33202264]
 [-0.35626818 -0.18758219 -0.28629299 -0.27495957]
 [-0.29156947 -0.23229542 -0.12981422 -0.37140623]
 [-0.41325884 -0.25945155 -0.18022729 -0.17135506]
 [-0.35954226 -0.24237252 -0.15416424 -0.21940252]
 [-0.31131238 -0.20284558 -0.12070133 -0.29256591]
 [-0.2196618  -0.2249595  -0.16600392 -0.3016358 ]
 [-0.24617499 -0.21728043 -0.26663269 -0.20094314]
 [-0.32297488 -0.11812916 -0.27096448 -0.18117311]
 [-0.15773435 -0.32980431 -0.09920998 -0.26521611]
 [-0.2948408  -0.13747989 -0.20429921 -0.15986636]
 [-0.2685396  -0.20039646 -0.24113142 -0.09469786]
 [-0.17446539 -0.26834679 -0.20238397 -0.1325329 ]
 [-0.18196849 -0.23799732 -0.17266776 -0.16416508]
 [-0.10676374 -0.25210851 -0.14611594 -0.22634264]
 [-0.09924897 -0.22200139 -0.22893152 -0.19571701]
 [-0.16996934 -0.20494664 -0.077854   -0.2498681 ]
 [-0.11820594 -0.28149657 -0.10440181 -0.17188195]
 [-0.26400549 -0.26379509 -0.11565565 -0.02400067]
 [-0.2114339  -0.19403713 -0.21482011 -0.03934323]
 [-0.20592872 -0.12188917 -0.10042384 -0.19060509]
 [-0.19156406 -0.25551362 -0.0893422  -0.07825589]
 [-0.19387618 -0.09250108 -0.15003452 -0.14542564]
 [-0.13013946 -0.17409773 -0.14754925 -0.10482257]
 [-0.05505711 -0.14808396 -0.16261264 -0.1361886 ]
 [-0.17272281 -0.21797821 -0.13545308  0.0325681 ]
 [-0.14170368 -0.14080319 -0.10192875 -0.05914718]
 [-0.01873716 -0.23849663 -0.12321566 -0.03124598]
 [-0.04972527 -0.18275234 -0.15328995  0.00216076]
 [-0.07708246 -0.12579134 -0.04957136 -0.09070584]
 [-0.10936497 -0.08711811 -0.08521    -0.03423463]
 [-0.08705639  0.01660876 -0.14076243 -0.06861344]
 [-0.04905785 -0.04468719 -0.02703716 -0.09381645]
 [ 0.00689938 -0.12082134 -0.08658963 -0.01915829]
 [-0.03779098 -0.14970194 -0.09722588  0.08393052]
 [-0.13044861 -0.03579605 -0.01587125  0.00922247]
 [-0.07567139  0.05020896 -0.10871558 -0.01710924]
 [-0.08825741 -0.05105013 -0.0731291   0.10254462]
 [ 0.03668671  0.01747155 -0.09445422 -0.03230775]
 [-0.16316896  0.07713031 -0.03937872  0.05857443]
 [-0.00745107 -0.06317704 -0.0059078   0.04113187]
 [-0.03625802  0.04192347 -0.06066456  0.02400604]
 [-0.07027819  0.03116522 -0.08316335  0.14919469]
 [-0.05122518 -0.04121271  0.01965003  0.11709306]
 [-0.08783856  0.13269412 -0.02290222  0.03554387]
 [ 0.075978    0.00817905 -0.0487876   0.03908288]
 [-0.01111952 -0.10522687  0.05056698  0.17643461]
 [-0.02242205  0.06292411  0.04301947  0.06779594]
 [ 0.09042979 -0.00853825  0.02730027  0.06979137]
 [ 0.04600141  0.05995245 -0.08863635  0.1643911 ]
 [ 0.0972255  -0.07158467  0.05876323  0.12913173]
 [ 0.03500874  0.02156735  0.10842934  0.05360075]
 [-0.05458881  0.14998295  0.07183391  0.05714354]
 [ 0.06353198  0.03424827  0.00414284  0.17840733]
 [ 0.05420243  0.05126133  0.14111038  0.09486608]
 [ 0.12313919  0.09656821  0.03506069  0.11521937]
 [ 0.11216581  0.07185046 -0.0216583   0.22977137]
 [ 0.0270555   0.05370956  0.02837078  0.29130004]
 [ 0.02813675  0.08584209  0.0711095   0.23992689]
 [ 0.00838618  0.1148029   0.17935101  0.15860335]
 [ 0.15525413  0.05072115  0.0923951   0.20971872]
 [-0.02798877  0.24419411  0.14172756  0.1699529 ]
 [-0.00873025  0.21132702  0.10775047  0.2439563 ]
 [ 0.10097878  0.15229286  0.05114863  0.27219427]
 [ 0.09386221  0.24504074  0.09544985  0.19665509]
 [ 0.04054856  0.16841472  0.20521673  0.21633697]
 [ 0.11354413  0.21144079  0.15507028  0.15487856]
 [ 0.22085755  0.1552628   0.11713276  0.22869906]
 [ 0.2103351   0.09905672  0.23146482  0.18954472]
 [ 0.16874337  0.16551002  0.14229484  0.28227803]
 [ 0.16766594  0.19568698  0.19180455  0.24893412]
 [ 0.30865411  0.17877289  0.16169895  0.23952663]
 [ 0.31997217  0.12013401  0.21205438  0.27180116]
 [ 0.22904851  0.12957823  0.2973109   0.31721336]
 [ 0.23539129  0.21635607  0.21616874  0.34577349]
 [ 0.3080607   0.20902019  0.23465628  0.29163975]
 [ 0.37873613  0.04965963  0.35808964  0.3289872 ]
 [ 0.24884872  0.16293428  0.45216895  0.26863139]
 [ 0.35769595  0.31592766  0.19075483  0.31842339]
 [ 0.4089376   0.22962936  0.26091222  0.29595041]
 [ 0.31458391  0.18182773  0.36556509  0.38690588]
 [ 0.35295675  0.21256317  0.42087319  0.27415075]
 [ 0.37227245  0.24585798  0.32964429  0.32762704]
 [ 0.38433737  0.13351752  0.45655538  0.43312991]
 [ 0.34533504  0.3055068   0.45414372  0.30379746]
 [ 0.4359587   0.28927234  0.38639012  0.33535111]
 [ 0.42831817  0.19657869  0.48863111  0.36795831]
 [ 0.37645436  0.35328769  0.41840049  0.39469242]
 [ 0.46884331  0.16497166  0.534081    0.40139672]
 [ 0.35436857  0.29445065  0.57357956  0.39820885]
 [ 0.38499967  0.37166789  0.55286528  0.30172965]
 [ 0.55790619  0.27048995  0.36828268  0.44276272]
 [ 0.41552949  0.24847906  0.6420896   0.39050004]
 [ 0.53894326  0.21087514  0.49375273  0.43460201]
 [ 0.46092315  0.25818453  0.61992162  0.36709431]
 [ 0.44724041  0.39102446  0.55526667  0.44850327]
 [ 0.56886877  0.27223892  0.61626193  0.42397233]
 [ 0.51476069  0.31284646  0.69197301  0.41307567]
 [ 0.58091752  0.30144437  0.6332797   0.47449593]
 [ 0.54497719  0.40002773  0.6573145   0.46198589]]",12,30
0.08610560164048812,0.16500531946702093,0.5489746666703237,0.0,0.2583602110411133,0.42372280465869916,0.6097387447640632,87,56,"[[-0.86822331 -0.35033661 -0.73489882 -0.61865619]
 [-0.81845566 -0.28838196 -0.71027242 -0.68242445]
 [-0.80741773 -0.38501195 -0.74827889 -0.63109564]
 [-0.7047365  -0.33617997 -0.67839682 -0.67323154]
 [-0.73309618 -0.27519492 -0.64204908 -0.61151081]
 [-0.72486199 -0.24286027 -0.73293777 -0.59132272]
 [-0.74503052 -0.30824535 -0.60743124 -0.53701944]
 [-0.67523817 -0.35667309 -0.71641438 -0.54803824]
 [-0.69026694 -0.21923525 -0.78560963 -0.67974153]
 [-0.76117844 -0.34464165 -0.69483601 -0.46172427]
 [-0.63585101 -0.32599579 -0.67150343 -0.79453082]
 [-0.69771814 -0.24433194 -0.59761518 -0.77239097]
 [-0.64122531 -0.27043729 -0.81515328 -0.76108018]
 [-0.62947814 -0.20088349 -0.63055849 -0.71661664]
 [-0.64886335 -0.23981258 -0.80983696 -0.78609011]
 [-0.5699304  -0.22406259 -0.85146787 -0.81691033]
 [-0.58994313 -0.18388742 -0.63555199 -0.84596923]
 [-0.61772681 -0.16065818 -0.81274329 -0.88260025]
 [-0.75115405 -0.46341165 -0.61980956 -0.30045441]
 [-0.56544335 -0.13619368 -0.4842929  -0.89581651]
 [-0.37246454 -0.090291   -0.59220348 -0.61244783]
 [-0.29638068 -0.08187279 -0.75083273 -0.56370884]
 [-0.22363378 -0.08625562 -0.79471066 -0.50932714]
 [-0.12727003 -0.16834347 -0.72807609 -0.51927372]
 [-0.17815581 -0.13280657 -0.87427319 -0.46013513]
 [-0.07226145 -0.15519679 -0.57455904 -0.53519862]
 [-0.11143431 -0.20130873 -0.69608589 -0.39219914]
 [-0.10312675 -0.1475819  -0.78700137 -0.42906666]
 [-0.04673267 -0.1824528  -0.62904487 -0.45558039]
 [-0.05811768 -0.14915846 -0.62043551 -0.38014277]
 [ 0.02632965 -0.23113266 -0.69446188 -0.40727609]
 [-0.01444002 -0.09685867 -0.72036662 -0.41935803]
 [ 0.00143411 -0.17731619 -0.79104648 -0.38261839]
 [ 0.06954693 -0.14877721 -0.63653539 -0.4707793 ]
 [ 0.08147735 -0.18182786 -0.61398619 -0.42756832]
 [ 0.01627711 -0.08477453 -0.6191913  -0.3226646 ]
 [ 0.10592832 -0.24585785 -0.5814218  -0.36581422]
 [ 0.05759056 -0.1507857  -0.3807284  -0.39583465]
 [ 0.04855775 -0.13985131 -0.53081834 -0.30227298]
 [ 0.06513904 -0.08732762 -0.78587946 -0.36762219]
 [ 0.09974912 -0.06409838 -0.73271347 -0.40428324]
 [ 0.11731712 -0.21256328 -0.66805686 -0.2825911 ]
 [ 0.1491822  -0.13351741 -0.70451821 -0.37733123]
 [ 0.13266995 -0.187021   -0.42606117 -0.36470867]
 [ 0.11716321 -0.15917392 -0.93582604 -0.32846794]
 [ 0.18801448 -0.06003825 -0.79975    -0.33898197]
 [ 0.1535939  -0.07182952 -0.87316613 -0.27344171]
 [ 0.20250901 -0.06853828 -0.53191994 -0.29110907]
 [ 0.14637926 -0.08178996 -0.55626155 -0.17859877]
 [ 0.19545395 -0.0382985  -0.61469381 -0.24022515]
 [ 0.15941005  0.02729847 -0.74900026 -0.20671996]
 [ 0.27149483 -0.01450611 -0.66317567 -0.22904952]
 [ 0.21531903 -0.00524762 -0.63478637 -0.15842478]
 [ 0.24452693  0.0009988  -0.05674095 -0.06386426]
 [ 0.39378957  0.17912308 -0.09841545 -0.08332897]
 [ 0.19375611  0.01643099  0.30697597 -0.1070349 ]]",13,30
0.03577217270111508,0.01880725124604741,0.09812660063656099,0.3103448275862069,0.3951570589213065,0.42372280465869916,0.9325838840292431,87,170,"[[-5.63176908e-01 -3.74359310e-01 -5.10053329e-01 -7.75566492e-01]
 [-5.77362532e-01 -2.49258930e-01 -5.31634616e-01 -7.28911014e-01]
 [-5.45277277e-01 -3.10637729e-01 -4.20852158e-01 -7.23915638e-01]
 [-5.37780141e-01 -2.18182558e-01 -4.54108043e-01 -6.98144734e-01]
 [-5.25434572e-01 -3.54211133e-01 -5.19013718e-01 -6.31671874e-01]
 [-5.74748894e-01 -2.60818174e-01 -4.43137214e-01 -5.98729378e-01]
 [-4.66748439e-01 -2.71208307e-01 -4.45328308e-01 -6.57085646e-01]
 [-4.58014276e-01 -2.39056824e-01 -4.29650430e-01 -6.40103711e-01]
 [-3.94941939e-01 -3.15585131e-01 -3.70719608e-01 -6.75794793e-01]
 [-4.78603425e-01 -1.76973138e-01 -3.90803337e-01 -5.74444305e-01]
 [-4.15844837e-01 -8.76703970e-02 -4.04889062e-01 -6.75322743e-01]
 [-4.98346446e-01 -1.47767713e-01 -3.58740265e-01 -5.27331106e-01]
 [-3.51692516e-01 -2.04279689e-01 -3.81235177e-01 -6.08721809e-01]
 [-4.09728553e-01 -2.22318366e-01 -2.84879455e-01 -5.86805871e-01]
 [-3.98844961e-01 -1.75229719e-01 -4.13226992e-01 -4.81888272e-01]
 [-3.46186848e-01 -1.04795838e-01 -3.07917833e-01 -6.29091864e-01]
 [-3.77548411e-01 -5.69968261e-02 -3.18561306e-01 -5.38132574e-01]
 [-3.41218885e-01 -4.17352393e-02 -2.77916793e-01 -5.69812063e-01]
 [-3.62139851e-01 -8.60470943e-02 -3.51023037e-01 -4.11304040e-01]
 [-3.99527853e-01 -9.70505178e-02 -1.67106599e-01 -5.01761911e-01]
 [-3.31814360e-01 -1.26856662e-01 -2.52872631e-01 -4.63636283e-01]
 [-3.90263272e-01  3.38210147e-02 -2.55623499e-01 -4.92032912e-01]
 [-2.95981163e-01 -4.38680220e-02 -2.92589162e-01 -4.74807486e-01]
 [-4.57484094e-01 -3.59080061e-02 -1.83407966e-01 -3.47467802e-01]
 [-3.01347602e-01 -1.15081443e-01 -1.94051454e-01 -4.38423285e-01]
 [-3.94656964e-01  1.20718660e-01 -2.27459792e-01 -4.54187868e-01]
 [-2.76522718e-01 -7.29355402e-03 -1.84882188e-01 -5.33821978e-01]
 [-3.72118274e-01 -3.44580133e-02 -1.14428103e-01 -4.57193546e-01]
 [-3.84490307e-01 -7.83160757e-02 -2.41339315e-01 -2.82049498e-01]
 [-2.71567902e-01  3.08053456e-02 -2.48683995e-01 -4.86791529e-01]
 [-3.92784284e-01 -8.84346850e-03 -2.75423849e-01 -2.55922128e-01]
 [-2.48940907e-01 -1.23363392e-01 -2.30131248e-01 -3.83071521e-01]
 [-3.52863571e-01 -1.10220164e-03 -1.35114783e-01 -3.78833842e-01]
 [-3.34242418e-01 -6.33080397e-02 -1.69446712e-01 -3.13116027e-01]
 [-3.64022115e-01  4.15624008e-02 -1.46061311e-01 -3.61488555e-01]
 [-2.43151220e-01  1.24553163e-02 -2.74673630e-01 -3.43036808e-01]
 [-2.15255009e-01  1.95865333e-02 -2.06748700e-01 -4.32405777e-01]
 [-3.26477103e-01  1.66294284e-01 -2.78547615e-01 -2.92009156e-01]
 [-2.90051714e-01  9.22558624e-02 -2.12402159e-01 -2.98053773e-01]
 [-2.62669858e-01 -8.32425933e-02 -1.76453827e-01 -2.15193201e-01]
 [-2.57876363e-01  1.32333262e-01 -1.84556669e-01 -3.27005759e-01]
 [-2.95382528e-01  6.18936531e-02 -1.37337314e-01 -2.33218817e-01]
 [-3.30727741e-01  1.42990226e-01 -1.61923705e-01 -2.05202090e-01]
 [-3.06767495e-01  2.83549670e-02 -1.13117270e-01 -1.80753322e-01]
 [-1.81425303e-01  6.25728760e-02 -2.31804462e-01 -2.24113643e-01]
 [-2.70427529e-01  1.87161770e-01 -2.53939308e-01 -1.79682096e-01]
 [-2.08638834e-01 -2.90903691e-02 -4.98364754e-02 -2.78106946e-01]
 [-2.09194485e-01  1.70346592e-01 -1.08007941e-01 -3.29761405e-01]
 [-2.22682649e-01  5.16514331e-02 -1.57901006e-01 -1.62479518e-01]
 [-1.89875007e-01  1.36746632e-01 -1.42511463e-01 -2.56269321e-01]
 [-2.41351984e-01  1.16780676e-01 -1.08422935e-02 -2.95178948e-01]
 [-3.19289345e-01  1.71890717e-01 -8.85943137e-02 -1.30767597e-01]
 [-1.92463024e-01  2.31560018e-01 -1.91602034e-01 -2.12458093e-01]
 [-2.57422691e-01  2.57720686e-01 -1.47292439e-01 -1.86108185e-01]
 [-2.55096313e-01  9.07980241e-02 -8.20844881e-02 -1.19488217e-01]
 [-2.76560536e-01  1.92333600e-01 -2.18147747e-02 -1.94309190e-01]
 [-2.89946321e-01  1.70355925e-01  4.16967645e-03 -1.51373779e-01]
 [-1.49247658e-01  1.50303220e-01 -1.33658318e-01 -1.50945919e-01]
 [-2.02430218e-01  8.54462609e-02 -1.18282776e-01 -4.97243479e-02]
 [-1.69548247e-01  9.61723886e-02 -1.77345648e-02 -1.74535815e-01]
 [-2.21289076e-01  1.62066838e-01  4.03743424e-02 -2.06727332e-01]
 [-2.04393463e-01  2.02598700e-01 -5.78783564e-02 -1.38950631e-01]
 [-2.32765924e-01  1.39180023e-01 -2.79407725e-02 -7.52159748e-02]
 [-2.12640671e-01  2.94963451e-01 -6.71009179e-02 -1.58101158e-01]
 [-2.37248655e-01  3.25751344e-01 -1.52442127e-01 -5.21800928e-02]
 [-1.90957893e-01  1.21150339e-01  7.50293061e-02 -1.68334227e-01]
 [-2.73380363e-01  2.33898003e-01  3.47823128e-02 -8.62341262e-02]
 [-8.15184750e-02  1.67361427e-01 -4.39769458e-02 -1.69093957e-01]
 [-1.42943103e-01  1.77158993e-01 -1.74462777e-01  1.93595085e-02]
 [-1.61548421e-01  3.77959926e-01 -1.07282380e-01 -1.53403578e-01]
 [-1.79359449e-01  2.97360186e-01  2.56782118e-02 -1.86535114e-01]
 [-1.06171478e-01  1.21531997e-01 -1.38210626e-01  1.20145343e-02]
 [-1.29391190e-01  3.38859104e-01 -8.15179013e-03 -2.21657891e-01]
 [-1.75397260e-01  2.44576259e-01 -7.85614625e-02 -1.37725882e-02]
 [-1.63168963e-01  7.71303084e-02 -3.93787194e-02  5.85744306e-02]
 [-9.82584562e-02  2.61654260e-01 -1.14390641e-01 -6.42351042e-02]
 [-2.14627394e-01  2.22618878e-01 -1.21906213e-03  6.87589124e-03]
 [-1.25298645e-01  1.41543912e-01  6.48268536e-02 -8.19211025e-02]
 [-4.85163927e-02  1.54681936e-01 -6.85971696e-02 -4.43935860e-02]
 [-1.30882964e-01  1.47465521e-01 -7.59944152e-02  6.64881077e-02]
 [-1.98702037e-01  4.03756069e-01  4.99499943e-02 -1.28858944e-01]
 [-1.80727413e-01  2.09907744e-01 -1.03552060e-01  1.32175639e-01]
 [-2.08487796e-01  2.55352169e-01  1.10830298e-01 -6.18304592e-02]
 [-8.78385566e-02  1.32694123e-01 -2.29022168e-02  3.55438720e-02]
 [-1.33532368e-01  3.60885823e-01  6.01332840e-02 -1.21396899e-01]
 [-1.84699258e-01  2.78316690e-01  3.14350836e-02  5.29800076e-02]
 [-1.89404584e-01  4.23774831e-01  9.14740562e-03  1.04406308e-02]
 [-2.09979570e-01  1.95830705e-01  5.17156851e-02  1.50143735e-01]
 [-2.38987580e-01  3.22632106e-01  1.44200498e-01  3.37864123e-02]
 [-5.60178049e-02  3.74115460e-01 -5.64431399e-02 -2.78408825e-03]
 [-1.39605794e-01  3.65714507e-01 -4.89619710e-02  1.05198421e-01]
 [-1.03665454e-01  2.31819721e-01  5.24996594e-03  1.18762407e-01]
 [-1.15769295e-01  2.95375135e-01  1.30758163e-01  1.91882811e-03]
 [-1.24578942e-02  2.67986756e-01 -3.55803128e-02  7.11318124e-02]
 [ 2.72646174e-03  2.03063194e-01  1.02978647e-02  7.13368617e-02]
 [-6.16030172e-02  3.68079409e-01  5.32101486e-02  2.06890330e-02]
 [-1.52534964e-01  4.42401888e-01  6.80660456e-02  7.19604306e-02]
 [-1.09448556e-01  4.36912859e-01 -1.27043519e-02  1.13427429e-01]
 [-1.38420420e-01  2.16222784e-01  4.47074678e-02  2.55148416e-01]
 [-1.59319248e-01  3.79845586e-01  9.61148255e-02  1.35633567e-01]
 [ 1.37064904e-02  2.23259455e-01 -6.17709644e-02  2.10669413e-01]
 [-9.15644132e-02  3.26103050e-01  9.11050495e-02  1.45984497e-01]
 [ 2.96698622e-02  2.62677127e-01  1.34822108e-01  4.82459050e-02]
 [-1.21890590e-01  3.94622706e-01  5.54551426e-02  2.29078041e-01]
 [-9.20705497e-06  3.05766864e-01  1.72283556e-02  2.09365753e-01]
 [-8.90275873e-02  5.05799649e-01  1.11395346e-01  9.64228343e-02]
 [-1.51787437e-02  1.81149520e-01  5.81511110e-02  2.87270632e-01]
 [-1.01268739e-02  3.78402153e-01  1.68487594e-01  5.95992301e-02]
 [-8.73024948e-03  2.11327022e-01  1.07750468e-01  2.43956298e-01]
 [ 1.46673433e-03  3.48615885e-01 -2.09326055e-02  2.89001541e-01]
 [-7.30122626e-03  3.35951507e-01  6.68701511e-02  2.59300502e-01]
 [-3.22933886e-02  4.69608279e-01  1.13433132e-01  1.65574595e-01]
 [ 1.97643917e-02  4.28322135e-01  5.38425874e-02  2.12902823e-01]
 [ 3.83825973e-04  3.95454563e-01  1.95639230e-01  1.38445815e-01]
 [-1.20771227e-01  4.89313712e-01  1.06525170e-01  3.02209927e-01]
 [ 6.60424326e-02  3.67234170e-01  1.94214426e-01  1.11787137e-01]
 [ 7.22522065e-02  4.39869229e-01  1.20896963e-01  1.49521805e-01]
 [ 5.72800227e-02  2.33420122e-01  1.17731649e-01  3.33637541e-01]
 [ 1.88238136e-02  4.60461810e-01  9.66771599e-02  2.55763432e-01]
 [-4.90249172e-02  4.09735585e-01  2.17335228e-01  2.82890424e-01]
 [-1.86785944e-02  3.69551500e-01  1.82673447e-01  3.42047183e-01]
 [ 2.39592381e-02  5.67285910e-01  1.61460724e-01  1.93996441e-01]
 [ 6.95441663e-03  4.90155524e-01  1.53840810e-01  3.30205301e-01]
 [ 1.42042605e-01  4.25375206e-01  1.13965660e-01  2.87632894e-01]
 [ 1.20901169e-01  3.36816296e-01  1.76654916e-01  3.58222013e-01]
 [ 3.12016662e-02  5.37108539e-01  2.34894294e-01  2.74669334e-01]
 [ 5.47246132e-02  4.25874375e-01  1.81947794e-01  3.92018061e-01]
 [-2.21137330e-02  4.32978891e-01  2.70007210e-01  4.41542044e-01]
 [ 1.51547533e-01  2.59722332e-01  1.96896171e-01  4.51100610e-01]
 [ 6.46446049e-02  5.79134945e-01  1.83985863e-01  3.38248836e-01]
 [-1.28369909e-02  4.71078936e-01  2.43491523e-01  4.71567145e-01]
 [ 4.34322283e-03  6.21839793e-01  2.78935252e-01  3.12023362e-01]
 [ 9.68088992e-02  6.33738704e-01  2.12788902e-01  2.86813702e-01]
 [ 2.11835746e-01  4.73673107e-01  1.94498619e-01  2.99139963e-01]
 [ 6.14041258e-02  7.46115850e-01  1.45552613e-01  3.50271014e-01]
 [ 1.81872062e-01  4.53180945e-01  1.68078328e-01  4.23838785e-01]
 [ 3.21269296e-02  5.97705752e-01  2.10269310e-01  4.62946227e-01]
 [ 1.87527226e-01  5.51872307e-01  1.66179510e-01  3.68354835e-01]
 [ 8.76003895e-02  5.08013092e-01  3.29406155e-01  3.71688861e-01]
 [ 1.23325413e-01  4.00219856e-01  2.76945060e-01  4.88967009e-01]
 [ 1.59000171e-01  5.00100045e-01  1.88586874e-01  4.93535858e-01]
 [ 2.26554124e-01  4.11108699e-01  2.19674388e-01  4.85465158e-01]
 [ 8.00388772e-02  4.79931431e-01  3.44191810e-01  5.22353983e-01]
 [ 1.38108293e-01  6.12038242e-01  1.82587741e-01  5.26555123e-01]
 [ 1.00240216e-01  5.72050696e-01  3.65811097e-01  4.37318699e-01]
 [ 9.00551509e-02  6.96296474e-01  2.48281989e-01  4.75578392e-01]
 [ 2.46567089e-01  4.97825503e-01  2.63531685e-01  4.60800664e-01]
 [ 1.80973653e-01  5.87060632e-01  2.93174628e-01  4.68385944e-01]
 [ 1.94920134e-01  4.18998713e-01  3.84066721e-01  5.95991552e-01]
 [ 2.75140960e-01  3.79764423e-01  3.39038953e-01  6.22306790e-01]
 [ 2.95831269e-01  5.37431631e-01  3.25965781e-01  4.57086362e-01]
 [ 3.16894220e-01  4.84466324e-01  2.73208320e-01  5.60680179e-01]
 [ 5.83081160e-01  8.35509624e-01  6.43958217e-01  8.74832295e-01]
 [ 2.51292558e-01  5.82963534e-01  3.02907292e-01  5.53093916e-01]
 [ 4.95591100e-01  7.58638890e-01  6.81094550e-01  8.68508078e-01]
 [ 3.21083836e-01  5.02363119e-01  3.80571770e-01  5.33717208e-01]
 [ 5.08614959e-01  7.84640586e-01  7.18288949e-01  8.09368217e-01]
 [ 4.87849340e-01  7.28165815e-01  6.93857988e-01  8.34924599e-01]
 [ 5.94090771e-01  9.18082243e-01  5.09389695e-01  8.35922668e-01]
 [ 5.27877329e-01  7.51040623e-01  5.32165632e-01  8.54540026e-01]
 [ 5.19993352e-01  7.19162546e-01  5.92782674e-01  8.17019902e-01]
 [ 4.31725064e-01  6.86749732e-01  6.14362627e-01  8.14632334e-01]
 [ 5.68546901e-01  7.70502362e-01  5.56408770e-01  7.42150985e-01]
 [ 4.83542323e-01  7.91689802e-01  5.68389861e-01  7.95523185e-01]
 [ 4.76407122e-01  6.99021664e-01  5.56600824e-01  7.51167158e-01]
 [ 3.94497680e-01  8.82559540e-01  6.08804839e-01  7.67994754e-01]
 [ 4.76921694e-01  8.23890293e-01  5.19386908e-01  7.35810436e-01]
 [ 4.27365530e-01  8.11885387e-01  5.92974698e-01  6.74222091e-01]
 [ 4.57986746e-01  7.48491414e-01  4.54726446e-01  6.84855530e-01]
 [ 3.76746668e-01  8.55466390e-01  4.71432814e-01  7.05053797e-01]]",14,30
0.015198833879590623,0.013027173470241127,0.07257155447527276,0.7701149425287356,0.4165580168508403,0.42372280465869916,0.9830908609825402,87,155,"[[-6.95644081e-01 -5.38179548e-01 -4.96897785e-01 -6.73549337e-01]
 [-7.14823404e-01 -4.71064208e-01 -5.11237795e-01 -5.87921007e-01]
 [-6.14705317e-01 -5.02919974e-01 -4.50462557e-01 -5.79671727e-01]
 [-6.66508559e-01 -5.17687565e-01 -3.98333924e-01 -5.48727492e-01]
 [-6.07029261e-01 -4.55970401e-01 -4.06518418e-01 -5.26332062e-01]
 [-6.18898747e-01 -4.84870896e-01 -3.42962166e-01 -5.75383268e-01]
 [-5.69176234e-01 -4.23289346e-01 -3.68078450e-01 -6.39149623e-01]
 [-5.31146053e-01 -4.57759842e-01 -3.97751261e-01 -4.33326550e-01]
 [-5.11464179e-01 -4.91054172e-01 -3.51788511e-01 -4.80951246e-01]
 [-5.16890038e-01 -3.74896720e-01 -3.83953720e-01 -5.37133642e-01]
 [-5.04951909e-01 -3.41358030e-01 -3.65585530e-01 -6.11090954e-01]
 [-4.41368425e-01 -3.88422258e-01 -3.85129167e-01 -5.27805056e-01]
 [-6.16637362e-01 -3.39706138e-01 -3.13805753e-01 -4.53670226e-01]
 [-5.84457958e-01 -3.77082352e-01 -2.85971945e-01 -4.21270246e-01]
 [-4.90953373e-01 -3.65404217e-01 -2.66281001e-01 -5.51090131e-01]
 [-4.11934890e-01 -4.15533312e-01 -3.14583521e-01 -4.79432534e-01]
 [-4.61917063e-01 -2.54442619e-01 -3.54794897e-01 -4.58987392e-01]
 [-4.44357183e-01 -4.02853642e-01 -2.90116109e-01 -3.54138032e-01]
 [-5.41681986e-01 -2.96069792e-01 -2.63399610e-01 -3.94111177e-01]
 [-4.72240400e-01 -3.79191430e-01 -2.22556459e-01 -3.89826640e-01]
 [-3.79645098e-01 -3.59846544e-01 -2.88702749e-01 -3.95629024e-01]
 [-5.63032176e-01 -2.45438570e-01 -2.74890196e-01 -3.09016272e-01]
 [-5.13892230e-01 -3.04578833e-01 -1.94615453e-01 -3.65343085e-01]
 [-4.33437744e-01 -2.98372766e-01 -2.50462633e-01 -3.34303830e-01]
 [-3.47791402e-01 -2.82628613e-01 -3.38728217e-01 -3.02869197e-01]
 [-3.06526359e-01 -3.33612006e-01 -2.71688385e-01 -3.64488060e-01]
 [-4.83293537e-01 -1.60168774e-01 -3.00192853e-01 -3.07498544e-01]
 [-4.89644418e-01 -2.47311082e-01 -2.17089951e-01 -2.77469689e-01]
 [-2.78768163e-01 -3.25504461e-01 -2.15593811e-01 -3.91303146e-01]
 [-3.47019151e-01 -3.12928140e-01 -2.64672359e-01 -2.28297181e-01]
 [-2.83583926e-01 -2.62337558e-01 -2.45225556e-01 -3.32022637e-01]
 [-3.56268184e-01 -1.87582189e-01 -2.86292989e-01 -2.74959570e-01]
 [-3.55140690e-01 -1.57275520e-01 -3.60306408e-01 -1.93767244e-01]
 [-4.26141612e-01 -1.73755903e-01 -2.91347487e-01 -1.62208589e-01]
 [-2.45540101e-01 -1.86918706e-01 -3.17222539e-01 -2.67707385e-01]
 [-3.84490307e-01 -7.83160757e-02 -2.41339315e-01 -2.82049498e-01]
 [-2.46174993e-01 -2.17280434e-01 -2.66632687e-01 -2.00943138e-01]
 [-2.65636835e-01 -1.06538787e-01 -2.61980206e-01 -2.86619524e-01]
 [-2.19661796e-01 -2.24959496e-01 -1.66003922e-01 -3.01635804e-01]
 [-3.22974883e-01 -1.18129160e-01 -2.70964481e-01 -1.81173109e-01]
 [-3.34242418e-01 -6.33080397e-02 -1.69446712e-01 -3.13116027e-01]
 [-3.89451066e-01 -4.80166711e-02 -1.59166154e-01 -2.49223689e-01]
 [-2.94840798e-01 -1.37479888e-01 -2.04299213e-01 -1.59866361e-01]
 [-1.81968493e-01 -2.37997316e-01 -1.72667759e-01 -1.64165080e-01]
 [-3.29315988e-01 -3.29992250e-02 -2.42548538e-01 -1.55535089e-01]
 [-3.57599266e-01 -9.39700846e-02 -2.18285846e-01 -8.98778364e-02]
 [-2.62669858e-01 -8.32425933e-02 -1.76453827e-01 -2.15193201e-01]
 [-1.69969337e-01 -2.04946639e-01 -7.78540000e-02 -2.49868099e-01]
 [-9.65350382e-02 -1.27247034e-01 -1.87197968e-01 -2.73009803e-01]
 [-2.11433904e-01 -1.94037128e-01 -2.14820115e-01 -3.93432342e-02]
 [-3.24886592e-01  1.01517215e-02 -2.26151405e-01 -1.07923949e-01]
 [-2.05928717e-01 -1.21889167e-01 -1.00423839e-01 -1.90605089e-01]
 [-1.52578574e-01 -7.35731628e-02 -1.25555431e-01 -2.57875724e-01]
 [-1.93876177e-01 -9.25010759e-02 -1.50034515e-01 -1.45425636e-01]
 [-1.30139463e-01 -1.74097726e-01 -1.47549255e-01 -1.04822570e-01]
 [-2.43720239e-01 -3.05620432e-02 -1.86013492e-01 -8.55943765e-02]
 [-1.60463963e-01 -1.05211740e-01 -2.36895459e-01 -2.02369913e-02]
 [-5.50571084e-02 -1.48083964e-01 -1.62612639e-01 -1.36188602e-01]
 [-2.22682649e-01  5.16514331e-02 -1.57901006e-01 -1.62479518e-01]
 [-8.85894336e-02 -1.58841742e-01 -2.00889375e-01 -1.08888466e-02]
 [-6.70868289e-02 -5.73057234e-02 -1.40558627e-01 -1.79220447e-01]
 [-1.99267216e-01 -1.11544233e-01 -1.60008471e-01  2.89654508e-02]
 [-4.97252718e-02 -1.82752345e-01 -1.53289946e-01  2.16075592e-03]
 [-1.31657487e-01  1.83163956e-03 -1.97779922e-01 -3.73018328e-02]
 [-3.74974478e-02 -1.52984224e-02 -2.23482214e-01 -5.45306932e-02]
 [-9.98076610e-02  7.90514778e-02 -1.79675840e-01 -1.29939593e-01]
 [-1.09364968e-01 -8.71181116e-02 -8.52099974e-02 -3.42346318e-02]
 [-2.32960315e-01  2.38194708e-02 -1.52142204e-01  4.60297521e-02]
 [-8.70563854e-02  1.66087598e-02 -1.40762430e-01 -6.86134417e-02]
 [ 4.33334075e-02 -2.35736910e-02 -1.25019565e-01 -1.31919103e-01]
 [ 6.89938106e-03 -1.20821344e-01 -8.65896251e-02 -1.91582851e-02]
 [-4.90578543e-02 -4.46871947e-02 -2.70371605e-02 -9.38164461e-02]
 [-7.63917770e-02 -2.16613617e-02 -1.77328093e-01  6.13059271e-02]
 [ 3.79194357e-02 -5.14051802e-02 -1.82124251e-01  1.40024219e-02]
 [ 4.86171246e-02  5.03388848e-02 -1.56065941e-01 -1.16038436e-01]
 [-1.30448608e-01 -3.57960537e-02 -1.58712547e-02  9.22246836e-03]
 [-7.56713878e-02  5.02089616e-02 -1.08715577e-01 -1.71092432e-02]
 [-1.06171478e-01  1.21531997e-01 -1.38210626e-01  1.20145343e-02]
 [ 3.66867147e-02  1.74715519e-02 -9.44542233e-02 -3.23077496e-02]
 [-1.63168963e-01  7.71303084e-02 -3.93787194e-02  5.85744306e-02]
 [-3.62580214e-02  4.19234708e-02 -6.06645569e-02  2.40060408e-02]
 [-4.85163927e-02  1.54681936e-01 -6.85971696e-02 -4.43935860e-02]
 [-1.30882964e-01  1.47465521e-01 -7.59944152e-02  6.64881077e-02]
 [ 4.23348136e-03  9.27697439e-02 -1.27367726e-01  5.94399609e-02]
 [-7.02781882e-02  3.11652236e-02 -8.31633471e-02  1.49194693e-01]
 [ 7.59780034e-02  8.17905180e-03 -4.87875976e-02  3.90828792e-02]
 [-8.78385566e-02  1.32694123e-01 -2.29022168e-02  3.55438720e-02]
 [-1.60321612e-02  2.04589503e-01 -1.61050363e-01  4.75964397e-02]
 [-1.80727413e-01  2.09907744e-01 -1.03552060e-01  1.32175639e-01]
 [ 1.42796915e-01  2.39327345e-02 -1.04826799e-01  7.07616527e-02]
 [-2.24220455e-02  6.29241057e-02  4.30194661e-02  6.77959397e-02]
 [-5.77603951e-02  1.74700940e-01 -1.21359609e-01  1.60365710e-01]
 [ 4.60014082e-02  5.99524472e-02 -8.86363536e-02  1.64391099e-01]
 [ 4.79723010e-02  1.61549054e-01 -2.40176469e-02  2.04687323e-02]
 [ 5.40457051e-02  1.58801273e-01  2.26157699e-02 -2.94333883e-03]
 [ 8.18193760e-02  1.41026136e-01 -1.12968568e-01  1.45167189e-01]
 [ 6.35319836e-02  3.42482738e-02  4.14283574e-03  1.78407332e-01]
 [-2.55981572e-02  1.04609510e-01 -2.51700692e-02  2.14696679e-01]
 [ 2.72646174e-03  2.03063194e-01  1.02978647e-02  7.13368617e-02]
 [-1.00482645e-01  1.93434864e-01 -4.75286618e-02  2.25745745e-01]
 [-1.24578942e-02  2.67986756e-01 -3.55803128e-02  7.11318124e-02]
 [ 1.69128170e-01  8.73525031e-02 -7.47652147e-02  1.35962579e-01]
 [ 9.22587700e-03  1.30399682e-01 -1.04115363e-01  2.58164685e-01]
 [ 1.23139186e-01  9.65682138e-02  3.50606851e-02  1.15219370e-01]
 [ 1.12165811e-01  7.18504637e-02 -2.16583014e-02  2.29771372e-01]
 [ 1.37064904e-02  2.23259455e-01 -6.17709644e-02  2.10669413e-01]
 [ 2.33321456e-01  1.77295115e-01 -6.46772925e-02  1.13789214e-01]
 [ 6.82043657e-03  2.55748017e-01 -6.31811600e-02  2.42271168e-01]
 [ 3.94341853e-02  9.03222896e-02 -1.47653893e-02  3.66896750e-01]
 [ 2.05068175e-01  2.38769116e-01 -9.94957145e-02  1.79478891e-01]
 [-1.51787437e-02  1.81149520e-01  5.81511110e-02  2.87270632e-01]
 [ 1.36015221e-01  2.20282516e-01 -1.21891199e-01  2.92189470e-01]
 [-9.20705497e-06  3.05766864e-01  1.72283556e-02  2.09365753e-01]
 [ 1.00978779e-01  1.52292861e-01  5.11486270e-02  2.72194270e-01]
 [ 2.11973555e-01  2.70519415e-01 -2.54529826e-02  1.48822894e-01]
 [ 1.29695876e-01  3.45657542e-01 -8.49559866e-02  2.14332748e-01]
 [ 1.87412698e-01  2.28554521e-01  5.77365998e-02  1.65218741e-01]
 [ 1.02476459e-01  2.76943572e-01  2.96019036e-02  2.25538796e-01]
 [ 1.05122833e-01  1.72375750e-01 -1.62952393e-03  3.82870294e-01]
 [ 1.68743366e-01  1.65510025e-01  1.42294843e-01  2.82278031e-01]
 [ 5.72800227e-02  2.33420122e-01  1.17731649e-01  3.33637541e-01]
 [ 1.80246538e-01  1.35816285e-01  1.08164208e-01  3.66008546e-01]
 [ 3.13696761e-01  2.28594491e-01 -7.98487943e-02  3.47176930e-01]
 [ 8.63659158e-02  2.12896660e-01  1.92593560e-02  4.58947660e-01]
 [ 2.17239523e-01  3.63381688e-01 -7.79325403e-02  3.19827745e-01]
 [ 2.28089344e-01  2.07601653e-01 -2.33424772e-02  4.17361306e-01]
 [ 2.32059818e-01  2.79878698e-01  9.16676335e-02  2.75854737e-01]
 [ 1.08963130e-01  3.69683361e-01  7.37996493e-02  3.05749172e-01]
 [ 1.72242889e-01  3.53940995e-01  1.67883299e-02  3.37305637e-01]
 [ 1.40101507e-01  2.92590138e-01  5.36194146e-02  4.00554154e-01]
 [ 1.84218800e-01  3.13592643e-01 -3.61158997e-02  4.45143117e-01]
 [ 2.51675619e-01  4.19917202e-01  6.30597994e-02  2.37068968e-01]
 [ 2.88937517e-01  2.70620648e-01  1.10156845e-01  3.30842078e-01]
 [ 3.79858984e-01  4.14983204e-01  2.94243358e-03  2.63947416e-01]
 [ 3.66081001e-01  3.22858807e-01 -9.67971981e-03  3.90024049e-01]
 [ 3.01856259e-01  4.12495751e-01 -7.19061494e-03  3.60224131e-01]
 [ 1.99901514e-01  4.44711823e-01  5.50441891e-02  3.49205745e-01]
 [ 2.37931462e-01  3.81415198e-01  3.07825617e-02  4.12942059e-01]
 [ 2.74206297e-01  3.32941676e-01  8.50372761e-02  3.92106002e-01]
 [ 3.57695954e-01  3.15927662e-01  1.90754825e-01  3.18423389e-01]
 [ 2.59824678e-01  4.76159880e-01 -3.17537524e-02  4.25364973e-01]
 [ 3.27469653e-01  4.00850389e-01  1.62928170e-01  3.06638196e-01]
 [ 3.38919515e-01  4.29750906e-01  8.75301361e-02  3.57638638e-01]
 [ 3.06497162e-01  3.87774071e-01  4.94064800e-02  4.82832529e-01]
 [ 3.91236352e-01  3.85350257e-01  2.46537969e-01  3.37462254e-01]
 [ 3.54203656e-01  3.30786478e-01  9.38654691e-02  5.47649423e-01]
 [ 3.47759277e-01  4.94032424e-01  1.23510238e-01  4.19390360e-01]
 [ 3.94850835e-01  4.01986960e-01  9.30139665e-02  5.46220567e-01]
 [ 3.59628703e-01  4.64400226e-01  1.26031214e-01  4.94824013e-01]
 [ 4.29056851e-01  5.26851362e-01  1.78393714e-01  4.54713602e-01]
 [ 5.24618810e-01  5.66564970e-01  1.53037166e-01  4.60137699e-01]
 [ 4.54585940e-01  5.61774915e-01  1.23846857e-01  5.38241390e-01]
 [ 5.53257437e-01  5.53258974e-01  2.25896528e-01  5.52239964e-01]
 [ 4.31602282e-01  6.72016120e-01  1.64840300e-01  5.74340243e-01]
 [ 4.99715032e-01  6.54234588e-01  2.58835269e-01  5.40776059e-01]]",15,30
0.03238907668256724,0.019254073493961514,0.10753514477702403,0.42528735632183906,0.3943138867336513,0.42372280465869916,0.930593969447392,87,142,"[[-8.15888094e-01 -5.30709743e-01 -5.14267797e-01 -2.22850921e-01]
 [-8.66388392e-01 -5.74050372e-01 -4.24895247e-01 -1.32499008e-01]
 [-7.19306121e-01 -5.51398430e-01 -4.55977386e-01 -1.36730969e-01]
 [-6.33811971e-01 -5.20474646e-01 -5.34724677e-01 -1.68468090e-01]
 [-6.99383682e-01 -4.21954544e-01 -5.02320854e-01 -1.61126489e-01]
 [-5.38611960e-01 -4.88604039e-01 -4.73912127e-01 -1.63148521e-01]
 [-5.91500940e-01 -5.16861740e-01 -4.72165942e-01 -1.05593417e-01]
 [-6.61853636e-01 -3.90878173e-01 -4.87323822e-01 -1.29392661e-01]
 [-4.49996356e-01 -5.15504811e-01 -4.83148841e-01 -1.65904781e-01]
 [-6.51040081e-01 -4.54778254e-01 -4.57877932e-01 -6.95342142e-02]
 [-6.07486742e-01 -4.08979464e-01 -3.34781514e-01 -1.75571028e-01]
 [-6.41565727e-01 -3.55286773e-01 -3.53461262e-01 -1.68302884e-01]
 [-5.89215988e-01 -3.37255815e-01 -4.49357223e-01 -1.52225273e-01]
 [-5.24045246e-01 -4.27397253e-01 -4.40009352e-01 -9.80076753e-02]
 [-4.99422867e-01 -4.34020180e-01 -3.38932294e-01 -1.15275314e-01]
 [-6.71753626e-01 -2.91150903e-01 -3.26329358e-01 -1.08504999e-01]
 [-5.56200927e-01 -3.55826093e-01 -4.13155802e-01 -2.70520058e-02]
 [-4.79679927e-01 -4.04326683e-01 -4.10546144e-01 -3.30093596e-02]
 [-5.18324051e-01 -2.65405780e-01 -3.74746380e-01 -1.39863774e-01]
 [-5.12477202e-01 -3.98253344e-01 -3.10451208e-01 -5.03981188e-02]
 [-4.34251960e-01 -3.28681942e-01 -3.33635602e-01 -1.34484619e-01]
 [-6.76154943e-01 -3.62423474e-01 -1.59181042e-01 -7.21208062e-02]
 [-6.28439896e-01 -2.06607595e-01 -2.45280296e-01 -1.61354644e-01]
 [-6.09452635e-01 -3.07383331e-01 -2.70063864e-01 -1.50567107e-02]
 [-3.98329703e-01 -2.99846102e-01 -3.87738252e-01 -2.85554286e-02]
 [-3.78640147e-01 -2.66978299e-01 -3.61802667e-01 -7.32199792e-02]
 [-5.53058255e-01 -2.72498615e-01 -1.77049261e-01 -1.04209617e-01]
 [-5.36284497e-01 -1.71178270e-01 -2.88662329e-01 -9.75050554e-02]
 [-5.61180532e-01 -2.40680918e-01 -1.97990572e-01 -6.74809683e-02]
 [-4.43338407e-01 -3.09240583e-01 -2.06770366e-01 -4.60387450e-02]
 [-3.86019750e-01 -2.34490110e-01 -2.63237135e-01 -9.89627019e-02]
 [-5.70466220e-01 -2.19822614e-01 -9.27703828e-02 -1.43116960e-01]
 [-3.40142390e-01 -2.51476379e-01 -2.89912025e-01 -4.15449757e-02]
 [-5.33254221e-01 -3.02131550e-01 -7.24916887e-02 -6.00066669e-02]
 [-4.91799504e-01 -9.08933841e-02 -2.86024062e-01 -8.75508301e-02]
 [-4.59509443e-01 -1.29795723e-01 -3.13846143e-01 -3.73896118e-02]
 [-4.74881329e-01 -1.85845766e-01 -1.14159154e-01 -1.44544238e-01]
 [-4.62226866e-01 -2.49745963e-01 -8.12943708e-02 -8.52627754e-02]
 [-3.91392149e-01 -1.65170567e-01 -2.19387468e-01 -6.60080332e-02]
 [-4.11454713e-01 -1.91717034e-01 -2.47085737e-01  9.37103853e-03]
 [-4.50227680e-01 -2.16634732e-01 -1.68250810e-01 -5.20948321e-04]
 [-5.10968743e-01 -1.51390310e-01 -2.10071966e-01  1.47348754e-02]
 [-5.97074473e-01 -1.27449175e-01 -1.31167909e-01 -5.88499382e-03]
 [-5.65076925e-01 -2.00779222e-01 -9.81629733e-02  2.71536577e-02]
 [-3.57599266e-01 -9.39700846e-02 -2.18285846e-01 -8.98778364e-02]
 [-5.30967575e-01 -4.64439727e-02 -1.71133364e-01 -5.75795472e-02]
 [-4.23686851e-01 -1.10200731e-01 -1.30022116e-01 -5.90516180e-02]
 [-4.62428711e-01 -1.02891732e-01 -2.07433699e-01  5.21549135e-02]
 [-4.00961896e-01 -1.88114848e-02 -9.13518649e-02 -1.64993068e-01]
 [-3.24886592e-01  1.01517215e-02 -2.26151405e-01 -1.07923949e-01]
 [-1.93876177e-01 -9.25010759e-02 -1.50034515e-01 -1.45425636e-01]
 [-3.58373983e-01 -2.41060816e-01 -8.67384691e-02  6.07296452e-02]
 [-5.60978135e-01 -9.43149645e-02 -7.60865416e-02  3.83252781e-02]
 [-2.43720239e-01 -3.05620432e-02 -1.86013492e-01 -8.55943765e-02]
 [-3.79457857e-01 -1.36025913e-01 -3.10678463e-02 -1.98367219e-02]
 [-2.88781730e-01 -5.33702280e-02 -1.05589338e-01 -7.11075757e-02]
 [-2.67742604e-01 -8.96823127e-02 -1.11070825e-01  2.80569866e-03]
 [-3.77780899e-01 -1.37434736e-01  1.59940347e-02  3.56397964e-03]
 [-3.69594630e-01 -6.47646338e-02 -3.21711227e-02 -1.15332715e-02]
 [-4.51047581e-01 -7.34421369e-02 -4.21079956e-02  9.63729434e-02]
 [-2.43434355e-01 -1.34440230e-01 -5.58394361e-02  5.22500817e-02]
 [-2.32209438e-01 -5.97066674e-02 -6.35279194e-02 -3.71972099e-04]
 [-3.28042919e-01 -4.60306667e-02 -5.98846655e-02  6.42107036e-02]
 [-3.71335581e-01 -6.79949597e-02  4.61500455e-02  2.75619887e-02]
 [-4.83760728e-01  3.26268263e-02 -1.86012313e-02  7.82657284e-02]
 [-4.65377446e-01  7.41357282e-02  1.09722465e-03  1.35407820e-02]
 [-2.69910734e-01 -8.99829660e-02  1.23092867e-01 -2.06648447e-02]
 [-1.30448608e-01 -3.57960537e-02 -1.58712547e-02  9.22246836e-03]
 [-3.03599967e-01  5.31958565e-02  6.84753396e-02 -3.87052428e-02]
 [-3.42525342e-01  4.68635466e-02  2.27799099e-02  4.56019510e-02]
 [-2.44951813e-01  5.66872470e-02 -9.83736236e-02  1.18064458e-01]
 [-3.56856972e-01  6.78641591e-02 -5.12717851e-03  1.12590812e-01]
 [-3.95580323e-01  2.87671424e-02  1.74340947e-01  2.44336333e-02]
 [-1.63168963e-01  7.71303084e-02 -3.93787194e-02  5.85744306e-02]
 [-2.83616986e-01  1.27876103e-01  6.07868601e-02  1.78330224e-02]
 [-1.30882964e-01  1.47465521e-01 -7.59944152e-02  6.64881077e-02]
 [-2.26632476e-01  1.34234991e-01  1.87225807e-02  8.88185482e-02]
 [-2.53416315e-01  8.89128558e-02  8.95899367e-02  1.07106373e-01]
 [-2.72606183e-01  1.18545080e-01  1.60928048e-01  5.70479147e-02]
 [-1.67810105e-01  9.91623886e-02  2.89058704e-02  1.61437292e-01]
 [-3.74683795e-01  2.40260893e-01  1.12121614e-01  7.94596337e-02]
 [-3.13215949e-01  1.79648612e-01  8.30419939e-02  1.42645443e-01]
 [-2.16156863e-01  1.12209087e-01  1.34615786e-01  1.12164181e-01]
 [-5.45888059e-02  1.49982952e-01  7.18339123e-02  5.71435448e-02]
 [-1.44622006e-01  1.74411688e-01  1.84657527e-01 -4.04619984e-03]
 [-2.09979570e-01  1.95830705e-01  5.17156851e-02  1.50143735e-01]
 [-3.32894053e-01  1.46109926e-01  1.66503213e-01  1.93199789e-01]
 [-1.03665454e-01  2.31819721e-01  5.24996594e-03  1.18762407e-01]
 [-1.13411400e-01  1.14666328e-01  6.95623048e-02  1.92623984e-01]
 [-1.57755649e-01  2.18673632e-01  1.56943504e-01  7.63387084e-02]
 [-2.26356694e-01  2.36452719e-01  2.51412241e-01  4.29280736e-02]
 [-2.58923708e-01  2.20134027e-01  2.25163378e-01  1.31626699e-01]
 [-2.68198304e-01  1.80017550e-01  2.61444690e-01  1.56283380e-01]
 [-1.35519091e-01  1.84024327e-01  1.17287157e-01  2.13502103e-01]
 [-3.49107310e-02  1.83583153e-01  1.78687813e-01  1.06706047e-01]
 [ 2.96698622e-02  2.62677127e-01  1.34822108e-01  4.82459050e-02]
 [-1.90785909e-01  2.29430217e-01  1.98745020e-01  2.01632623e-01]
 [-1.98912105e-01  2.61303660e-01  1.76215118e-01  2.20537657e-01]
 [-2.79887747e-02  2.44194105e-01  1.41727565e-01  1.69952895e-01]
 [-4.22873460e-02  3.38385915e-01  1.96333360e-01  6.53383471e-02]
 [-1.38607556e-01  2.87446940e-01  2.71203127e-01  1.28946153e-01]
 [-4.76552118e-02  2.53652627e-01  2.85288071e-01  9.78161115e-02]
 [-1.98818762e-02  2.76805572e-01  2.33228371e-01  1.26603933e-01]
 [-8.87819547e-02  2.10713735e-01  2.97756169e-01  1.99061565e-01]
 [-1.46907736e-01  3.74405509e-01  2.42795339e-01  1.58979706e-01]
 [-2.35586774e-01  3.86068206e-01  3.09429899e-01  1.80644559e-01]
 [-2.03301519e-01  3.30747515e-01  3.37252360e-01  1.94417860e-01]
 [ 6.60424326e-02  3.67234170e-01  1.94214426e-01  1.11787137e-01]
 [ 3.83825973e-04  3.95454563e-01  1.95639230e-01  1.38445815e-01]
 [ 3.60868443e-02  3.86952916e-01  2.52579747e-01  1.01841500e-01]
 [-8.01823866e-02  3.03442864e-01  3.27226916e-01  2.23123973e-01]
 [ 5.75815998e-02  2.69730859e-01  3.13473402e-01  2.07926778e-01]
 [-8.33769739e-02  3.35574731e-01  2.76158424e-01  3.08225507e-01]
 [ 3.71585228e-02  2.93034920e-01  2.42233004e-01  2.94734184e-01]
 [-4.90249172e-02  4.09735585e-01  2.17335228e-01  2.82890424e-01]
 [ 4.55900431e-02  3.03086443e-01  4.37042467e-01  1.28102513e-01]
 [-4.56919670e-02  4.02056493e-01  3.50074386e-01  2.11464087e-01]
 [ 6.01090621e-02  3.64429673e-01  2.70641318e-01  2.60800036e-01]
 [-4.07192539e-02  4.94804090e-01  3.00431056e-01  2.57262727e-01]
 [ 8.05573929e-02  4.01677154e-01  3.97359777e-01  1.87369717e-01]
 [ 6.84971940e-02  4.30882825e-01  3.53097426e-01  2.26662980e-01]
 [ 6.38416074e-02  4.61059660e-01  3.08897192e-01  3.04686500e-01]
 [-3.61617580e-02  5.08611299e-01  4.08032503e-01  2.77144715e-01]
 [ 1.38221091e-01  3.86415567e-01  4.49492158e-01  2.18434116e-01]
 [ 1.91471841e-01  4.66001913e-01  3.74871779e-01  1.98691167e-01]
 [ 1.35689814e-01  4.79163574e-01  4.00003323e-01  2.50277916e-01]
 [ 7.60895219e-02  5.41368676e-01  4.20139261e-01  2.92341448e-01]
 [ 8.30314457e-02  4.94415751e-01  4.40645929e-01  3.43964385e-01]
 [ 2.75598887e-01  4.89023501e-01  4.19661241e-01  2.07045842e-01]
 [ 2.78614184e-01  3.96346290e-01  4.92578411e-01  2.61620410e-01]
 [ 1.57421598e-01  5.14669744e-01  5.28123701e-01  2.41517380e-01]
 [ 2.03000907e-01  5.76455340e-01  4.30132879e-01  2.58012461e-01]
 [ 1.42693015e-01  5.57362685e-01  4.88869367e-01  3.23407754e-01]
 [ 2.55498201e-01  5.68173867e-01  3.95897551e-01  3.13009338e-01]
 [ 3.07342166e-01  5.04136609e-01  4.24556212e-01  3.78700215e-01]
 [ 2.45643018e-01  5.26290128e-01  5.05856665e-01  3.55143351e-01]
 [ 2.98797572e-01  5.17024478e-01  5.39968969e-01  2.84284068e-01]
 [ 4.05731563e-01  4.86133793e-01  4.82583132e-01  2.89588409e-01]
 [ 4.63215429e-01  5.83185591e-01  4.52899896e-01  2.82186219e-01]
 [ 4.95387197e-01  6.37529705e-01  4.16287933e-01  3.42876289e-01]
 [ 5.40997544e-01  6.23592060e-01  4.15233722e-01  3.49015348e-01]
 [ 4.54182614e-01  5.62973570e-01  5.83585747e-01  3.75151828e-01]]",16,30
0.010486022248160098,0.00809746305050209,0.028257723098541417,0.8505747126436781,0.42760234653131346,0.42372280465869916,1.009155848656128,87,138,"[[-6.57963309e-01 -5.07133694e-01 -5.13395848e-01 -6.41812313e-01]
 [-6.74245408e-01 -4.39484177e-01 -4.95012438e-01 -6.19652320e-01]
 [-6.14705317e-01 -5.02919974e-01 -4.50462557e-01 -5.79671727e-01]
 [-5.47212400e-01 -4.12227158e-01 -4.81112335e-01 -5.87805847e-01]
 [-5.06868770e-01 -5.04556380e-01 -4.94431622e-01 -4.85207705e-01]
 [-4.80753539e-01 -4.99140006e-01 -4.86068277e-01 -4.98202791e-01]
 [-4.04508412e-01 -4.93444799e-01 -4.44037078e-01 -5.93169713e-01]
 [-5.16890038e-01 -3.74896720e-01 -3.83953720e-01 -5.37133642e-01]
 [-4.41368425e-01 -3.88422258e-01 -3.85129167e-01 -5.27805056e-01]
 [-5.32174909e-01 -3.95804452e-01 -4.22443107e-01 -3.68124189e-01]
 [-4.23384693e-01 -3.86633055e-01 -4.34894724e-01 -4.34783272e-01]
 [-4.36663132e-01 -2.81935142e-01 -4.09371259e-01 -5.31770639e-01]
 [-4.11934890e-01 -4.15533312e-01 -3.14583521e-01 -4.79432534e-01]
 [-3.91205505e-01 -3.30152599e-01 -4.61756067e-01 -4.40278197e-01]
 [-3.89272513e-01 -4.47367504e-01 -4.00932269e-01 -3.73518633e-01]
 [-3.39072593e-01 -3.44338790e-01 -3.72083278e-01 -4.89681957e-01]
 [-4.61917063e-01 -2.54442619e-01 -3.54794897e-01 -4.58987392e-01]
 [-4.44357183e-01 -4.02853642e-01 -2.90116109e-01 -3.54138032e-01]
 [-3.79645098e-01 -3.59846544e-01 -2.88702749e-01 -3.95629024e-01]
 [-4.24949264e-01 -2.04056976e-01 -3.74554312e-01 -3.69140295e-01]
 [-3.59843941e-01 -2.52935357e-01 -4.11791649e-01 -3.45599540e-01]
 [-4.33437744e-01 -2.98372766e-01 -2.50462633e-01 -3.34303830e-01]
 [-3.06526359e-01 -3.33612006e-01 -2.71688385e-01 -3.64488060e-01]
 [-3.47791402e-01 -2.82628613e-01 -3.38728217e-01 -3.02869197e-01]
 [-2.63695760e-01 -2.39325313e-01 -3.26293498e-01 -4.00255026e-01]
 [-2.78768163e-01 -3.25504461e-01 -2.15593811e-01 -3.91303146e-01]
 [-2.37900287e-01 -3.41901593e-01 -3.07768119e-01 -3.10110891e-01]
 [-2.97916286e-01 -1.76645461e-01 -3.53298519e-01 -3.38440128e-01]
 [-2.83583926e-01 -2.62337558e-01 -2.45225556e-01 -3.32022637e-01]
 [-3.56268184e-01 -1.87582189e-01 -2.86292989e-01 -2.74959570e-01]
 [-3.01347602e-01 -1.15081443e-01 -1.94051454e-01 -4.38423285e-01]
 [-2.71025099e-01 -1.68143811e-01 -1.59389308e-01 -4.36636247e-01]
 [-2.91569469e-01 -2.32295424e-01 -1.29814217e-01 -3.71406229e-01]
 [-2.45540101e-01 -1.86918706e-01 -3.17222539e-01 -2.67707385e-01]
 [-2.48940907e-01 -1.23363392e-01 -2.30131248e-01 -3.83071521e-01]
 [-1.62779739e-01 -1.98793804e-01 -2.58037914e-01 -3.29341626e-01]
 [-1.84747279e-01 -1.43237347e-01 -2.23701561e-01 -3.67183808e-01]
 [-2.19661796e-01 -2.24959496e-01 -1.66003922e-01 -3.01635804e-01]
 [-3.22974883e-01 -1.18129160e-01 -2.70964481e-01 -1.81173109e-01]
 [-3.34242418e-01 -6.33080397e-02 -1.69446712e-01 -3.13116027e-01]
 [-1.98853314e-01 -1.30618762e-01 -1.10669095e-01 -4.06661805e-01]
 [-1.23170335e-01 -1.82037368e-01 -2.57095648e-01 -2.33077707e-01]
 [-2.94840798e-01 -1.37479888e-01 -2.04299213e-01 -1.59866361e-01]
 [-1.81968493e-01 -2.37997316e-01 -1.72667759e-01 -1.64165080e-01]
 [-2.62669858e-01 -8.32425933e-02 -1.76453827e-01 -2.15193201e-01]
 [-1.69969337e-01 -2.04946639e-01 -7.78540000e-02 -2.49868099e-01]
 [-9.65350382e-02 -1.27247034e-01 -1.87197968e-01 -2.73009803e-01]
 [-1.15736358e-01 -1.56391423e-01 -6.32627998e-02 -3.12776305e-01]
 [-1.65496353e-01 -1.72625884e-01 -2.57764161e-02 -2.81465650e-01]
 [-1.52578574e-01 -7.35731628e-02 -1.25555431e-01 -2.57875724e-01]
 [-2.05928717e-01 -1.21889167e-01 -1.00423839e-01 -1.90605089e-01]
 [-1.93876177e-01 -9.25010759e-02 -1.50034515e-01 -1.45425636e-01]
 [-1.30139463e-01 -1.74097726e-01 -1.47549255e-01 -1.04822570e-01]
 [-2.43720239e-01 -3.05620432e-02 -1.86013492e-01 -8.55943765e-02]
 [-5.50571084e-02 -1.48083964e-01 -1.62612639e-01 -1.36188602e-01]
 [-2.88781730e-01 -5.33702280e-02 -1.05589338e-01 -7.11075757e-02]
 [-1.11297702e-01 -1.88706582e-01 -2.06075031e-02 -1.55935373e-01]
 [-6.70868289e-02 -5.73057234e-02 -1.40558627e-01 -1.79220447e-01]
 [-1.41703676e-01 -1.40803188e-01 -1.01928752e-01 -5.91471847e-02]
 [-6.46251626e-02 -1.67719329e-01  6.87290542e-03 -1.89776467e-01]
 [-1.14326125e-01  1.90566983e-02 -2.86484007e-02 -2.62865163e-01]
 [-1.54583236e-01  8.76548886e-03  2.23405659e-04 -2.33645478e-01]
 [-1.28576383e-02 -1.05656732e-01 -5.90489935e-02 -1.59534745e-01]
 [-7.70824552e-02 -1.25791337e-01 -4.95713633e-02 -9.07058399e-02]
 [-1.39769023e-01 -7.96325319e-03 -4.12422828e-02 -1.25194414e-01]
 [-8.70563854e-02  1.66087598e-02 -1.40762430e-01 -6.86134417e-02]
 [-1.43099720e-01  3.46994121e-02 -5.26808165e-02 -1.11289924e-01]
 [-4.90578543e-02 -4.46871947e-02 -2.70371605e-02 -9.38164461e-02]
 [-4.65512145e-02  6.27803989e-03 -4.29246016e-03 -1.42419362e-01]
 [-1.30448608e-01 -3.57960537e-02 -1.58712547e-02  9.22246836e-03]
 [-1.28769735e-01 -3.45093161e-02  3.11891958e-02 -2.98148412e-02]
 [ 6.96063042e-02  3.60113718e-02 -1.12858918e-02 -1.57494487e-01]
 [ 3.66867147e-02  1.74715519e-02 -9.44542233e-02 -3.23077496e-02]
 [ 8.86908732e-02 -1.49519555e-02 -1.97910126e-02 -7.86179099e-02]
 [-3.62580214e-02  4.19234708e-02 -6.06645569e-02  2.40060408e-02]
 [ 5.15355878e-02 -1.68238711e-02  7.29727987e-02 -7.65666384e-02]
 [-3.45791262e-02  4.40527797e-02  4.85166777e-02 -1.50275137e-02]
 [ 7.59780034e-02  8.17905180e-03 -4.87875976e-02  3.90828792e-02]
 [ 7.37506561e-02  1.52045246e-02  6.08134624e-02 -6.24504518e-02]
 [-7.34431092e-02  5.13617229e-02  9.46183279e-02  6.29902817e-03]
 [ 1.44963227e-01  3.07007153e-02  9.85382348e-02 -9.32766702e-02]
 [-2.24220455e-02  6.29241057e-02  4.30194661e-02  6.77959397e-02]
 [ 9.04297903e-02 -8.53824988e-03  2.73002684e-02  6.97913747e-02]
 [ 1.28348704e-01 -2.38018706e-02  6.38057794e-02  3.81147023e-02]
 [ 5.40457051e-02  1.58801273e-01  2.26157699e-02 -2.94333883e-03]
 [ 3.50087360e-02  2.15673521e-02  1.08429339e-01  5.36007453e-02]
 [-5.45888059e-02  1.49982952e-01  7.18339123e-02  5.71435448e-02]
 [ 2.72646174e-03  2.03063194e-01  1.02978647e-02  7.13368617e-02]
 [ 1.25155423e-01  5.96622713e-02  1.51916763e-01 -8.07339884e-03]
 [ 9.28187314e-02  1.82711778e-01  6.87462837e-02  9.84018855e-03]
 [ 1.23139186e-01  9.65682138e-02  3.50606851e-02  1.15219370e-01]
 [ 1.25975264e-01  1.67942280e-01  2.81056520e-02  1.03894746e-01]
 [ 1.77451229e-01  7.85335600e-02  1.31053951e-01  6.47410043e-02]
 [-3.49107310e-02  1.83583153e-01  1.78687813e-01  1.06706047e-01]
 [ 2.96698622e-02  2.62677127e-01  1.34822108e-01  4.82459050e-02]
 [ 8.38617794e-03  1.14802897e-01  1.79351008e-01  1.58603348e-01]
 [ 7.35563692e-02  1.49844445e-01  1.80733820e-01  9.16290898e-02]
 [ 1.45165132e-01  1.34342533e-01  2.22353429e-01  6.01994637e-02]
 [-8.73024948e-03  2.11327022e-01  1.07750468e-01  2.43956298e-01]
 [ 1.87412698e-01  2.28554521e-01  5.77365998e-02  1.65218741e-01]
 [ 1.13544133e-01  2.11440792e-01  1.55070284e-01  1.54878560e-01]
 [ 4.05485574e-02  1.68414723e-01  2.05216730e-01  2.16336971e-01]
 [ 2.20857548e-01  1.55262796e-01  1.17132762e-01  2.28699060e-01]
 [ 1.96683127e-01  2.47459671e-01  1.71258762e-01  1.23763584e-01]
 [ 1.68743366e-01  1.65510025e-01  1.42294843e-01  2.82278031e-01]
 [ 1.67665936e-01  1.95686983e-01  1.91804554e-01  2.48934116e-01]
 [ 1.59432922e-01  2.90156448e-01  1.83204727e-01  2.04363855e-01]
 [ 5.75815998e-02  2.69730859e-01  3.13473402e-01  2.07926778e-01]
 [ 4.88446802e-02  2.39535287e-01  3.11574087e-01  2.45386451e-01]
 [ 3.71585228e-02  2.93034920e-01  2.42233004e-01  2.94734184e-01]
 [ 2.23643728e-01  2.54721042e-01  2.75749154e-01  1.76369315e-01]
 [ 2.48546662e-01  3.41712028e-01  2.41656991e-01  1.42928332e-01]
 [ 8.87390580e-02  3.76084622e-01  2.04492941e-01  2.66839422e-01]
 [ 1.60377314e-01  3.20341516e-01  2.32695842e-01  2.64286665e-01]
 [ 9.40412953e-02  2.51808327e-01  3.37692564e-01  3.20374101e-01]
 [ 1.78996429e-01  2.34646320e-01  3.71691464e-01  2.57616406e-01]
 [ 1.80434151e-01  3.59506851e-01  3.34667556e-01  2.41718832e-01]
 [ 6.38416074e-02  4.61059660e-01  3.08897192e-01  3.04686500e-01]
 [ 1.31132571e-01  5.24251249e-01  2.61646502e-01  2.78247487e-01]
 [ 2.21165860e-01  3.49414008e-01  3.27637315e-01  3.54979569e-01]
 [ 1.57949256e-01  3.83983606e-01  3.13681290e-01  3.95275787e-01]
 [ 1.54952146e-01  4.46051631e-01  3.50514840e-01  3.35507711e-01]
 [ 2.10156010e-01  4.04658742e-01  4.58452517e-01  3.15764762e-01]
 [ 3.02742943e-01  4.90481999e-01  2.82019287e-01  4.05692326e-01]
 [ 1.77631153e-01  4.17338949e-01  4.35800781e-01  4.40447371e-01]
 [ 2.23206731e-01  5.44744186e-01  3.44585706e-01  4.03074689e-01]
 [ 2.95831269e-01  5.37431631e-01  3.25965781e-01  4.57086362e-01]
 [ 3.07342166e-01  5.04136609e-01  4.24556212e-01  3.78700215e-01]
 [ 2.83553075e-01  4.57187423e-01  4.68500352e-01  4.45961965e-01]
 [ 3.21083836e-01  5.02363119e-01  3.80571770e-01  5.33717208e-01]
 [ 2.38096407e-01  4.93822038e-01  5.51526124e-01  5.01790132e-01]
 [ 2.64531255e-01  5.78727253e-01  5.14851926e-01  4.69082423e-01]
 [ 2.18221659e-01  6.22167291e-01  4.72933205e-01  5.40192151e-01]
 [ 3.97698473e-01  5.18107384e-01  4.67858497e-01  5.65392166e-01]
 [ 2.91129593e-01  5.54135323e-01  4.82919810e-01  6.59018394e-01]
 [ 3.15956734e-01  5.22681296e-01  5.31158062e-01  6.27275022e-01]
 [ 3.71691169e-01  5.84758667e-01  5.54928092e-01  5.63568506e-01]
 [ 3.77422424e-01  6.56071445e-01  5.06951708e-01  5.92313426e-01]]",17,30
0.024432855118048807,0.01346762998437765,0.1246942208327934,0.7126436781609196,0.41211940783797213,0.42372280465869916,0.972615595162394,87,191,"[[-9.92519779e-01 -6.36232879e-01 -8.50510310e-01 -5.54003712e-01]
 [-8.79415780e-01 -5.37649794e-01 -8.27641852e-01 -5.11459969e-01]
 [-8.91464505e-01 -5.04782494e-01 -9.22815265e-01 -5.90315443e-01]
 [-8.27302538e-01 -5.19548297e-01 -9.78838615e-01 -5.58636893e-01]
 [-8.16031424e-01 -4.75070911e-01 -8.67324298e-01 -5.31919440e-01]
 [-7.86842022e-01 -4.39727740e-01 -9.22236416e-01 -4.59136194e-01]
 [-7.59786017e-01 -4.22759591e-01 -9.48952008e-01 -5.51238995e-01]
 [-8.37323682e-01 -3.58684398e-01 -8.99611637e-01 -4.79337135e-01]
 [-7.92078812e-01 -3.52653252e-01 -9.20141414e-01 -5.73823517e-01]
 [-7.02770850e-01 -4.37708836e-01 -7.39222765e-01 -5.13429539e-01]
 [-7.07164556e-01 -3.99455719e-01 -7.75268039e-01 -5.41998379e-01]
 [-7.39445161e-01 -3.13418981e-01 -8.71445695e-01 -5.82939232e-01]
 [-7.66553950e-01 -3.06480061e-01 -7.91664207e-01 -4.98107336e-01]
 [-6.18817607e-01 -3.90366411e-01 -8.63736335e-01 -4.78753213e-01]
 [-6.62472336e-01 -4.05631812e-01 -7.95736721e-01 -3.85065582e-01]
 [-6.64979858e-01 -3.00811293e-01 -7.97556544e-01 -5.23380425e-01]
 [-7.13431105e-01 -2.99137019e-01 -7.57541412e-01 -4.28459994e-01]
 [-6.27717150e-01 -3.82395182e-01 -7.22795460e-01 -3.59143253e-01]
 [-5.62423414e-01 -4.08658568e-01 -7.08681906e-01 -3.90505351e-01]
 [-5.86642263e-01 -3.34252277e-01 -7.67535508e-01 -3.96308227e-01]
 [-6.53126005e-01 -2.80867266e-01 -6.62594173e-01 -4.56424195e-01]
 [-6.21276183e-01 -3.26695722e-01 -7.13887075e-01 -3.59727098e-01]
 [-5.65648668e-01 -2.65115490e-01 -7.46939680e-01 -4.24866509e-01]
 [-6.33379281e-01 -3.10499944e-01 -5.86945331e-01 -3.79544541e-01]
 [-6.60017574e-01 -3.42195854e-01 -6.26616985e-01 -2.65795311e-01]
 [-4.81774911e-01 -3.28297030e-01 -7.09735166e-01 -4.27360829e-01]
 [-6.60767388e-01 -3.11957480e-01 -7.07497440e-01 -2.02916363e-01]
 [-4.87622233e-01 -4.45450449e-01 -6.45140540e-01 -2.59025354e-01]
 [-6.02013843e-01 -3.56328188e-01 -5.35591409e-01 -2.88680123e-01]
 [-5.74018892e-01 -2.32446698e-01 -6.28111567e-01 -4.03062394e-01]
 [-5.52456729e-01 -2.73522563e-01 -6.02161318e-01 -3.48162878e-01]
 [-6.14124985e-01 -1.71835843e-01 -6.61099829e-01 -3.43689371e-01]
 [-6.08450893e-01 -2.63641674e-01 -6.11022092e-01 -2.42668761e-01]
 [-6.28740460e-01 -2.89676849e-01 -4.40778008e-01 -2.85606196e-01]
 [-4.32418283e-01 -4.05011049e-01 -5.38110612e-01 -2.79195590e-01]
 [-4.63570351e-01 -2.34996019e-01 -6.39580900e-01 -3.37395612e-01]
 [-5.82832374e-01 -2.12143525e-01 -4.74654986e-01 -3.55138022e-01]
 [-5.02271624e-01 -1.80273520e-01 -5.47570748e-01 -3.83197319e-01]
 [-5.01837147e-01 -3.24919937e-01 -4.58097268e-01 -2.56935462e-01]
 [-6.01559594e-01 -2.30976041e-01 -5.14029184e-01 -2.10763920e-01]
 [-4.43455944e-01 -3.00499860e-01 -5.14080094e-01 -2.82310070e-01]
 [-5.94256131e-01 -1.38296684e-01 -5.89357348e-01 -2.58024529e-01]
 [-5.70775948e-01 -2.75546329e-01 -3.50153869e-01 -2.69296961e-01]
 [-5.14072258e-01 -2.00021740e-01 -4.99240091e-01 -2.41530104e-01]
 [-4.02968047e-01 -2.87446581e-01 -5.22797534e-01 -1.85482085e-01]
 [-5.56878487e-01 -1.48879947e-01 -5.65136934e-01 -1.45314978e-01]
 [-5.81701567e-01 -1.79830434e-01 -4.25621515e-01 -1.76073655e-01]
 [-4.46839295e-01 -1.75611680e-01 -5.35418443e-01 -2.04453830e-01]
 [-4.97827811e-01 -2.26021051e-01 -4.00204446e-01 -1.74570113e-01]
 [-4.77065329e-01 -1.03673944e-01 -5.64236235e-01 -1.70607610e-01]
 [-5.70251713e-01 -1.50685810e-01 -3.24832980e-01 -2.22210545e-01]
 [-4.34251960e-01 -3.28681942e-01 -3.33635602e-01 -1.34484619e-01]
 [-2.91748425e-01 -2.72396643e-01 -4.34202347e-01 -2.47185702e-01]
 [-4.06280350e-01 -1.44062167e-01 -4.58136957e-01 -2.36196725e-01]
 [-4.64534502e-01 -9.33279675e-02 -4.15594026e-01 -2.68344654e-01]
 [-3.20403257e-01 -2.85076611e-01 -4.60607871e-01 -1.22365175e-01]
 [-4.65658182e-01 -6.10657223e-02 -4.96386267e-01 -2.00367378e-01]
 [-5.57749208e-01 -5.39566595e-02 -3.49412695e-01 -2.18245506e-01]
 [-4.05339258e-01 -2.05529060e-01 -4.87278663e-01 -4.93849181e-02]
 [-3.56268184e-01 -1.87582189e-01 -2.86292989e-01 -2.74959570e-01]
 [-3.78640147e-01 -2.66978299e-01 -3.61802667e-01 -7.32199792e-02]
 [-3.55140690e-01 -1.57275520e-01 -3.60306408e-01 -1.93767244e-01]
 [-4.26141612e-01 -1.73755903e-01 -2.91347487e-01 -1.62208589e-01]
 [-3.74952376e-01 -1.28314199e-01 -3.90148370e-01 -1.42263001e-01]
 [-3.86019750e-01 -2.34490110e-01 -2.63237135e-01 -9.89627019e-02]
 [-3.76053244e-01 -7.27501605e-02 -4.22494017e-01 -1.38862956e-01]
 [-3.03144073e-01 -2.08968444e-01 -3.08695834e-01 -1.30332585e-01]
 [-2.46174993e-01 -2.17280434e-01 -2.66632687e-01 -2.00943138e-01]
 [-4.91799504e-01 -9.08933841e-02 -2.86024062e-01 -8.75508301e-02]
 [-4.59509443e-01 -1.29795723e-01 -3.13846143e-01 -3.73896118e-02]
 [-3.22974883e-01 -1.18129160e-01 -2.70964481e-01 -1.81173109e-01]
 [-3.91392149e-01 -1.65170567e-01 -2.19387468e-01 -6.60080332e-02]
 [-2.68539598e-01 -2.00396463e-01 -2.41131423e-01 -9.46978591e-02]
 [-2.94840798e-01 -1.37479888e-01 -2.04299213e-01 -1.59866361e-01]
 [-2.89483052e-01 -7.61218667e-02 -3.73297375e-01 -5.64804859e-02]
 [-3.57599266e-01 -9.39700846e-02 -2.18285846e-01 -8.98778364e-02]
 [-3.29315988e-01 -3.29992250e-02 -2.42548538e-01 -1.55535089e-01]
 [-3.51778017e-01  1.82280336e-02 -2.94333916e-01 -1.35795647e-01]
 [-2.20764473e-01 -6.88169338e-02 -3.31372272e-01 -1.10747982e-01]
 [-4.23686851e-01 -1.10200731e-01 -1.30022116e-01 -5.90516180e-02]
 [-4.11634281e-01 -8.07511322e-02 -1.19459631e-01 -1.05222840e-01]
 [-3.39252219e-01 -1.52021948e-01 -6.78211562e-02 -1.13407051e-01]
 [-2.11433904e-01 -1.94037128e-01 -2.14820115e-01 -3.93432342e-02]
 [-3.24886592e-01  1.01517215e-02 -2.26151405e-01 -1.07923949e-01]
 [-1.93876177e-01 -9.25010759e-02 -1.50034515e-01 -1.45425636e-01]
 [-1.30139463e-01 -1.74097726e-01 -1.47549255e-01 -1.04822570e-01]
 [-1.87322417e-01 -4.93200663e-02 -2.80996975e-01 -4.92893327e-02]
 [-2.43720239e-01 -3.05620432e-02 -1.86013492e-01 -8.55943765e-02]
 [-2.88781730e-01 -5.33702280e-02 -1.05589338e-01 -7.11075757e-02]
 [-2.67742604e-01 -8.96823127e-02 -1.11070825e-01  2.80569866e-03]
 [-1.41703676e-01 -1.40803188e-01 -1.01928752e-01 -5.91471847e-02]
 [-1.99267216e-01 -1.11544233e-01 -1.60008471e-01  2.89654508e-02]
 [-2.43434355e-01 -1.34440230e-01 -5.58394361e-02  5.22500817e-02]
 [-2.32209438e-01 -5.97066674e-02 -6.35279194e-02 -3.71972099e-04]
 [-1.09364968e-01 -8.71181116e-02 -8.52099974e-02 -3.42346318e-02]
 [-1.39769023e-01 -7.96325319e-03 -4.12422828e-02 -1.25194414e-01]
 [-2.32960315e-01  2.38194708e-02 -1.52142204e-01  4.60297521e-02]
 [-8.70563854e-02  1.66087598e-02 -1.40762430e-01 -6.86134417e-02]
 [-2.02430218e-01  8.54462609e-02 -1.18282776e-01 -4.97243479e-02]
 [-1.43099720e-01  3.46994121e-02 -5.26808165e-02 -1.11289924e-01]
 [ 6.89938106e-03 -1.20821344e-01 -8.65896251e-02 -1.91582851e-02]
 [-4.90578543e-02 -4.46871947e-02 -2.70371605e-02 -9.38164461e-02]
 [-3.42525342e-01  4.68635466e-02  2.27799099e-02  4.56019510e-02]
 [-8.99973195e-02 -5.05053513e-02  6.76988494e-02 -1.23989606e-01]
 [-1.30448608e-01 -3.57960537e-02 -1.58712547e-02  9.22246836e-03]
 [-1.28769735e-01 -3.45093161e-02  3.11891958e-02 -2.98148412e-02]
 [-7.56713878e-02  5.02089616e-02 -1.08715577e-01 -1.71092432e-02]
 [-8.82574115e-02 -5.10501303e-02 -7.31290989e-02  1.02544619e-01]
 [-1.06171478e-01  1.21531997e-01 -1.38210626e-01  1.20145343e-02]
 [-2.27314970e-01  3.08454204e-02  1.45002963e-01 -5.54970670e-02]
 [-7.09489100e-02 -1.32074852e-01  6.00064918e-02  7.33324382e-02]
 [-1.63168963e-01  7.71303084e-02 -3.93787194e-02  5.85744306e-02]
 [-3.62580214e-02  4.19234708e-02 -6.06645569e-02  2.40060408e-02]
 [-4.85163927e-02  1.54681936e-01 -6.85971696e-02 -4.43935860e-02]
 [-9.34839100e-02  1.25065437e-01  2.41820794e-02 -5.03684524e-02]
 [-5.12251798e-02 -4.12127133e-02  1.96500309e-02  1.17093062e-01]
 [-1.23694714e-01  8.78111664e-02  1.22317078e-01 -7.46930167e-02]
 [-3.45791262e-02  4.40527797e-02  4.85166777e-02 -1.50275137e-02]
 [-7.07464535e-02 -1.74549501e-02  1.81785531e-01 -4.02247664e-02]
 [-8.78385566e-02  1.32694123e-01 -2.29022168e-02  3.55438720e-02]
 [-7.34431092e-02  5.13617229e-02  9.46183279e-02  6.29902817e-03]
 [-1.25585066e-01  5.92791662e-03  1.92590050e-01  4.85998224e-02]
 [-2.24220455e-02  6.29241057e-02  4.30194661e-02  6.77959397e-02]
 [-9.31898411e-02  2.24006698e-02  1.55839993e-01  7.97912981e-02]
 [ 3.50087360e-02  2.15673521e-02  1.08429339e-01  5.36007453e-02]
 [-3.14249452e-02 -8.16230848e-03  2.29889022e-01  3.13747171e-02]
 [-5.45888059e-02  1.49982952e-01  7.18339123e-02  5.71435448e-02]
 [ 7.10454471e-02 -4.18333020e-02  2.23158812e-01  1.62999053e-02]
 [ 4.11069468e-02 -3.10760010e-02  1.40341321e-01  1.41493207e-01]
 [ 2.72646174e-03  2.03063194e-01  1.02978647e-02  7.13368617e-02]
 [-9.42215621e-02  8.49725958e-02  1.79979132e-01  1.43526897e-01]
 [ 5.42024262e-02  5.12613337e-02  1.41110385e-01  9.48660802e-02]
 [-9.96060036e-02  1.46691956e-01  2.72697590e-01  8.40264373e-03]
 [-1.35519091e-01  1.84024327e-01  1.17287157e-01  2.13502103e-01]
 [-2.45879684e-02  5.78437131e-02  3.10865361e-01  5.11861611e-02]
 [-3.49107310e-02  1.83583153e-01  1.78687813e-01  1.06706047e-01]
 [ 8.38617794e-03  1.14802897e-01  1.79351008e-01  1.58603348e-01]
 [-1.33171678e-02  1.40329069e-01  3.18801673e-01 -1.50555559e-03]
 [ 7.35563692e-02  1.49844445e-01  1.80733820e-01  9.16290898e-02]
 [ 1.27673540e-02  1.76496519e-01  2.74252664e-01  5.47291990e-02]
 [ 1.45165132e-01  1.34342533e-01  2.22353429e-01  6.01994637e-02]
 [ 7.69915003e-02  8.62034317e-02  2.71851357e-01  1.95030224e-01]
 [ 1.70120697e-01  9.12212953e-03  3.54591658e-01  9.81848408e-02]
 [-1.98818762e-02  2.76805572e-01  2.33228371e-01  1.26603933e-01]
 [ 1.39800839e-01  2.03785941e-01  2.64257619e-01  2.67526470e-02]
 [-6.99160248e-03  1.59371626e-01  3.71124584e-01  1.33582229e-01]
 [ 1.41733816e-01  7.09398109e-02  3.24962208e-01  1.63844723e-01]
 [ 1.96683127e-01  2.47459671e-01  1.71258762e-01  1.23763584e-01]
 [ 1.89047597e-01  2.77446745e-01  2.03781513e-01  7.91920181e-02]
 [ 2.56461728e-01  5.45287766e-02  2.94185245e-01  1.68365648e-01]
 [ 2.05957739e-01  1.60500595e-01  3.14908618e-01  8.64030104e-02]
 [ 1.09150669e-01  1.26707951e-01  3.63173187e-01  1.80029305e-01]
 [ 1.21788338e-01  3.06636838e-01  2.19943319e-01  1.73050577e-01]
 [ 4.88446802e-02  2.39535287e-01  3.11574087e-01  2.45386451e-01]
 [ 8.84375554e-02  1.19314894e-01  4.77627153e-01  1.41058192e-01]
 [ 5.75815998e-02  2.69730859e-01  3.13473402e-01  2.07926778e-01]
 [ 2.62455886e-01  1.38394535e-01  3.90696194e-01  6.93832356e-02]
 [ 3.74673121e-02  2.10085457e-01  4.37966874e-01  1.68461230e-01]
 [ 1.30352626e-01  1.04295421e-01  4.25498020e-01  2.34380342e-01]
 [ 1.44090839e-01  2.69263102e-01  3.88781609e-01  9.67362504e-02]
 [ 1.60555927e-01  1.75012223e-01  4.59191784e-01  1.40560096e-01]
 [ 2.32361320e-01  2.24279303e-01  3.49302536e-01  1.51575081e-01]
 [ 2.43811183e-01  1.95073606e-01  4.01217282e-01  2.00141672e-01]
 [ 3.00626900e-01  1.99479846e-01  4.29482907e-01  1.29150841e-01]
 [ 2.37219714e-01  2.05642199e-01  5.00533238e-01  1.05603484e-01]
 [ 2.48848716e-01  1.62934285e-01  4.52168949e-01  2.68631391e-01]
 [ 1.12725472e-01  3.15106589e-01  4.87697192e-01  1.87691718e-01]
 [ 3.07760075e-01  2.94161310e-01  4.45526881e-01  1.67893553e-01]
 [ 2.35700119e-01  2.87832478e-01  4.73796261e-01  2.22036952e-01]
 [ 3.30759954e-01  2.63115337e-01  5.56020068e-01  1.36160318e-01]
 [ 3.38135719e-01  2.30541078e-01  5.69027897e-01  1.60895521e-01]
 [ 3.80570281e-01  2.47021461e-01  5.27396807e-01  1.92081960e-01]
 [ 2.50956405e-01  2.44127939e-01  5.93368534e-01  3.04913227e-01]
 [ 2.95288919e-01  4.06627893e-01  5.15808700e-01  1.79310001e-01]
 [ 2.78614184e-01  3.96346290e-01  4.92578411e-01  2.61620410e-01]
 [ 2.04423713e-01  3.28567808e-01  6.63904045e-01  2.09979797e-01]
 [ 3.26270159e-01  2.01640792e-01  6.81488449e-01  2.37328595e-01]
 [ 2.65090385e-01  3.68748140e-01  6.14943387e-01  1.95749527e-01]
 [ 3.87965374e-01  2.78869139e-01  5.97654406e-01  2.29604568e-01]
 [ 3.14028474e-01  3.26291515e-01  6.44499358e-01  2.53234748e-01]
 [ 3.99533395e-01  3.12407587e-01  6.52864935e-01  1.84429079e-01]
 [ 4.12147490e-01  3.73126918e-01  6.82923673e-01  1.24597585e-01]
 [ 3.62920068e-01  4.57596177e-01  5.90693666e-01  2.38777259e-01]
 [ 3.06860747e-01  3.76995226e-01  7.33669333e-01  2.19095308e-01]
 [ 4.42253800e-01  3.23306112e-01  7.03515219e-01  2.49778600e-01]
 [ 5.16693914e-01  4.61257510e-01  6.31652750e-01  2.75751771e-01]
 [ 5.21864481e-01  4.30949172e-01  7.06124038e-01  1.93097232e-01]
 [ 4.09719432e-01  4.36651696e-01  7.69661624e-01  2.24565603e-01]
 [ 4.61076373e-01  3.62509888e-01  8.52121547e-01  2.56721430e-01]
 [ 4.11098190e-01  4.67013383e-01  8.14453032e-01  3.06707103e-01]
 [ 5.66873930e-01  4.28626871e-01  8.88316926e-01  2.41829431e-01]]",18,30
0.01948060010718714,0.019672973932633255,0.11558552173386,0.632183908045977,0.40439921528230827,0.42372280465869916,0.9543956823543872,87,136,"[[-5.45277277e-01 -3.10637729e-01 -4.20852158e-01 -7.23915638e-01]
 [-4.51970572e-01 -3.34743125e-01 -3.46370045e-01 -7.90013958e-01]
 [-5.04951909e-01 -3.41358030e-01 -3.65585530e-01 -6.11090954e-01]
 [-5.56658408e-01 -2.77831204e-01 -3.29608833e-01 -6.74368558e-01]
 [-4.46940642e-01 -3.04564361e-01 -3.04149639e-01 -7.41319671e-01]
 [-3.94941939e-01 -3.15585131e-01 -3.70719608e-01 -6.75794793e-01]
 [-5.49767816e-01 -2.47082338e-01 -2.95374256e-01 -6.53449956e-01]
 [-4.55242487e-01 -3.58291358e-01 -2.13234218e-01 -7.04946140e-01]
 [-4.38813008e-01 -2.09607463e-01 -3.20806211e-01 -7.11612092e-01]
 [-4.43495324e-01 -1.79420596e-01 -2.78674020e-01 -7.57161094e-01]
 [-5.21855244e-01 -2.24412186e-01 -2.23172961e-01 -6.17845092e-01]
 [-3.81929588e-01 -2.45513989e-01 -2.27808326e-01 -6.84990844e-01]
 [-4.09728553e-01 -2.22318366e-01 -2.84879455e-01 -5.86805871e-01]
 [-3.90542753e-01 -2.75470411e-01 -1.47174733e-01 -6.43319767e-01]
 [-4.29741757e-01 -1.82232756e-01 -2.01776061e-01 -6.23177607e-01]
 [-3.63805447e-01 -2.67800424e-01 -2.56743597e-01 -5.22701699e-01]
 [-4.74423878e-01 -2.01584795e-01 -1.27382416e-01 -5.59804099e-01]
 [-4.47707850e-01 -1.84372431e-01 -2.43729178e-01 -4.68191087e-01]
 [-4.05519361e-01 -2.90312909e-01 -1.97786866e-01 -4.25652031e-01]
 [-3.20583286e-01 -2.11772498e-01 -2.34222775e-01 -4.96103739e-01]
 [-3.51540780e-01 -1.66484796e-01 -1.44762835e-01 -5.29612254e-01]
 [-3.62929547e-01 -1.32884564e-01 -1.04780454e-01 -5.71857981e-01]
 [-3.31814360e-01 -1.26856662e-01 -2.52872631e-01 -4.63636283e-01]
 [-3.78826270e-01 -2.28833178e-01 -7.23187234e-02 -4.48936345e-01]
 [-3.32937287e-01 -2.77153319e-01 -1.08754409e-01 -3.79307844e-01]
 [-2.95298278e-01 -2.46970709e-01 -3.87171842e-02 -5.10292759e-01]
 [-3.01347602e-01 -1.15081443e-01 -1.94051454e-01 -4.38423285e-01]
 [-2.71025099e-01 -1.68143811e-01 -1.59389308e-01 -4.36636247e-01]
 [-2.48940907e-01 -1.23363392e-01 -2.30131248e-01 -3.83071521e-01]
 [-2.51823809e-01 -1.38938867e-01 -9.00949128e-02 -4.77394547e-01]
 [-2.13368185e-01 -1.00210447e-01 -2.82556117e-01 -3.57232938e-01]
 [-2.19661796e-01 -2.24959496e-01 -1.66003922e-01 -3.01635804e-01]
 [-1.84747279e-01 -1.43237347e-01 -2.23701561e-01 -3.67183808e-01]
 [-3.52863571e-01 -1.10220164e-03 -1.35114783e-01 -3.78833842e-01]
 [-1.98853314e-01 -1.30618762e-01 -1.10669095e-01 -4.06661805e-01]
 [-2.29201775e-01 -9.00683478e-02 -2.03271359e-02 -4.68278548e-01]
 [-3.14552892e-01 -9.64195132e-02 -8.10101666e-02 -2.72853659e-01]
 [-1.89441336e-01 -6.21405393e-02 -1.99704906e-01 -3.23301777e-01]
 [-1.79148568e-01 -3.98479681e-02 -8.61751139e-02 -4.02936541e-01]
 [-2.25038357e-01 -1.16497224e-01  3.23325358e-02 -3.13664788e-01]
 [-2.05928717e-01 -1.21889167e-01 -1.00423839e-01 -1.90605089e-01]
 [-1.52578574e-01 -7.35731628e-02 -1.25555431e-01 -2.57875724e-01]
 [-2.08638834e-01 -2.90903691e-02 -4.98364754e-02 -2.78106946e-01]
 [-8.55120756e-02 -1.19015194e-01 -3.63937821e-02 -3.12164137e-01]
 [-1.92329021e-01  2.84101255e-02  2.44510025e-02 -3.63014780e-01]
 [-1.84366275e-01 -9.63338185e-02  5.48437871e-02 -2.16597326e-01]
 [-6.70868289e-02 -5.73057234e-02 -1.40558627e-01 -1.79220447e-01]
 [-1.54583236e-01  8.76548886e-03  2.23405659e-04 -2.33645478e-01]
 [-1.14326125e-01  1.90566983e-02 -2.86484007e-02 -2.62865163e-01]
 [-1.83292659e-01 -3.64702940e-03  1.07380580e-01 -2.52129968e-01]
 [-1.39769023e-01 -7.96325319e-03 -4.12422828e-02 -1.25194414e-01]
 [-1.16605636e-01 -7.82948770e-02  1.54285599e-01 -2.28991840e-01]
 [-1.43099720e-01  3.46994121e-02 -5.26808165e-02 -1.11289924e-01]
 [-6.15218002e-02 -6.54445589e-03  4.53062672e-02 -2.48673765e-01]
 [-8.99973195e-02 -5.05053513e-02  6.76988494e-02 -1.23989606e-01]
 [-4.90578543e-02 -4.46871947e-02 -2.70371605e-02 -9.38164461e-02]
 [-4.65512145e-02  6.27803989e-03 -4.29246016e-03 -1.42419362e-01]
 [-7.56713878e-02  5.02089616e-02 -1.08715577e-01 -1.71092432e-02]
 [-6.42066915e-02  2.35293843e-02  8.84715300e-02 -1.39832186e-01]
 [-2.78244093e-02  1.06380729e-01  2.19370853e-02 -1.99398626e-01]
 [-4.16491311e-02 -3.59938089e-02  2.04177383e-01 -1.65419968e-01]
 [-1.47970995e-01 -1.21476687e-03  2.19265638e-01 -7.15342741e-02]
 [ 3.66867147e-02  1.74715519e-02 -9.44542233e-02 -3.23077496e-02]
 [ 6.96063042e-02  3.60113718e-02 -1.12858918e-02 -1.57494487e-01]
 [-7.45107234e-03 -6.31770436e-02 -5.90780005e-03  4.11318652e-02]
 [-1.23694714e-01  8.78111664e-02  1.22317078e-01 -7.46930167e-02]
 [-9.34839100e-02  1.25065437e-01  2.41820794e-02 -5.03684524e-02]
 [-7.07464535e-02 -1.74549501e-02  1.81785531e-01 -4.02247664e-02]
 [-3.45791262e-02  4.40527797e-02  4.85166777e-02 -1.50275137e-02]
 [-7.34431092e-02  5.13617229e-02  9.46183279e-02  6.29902817e-03]
 [ 7.37506561e-02  1.52045246e-02  6.08134624e-02 -6.24504518e-02]
 [-9.31898411e-02  2.24006698e-02  1.55839993e-01  7.97912981e-02]
 [ 2.17444394e-02  1.20509174e-01  1.11980578e-01 -1.21994242e-01]
 [-2.24220455e-02  6.29241057e-02  4.30194661e-02  6.77959397e-02]
 [-3.14249452e-02 -8.16230848e-03  2.29889022e-01  3.13747171e-02]
 [ 3.50087360e-02  2.15673521e-02  1.08429339e-01  5.36007453e-02]
 [-5.45888059e-02  1.49982952e-01  7.18339123e-02  5.71435448e-02]
 [ 5.40457051e-02  1.58801273e-01  2.26157699e-02 -2.94333883e-03]
 [-9.42215621e-02  8.49725958e-02  1.79979132e-01  1.43526897e-01]
 [ 4.11069468e-02 -3.10760010e-02  1.40341321e-01  1.41493207e-01]
 [ 3.42340786e-02  1.25933951e-01  2.26927560e-01 -8.27793460e-02]
 [ 6.35319836e-02  3.42482738e-02  4.14283574e-03  1.78407332e-01]
 [ 2.72646174e-03  2.03063194e-01  1.02978647e-02  7.13368617e-02]
 [ 5.42024262e-02  5.12613337e-02  1.41110385e-01  9.48660802e-02]
 [ 9.28187314e-02  1.82711778e-01  6.87462837e-02  9.84018855e-03]
 [-6.02835957e-02  3.51106189e-02  2.38901498e-01  2.04985546e-01]
 [ 1.23139186e-01  9.65682138e-02  3.50606851e-02  1.15219370e-01]
 [-3.49107310e-02  1.83583153e-01  1.78687813e-01  1.06706047e-01]
 [ 2.81367470e-02  8.58420935e-02  7.11095035e-02  2.39926893e-01]
 [ 8.38617794e-03  1.14802897e-01  1.79351008e-01  1.58603348e-01]
 [ 7.35563692e-02  1.49844445e-01  1.80733820e-01  9.16290898e-02]
 [-1.51787437e-02  1.81149520e-01  5.81511110e-02  2.87270632e-01]
 [-2.79887747e-02  2.44194105e-01  1.41727565e-01  1.69952895e-01]
 [ 8.33397582e-02  1.44153275e-03  2.45396158e-01  2.20183948e-01]
 [-8.73024948e-03  2.11327022e-01  1.07750468e-01  2.43956298e-01]
 [-3.73349674e-02  1.19904935e-01  2.74946369e-01  2.41357286e-01]
 [ 1.00978779e-01  1.52292861e-01  5.11486270e-02  2.72194270e-01]
 [ 7.69915003e-02  8.62034317e-02  2.71851357e-01  1.95030224e-01]
 [ 4.05485574e-02  1.68414723e-01  2.05216730e-01  2.16336971e-01]
 [ 1.13544133e-01  2.11440792e-01  1.55070284e-01  1.54878560e-01]
 [-2.71703005e-02  1.51456295e-01  1.92370703e-01  3.61258656e-01]
 [ 1.41733816e-01  7.09398109e-02  3.24962208e-01  1.63844723e-01]
 [ 7.19501525e-02  5.60184792e-02  3.16154111e-01  2.73757622e-01]
 [ 2.10335100e-01  9.90567245e-02  2.31464818e-01  1.89544722e-01]
 [ 5.72800227e-02  2.33420122e-01  1.17731649e-01  3.33637541e-01]
 [ 1.68743366e-01  1.65510025e-01  1.42294843e-01  2.82278031e-01]
 [ 1.12546815e-01  1.81254171e-01  1.98331507e-01  3.13955657e-01]
 [ 4.88446802e-02  2.39535287e-01  3.11574087e-01  2.45386451e-01]
 [ 1.38522668e-01  1.09868899e-01  2.38487758e-01  3.42662407e-01]
 [ 3.71585228e-02  2.93034920e-01  2.42233004e-01  2.94734184e-01]
 [ 8.56021326e-02  1.57554055e-01  2.51856077e-01  4.11071919e-01]
 [ 7.43782111e-02  2.42590135e-01  2.31260745e-01  3.77143620e-01]
 [ 9.40412953e-02  2.51808327e-01  3.37692564e-01  3.20374101e-01]
 [ 1.15951428e-01  1.17858252e-01  3.48041780e-01  4.63987639e-01]
 [ 1.44400507e-01  2.27082374e-01  1.78151287e-01  4.70951175e-01]
 [ 2.08606791e-01  1.92638788e-01  2.73112105e-01  3.82445993e-01]
 [ 1.51547533e-01  2.59722332e-01  1.96896171e-01  4.51100610e-01]
 [ 1.52366182e-01  1.44393988e-01  4.10352651e-01  3.93827196e-01]
 [ 2.22246125e-02  2.72179274e-01  4.50733852e-01  4.05780278e-01]
 [ 1.63943542e-01  1.90506028e-01  2.81864004e-01  5.37905974e-01]
 [ 1.05763024e-01  2.35953778e-01  3.80329223e-01  5.16997168e-01]
 [ 1.17266292e-01  2.06992259e-01  3.69148765e-01  5.68970611e-01]
 [ 1.70967760e-01  2.83603394e-01  3.43088534e-01  5.09264067e-01]
 [ 1.96496900e-01  2.56194795e-01  3.97643978e-01  4.99954998e-01]
 [ 9.83880851e-02  2.66484030e-01  4.94657200e-01  5.61324645e-01]
 [ 1.82905911e-01  2.50003647e-01  4.06393969e-01  5.92510384e-01]
 [ 1.75511645e-01  2.20199976e-01  4.68596715e-01  6.10440688e-01]
 [ 1.29261408e-01  3.14406531e-01  3.82802164e-01  6.54264251e-01]
 [ 1.39759067e-01  3.32647195e-01  5.28984895e-01  5.59714600e-01]
 [ 1.19852070e-01  3.83697534e-01  4.30526774e-01  6.27349880e-01]
 [ 8.95134956e-02  3.29170426e-01  4.66185048e-01  7.47587608e-01]
 [ 2.05918880e-01  2.81579744e-01  5.79348987e-01  6.23271452e-01]
 [ 1.71919672e-01  2.70821728e-01  5.57093630e-01  7.48449972e-01]
 [ 1.02067284e-01  3.48307850e-01  5.51795054e-01  8.14440386e-01]
 [ 2.00047474e-01  4.30050878e-01  5.18660372e-01  6.90037692e-01]
 [ 1.79138731e-01  3.63567656e-01  6.09051051e-01  7.82761583e-01]]",19,30
