repeat,partition_seed,calibration_method,observation_id,outer_fold,V_true,V_mean,V_std,V_lower,V_upper,TD_true,TD_mean,TD_std,TD_lower,TD_upper
0,0,uncalibrated,0,4,9.32916,7.63941340431491,0.8938616152769462,6.169141884433924,9.109684924195896,5.16871,4.307378520754526,0.9137250584511692,2.8044345443246748,5.8103224971843765
0,0,uncalibrated,1,3,7.68631,7.250461256118466,1.139407452731425,5.376302774917644,9.124619737319287,3.81186,3.289521473912206,1.0242316865863828,1.6048102693919715,4.974232678432441
0,0,uncalibrated,2,0,4.56985,5.779358069082283,1.135669021988681,3.9113487592477707,7.647367378916796,1.39511,2.3807576151669405,0.9569814803775625,0.8066631562425184,3.9548520740913626
0,0,uncalibrated,3,4,9.23804,7.18652853530544,0.9462338812570752,5.6301123037753715,8.742944766835508,5.04394,3.8426609010784745,0.8281801401644063,2.4804257937598724,5.204896008397077
0,0,uncalibrated,4,0,4.12091,5.278174860276609,1.1980007338824774,3.3076390080594913,7.248710712493727,1.58843,2.3058093584248103,1.01481313490474,0.6365902927987557,3.9750284240508647
0,0,uncalibrated,5,3,9.77341,8.884952389341485,1.0932367679347494,7.0867379264873085,10.683166852195662,4.68698,3.9909079546395114,0.9749613689302684,2.387239210816988,5.594576698462035
0,0,uncalibrated,6,3,6.49371,6.0633650104169465,1.1492792474847933,4.172968871811527,7.953761149022366,4.19441,3.2953883404533055,0.9530709958833127,1.7277260561323877,4.863050624774223
0,0,uncalibrated,7,1,9.75931,10.129023955294732,0.8321774286308234,8.760213893544172,11.497834017045292,4.70237,4.682175079780406,0.7884050651585972,3.3853641488473762,5.978986010713436
0,0,uncalibrated,8,2,5.40848,6.45616297416378,1.220976171187088,4.447835890565377,8.464490057762182,2.08749,3.2442453586178974,1.0592873170464703,1.5018727731903174,4.986617944045477
0,0,uncalibrated,9,4,7.599,6.856174990399383,0.9521496815281711,5.290028133337082,8.422321847461685,3.26644,3.580433181870441,0.873488206883265,2.1436729366791654,5.0171934270617164
0,0,uncalibrated,10,0,8.52081,9.737842364917402,0.8199412319947534,8.389159055583773,11.08652567425103,4.5379,4.4616056607289,0.7339407263077874,3.2543805950941382,5.668830726363661
0,0,uncalibrated,11,0,11.0714,10.319385100562954,1.0943298910648869,8.519372610163465,12.119397590962443,4.87105,4.8655746527149,0.9148277110437971,3.360816974168798,6.370332331261003
0,0,uncalibrated,12,3,8.29498,8.60363984548723,1.1288976212654187,6.746768498691917,10.460511192282542,4.37633,3.661479523317049,0.9895555222760062,2.0338055334315026,5.289153513202596
0,0,uncalibrated,13,2,10.3345,9.21603827615867,1.0423099845290553,7.501590917698321,10.93048563461902,3.57985,3.793276146538584,0.9344845373036025,2.256185866024686,5.330366427052482
0,0,uncalibrated,14,1,4.75967,4.523827356958861,0.8580048454326388,3.1125349750070486,5.935119738910674,1.19214,1.704235297212864,0.9018137712166261,0.22088364479241207,3.187586949633316
0,0,uncalibrated,15,2,10.9876,10.009348512380312,1.0331935118182634,8.309896417123314,11.70880060763731,5.00077,4.4507375736094925,0.8845539652669663,2.995775775605817,5.905699371613168
0,0,uncalibrated,16,2,8.9389,8.408406252793691,1.0641087029859637,6.658103193216602,10.15870931237078,4.29166,3.6413839956079967,0.9326292564213918,2.1073453805822164,5.1754226106337775
0,0,uncalibrated,17,3,7.51834,7.108592079132468,1.2243686048304627,5.094684938751569,9.122499219513369,2.25668,3.2754686681514698,1.0554150176228254,1.5394654484755141,5.011471887827425
0,0,uncalibrated,18,1,9.69876,9.360894352221328,1.0886240770199132,7.570267090748425,11.15152161369423,2.62464,4.293728678449383,0.9025763110333204,2.809122759645746,5.77833459725302
0,0,uncalibrated,19,4,6.43094,6.233576598194385,0.9247771198160812,4.712453598543168,7.754699597845602,3.48185,3.6291611059437763,0.9459727433877516,2.0731744079851993,5.185147803902353
0,0,uncalibrated,20,2,3.52219,4.3497738306431755,1.0553349296763817,2.613902343916403,6.0856453173699485,0.818414,1.7833161851509354,1.0027683463575825,0.13390903365253637,3.4327233366493344
0,0,uncalibrated,21,4,9.13885,7.587192673964215,0.7642282091167493,6.330149132379902,8.844236215548527,4.67367,2.939750542038378,0.7456271048866872,1.7133030942121852,4.16619798986457
0,0,uncalibrated,22,0,9.41684,10.63106227666946,0.9588972864877017,9.05381659711624,12.208307956222681,4.79881,5.278625320589566,0.8469199145700121,3.8855660273716515,6.671684613807481
0,0,uncalibrated,23,3,10.4214,10.26438485022652,1.0609216069186835,8.51932409717514,12.0094456032779,4.62972,4.612649536513201,0.9770287081597653,3.0055803222609008,6.219718750765502
0,0,uncalibrated,24,3,6.13089,5.843990790241418,1.1905828574565058,3.8856562589678374,7.802325321514998,2.87931,2.1838616383145633,0.9011261844340209,0.7016409655073232,3.6660823111218033
0,0,uncalibrated,25,2,9.89993,9.236821623194881,0.9719262072768797,7.638145276026318,10.835497970363445,4.92915,4.568623605338711,0.8454423361414379,3.1779947123581422,5.95925249831928
0,0,uncalibrated,26,1,9.44702,8.950441563655039,0.8492507217087761,7.553548433861204,10.347334693448873,4.90717,4.5766788880585185,0.8184243489443768,3.230490629311964,5.922867146805073
0,0,uncalibrated,27,0,9.24319,9.70025389121304,0.8919432429105937,8.233137813076691,11.167369969349387,4.70238,4.7980641916172955,0.7328396867433066,3.5926501749035875,6.003478208331003
0,0,uncalibrated,28,0,4.51178,5.479910024107025,1.0714749947568398,3.717490492793428,7.242329555420622,1.28971,2.05910271252636,1.1198073103107296,0.21718359667498444,3.9010218283777354
0,0,uncalibrated,29,1,4.87314,5.385528245819019,0.9631670399827267,3.8012594467433183,6.969797044894721,3.65188,3.02753647313671,0.876940138964215,1.5850983049420935,4.469974641331326
0,0,uncalibrated,30,2,5.15189,5.136874215539703,0.9913592928022392,3.506233287161894,6.767515143917512,1.87265,2.6737076795170327,0.9148358604689841,1.1689365963593539,4.178478762674711
0,0,uncalibrated,31,0,4.72427,6.124147267057607,1.0844077843180167,4.340455189927708,7.907839344187506,1.19283,2.424800014212588,0.9248615577000222,0.9035381266017186,3.946061901823457
0,0,uncalibrated,32,2,7.18726,6.9646422880160515,1.0588901319249162,5.222923013976231,8.706361562055871,2.49718,2.5756568964467093,1.0455095581105365,0.8559467077761631,4.295367085117255
0,0,uncalibrated,33,1,8.02499,8.695936370957583,0.9911830618821863,7.0655853166478035,10.326287425267362,3.59119,3.5178991648158293,1.0042565335628184,1.8660441631953153,5.169754166436343
0,0,uncalibrated,34,1,7.56027,8.006602550041944,0.9134732002543279,6.504072843480644,9.509132256603243,3.10434,3.1610901358310937,0.9208318926800514,1.646456457343723,4.675723814318465
0,0,uncalibrated,35,1,9.24725,9.463483404885222,1.0332389156250639,7.763956627011931,11.163010182758514,4.71931,4.601380981595029,0.9517172349324164,3.0359454358842184,6.16681652730584
0,0,uncalibrated,36,4,8.31567,8.335764812435206,1.0361719724224598,6.631413585450663,10.04011603941975,3.48547,4.406158029597307,0.8669706489805892,2.980118213161114,5.8321978460335
0,0,uncalibrated,37,3,5.32822,6.198503322093439,1.1338746377934494,4.333445511610597,8.06356113257628,1.79646,2.6250670253804937,0.7963144501836618,1.3152463138020307,3.9348877369589568
0,0,uncalibrated,38,0,8.94641,8.486764839336278,0.9636466404922552,6.901707167622991,10.071822511049564,4.8242,4.178348502938436,0.9280068441526859,2.651913079498102,5.704783926378771
0,0,uncalibrated,39,4,5.11392,4.376273840300641,0.9736601390619359,2.7747454291465417,5.97780225145474,2.99086,2.542634171807353,0.941062899367735,0.9947234485928662,4.090544895021839
0,0,uncalibrated,40,3,6.83197,7.698414698341941,1.1667620761966524,5.779261865520448,9.617567531163434,2.06786,3.2976665726829903,1.0512384265915862,1.5685332339130615,5.026799911452919
0,0,uncalibrated,41,0,7.13367,8.249562435844206,1.0404699377542463,6.538141684995162,9.96098318669325,4.48825,4.026592507845144,0.9258222571578766,2.5037504102466124,5.549434605443675
0,0,uncalibrated,42,2,9.10706,8.973463193826689,0.9446863537474568,7.4195924185336235,10.527333969119754,3.13065,3.925084371048044,0.9854509755551978,2.304161759723211,5.546006982372877
0,0,uncalibrated,43,2,8.02606,7.199934010949977,1.12042632133715,5.356996712566671,9.042871309333282,4.45854,4.112437306475744,0.9572790654237197,2.537853363708824,5.687021249242664
0,0,uncalibrated,44,4,4.5657,5.651785045493651,0.7856941146150712,4.359433231394625,6.9441368595926765,1.3827,1.800785935312697,0.7821738179675394,0.5142244939223097,3.087347376703084
0,0,uncalibrated,45,1,5.33957,5.76820218588097,0.7483430194265064,4.537287456173465,6.999116915588474,2.71903,2.85484896018312,0.7679750780304159,1.5916423676764513,4.118055552689789
0,0,uncalibrated,46,4,8.14209,5.454113612463026,0.923722786230835,3.9347248372335177,6.973502387692534,4.77519,3.4243568569627176,0.895154633014819,1.9519585121658791,4.896755201759556
0,0,uncalibrated,47,4,7.95193,7.288263098084636,0.9441060537002891,5.735346831428875,8.841179364740398,4.49069,3.8768652961295933,0.7656242145147388,2.617525530003154,5.136205062256033
0,0,uncalibrated,48,1,8.27295,8.79791915882219,0.7867376662178056,7.503850855084496,10.091987462559883,3.91402,3.54943160941859,0.7825299048373173,2.2622844572489385,4.836578761588242
0,0,uncalibrated,49,3,9.22919,9.342791185653226,0.8924790228443407,7.874793827949607,10.810788543356844,4.0906,3.758289476721751,0.5420439409122642,2.866706534545144,4.649872418898358
0,0,holdout,0,4,9.32916,8.441488658290895,1.348676319022708,6.887445943774948,9.995531372806843,5.16871,4.223789554915837,0.9617479950045164,2.2230899639524067,6.224489145879267
0,0,holdout,1,3,7.68631,6.593477699862936,1.3485126877411506,3.988924507165356,9.198030892560515,3.81186,2.2124974559484007,0.980770738275764,-0.28814344512673173,4.713138357023533
0,0,holdout,2,0,4.56985,6.085661311679324,1.0839092791228218,4.763229073490093,7.408093549868555,1.39511,2.6592343851971907,1.0717869119879269,1.0180134260663571,4.300455344328024
0,0,holdout,3,4,9.23804,6.679206273061552,1.1697807958092252,5.3312999610227285,8.027112585100376,5.04394,3.713367205932055,0.7467611065856067,2.1598993034736713,5.266835108390438
0,0,holdout,4,0,4.12091,6.196967407897882,1.0915353694420893,4.865230896847637,7.528703918948126,1.58843,3.0862158865079468,1.0223292645664843,1.5207291303511172,4.651702642664777
0,0,holdout,5,3,9.77341,8.236131852311855,1.2616096624571405,5.799425468929572,10.672838235694138,4.68698,3.6804488943050444,0.9264246314538953,1.3183725855747865,6.042525203035302
0,0,holdout,6,3,6.49371,5.613540741559715,1.1711187796872833,3.35161085065749,7.875470632461941,4.19441,2.5698931095761206,0.7100632062873168,0.7594668532705791,4.380319365881662
0,0,holdout,7,1,9.75931,9.911391006636219,1.0359471041875294,8.016612020376131,11.806169992896306,4.70237,4.458233078284273,0.8249396163240168,2.864209870508537,6.052256286060009
0,0,holdout,8,2,5.40848,5.960920268719298,1.2516062021440246,4.258255292861512,7.663585244577084,2.08749,3.048087085478036,1.1182522827403456,2.020761282885224,4.075412888070848
0,0,holdout,9,4,7.599,7.58490371952855,1.0045998909064846,6.427330831618703,8.742476607438398,3.26644,3.8780719504530063,0.7952592762349641,2.223714554401773,5.532429346504239
0,0,holdout,10,0,8.52081,9.87762660316212,0.8175433114317396,8.880176307295798,10.875076899028443,4.5379,4.603076741858424,0.7743060312031295,3.4173864959914324,5.788766987725416
0,0,holdout,11,0,11.0714,10.550379953032785,0.9946164820107145,9.33689011049746,11.763869795568109,4.87105,4.65532701982562,0.8975747114824325,3.28087617293249,6.02977786671875
0,0,holdout,12,3,8.29498,7.861397961780189,1.3916399863022053,5.173547560105085,10.549248363455293,4.37633,3.4918936917367946,0.9202139063473578,1.1456526772507818,5.8381347062228075
0,0,holdout,13,2,10.3345,9.145088275758262,1.197723538809088,7.51572440971375,10.774452141802774,3.57985,3.537826977484759,1.0989906171423907,2.528196650568689,4.547457304400829
0,0,holdout,14,1,4.75967,5.086648182674733,1.0897839466438857,3.09339996245419,7.079896402895277,1.19214,1.6288122093500372,0.8381949276690788,0.009175885787142013,3.2484485329129322
0,0,holdout,15,2,10.9876,9.70702391711519,1.244053719428141,8.014633217446734,11.399414616783647,5.00077,4.062040358627703,1.0597339850153267,3.0884746583880016,5.035606058867405
0,0,holdout,16,2,8.9389,8.379959422340182,1.2039914709130668,6.742068762128128,10.017850082552235,4.29166,3.6698294187458758,1.0354571479428833,2.718566575844185,4.621092261647567
0,0,holdout,17,3,7.51834,6.383859987288826,1.2168938128814835,4.033518982471537,8.734200992106114,2.25668,1.957006335263413,0.8120630647557182,-0.11348581415632819,4.0274984846831545
0,0,holdout,18,1,9.69876,8.948305458123254,1.2402841387503245,6.6797877764807065,11.216823139765802,2.62464,4.150402014447465,0.9218699645534553,2.3690811892970034,5.931722839597927
0,0,holdout,19,4,6.43094,6.86886132711556,0.9256259751660335,5.802287915256555,7.935434738974566,3.48185,3.439315623547793,0.876331780132859,1.6163051850889822,5.262326062006604
0,0,holdout,20,2,3.52219,4.137794298885186,1.2407144631627436,2.4499462698097387,5.825642327960634,0.818414,1.818927817912059,1.194357175809334,0.7216853055033341,2.9161703303207838
0,0,holdout,21,4,9.13885,8.073311966827953,0.7722721006786608,7.183444016485902,8.963179917170004,4.67367,3.0470714257758083,0.4713757274802864,2.0664806368597683,4.027662214691848
0,0,holdout,22,0,9.41684,10.003472589313981,0.9830061213013558,8.804148060790443,11.20279711783752,4.79881,4.443151972094736,0.9133670753714389,3.044518371783965,5.841785572405506
0,0,holdout,23,3,10.4214,10.117631135306691,1.109376626785648,7.974951677066947,12.260310593546436,4.62972,4.639433036278471,0.741412361554197,2.7490768057035773,6.529789266853365
0,0,holdout,24,3,6.13089,6.00542715259074,1.352936435107958,3.3923298168289926,8.618524488352488,2.87931,2.068533341966451,0.9897336103953023,-0.4549599177063963,4.592026601639299
0,0,holdout,25,2,9.89993,9.332320933986407,1.1638021907213787,7.749103125083418,10.915538742889396,4.92915,4.375207549871978,1.0795511815366075,3.383436013940643,5.366979085803313
0,0,holdout,26,1,9.44702,9.03357659845647,1.0747085045467526,7.06790182361626,10.99925137329668,4.90717,4.373578837351241,0.769669248747698,2.8863540507878804,5.8608036239146015
0,0,holdout,27,0,9.24319,9.715607594751052,0.89857731915718,8.61929110568033,10.811924083821774,4.70238,4.798897229070935,0.8342523397422168,3.521411555496777,6.076382902645093
0,0,holdout,28,0,4.51178,5.962478688348282,1.0902157085291757,4.632352240214122,7.292605136482442,1.28971,2.480315752631003,1.139205772949744,0.7358566904652741,4.2247748147967314
0,0,holdout,29,1,4.87314,5.822764821239725,1.1145000552266802,3.7843100813276864,7.861219561151764,3.65188,3.1258629781022536,0.8011927551837148,1.5777256109631266,4.674000345241381
0,0,holdout,30,2,5.15189,5.021386809009869,1.087455848354482,3.5420293380952046,6.5007442799245325,1.87265,2.748136995567366,1.134367167556841,1.7060066294307825,3.7902673617039495
0,0,holdout,31,0,4.72427,5.950603808882807,1.0750077803841298,4.639031915859892,7.262175701905722,1.19283,2.7925498776965147,1.108661694821798,1.094862781711951,4.490236973681078
0,0,holdout,32,2,7.18726,7.161464864052079,1.2406070735197987,5.473762926122152,8.849166801982006,2.49718,2.9089588699926705,1.1478908630621887,1.8544044368065606,3.9635133031787806
0,0,holdout,33,1,8.02499,8.249614304893804,1.1862711099145955,6.079888107496453,10.419340502291154,3.59119,3.599431184316113,0.9323899169043935,1.7977827523199355,5.401079616312291
0,0,holdout,34,1,7.56027,7.6852583590435115,1.0900095270871228,5.691597545282401,9.678919172804623,3.10434,3.127587955176525,0.8833212668197902,1.4207544229152185,4.834421487437831
0,0,holdout,35,1,9.24725,9.618350839527917,1.158274363349489,7.499831549182849,11.736870129872985,4.71931,4.497863124563653,0.9450305941501093,2.671789228578413,6.323937020548893
0,0,holdout,36,4,8.31567,8.846792027432771,1.1332586631077834,7.540969166732657,10.152614888132886,3.48547,4.534777091885891,0.6972739060180997,3.08425613857386,5.985298045197922
0,0,holdout,37,3,5.32822,6.268258866202465,1.0112917744969985,4.315023094704443,8.221494637700488,1.79646,2.7148850198081727,0.6268517454040061,1.1166204587922326,4.3131495808241125
0,0,holdout,38,0,8.94641,8.38116152743178,0.8927171430729074,7.2919947933493905,9.47032826151417,4.8242,4.2045703435840505,0.8341733374258825,2.927205645789628,5.481935041378473
0,0,holdout,39,4,5.11392,4.420903470474739,1.0188297581833412,3.2469338969716044,5.5948730439778736,2.99086,2.0298516827303414,0.8790768412257256,0.20113076435975064,3.8585726011009323
0,0,holdout,40,3,6.83197,6.8353085336486075,1.3358427140325508,4.255226464414763,9.415390602882452,2.06786,2.879751790034425,0.8701012119026422,0.6612815669281011,5.098222013140749
0,0,holdout,41,0,7.13367,7.962973702282516,1.1325680840921473,6.581174897534067,9.344772507030966,4.48825,3.883167759742795,1.0173558086793852,2.3252968271698533,5.441038692315737
0,0,holdout,42,2,9.10706,8.79577962340554,1.1670921793877298,7.208086166760019,10.383473080051061,3.13065,3.6000281260241134,1.1991641734462368,2.498369478918761,4.701686773129466
0,0,holdout,43,2,8.02606,7.017049997437772,1.228372852538537,5.345991297241898,8.688108697633645,4.45854,3.979801730586824,1.1099086231912605,2.960141154236001,4.999462306937647
0,0,holdout,44,4,4.5657,4.589365367612727,0.7477700707874729,3.7277304339746724,5.451000301250781,1.3827,1.663901716907344,0.5137776886375287,0.5951032199596968,2.732700213854991
0,0,holdout,45,1,5.33957,5.887670110223779,0.9700266712353607,4.113461615080511,7.661878605367048,2.71903,2.6409303976251683,0.8671883298552525,0.9652703905797428,4.316590404670594
0,0,holdout,46,4,8.14209,5.823449754651589,1.1442971980061645,4.504907493087233,7.141992016215946,4.77519,2.9518596948753757,0.8444477013217,1.19517688461758,4.708542505133171
0,0,holdout,47,4,7.95193,8.026896512238277,0.9785334512360192,6.899359267493434,9.15443375698312,4.49069,4.098289537305523,0.5944134272187517,2.861746589592757,5.334832485018289
0,0,holdout,48,1,8.27295,8.53167971836786,1.0043692129365855,6.694657662486589,10.368701774249132,3.91402,3.6595586747557007,0.8573585273214331,2.0028927044333296,5.316224645078072
0,0,holdout,49,3,9.22919,9.445089594895176,0.9378855867518533,7.63363248250316,11.256546707287193,4.0906,3.6866462719138213,0.5329210737717636,2.3278738472171034,5.04541869661054
0,0,cross_fitted,0,4,9.32916,7.63941340431491,0.8938616152769462,6.292218013340671,8.986608795289149,5.16871,4.307378520754526,0.9137250584511692,2.841650525223887,5.773106516285164
0,0,cross_fitted,1,3,7.68631,7.250461256118466,1.139407452731425,5.292517008756613,9.208405503480318,3.81186,3.289521473912206,1.0242316865863828,1.7547915203415172,4.824251427482895
0,0,cross_fitted,2,0,4.56985,5.779358069082283,1.135669021988681,4.0901301974581745,7.468585940706392,1.39511,2.3807576151669405,0.9569814803775625,0.5272166988519247,4.234298531481956
0,0,cross_fitted,3,4,9.23804,7.18652853530544,0.9462338812570752,5.7603995889156385,8.61265748169524,5.04394,3.8426609010784745,0.8281801401644063,2.5141575339506366,5.171164268206312
0,0,cross_fitted,4,0,4.12091,5.278174860276609,1.1980007338824774,3.4962329469921354,7.060116773561083,1.58843,2.3058093584248103,1.01481313490474,0.34025651698661785,4.2713621998630025
0,0,cross_fitted,5,3,9.77341,8.884952389341485,1.0932367679347494,7.006347298905191,10.76355747977778,4.68698,3.9909079546395114,0.9749613689302684,2.530005664593665,5.451810244685358
0,0,cross_fitted,6,3,6.49371,6.0633650104169465,1.1492792474847933,4.088457188082717,8.038272832751176,4.19441,3.2953883404533055,0.9530709958833127,1.867287038357724,4.723489642548887
0,0,cross_fitted,7,1,9.75931,10.129023955294732,0.8321774286308234,8.928528498347276,11.329519412242188,4.70237,4.682175079780406,0.7884050651585972,3.6275789622955927,5.73677119726522
0,0,cross_fitted,8,2,5.40848,6.45616297416378,1.220976171187088,4.527275848702817,8.385050099624742,2.08749,3.2442453586178974,1.0592873170464703,1.4594929643574608,5.028997752878334
0,0,cross_fitted,9,4,7.599,6.856174990399383,0.9521496815281711,5.421129967155029,8.291220013643738,3.26644,3.580433181870441,0.873488206883265,2.179250072407672,4.981616291333211
0,0,cross_fitted,10,0,8.52081,9.737842364917402,0.8199412319947534,8.518237396073626,10.957447333761177,4.5379,4.4616056607289,0.7339407263077874,3.040063870991523,5.883147450466277
0,0,cross_fitted,11,0,11.0714,10.319385100562954,1.0943298910648869,8.691646281464827,11.947123919661081,4.87105,4.8655746527149,0.9148277110437971,3.093679763871819,6.637469541557982
0,0,cross_fitted,12,3,8.29498,8.60363984548723,1.1288976212654187,6.663755567814254,10.543524123160205,4.37633,3.661479523317049,0.9895555222760062,2.1787090519016563,5.1442499947324425
0,0,cross_fitted,13,2,10.3345,9.21603827615867,1.0423099845290553,7.569406378385585,10.862670173931756,3.57985,3.793276146538584,0.9344845373036025,2.218799148171205,5.367753144905963
0,0,cross_fitted,14,1,4.75967,4.523827356958861,0.8580048454326388,3.286073383415635,5.7615813305020875,1.19214,1.704235297212864,0.9018137712166261,0.4979400261036193,2.910530568322109
0,0,cross_fitted,15,2,10.9876,10.009348512380312,1.0331935118182634,8.37711873584139,11.641578288919233,5.00077,4.4507375736094925,0.8845539652669663,2.960386672623935,5.94108847459505
0,0,cross_fitted,16,2,8.9389,8.408406252793691,1.0641087029859637,6.72733693652275,10.089475569064632,4.29166,3.6413839956079967,0.9326292564213918,2.0700328885292847,5.212735102686709
0,0,cross_fitted,17,3,7.51834,7.108592079132468,1.2243686048304627,5.004651596093231,9.212532562171706,2.25668,3.2754686681514698,1.0554150176228254,1.6940129660802214,4.856924370222718
0,0,cross_fitted,18,1,9.69876,9.360894352221328,1.0886240770199132,7.790450101004087,10.931338603438569,2.62464,4.293728678449383,0.9025763110333204,3.0864134094156555,5.50104394748311
0,0,cross_fitted,19,4,6.43094,6.233576598194385,0.9247771198160812,4.839786494444766,7.627366701944004,3.48185,3.6291611059437763,0.9459727433877516,2.1117038356543603,5.146618376233192
0,0,cross_fitted,20,2,3.52219,4.3497738306431755,1.0553349296763817,2.6825652421881694,6.0169824190981815,0.818414,1.7833161851509354,1.0027683463575825,0.0937904273609349,3.472841942940936
0,0,cross_fitted,21,4,9.13885,7.587192673964215,0.7642282091167493,6.435375990734574,8.739009357193856,4.67367,2.939750542038378,0.7456271048866872,1.743672452956089,4.135828631120667
0,0,cross_fitted,22,0,9.41684,10.63106227666946,0.9588972864877017,9.204769940612506,12.057354612726416,4.79881,5.278625320589566,0.8469199145700121,3.638258451757168,6.918992189421965
0,0,cross_fitted,23,3,10.4214,10.26438485022652,1.0609216069186835,8.441309749051136,12.087459951401904,4.62972,4.612649536513201,0.9770287081597653,3.1486495025865002,6.076649570439902
0,0,cross_fitted,24,3,6.13089,5.843990790241418,1.1905828574565058,3.798107334611543,7.889874245871293,2.87931,2.1838616383145633,0.9011261844340209,0.8335955165867259,3.5341277600424004
0,0,cross_fitted,25,2,9.89993,9.236821623194881,0.9719262072768797,7.701381380907619,10.772261865482143,4.92915,4.568623605338711,0.8454423361414379,3.144170381595097,5.993076829082325
0,0,cross_fitted,26,1,9.44702,8.950441563655039,0.8492507217087761,7.725316250056776,10.175566877253301,4.90717,4.5766788880585185,0.8184243489443768,3.4819280055560684,5.671429770560969
0,0,cross_fitted,27,0,9.24319,9.70025389121304,0.8919432429105937,8.373550990403983,11.026956792022096,4.70238,4.7980641916172955,0.7328396867433066,3.3786549634028873,6.217473419831704
0,0,cross_fitted,28,0,4.51178,5.479910024107025,1.0714749947568398,3.886166257351724,7.073653790862326,1.28971,2.05910271252636,1.1198073103107296,-0.10980934126876996,4.22801476632149
0,0,cross_fitted,29,1,4.87314,5.385528245819019,0.9631670399827267,3.9960677581881443,6.774988733449894,3.65188,3.02753647313671,0.876940138964215,1.8545129771090483,4.200559969164371
0,0,cross_fitted,30,2,5.15189,5.136874215539703,0.9913592928022392,3.5707337602897224,6.703014670789684,1.87265,2.6737076795170327,0.9148358604689841,1.1323359798352002,4.215079379198865
0,0,cross_fitted,31,0,4.72427,6.124147267057607,1.0844077843180167,4.511166884561627,7.737127649553587,1.19283,2.424800014212588,0.9248615577000222,0.6334709506161915,4.216129077808985
0,0,cross_fitted,32,2,7.18726,6.9646422880160515,1.0588901319249162,5.291817223164998,8.637467352867105,2.49718,2.5756568964467093,1.0455095581105365,0.8141181174658485,4.33719567542757
0,0,cross_fitted,33,1,8.02499,8.695936370957583,0.9911830618821863,7.2660600947521745,10.12581264716299,3.59119,3.5178991648158293,1.0042565335628184,2.1745731411035667,4.861225188528092
0,0,cross_fitted,34,1,7.56027,8.006602550041944,0.9134732002543279,6.688830174560867,9.32437492552302,3.10434,3.1610901358310937,0.9208318926800514,1.9293556102782612,4.392824661383926
0,0,cross_fitted,35,1,9.24725,9.463483404885222,1.0332389156250639,7.9729375411383225,10.954029268632121,4.71931,4.601380981595029,0.9517172349324164,3.328333223205493,5.874428739984565
0,0,cross_fitted,36,4,8.31567,8.335764812435206,1.0361719724224598,6.774084478872921,9.89744514599749,3.48547,4.406158029597307,0.8669706489805892,3.0154298890467803,5.796886170147834
0,0,cross_fitted,37,3,5.32822,6.198503322093439,1.1338746377934494,4.2500665982724914,8.146940045914386,1.79646,2.6250670253804937,0.7963144501836618,1.4318529751188622,3.8182810756421253
0,0,cross_fitted,38,0,8.94641,8.486764839336278,0.9636466404922552,7.053408172914255,9.920121505758301,4.8242,4.178348502938436,0.9280068441526859,2.380927454018308,5.975769551858565
0,0,cross_fitted,39,4,5.11392,4.376273840300641,0.9736601390619359,2.908809045637579,5.843738634963703,2.99086,2.542634171807353,0.941062899367735,1.03305289853396,4.052215445080746
0,0,cross_fitted,40,3,6.83197,7.698414698341941,1.1667620761966524,5.69346459058827,9.703364806095612,2.06786,3.2976665726829903,1.0512384265915862,1.7224691610389997,4.872863984326981
0,0,cross_fitted,41,0,7.13367,8.249562435844206,1.0404699377542463,6.701936512788086,9.797188358900327,4.48825,4.026592507845144,0.9258222571578766,2.2334027021237146,5.819782313566573
0,0,cross_fitted,42,2,9.10706,8.973463193826689,0.9446863537474568,7.481056226071935,10.465870161581442,3.13065,3.925084371048044,0.9854509755551978,2.2647359842172543,5.585432757878833
0,0,cross_fitted,43,2,8.02606,7.199934010949977,1.12042632133715,5.429894629957288,8.969973391942666,4.45854,4.112437306475744,0.9572790654237197,2.499554685777449,5.72531992717404
0,0,cross_fitted,44,4,4.5657,5.651785045493651,0.7856941146150712,4.467615738036525,6.835954352950777,1.3827,1.800785935312697,0.7821738179675394,0.5460823986608385,3.055489471964555
0,0,cross_fitted,45,1,5.33957,5.76820218588097,0.7483430194265064,4.688645874749141,6.847758497012799,2.71903,2.85484896018312,0.7679750780304159,1.8275806543243147,3.8821172660419254
0,0,cross_fitted,46,4,8.14209,5.454113612463026,0.923722786230835,4.061912561562659,6.846314663363392,4.77519,3.4243568569627176,0.895154633014819,1.9884181204648905,4.8602955934605445
0,0,cross_fitted,47,4,7.95193,7.288263098084636,0.9441060537002891,5.865341135223714,8.711185060945558,4.49069,3.8768652961295933,0.7656242145147388,2.6487093701307884,5.105021222128398
0,0,cross_fitted,48,1,8.27295,8.79791915882219,0.7867376662178056,7.662974901011859,9.93286341663252,3.91402,3.54943160941859,0.7825299048373173,2.5026942964217667,4.596168922415414
0,0,cross_fitted,49,3,9.22919,9.342791185653226,0.8924790228443407,7.809165822329315,10.876416548977137,4.0906,3.758289476721751,0.5420439409122642,2.9460796191629344,4.5704993342805675
1,1,uncalibrated,0,4,9.32916,8.084932731550802,0.9191041239854932,6.573140979667209,9.596724483434397,5.16871,4.466748002576676,0.8742503998696408,3.028734061487323,5.904761943666029
1,1,uncalibrated,1,3,7.68631,7.671826202901276,1.0049896926344326,6.018765261922685,9.324887143879867,3.81186,3.6348778297394695,0.8778917546356886,2.190874393056166,5.078881266422773
1,1,uncalibrated,2,0,4.56985,5.435067016802286,0.9525367440300431,3.868283498579924,7.001850535024648,1.39511,2.5222849318676808,0.9138541622388142,1.0191285986044687,4.025441265130893
1,1,uncalibrated,3,0,9.23804,7.08680034930193,1.0654604420344431,5.334273876848258,8.839326821755602,5.04394,3.787018819263235,0.8934714523986809,2.3173890602076654,5.256648578318805
1,1,uncalibrated,4,2,4.12091,6.317976145720005,1.0864429488557934,4.530936520818701,8.105015770621309,1.58843,3.091896888422731,1.0061437944719975,1.43693761885075,4.746856157994712
1,1,uncalibrated,5,4,9.77341,8.788132894726493,0.9652117064563535,7.200500918585741,10.375764870867245,4.68698,3.7222244709934866,0.9362372479821209,2.1822512379630306,5.262197704023943
1,1,uncalibrated,6,3,6.49371,6.141714697225057,1.077720804080201,4.369021723792682,7.914407670657432,4.19441,2.413370783446304,0.8533888664229142,1.0096710113105685,3.8170705555820392
1,1,uncalibrated,7,3,9.75931,9.828926475107421,0.9668009675241968,8.238680397135054,11.419172553079788,4.70237,4.685413974574747,0.7707507083268035,3.4176418765079886,5.953186072641505
1,1,uncalibrated,8,4,5.40848,6.552223420686876,1.1377920964310828,4.680721964155492,8.42372487721826,2.08749,2.89101327991127,0.9781665977205418,1.282072403887856,4.4999541559346845
1,1,uncalibrated,9,4,7.599,6.819078756927394,0.9652637854181519,5.23136111851744,8.406796395337349,3.26644,3.5374968605881896,0.9199854608194244,2.0242554386167386,5.0507382825596405
1,1,uncalibrated,10,2,8.52081,9.85083089947938,0.8355618108843659,8.476454024304092,11.225207774654669,4.5379,4.701880032164507,0.7682013385584924,3.4383012742075953,5.965458790121418
1,1,uncalibrated,11,4,11.0714,10.102827322631073,1.0768926725719141,8.331496504313698,11.874158140948449,4.87105,4.411592274748289,0.9142239473201642,2.9078276991528256,5.915356850343752
1,1,uncalibrated,12,4,8.29498,8.485368551449021,0.9801124536025976,6.873227027320483,10.09751007557756,4.37633,3.4087356497534427,1.0157078031289912,1.7380449858538103,5.079426313653075
1,1,uncalibrated,13,1,10.3345,9.474724597756643,1.111509439990269,7.64645426399785,11.302994931515435,3.57985,4.146179030244992,0.8886000944796976,2.6845619419306415,5.607796118559343
1,1,uncalibrated,14,2,4.75967,4.71469197527986,0.999915524675825,3.0699772978717457,6.359406652687974,1.19214,1.8039769959609155,0.9087150604960754,0.30927373283852,3.2986802590833113
1,1,uncalibrated,15,4,10.9876,10.036674618043024,0.9910648544605932,8.406517997639385,11.666831238446663,5.00077,4.31360625357425,0.8180915120946073,2.9679654627272214,5.659247044421278
1,1,uncalibrated,16,4,8.9389,8.517344131810876,0.9291270529614869,6.989066128848442,10.04562213477331,4.29166,3.6650956430752846,0.8653605485549841,2.241704206163904,5.088487079986665
1,1,uncalibrated,17,2,7.51834,6.9879856548523875,1.0131818359642568,5.321449837205229,8.654521472499546,2.25668,2.685900559425168,0.9265835660103011,1.161806220199496,4.20999489865084
1,1,uncalibrated,18,3,9.69876,8.858309462174713,1.1088803178825433,7.034363649450511,10.682255274898916,2.62464,4.233273350097761,0.877127214781088,2.7905274695672464,5.676019230628276
1,1,uncalibrated,19,1,6.43094,7.538514359206836,0.9260130399900107,6.015358451774909,9.061670266638764,3.48185,4.0302141669816045,0.9044774418412578,2.542481166273223,5.517947167689986
1,1,uncalibrated,20,3,3.52219,4.619073102505119,1.0810310989690688,2.840935178518511,6.3972110264917275,0.818414,1.735554227729426,0.9610161961118902,0.15482325199567692,3.316285203463175
1,1,uncalibrated,21,1,9.13885,7.448637425475505,1.1791779813309924,5.509062246061908,9.388212604889102,4.67367,3.062139342842899,0.7354879345818046,1.8523693460669712,4.271909339618827
1,1,uncalibrated,22,1,9.41684,9.869595925096323,1.3347617879422817,7.67410815708323,12.065083693109417,4.79881,4.954810850358122,0.9208835261051496,3.4400922424442064,6.469529458272037
1,1,uncalibrated,23,2,10.4214,10.430790071693906,1.007219206131904,8.774061907352662,12.08751823603515,4.62972,4.798576576381509,0.9156428327415141,3.2924781419545104,6.304675010808508
1,1,uncalibrated,24,2,6.13089,6.57562614243353,1.0585717521315199,4.8344305565516255,8.316821728315434,2.87931,3.099520158013949,0.9369610826508019,1.5583563229034,4.640683993124498
1,1,uncalibrated,25,3,9.89993,9.073200961842424,0.9697001464930697,7.478186158827926,10.668215764856923,4.92915,4.493544433296595,0.7334854879423751,3.2870681681383096,5.70002069845488
1,1,uncalibrated,26,1,9.44702,9.437805182952319,0.9118104545570794,7.938010449681837,10.937599916222801,4.90717,5.209488293189887,0.7286142686830311,4.011024470698009,6.4079521156817645
1,1,uncalibrated,27,0,9.24319,9.637029186913441,0.9359980993679438,8.097449318348396,11.176609055478487,4.70238,4.6748508445117025,0.8600919271475623,3.260125518631354,6.089576170392052
1,1,uncalibrated,28,3,4.51178,5.627184436223189,1.0603367895927398,3.8830856220714915,7.371283250374886,1.28971,1.7239269755657158,0.891970922328981,0.2567653688376421,3.1910885822937898
1,1,uncalibrated,29,0,4.87314,4.858082449065247,1.0270768862808588,3.168691307508152,6.547473590622341,3.65188,2.7637732827712704,0.8802560044171492,1.315881001259912,4.211665564282629
1,1,uncalibrated,30,2,5.15189,4.853782746477853,0.848187308389974,3.4586387759383976,6.248926717017308,1.87265,2.48148664973328,0.7962853604077255,1.171713786578273,3.7912595128882867
1,1,uncalibrated,31,0,4.72427,5.940172493870433,0.9633939301452014,4.355530493688066,7.5248144940528,1.19283,2.451027569321976,0.8526699858514815,1.048510250501507,3.8535448881424452
1,1,uncalibrated,32,1,7.18726,6.481206610672301,1.075697404364316,4.7118418336013725,8.25057138774323,2.49718,2.3565257433634255,0.8540411355907276,0.9517530839212638,3.761298402805587
1,1,uncalibrated,33,2,8.02499,8.363618091092667,0.8967618202167882,6.888576158597479,9.838660023587854,3.59119,3.3256312594665305,0.8505863408171204,1.9265412317381096,4.724721287194951
1,1,uncalibrated,34,3,7.56027,7.670899676870494,0.8539498649570523,6.266277144261167,9.075522209479821,3.10434,3.077543872816586,0.6752425150225221,1.966868772909957,4.188218972723215
1,1,uncalibrated,35,0,9.24725,9.730212594015084,0.8975322579854234,8.253903404161816,11.206521783868352,4.71931,4.77185487180418,0.8440630094702692,3.383494769301434,6.1602149743069265
1,1,uncalibrated,36,1,8.31567,9.079905371082054,1.1782548311190486,7.141848638642793,11.017962103521315,3.48547,4.83325218136055,0.8887160088919652,3.3714444308047646,6.2950599319163345
1,1,uncalibrated,37,4,5.32822,6.018572191270421,0.9574280152971177,4.443743247764008,7.593401134776833,1.79646,2.5553258601099165,0.887244767450326,1.0959380863755328,4.0147136338443
1,1,uncalibrated,38,0,8.94641,8.249100387432376,1.019728253255897,6.571796671559525,9.926404103305227,4.8242,4.043783088769423,0.8059459757830761,2.718119927375688,5.369446250163159
1,1,uncalibrated,39,1,5.11392,5.090389448124945,1.0606344657963915,3.345801000190014,6.834977896059876,2.99086,2.8995434115610665,0.8566993416849774,1.4903983921835935,4.30868843093854
1,1,uncalibrated,40,0,6.83197,8.02983861056571,0.9037465822062193,6.543307766978813,9.516369454152606,2.06786,3.7629777848615475,0.8409070303289101,2.3798088060960487,5.146146763627046
1,1,uncalibrated,41,2,7.13367,7.613837942352852,0.9820199526357981,5.998558861521147,9.229117023184557,4.48825,3.6196384056315396,0.958068636468512,2.0437557340678567,5.195521077195222
1,1,uncalibrated,42,1,9.10706,8.033468558699703,1.1745261129269828,6.101545021902541,9.965392095496863,3.13065,3.8253117799812277,0.8775160199995203,2.3819263717769967,5.268697188185459
1,1,uncalibrated,43,4,8.02606,7.234705992237034,0.9528944564049453,5.667334089517409,8.802077894956659,4.45854,4.305844211424423,0.9149055299710487,2.8009585321335857,5.810729890715261
1,1,uncalibrated,44,3,4.5657,6.00042422621168,1.062671071018013,4.252485860791297,7.7483625916320635,1.3827,2.3648552553728424,0.8564798577590784,0.9560712549269419,3.773639255818743
1,1,uncalibrated,45,2,5.33957,6.2662402808022595,0.8766238215538925,4.82432240844728,7.708158153157239,2.71903,3.1178135000336105,0.8083714145088257,1.788160846954877,4.447466153112344
1,1,uncalibrated,46,0,8.14209,5.8442241537687964,0.9899361272955604,4.2159241243364,7.472524183201193,4.77519,3.3368728498342697,0.897690655388422,1.8603031194381803,4.813442580230359
1,1,uncalibrated,47,3,7.95193,7.541633551232372,0.9292257160272338,6.013193261968398,9.070073840496345,4.49069,3.776566290386389,0.7565327393015066,2.532180670238774,5.020951910534004
1,1,uncalibrated,48,0,8.27295,8.908378691757814,0.8128240703482557,7.571402071572028,10.245355311943602,3.91402,3.5109566784492316,0.8072295463139323,2.1831822314123692,4.838731125486094
1,1,uncalibrated,49,1,9.22919,9.140006023808578,1.0483970141979684,7.415546392519956,10.864465655097199,4.0906,3.969633742715552,0.8069534377465758,2.6423134538571382,5.296954031573966
1,1,holdout,0,4,9.32916,8.113969638287381,1.0749058315170927,6.560899198102962,9.6670400784718,5.16871,4.334498227608371,0.9499163835921234,3.346584868980992,5.32241158623575
1,1,holdout,1,3,7.68631,7.359674223095272,0.8830040321676037,4.430336295896218,10.289012150294326,3.81186,2.8962151384953594,0.942003707929728,0.4335247421609063,5.3589055348298125
1,1,holdout,2,0,4.56985,5.37474015688794,1.0340757504677562,3.8535814874278964,6.895898826347984,1.39511,2.51863209010964,0.9163859957079881,0.8712622578314773,4.166001922387803
1,1,holdout,3,0,9.23804,6.851034132475318,1.2028465089489524,5.081608252127784,8.620460012822853,5.04394,3.7554038832026215,0.9506608964279705,2.0464187079195657,5.464389058485677
1,1,holdout,4,2,4.12091,5.963275067006207,1.2794382808003557,4.197821668376021,7.728728465636393,1.58843,2.8176858962899596,1.1539209281539293,1.1855404437038817,4.449831348876037
1,1,holdout,5,4,9.77341,8.816602859769015,1.090676029729039,7.24074695507162,10.39245876446641,4.68698,3.7312730058487347,0.9449308388467248,2.74854461543444,4.714001396263029
1,1,holdout,6,3,6.49371,6.1747292638878495,0.9292147060276091,3.0920888888537155,9.257369638921983,4.19441,2.573766314279498,0.92018304376549,0.16812191428937862,4.979410714269617
1,1,holdout,7,3,9.75931,9.686451821433065,0.8077643005735842,7.006719322251812,12.36618432061432,4.70237,4.4314426647318,0.7855393329000392,2.377798762068719,6.48508656739488
1,1,holdout,8,4,5.40848,6.6580831454887495,1.2916355689105452,4.791872206122518,8.524294084854981,2.08749,3.0936715179589553,1.0706058013730244,1.9802411242217697,4.207101911696141
1,1,holdout,9,4,7.599,6.861105014808057,1.1314201590425903,5.226380229700349,8.495829799915764,3.26644,3.622733155696676,1.004980302653265,2.577553302714109,4.6679130086792435
1,1,holdout,10,2,8.52081,9.666098582861396,0.9482580756274471,8.357629493326451,10.974567672396342,4.5379,4.276573183864468,0.9840594873559824,2.884685595923952,5.668460771804983
1,1,holdout,11,4,11.0714,10.151197606028079,1.116579537933378,8.53791519222667,11.764480019829488,4.87105,4.502776035032788,0.965885931873232,3.4982543408185514,5.507297729247025
1,1,holdout,12,4,8.29498,8.499321382186896,1.0975694815105859,6.913505520180825,10.085137244192966,4.37633,3.37492612078702,0.990449541500691,2.344858264293415,4.404993977280625
1,1,holdout,13,1,10.3345,8.808761208994573,1.2846622851959866,7.03858842643883,10.578933991550317,3.57985,3.726888472189958,0.9718539982922458,1.3378360017113677,6.115940942668548
1,1,holdout,14,2,4.75967,5.202763797250731,1.1589099990148346,3.603623278188441,6.8019043163130215,1.19214,2.1382772469232663,1.0639245925348837,0.6334257070709053,3.6431287867756272
1,1,holdout,15,4,10.9876,10.016352406616297,1.0484781257366003,8.501465858867967,11.531238954364628,5.00077,4.31986982376653,0.881781712098461,3.4028165464230833,5.236923101109977
1,1,holdout,16,4,8.9389,8.324270013036845,1.1488317273187543,6.664388240950289,9.9841517851234,4.29166,3.3648499359231154,0.99169783426539,2.333483854534114,4.396216017312117
1,1,holdout,17,2,7.51834,7.4895106877732545,1.225932598826153,5.797887961169148,9.18113341437736,2.25668,3.0536062704355835,1.113795465549308,1.4782156523664762,4.628996888504691
1,1,holdout,18,3,9.69876,8.884129849005712,1.0126714694830141,5.524624302845389,12.243635395166034,2.62464,4.11977450496464,0.9036205627446262,1.7574295767347698,6.4821194331945104
1,1,holdout,19,1,6.43094,7.184295722899333,1.0955294239054159,5.674734501219592,8.693856944579073,3.48185,4.297953240242264,0.7967138616204976,2.3394376373701755,6.2564688431143525
1,1,holdout,20,3,3.52219,4.894488124461239,0.748612948516918,2.410988363424274,7.377987885498204,0.818414,1.8675471277713682,0.9514777431964341,-0.6199113405668859,4.355005596109622
1,1,holdout,21,1,9.13885,7.119019271056297,1.1195020721843374,5.576425453963627,8.661613088148968,4.67367,2.994663209907632,0.7071415560449547,1.2563380248326044,4.732988394982659
1,1,holdout,22,1,9.41684,9.33386220975182,1.157310612081606,7.739170927787977,10.928553491715661,4.79881,4.801276505937101,0.7446928209422814,2.9706412183876303,6.631911793486571
1,1,holdout,23,2,10.4214,10.113561659763434,1.1181317020203771,8.57068972676704,11.656433592759829,4.62972,4.676189658076422,0.9508088774805596,3.3313328764760834,6.02104643967676
1,1,holdout,24,2,6.13089,6.493303737658469,1.1415931923633966,4.918058091537668,8.068549383779269,2.87931,3.0110600980072384,1.0438674106553818,1.5345781261188567,4.48754206989562
1,1,holdout,25,3,9.89993,8.667984934873148,0.9069723200280319,5.659132971359649,11.676836898386647,4.92915,4.176293348211169,0.8625313805092851,1.9213683097677183,6.431218386654619
1,1,holdout,26,1,9.44702,9.078142465695183,1.004508550360078,7.694001500257981,10.462283431132386,4.90717,5.022499375792343,0.6676482285747587,3.38125835328277,6.663740398301916
1,1,holdout,27,0,9.24319,9.808744123113255,0.737533419050737,8.723808755565907,10.893679490660604,4.70238,4.858501211267827,0.8289680197884283,3.3682810266307124,6.348721395904941
1,1,holdout,28,3,4.51178,5.590541482432045,0.8224027783002038,2.862246296740991,8.3188366681231,1.28971,1.8954501638697834,0.9313595202580662,-0.5394130184790762,4.330313346218643
1,1,holdout,29,0,4.87314,4.745007849920944,1.0351762163463836,3.2222303597787962,6.2677853400630905,3.65188,2.5303504193754507,0.8841551102005524,0.9409214424805479,4.119779396270354
1,1,holdout,30,2,5.15189,5.020658448271425,0.943244703554332,3.7191071404676492,6.3222097560752015,1.87265,2.596417632546879,0.8890835491304483,1.3388672785517586,3.8539679865419996
1,1,holdout,31,0,4.72427,5.974728108675292,0.8316542812281885,4.751337927335509,7.198118290015074,1.19283,2.3700612679573236,0.8788310616072643,0.7902032328699606,3.9499193030446866
1,1,holdout,32,1,7.18726,6.812811345631939,1.1653835455010249,5.20699613858746,8.418626552676418,2.49718,2.2629799594637654,1.017999917553238,-0.23951035518349917,4.7654702741110295
1,1,holdout,33,2,8.02499,8.175534167679398,0.9131615439281742,6.915493589389133,9.435574745969664,3.59119,3.528933988058837,0.8781694965466157,2.286820845452616,4.771047130665058
1,1,holdout,34,3,7.56027,7.713629510204326,0.7451617543424229,5.241578976601419,10.185680043807233,3.10434,3.0918924225804645,0.7253757428234053,1.1955348386903262,4.988250006470603
1,1,holdout,35,0,9.24725,9.801755685052846,0.8781025928018188,8.510038544300226,11.093472825805467,4.71931,4.93454932912699,0.8044947233776446,3.4883243281705023,6.380774330083478
1,1,holdout,36,1,8.31567,8.493251844943295,1.183298148961644,6.862751595127882,10.123752094758707,3.48547,4.733663951810559,0.8540325660539476,2.634245093231344,6.833082810389774
1,1,holdout,37,4,5.32822,5.95665940233438,1.020055791334708,4.482838672731548,7.4304801319372125,1.79646,2.3771112437266906,0.9024982655854437,1.4385127437846865,3.3157097436686946
1,1,holdout,38,0,8.94641,8.68206283181192,1.0241585553067332,7.175492675223486,10.188632988400355,4.8242,4.243859898466561,0.7755994332281007,2.849579415988345,5.638140380944778
1,1,holdout,39,1,5.11392,4.8900365822336695,1.1412391379326143,3.31749064262317,6.462582521844169,2.99086,2.7676111783586688,0.8007401621563921,0.7991979537665783,4.736024402950759
1,1,holdout,40,0,6.83197,7.563715108471792,0.7470853879571561,6.464728487613609,8.662701729329974,2.06786,3.689613381963288,0.8616134247745791,2.140707168088965,5.238519595837611
1,1,holdout,41,2,7.13367,7.266085685322052,1.2729631815178037,5.509567056118726,9.022604314525378,4.48825,3.5168683912901044,1.1018764725178336,1.9583364069463152,5.075400375633894
1,1,holdout,42,1,9.10706,8.598897485311486,1.2029313451345625,6.94134409483773,10.256450875785243,3.13065,3.5841751083445,0.9460476271827044,1.258560947284479,5.909789269404522
1,1,holdout,43,4,8.02606,7.233632613370614,1.251094604013462,5.425997013677952,9.041268213063276,4.45854,4.323625546101145,1.0173297605028218,3.265602252798865,5.381648839403424
1,1,holdout,44,3,4.5657,6.171588033424426,0.8859761482012661,3.2323902053593803,9.110785861489472,1.3827,2.069059174319455,0.9955423769627264,-0.5335979386533678,4.671716287292278
1,1,holdout,45,2,5.33957,6.026656442984373,1.0220302322644954,4.616391661845076,7.43692122412367,2.71903,3.071819564614254,1.0066048631997124,1.6480430215795128,4.495596107648995
1,1,holdout,46,0,8.14209,5.8353190664740335,0.950178344213528,4.437576178508819,7.233061954439248,4.77519,3.1329621785086594,0.9132094541223008,1.4913027551670666,4.774621601850252
1,1,holdout,47,3,7.95193,6.8279208675384755,0.908337950291836,3.8145384688507766,9.841303266226173,4.49069,3.188650257403917,0.8646442071495772,0.9282016336153491,5.4490988811924845
1,1,holdout,48,0,8.27295,9.415997075169697,0.639580889488452,8.475153027307401,10.356841123031993,3.91402,3.7455689177784017,0.722709398535947,2.446367853785498,5.044769981771306
1,1,holdout,49,1,9.22919,8.628454402992837,1.181074365272111,7.001018368113027,10.255890437872647,4.0906,3.5864969194689653,0.8822407885347733,1.4177354191719131,5.755258419766017
1,1,cross_fitted,0,4,9.32916,8.084932731550802,0.9191041239854932,6.449032000555243,9.720833462546363,5.16871,4.466748002576676,0.8742503998696408,3.1418353505660157,5.791660654587336
1,1,cross_fitted,1,3,7.68631,7.671826202901276,1.0049896926344326,6.060740022614182,9.28291238318837,3.81186,3.6348778297394695,0.8778917546356886,1.6898984529336518,5.579857206545287
1,1,cross_fitted,2,0,4.56985,5.435067016802286,0.9525367440300431,3.982642692621897,6.887491340982675,1.39511,2.5222849318676808,0.9138541622388142,1.0811672000047041,3.9634026637306574
1,1,cross_fitted,3,0,9.23804,7.08680034930193,1.0654604420344431,5.462190409410723,8.711410289193138,5.04394,3.787018819263235,0.8934714523986809,2.378043945405164,5.195993693121306
1,1,cross_fitted,4,2,4.12091,6.317976145720005,1.0864429488557934,4.184222472606102,8.451729818833908,1.58843,3.091896888422731,1.0061437944719975,1.2046329174941255,4.979160859351337
1,1,cross_fitted,5,4,9.77341,8.788132894726493,0.9652117064563535,7.0701659147607465,10.50609987469224,4.68698,3.7222244709934866,0.9362372479821209,2.3033717311833426,5.141077210803631
1,1,cross_fitted,6,3,6.49371,6.141714697225057,1.077720804080201,4.414034198224067,7.869395196226046,4.19441,2.413370783446304,0.8533888664229142,0.5226778400126753,4.304063726879932
1,1,cross_fitted,7,3,9.75931,9.828926475107421,0.9668009675241968,8.279060153808736,11.378792796406106,4.70237,4.685413974574747,0.7707507083268035,2.9778068300285385,6.393021119120955
1,1,cross_fitted,8,4,5.40848,6.552223420686876,1.1377920964310828,4.527082989152966,8.577363852220786,2.08749,2.89101327991127,0.9781665977205418,1.4086172738157499,4.37340928600679
1,1,cross_fitted,9,4,7.599,6.819078756927394,0.9652637854181519,5.101019082337119,8.537138431517668,3.26644,3.5374968605881896,0.9199854608194244,2.1432734471505035,4.931720274025876
1,1,cross_fitted,10,2,8.52081,9.85083089947938,0.8355618108843659,8.209803098649253,11.491858700309507,4.5379,4.701880032164507,0.7682013385584924,3.260934198531061,6.142825865797953
1,1,cross_fitted,11,4,11.0714,10.102827322631073,1.0768926725719141,8.18608093417513,12.019573711087016,4.87105,4.411592274748289,0.9142239473201642,3.026100343882459,5.7970842056141185
1,1,cross_fitted,12,4,8.29498,8.485368551449021,0.9801124536025976,6.740879937521696,10.229857165376345,4.37633,3.4087356497534427,1.0157078031289912,1.8694465406924536,4.948024758814432
1,1,cross_fitted,13,1,10.3345,9.474724597756643,1.111509439990269,8.22018199137234,10.729267204140944,3.57985,4.146179030244992,0.8886000944796976,2.760000596088179,5.532357464401805
1,1,cross_fitted,14,2,4.75967,4.71469197527986,0.999915524675825,2.750876548222537,6.678507402337182,1.19214,1.8039769959609155,0.9087150604960754,0.09946398009081459,3.5084900118310163
1,1,cross_fitted,15,4,10.9876,10.036674618043024,0.9910648544605932,8.272691977158168,11.800657258927881,5.00077,4.31360625357425,0.8180915120946073,3.0738015076590095,5.55341099948949
1,1,cross_fitted,16,4,8.9389,8.517344131810876,0.9291270529614869,6.863603728018023,10.17108453560373,4.29166,3.6650956430752846,0.8653605485549841,2.3536554201113127,4.9765358660392565
1,1,cross_fitted,17,2,7.51834,6.9879856548523875,1.0131818359642568,4.998115440040056,8.977855869664719,2.25668,2.685900559425168,0.9265835660103011,0.9478708763981285,4.423930242452208
1,1,cross_fitted,18,3,9.69876,8.858309462174713,1.1088803178825433,7.08067754333396,10.635941381015467,2.62464,4.233273350097761,0.877127214781088,2.2899878202179362,6.176558879977586
1,1,cross_fitted,19,1,6.43094,7.538514359206836,0.9260130399900107,6.493338519094233,8.583690199319438,3.48185,4.0302141669816045,0.9044774418412578,2.6192677447940245,5.4411605891691845
1,1,cross_fitted,20,3,3.52219,4.619073102505119,1.0810310989690688,2.8860859119159317,6.352060293094307,0.818414,1.735554227729426,0.9610161961118902,-0.3935883144393091,3.864696769898161
1,1,cross_fitted,21,1,9.13885,7.448637425475505,1.1791779813309924,6.117718438316103,8.779556412634907,4.67367,3.062139342842899,0.7354879345818046,1.9148093798669295,4.209469305818869
1,1,cross_fitted,22,1,9.41684,9.869595925096323,1.3347617879422817,8.363072028761318,11.37611982143133,4.79881,4.954810850358122,0.9208835261051496,3.518271633012353,6.391350067703891
1,1,cross_fitted,23,2,10.4214,10.430790071693906,1.007219206131904,8.452630350579932,12.40894979280788,4.62972,4.798576576381509,0.9156428327415141,3.0810688623087756,6.516084290454243
1,1,cross_fitted,24,2,6.13089,6.57562614243353,1.0585717521315199,4.496610979470694,8.654641305396364,2.87931,3.099520158013949,0.9369610826508019,1.3420249538845237,4.8570153621433745
1,1,cross_fitted,25,3,9.89993,9.073200961842424,0.9697001464930697,7.5186870036523725,10.627714920032476,4.92915,4.493544433296595,0.7334854879423751,2.868498817249894,6.118590049343296
1,1,cross_fitted,26,1,9.44702,9.437805182952319,0.9118104545570794,8.40865956975941,10.466950796145229,4.90717,5.209488293189887,0.7286142686830311,4.072880957289551,6.346095629090223
1,1,cross_fitted,27,0,9.24319,9.637029186913441,0.9359980993679438,8.209822923817583,11.0642354500093,4.70238,4.6748508445117025,0.8600919271475623,3.318514375891845,6.03118731313156
1,1,cross_fitted,28,3,4.51178,5.627184436223189,1.0603367895927398,3.927372029506055,7.326996842940323,1.28971,1.7239269755657158,0.891970922328981,-0.25224496075720126,3.7000989118886327
1,1,cross_fitted,29,0,4.87314,4.858082449065247,1.0270768862808588,3.2919996057657923,6.424165292364702,3.65188,2.7637732827712704,0.8802560044171492,1.3756387324655268,4.151907833077014
1,1,cross_fitted,30,2,5.15189,4.853782746477853,0.848187308389974,3.187958704201405,6.5196067887543006,1.87265,2.48148664973328,0.7962853604077255,0.9878624982629256,3.975110801203634
1,1,cross_fitted,31,0,4.72427,5.940172493870433,0.9633939301452014,4.471193174510444,7.409151813230422,1.19283,2.451027569321976,0.8526699858514815,1.1063952561883998,3.7956598824555523
1,1,cross_fitted,32,1,7.18726,6.481206610672301,1.075697404364316,5.267084465777291,7.695328755567312,2.49718,2.3565257433634255,0.8540411355907276,1.0242578183506066,3.6887936683762446
1,1,cross_fitted,33,2,8.02499,8.363618091092667,0.8967618202167882,6.60239461423078,10.124841567954553,3.59119,3.3256312594665305,0.8505863408171204,1.730152597263413,4.921109921669648
1,1,cross_fitted,34,3,7.56027,7.670899676870494,0.8539498649570523,6.301943521226834,9.039855832514155,3.10434,3.077543872816586,0.6752425150225221,1.581536239613207,4.573551506019965
1,1,cross_fitted,35,0,9.24725,9.730212594015084,0.8975322579854234,8.361658896318083,11.098766291712085,4.71931,4.77185487180418,0.8440630094702692,3.4407954752181453,6.102914268390215
1,1,cross_fitted,36,1,8.31567,9.079905371082054,1.1782548311190486,7.750028328535365,10.409782413628744,3.48547,4.83325218136055,0.8887160088919652,3.4468929256401424,6.219611437080957
1,1,cross_fitted,37,4,5.32822,6.018572191270421,0.9574280152971177,4.314459295651529,7.722685086889312,1.79646,2.5553258601099165,0.887244767450326,1.2107204495771056,3.8999312706427274
1,1,cross_fitted,38,0,8.94641,8.249100387432376,1.019728253255897,6.694222711200569,9.803978063664182,4.8242,4.043783088769423,0.8059459757830761,2.7728329912405365,5.3147331862983105
1,1,cross_fitted,39,1,5.11392,5.090389448124945,1.0606344657963915,3.893268596724101,6.287510299525789,2.99086,2.8995434115610665,0.8566993416849774,1.5631287978586061,4.2359580252635265
1,1,cross_fitted,40,0,6.83197,8.02983861056571,0.9037465822062193,6.651809335455873,9.407867885675547,2.06786,3.7629777848615475,0.8409070303289101,2.4368952628031284,5.089060306919967
1,1,cross_fitted,41,2,7.13367,7.613837942352852,0.9820199526357981,5.685169084761599,9.542506799944105,4.48825,3.6196384056315396,0.958068636468512,1.8225509224924268,5.416725888770652
1,1,cross_fitted,42,1,9.10706,8.033468558699703,1.1745261129269828,6.707800059662268,9.359137057737136,3.13065,3.8253117799812277,0.8775160199995203,2.456424031592354,5.194199528370102
1,1,cross_fitted,43,4,8.02606,7.234705992237034,0.9528944564049453,5.538662315450017,8.93074966902405,4.45854,4.305844211424423,0.9149055299710487,2.9193193528325296,5.692369070016317
1,1,cross_fitted,44,3,4.5657,6.00042422621168,1.062671071018013,4.296869762662799,7.703978689760562,1.3827,2.3648552553728424,0.8564798577590784,0.4673141847401838,4.262396326005501
1,1,cross_fitted,45,2,5.33957,6.2662402808022595,0.8766238215538925,4.5445674574389034,7.9879131041656155,2.71903,3.1178135000336105,0.8083714145088257,1.6015190557273595,4.634107944339862
1,1,cross_fitted,46,0,8.14209,5.8442241537687964,0.9899361272955604,4.334773395380354,7.3536749121572385,4.77519,3.3368728498342697,0.897690655388422,1.92124443267127,4.752501266997269
1,1,cross_fitted,47,3,7.95193,7.541633551232372,0.9292257160272338,6.052003637183675,9.031263465281068,4.49069,3.776566290386389,0.7565327393015066,2.1004592213201496,5.452673359452628
1,1,cross_fitted,48,0,8.27295,8.908378691757814,0.8128240703482557,7.668987709255324,10.147769674260305,3.91402,3.5109566784492316,0.8072295463139323,2.2379824327263025,4.783930924172161
1,1,cross_fitted,49,1,9.22919,9.140006023808578,1.0483970141979684,7.9566973847663816,10.323314662850773,4.0906,3.969633742715552,0.8069534377465758,2.710820627882417,5.228446857548687
2,2,uncalibrated,0,0,9.32916,8.034402957423296,0.8623110148181587,6.616027557139444,9.45277835770715,5.16871,4.4464658186726975,0.9300877455935649,2.916607616950005,5.97632402039539
2,2,uncalibrated,1,2,7.68631,7.521822999032536,1.1142577850036526,5.689032040010365,9.354613958054706,3.81186,3.405731290677804,0.9968272966357381,1.7660962963622797,5.045366284993328
2,2,uncalibrated,2,1,4.56985,5.7700417119426515,1.0182653001397421,4.095144339808968,7.444939084076335,1.39511,2.6216036128287716,0.9520109134082025,1.0556850090119063,4.187522216645637
2,2,uncalibrated,3,3,9.23804,7.767402536381328,1.0606936280767896,6.0227167751549056,9.51208829760775,5.04394,4.370116461590329,0.9143306439875826,2.8661763855944793,5.874056537586179
2,2,uncalibrated,4,3,4.12091,5.321996756960235,0.932785059414228,3.7877018688165984,6.856291645103872,1.58843,2.775066094896411,0.9114470375214407,1.2758691294550952,4.274263060337727
2,2,uncalibrated,5,2,9.77341,8.908901969660608,0.7476605630896279,7.679109780734054,10.138694158587162,4.68698,4.094880331408972,0.8995201431698754,2.6153013614000957,5.574459301417848
2,2,uncalibrated,6,3,6.49371,5.300403667456765,0.7775163610365742,4.021503060991646,6.579304273921884,4.19441,2.07591956319102,0.8308910450973414,0.7092254140611594,3.44261371232088
2,2,uncalibrated,7,4,9.75931,9.263959637301868,1.0930676177859917,7.466023401683374,11.061895872920362,4.70237,4.739954048525653,0.7903603243285514,3.4399270024552937,6.039981094596012
2,2,uncalibrated,8,4,5.40848,6.463486220950102,1.128503004956718,4.6072639602214105,8.319708481678795,2.08749,3.037654724759838,0.8339076798970377,1.665998652938509,4.409310796581168
2,2,uncalibrated,9,0,7.599,6.8852387796188745,0.9190981999310011,5.373456771937799,8.397020787299951,3.26644,3.4800168479849374,0.919827018854859,1.9670360398535631,4.992997656116311
2,2,uncalibrated,10,2,8.52081,9.796011669928848,0.7162222592721571,8.617930889061665,10.974092450796032,4.5379,4.625051974756337,0.8208029218936962,3.2749513116671256,5.975152637845548
2,2,uncalibrated,11,4,11.0714,9.466730931996363,1.2739564246234838,7.371259086376297,11.56220277761643,4.87105,4.542058611600513,0.9023775202069044,3.057779674608712,6.0263375485923145
2,2,uncalibrated,12,1,8.29498,8.794798807319392,0.9242123216337144,7.274604818006937,10.314992796631847,4.37633,3.6734917279826775,0.8179731936465261,2.3280455536641105,5.018937902301245
2,2,uncalibrated,13,0,10.3345,9.498342259549815,0.8422443517661452,8.11297358276788,10.88371093633175,3.57985,3.87348736527452,0.8708708931549741,2.441032218062093,5.305942512486947
2,2,uncalibrated,14,1,4.75967,4.958838389614003,1.0466080656194414,3.237321316883201,6.680355462344806,1.19214,1.8577346344377619,0.9426187778215293,0.30726471890545626,3.4082045499700673
2,2,uncalibrated,15,4,10.9876,9.49175999544846,1.286087831036335,7.3763337619901925,11.607186228906727,5.00077,4.585894478832331,0.9318252729789633,3.053178298887838,6.118610658776824
2,2,uncalibrated,16,1,8.9389,8.750871067894426,0.9685698964391457,7.157715360780486,10.344026775008366,4.29166,3.5684826318926257,0.9112757650333319,2.069567384624573,5.067397879160678
2,2,uncalibrated,17,1,7.51834,7.018012036938355,1.1248763962961874,5.167755016618471,8.86826905725824,2.25668,2.7160651987761844,0.9659354684139629,1.127242740154409,4.30488765739796
2,2,uncalibrated,18,4,9.69876,8.645946892852377,1.0139342857986922,6.978173405365949,10.313720380338806,2.62464,4.101936881179633,0.7421497060155547,2.881209245498979,5.322664516860286
2,2,uncalibrated,19,2,6.43094,7.485695227550624,0.8204407754322284,6.136190242382046,8.835200212719203,3.48185,3.967203032009434,0.9523571714480068,2.4007148843999353,5.533691179618932
2,2,uncalibrated,20,3,3.52219,3.9826301053309923,0.8175000660536874,2.6379621566495173,5.327298054012467,0.818414,1.4861424889918204,0.9641383505387988,-0.09972397377493203,3.0720089517585727
2,2,uncalibrated,21,3,9.13885,7.746714901151097,0.7508560619865979,6.511666584273942,8.98176321802825,4.67367,2.9733256983674954,0.6070641995188533,1.9747939479965178,3.971857448738473
2,2,uncalibrated,22,4,9.41684,9.631446421549283,1.362228145508851,7.390780515673672,11.872112327424894,4.79881,4.9054268715151,0.935303896176973,3.366988865586564,6.443864877443637
2,2,uncalibrated,23,0,10.4214,10.19335304765655,1.0116533137089085,8.529331425384978,11.857374669928124,4.62972,4.7700107095077895,0.915627822392041,3.263936964908563,6.276084454107016
2,2,uncalibrated,24,1,6.13089,5.795168760894206,1.107559292636995,3.9733958413364383,7.616941680451973,2.87931,2.622136197102086,0.925656212360285,1.0995672188911099,4.144705175313062
2,2,uncalibrated,25,1,9.89993,9.2108971080877,1.0036750028581183,7.559998639355996,10.861795576819404,4.92915,4.359134859907485,0.8616695208293809,2.9418146233377414,5.776455096477228
2,2,uncalibrated,26,3,9.44702,8.396953122253459,0.5623190198443041,7.472020642958759,9.321885601548159,4.90717,4.652074419591605,0.5912347601568655,3.6795797799678014,5.624569059215409
2,2,uncalibrated,27,1,9.24319,9.611367386712843,0.9720681211056988,8.012457612068232,11.210277161357453,4.70238,4.775375587515649,0.8273859397224168,3.41444682367458,6.136304351356718
2,2,uncalibrated,28,0,4.51178,5.551209998495954,0.8301346498651474,4.185760008807177,6.9166599881847315,1.28971,1.882132576527231,0.9563045819263064,0.30915151647543526,3.4551136365790267
2,2,uncalibrated,29,2,4.87314,5.834608896085891,1.0078689916316308,4.1768119297086805,7.492405862463102,3.65188,3.1628948922928095,0.9584651631540354,1.5863599923722604,4.739429792213358
2,2,uncalibrated,30,2,5.15189,5.164693252461879,0.8609086647303822,3.7486245128061615,6.580761992117596,1.87265,2.4202516873157904,0.8759821664062702,0.9793892437576293,3.8611141308739514
2,2,uncalibrated,31,3,4.72427,5.84387983323402,0.8055031619116182,4.518945035842816,7.168814630625223,1.19283,1.9196448206774692,0.5785819907302087,0.9679621347360828,2.8713275066188557
2,2,uncalibrated,32,2,7.18726,6.671080155943107,1.0176361536401677,4.997217637711133,8.344942674175082,2.49718,2.377857138155128,0.9778840044968081,0.769381086620724,3.9863331896895318
2,2,uncalibrated,33,1,8.02499,8.502608081590244,0.9123048745021001,7.002000099879957,10.003216063300531,3.59119,3.3245762984440637,0.8457043615585684,1.9335164120057737,4.715636184882354
2,2,uncalibrated,34,3,7.56027,7.825917621062663,0.5711328439478371,6.886487691223954,8.765347550901371,3.10434,3.017900435342121,0.5998739100519579,2.0311956586795974,4.004605212004645
2,2,uncalibrated,35,2,9.24725,9.440223056982171,0.8491155511959521,8.043552262896611,10.836893851067732,4.71931,4.581932104513851,0.9659331617312337,2.993113440047529,6.170750768980173
2,2,uncalibrated,36,0,8.31567,8.606224958671351,1.0036089359194438,6.955435160383347,10.257014756959355,3.48547,4.347492792343546,0.9139687561068892,2.8441479689408045,5.850837615746288
2,2,uncalibrated,37,2,5.32822,6.058363229001134,0.893430507040631,4.58880081906626,7.527925638936009,1.79646,2.527334975159354,0.9668846752594528,0.9369512102150472,4.11771874010366
2,2,uncalibrated,38,3,8.94641,7.676695815847316,0.7053483315443939,6.516501054442351,8.836890577252282,4.8242,3.860277638476893,0.6654983802161692,2.765630214047998,4.954925062905788
2,2,uncalibrated,39,0,5.11392,4.245625120195437,0.9931482421087796,2.6120416320623328,5.8792086083285415,2.99086,2.5539669233014357,0.9578886393845684,0.9783803205941182,4.1295535260087535
2,2,uncalibrated,40,4,6.83197,7.447023013339862,1.0921673871472806,5.650567525352546,9.243478501327179,2.06786,3.775939104443053,0.8275633284512492,2.414718562107984,5.137159646778122
2,2,uncalibrated,41,2,7.13367,7.876312980500046,0.8496918405830367,6.478694274725966,9.273931686274125,4.48825,3.528704309211673,1.0109902615425912,1.865773310700725,5.1916353077226205
2,2,uncalibrated,42,3,9.10706,8.617530111076574,0.6368935014308551,7.56993352526621,9.665126696886938,3.13065,3.920399018761992,0.6933859358951909,2.779880647227647,5.060917390296337
2,2,uncalibrated,43,4,8.02606,8.171001176156087,1.2082245710812003,6.183648608241289,10.158353744070887,4.45854,4.607150237627023,0.944347564364252,3.0538367212796946,6.160463753974351
2,2,uncalibrated,44,0,4.5657,5.997979439529825,0.8358088155484429,4.623196277836955,7.372762601222695,1.3827,2.1426261901113177,0.9367497172568797,0.6018100201355736,3.683442360087062
2,2,uncalibrated,45,4,5.33957,5.627992158913444,0.9345167764947181,4.0908488496491096,7.165135468177779,2.71903,2.779274998353788,0.7935181561084226,1.4740537812270051,4.084496215480571
2,2,uncalibrated,46,0,8.14209,5.638106652866895,0.9655166631859488,4.049973067543405,7.226240238190385,4.77519,3.606064132950725,0.9773842444046369,1.9984101136165346,5.213718152284915
2,2,uncalibrated,47,0,7.95193,7.683437405314557,0.8636409759754949,6.2628744135973555,9.104000397031758,4.49069,3.9072593129015667,0.8163925189878861,2.564413117028294,5.250105508774839
2,2,uncalibrated,48,1,8.27295,8.727039161732128,0.8370816214019812,7.3501624207146605,10.103915902749595,3.91402,3.385325182625541,0.8236694551563082,2.030509491902545,4.740140873348537
2,2,uncalibrated,49,4,9.22919,8.967710200559527,1.010485341338717,7.305609721877243,10.62981067924181,4.0906,3.5502655583088245,0.7103470888709854,2.381848572784965,4.718682543832684
2,2,holdout,0,0,9.32916,8.130865432705153,0.8528278792630734,6.681966409046291,9.579764456364016,5.16871,4.438058076136634,0.8821823756788902,2.988795368069878,5.887320784203389
2,2,holdout,1,2,7.68631,7.512595802519587,1.048944841849304,6.216699943082191,8.808491661956984,3.81186,3.0424810639996913,1.1205841148768036,1.7602189960215464,4.324743131977836
2,2,holdout,2,1,4.56985,5.806758764720278,1.1678640164450014,4.570198756927632,7.043318772512923,1.39511,2.7870284918248798,1.1014055959843316,1.4360603737165742,4.137996609933185
2,2,holdout,3,3,9.23804,8.35713639440205,1.0370633995935865,7.0327550475320315,9.681517741272067,5.04394,4.406537637212332,0.8824802805364892,3.621867437671639,5.191207836753025
2,2,holdout,4,3,4.12091,5.9060463861847445,1.041959335138045,4.575412687035108,7.236680085334381,1.58843,3.124265421822437,0.9700819466596856,2.261702924455896,3.9868279191889777
2,2,holdout,5,2,9.77341,8.768960360261477,0.952757276238986,7.591897315506706,9.946023405016248,4.68698,3.9899502128130973,0.9982236308558881,2.847702807899059,5.132197617727135
2,2,holdout,6,3,6.49371,5.481470646167285,0.9645998675884818,4.24962882017274,6.71331247216183,4.19441,2.2183328395825352,0.9048466290181599,1.413775275402442,3.0228904037626285
2,2,holdout,7,4,9.75931,9.725599515054276,1.1422780337829777,7.902655084717988,11.548543945390563,4.70237,4.487550549499181,0.9132574096649367,2.7153463489832004,6.259754750015162
2,2,holdout,8,4,5.40848,6.302679046941818,1.186979999495158,4.4083954180828835,8.196962675800751,2.08749,2.8449673115322405,1.0187534459898466,0.8680447953100829,4.821889827754398
2,2,holdout,9,0,7.599,6.444503416166317,0.9949107768483959,4.754214803124093,8.13479202920854,3.26644,3.6449781802783696,0.9914619671145317,2.0161892869389053,5.273767073617834
2,2,holdout,10,2,8.52081,9.823908477389871,0.9782644187364126,8.61533319383118,11.032483760948562,4.5379,4.1652918431657255,1.12435308555896,2.878717017156398,5.451866669175053
2,2,holdout,11,4,11.0714,10.125192395301905,1.281983927318787,8.079293418896981,12.17109137170683,4.87105,4.365730187276962,0.9554753725257007,2.5116007263390334,6.219859648214891
2,2,holdout,12,1,8.29498,8.773206254210475,1.0677546554602717,7.642644231162849,9.9037682772581,4.37633,3.3095367449330344,1.0524020398736877,2.0186756775068586,4.60039781235921
2,2,holdout,13,0,10.3345,9.867115033877539,0.6555872289083668,8.7533150292279,10.980915038527177,3.57985,3.8670287096946234,0.8777481728242684,2.425050577940403,5.309006841448844
2,2,holdout,14,1,4.75967,5.124499025168014,1.1933857745146137,3.860916020765276,6.388082029570751,1.19214,2.0614335157861117,1.0080136351857392,0.8250186212918198,3.2978484102804035
2,2,holdout,15,4,10.9876,9.927456630478293,1.3038070268022202,7.8467304959915065,12.00818276496508,5.00077,4.328321247896911,0.9653217344115923,2.4550846177104133,6.201557878083408
2,2,holdout,16,1,8.9389,8.247818910935553,1.2684774714580223,6.904727172596345,9.590910649274761,4.29166,3.9390898112271673,1.0276610673942694,2.6785756615509575,5.199603960903377
2,2,holdout,17,1,7.51834,7.384858217451399,1.1644382651080183,6.151925470230451,8.617790964672347,2.25668,3.0420128198892824,1.092258834156634,1.7022639870816896,4.381761652696875
2,2,holdout,18,4,9.69876,8.618273581810845,1.1702798504771799,6.750641471004208,10.485905692617482,2.62464,4.1153360130912215,0.9081507050869401,2.3530415304796817,5.877630495702761
2,2,holdout,19,2,6.43094,7.235759577374475,1.1788642741937572,5.779357609590324,8.692161545158626,3.48185,3.9648925099786894,1.0464834913269148,2.767422308608431,5.162362711348948
2,2,holdout,20,3,3.52219,3.9077559951670855,0.8621749841515797,2.8067158203853095,5.0087961699488615,0.818414,1.7301376697573123,0.8917881607679216,0.9371912328891869,2.5230841066254377
2,2,holdout,21,3,9.13885,7.243237094485387,0.8525753470914302,6.1544561318830855,8.332018057087689,4.67367,3.2323341778207073,0.7892878535554155,2.530527382582335,3.9341409730590797
2,2,holdout,22,4,9.41684,9.553782724664192,1.23382067219308,7.584746766790319,11.522818682538064,4.79881,4.0717149359459,1.0577857291202042,2.019049069177343,6.124380802714458
2,2,holdout,23,0,10.4214,10.358656404596845,0.8369010308391323,8.936816059122085,11.780496750071604,4.62972,4.779723395318393,0.8933658782162395,3.312088258126109,6.247358532510677
2,2,holdout,24,1,6.13089,6.012488002933334,1.1885482766520872,4.754027047254036,7.270948958612632,2.87931,2.76478882848834,1.129187414574721,1.3797439349255374,4.1498337220511425
2,2,holdout,25,1,9.89993,9.659932436948722,1.2263343749517979,8.36146273251957,10.958402141377874,4.92915,4.210118415110797,0.9916949988216502,2.9937197231301527,5.426517107091441
2,2,holdout,26,3,9.44702,8.8890847944487,0.6288570232307893,8.086003216464706,9.692166372432693,4.90717,4.496377111752641,0.6795081058369709,3.892182578734327,5.100571644770954
2,2,holdout,27,1,9.24319,9.689535743598553,1.1711240038923825,8.449523989672304,10.929547497524801,4.70238,4.6247882905408275,0.9765564885009967,3.4269582755974364,5.822618305484219
2,2,holdout,28,0,4.51178,5.511487492003532,0.6947622517941633,4.33113167487261,6.691843309134454,1.28971,2.0245813880684302,0.969427120222646,0.43199167843380404,3.6171710977030562
2,2,holdout,29,2,4.87314,5.748772754371831,1.3026553731932466,4.139435793031852,7.3581097157118105,3.65188,3.408066319480057,1.1580290204756214,2.0829567923500703,4.7331758466100435
2,2,holdout,30,2,5.15189,5.495728487576718,1.2690702554478381,3.9278835220868364,7.0635734530666,1.87265,3.0230079726025765,1.1663963490141807,1.6883238781974819,4.357692067007671
2,2,holdout,31,3,4.72427,5.409614535881232,0.7341169739862952,4.472110785243494,6.34711828651897,1.19283,2.142023794364236,0.8332929370028878,1.4010892380063278,2.8829583507221446
2,2,holdout,32,2,7.18726,7.386863852430212,1.2244581934554601,5.874133878797254,8.89959382606317,2.49718,2.838530175373247,1.11786830745755,1.559375751695437,4.117684599051057
2,2,holdout,33,1,8.02499,8.213250764178499,1.0344750303634345,7.117925937319475,9.308575591037522,3.59119,3.356934203763456,0.9664975120725746,2.1714423833100396,4.542426024216873
2,2,holdout,34,3,7.56027,7.830878993837065,0.7082206871006044,6.926446084690834,8.735311902983296,3.10434,2.80320618117797,0.7519208248308396,2.134624823983075,3.4717875383728645
2,2,holdout,35,2,9.24725,9.558042472180166,1.1804863135136017,8.099636591554683,11.016448352805648,4.71931,4.256207424052972,1.0656927915507393,3.0367564033025265,5.475658444803418
2,2,holdout,36,0,8.31567,8.800000818989098,1.0492351503924695,7.017418633348261,10.582583004629935,3.48547,4.390548465033338,0.9389601570228004,2.8480103488230295,5.933086581243646
2,2,holdout,37,2,5.32822,6.530134749123649,1.3133213637836498,4.907620724041658,8.15264877420564,1.79646,3.1617149072880624,1.1988255633452714,1.7899227092796408,4.533507105296484
2,2,holdout,38,3,8.94641,7.906019201040934,0.65486116193108,7.069729049454224,8.742309352627643,4.8242,4.008437490488296,0.7058629786202737,3.380809138333342,4.63606584264325
2,2,holdout,39,0,5.11392,3.9391695405757785,0.9142687637462333,2.3858864557188806,5.492452625432676,2.99086,2.259973208518799,1.040476206895309,0.550662971932302,3.9692834451052965
2,2,holdout,40,4,6.83197,7.236634047956665,1.0895005512350213,5.497916412684745,8.975351683228585,2.06786,3.2174172248632003,0.9003623343374286,1.4702363161590695,4.964598133567331
2,2,holdout,41,2,7.13367,7.817876120637824,1.255250944129522,6.267103919704474,9.368648321571174,4.48825,3.7988557790976953,1.1399365644042272,2.4944490888444033,5.103262469350987
2,2,holdout,42,3,9.10706,8.66553587188972,0.7967271072443469,7.648075878803828,9.682995864975611,3.13065,4.111547622709037,0.737025199540785,3.4562109277761985,4.766884317641876
2,2,holdout,43,4,8.02606,7.572928805210357,1.1129764603501227,5.796746317684625,9.34911129273609,4.45854,4.418297092202778,0.8272400877150501,2.813012160737845,6.023582023667711
2,2,holdout,44,0,4.5657,6.03141557570606,0.8008356127801948,4.670848026634951,7.391983124777169,1.3827,2.1657395642198396,0.8979882030789138,0.690510801001091,3.6409683274385882
2,2,holdout,45,4,5.33957,5.746677920131033,0.9605909376325779,4.213685209250002,7.279670631012063,2.71903,2.9193928769254023,0.7654930442691652,1.4339299897233109,4.404855764127493
2,2,holdout,46,0,8.14209,5.503007254496207,1.256019657915685,3.3691116580918083,7.636902850900606,4.77519,3.669295119141824,1.2260762547494446,1.655078283436969,5.683511954846679
2,2,holdout,47,0,7.95193,7.499919087965299,0.8337722729944161,6.08339429829811,8.916443877632489,4.49069,3.988685111483635,0.9046898841353079,2.50244672406001,5.47492349890726
2,2,holdout,48,1,8.27295,8.611679086088083,1.0262332989230858,7.525080785049355,9.69827738712681,3.91402,3.55635105822624,1.0566955626061245,2.2602236181331348,4.852478498319345
2,2,holdout,49,4,9.22919,9.105125483279275,1.0109788939572202,7.491719386496187,10.718531580062363,4.0906,3.527325912372837,0.8241315188985037,1.9280732546742871,5.126578570071387
2,2,cross_fitted,0,0,9.32916,8.034402957423296,0.8623110148181587,6.6690517150930235,9.399754199753568,5.16871,4.4464658186726975,0.9300877455935649,2.9870272208212674,5.905904416524128
2,2,cross_fitted,1,2,7.68631,7.521822999032536,1.1142577850036526,5.467464691755976,9.576181306309095,3.81186,3.405731290677804,0.9968272966357381,1.45970300018149,5.351759581174118
2,2,cross_fitted,2,1,4.56985,5.7700417119426515,1.0182653001397421,4.194057307085149,7.346026116800154,1.39511,2.6216036128287716,0.9520109134082025,0.9625840890916992,4.280623136565844
2,2,cross_fitted,3,3,9.23804,7.767402536381328,1.0606936280767896,6.004589324359479,9.530215748403178,5.04394,4.370116461590329,0.9143306439875826,3.061337513479333,5.678895409701325
2,2,cross_fitted,4,3,4.12091,5.321996756960235,0.932785059414228,3.771760399178566,6.8722331147419045,1.58843,2.775066094896411,0.9114470375214407,1.470414760206599,4.079717429586223
2,2,cross_fitted,5,2,9.77341,8.908901969660608,0.7476605630896279,7.530439364796498,10.287364574524718,4.68698,4.094880331408972,0.8995201431698754,2.3388172175799986,5.850943445237945
2,2,cross_fitted,6,3,6.49371,5.300403667456765,0.7775163610365742,4.008215162201412,6.592592172712117,4.19441,2.07591956319102,0.8308910450973414,0.8865766103454917,3.265262516036548
2,2,cross_fitted,7,4,9.75931,9.263959637301868,1.0930676177859917,7.489499267355654,11.038420007248082,4.70237,4.739954048525653,0.7903603243285514,3.564427039459395,5.915481057591911
2,2,cross_fitted,8,4,5.40848,6.463486220950102,1.128503004956718,4.6315008734041365,8.295471568496069,2.08749,3.037654724759838,0.8339076798970377,1.797358405964304,4.2779510435553725
2,2,cross_fitted,9,0,7.599,6.8852387796188745,0.9190981999310011,5.4299728169500145,8.340504742287735,3.26644,3.4800168479849374,0.919827018854859,2.036678774751125,4.92335492121875
2,2,cross_fitted,10,2,8.52081,9.796011669928848,0.7162222592721571,8.47551190049056,11.116511439367137,4.5379,4.625051974756337,0.8208029218936962,3.022662360910461,6.227441588602213
2,2,cross_fitted,11,4,11.0714,9.466730931996363,1.2739564246234838,7.398619909632021,11.534841954360704,4.87105,4.542058611600513,0.9023775202069044,3.199925011614175,5.884192211586852
2,2,cross_fitted,12,1,8.29498,8.794798807319392,0.9242123216337144,7.364381601241575,10.225216013397208,4.37633,3.6734917279826775,0.8179731936465261,2.248052713533813,5.098930742431542
2,2,cross_fitted,13,0,10.3345,9.498342259549815,0.8422443517661452,8.16476382639938,10.831920692700251,3.57985,3.87348736527452,0.8708708931549741,2.5069683446367406,5.240006385912299
2,2,cross_fitted,14,1,4.75967,4.958838389614003,1.0466080656194414,3.3389874635459584,6.578689315682048,1.19214,1.8577346344377619,0.9426187778215293,0.2150822931441072,3.5003869757314163
2,2,cross_fitted,15,4,10.9876,9.49175999544846,1.286087831036335,7.403955132043508,11.579564858853411,5.00077,4.585894478832331,0.9318252729789633,3.1999623382635445,5.971826619401117
2,2,cross_fitted,16,1,8.9389,8.750871067894426,0.9685698964391457,7.251800981156661,10.249941154632191,4.29166,3.5684826318926257,0.9112757650333319,1.9804501162921502,5.156515147493101
2,2,cross_fitted,17,1,7.51834,7.018012036938355,1.1248763962961874,5.277024047156312,8.759000026720399,2.25668,2.7160651987761844,0.9659354684139629,1.0327800828189502,4.399350314733418
2,2,cross_fitted,18,4,9.69876,8.645946892852377,1.0139342857986922,6.999949720670341,10.291944065034413,2.62464,4.101936881179633,0.7421497060155547,2.9981149947090193,5.205758767650246
2,2,cross_fitted,19,2,6.43094,7.485695227550624,0.8204407754322284,5.973047664911341,8.998342790189907,3.48185,3.967203032009434,0.9523571714480068,2.1079903032351033,5.826415760783764
2,2,cross_fitted,20,3,3.52219,3.9826301053309923,0.8175000660536874,2.623990928926092,5.341269281735892,0.818414,1.4861424889918204,0.9641383505387988,0.10606845937329967,2.866216518610341
2,2,cross_fitted,21,3,9.13885,7.746714901151097,0.7508560619865979,6.498834314938272,8.99459548736392,4.67367,2.9733256983674954,0.6070641995188533,2.1043699768168143,3.8422814199181765
2,2,cross_fitted,22,4,9.41684,9.631446421549283,1.362228145508851,7.420037154914106,11.84285568818446,4.79881,4.9054268715151,0.935303896176973,3.514320868598025,6.296532874432176
2,2,cross_fitted,23,0,10.4214,10.19335304765655,1.0116533137089085,8.591538754502391,11.79516734081071,4.62972,4.7700107095077895,0.915627822392041,3.3332617666295077,6.206759652386071
2,2,cross_fitted,24,1,6.13089,5.795168760894206,1.107559292636995,4.080982710941048,7.509354810847364,2.87931,2.622136197102086,0.925656212360285,1.0090436296267027,4.235228764577469
2,2,cross_fitted,25,1,9.89993,9.2108971080877,1.0036750028581183,7.657494324124986,10.764299892050413,4.92915,4.359134859907485,0.8616695208293809,2.8575485462092516,5.860721173605718
2,2,cross_fitted,26,3,9.44702,8.396953122253459,0.5623190198443041,7.462410506635,9.331495737871919,4.90717,4.652074419591605,0.5912347601568655,3.8057770625325884,5.498371776650622
2,2,cross_fitted,27,1,9.24319,9.611367386712843,0.9720681211056988,8.106883045440018,11.115851727985667,4.70238,4.775375587515649,0.8273859397224168,3.3335334738040068,6.217217701227291
2,2,cross_fitted,28,0,4.51178,5.551209998495954,0.8301346498651474,4.23680561768934,6.865614379302569,1.28971,1.882132576527231,0.9563045819263064,0.3815560720225539,3.382709081031908
2,2,cross_fitted,29,2,4.87314,5.834608896085891,1.0078689916316308,3.976399724499889,7.692818067671893,3.65188,3.1628948922928095,0.9584651631540354,1.2917580070490842,5.034031777536535
2,2,cross_fitted,30,2,5.15189,5.164693252461879,0.8609086647303822,3.5774349976860913,6.751951507237666,1.87265,2.4202516873157904,0.8759821664062702,0.7101399322002198,4.130363442431361
2,2,cross_fitted,31,3,4.72427,5.84387983323402,0.8055031619116182,4.505178837435846,7.182580829032194,1.19283,1.9196448206774692,0.5785819907302087,1.0914587216953895,2.747830919659549
2,2,cross_fitted,32,2,7.18726,6.671080155943107,1.0176361536401677,4.794863256988444,8.54729705489777,2.49718,2.377857138155128,0.9778840044968081,0.46881036144952737,4.286903914860728
2,2,cross_fitted,33,1,8.02499,8.502608081590244,0.9123048745021001,7.090620209182655,9.914595953997834,3.59119,3.3245762984440637,0.8457043615585684,1.85081163107027,4.798340965817857
2,2,cross_fitted,34,3,7.56027,7.825917621062663,0.5711328439478371,6.876726925011859,8.775108317113467,3.10434,3.017900435342121,0.5998739100519579,2.159236941824021,3.876563928860221
2,2,cross_fitted,35,2,9.24725,9.440223056982171,0.8491155511959521,7.87470777863803,11.005738335326313,4.71931,4.581932104513851,0.9659331617312337,2.6962160273141444,6.467648181713558
2,2,cross_fitted,36,0,8.31567,8.606224958671351,1.0036089359194438,7.017147834612655,10.195302082730047,3.48547,4.347492792343546,0.9139687561068892,2.913347158007298,5.781638426679795
2,2,cross_fitted,37,2,5.32822,6.058363229001134,0.893430507040631,4.411144417685211,7.705582040317058,1.79646,2.527334975159354,0.9668846752594528,0.6397613322098394,4.414908618108869
2,2,cross_fitted,38,3,8.94641,7.676695815847316,0.7053483315443939,6.504446520658744,8.848945111035889,4.8242,3.860277638476893,0.6654983802161692,2.907678843110784,4.812876433843003
2,2,cross_fitted,39,0,5.11392,4.245625120195437,0.9931482421087796,2.6731110702997665,5.818139170091108,2.99086,2.5539669233014357,0.9578886393845684,1.0509048096628306,4.05702903694004
2,2,cross_fitted,40,4,6.83197,7.447023013339862,1.0921673871472806,5.674024056728205,9.22002196995152,2.06786,3.775939104443053,0.8275633284512492,2.545078932996981,5.006799275889125
2,2,cross_fitted,41,2,7.13367,7.876312980500046,0.8496918405830367,6.309735196777269,9.442890764222822,4.48825,3.528704309211673,1.0109902615425912,1.5550267654504635,5.502381852972882
2,2,cross_fitted,42,3,9.10706,8.617530111076574,0.6368935014308551,7.5590488972232865,9.676011324929862,3.13065,3.920399018761992,0.6933859358951909,2.9278817912324384,4.912916246291545
2,2,cross_fitted,43,4,8.02606,8.171001176156087,1.2082245710812003,6.20959770532469,10.132404646987485,4.45854,4.607150237627023,0.944347564364252,3.2025933112666287,6.011707163987417
2,2,cross_fitted,44,0,4.5657,5.997979439529825,0.8358088155484429,4.674590795468138,7.321368083591512,1.3827,2.1426261901113177,0.9367497172568797,0.6727340209390122,3.612518359283623
2,2,cross_fitted,45,4,5.33957,5.627992158913444,0.9345167764947181,4.11091951129575,7.145064806531138,2.71903,2.779274998353788,0.7935181561084226,1.5990512497966156,3.9594987469109606
2,2,cross_fitted,46,0,8.14209,5.638106652866895,0.9655166631859488,4.109343419047475,7.166869886686316,4.77519,3.606064132950725,0.9773842444046369,2.0724106707113528,5.139717595190097
2,2,cross_fitted,47,0,7.95193,7.683437405314557,0.8636409759754949,6.3159803518706426,9.05089445875847,4.49069,3.9072593129015667,0.8163925189878861,2.626224530051374,5.188294095751759
2,2,cross_fitted,48,1,8.27295,8.727039161732128,0.8370816214019812,7.431475441018764,10.022602882445492,3.91402,3.385325182625541,0.8236694551563082,1.9499595917856465,4.820690773465435
2,2,cross_fitted,49,4,9.22919,8.967710200559527,1.010485341338717,7.327311964035989,10.608108437083065,4.0906,3.5502655583088245,0.7103470888709854,2.4937446740035147,4.606786442614134
3,3,uncalibrated,0,4,9.32916,8.662303083137012,0.9750843207462035,7.058432101574107,10.266174064699916,5.16871,4.571794601664121,0.7995496756974364,3.25665241766532,5.886936785662922
3,3,uncalibrated,1,2,7.68631,7.356162015431486,1.0312300011341005,5.6599396078448905,9.052384423018081,3.81186,3.181930835284625,0.9754187989459148,1.5775096860417888,4.786351984527461
3,3,uncalibrated,2,2,4.56985,5.465617140767867,0.9567886618464855,3.8918398401036303,7.039394441432103,1.39511,2.651608535245263,0.970462923254505,1.0553390761081631,4.247877994382363
3,3,uncalibrated,3,4,9.23804,7.812076487527106,1.0670168333565162,6.056989979162367,9.567162995891845,5.04394,4.21738380188793,0.7842178730563997,2.9274601890709424,5.507307414704918
3,3,uncalibrated,4,1,4.12091,5.814426434427848,1.0538775199209052,4.080952173423325,7.54790069543237,1.58843,2.779793435030471,0.9498305334187374,1.2174612371474098,4.3421256329135325
3,3,uncalibrated,5,2,9.77341,9.091890041985971,0.8710187301446757,7.659191724564836,10.524588359407106,4.68698,4.090795184282421,0.8651883997522967,2.6676869069535165,5.513903461611326
3,3,uncalibrated,6,0,6.49371,5.518247531076456,1.2629893144457798,3.4408149764093627,7.59568008574355,4.19441,2.240997187585374,1.1147303676852713,0.4074288992253081,4.07456547594544
3,3,uncalibrated,7,2,9.75931,10.141933862733215,0.8229273723704215,8.788338789572082,11.495528935894347,4.70237,4.800564859547117,0.8308721371665713,3.4339018111957613,6.1672279078984715
3,3,uncalibrated,8,4,5.40848,5.782093572419995,1.1945983491587395,3.8171541450560014,7.747032999783988,2.08749,2.4128297229132465,0.846028198670412,1.0212371718269992,3.804422273999494
3,3,uncalibrated,9,0,7.599,6.877935435837577,1.1780045449199192,4.940290387560729,8.815580484114424,3.26644,3.1607289962489045,0.9512300787138037,1.5960947512111707,4.725363241286638
3,3,uncalibrated,10,4,8.52081,9.847671565549867,0.6417012048455386,8.792167011340553,10.90317611975918,4.5379,4.751293226750714,0.6029598551585239,3.759512522087082,5.7430739314143455
3,3,uncalibrated,11,1,11.0714,9.7312934927832,1.18317569575534,7.785142658299198,11.677444327267201,4.87105,4.781007118691088,0.8962609983774097,3.3067889648148583,6.255225272567317
3,3,uncalibrated,12,0,8.29498,8.689115248025026,0.8764000472119424,7.247565451708021,10.13066504434203,4.37633,3.704641428272983,0.7515773869071637,2.4684066374840254,4.94087621906194
3,3,uncalibrated,13,0,10.3345,9.32098303100055,1.1221623652524986,7.475190194486536,11.166775867514565,3.57985,4.068905743162615,0.8054067622770281,2.744129509060004,5.393681977265226
3,3,uncalibrated,14,3,4.75967,5.1826107191273945,1.1722127286134298,3.2544923609089134,7.110729077345876,1.19214,1.870946497384089,1.0347012890492557,0.16901432928005788,3.57287866548812
3,3,uncalibrated,15,1,10.9876,9.710247968803106,1.0886687462122198,7.919547233047226,11.500948704558986,5.00077,4.586365366421563,0.8167253822119849,3.242971659266853,5.929759073576273
3,3,uncalibrated,16,1,8.9389,8.056613267216406,1.0269121010525144,6.367493173239822,9.74573336119299,4.29166,3.961679227928988,0.8882402756066026,2.500653988993093,5.422704466864882
3,3,uncalibrated,17,3,7.51834,7.14295377444858,1.151308524112896,5.249219772821338,9.036687776075823,2.25668,3.032370924518541,1.1362579782930184,1.1633928677707233,4.901348981266359
3,3,uncalibrated,18,1,9.69876,8.50066155360848,1.1116648006639316,6.672135674282128,10.329187432934834,2.62464,4.281380497717211,0.8873843475382204,2.821763135169004,5.740997860265418
3,3,uncalibrated,19,4,6.43094,7.187117453653357,0.7880880284675343,5.890828001671499,8.483406905635215,3.48185,3.8950053888514513,0.8866874116729033,2.4365343837890636,5.353476393913839
3,3,uncalibrated,20,3,3.52219,4.40142598424904,1.170544909549995,2.4760509442661487,6.326801024231932,0.818414,1.7098361444274472,1.3860228293234322,-0.5699685334227407,3.989640822277635
3,3,uncalibrated,21,4,9.13885,7.541122053088593,0.9087923905316586,6.046291593376695,9.03595251280049,4.67367,2.9571177024447985,0.6880246308278305,1.8254178929956943,4.088817511893903
3,3,uncalibrated,22,3,9.41684,9.743091980307788,1.0711601509769835,7.9811903209274115,11.504993639688166,4.79881,4.717475650399064,0.7930235512327393,3.4130679858959567,6.021883314902171
3,3,uncalibrated,23,1,10.4214,9.506518990234856,1.1019521009804527,7.693969080210364,11.319068900259348,4.62972,4.913097999548829,0.8741118608106098,3.475311934933198,6.35088406416446
3,3,uncalibrated,24,4,6.13089,5.881637352749692,0.9210838105417254,4.366589306253853,7.3966853992455315,2.87931,2.5682523451312655,0.8727070043607974,1.1327770637424543,4.003727626520076
3,3,uncalibrated,25,1,9.89993,9.155553010184338,0.9461140824285558,7.599333830191865,10.711772190176811,4.92915,4.6003881655644925,0.8439400366926817,3.212230335280977,5.988545995848008
3,3,uncalibrated,26,3,9.44702,9.102768194097065,0.9511997470185354,7.538183840258305,10.667352547935824,4.90717,4.618971108901448,0.7413060497375333,3.399631164309598,5.838311053493298
3,3,uncalibrated,27,2,9.24319,9.907945828052519,0.8291624109372512,8.544095029090554,11.271796627014483,4.70238,4.837122209857105,0.8200864477887059,3.4882000417981036,6.186044377916106
3,3,uncalibrated,28,0,4.51178,5.41676679319446,1.0035883495836648,3.766010856415528,7.067522729973392,1.28971,1.5235974122185172,0.8559232245667352,0.11572899189792385,2.9314658325391107
3,3,uncalibrated,29,3,4.87314,5.738171872594233,1.1252636994241532,3.887277795319584,7.589065949868882,3.65188,3.147572220804228,0.8852220671206484,1.6915114930433506,4.603632948565106
3,3,uncalibrated,30,1,5.15189,4.896864945086261,0.9317152841794972,3.3643296806174936,6.429400209555028,1.87265,2.5235475784555472,0.8470122152775629,1.1303364640840474,3.916758692827047
3,3,uncalibrated,31,0,4.72427,5.971105440382132,1.271617920714804,3.879480091397898,8.062730789366366,1.19283,2.133125720081459,0.9445642282002275,0.5794558234376974,3.6867956167252207
3,3,uncalibrated,32,3,7.18726,7.037804478304705,1.090768308104917,5.243650270554611,8.831958686054797,2.49718,2.75623178197712,1.0769002122826108,0.984888561939258,4.5275750020149825
3,3,uncalibrated,33,3,8.02499,8.406165511949753,0.9469509663274958,6.848569780440771,9.963761243458736,3.59119,3.4184852092501736,0.8282870168634138,2.0560743054055726,4.780896113094775
3,3,uncalibrated,34,2,7.56027,7.5368922364668185,0.6295107931685073,6.501439125118502,8.572345347815135,3.10434,3.214215387974371,0.7965332932112955,1.9040347116481717,4.5243960643005705
3,3,uncalibrated,35,2,9.24725,9.539325053246149,0.9561438980871265,7.966608294590021,11.112041811902277,4.71931,4.820704154471099,0.9432174370181678,3.2692495321878945,6.372158776754304
3,3,uncalibrated,36,1,8.31567,8.688486754116303,1.0610568298969434,6.943203579058685,10.43376992917392,3.48547,4.54485185089612,0.8945799805868209,3.073398725229711,6.016304976562529
3,3,uncalibrated,37,1,5.32822,5.958616467674859,0.9691929915871943,4.364435860246715,7.552797075103003,1.79646,2.5657511387238636,0.8851171793416653,1.1098629360066694,4.021639341441058
3,3,uncalibrated,38,3,8.94641,8.460467824390548,0.9462838448337343,6.9039694100901965,10.0169662386909,4.8242,3.9713386460683706,0.8304416753475446,2.6053836444013054,5.337293647735436
3,3,uncalibrated,39,0,5.11392,4.787979962385322,1.220124023533867,2.781054536945018,6.794905387825626,2.99086,2.193216673846335,0.8993091911399116,0.7139846890490571,3.6724486586436127
3,3,uncalibrated,40,2,6.83197,8.297694369773195,0.8850989829130693,6.841836097517574,9.753552642028815,2.06786,3.7522059396978893,0.943801311021944,2.1997909301418908,5.304620949253888
3,3,uncalibrated,41,4,7.13367,7.131652895147253,0.9299825612750016,5.601967706232448,8.66133808406206,4.48825,3.471765413664695,0.8691793285325813,2.042092642656634,4.901438184672756
3,3,uncalibrated,42,4,9.10706,8.814257643329965,0.9268362886420424,7.2897476123668605,10.33876767429307,3.13065,3.8194008330326192,0.8537448332473576,2.415115547574624,5.2236861184906145
3,3,uncalibrated,43,2,8.02606,7.3176473105204085,0.8962299529090089,5.843480221895478,8.791814399145338,4.45854,4.183689726499354,0.9451342046986086,2.629082301944953,5.7382971510537555
3,3,uncalibrated,44,3,4.5657,5.570920241258861,1.0434009070836632,3.854678474877842,7.28716200763988,1.3827,2.4038393899568087,1.130717178940685,0.5439751371198871,4.263703642793731
3,3,uncalibrated,45,0,5.33957,5.547649628384766,1.0869651914827994,3.759750990804283,7.335548265965249,2.71903,2.7204138264712268,0.8404364943467763,1.338018810522552,4.102808842419901
3,3,uncalibrated,46,2,8.14209,5.883673090704703,0.9374522850818126,4.3417012994939395,7.425644881915467,4.77519,3.6694368443399306,0.9497352477188529,2.107261377485921,5.23161231119394
3,3,uncalibrated,47,0,7.95193,7.545235267392979,0.9894516036902204,5.91773220837017,9.172738326415788,4.49069,3.5023075178983607,0.7872398048516992,2.207413269607475,4.7972017661892465
3,3,uncalibrated,48,0,8.27295,9.15218371188277,0.8412596203113097,7.768434774205895,10.535932649559646,3.91402,3.5630929471326156,0.7312961297210383,2.360217855785392,4.765968038479839
3,3,uncalibrated,49,4,9.22919,9.232591030373182,0.8806255332864736,7.784090927960852,10.681091132785513,4.0906,3.720958306048782,0.6079655235503164,2.720944009575594,4.72097260252197
3,3,holdout,0,4,9.32916,8.126239513422131,1.1424439904070096,6.927570521965926,9.324908504878337,5.16871,4.567609955393747,0.8712799620739434,2.9126695737729715,6.222550337014523
3,3,holdout,1,2,7.68631,7.260758956058216,1.0000465507985945,5.681696938337119,8.839820973779313,3.81186,2.9252650638968998,0.8909101313424465,0.771741810036092,5.078788317757708
3,3,holdout,2,2,4.56985,5.651010779764014,0.9843780213629938,4.096689190061537,7.205332369466491,1.39511,2.4049076987514124,0.8717282903453424,0.2977511200308678,4.512064277471957
3,3,holdout,3,4,9.23804,7.355161688835811,1.1947187319025236,6.1016452718662215,8.608678105805401,5.04394,3.9828486919875474,0.9232526731914589,2.229189480467424,5.736507903507671
3,3,holdout,4,1,4.12091,5.466995554363666,1.177073184780787,2.971658187919921,7.962332920807411,1.58843,2.665306663687415,1.0428296685647456,1.5112172506451953,3.8193960767296344
3,3,holdout,5,2,9.77341,8.837552547168743,0.8835678093481502,7.442409124386527,10.232695969950958,4.68698,3.9902740818578883,0.9543383273722511,1.6834311043850003,6.297117059330777
3,3,holdout,6,0,6.49371,5.9053815530001454,1.2289150688573836,4.381122817524619,7.429640288475672,4.19441,2.756337233531019,1.1104863071775626,1.7984003582337267,3.714274108828311
3,3,holdout,7,2,9.75931,9.89101106739497,0.9614145097864595,8.372948598725458,11.409073536064483,4.70237,4.498003116806299,0.8866822154360051,2.3546996538083134,6.641306579804284
3,3,holdout,8,4,5.40848,5.83946062831736,1.260153294662473,4.517289308342939,7.161631948291781,2.08749,2.4507172721438573,0.9513140517759824,0.6437572725820424,4.257677271705672
3,3,holdout,9,0,7.599,7.642291133575934,1.5391963946528948,5.733181537952299,9.55140072919957,3.26644,3.664125223895827,1.163262761062123,2.6606618878068273,4.667588559984827
3,3,holdout,10,4,8.52081,9.52160180374493,1.0040467761430552,8.468141199426393,10.575062408063468,4.5379,4.457959560162133,0.8921648527051195,2.763349668882264,6.152569451442003
3,3,holdout,11,1,11.0714,9.512871258339647,1.4578747468366633,6.422248365546668,12.603494151132626,4.87105,4.277805858076648,1.023617796595854,3.144978036176667,5.410633679976629
3,3,holdout,12,0,8.29498,8.531922639782985,1.050200151918094,7.229329160278137,9.834516119287834,4.37633,3.582208389970034,1.0705235616107087,2.6587445085036254,4.505672271436443
3,3,holdout,13,0,10.3345,9.35999386530192,1.4034128588787218,7.619300497766344,11.100687232837497,3.57985,3.4176200060720903,1.0414705977523944,2.519218032381289,4.316021979762891
3,3,holdout,14,3,4.75967,5.7000681264803585,1.3225591316033984,3.7575132495624817,7.642623003398235,1.19214,2.554053778174344,1.048032426979701,0.8681897757142543,4.239917780634434
3,3,holdout,15,1,10.9876,9.580260096363677,1.375912041241817,6.66339411568975,12.497126077037604,5.00077,4.210828323086116,1.0079103176805642,3.0953838147493844,5.326272831422848
3,3,holdout,16,1,8.9389,8.198241499949612,1.1419600658222058,5.777342221912452,10.619140777986772,4.29166,3.7872692434598614,0.9501464905994497,2.7357513986048723,4.8387870883148505
3,3,holdout,17,3,7.51834,8.08107634078399,1.2054340757174482,6.31055297692572,9.851599704642261,2.25668,3.2552261881556346,1.1446169997078879,1.413996330437907,5.096456045873362
3,3,holdout,18,1,9.69876,8.478633725164357,1.2788657955239955,5.767501021183723,11.189766429144992,2.62464,4.057950950370955,0.9716518003863677,2.9826333891313777,5.133268511610533
3,3,holdout,19,4,6.43094,7.0367154906944664,1.1634745244000166,5.815980954508841,8.257450026880093,3.48185,4.004959469533984,0.9375013947002357,2.2242357257879464,5.785683213280021
3,3,holdout,20,3,3.52219,4.983739025172298,1.3006213555720763,3.0734060223468953,6.894072027997701,0.818414,2.906445938691749,1.2639498101074664,0.8732574314264907,4.939634445957007
3,3,holdout,21,4,9.13885,7.440907223064736,1.0315234320929174,6.358617708311581,8.52319673781789,4.67367,2.6334432553456772,0.8263475664216701,1.0638490761451955,4.203037434546159
3,3,holdout,22,3,9.41684,9.98943843997358,1.1646450164033544,8.278825430368752,11.700051449578407,4.79881,4.330363630309857,0.954710546892706,2.7946171187121074,5.8661101419076065
3,3,holdout,23,1,10.4214,9.456680648392197,1.2889491517452458,6.7241717242381895,12.189189572546205,4.62972,4.560625327361317,1.0086808795427793,3.444328045734676,5.676922608987957
3,3,holdout,24,4,6.13089,5.820692856959887,1.2371448455472942,4.5226623392720064,7.118723374647768,2.87931,2.182614778966781,0.971933993767101,0.3364885226870318,4.02874103524653
3,3,holdout,25,1,9.89993,9.125526201417761,1.0042528299140137,6.996559503133822,11.2544928997017,4.92915,4.362247866994439,0.937239975888539,3.325013535963559,5.399482198025319
3,3,holdout,26,3,9.44702,9.419268613327311,0.934154702190655,8.047196295973723,10.7913409306809,4.90717,4.043323296531922,1.0968555791685641,2.2789224161633497,5.807724176900494
3,3,holdout,27,2,9.24319,9.555864894558523,0.9228298236704948,8.098727202103433,11.013002587013613,4.70238,4.741663975943753,0.7863788476230162,2.84081553441953,6.642512417467977
3,3,holdout,28,0,4.51178,5.963876558906003,1.3302896791715204,4.313879976086461,7.613873141725546,1.28971,2.4223903717940067,1.2081028581333744,1.3802467006132269,3.464534042974787
3,3,holdout,29,3,4.87314,5.7719747479921075,1.4503389301703287,3.6417388328911993,7.902210663093015,3.65188,3.0167375661422473,1.0560464891640804,1.3179821505900473,4.715492981694448
3,3,holdout,30,1,5.15189,5.021955037931436,1.0560408284281981,2.7832003251920963,7.260709750670776,1.87265,2.4982842526394116,0.997421303594948,1.3944478337868629,3.60212067149196
3,3,holdout,31,0,4.72427,6.578587083827164,1.7502097811072215,4.407751510749014,8.749422656905313,1.19283,2.6260417170104695,1.1973870383888314,1.5931418148126917,3.6589416192082473
3,3,holdout,32,3,7.18726,7.540930308695297,1.185308495984076,5.799967092378003,9.281893525012592,2.49718,3.60911528465024,1.03154029268441,1.9497805143173417,5.268450054983138
3,3,holdout,33,3,8.02499,8.492157301089966,0.9575186261017294,7.085768405178282,9.89854619700165,3.59119,3.3959593201785343,0.9159840511133596,1.9225082142334264,4.869410426123642
3,3,holdout,34,2,7.56027,8.023955586083387,0.9706359479262485,6.491332572503562,9.556578599663213,3.10434,3.0530682477562676,0.8006306596739177,1.1177700816397078,4.988366413872828
3,3,holdout,35,2,9.24725,9.5269184858723,0.924462250508513,8.067203210189145,10.986633761555456,4.71931,4.714988737027044,0.8732155487381357,2.604237131804158,6.825740342249929
3,3,holdout,36,1,8.31567,8.385956081624869,1.1815909462495684,5.881041282654845,10.890870880594893,3.48547,4.216529384110294,0.9724048768360456,3.1403784005161524,5.2926803677044365
3,3,holdout,37,1,5.32822,6.333519213923253,1.283268049604108,3.613053947409789,9.053984480436718,1.79646,2.926146396962087,1.0710333215382468,1.7408442765266907,4.111448517397483
3,3,holdout,38,3,8.94641,8.656631907402723,0.999837705413292,7.188085386974328,10.125178427831116,4.8242,3.6710378164613093,1.054918120847538,1.9740974931499644,5.367978139772655
3,3,holdout,39,0,5.11392,4.846299136610325,1.4212274364896942,3.083509835653101,6.609088437567548,2.99086,2.3189601535340003,1.1913553711210856,1.2912633380001028,3.346656969067898
3,3,holdout,40,2,6.83197,7.630111740311024,1.0119129834723175,6.0323127616895,9.227910718932549,2.06786,3.460033318150966,0.9152374948910016,1.2477055437623727,5.67236109253956
3,3,holdout,41,4,7.13367,7.560108064871168,1.2290791736320648,6.270540168459452,8.849675961282884,4.48825,3.824421791705213,0.9621801360477457,1.9968223622997112,5.652021221110715
3,3,holdout,42,4,9.10706,9.225570133339458,1.1169070559196574,8.053694868108668,10.397445398570248,3.13065,3.7669967907168003,1.0732373268551436,1.7284513534414097,5.805542227992191
3,3,holdout,43,2,8.02606,6.597729634857011,0.9499551676977841,5.097761335729755,8.097697933984266,4.45854,3.9403028210967395,0.9215830333030169,1.7126365023950951,6.167969139798384
3,3,holdout,44,3,4.5657,6.368772322655164,1.101010323824942,4.751624988388045,7.985919656922283,1.3827,3.4062621711130543,1.1560855187389796,1.5465840641824993,5.265940278043609
3,3,holdout,45,0,5.33957,6.238107154581412,1.6004153005696993,4.253065987700616,8.223148321462208,2.71903,3.120381694960645,1.1793496434174773,2.1030413594731296,4.137722030448161
3,3,holdout,46,2,8.14209,5.489396757874539,0.9774999956339196,3.9459354918010137,7.032858023948065,4.77519,3.52566518628526,0.9480531178154762,1.234014925181539,5.817315447388982
3,3,holdout,47,0,7.95193,8.270307207649553,1.4623003736312747,6.4565739604293055,10.084040454869802,4.49069,3.924692114932365,0.9918758605464331,3.0690719632984407,4.780312266566289
3,3,holdout,48,0,8.27295,9.345911140669148,0.77554310595529,8.383982701554729,10.307839579783568,3.91402,3.370247766777315,0.9372936055863549,2.5617118109819055,4.1787837225727245
3,3,holdout,49,4,9.22919,9.555923204083566,1.0342858466040705,8.470735323507778,10.641111084659354,4.0906,3.758567165786319,0.9153705200401597,2.0198795984127615,5.497254733159877
3,3,cross_fitted,0,4,9.32916,8.662303083137012,0.9750843207462035,7.329339377683249,9.995266788590774,5.16871,4.571794601664121,0.7995496756974364,3.212548775813712,5.93104042751453
3,3,cross_fitted,1,2,7.68631,7.356162015431486,1.0312300011341005,5.526976549154508,9.185347481708463,3.81186,3.181930835284625,0.9754187989459148,1.5566047754966619,4.807256895072588
3,3,cross_fitted,2,2,4.56985,5.465617140767867,0.9567886618464855,3.7684749778910507,7.162759303644682,1.39511,2.651608535245263,0.970462923254505,1.0345403785436693,4.268676691946857
3,3,cross_fitted,3,4,9.23804,7.812076487527106,1.0670168333565162,6.3534388274691525,9.270714147585059,5.04394,4.21738380188793,0.7842178730563997,2.884202258690645,5.550565345085215
3,3,cross_fitted,4,1,4.12091,5.814426434427848,1.0538775199209052,4.171817257697565,7.45703561115813,1.58843,2.779793435030471,0.9498305334187374,0.8823288632633188,4.677258006797623
3,3,cross_fitted,5,2,9.77341,9.091890041985971,0.8710187301446757,7.546885726475873,10.63689435749607,4.68698,4.090795184282421,0.8651883997522967,2.6491444243593234,5.532445944205519
3,3,cross_fitted,6,0,6.49371,5.518247531076456,1.2629893144457798,3.9615948728900463,7.074900189262866,4.19441,2.240997187585374,1.1147303676852713,0.6223931493850319,3.859601225785716
3,3,cross_fitted,7,2,9.75931,10.141933862733215,0.8229273723704215,8.682233516849143,11.601634208617286,4.70237,4.800564859547117,0.8308721371665713,3.4160947854129122,6.185034933681321
3,3,cross_fitted,8,4,5.40848,5.782093572419995,1.1945983491587395,4.149048913466811,7.415138231373178,2.08749,2.4128297229132465,0.846028198670412,0.9745697466442258,3.851089699182267
3,3,cross_fitted,9,0,7.599,6.877935435837577,1.1780045449199192,5.4260277393659395,8.329843132309215,3.26644,3.1607289962489045,0.9512300787138037,1.779529657559591,4.541928334938218
3,3,cross_fitted,10,4,8.52081,9.847671565549867,0.6417012048455386,8.970450593367207,10.724892537732526,4.5379,4.751293226750714,0.6029598551585239,3.7262528931845846,5.776333560316843
3,3,cross_fitted,11,1,11.0714,9.7312934927832,1.18317569575534,7.887155802401666,11.575431183164735,4.87105,4.781007118691088,0.8962609983774097,2.9905577367821747,6.571456500600001
3,3,cross_fitted,12,0,8.29498,8.689115248025026,0.8764000472119424,7.6089394717748355,9.769291024275216,4.37633,3.704641428272983,0.7515773869071637,2.613340582137373,4.795942274408593
3,3,cross_fitted,13,0,10.3345,9.32098303100055,1.1221623652524986,7.937901631334407,10.704064430666692,3.57985,4.068905743162615,0.8054067622770281,2.899443893367989,5.238367592957241
3,3,cross_fitted,14,3,4.75967,5.1826107191273945,1.1722127286134298,3.1645709152416672,7.200650523013122,1.19214,1.870946497384089,1.0347012890492557,0.07668090048362974,3.6652120942845485
3,3,cross_fitted,15,1,10.9876,9.710247968803106,1.0886687462122198,8.013412009078058,11.407083928528154,5.00077,4.586365366421563,0.8167253822119849,2.9548032897294765,6.21792744311365
3,3,cross_fitted,16,1,8.9389,8.056613267216406,1.0269121010525144,6.456033305124765,9.657193229308046,4.29166,3.961679227928988,0.8882402756066026,2.187252743539271,5.736105712318705
3,3,cross_fitted,17,3,7.51834,7.14295377444858,1.151308524112896,5.1609019066438275,9.125005642253333,2.25668,3.032370924518541,1.1362579782930184,1.0619968453211006,5.002745003715981
3,3,cross_fitted,18,1,9.69876,8.50066155360848,1.1116648006639316,6.767983164989223,10.233339942227738,2.62464,4.281380497717211,0.8873843475382204,2.5086638901198217,6.0540971053146
3,3,cross_fitted,19,4,6.43094,7.187117453653357,0.7880880284675343,6.109782174745455,8.26445273256126,3.48185,3.8950053888514513,0.8866874116729033,2.3876241719193145,5.4023866057835885
3,3,cross_fitted,20,3,3.52219,4.40142598424904,1.170544909549995,2.386257438432377,6.416594530065703,0.818414,1.7098361444274472,1.3860228293234322,-0.6936527711597507,4.113325060014645
3,3,cross_fitted,21,4,9.13885,7.541122053088593,0.9087923905316586,6.298781009757875,8.78346309641931,4.67367,2.9571177024447985,0.6880246308278305,1.7874660398145317,4.126769365075066
3,3,cross_fitted,22,3,9.41684,9.743091980307788,1.0711601509769835,7.899020705322801,11.587163255292776,4.79881,4.717475650399064,0.7930235512327393,3.3423011043074355,6.092650196490692
3,3,cross_fitted,23,1,10.4214,9.506518990234856,1.1019521009804527,7.788979144121092,11.224058836348618,4.62972,4.913097999548829,0.8741118608106098,3.166895672613955,6.659300326483703
3,3,cross_fitted,24,4,6.13089,5.881637352749692,0.9210838105417254,4.622493642805108,7.140781062694276,2.87931,2.5682523451312655,0.8727070043607974,1.0846380195634366,4.051866670699095
3,3,cross_fitted,25,1,9.89993,9.155553010184338,0.9461140824285558,7.680907574965706,10.63019844540297,4.92915,4.6003881655644925,0.8439400366926817,2.9144597141422297,6.286316616986755
3,3,cross_fitted,26,3,9.44702,9.102768194097065,0.9511997470185354,7.46521649032055,10.74031989787358,4.90717,4.618971108901448,0.7413060497375333,3.3334793868988486,5.904462830904047
3,3,cross_fitted,27,2,9.24319,9.907945828052519,0.8291624109372512,8.43718583309348,11.378705823011558,4.70238,4.837122209857105,0.8200864477887059,3.470624171978063,6.203620247736147
3,3,cross_fitted,28,0,4.51178,5.41676679319446,1.0035883495836648,4.179829588551633,6.653703997837288,1.28971,1.5235974122185172,0.8559232245667352,0.2807849547540726,2.7664098696829615
3,3,cross_fitted,29,3,4.87314,5.738171872594233,1.1252636994241532,3.800957850023663,7.675385895164803,3.65188,3.147572220804228,0.8852220671206484,1.6125171112168672,4.682627330391589
3,3,cross_fitted,30,1,5.15189,4.896864945086261,0.9317152841794972,3.444661964223773,6.349067925948749,1.87265,2.5235475784555472,0.8470122152775629,0.8314818743151893,4.215613282595905
3,3,cross_fitted,31,0,4.72427,5.971105440382132,1.271617920714804,4.403817899753337,7.538392981010928,1.19283,2.133125720081459,0.9445642282002275,0.7616052892895937,3.5046461508733247
3,3,cross_fitted,32,3,7.18726,7.037804478304705,1.090768308104917,5.159976496367882,8.915632460241527,2.49718,2.75623178197712,1.0769002122826108,0.888789436400311,4.6236741275539295
3,3,cross_fitted,33,3,8.02499,8.406165511949753,0.9469509663274958,6.775928358120706,10.036402665778802,3.59119,3.4184852092501736,0.8282870168634138,1.9821606250961215,4.854809793404225
3,3,cross_fitted,34,2,7.56027,7.5368922364668185,0.6295107931685073,6.42027228508646,8.653512187847177,3.10434,3.214215387974371,0.7965332932112955,1.8869636266344403,4.541467149314302
3,3,cross_fitted,35,2,9.24725,9.539325053246149,0.9561438980871265,7.84332656587965,11.235323540612647,4.71931,4.820704154471099,0.9432174370181678,3.249034752478116,6.392373556464083
3,3,cross_fitted,36,1,8.31567,8.688486754116303,1.0610568298969434,7.034687661834813,10.342285846397793,3.48547,4.54485185089612,0.8945799805868209,2.757760617193574,6.331943084598667
3,3,cross_fitted,37,1,5.32822,5.958616467674859,0.9691929915871943,4.4479994634111355,7.4692334719385824,1.79646,2.5657511387238636,0.8851171793416653,0.7975636246645779,4.333938652783149
3,3,cross_fitted,38,3,8.94641,8.460467824390548,0.9462838448337343,6.83137916323316,10.089556485547936,4.8242,3.9713386460683706,0.8304416753475446,2.531277689270289,5.411399602866452
3,3,cross_fitted,39,0,5.11392,4.787979962385322,1.220124023533867,3.284159397296424,6.291800527474219,2.99086,2.193216673846335,0.8993091911399116,0.8874071879234393,3.4990261597692305
3,3,cross_fitted,40,2,6.83197,8.297694369773195,0.8850989829130693,6.727714642670021,9.86767409687637,2.06786,3.7522059396978893,0.943801311021944,2.179563637003181,5.324848242392598
3,3,cross_fitted,41,4,7.13367,7.131652895147253,0.9299825612750016,5.8603443790428695,8.402961411251637,4.48825,3.471765413664695,0.8691793285325813,1.994148187201776,4.949382640127614
3,3,cross_fitted,42,4,9.10706,8.814257643329965,0.9268362886420424,7.54725015754467,10.081265129115259,3.13065,3.8194008330326192,0.8537448332473576,2.3680224681792033,5.270779197886036
3,3,cross_fitted,43,2,8.02606,7.3176473105204085,0.8962299529090089,5.7279235801204464,8.90737104092037,4.45854,4.183689726499354,0.9451342046986086,2.6088264425912935,5.7585530104074145
3,3,cross_fitted,44,3,4.5657,5.570920241258861,1.0434009070836632,3.774638294725166,7.3672021877925555,1.3827,2.4038393899568087,1.130717178940685,0.4430735578568039,4.364605222056813
3,3,cross_fitted,45,0,5.33957,5.547649628384766,1.0869651914827994,4.207949256160882,6.8873500006086505,2.71903,2.7204138264712268,0.8404364943467763,1.500088317240368,3.9407393357020855
3,3,cross_fitted,46,2,8.14209,5.883673090704703,0.9374522850818126,4.220829599617398,7.546516581792009,4.77519,3.6694368443399306,0.9497352477188529,2.08690690982898,5.251966778850881
3,3,cross_fitted,47,0,7.95193,7.545235267392979,0.9894516036902204,6.325721807212148,8.76474872757381,4.49069,3.5023075178983607,0.7872398048516992,2.359224343613859,4.645390692182863
3,3,cross_fitted,48,0,8.27295,9.15218371188277,0.8412596203113097,8.115319021735221,10.18904840203032,3.91402,3.5630929471326156,0.7312961297210383,2.5012407692425906,4.6249451250226405
3,3,cross_fitted,49,4,9.22919,9.232591030373182,0.8806255332864736,8.028754757969145,10.43642730277722,4.0906,3.720958306048782,0.6079655235503164,2.687408264988618,4.7545083471089455
4,4,uncalibrated,0,3,9.32916,7.749598554191799,1.0315763876436566,6.052806391498633,9.446390716884965,5.16871,4.302928053838846,0.8142072238428082,2.963676348610914,5.642179759066778
4,4,uncalibrated,1,4,7.68631,7.372382163036368,0.9403841316793682,5.82558791331595,8.919176412756787,3.81186,3.418605373121833,0.9520399893224063,1.8526389436820327,4.984571802561633
4,4,uncalibrated,2,3,4.56985,5.643824119759081,0.976124619460194,4.038241999083356,7.249406240434807,1.39511,2.3985933827428974,0.8326849423556746,1.028948535201289,3.7682382302845054
4,4,uncalibrated,3,3,9.23804,7.456298485027231,1.0850412655305899,5.671564424027226,9.241032546027236,5.04394,4.662126066233904,0.6202399898380532,3.6419220693684387,5.68233006309937
4,4,uncalibrated,4,0,4.12091,5.758531481930529,0.9751001993643216,4.154634382365021,7.362428581496037,1.58843,2.6864740417632675,0.8343738397044935,1.3140512052919056,4.05889687823463
4,4,uncalibrated,5,4,9.77341,8.864081398519605,0.647296370886533,7.799373615154367,9.928789181884845,4.68698,4.218674821108531,0.7955288519082268,2.910146303702745,5.527203338514318
4,4,uncalibrated,6,0,6.49371,5.462700178202001,0.9525946857562355,3.8958213543211593,7.029579002082842,4.19441,2.4111282459664287,0.8297794837281863,1.0462624525862019,3.7759940393466556
4,4,uncalibrated,7,0,9.75931,10.007908539294595,0.919419094664358,8.495598706747488,11.520218371841702,4.70237,4.769505943696612,0.7042168951453052,3.6111722295563524,5.927839657836872
4,4,uncalibrated,8,4,5.40848,6.2094813885963696,0.9096670073295031,4.713212312272345,7.705750464920394,2.08749,2.9933814998633856,0.9838414953339278,1.3751062479180152,4.611656751808756
4,4,uncalibrated,9,4,7.599,6.936523444228948,0.8614427753643358,5.519576170759779,8.353470717698118,3.26644,3.645699987166096,0.8408022780522414,2.262703310562807,5.028696663769384
4,4,uncalibrated,10,2,8.52081,9.772094171557706,0.8529686060784735,8.369085666173788,11.175102676941624,4.5379,4.734959767535361,0.6711138400307265,3.6310757336634913,5.838843801407231
4,4,uncalibrated,11,0,11.0714,10.470732671478025,1.0245449775949762,8.785506149106014,12.155959193850036,4.87105,4.736290016057578,0.800364636757653,3.419807340403055,6.0527726917121
4,4,uncalibrated,12,0,8.29498,8.876481142812079,0.9338129362765788,7.340495547683345,10.412466737940813,4.37633,3.690226707305942,0.7808596504062371,2.4058268791951845,4.974626535416699
4,4,uncalibrated,13,2,10.3345,9.30943050335643,0.9915179439842573,7.6785286170064575,10.9403323897064,3.57985,4.1623167704066235,0.7891949686889351,2.8642065637867757,5.460426977026471
4,4,uncalibrated,14,3,4.75967,5.073348981857685,0.961009208771136,3.492629499276718,6.654068464438652,1.19214,1.5869746817244483,0.855561992398333,0.17970043544622305,2.9942489280026736
4,4,uncalibrated,15,1,10.9876,10.342715839266216,0.996733179131683,8.703235654468596,11.982196024063835,5.00077,4.476731456733999,0.8661862422078271,3.0519818746229888,5.901481038845009
4,4,uncalibrated,16,1,8.9389,8.42630532787793,1.0229474439938862,6.743706514443849,10.108904141312012,4.29166,3.7701704487618493,0.9111138883807078,2.2715214648929836,5.268819432630715
4,4,uncalibrated,17,2,7.51834,6.965295375516327,1.1293849108067266,5.107622508751618,8.822968242281036,2.25668,3.268380890871469,1.0868091959021287,1.4807388431876405,5.056022938555298
4,4,uncalibrated,18,0,9.69876,9.118592121229172,1.011279226138187,7.455185818255098,10.781998424203247,2.62464,4.266100616849103,0.8146376677166901,2.9261408944540177,5.606060339244189
4,4,uncalibrated,19,2,6.43094,7.1465064093067925,1.0140266593185423,5.478580980901204,8.81443183771238,3.48185,4.132196066771303,0.9599234976147333,2.553262420123766,5.711129713418839
4,4,uncalibrated,20,1,3.52219,4.253428480662821,1.1539337646812873,2.35537634256504,6.151480618760602,0.818414,1.608918724077526,1.0912485855062395,-0.18602546969807499,3.403862917853127
4,4,uncalibrated,21,3,9.13885,7.5676349737957604,0.9064918676155715,6.076588537546274,9.058681410045246,4.67367,2.9500190313016073,0.5420152328211238,2.0584833097328357,3.841554752870379
4,4,uncalibrated,22,1,9.41684,9.727831809025835,1.11182956293252,7.89903491988441,11.556628698167259,4.79881,4.622404868959521,0.888990411162207,3.160145766834285,6.0846639710847565
4,4,uncalibrated,23,4,10.4214,10.350708935574788,0.8334053885925018,8.97987905942751,11.721538811722066,4.62972,4.74060214486604,0.8586125806006907,3.328310127518831,6.152894162213249
4,4,uncalibrated,24,1,6.13089,5.9088133316061775,1.1503673046704392,4.0166274981926176,7.8009991650197374,2.87931,2.5685276607162963,0.9257954473211275,1.0457296613749798,4.091325660057613
4,4,uncalibrated,25,0,9.89993,9.093244148115275,0.9370815253438052,7.5518822024042995,10.63460609382625,4.92915,4.393152957220498,0.7350962412422588,3.1840272386547745,5.602278675786222
4,4,uncalibrated,26,2,9.44702,9.26918816468129,0.8550117738402482,7.862818947393947,10.675557381968634,4.90717,4.743329451054416,0.7083393609860916,3.5782148840239554,5.908444018084877
4,4,uncalibrated,27,1,9.24319,9.538933958748078,0.9740430549453932,7.936775707014257,11.1410922104819,4.70238,4.828936384597768,0.8259887760537469,3.470305750484556,6.187567018710981
4,4,uncalibrated,28,1,4.51178,5.483716566435406,1.0302789331105289,3.78905852653686,7.178374606333953,1.28971,1.9052487655250583,1.0185531556146152,0.22987791326949192,3.5806196177806244
4,4,uncalibrated,29,2,4.87314,5.770188430120247,1.0026330862128194,4.121003761761544,7.4193730984789505,3.65188,3.329454137074584,0.7448021907286113,2.1043635522932256,4.554544721855942
4,4,uncalibrated,30,4,5.15189,4.675331827081402,0.6867679939393122,3.5456990013761382,5.8049646527866665,1.87265,2.3900356602603257,0.8232987690699596,1.0358296938909206,3.744241626629731
4,4,uncalibrated,31,0,4.72427,5.366045754773243,0.9664062486837314,3.7764489315172414,6.955642578029244,1.19283,2.122541704270752,0.8018592060367943,0.8036006809167036,3.4414827276248
4,4,uncalibrated,32,2,7.18726,6.974231840004071,1.066185194071763,5.220513256533174,8.727950423474969,2.49718,2.607045181082797,0.9496587143250715,1.0449956004591316,4.169094761706463
4,4,uncalibrated,33,1,8.02499,8.411496399563706,0.9793135775962908,6.800668909531626,10.022323889595786,3.59119,3.378165794854363,0.880320771161766,1.9301669815282156,4.82616460818051
4,4,uncalibrated,34,3,7.56027,7.736291258349306,0.8314027215771402,6.3687554763058225,9.10382704039279,3.10434,2.910135919467637,0.6434053690745601,1.8518282645452966,3.9684435743899775
4,4,uncalibrated,35,3,9.24725,9.701101287477735,0.8821238244954778,8.250136715336046,11.152065859619425,4.71931,4.50516984065551,0.8176608719323032,3.1602373898413587,5.850102291469661
4,4,uncalibrated,36,3,8.31567,8.816383656845288,0.9928329392736371,7.183318795724156,10.44944851796642,3.48547,4.641598646140018,0.8624443919089567,3.2230038600646145,6.060193432215422
4,4,uncalibrated,37,1,5.32822,6.197168246363699,1.0830319782604647,4.415739168817546,7.9785973239098515,1.79646,2.7009502686682634,0.9472523806139794,1.1428587547769435,4.259041782559583
4,4,uncalibrated,38,3,8.94641,7.991073320932649,0.905060147025372,6.502381855488734,9.479764786376565,4.8242,3.6684656118413694,0.7066340585762728,2.5061560176647486,4.83077520601799
4,4,uncalibrated,39,4,5.11392,4.179907017924764,0.8440229701046837,2.7916127743177217,5.568201261531806,2.99086,2.3918449975302045,0.969369653449749,0.7973738071966938,3.986316187863715
4,4,uncalibrated,40,4,6.83197,7.825871076662143,0.8884831179280267,6.364446397653076,9.28729575567121,2.06786,3.5533407356026676,0.9406744445841637,2.006068963647845,5.10061250755749
4,4,uncalibrated,41,0,7.13367,7.695973704914046,1.1322305227564047,5.833620223013013,9.55832718681508,4.48825,3.8908846126624925,0.8375790436957187,2.513189684781045,5.26857954054394
4,4,uncalibrated,42,2,9.10706,9.053159201343485,0.9716066223807001,7.4550085245505215,10.651309878136448,3.13065,4.074928677563153,0.9440390449128291,2.522122630554483,5.627734724571823
4,4,uncalibrated,43,3,8.02606,7.164007892788919,1.1046672093195375,5.346992026965317,8.98102375861252,4.45854,4.360804138196952,0.9766715475410366,2.754322400883771,5.967285875510132
4,4,uncalibrated,44,2,4.5657,5.497951608895001,1.0292227882683131,3.8050307726707593,7.190872445119242,1.3827,2.009765295544664,0.8765066232006116,0.5680401973261513,3.451490393763177
4,4,uncalibrated,45,2,5.33957,5.959281677657994,0.825873982507942,4.60083986212495,7.317723493191039,2.71903,2.7681850149346863,0.6445524531514021,1.707990574608134,3.8283794552612385
4,4,uncalibrated,46,4,8.14209,6.349731183613723,1.1653821617389177,4.432848108092918,8.266614259134528,4.77519,3.877552217694391,0.9480466923402211,2.3181541772792325,5.436950258109549
4,4,uncalibrated,47,1,7.95193,7.678595397648607,0.9682769792968293,6.085921496358602,9.271269298938611,4.49069,3.7330127646148514,0.835644018263596,2.3585006703336737,5.10752485889603
4,4,uncalibrated,48,0,8.27295,8.764171122034233,0.8555408820877233,7.3569315991269795,10.171410644941485,3.91402,3.638910217446337,0.7516992563167988,2.402474969316927,4.875345465575747
4,4,uncalibrated,49,4,9.22919,9.341864318116931,0.5622603251803671,8.41702838295309,10.266700253280773,4.0906,3.646604275100577,0.7831236125557559,2.358480560636903,4.9347279895642515
4,4,holdout,0,3,9.32916,8.077478144001976,1.1366116255600625,6.4040208335158875,9.750935454488063,5.16871,4.263476946879559,0.9578673970351776,1.941861949936706,6.585091943822411
4,4,holdout,1,4,7.68631,7.464830222772326,1.01157420567537,6.063926918279124,8.865733527265528,3.81186,3.157232855701287,1.0131192586588207,1.749562616237982,4.564903095164592
4,4,holdout,2,3,4.56985,5.329994449984866,1.2018894757795255,3.560427181439227,7.099561718530506,1.39511,2.529558929736975,0.8482616898146872,0.4735989226405648,4.5855189368333855
4,4,holdout,3,3,9.23804,7.270711664019286,1.0890363067761322,5.667300500543567,8.874122827495006,5.04394,4.326341226148315,0.799109461308244,2.389513106395524,6.263169345901106
4,4,holdout,4,0,4.12091,6.585219411194478,1.1535196110008359,4.229910910094038,8.940527912294918,1.58843,3.587390398360532,0.829516408765993,1.7346418424244814,5.440138954296583
4,4,holdout,5,4,9.77341,8.788524589771606,0.8950928559557754,7.5489333341805045,10.02811584536271,4.68698,4.181549717717488,0.9126429652158544,2.9134854395883716,5.449613995846604
4,4,holdout,6,0,6.49371,5.668451469214254,0.9863113819099851,3.6545562910220677,7.68234664740644,4.19441,2.4883023575179033,0.8891511574418703,0.502357889692411,4.474246825343395
4,4,holdout,7,0,9.75931,9.994955593805631,0.9695560625540267,8.015272184309342,11.97463900330192,4.70237,4.752215017918369,0.6885064599308532,3.2144162041647197,6.2900138316720176
4,4,holdout,8,4,5.40848,6.263869018773338,1.1231500830670407,4.708447128829094,7.819290908717583,2.08749,2.928847529857839,1.0362097988322934,1.4890943288502452,4.368600730865433
4,4,holdout,9,4,7.599,6.7704468707880086,1.0471066154854127,5.320335638650722,8.220558102925295,3.26644,3.684795756550258,0.9850488238523305,2.316127752360024,5.053463760740492
4,4,holdout,10,2,8.52081,9.175505568766123,1.1326085991328394,7.727078817272986,10.62393232025926,4.5379,4.3937081833218405,1.0375396568436897,2.9638849342787594,5.823531432364922
4,4,holdout,11,0,11.0714,9.945183771052202,1.160705256930442,7.575203293175212,12.315164248929191,4.87105,4.6844332639195985,0.7932758311982748,2.9126290715251493,6.456237456314048
4,4,holdout,12,0,8.29498,8.719129494652071,0.864465176678403,6.9540254078915895,10.484233581412552,4.37633,3.801833988258937,0.7584189104444168,2.1078837224518594,5.495784254066015
4,4,holdout,13,2,10.3345,9.347720756330013,0.9446335164514064,8.139684320236546,10.55575719242348,3.57985,3.9157318571412008,0.9938688072728508,2.546090978583892,5.285372735698509
4,4,holdout,14,3,4.75967,5.713274779085806,1.2147184935265314,3.924819076661528,7.501730481510084,1.19214,1.7914492066213528,0.9417839242353641,-0.49118374356790473,4.0740821568106105
4,4,holdout,15,1,10.9876,10.102860754367402,0.9820656417449145,8.838108907613648,11.367612601121156,5.00077,4.5814634452514955,0.6825690447452488,3.5007167124338645,5.6622101780691265
4,4,holdout,16,1,8.9389,8.174239360089672,1.0506881152634184,6.821112157939989,9.527366562239354,4.29166,3.5188637545780317,0.8002088006359612,2.2518519357487694,4.785875573407294
4,4,holdout,17,2,7.51834,7.287155589759281,1.6199398355888264,5.215509484058952,9.35880169545961,2.25668,3.322571122569803,1.2603328867519878,1.5857187033633715,5.059423541776235
4,4,holdout,18,0,9.69876,9.26504684317499,0.9173555522280302,7.391948796042783,11.138144890307196,2.62464,4.348198458789915,0.7154790976202318,2.750155489525077,5.946241428054754
4,4,holdout,19,2,6.43094,7.583749744396913,0.7309944234117256,6.648923822297709,8.518575666496117,3.48185,4.145516651807434,0.9235073395558324,2.872840223442455,5.418193080172412
4,4,holdout,20,1,3.52219,4.6761591681550865,1.4298167208876538,2.834771727852224,6.517546608457948,0.818414,1.9369215782263745,1.1202762412946574,0.16313049151764147,3.7107126649351074
4,4,holdout,21,3,9.13885,7.232189601649079,0.9156145159790258,5.8841110047956695,8.580268198502488,4.67367,3.237968803481266,0.6357078094617653,1.6971826897788047,4.778754917183727
4,4,holdout,22,1,9.41684,9.387795448602862,1.469757081892015,7.494970870910157,11.280620026295567,4.79881,4.935268772500515,1.005659274896662,3.342956633472941,6.527580911528089
4,4,holdout,23,4,10.4214,10.356985983160445,1.0261181717715728,8.93594111114773,11.77803085517316,4.62972,4.572486271711459,0.9244895026732312,3.2879619193345073,5.857010624088411
4,4,holdout,24,1,6.13089,6.514646391575479,1.3421216357419794,4.78619694255816,8.243095840592797,2.87931,3.015158670847879,0.9119539067063975,1.5712150687452378,4.4591022729505205
4,4,holdout,25,0,9.89993,9.080276792566469,0.8021191339667855,7.442473674951398,10.718079910181538,4.92915,4.611654488320337,0.6695605487098435,3.1161719075967698,6.107137069043904
4,4,holdout,26,2,9.44702,9.218065553525035,0.6973343558718278,8.326285518874665,10.109845588175405,4.90717,4.653921411020471,0.7983849368269698,3.5536749415662703,5.7541678804746725
4,4,holdout,27,1,9.24319,9.979810265048018,0.90953920189178,8.808461491208766,11.15115903888727,4.70238,5.004822736383942,0.6248106474317991,4.015527849602767,5.994117623165117
4,4,holdout,28,1,4.51178,5.936420133597871,1.2457857945233763,4.332036661344916,7.540803605850825,1.28971,2.3718666685295977,1.0593396533611026,0.6945596207986697,4.049173716260526
4,4,holdout,29,2,4.87314,5.884816387752662,0.972854672978163,4.640689568712494,7.12894320679283,3.65188,3.271953518744284,0.9863162771176656,1.912720708094311,4.631186329394257
4,4,holdout,30,4,5.15189,5.253497645954578,1.0732751874763309,3.767146226226239,6.739849065682917,1.87265,2.66855598928003,0.9163859979351986,1.3952909850573902,3.9418209935026693
4,4,holdout,31,0,4.72427,6.266899815513056,1.2849163901027771,3.6432994293986263,8.890500201627486,1.19283,2.5078730687022093,1.073106364591569,0.11105939949402632,4.904686737910392
4,4,holdout,32,2,7.18726,6.558154972928318,0.9709965111867991,5.316404448090115,7.799905497766522,2.49718,2.6582822404917055,1.1139769288373806,1.1231215348327617,4.1934429461506495
4,4,holdout,33,1,8.02499,8.184318038729867,0.9525712016512813,6.957550564905718,9.411085512554015,3.59119,3.2889807201154224,0.6969252524590486,2.185503064028145,4.3924583762027
4,4,holdout,34,3,7.56027,7.924599646963816,0.8202354038085957,6.716949732115687,9.132249561811944,3.10434,3.116338606614092,0.6111206542769996,1.6351451968556163,4.597532016372568
4,4,holdout,35,3,9.24725,9.289567303844263,1.0147535057105765,7.79552427781416,10.783610329874367,4.71931,4.675166252330419,0.6640963487969913,3.0655738937698893,6.284758610890949
4,4,holdout,36,3,8.31567,8.836878797799013,1.0516545125124919,7.288505639815056,10.38525195578297,3.48547,4.689158199159316,0.7313119030928822,2.9166532711093414,6.46166312720929
4,4,holdout,37,1,5.32822,5.9626062387983145,1.079528866850848,4.572336515536542,7.352875962060087,1.79646,2.3929139378524535,0.8323932879014159,1.0749427622704502,3.7108851134344567
4,4,holdout,38,3,8.94641,8.081177933953807,0.876931719078349,6.790052836262074,9.37230303164554,4.8242,4.031106935911644,0.7060501355159459,2.319829792247514,5.742384079575773
4,4,holdout,39,4,5.11392,4.266268183858363,1.061958122853983,2.7955894781411783,5.736946889575549,2.99086,2.6632993752259235,1.011336895810549,1.258105625194631,4.068493125257216
4,4,holdout,40,4,6.83197,7.7658993282703905,0.9428116916814286,6.460223474753025,9.071575181787756,2.06786,3.8885692544761024,0.9427611784928986,2.578657472083738,5.198481036868467
4,4,holdout,41,0,7.13367,7.753822766532148,0.9194846081547734,5.876377516737973,9.631268016326324,4.48825,3.6328977421811777,0.730580712402462,2.0011248856176627,5.264670598744693
4,4,holdout,42,2,9.10706,8.7382495638843,1.2351283349790427,7.1587163312384146,10.317782796530187,3.13065,3.9714287068888647,1.0464649297403625,2.529305626598331,5.413551787179399
4,4,holdout,43,3,8.02606,7.91716965463562,1.185436169472067,6.1718269365896425,9.662512372681597,4.45854,4.335340690845171,0.864554434020279,2.239891418944327,6.430789962746015
4,4,holdout,44,2,4.5657,5.5906317999900175,1.1841480478588833,4.076294268418779,7.104969331561256,1.3827,2.4721582026920084,1.1079513885202317,0.945301235185797,3.99901517019822
4,4,holdout,45,2,5.33957,5.957016621374965,0.6703653703528991,5.0997256415632695,6.814307601186661,2.71903,2.757030435693488,0.717586841569575,1.768131030725348,3.7459298406616277
4,4,holdout,46,4,8.14209,6.0334263348383566,1.1826012302026876,4.395672068276586,7.671180601400127,4.77519,3.5570603007304187,1.0734569194248336,2.065554393695669,5.048566207765168
4,4,holdout,47,1,7.95193,8.012771063338882,1.0539406930682083,6.655455033466839,9.370087093210923,4.49069,3.749778104322389,0.9028682598037518,2.32022027503081,5.179335933613968
4,4,holdout,48,0,8.27295,8.946759406274637,0.7259855000129579,7.464409385044756,10.429109427504518,3.91402,3.3358981453420467,0.6521605955299635,1.8792788562745606,4.7925174344095325
4,4,holdout,49,4,9.22919,9.492489198474438,0.8734864094572172,8.282820159294516,10.70215823765436,4.0906,3.5280595289808407,0.8759166604804044,2.3110243135604844,4.745094744401197
4,4,cross_fitted,0,3,9.32916,7.749598554191799,1.0315763876436566,6.2355450177044425,9.263652090679155,5.16871,4.302928053838846,0.8142072238428082,2.7907205838216744,5.815135523856018
4,4,cross_fitted,1,4,7.68631,7.372382163036368,0.9403841316793682,5.2871767328966754,9.457587593176061,3.81186,3.418605373121833,0.9520399893224063,1.5118512659894916,5.325359480254174
4,4,cross_fitted,2,3,4.56985,5.643824119759081,0.976124619460194,4.211157620362041,7.076490619156122,1.39511,2.3985933827428974,0.8326849423556746,0.8520676910914928,3.945119074394302
4,4,cross_fitted,3,3,9.23804,7.456298485027231,1.0850412655305899,5.863774087426545,9.048822882627917,5.04394,4.662126066233904,0.6202399898380532,3.510169269032168,5.81408286343564
4,4,cross_fitted,4,0,4.12091,5.758531481930529,0.9751001993643216,4.513767100128289,7.0032958637327685,1.58843,2.6864740417632675,0.8343738397044935,1.5916300523823939,3.7813180311441412
4,4,cross_fitted,5,4,9.77341,8.864081398519605,0.647296370886533,7.428768038784478,10.299394758254733,4.68698,4.218674821108531,0.7955288519082268,2.625382603627318,5.811967038589745
4,4,cross_fitted,6,0,6.49371,5.462700178202001,0.9525946857562355,4.2466652149269795,6.678735141477022,4.19441,2.4111282459664287,0.8297794837281863,1.3223128528650328,3.4999436390678245
4,4,cross_fitted,7,0,9.75931,10.007908539294595,0.919419094664358,8.834223884391294,11.181593194197896,4.70237,4.769505943696612,0.7042168951453052,3.84545056446353,5.6935613229296935
4,4,cross_fitted,8,4,5.40848,6.2094813885963696,0.9096670073295031,4.192388033442704,8.226574743750035,2.08749,2.9933814998633856,0.9838414953339278,1.0229350553496912,4.96382794437708
4,4,cross_fitted,9,4,7.599,6.936523444228948,0.8614427753643358,5.026362380859602,8.846684507598294,3.26644,3.645699987166096,0.8408022780522414,1.9617337515635505,5.329666222768641
4,4,cross_fitted,10,2,8.52081,9.772094171557706,0.8529686060784735,8.407904691389977,11.136283651725435,4.5379,4.734959767535361,0.6711138400307265,3.320077111807244,6.149842423263479
4,4,cross_fitted,11,0,11.0714,10.470732671478025,1.0245449775949762,9.162849546753005,11.778615796203045,4.87105,4.736290016057578,0.800364636757653,3.686072032021227,5.786508000093929
4,4,cross_fitted,12,0,8.29498,8.876481142812079,0.9338129362765788,7.684422026117184,10.068540259506975,4.37633,3.690226707305942,0.7808596504062371,2.6656026669595883,4.714850747652296
4,4,cross_fitted,13,2,10.3345,9.30943050335643,0.9915179439842573,7.723653091454334,10.895207915258524,3.57985,4.1623167704066235,0.7891949686889351,2.4984883607067947,5.826145180106453
4,4,cross_fitted,14,3,4.75967,5.073348981857685,0.961009208771136,3.662867500733022,6.483830462982349,1.19214,1.5869746817244483,0.855561992398333,-0.002040004071699464,3.175989367520596
4,4,cross_fitted,15,1,10.9876,10.342715839266216,0.996733179131683,8.652417949290662,12.03301372924177,5.00077,4.476731456733999,0.8661862422078271,2.8843006587431965,6.069162254724802
4,4,cross_fitted,16,1,8.9389,8.42630532787793,1.0229474439938862,6.6915522943278,10.161058361428061,4.29166,3.7701704487618493,0.9111138883807078,2.0951429019880488,5.44519799553565
4,4,cross_fitted,17,2,7.51834,6.965295375516327,1.1293849108067266,5.159021377384019,8.771569373648635,2.25668,3.268380890871469,1.0868091959021287,0.9771042256527327,5.5596575560902055
4,4,cross_fitted,18,0,9.69876,9.118592121229172,1.011279226138187,7.8276433945506465,10.409540847907698,2.62464,4.266100616849103,0.8146376677166901,3.1971539270310805,5.335047306667126
4,4,cross_fitted,19,2,6.43094,7.1465064093067925,1.0140266593185423,5.524729838171519,8.768282980442066,3.48185,4.132196066771303,0.9599234976147333,2.108427480001026,6.155964653541579
4,4,cross_fitted,20,1,3.52219,4.253428480662821,1.1539337646812873,2.2965438816054045,6.210313079720238,0.818414,1.608918724077526,1.0912485855062395,-0.3972755227794842,3.615112970934536
4,4,cross_fitted,21,3,9.13885,7.5676349737957604,0.9064918676155715,6.2371690631757835,8.898100884415738,4.67367,2.9500190313016073,0.5420152328211238,1.943347191586463,3.956690871016751
4,4,cross_fitted,22,1,9.41684,9.727831809025835,1.11182956293252,7.842349110562362,11.613314507489308,4.79881,4.622404868959521,0.888990411162207,2.9880499913701097,6.256759746548932
4,4,cross_fitted,23,4,10.4214,10.350708935574788,0.8334053885925018,8.502717903763875,12.198699967385702,4.62972,4.74060214486604,0.8586125806006907,3.020965277867333,6.460239011864747
4,4,cross_fitted,24,1,6.13089,5.9088133316061775,1.1503673046704392,3.9579768705632596,7.859649792649096,2.87931,2.5685276607162963,0.9257954473211275,0.8665089595232689,4.270546361909323
4,4,cross_fitted,25,0,9.89993,9.093244148115275,0.9370815253438052,7.897012513301438,10.289475782929113,4.92915,4.393152957220498,0.7350962412422588,3.428578490665317,5.357727423775679
4,4,cross_fitted,26,2,9.44702,9.26918816468129,0.8550117738402482,7.901730958190496,10.636645371172085,4.90717,4.743329451054416,0.7083393609860916,3.249965707903369,6.236693194205463
4,4,cross_fitted,27,1,9.24319,9.538933958748078,0.9740430549453932,7.887114841064203,11.190753076431955,4.70238,4.828936384597768,0.8259887760537469,3.310406186715541,6.347466582479996
4,4,cross_fitted,28,1,4.51178,5.483716566435406,1.0302789331105289,3.736530515861567,7.230902617009246,1.28971,1.9052487655250583,1.0185531556146152,0.03270065132600419,3.7777968797241126
4,4,cross_fitted,29,2,4.87314,5.770188430120247,1.0026330862128194,4.166634091856834,7.37374276838366,3.65188,3.329454137074584,0.7448021907286113,1.7592172580944552,4.899691016054712
4,4,cross_fitted,30,4,5.15189,4.675331827081402,0.6867679939393122,3.152494188752699,6.198169465410105,1.87265,2.3900356602603257,0.8232987690699596,0.7411256071874106,4.0389457133332405
4,4,cross_fitted,31,0,4.72427,5.366045754773243,0.9664062486837314,4.132379637694362,6.599711871852124,1.19283,2.122541704270752,0.8018592060367943,1.0703625846928544,3.1747208238486495
4,4,cross_fitted,32,2,7.18726,6.974231840004071,1.066185194071763,5.26903587464462,8.679427805363522,2.49718,2.607045181082797,0.9496587143250715,0.6049174292574313,4.609172932908162
4,4,cross_fitted,33,1,8.02499,8.411496399563706,0.9793135775962908,6.750739329875823,10.072253469251589,3.59119,3.378165794854363,0.880320771161766,1.7597495238503045,4.996582065858421
4,4,cross_fitted,34,3,7.56027,7.736291258349306,0.8314027215771402,6.516034333193791,8.956548183504822,3.10434,2.910135919467637,0.6434053690745601,1.7151546212526432,4.105117217682631
4,4,cross_fitted,35,3,9.24725,9.701101287477735,0.8821238244954778,8.406400563328853,10.995802011626617,4.71931,4.50516984065551,0.8176608719323032,2.986547993208603,6.023791688102417
4,4,cross_fitted,36,3,8.31567,8.816383656845288,0.9928329392736371,7.359194212753779,10.273573100936796,3.48547,4.641598646140018,0.8624443919089567,3.039801445467022,6.243395846813014
4,4,cross_fitted,37,1,5.32822,6.197168246363699,1.0830319782604647,4.360521583086666,8.03381490964073,1.79646,2.7009502686682634,0.9472523806139794,0.9594842988152317,4.442416238521295
4,4,cross_fitted,38,3,8.94641,7.991073320932649,0.905060147025372,6.6627087589367955,9.319437882928503,4.8242,3.6684656118413694,0.7066340585762728,2.3560511912172997,4.980880032465439
4,4,cross_fitted,39,4,5.11392,4.179907017924764,0.8440229701046837,2.3083725873278516,6.051441448521676,2.99086,2.3918449975302045,0.969369653449749,0.4503828858805816,4.333307109179827
4,4,cross_fitted,40,4,6.83197,7.825871076662143,0.8884831179280267,5.855750825076858,9.795991328247426,2.06786,3.5533407356026676,0.9406744445841637,1.669349641949271,5.437331829256064
4,4,cross_fitted,41,0,7.13367,7.695973704914046,1.1322305227564047,6.250624572963012,9.14132283686508,4.48825,3.8908846126624925,0.8375790436957187,2.7918348366694987,4.989934388655486
4,4,cross_fitted,42,2,9.10706,9.053159201343485,0.9716066223807001,7.499226824855636,10.607091577831333,3.13065,4.074928677563153,0.9440390449128291,2.084648651575096,6.06520870355121
4,4,cross_fitted,43,3,8.02606,7.164007892788919,1.1046672093195375,5.542678328691127,8.78533745688671,4.45854,4.360804138196952,0.9766715475410366,2.5468555920588685,6.174752684335035
4,4,cross_fitted,44,2,4.5657,5.497951608895001,1.0292227882683131,3.851871213322555,7.144032004467446,1.3827,2.009765295544664,0.8765066232006116,0.16186119221014494,3.8576693988791835
4,4,cross_fitted,45,2,5.33957,5.959281677657994,0.825873982507942,4.638425797555522,7.280137557760467,2.71903,2.7681850149346863,0.6445524531514021,1.4093006762818356,4.127069353587537
4,4,cross_fitted,46,4,8.14209,6.349731183613723,1.1653821617389177,3.765615682317201,8.933846684910245,4.77519,3.877552217694391,0.9480466923402211,1.9787959210607453,5.776308514328036
4,4,cross_fitted,47,1,7.95193,7.678595397648607,0.9682769792968293,6.03655460951798,9.320636185779234,4.49069,3.7330127646148514,0.835644018263596,2.1967319903463793,5.269293538883323
4,4,cross_fitted,48,0,8.27295,8.764171122034233,0.8555408820877233,7.672030213958614,9.856312030109851,3.91402,3.638910217446337,0.7516992563167988,2.6525496996093976,4.6252707352832765
4,4,cross_fitted,49,4,9.22919,9.341864318116931,0.5622603251803671,8.095109674220026,10.588618962013836,4.0906,3.646604275100577,0.7831236125557559,2.0781573806631135,5.21505116953804
5,5,uncalibrated,0,1,9.32916,8.190468702267362,0.9612152360764478,6.609410334926002,9.771527069608721,5.16871,4.61018414789158,0.8572404445728756,3.200149093466394,6.020219202316767
5,5,uncalibrated,1,3,7.68631,7.550431965710656,1.0047298367437936,5.897798449636268,9.203065481785044,3.81186,3.2307539730664656,0.9522938407386843,1.6643699952038937,4.797137950929038
5,5,uncalibrated,2,0,4.56985,5.651885766623509,1.006860239893974,3.9957480492006767,7.308023484046341,1.39511,2.3564369342183795,0.7261728318910537,1.1619889178887586,3.5508849505480002
5,5,uncalibrated,3,0,9.23804,7.781373251858815,1.0798999405516176,6.005095917897808,9.557650585819822,5.04394,4.5475095763234625,0.7111646424458763,3.3777478348367165,5.717271317810209
5,5,uncalibrated,4,1,4.12091,5.783878294973059,0.9787814542453388,4.173926069964778,7.39383051998134,1.58843,3.0084083206279404,0.9622119691036888,1.4257104733516206,4.59110616790426
5,5,uncalibrated,5,1,9.77341,8.796936279269199,0.8694648254295564,7.366793907654665,10.227078650883733,4.68698,4.188590732365438,0.8386993396909889,2.8090530815529107,5.5681283831779655
5,5,uncalibrated,6,0,6.49371,5.9396235854035835,0.9965066714029107,4.300515972665168,7.578731198141999,4.19441,2.3499286043416543,1.040227509547077,0.6389066124084481,4.060950596274861
5,5,uncalibrated,7,3,9.75931,9.09087761191335,0.9721374862506589,7.491853741758467,10.689901482068231,4.70237,4.514316195182155,0.8545048350090799,3.108780818069901,5.919851572294409
5,5,uncalibrated,8,4,5.40848,6.646040174936989,1.2205002636585705,4.638495889562962,8.653584460311016,2.08749,3.2299156055314797,0.9824007680603151,1.6140101390675592,4.845821071995401
5,5,uncalibrated,9,4,7.599,6.887551476562084,0.9494741640251949,5.325805454168526,8.449297498955643,3.26644,3.538786129105257,0.8860135991656863,2.081423446989251,4.996148811221263
5,5,uncalibrated,10,2,8.52081,9.85253813186836,1.028829348747105,8.160264446067565,11.544811817669157,4.5379,4.119487629815202,0.8816815216438805,2.669250581123173,5.569724678507232
5,5,uncalibrated,11,3,11.0714,9.47391420538261,1.537285096908524,6.945305238074178,12.00252317269104,4.87105,4.429756539963259,0.9275562212715178,2.9040623252034017,5.955450754723117
5,5,uncalibrated,12,3,8.29498,9.393642375438432,0.6909587275662724,8.257116406327276,10.530168344549589,4.37633,4.068166831069135,0.8710120952953312,2.6354794270040087,5.500854235134261
5,5,uncalibrated,13,3,10.3345,9.061640912006872,0.9821579810468395,7.446134794642644,10.6771470293711,3.57985,3.7186056865038615,0.8910600196666502,2.2529423813237224,5.184268991684
5,5,uncalibrated,14,4,4.75967,5.069671832073783,1.0324117576489986,3.371505607997484,6.767838056150081,1.19214,1.9020668922125767,0.9139784807941482,0.3987060731227261,3.405427711302427
5,5,uncalibrated,15,3,10.9876,9.383468278514595,1.4023319706755877,7.07683745035885,11.69009910667034,5.00077,4.293388762449108,0.9591734683678617,2.715688804128608,5.871088720769608
5,5,uncalibrated,16,4,8.9389,8.56079802504247,0.9649012158179467,6.973676760554435,10.147919289530504,4.29166,3.540158942237514,0.9350798366289195,2.0020894814692465,5.078228403005782
5,5,uncalibrated,17,0,7.51834,6.583872851733641,1.0032731376201154,4.933635392496212,8.23411031097107,2.25668,2.5247845755842717,0.8372936351366775,1.1475591030063257,3.902010048162218
5,5,uncalibrated,18,2,9.69876,8.989037769267524,1.110444941896959,7.162518379058395,10.815557159476654,2.62464,4.262829471250178,0.881757339227209,2.8124677137312246,5.713191228769132
5,5,uncalibrated,19,0,6.43094,7.014323247199466,1.0269537761464613,5.325134603793449,8.703511890605483,3.48185,3.745572761965827,0.8461423466384196,2.353792454180393,5.137353069751261
5,5,uncalibrated,20,2,3.52219,4.2416496736524305,1.1508746445178413,2.348629340450774,6.134670006854087,0.818414,1.7003421338973055,1.0381846467307434,-0.007319647723089906,3.4080039155177007
5,5,uncalibrated,21,0,9.13885,7.044543197733977,0.9210338938745664,5.5295772568491595,8.559509138618793,4.67367,3.042883521032607,0.624035024549135,2.016437247558212,4.069329794507002
5,5,uncalibrated,22,2,9.41684,10.042927975641204,1.0830528824036387,8.261464513839334,11.824391437443074,4.79881,4.514003892137836,0.8662156991673862,3.0892058576400565,5.938801926635616
5,5,uncalibrated,23,1,10.4214,10.190119511754073,1.0324099694310895,8.491956229034487,11.888282794473659,4.62972,4.781269549385813,0.8697839505738189,3.3506022636202877,6.211936835151339
5,5,uncalibrated,24,2,6.13089,5.96845958604764,1.1637359186427048,4.054284339454485,7.882634832640795,2.87931,2.9566821510175814,0.902524109329403,1.4721620963759665,4.441202205659196
5,5,uncalibrated,25,2,9.89993,9.62107418956269,1.0602891170862845,7.877053789706141,11.365094589419238,4.92915,4.173067995264956,0.8839443226134912,2.7191089701909936,5.627027020338919
5,5,uncalibrated,26,1,9.44702,8.94851381204941,0.8949916532504257,7.476383545109153,10.420644078989666,4.90717,4.564068458279161,0.7632377091576067,3.308654144145139,5.819482772413183
5,5,uncalibrated,27,4,9.24319,9.650467619431684,0.9389883680010099,8.105969196659979,11.194966042203388,4.70238,4.736987562938355,0.81049189547636,3.403847029049291,6.0701280968274185
5,5,uncalibrated,28,0,4.51178,5.108832795782794,0.8651944273428588,3.685714603949691,6.531950987615897,1.28971,1.267895858014243,0.6246308261979854,0.24046957803679248,2.2953221379916933
5,5,uncalibrated,29,0,4.87314,5.784866729188767,1.06554717652771,4.032197591189264,7.537535867188271,3.65188,3.3441405446869106,0.755862157203496,2.1008579339353766,4.587423155438445
5,5,uncalibrated,30,3,5.15189,4.505799002769425,0.6206712820159377,3.4848855934008904,5.52671241213796,1.87265,2.461901323531387,0.789669922103001,1.16300988806578,3.7607927589969945
5,5,uncalibrated,31,1,4.72427,5.497548777883505,1.0861251416515803,3.7110318993147224,7.284065656452288,1.19283,2.2198203958476173,0.9160044048686313,0.7131272281959249,3.7265135634993096
5,5,uncalibrated,32,1,7.18726,7.374538899545907,1.0724057449819662,5.6105884203487255,9.138489378743088,2.49718,2.3975787690538795,1.0528829188230675,0.6657404812725052,4.129417056835254
5,5,uncalibrated,33,2,8.02499,8.281926825404968,0.9886636883416521,6.655719771800982,9.908133879008954,3.59119,3.387249908324364,0.875957560651131,1.9464279376317875,4.828071879016941
5,5,uncalibrated,34,1,7.56027,7.939106185644186,0.9671848061298415,6.34822874934916,9.529983621939211,3.10434,3.033319997863748,0.8271795815225155,1.6727306630562382,4.393909332671258
5,5,uncalibrated,35,4,9.24725,9.617493329159144,0.928133673465129,8.090849290064234,11.144137368254054,4.71931,4.7560163714606745,0.8796421189140614,3.309133841745603,6.202898901175746
5,5,uncalibrated,36,4,8.31567,8.775545915887625,1.1182810259573654,6.936137314390639,10.61495451738461,3.48547,4.499650184233607,0.948222602936874,2.9399627966355246,6.059337571831689
5,5,uncalibrated,37,1,5.32822,6.176417703194608,1.0955075707756778,4.374468102051439,7.978367304337778,1.79646,2.360786835930976,0.9611025709160479,0.7799137862873309,3.941659885574621
5,5,uncalibrated,38,4,8.94641,8.456717856268538,0.9650626856310511,6.869330997572776,10.0441047149643,4.8242,4.04427818566721,0.8428287861957545,2.6579481997940166,5.430608171540403
5,5,uncalibrated,39,4,5.11392,4.501777793463095,0.9987176220027862,2.859033490611463,6.144522096314727,2.99086,2.5587837269202036,0.945618877552937,1.0033790864634757,4.114188367376931
5,5,uncalibrated,40,3,6.83197,8.367679525375054,0.845145236093218,6.977539318486367,9.757819732263743,2.06786,3.696276855754621,0.881032663932388,2.2471070830227156,5.145446628486527
5,5,uncalibrated,41,2,7.13367,7.465172320809182,1.1136520019294,5.633377786273841,9.296966855344522,4.48825,3.8206612669888305,0.8992815603096168,2.341474730862979,5.299847803114682
5,5,uncalibrated,42,0,9.10706,8.752072384701476,0.9025349970758595,7.267534421310613,10.23661034809234,3.13065,4.225700931373234,0.6687767169014565,3.125661122957176,5.325740739789293
5,5,uncalibrated,43,0,8.02606,7.642972880469705,1.0635370951587102,5.893610032100468,9.39233572883894,4.45854,4.814668502965025,0.8150419056463398,3.474043868345204,6.155293137584847
5,5,uncalibrated,44,2,4.5657,5.647469600903742,0.946315929411063,4.090918412170002,7.2040207896374815,1.3827,2.3298338447625726,0.9647119807946096,0.7430238441890207,3.9166438453361243
5,5,uncalibrated,45,3,5.33957,5.7006272731831285,0.698707764738616,4.5513552721736605,6.849899274192596,2.71903,2.9207970027855557,0.8261245846632127,1.5619429833884921,4.27965102218262
5,5,uncalibrated,46,3,8.14209,6.054347958936044,0.9265325266293121,4.53033757202131,7.578358345850779,4.77519,3.827706645780636,0.9052877308506593,2.3386408382562616,5.316772453305011
5,5,uncalibrated,47,4,7.95193,7.7611830892698075,1.0083573600507498,6.102582828327121,9.419783350212494,4.49069,3.979688355286578,0.8198816807308994,2.6311029990652894,5.328273711507866
5,5,uncalibrated,48,1,8.27295,8.866995243551717,0.844260286692232,7.47831064889491,10.255679838208524,3.91402,3.4291939149161914,0.8083945087291192,2.0995032752254463,4.7588845546069365
5,5,uncalibrated,49,2,9.22919,9.412713057569494,0.9000255531927464,7.932302762051401,10.893123353087587,4.0906,3.727959621313773,0.8159989848899251,2.385760731428861,5.070158511198685
5,5,holdout,0,1,9.32916,8.324048927165364,1.0835236580330532,6.413433114587061,10.234664739743668,5.16871,4.299486091011563,1.0002983158623036,2.515965562833585,6.08300661918954
5,5,holdout,1,3,7.68631,8.001771570811258,1.052242348068773,6.173672331338756,9.829870810283758,3.81186,3.268352767838179,0.9534869961034126,2.0495104428615063,4.487195092814852
5,5,holdout,2,0,4.56985,5.621373289958978,0.9375420415392484,1.6651250648465443,9.577621515071412,1.39511,2.1174862858749854,0.8656706224930221,-1.0626318026386112,5.297604374388582
5,5,holdout,3,0,9.23804,6.211814832629515,0.9066571224073345,2.385895063292534,10.037734601966497,5.04394,2.6131586572617356,0.8897550999432557,-0.6554359030204329,5.8817532175439045
5,5,holdout,4,1,4.12091,5.789350332080935,1.031753979252629,3.970021835803168,7.608678828358702,1.58843,2.741482783917197,0.9247883251539376,1.0925957109548308,4.390369856879563
5,5,holdout,5,1,9.77341,8.482078541393657,1.0449670574408536,6.63945095429116,10.324706128496153,4.68698,3.299813174582532,0.9604418011170063,1.5873563592016586,5.012269989963405
5,5,holdout,6,0,6.49371,5.169550628195208,0.761115325357483,1.957789425350676,8.38131183103974,4.19441,1.8000324695216736,0.7401477966836372,-0.9189663450951311,4.519031284138478
5,5,holdout,7,3,9.75931,9.789530368808592,0.9352263968386622,8.164727234879198,11.414333502737986,4.70237,4.477070818066801,0.8561903306991581,3.3826028100534797,5.571538826080123
5,5,holdout,8,4,5.40848,5.664156170157371,1.117209588607091,3.2969046636643013,8.03140767665044,2.08749,2.5067573031633654,0.8428650838433963,0.30142098463856337,4.712093621688167
5,5,holdout,9,4,7.599,7.125704235618545,1.0711649736724296,4.856016503355043,9.395391967882047,3.26644,3.329851200131948,0.7328350325974993,1.4124058772042618,5.247296523059634
5,5,holdout,10,2,8.52081,9.841187079238818,0.9934466128025761,8.409633210389913,11.272740948087723,4.5379,4.119344652427384,0.9673396286044323,2.3323951653069868,5.906294139547781
5,5,holdout,11,3,11.0714,10.060932115009397,1.0677505181025668,8.20588996272178,11.915974267297013,4.87105,4.388142742859385,0.9667714621076783,3.1523188864125586,5.623966599306211
5,5,holdout,12,3,8.29498,9.440548147631478,0.7071079696270096,8.212063527265682,10.669032767997274,4.37633,4.008808535432845,0.8602912532806659,2.909098318522893,5.108518752342796
5,5,holdout,13,3,10.3345,9.571622937717049,0.9533538607281941,7.915326295651588,11.227919579782508,3.57985,3.9908694054628366,0.8591577378183403,2.892608161246948,5.089130649678726
5,5,holdout,14,4,4.75967,4.788815224734304,1.1897448539000366,2.2678689972241304,7.3097614522444765,1.19214,1.5916063169595038,0.7892136595906998,-0.47335233411521593,3.656564968034224
5,5,holdout,15,3,10.9876,9.996596960433662,1.0302484891684454,8.206708459012663,11.78648546185466,5.00077,4.255181346906944,0.9375534008498116,3.056706935036063,5.453655758777826
5,5,holdout,16,4,8.9389,8.194851694868856,1.0939148049361949,5.876959424369376,10.512743965368335,4.29166,3.583371829251505,0.9064911848759136,1.2115593402187192,5.9551843182842905
5,5,holdout,17,0,7.51834,7.045271277601694,0.8936417373170034,3.2742739457462773,10.816268609457111,2.25668,2.8418454440384067,0.8255897925164012,-0.19103214780196787,5.874723035878781
5,5,holdout,18,2,9.69876,8.792377552156225,1.1204937623035682,7.177749086192041,10.40700601812041,2.62464,4.249256986491248,0.9049140890489668,2.5776251009590196,5.920888872023475
5,5,holdout,19,0,6.43094,5.915859154381646,0.9013430519494542,2.1123637467112575,9.719354562052036,3.48185,2.145694698649542,0.7699558943814653,-0.6828068161975778,4.974196213496661
5,5,holdout,20,2,3.52219,3.843298240861799,1.0623324506655356,2.3124800668848895,5.374116414838708,0.818414,1.658574025072618,1.200319987131742,-0.5587559818452852,3.875904031990521
5,5,holdout,21,0,9.13885,7.166936835443158,0.728488838627742,4.092853170775231,10.241020500111084,4.67367,2.820680099691349,0.7391627840712851,0.10529981658591003,5.536060382796787
5,5,holdout,22,2,9.41684,10.725702817998306,0.9937827740174768,9.293664541752419,12.157741094244193,4.79881,4.681839622026068,0.8575629226412788,3.0976787136198807,6.2660005304322555
5,5,holdout,23,1,10.4214,10.00989989959061,1.1580613958302624,7.967849042273469,12.051950756907752,4.62972,4.42877502507954,1.0041272234995842,2.6384275981021776,6.219122452056903
5,5,holdout,24,2,6.13089,5.926638261821434,1.1640910196583145,4.249186266506921,7.604090257135947,2.87931,2.8307028457713326,0.8126929539379932,1.3294294415989159,4.331976249943749
5,5,holdout,25,2,9.89993,9.537533947086636,1.067602663227879,7.99912141113189,11.075946483041383,4.92915,4.420272391029046,0.8882653488405978,2.779395430547771,6.061149351510322
5,5,holdout,26,1,9.44702,8.892640962560874,0.9327959621018743,7.247808658357815,10.537473266763932,4.90717,4.253467100204575,0.910958283176064,2.629238834901839,5.877695365507311
5,5,holdout,27,4,9.24319,10.103852576178344,0.9582450061802222,8.07343056977775,12.134274582578938,4.70238,4.851228605849814,0.7244361038532102,2.9557588789594216,6.7466983327402055
5,5,holdout,28,0,4.51178,5.258738285538897,0.6964699874968332,2.319768052956452,8.197708518121342,1.28971,1.8076379110409464,0.7307408957932715,-0.876803815809434,4.492079637891327
5,5,holdout,29,0,4.87314,4.927481392209953,0.8864929188450269,1.1866507079695845,8.66831207645032,3.65188,2.157844710111662,0.8436195685711894,-0.9412668689680603,5.256956289191384
5,5,holdout,30,3,5.15189,5.001978824438078,0.9234998856083747,3.397548588730372,6.6064090601457846,1.87265,2.6389249461614637,0.8441823411989847,1.5598067498398573,3.71804314248307
5,5,holdout,31,1,4.72427,5.391935018947928,1.0046675223412904,3.620369035742991,7.163501002152865,1.19283,2.219004230949084,0.9603974530785973,0.5066264876166513,3.9313819742815164
5,5,holdout,32,1,7.18726,7.5312147464000985,1.1171751804840582,5.561260007130577,9.501169485669621,2.49718,3.0870172459518392,1.0771275980568193,1.1665109808330028,5.0075235110706755
5,5,holdout,33,2,8.02499,8.07810106649775,0.8105680372787081,6.9100747279126145,9.246127405082884,3.59119,3.2013574771795925,0.6919772592084084,1.9230800533286065,4.479634901030579
5,5,holdout,34,1,7.56027,7.910224501614593,0.9964133152705815,6.153213455380964,9.667235547848222,3.10434,3.1148104081000803,0.9035887898069239,1.5037218657157045,4.725898950484456
5,5,holdout,35,4,9.24725,9.467975098147162,1.2403571576373147,6.8397866365110405,12.096163559783285,4.71931,4.646490876251855,0.8146578754814245,2.514958043287514,6.778023709216196
5,5,holdout,36,4,8.31567,8.916982898699558,1.4060398817561168,5.937729889936598,11.896235907462518,3.48547,4.696101145291038,0.8317766015807718,2.519777575211784,6.872424715370293
5,5,holdout,37,1,5.32822,6.338432387557651,1.091305185583849,4.4140951306210825,8.26276964449422,1.79646,2.8288162911365955,1.0118350155958837,1.02472595845532,4.63290662381787
5,5,holdout,38,4,8.94641,8.331587709356292,0.9738435245623073,6.268114056679471,10.395061362033113,4.8242,3.852822406995733,0.8567963816204115,1.6110351812726633,6.094609632718802
5,5,holdout,39,4,5.11392,4.520042639924374,1.3366227800078303,1.68787728630309,7.352207993545658,2.99086,2.1969161183027928,0.890311510360274,-0.13256263960834636,4.526394876213931
5,5,holdout,40,3,6.83197,8.488092720225586,0.9281505732388876,6.875582674257469,10.100602766193703,2.06786,3.2950533208575905,0.994100236785224,2.0242950946680534,4.565811547047128
5,5,holdout,41,2,7.13367,7.967172648301084,1.0976314107273453,6.385488768818096,9.548856527784071,4.48825,3.8874652958190774,0.9464794757322619,2.1390504023139094,5.635880189324245
5,5,holdout,42,0,9.10706,8.908785419074741,0.6162571381770758,6.308298079730333,11.509272758419149,3.13065,4.0470722693226575,0.5938772517949984,1.8654113214772874,6.228733217168028
5,5,holdout,43,0,8.02606,5.614654349110106,0.709787012209,2.6194888174936146,8.609819880726597,4.45854,2.2173960938204305,0.7486203793912416,-0.5327275075510474,4.967519695191909
5,5,holdout,44,2,4.5657,5.324228725499479,0.9048273899801159,4.020374915869647,6.628082535129311,1.3827,2.4365808785701226,1.0924685698796641,0.41848289838294495,4.4546788587573
5,5,holdout,45,3,5.33957,5.505257255674374,0.9288793092331353,3.8914811499251574,7.119033361423591,2.71903,2.787224605855841,0.8141846156165721,1.7464524989327257,3.8279967127789565
5,5,holdout,46,3,8.14209,5.358678100055547,0.9833830163256806,3.6502107041608762,7.067145495950218,4.77519,3.3788453910193073,1.12403462651819,1.9419920483533444,4.81569873368527
5,5,holdout,47,4,7.95193,7.823481384166304,1.3176520102326237,5.031513128553892,10.615449639778717,4.49069,3.92539453445258,0.805211315913231,1.818578398502011,6.032210670403149
5,5,holdout,48,1,8.27295,8.828559238870602,0.8603644593051285,7.311447980300726,10.345670497440477,3.91402,3.9612031542979627,0.8817794371269437,2.389000439865308,5.533405868730617
5,5,holdout,49,2,9.22919,9.606375550891672,0.6955310908365822,8.604117139457863,10.60863396232548,4.0906,3.804869348046588,0.9286307173720889,2.0894261520241963,5.52031254406898
5,5,cross_fitted,0,1,9.32916,8.190468702267362,0.9612152360764478,6.759781685386922,9.6211557191478,5.16871,4.61018414789158,0.8572404445728756,2.965375207164741,6.25499308861842
5,5,cross_fitted,1,3,7.68631,7.550431965710656,1.0047298367437936,5.756579382499961,9.344284548921351,3.81186,3.2307539730664656,0.9522938407386843,1.6700749449843542,4.791433001148577
5,5,cross_fitted,2,0,4.56985,5.651885766623509,1.006860239893974,4.074016488518918,7.229755044728099,1.39511,2.3564369342183795,0.7261728318910537,1.1824600707433293,3.53041379769343
5,5,cross_fitted,3,0,9.23804,7.781373251858815,1.0798999405516176,6.08904210984967,9.47370439386796,5.04394,4.5475095763234625,0.7111646424458763,3.3977958997889175,5.697223252858008
5,5,cross_fitted,4,1,4.12091,5.783878294973059,0.9787814542453388,4.327045458377457,7.240711131568661,1.58843,3.0084083206279404,0.9622119691036888,1.1621878585909557,4.854628782664925
5,5,cross_fitted,5,1,9.77341,8.796936279269199,0.8694648254295564,7.5028119347011195,10.091060623837278,4.68698,4.188590732365438,0.8386993396909889,2.57935707891506,5.797824385815816
5,5,cross_fitted,6,0,6.49371,5.9396235854035835,0.9965066714029107,4.377979575706176,7.501267595100991,4.19441,2.3499286043416543,1.040227509547077,0.6682311139820107,4.031626094701298
5,5,cross_fitted,7,3,9.75931,9.09087761191335,0.9721374862506589,7.355215668600937,10.826539555225763,4.70237,4.514316195182155,0.8545048350090799,3.1138999388311,5.91473245153321
5,5,cross_fitted,8,4,5.40848,6.646040174936989,1.2205002636585705,4.600050676974677,8.6920296728993,2.08749,3.2299156055314797,0.9824007680603151,1.4872569760239538,4.972574235039006
5,5,cross_fitted,9,4,7.599,6.887551476562084,0.9494741640251949,5.295897442535974,8.479205510588194,3.26644,3.538786129105257,0.8860135991656863,1.9671065308740092,5.110465727336505
5,5,cross_fitted,10,2,8.52081,9.85253813186836,1.028829348747105,8.15536350011294,11.54971276362378,4.5379,4.119487629815202,0.8816815216438805,2.932667123935447,5.306308135694957
5,5,cross_fitted,11,3,11.0714,9.47391420538261,1.537285096908524,6.729233255966488,12.21859515479873,4.87105,4.429756539963259,0.9275562212715178,2.909619078208128,5.94989400171839
5,5,cross_fitted,12,3,8.29498,9.393642375438432,0.6909587275662724,8.159999207884328,10.627285542992537,4.37633,4.068166831069135,0.8710120952953312,2.6406974385559674,5.495636223582302
5,5,cross_fitted,13,3,10.3345,9.061640912006872,0.9821579810468395,7.308088298170099,10.815193525843647,3.57985,3.7186056865038615,0.8910600196666502,2.2582804948829063,5.178930878124817
5,5,cross_fitted,14,4,4.75967,5.069671832073783,1.0324117576489986,3.3389850992493066,6.800358564898259,1.19214,1.9020668922125767,0.9139784807941482,0.28078101935553,3.5233527650696237
5,5,cross_fitted,15,3,10.9876,9.383468278514595,1.4023319706755877,6.8797337061762,11.88720285085299,5.00077,4.293388762449108,0.9591734683678617,2.721434968005447,5.865342556892768
5,5,cross_fitted,16,4,8.9389,8.56079802504247,0.9649012158179467,6.943282803688242,10.178313246396696,4.29166,3.540158942237514,0.9350798366289195,1.8814418488080549,5.198876035666974
5,5,cross_fitted,17,0,7.51834,6.583872851733641,1.0032731376201154,5.011624987854264,8.156120715613019,2.25668,2.5247845755842717,0.8372936351366775,1.1711628034427715,3.8784063477257718
5,5,cross_fitted,18,2,9.69876,8.989037769267524,1.110444941896959,7.157228647916441,10.820846890618608,2.62464,4.262829471250178,0.881757339227209,3.0759069082665924,5.449752034233764
5,5,cross_fitted,19,0,6.43094,7.014323247199466,1.0269537761464613,5.404965017316803,8.62368147708213,3.48185,3.745572761965827,0.8461423466384196,2.3776456039459286,5.113499919985726
5,5,cross_fitted,20,2,3.52219,4.2416496736524305,1.1508746445178413,2.3431470178088327,6.140152329496028,0.818414,1.7003421338973055,1.0381846467307434,0.3028547221930509,3.0978295456015603
5,5,cross_fitted,21,0,9.13885,7.044543197733977,0.9210338938745664,5.60117397164282,8.487912423825133,4.67367,3.042883521032607,0.624035024549135,2.034029087700295,4.051737954364919
5,5,cross_fitted,22,2,9.41684,10.042927975641204,1.0830528824036387,8.25630526789721,11.829550683385198,4.79881,4.514003892137836,0.8662156991673862,3.348001737107918,5.680006047167755
5,5,cross_fitted,23,1,10.4214,10.190119511754073,1.0324099694310895,8.653465197583882,11.726773825924264,4.62972,4.781269549385813,0.8697839505738189,3.1123930661753807,6.450146032596246
5,5,cross_fitted,24,2,6.13089,5.96845958604764,1.1637359186427048,4.048740750666248,7.888178421429032,2.87931,2.9566821510175814,0.902524109329403,1.7418056976629899,4.171558604372173
5,5,cross_fitted,25,2,9.89993,9.62107418956269,1.0602891170862845,7.872002981556621,11.370145397568757,4.92915,4.173067995264956,0.8839443226134912,2.9832015612064513,5.362934429323461
5,5,cross_fitted,26,1,9.44702,8.94851381204941,0.8949916532504257,7.616394958265545,10.280632665833274,4.90717,4.564068458279161,0.7632377091576067,3.0996249455284275,6.028511971029895
5,5,cross_fitted,27,4,9.24319,9.650467619431684,0.9389883680010099,8.07639148291372,11.224543755949647,4.70238,4.736987562938355,0.81049189547636,3.2992742164937043,6.174700909383005
5,5,cross_fitted,28,0,4.51178,5.108832795782794,0.8651944273428588,3.75297062901837,6.464694962547218,1.28971,1.267895858014243,0.6246308261979854,0.25807821410690934,2.2777135019215766
5,5,cross_fitted,29,0,4.87314,5.784866729188767,1.06554717652771,4.115028068769314,7.45470538960822,3.65188,3.3441405446869106,0.755862157203496,2.1221660428008704,4.566115046572951
5,5,cross_fitted,30,3,5.15189,4.505799002769425,0.6206712820159377,3.397647595444494,5.613950410094357,1.87265,2.461901323531387,0.789669922103001,1.167740599381988,3.7560620476807864
5,5,cross_fitted,31,1,4.72427,5.497548777883505,1.0861251416515803,3.8809440045226733,7.114153551244337,1.19283,2.2198203958476173,0.9160044048686313,0.46225955698193655,3.977381234713298
5,5,cross_fitted,32,1,7.18726,7.374538899545907,1.0724057449819662,5.778354279713612,8.970723519378202,2.49718,2.3975787690538795,1.0528829188230675,0.37738566059453005,4.417771877513228
5,5,cross_fitted,33,2,8.02499,8.281926825404968,0.9886636883416521,6.651010159551134,9.912843491258801,3.59119,3.387249908324364,0.875957560651131,2.2081343549861856,4.566365461662542
5,5,cross_fitted,34,1,7.56027,7.939106185644186,0.9671848061298415,6.499533972138472,9.3786783991499,3.10434,3.033319997863748,0.8271795815225155,1.4461895960162001,4.620450399711296
5,5,cross_fitted,35,4,9.24725,9.617493329159144,0.928133673465129,8.061613494342444,11.173373163975844,4.71931,4.7560163714606745,0.8796421189140614,3.1956389987612264,6.316393744160123
5,5,cross_fitted,36,4,8.31567,8.775545915887625,1.1182810259573654,6.9009119620851,10.650179869690149,3.48547,4.499650184233607,0.948222602936874,2.817619433214711,6.181680935252503
5,5,cross_fitted,37,1,5.32822,6.176417703194608,1.0955075707756778,4.545847983138342,7.806987423250875,1.79646,2.360786835930976,0.9611025709160479,0.5166950042793288,4.204878667582623
5,5,cross_fitted,38,4,8.94641,8.456717856268538,0.9650626856310511,6.838931954479667,10.074503758057409,4.8242,4.04427818566721,0.8428287861957545,2.5492031559913277,5.539353215343092
5,5,cross_fitted,39,4,5.11392,4.501777793463095,0.9987176220027862,2.82757433207063,6.17598125485556,2.99086,2.5587837269202036,0.945618877552937,0.8813716658053723,4.236195788035035
5,5,cross_fitted,40,3,6.83197,8.367679525375054,0.845145236093218,6.858750548141318,9.876608502608791,2.06786,3.696276855754621,0.881032663932388,2.2523851252484017,5.14016858626084
5,5,cross_fitted,41,2,7.13367,7.465172320809182,1.1136520019294,5.628072777935614,9.30227186368275,4.48825,3.8206612669888305,0.8992815603096168,2.610149568450499,5.031172965527162
5,5,cross_fitted,42,0,9.10706,8.752072384701476,0.9025349970758595,7.337693121448241,10.166451647954712,3.13065,4.225700931373234,0.6687767169014565,3.1445142523996745,5.306887610346794
5,5,cross_fitted,43,0,8.02606,7.642972880469705,1.0635370951587102,5.976284255688732,9.309661505250677,4.45854,4.814668502965025,0.8150419056463398,3.497020282086706,6.132316723843345
5,5,cross_fitted,44,2,4.5657,5.647469600903742,0.946315929411063,4.086410528300154,7.20852867350733,1.3827,2.3298338447625726,0.9647119807946096,1.0312470728177583,3.6284206167073867
5,5,cross_fitted,45,3,5.33957,5.7006272731831285,0.698707764738616,4.453148913480202,6.948105632886055,2.71903,2.9207970027855557,0.8261245846632127,1.56689208530041,4.274701920270701
5,5,cross_fitted,46,3,8.14209,6.054347958936044,0.9265325266293121,4.400109470598458,7.708586447273631,4.77519,3.827706645780636,0.9052877308506593,2.3440641864083025,5.31134910515297
5,5,cross_fitted,47,4,7.95193,7.7611830892698075,1.0083573600507498,6.0708200223479505,9.451546156191664,4.49069,3.979688355286578,0.8198816807308994,2.5253186799433314,5.434058030629824
5,5,cross_fitted,48,1,8.27295,8.866995243551717,0.844260286692232,7.610385708346358,10.123604778757075,3.91402,3.4291939149161914,0.8083945087291192,1.8781069077525907,4.980280922079793
5,5,cross_fitted,49,2,9.22919,9.412713057569494,0.9000255531927464,7.92801538766871,10.897410727470279,4.0906,3.727959621313773,0.8159989848899251,2.6295535594074524,4.826365683220094
6,6,uncalibrated,0,0,9.32916,8.555858175059775,0.9499674597297142,6.993300753437479,10.118415596682071,5.16871,4.650175548214157,0.8494475668054563,3.2529586370490993,6.047392459379214
6,6,uncalibrated,1,4,7.68631,7.458310089266327,1.028510722899774,5.766560496346154,9.1500596821865,3.81186,3.466508029683116,0.9951434644821144,1.8296426927926572,5.1033733665735745
6,6,uncalibrated,2,3,4.56985,5.904405188689612,0.900037782678071,4.423974777458227,7.384835599920997,1.39511,3.0034314134968914,0.8530723779991486,1.6002522184928751,4.406610608500907
6,6,uncalibrated,3,1,9.23804,7.5388376075236865,1.093961075553223,5.739431764656235,9.338243450391138,5.04394,3.925327979564402,0.9368726455606123,2.384309610522408,5.466346348606395
6,6,uncalibrated,4,3,4.12091,6.185809912205965,0.9911975357347216,4.555435050527347,7.816184773884583,1.58843,3.564768003895872,0.8880889559644586,2.1039916636221867,5.025544344169557
6,6,uncalibrated,5,2,9.77341,8.937021782855254,0.7082060206522457,7.772126541156539,10.10191702455397,4.68698,4.042942109683246,0.7771141165926274,2.764703136450674,5.3211810829158175
6,6,uncalibrated,6,0,6.49371,5.645326007564558,0.9515962795615562,4.080089415734205,7.21056259939491,4.19441,3.040397798175438,0.8786567878505419,1.5951359938339447,4.4856596025169315
6,6,uncalibrated,7,0,9.75931,9.864612936804683,1.0310988677976896,8.168606224362097,11.560619649247268,4.70237,4.72577045684727,0.7042642286913248,3.5673588859521637,5.884182027742376
6,6,uncalibrated,8,3,5.40848,6.93791179689975,0.9668192607793743,5.347635629200256,8.528187964599244,2.08749,3.9359188598792585,0.8723866806321313,2.5009704641373425,5.3708672556211745
6,6,uncalibrated,9,4,7.599,6.99556725003519,1.0697864315909302,5.235925157969376,8.755209342101004,3.26644,3.644997321162953,0.9757839767601497,2.0399755078678905,5.250019134458016
6,6,uncalibrated,10,4,8.52081,9.783586651121507,1.0361357029589813,8.079295082095513,11.4878782201475,4.5379,4.524518694578851,0.9238816294534427,3.0048686454985205,6.044168743659181
6,6,uncalibrated,11,3,11.0714,10.293252631822702,1.0287054334243313,8.601182768590004,11.9853224950554,4.87105,4.498920991572323,0.8524380867902686,3.0967851127637767,5.901056870380869
6,6,uncalibrated,12,3,8.29498,8.916212234823838,0.855191314282677,7.509547699788581,10.322876769859096,4.37633,3.543620526778514,0.8746191376395517,2.105000066030929,4.982240987526099
6,6,uncalibrated,13,3,10.3345,9.35524081712173,1.017065146018082,7.68231752284796,11.028164111395501,3.57985,3.5368228680568867,0.8996863178141308,2.0569705650816994,5.016675171032074
6,6,uncalibrated,14,0,4.75967,4.5765268733985724,1.0807368745371988,2.7988729055358634,6.3541808412612815,1.19214,1.6377952427348133,0.855923440259622,0.2299264676309929,3.0456640178386336
6,6,uncalibrated,15,4,10.9876,10.2800203233689,1.0139651859001422,8.612196009738529,11.947844636999271,5.00077,4.504167563655936,0.8529163251417845,3.1012450527603512,5.907090074551521
6,6,uncalibrated,16,4,8.9389,8.46537731709303,0.9936371940714042,6.830989574550797,10.099765059635262,4.29166,3.9095724574236397,0.9032451451714028,2.4238664043621494,5.39527851048513
6,6,uncalibrated,17,1,7.51834,7.681772410640934,1.2102379271753516,5.691108166652326,9.672436654629543,2.25668,2.9712603143580463,0.9826482143325621,1.3549478349957444,4.587572793720348
6,6,uncalibrated,18,2,9.69876,9.139791859866971,0.9707937316340423,7.542978269366963,10.736605450366978,2.62464,4.414398432262981,0.818333251346869,3.068360015730094,5.760436848795869
6,6,uncalibrated,19,1,6.43094,7.506806482160715,0.7603212230685622,6.256189360748212,8.75742360357322,3.48185,3.898641919469831,0.8663414136813562,2.4736371029977873,5.323646735941875
6,6,uncalibrated,20,4,3.52219,4.024113955520209,1.1016941982486845,2.211988257739466,5.836239653300951,0.818414,1.3492905560307662,1.0069993989023924,-0.3070760575917857,3.0056571696533183
6,6,uncalibrated,21,2,9.13885,7.471337241935804,0.7865535227568519,6.177571827237739,8.765102656633868,4.67367,2.9409239111725825,0.7447630316258502,1.7158977373834292,4.165950084961736
6,6,uncalibrated,22,2,9.41684,9.8065104389358,1.019273238289433,8.129955156080856,11.483065721790746,4.79881,4.314058446123015,0.7983684825869145,3.000859151896186,5.627257740349844
6,6,uncalibrated,23,0,10.4214,10.1224059304264,1.0959692188002539,8.31969698585563,11.925114874997169,4.62972,4.9051820744190575,0.8226802361428329,3.551993504178226,6.258370644659889
6,6,uncalibrated,24,1,6.13089,6.180517415187159,1.0598756447322961,4.4371771168317125,7.923857713542606,2.87931,2.8360223074608193,0.9481851550129896,1.2763965162161601,4.395648098705479
6,6,uncalibrated,25,4,9.89993,9.625705951356645,1.051440112650472,7.896240868541252,11.355171034172038,4.92915,4.5484737109483415,0.9185808731143579,3.0375426301579402,6.059404791738743
6,6,uncalibrated,26,3,9.44702,9.282541394875704,0.8452073881354233,7.892298956974972,10.672783832776435,4.90717,4.630759758050721,0.7631335104865248,3.375516835478752,5.88600268062269
6,6,uncalibrated,27,2,9.24319,9.939651135556993,0.6978444813454375,8.791799109367881,11.087503161746104,4.70238,5.060502077616628,0.7315939731321551,3.8571370774543654,6.263867077778891
6,6,uncalibrated,28,1,4.51178,5.15157563915381,0.9153285599004088,3.6459941375493554,6.657157140758265,1.28971,2.0271986030752744,0.9589861176741377,0.44980680922285843,3.6045903969276907
6,6,uncalibrated,29,2,4.87314,5.541840531859003,0.8646844643708345,4.119561154470045,6.964119909247961,3.65188,3.0102300854022515,0.8159205927587898,1.6681601390985614,4.3523000317059415
6,6,uncalibrated,30,1,5.15189,4.776626110206122,0.9190193850144881,3.2649737415263305,6.288278478885913,1.87265,2.3892403192013862,0.7793173923663436,1.107377279821243,3.6711033585815294
6,6,uncalibrated,31,0,4.72427,5.912595122428173,1.0220231016579984,4.231516716837822,7.593673528018524,1.19283,2.451213478720725,0.85747466367965,1.0407931681482594,3.8616337892931902
6,6,uncalibrated,32,2,7.18726,6.781262118750094,0.9174385637944887,5.27220996958758,8.290314267912608,2.49718,2.5282711647086558,0.8428478765884667,1.14190977793377,3.9146325514835416
6,6,uncalibrated,33,3,8.02499,8.27199043562749,0.8231840286906703,6.917973200387117,9.626007670867864,3.59119,3.270930544563633,0.8034466198960327,1.9493784577657434,4.5924826313615235
6,6,uncalibrated,34,0,7.56027,7.6876611792739755,0.8309297370907515,6.32090338747842,9.05441897106953,3.10434,3.1269438806812833,0.68165611508905,2.0057193474434096,4.2481684139191564
6,6,uncalibrated,35,4,9.24725,9.607885992582471,0.998643133762273,7.9652642119834125,11.250507773181528,4.71931,4.736638215516842,0.9210328702726182,3.2216739583074014,6.251602472726282
6,6,uncalibrated,36,3,8.31567,8.90136793637913,1.0529183568429528,7.169471358242214,10.633264514516044,3.48547,4.594267642298609,0.8675270386252718,3.1673126463373613,6.021222638259857
6,6,uncalibrated,37,2,5.32822,5.859724376022186,0.8525325638726745,4.45743309624198,7.262015655802392,1.79646,2.5619225077953343,0.7973543385717906,1.2503913320300328,3.8734536835606357
6,6,uncalibrated,38,0,8.94641,7.792587486578846,0.864098006385894,6.371272746733473,9.213902226424219,4.8242,3.70636892122473,0.7566006162565441,2.461871653421435,4.950866189028025
6,6,uncalibrated,39,2,5.11392,4.588251835522962,0.8892097540637981,3.1256319464304974,6.050871724615426,2.99086,2.511044210229437,0.8660107461245927,1.0865832934874506,3.9355051269714236
6,6,uncalibrated,40,0,6.83197,7.724870975034949,0.9277783579446047,6.198811377962685,9.250930572107212,2.06786,3.623656259093468,0.7530094806017064,2.3850658837969076,4.862246634390028
6,6,uncalibrated,41,1,7.13367,7.755359749725653,0.8937045633733559,6.285346557237907,9.225372942213399,4.48825,3.454923554304358,1.0187250488761928,1.7792699627940372,5.130577145814678
6,6,uncalibrated,42,4,9.10706,9.041634040718204,1.0211849961092947,7.361934196079407,10.721333885357001,3.13065,3.959417987512495,0.979213135649491,2.3487557097809066,5.5700802652440835
6,6,uncalibrated,43,1,8.02606,8.20564876407393,1.1348141245932093,6.33904563532103,10.072251892826829,4.45854,4.100007910934969,0.9848294299694553,2.48010765112116,5.719908170748778
6,6,uncalibrated,44,2,4.5657,5.338985674507082,0.7133326358725314,4.165657901169296,6.5123134478448685,1.3827,1.7493943004622903,0.7200310597054423,0.5650486003880819,2.9337400005364986
6,6,uncalibrated,45,4,5.33957,5.869740531786498,0.9379155883378576,4.327006674534649,7.412474389038346,2.71903,3.0225877576656695,0.9137564199422257,1.5195921961735077,4.525583319157831
6,6,uncalibrated,46,3,8.14209,6.870042739731687,1.0353800681278391,5.166994079398349,8.573091400065024,4.77519,4.458691396740694,0.829252506636173,3.0946924035415853,5.822690389939802
6,6,uncalibrated,47,1,7.95193,7.892961111614857,0.844761454331978,6.503452169548103,9.28247005368161,4.49069,3.743074043396101,0.8313888507393864,2.3755610768504054,5.1105870099417965
6,6,uncalibrated,48,1,8.27295,8.995136239499207,0.7786515600493279,7.714368396820648,10.275904082177766,3.91402,3.475350398730769,0.7745556528165324,2.201319723919731,4.749381073541807
6,6,uncalibrated,49,0,9.22919,9.373353916547762,0.7599826168176025,8.123293752855258,10.623414080240266,4.0906,3.6027324704955768,0.698186450428038,2.4543179552206444,4.751146985770509
6,6,holdout,0,0,9.32916,7.532562523338159,1.1410189237218367,5.586855802391757,9.478269244284562,5.16871,4.296871494752725,0.8703870454848791,3.182553765605882,5.4111892238995685
6,6,holdout,1,4,7.68631,7.4530801139385705,1.1161592598532741,6.058727816988297,8.847432410888844,3.81186,3.403800952811848,1.0745730118610444,2.3630646369439425,4.4445372686797535
6,6,holdout,2,3,4.56985,6.172823089073442,1.0873264917434393,5.0609346761191185,7.284711502027766,1.39511,3.247169765583579,0.9534796726840766,1.7466830335113486,4.74765649765581
6,6,holdout,3,1,9.23804,7.266673434242848,1.2016291881478909,5.1911898068744,9.342157061611296,5.04394,3.665842486149434,1.0454528306349105,1.3591424753031127,5.9725424969957555
6,6,holdout,4,3,4.12091,6.288818304405238,1.0750721997749646,5.189460999036511,7.388175609773965,1.58843,3.6952235333313355,0.8598974843869548,2.34200667593072,5.048440390731951
6,6,holdout,5,2,9.77341,8.533454935280913,0.9944282928424873,6.655185873505209,10.411723997056617,4.68698,3.7493343030206265,0.8792369781047863,2.63357047761541,4.865098128425843
6,6,holdout,6,0,6.49371,6.339020781767893,1.3249548154788973,4.079659928208499,8.598381635327286,4.19441,2.9192066709250604,1.1200135692089874,1.4853032327605604,4.3531101090895605
6,6,holdout,7,0,9.75931,9.905444533821072,1.0051713595874818,8.191389990647709,11.619499076994435,4.70237,4.600798965701228,0.8135189489913387,3.5592869250975587,5.6423110063048965
6,6,holdout,8,3,5.40848,7.046493857032466,1.009263422693908,6.014431901554273,8.07855581251066,2.08749,4.101372073692186,0.8230692310729983,2.80611167519271,5.396632472191662
6,6,holdout,9,4,7.599,7.117232131138578,1.1481726780936294,5.68288734847212,8.551576913805036,3.26644,3.7661147462934155,1.012327432291709,2.78566398984772,4.746565502739111
6,6,holdout,10,4,8.52081,9.520576948586793,1.1497081671788225,8.084313969467651,10.956839927705936,4.5379,4.196078346073943,1.1271870506053219,3.104384728802369,5.2877719633455165
6,6,holdout,11,3,11.0714,10.27615215063683,1.1323758910316335,9.11819670495641,11.43410759631725,4.87105,4.338560431096362,1.0316668105874855,2.7150309468776586,5.962089915315066
6,6,holdout,12,3,8.29498,8.72119279961105,1.0422564373704069,7.655392541051129,9.786993058170971,4.37633,3.4538591771523808,0.8687458363489077,2.0867177075130576,4.821000646791704
6,6,holdout,13,3,10.3345,9.39234722838234,1.0251662967812931,8.344023164361124,10.440671292403556,3.57985,3.371013871912248,1.031137829034716,1.7483168436170227,4.993710900207474
6,6,holdout,14,0,4.75967,5.81621128979482,1.1606279826142403,3.8370664926823084,7.795356086907332,1.19214,2.246921819830573,0.9690574489685042,1.0062807722080696,3.487562867453077
6,6,holdout,15,4,10.9876,10.182734642076753,1.1854741073143276,8.701791371735474,11.66367791241803,5.00077,4.15610124663171,1.011945916374243,3.1760199927381967,5.136182500525224
6,6,holdout,16,4,8.9389,8.42959869946121,1.0709564281241977,7.09171564889642,9.767481750025999,4.29166,3.467959604308242,1.0184421360690894,2.4815866869561667,4.454332521660318
6,6,holdout,17,1,7.51834,7.5873732460674566,1.1345019808605932,5.627833389913899,9.546913102221014,2.25668,3.2185230219788674,1.0677148458264567,0.8627038264318698,5.5743422175258655
6,6,holdout,18,2,9.69876,9.168047013079041,1.0977507290471447,7.094623271265245,11.241470754892838,2.62464,4.4194393694945475,0.8179313113319172,3.3814732789218187,5.457405460067276
6,6,holdout,19,1,6.43094,5.854046348297268,1.0638290031031485,4.016574605734588,7.691518090859947,3.48185,2.5920197813440256,1.0757299475736757,0.21851596651485883,4.965523596173192
6,6,holdout,20,4,3.52219,4.396741333400977,1.1770017508082087,2.9263820811114245,5.867100585690529,0.818414,1.843841855971306,1.1736731464363848,0.7071259204577036,2.980557791484908
6,6,holdout,21,2,9.13885,7.302899949060519,1.0403653692486847,5.337865265245284,9.267934632875754,4.67367,2.857762350626048,0.8201849446770498,1.816936368323508,3.898588332928588
6,6,holdout,22,2,9.41684,9.3475333824076,1.0662750576879498,7.333560663999027,11.361506100816172,4.79881,4.1010154531883405,0.8614367414793951,3.0078403730302528,5.194190533346428
6,6,holdout,23,0,10.4214,9.851402715929517,1.0692569223173862,8.028067154249921,11.674738277609112,4.62972,4.571064108005956,0.9330775879866373,3.3764864722785566,5.765641743733355
6,6,holdout,24,1,6.13089,6.516828668187156,1.1601085098160426,4.5130605824558145,8.520596753918497,2.87931,2.9747104696054243,0.9038524841098784,0.9804392085734488,4.9689817306374
6,6,holdout,25,4,9.89993,9.292142038489503,1.1388875966922278,7.869396563417479,10.714887513561527,4.92915,4.382535588273376,1.0515819382007259,3.364066391563476,5.401004784983275
6,6,holdout,26,3,9.44702,9.22094435429244,0.9182049084206351,8.281997859248717,10.159890849336163,4.90717,4.55497021305602,0.7431311868362032,3.3855079602343245,5.724432465877715
6,6,holdout,27,2,9.24319,9.62530541960445,0.9516913822970395,7.827757529431719,11.42285330977718,4.70238,5.202351087988932,0.8035722066756211,4.18260689883718,6.222095277140684
6,6,holdout,28,1,4.51178,5.478470475352313,0.9400029761073746,3.85487410649617,7.102066844208456,1.28971,2.0680521670368215,0.9939065113063107,-0.12491540952821456,4.2610197436018575
6,6,holdout,29,2,4.87314,6.157908115935403,1.1607500034356935,3.9654917943146764,8.35032443755613,3.65188,3.2054765324026433,0.9335702510805792,2.0207630358485504,4.390190028956736
6,6,holdout,30,1,5.15189,5.028392002701937,1.0696590416910157,3.1808504734235274,6.875933531980346,1.87265,2.3837918914175784,0.9014390765687459,0.39484560252989964,4.372738180305257
6,6,holdout,31,0,4.72427,6.741173967594764,1.1925754731376332,4.707551154617294,8.774796780572235,1.19283,2.958515547588314,1.010095726966755,1.6653350222882304,4.2516960728883975
6,6,holdout,32,2,7.18726,7.266422155024996,1.1211673480755977,5.148769270326688,9.384075039723303,2.49718,2.415401218062742,0.9370026297508011,1.2263319857392316,3.604470450386253
6,6,holdout,33,3,8.02499,8.252071494323976,0.892412926250485,7.339499603725081,9.164643384922872,3.59119,3.133453527324225,0.7721381652315161,1.9183431212522881,4.348563933396162
6,6,holdout,34,0,7.56027,8.349295050401674,1.0563181407829145,6.5480231667813005,10.150566934022047,3.10434,3.316446887297857,0.8188540340143099,2.268104575197798,4.364789199397916
6,6,holdout,35,4,9.24725,9.576034178867284,1.104531214103611,8.196208117449219,10.955860240285348,4.71931,4.528489349263666,1.0178765416669497,3.5426642165924465,5.514314481934886
6,6,holdout,36,3,8.31567,8.847351609593032,1.0848087739180938,7.738037787893816,9.956665431292247,3.48547,4.548189948662397,0.8369422559283463,3.231097632477084,5.8652822648477105
6,6,holdout,37,2,5.32822,6.343769228421196,1.1491397766535052,4.173282220278518,8.514256236563874,1.79646,2.5897267947134965,0.9308971567299531,1.4084054916778712,3.771048097749122
6,6,holdout,38,0,8.94641,7.7081762215625975,1.109999517186631,5.815364914110698,9.600987529014496,4.8242,3.731755809608843,0.8917248553649367,2.590120233793835,4.873391385423851
6,6,holdout,39,2,5.11392,5.452425530262314,1.2261254047597467,3.1365286172385125,7.768322443286115,2.99086,2.6560678845453136,0.9487269630744336,1.452120311882092,3.8600154572085352
6,6,holdout,40,0,6.83197,8.222037225564923,1.027681795617826,6.469597073033908,9.974477378095939,2.06786,3.792411608451154,0.8939944869652016,2.647870324487195,4.936952892415112
6,6,holdout,41,1,7.13367,6.844099361644746,1.1710210821284814,4.821482811353509,8.866715911935984,4.48825,3.084959911127622,1.0647099654636467,0.7357707206486448,5.434149101606598
6,6,holdout,42,4,9.10706,8.91561898172129,1.089329863912835,7.554783075487746,10.276454887954833,3.13065,3.4980661280924945,1.0810194088767384,2.4510864026035746,4.545045853581414
6,6,holdout,43,1,8.02606,6.618640633852943,1.224653283029655,4.5033892208536095,8.733892046852276,4.45854,3.532397197839543,1.035880176707926,1.2468184086018455,5.81797598707724
6,6,holdout,44,2,4.5657,5.70450570848152,1.1039288452722316,3.619412784838166,7.789598632124873,1.3827,2.016972053084812,0.9819195205898128,0.7709026681336542,3.26304143803597
6,6,holdout,45,4,5.33957,5.851703676722543,1.0948045245432754,4.484028598070109,7.2193787553749775,2.71903,3.128311162925708,0.9730161183903513,2.185933865937895,4.070688459913521
6,6,holdout,46,3,8.14209,6.945298971791194,1.191236946670327,5.727152841678922,8.163445101903466,4.77519,4.458789797302872,0.8605815485826498,3.1044964311114223,5.813083163494322
6,6,holdout,47,1,7.95193,7.308050157063332,1.0880854366729598,5.428682103035307,9.187418211091357,4.49069,3.53652900600548,0.8959481020969934,1.5596980708692048,5.513359941141755
6,6,holdout,48,1,8.27295,8.700126146623642,0.8676612180637356,7.201480249906116,10.198772043341169,3.91402,3.7486941644941525,0.7879466414668882,2.0101589832232962,5.487229345765009
6,6,holdout,49,0,9.22919,8.85970338446122,1.0784021537371256,7.020773043529449,10.698633725392991,4.0906,3.546716052355475,0.8851075310442565,2.4135523418425766,4.6798797628683735
6,6,cross_fitted,0,0,9.32916,8.555858175059775,0.9499674597297142,6.787969515575775,10.323746834543774,5.16871,4.650175548214157,0.8494475668054563,2.934458913771876,6.365892182656437
6,6,cross_fitted,1,4,7.68631,7.458310089266327,1.028510722899774,5.762014183199369,9.154605995333284,3.81186,3.466508029683116,0.9951434644821144,1.7819322444795824,5.15108381488665
6,6,cross_fitted,2,3,4.56985,5.904405188689612,0.900037782678071,4.486801622917651,7.3220087544615735,1.39511,3.0034314134968914,0.8530723779991486,1.1833022559845734,4.823560571009209
6,6,cross_fitted,3,1,9.23804,7.5388376075236865,1.093961075553223,5.844533710407553,9.23314150463982,5.04394,3.925327979564402,0.9368726455606123,2.155971238827221,5.6946847203015825
6,6,cross_fitted,4,3,4.12091,6.185809912205965,0.9911975357347216,4.624625272977866,7.746994551434064,1.58843,3.564768003895872,0.8880889559644586,1.6699269037691986,5.459609104022546
6,6,cross_fitted,5,2,9.77341,8.937021782855254,0.7082060206522457,7.907373900433798,9.96666966527671,4.68698,4.042942109683246,0.7771141165926274,2.5887024932823888,5.4971817260841025
6,6,cross_fitted,6,0,6.49371,5.645326007564558,0.9515962795615562,3.8744061157161616,7.416245899412954,4.19441,3.040397798175438,0.8786567878505419,1.2656842951982075,4.815111301152669
6,6,cross_fitted,7,0,9.75931,9.864612936804683,1.0310988677976896,7.9457387937840664,11.7834870798253,4.70237,4.72577045684727,0.7042642286913248,3.3032955455910917,6.148245368103448
6,6,cross_fitted,8,3,5.40848,6.93791179689975,0.9668192607793743,5.4151241340755085,8.460699459723992,2.08749,3.9359188598792585,0.8723866806321313,2.0745803908408043,5.797257328917713
6,6,cross_fitted,9,4,7.599,6.99556725003519,1.0697864315909302,5.231196394321214,8.759938105749166,3.26644,3.644997321162953,0.9757839767601497,1.9931932170228517,5.296801425303054
6,6,cross_fitted,10,4,8.52081,9.783586651121507,1.0361357029589813,8.07471506434428,11.492458237898733,4.5379,4.524518694578851,0.9238816294534427,2.9605747237649567,6.088462665392745
6,6,cross_fitted,11,3,11.0714,10.293252631822702,1.0287054334243313,8.672991217671678,11.913514045973725,4.87105,4.498920991572323,0.8524380867902686,2.6801451681420954,6.3176968150025505
6,6,cross_fitted,12,3,8.29498,8.916212234823838,0.855191314282677,7.569244052069269,10.263180417578408,4.37633,3.543620526778514,0.8746191376395517,1.6775188510100176,5.409722202547011
6,6,cross_fitted,13,3,10.3345,9.35524081712173,1.017065146018082,7.753313425443197,10.957168208800265,3.57985,3.5368228680568867,0.8996863178141308,1.6172374472873166,5.456408288826457
6,6,cross_fitted,14,0,4.75967,4.5765268733985724,1.0807368745371988,2.565276440753113,6.587777306044032,1.19214,1.6377952427348133,0.855923440259622,-0.09100137950428877,3.3665918649739153
6,6,cross_fitted,15,4,10.9876,10.2800203233689,1.0139651859001422,8.607713992047898,11.952326654689902,5.00077,4.504167563655936,0.8529163251417845,3.0603534409491515,5.94798168636272
6,6,cross_fitted,16,4,8.9389,8.46537731709303,0.9936371940714042,6.826597412429429,10.10415722175663,4.29166,3.9095724574236397,0.9032451451714028,2.3805618635086727,5.438583051338607
6,6,cross_fitted,17,1,7.51834,7.681772410640934,1.2102379271753516,5.807381372171862,9.556163449110006,2.25668,2.9712603143580463,0.9826482143325621,1.1154528574520075,4.827067771264085
6,6,cross_fitted,18,2,9.69876,9.139791859866971,0.9707937316340423,7.728372469328011,10.551211250405931,2.62464,4.414398432262981,0.818333251346869,2.883024071513108,5.945772793012854
6,6,cross_fitted,19,1,6.43094,7.506806482160715,0.7603212230685622,6.329236968863626,8.684375995457804,3.48185,3.898641919469831,0.8663414136813562,2.2624888869948157,5.534794951944846
6,6,cross_fitted,20,4,3.52219,4.024113955520209,1.1016941982486845,2.207118452587496,5.841109458452921,0.818414,1.3492905560307662,1.0069993989023924,-0.35535491836653144,3.053936030428064
6,6,cross_fitted,21,2,9.13885,7.471337241935804,0.7865535227568519,6.327781347886994,8.614893135984614,4.67367,2.9409239111725825,0.7447630316258502,1.547223961196161,4.334623861149004
6,6,cross_fitted,22,2,9.41684,9.8065104389358,1.019273238289433,8.324607573372742,11.28841330449886,4.79881,4.314058446123015,0.7983684825869145,2.820044824347117,5.808072067898913
6,6,cross_fitted,23,0,10.4214,10.1224059304264,1.0959692188002539,8.082808117663653,12.162003743189146,4.62972,4.9051820744190575,0.8226802361428329,3.2435301713058595,6.566833977532255
6,6,cross_fitted,24,1,6.13089,6.180517415187159,1.0598756447322961,4.539004316176501,7.8220305141978175,2.87931,2.8360223074608193,0.9481851550129896,1.0453010141891375,4.626743600732501
6,6,cross_fitted,25,4,9.89993,9.625705951356645,1.051440112650472,7.89159320089835,11.359818701814941,4.92915,4.5484737109483415,0.9185808731143579,2.993502844104671,6.103444577792012
6,6,cross_fitted,26,3,9.44702,9.282541394875704,0.8452073881354233,7.951298384529606,10.613784405221802,4.90717,4.630759758050721,0.7631335104865248,3.0025256370853812,6.258993879016061
6,6,cross_fitted,27,2,9.24319,9.939651135556993,0.6978444813454375,8.9250677071147,10.954234563999286,4.70238,5.060502077616628,0.7315939731321551,3.6914458268901984,6.429558328343058
6,6,cross_fitted,28,1,4.51178,5.15157563915381,0.9153285599004088,3.7339340238918695,6.569217254415751,1.28971,2.0271986030752744,0.9589861176741377,0.2160788531067197,3.838318353043829
6,6,cross_fitted,29,2,4.87314,5.541840531859003,0.8646844643708345,4.284691479550481,6.798989584167525,3.65188,3.0102300854022515,0.8159205927587898,1.4833706132957847,4.537089557508718
6,6,cross_fitted,30,1,5.15189,4.776626110206122,0.9190193850144881,3.353268222661645,6.199983997750598,1.87265,2.3892403192013862,0.7793173923663436,0.917438908528325,3.8610417298744473
6,6,cross_fitted,31,0,4.72427,5.912595122428173,1.0220231016579984,4.010610972712226,7.81457927214412,1.19283,2.451213478720725,0.85747466367965,0.7192836909638411,4.183143266477609
6,6,cross_fitted,32,2,7.18726,6.781262118750094,0.9174385637944887,5.44741483855784,8.115109398942348,2.49718,2.5282711647086558,0.8428478765884667,0.9510217665011376,4.105520562916174
6,6,cross_fitted,33,3,8.02499,8.27199043562749,0.8231840286906703,6.975435294479798,9.568545576775183,3.59119,3.270930544563633,0.8034466198960327,1.5566837149951518,4.985177374132115
6,6,cross_fitted,34,0,7.56027,7.6876611792739755,0.8309297370907515,6.1413016234964335,9.234020735051518,3.10434,3.1269438806812833,0.68165611508905,1.750132902193385,4.503754859169182
6,6,cross_fitted,35,4,9.24725,9.607885992582471,0.998643133762273,7.960849922169137,11.254922062995805,4.71931,4.736638215516842,0.9210328702726182,3.1775166154516628,6.295759815582021
6,6,cross_fitted,36,3,8.31567,8.90136793637913,1.0529183568429528,7.242969982588772,10.559765890169487,3.48547,4.594267642298609,0.8675270386252718,2.7432977848104465,6.4452374997867725
6,6,cross_fitted,37,2,5.32822,5.859724376022186,0.8525325638726745,4.620242751341296,7.0992060007030755,1.79646,2.5619225077953343,0.7973543385717906,1.0698066876061523,4.054038327984516
6,6,cross_fitted,38,0,8.94641,7.792587486578846,0.864098006385894,6.184501808984166,9.400673164173526,4.8242,3.70636892122473,0.7566006162565441,2.1781848240914794,5.234553018357981
6,6,cross_fitted,39,2,5.11392,4.588251835522962,0.8892097540637981,3.295445909562228,5.881057761483695,2.99086,2.511044210229437,0.8660107461245927,0.890449360189628,4.131639060269246
6,6,cross_fitted,40,0,6.83197,7.724870975034949,0.9277783579446047,5.998276215682215,9.451465734387682,2.06786,3.623656259093468,0.7530094806017064,2.102725548067043,5.144586970119893
6,6,cross_fitted,41,1,7.13367,7.755359749725653,0.8937045633733559,6.371208925320675,9.139510574130629,4.48825,3.454923554304358,1.0187250488761928,1.5309821939412105,5.378864914667505
6,6,cross_fitted,42,4,9.10706,9.041634040718204,1.0211849961092947,7.357420264751572,10.725847816684837,3.13065,3.959417987512495,0.979213135649491,2.301809013788483,5.617026961236507
6,6,cross_fitted,43,1,8.02606,8.20564876407393,1.1348141245932093,6.448072524143843,9.963225004004016,4.45854,4.100007910934969,0.9848294299694553,2.240081058923922,5.959934762946016
6,6,cross_fitted,44,2,4.5657,5.338985674507082,0.7133326358725314,4.301884299243678,6.3760870497704865,1.3827,1.7493943004622903,0.7200310597054423,0.4019761160469808,3.0968124848775997
6,6,cross_fitted,45,4,5.33957,5.869740531786498,0.9379155883378576,4.322860817933551,7.416620245639445,2.71903,3.0225877576656695,0.9137564199422257,1.4757837102612963,4.569391805070042
6,6,cross_fitted,46,3,8.14209,6.870042739731687,1.0353800681278391,5.239268449190337,8.500817030273037,4.77519,4.458691396740694,0.829252506636173,2.6893847057787905,6.227998087702597
6,6,cross_fitted,47,1,7.95193,7.892961111614857,0.844761454331978,6.584612344740903,9.201309878488809,4.49069,3.743074043396101,0.8313888507393864,2.172931640157046,5.313216446635156
6,6,cross_fitted,48,1,8.27295,8.995136239499207,0.7786515600493279,7.78917708595257,10.201095393045843,3.91402,3.475350398730769,0.7745556528165324,2.012541902953896,4.938158894507643
6,6,cross_fitted,49,0,9.22919,9.373353916547762,0.7599826168176025,7.959026893115732,10.787680939979792,4.0906,3.6027324704955768,0.698186450428038,2.1925334732266366,5.012931467764517
7,7,uncalibrated,0,3,9.32916,8.045682214659937,0.9917536121624885,6.414392688652245,9.676971740667629,5.16871,4.473114143563274,0.8951090961270946,3.000790700281369,5.945437586845179
7,7,uncalibrated,1,0,7.68631,7.6755374921092,1.1672343514799852,5.755607835574997,9.595467148643403,3.81186,3.8001748341011483,1.0144806367650148,2.1315026792461755,5.4688469889561215
7,7,uncalibrated,2,1,4.56985,6.376790583298445,1.17948270698666,4.436714174784897,8.316866991811992,1.39511,2.792593818902112,1.0718478606630708,1.0295609777502845,4.55562666005394
7,7,uncalibrated,3,4,9.23804,7.542947857394864,1.1920097108999745,5.582266361059666,9.503629353730062,5.04394,4.032662749931289,0.9057928251509695,2.5427661362150964,5.522559363647481
7,7,uncalibrated,4,4,4.12091,5.209219970988128,0.8247489432575182,3.852628680346606,6.5658112616296505,1.58843,2.624553772286851,0.9319140882349592,1.0916915042464046,4.1574160403272975
7,7,uncalibrated,5,2,9.77341,8.671820052699577,1.0254791494393052,6.985056954381225,10.358583151017928,4.68698,4.033115441169644,0.6444261787696542,2.9731287037179013,5.093102178621388
7,7,uncalibrated,6,2,6.49371,5.661535975864561,0.9975709327307866,4.020677809020965,7.302394142708158,4.19441,2.358983712910576,0.7063712247291714,1.1971064419406456,3.5208609838805067
7,7,uncalibrated,7,3,9.75931,9.854116578012759,0.9728960279207115,8.253845017840696,11.454388138184822,4.70237,4.551757239380658,0.8778674575443244,3.107793767856209,5.995720710905107
7,7,uncalibrated,8,3,5.40848,6.269731936705205,1.2121543744343062,4.275915417491845,8.263548455918565,2.08749,2.793454848085597,1.0202318632928824,1.1153227674168416,4.471586928754352
7,7,uncalibrated,9,1,7.599,6.580798767075876,1.052851018556221,4.849012950564125,8.312584583587627,3.26644,3.3548531196815996,0.8791040760514157,1.9088555917206063,4.8008506476425925
7,7,uncalibrated,10,0,8.52081,9.876592326668472,1.0298973238398033,8.182561978162958,11.570622675173986,4.5379,4.927285605898616,0.8553701599823332,3.520326895865615,6.334244315931617
7,7,uncalibrated,11,3,11.0714,10.366718963690495,1.0965935898747106,8.562983020093343,12.170454907287647,4.87105,4.482858313475198,0.8977562251144181,3.0061807304774857,5.959535896472911
7,7,uncalibrated,12,2,8.29498,8.333749330065793,1.0345537816156065,6.632059790099001,10.035438870032584,4.37633,3.4681411700819185,0.6835078132486705,2.3438708644101736,4.592411475753663
7,7,uncalibrated,13,0,10.3345,9.253048652387333,0.8866876002893255,7.79457733707854,10.711519967696127,3.57985,4.150600312183662,0.742827807173824,2.9287572993533892,5.3724433250139345
7,7,uncalibrated,14,4,4.75967,4.835566126909166,1.0085927297460862,3.1765787172694306,6.494553536548901,1.19214,2.0098956858561356,0.9568464953838506,0.4360232574882046,3.5837681142240667
7,7,uncalibrated,15,0,10.9876,9.97124969183619,1.0086542796667923,8.312161041586144,11.630338342086237,5.00077,4.654059469363621,0.8274383795138859,3.2930444497413576,6.015074488985885
7,7,uncalibrated,16,2,8.9389,8.632933080547458,0.9467229987140459,7.075712322394287,10.19015383870063,4.29166,3.593933623260256,0.6385788021287951,2.543564964484381,4.644302282036131
7,7,uncalibrated,17,1,7.51834,7.437801286723772,1.2189223074299331,5.43285250837559,9.442750065071955,2.25668,3.0832986882575417,1.0410482708293372,1.3709266641523488,4.7956707123627345
7,7,uncalibrated,18,1,9.69876,9.243337932934145,1.0723124843789085,7.479540853778154,11.007135012090135,2.62464,4.254429923888187,0.8856980191586729,2.79758632469131,5.711273523085064
7,7,uncalibrated,19,4,6.43094,7.223011200135822,0.9498359662288834,5.660670066075288,8.785352334196357,3.48185,3.8091210444146095,1.0182123893699053,2.1343107027525967,5.483931386076622
7,7,uncalibrated,20,0,3.52219,3.828524195000816,1.0665477389784122,2.0742092782252834,5.582839111776349,0.818414,1.0783715160718903,0.951300995869712,-0.48637937730695224,2.643122409450733
7,7,uncalibrated,21,2,9.13885,7.251231026644759,0.9991813144344666,5.607724017615088,8.89473803567443,4.67367,3.0149950304654642,0.569565992819092,2.078142341388765,3.9518477195421635
7,7,uncalibrated,22,0,9.41684,10.345070136326408,1.1902121603967084,8.387345347456135,12.30279492519668,4.79881,5.267732127617634,0.9902982139994762,3.6388365185570315,6.896627736678237
7,7,uncalibrated,23,4,10.4214,10.198335564165527,0.8738202762166146,8.761029113526892,11.635642014804162,4.62972,4.702475161785154,0.8537666342253301,3.2981540169094696,6.106796306660838
7,7,uncalibrated,24,2,6.13089,6.0724630654360485,1.1159709142741783,4.236854259519816,7.908071871352281,2.87931,2.5939801336619315,0.699562997981072,1.4433013991517203,3.7446588681721424
7,7,uncalibrated,25,4,9.89993,8.598458039984434,0.7004877940864699,7.446258151246068,9.7506579287228,4.92915,4.2443077688461095,0.8074381871763922,2.9161901381299,5.572425399562319
7,7,uncalibrated,26,3,9.44702,8.917605698872322,0.873292564145547,7.481167257347768,10.354044140396876,4.90717,4.553855952993299,0.7505765200440236,3.3192674416942727,5.788444464292326
7,7,uncalibrated,27,0,9.24319,9.812542191172675,0.9433985179127579,8.260789717323233,11.364294665022117,4.70238,4.860104817901243,0.8262259547363733,3.5010840595716775,6.219125576230809
7,7,uncalibrated,28,4,4.51178,4.962771727040467,0.8268667501309664,3.6026969540819707,6.322846499998963,1.28971,2.045275338400568,0.9755483393397499,0.4406411141710955,3.649909562630041
7,7,uncalibrated,29,1,4.87314,5.34760659459209,1.1067807939274776,3.5271141914602495,7.168098997723931,3.65188,2.8018544770872276,0.991702795363535,1.1706485372756041,4.433060416898851
7,7,uncalibrated,30,0,5.15189,4.250592718398499,0.939719667311827,2.7048914153030106,5.7962940214939875,1.87265,2.217491726669349,0.7445813554279177,0.9927643836332958,3.442219069705402
7,7,uncalibrated,31,2,4.72427,5.241700725531537,1.014777549178601,3.5725401932161898,6.910861257846884,1.19283,1.8981971370318123,0.47214533662527347,1.1215871676355076,2.674807106428117
7,7,uncalibrated,32,1,7.18726,7.425017909600634,1.1070227084248125,5.60412759253044,9.245908226670828,2.49718,2.9354196662530523,1.0471603046232785,1.212994241193845,4.657845091312259
7,7,uncalibrated,33,2,8.02499,8.419638267707244,0.907895056578252,6.926283791003195,9.912992744411293,3.59119,3.173038261889129,0.5750292930188985,2.2271992436636534,4.118877280114605
7,7,uncalibrated,34,1,7.56027,7.869331665599087,0.9615565983966172,6.287711807207291,9.450951523990883,3.10434,3.4361303044546285,0.8528858999681538,2.0332578385162408,4.839002770393016
7,7,uncalibrated,35,1,9.24725,9.549248815106777,0.9298448335401563,8.019790168156163,11.078707462057391,4.71931,4.731835608970403,0.8085743442947388,3.4018491660972945,6.061822051843512
7,7,uncalibrated,36,0,8.31567,8.884169081720266,1.0438595744587782,7.167172874643725,10.601165288796807,3.48547,4.673124491444457,0.9286772369300832,3.145586370012739,6.200662612876176
7,7,uncalibrated,37,3,5.32822,6.036822786850344,1.0065911087542128,4.381127750758874,7.692517822941814,1.79646,2.571556091311496,0.8752818117487426,1.1318456286519214,4.011266553971071
7,7,uncalibrated,38,2,8.94641,8.405136828576904,0.9094715820567042,6.909189198221641,9.901084458932166,4.8242,3.980817226412447,0.4616833042292138,3.221415768948085,4.740218683876809
7,7,uncalibrated,39,4,5.11392,4.759079467212331,0.9368670407934192,3.218070317191983,6.300088617232679,2.99086,2.6447603302639475,0.976099608372912,1.0392193491658523,4.250301311362042
7,7,uncalibrated,40,3,6.83197,7.795105955149728,0.9646799666733152,6.208348613119701,9.381863297179756,2.06786,3.69963666777838,0.8445632183817043,2.310453794833426,5.088819540723334
7,7,uncalibrated,41,1,7.13367,8.117879856762835,1.0823108283930516,6.337636965191672,9.898122748333998,4.48825,4.009830152208612,0.8942200755456822,2.5389690176544777,5.480691286762746
7,7,uncalibrated,42,0,9.10706,8.645957751435798,0.9835519188454959,7.028158810427705,10.263756692443891,3.13065,4.185387296700643,0.86273620343318,2.7663125233812345,5.604462070020052
7,7,uncalibrated,43,3,8.02606,7.034045710298997,1.1267044263191668,5.180781848165639,8.887309572432356,4.45854,4.204956345630191,0.9827843912648648,2.5884198751468843,5.821492816113498
7,7,uncalibrated,44,4,4.5657,5.247900479772814,0.8747965262070396,3.8089882407966167,6.686812718749011,1.3827,2.10949757718351,0.85297245618522,0.7064827389375459,3.512512415429474
7,7,uncalibrated,45,2,5.33957,5.830610045344265,0.9890552217956431,4.20375897651841,7.457461114170121,2.71903,3.1189699899319394,0.4645432166098778,2.354864395215479,3.8830755846483997
7,7,uncalibrated,46,1,8.14209,6.1048998770196565,1.2452014992598828,4.0567256746766285,8.153074079362685,4.77519,3.4791483589303174,1.1240895217115452,1.6301856321249373,5.3281110857356975
7,7,uncalibrated,47,4,7.95193,7.763497559727631,0.7451872807944103,6.53777355815484,8.989221561300422,4.49069,3.855861594773919,0.7532906989730864,2.6168086564192286,5.094914533128609
7,7,uncalibrated,48,3,8.27295,8.77071148261377,0.8180125039170416,7.425200648654169,10.11622231657337,3.91402,3.3710016998645296,0.8436784327415069,1.983274169788929,4.75872922994013
7,7,uncalibrated,49,3,9.22919,9.289231161087764,0.9118564539890615,7.78936076548475,10.78910155669078,4.0906,3.5120730130002964,0.8053654093507356,2.187364798408482,4.836781227592111
7,7,holdout,0,3,9.32916,9.040207084488312,1.0763594662973988,7.069054611335381,11.011359557641242,5.16871,5.350744984757975,0.817431598726627,2.8950998664080507,7.8063901031078995
7,7,holdout,1,0,7.68631,6.833852560535294,1.1332500003379815,5.542308073250105,8.125397047820483,3.81186,2.7811311392954234,1.1111641162558832,0.9849444295569281,4.577317849033919
7,7,holdout,2,1,4.56985,5.87914146937728,1.4169661939439053,3.278608204985981,8.47967473376858,1.39511,1.8779241415759855,1.1089345865284355,-0.26429879485652896,4.0201470780085
7,7,holdout,3,4,9.23804,7.605625389489083,1.274326729040636,6.149490467326915,9.06176031165125,5.04394,4.251517496152086,0.7956424804642283,2.166769870575943,6.33626512172823
7,7,holdout,4,4,4.12091,5.4615705548087945,1.3624143652252723,3.9047805334981307,7.018360576119458,1.58843,2.4153059104710053,0.9656313692312016,-0.11484771206058575,4.945459533002596
7,7,holdout,5,2,9.77341,8.663102444820284,0.9783679529019154,6.94178705082243,10.384417838818138,4.68698,3.8127734521286083,0.6569071557596513,2.654388508274127,4.971158395983089
7,7,holdout,6,2,6.49371,5.960986457369356,0.9761635294999778,4.243549469164936,7.678423445573776,4.19441,2.3550858652056963,0.6461917516857333,1.2155963811398816,3.494575349271511
7,7,holdout,7,3,9.75931,10.16745111406266,0.7667516052019823,8.763287941617191,11.571614286508128,4.70237,4.912929853462817,0.5431813942301232,3.2811593894905893,6.544700317435044
7,7,holdout,8,3,5.40848,6.1574082267426835,1.1755324004229504,4.004638942020409,8.310177511464957,2.08749,2.6780699077101295,0.7747274351565472,0.35071230719954594,5.005427508220713
7,7,holdout,9,1,7.599,6.818842075325271,1.0132620312481657,4.959219997489118,8.678464153161425,3.26644,2.6212753364312054,0.9943271159301998,0.7004493653243455,4.542101307538065
7,7,holdout,10,0,8.52081,9.52265268641381,1.0104322271850128,8.37108138934177,10.67422398348585,4.5379,4.1193698305863835,1.0430864008901268,2.4332301299084045,5.805509531264363
7,7,holdout,11,3,11.0714,10.567479831088345,0.9396886228632506,8.846614626713597,12.288345035463093,4.87105,4.670734644591436,0.6295456814376466,2.7795173466439884,6.561951942538883
7,7,holdout,12,2,8.29498,8.3913991791937,0.9924885996832042,6.6452402827019785,10.137558075685421,4.37633,3.229743162590097,0.6473739004427244,2.0881690866462854,4.3713172385339085
7,7,holdout,13,0,10.3345,9.369562812057529,0.9505235020608238,8.286268403272587,10.452857220842471,3.57985,3.613263013587411,1.0214622696450142,1.962078524820872,5.26444750235395
7,7,holdout,14,4,4.75967,5.563875008448698,1.3775799090379794,3.9897557752051664,7.13799424169223,1.19214,1.798549136299813,1.0820888870268366,-1.0367472352253781,4.633845507825004
7,7,holdout,15,0,10.9876,10.13564192569735,0.8199896446548349,9.201114588508696,11.070169262886003,5.00077,3.9322933444339223,1.010773656773896,2.2983869013707787,5.566199787497066
7,7,holdout,16,2,8.9389,8.343667578694957,1.0035529837529646,6.5780422896584945,10.109292867731419,4.29166,3.8614762113075867,0.66546889648919,2.687993560772145,5.0349588618430285
7,7,holdout,17,1,7.51834,7.394254105937223,1.05160886135219,5.464254761730363,9.324253450144083,2.25668,2.7296064539531937,1.0257235838417498,0.7481292645507225,4.711083643355665
7,7,holdout,18,1,9.69876,8.345539026370025,1.0783319958966457,6.366495180883827,10.324582871856224,2.62464,3.8609654056431126,0.8895008364895666,2.1426412438283653,5.5792895674578595
7,7,holdout,19,4,6.43094,7.397483640094217,1.1087514035466128,6.1305466749440045,8.66442060524443,3.48185,3.755187544004847,0.748756456411174,1.7932909849784429,5.717084103031251
7,7,holdout,20,0,3.52219,3.5275887830997306,1.0050257320329852,2.3821791705695414,4.67299839562992,0.818414,1.533032784103927,1.0534366005379416,-0.16983792037319168,3.235903488581046
7,7,holdout,21,2,9.13885,7.488904117597765,0.9960009285895577,5.736565720032488,9.24124251516304,4.67367,3.1776573937605184,0.756049121098576,1.8444462831550505,4.510868504365986
7,7,holdout,22,0,9.41684,10.275608483704502,0.917581678317661,9.22985727442886,11.321359692980145,4.79881,4.355287632489763,0.9734729829977573,2.7816773900695524,5.928897874909975
7,7,holdout,23,4,10.4214,9.898940542798567,1.15915806305052,8.57440540008487,11.223475685512263,4.62972,4.777456669741597,0.8078451554059701,2.6607355155579433,6.894177823925251
7,7,holdout,24,2,6.13089,6.168696530754069,1.2539312100092854,3.9625622349594005,8.374830826548738,2.87931,2.784600757443574,0.7948193365180308,1.3830225520087673,4.1861789628783805
7,7,holdout,25,4,9.89993,8.632654320373259,1.1408899819346685,7.328993565889423,9.936315074857095,4.92915,4.050877435589335,0.8610027730276524,1.794872344412489,6.306882526766181
7,7,holdout,26,3,9.44702,8.747104103387489,0.7187415451707674,7.430862440000967,10.063345766774011,4.90717,4.699252811978679,0.5712097094196807,2.983282525687339,6.41522309827002
7,7,holdout,27,0,9.24319,9.720087490721722,0.7943304167949032,8.814803510498086,10.625371470945359,4.70238,4.535680324182765,0.9488552596677445,3.0018644081113774,6.0694962402541535
7,7,holdout,28,4,4.51178,5.725484434408254,1.5659819294479818,3.936083864696604,7.514885004119904,1.28971,2.1405896052730298,1.1924703689900513,-0.9839290464603807,5.265108257006441
7,7,holdout,29,1,4.87314,5.6421139874114825,1.3055269753597925,3.246103171138117,8.038124803684848,3.65188,2.607298037676199,1.0418427001125672,0.5946821850830815,4.619913890269316
7,7,holdout,30,0,5.15189,5.471342456531824,0.9591472671661524,4.378219698946433,6.564465214117215,1.87265,2.9461546955008724,0.8524924379126042,1.5681084062715591,4.324200984730186
7,7,holdout,31,2,4.72427,5.340986703628765,0.9928637253190348,3.5941678207487704,7.087805586508759,1.19283,2.0194845218907442,0.6845316049894189,0.8123868401866798,3.2265822035948086
7,7,holdout,32,1,7.18726,6.683149627467912,1.1655243364419456,4.544083204903094,8.82221605003273,2.49718,2.2726679432289263,0.9722170256884687,0.39455390753992226,4.15078197891793
7,7,holdout,33,2,8.02499,8.483388594382514,0.9814400054143214,6.756668310266286,10.210108878498742,3.59119,3.1731275953928293,0.85619195830055,1.6633253884162322,4.682929802369427
7,7,holdout,34,1,7.56027,7.3042849784871295,0.8468839735122157,5.75001363904995,8.85855631792431,3.10434,3.095242567105178,0.7490520679538158,1.6482351962049249,4.5422499380054315
7,7,holdout,35,1,9.24725,9.278431811019068,1.0226485200590527,7.401582874495054,11.155280747543083,4.71931,4.453854833294908,0.9037244462766253,2.7080537188313207,6.199655947758496
7,7,holdout,36,0,8.31567,9.326415692967494,0.9258251688429291,8.27126952693851,10.381561858996477,3.48547,4.6400084057163005,0.9259859181060187,3.1431605727324543,6.136856238700147
7,7,holdout,37,3,5.32822,5.945274342829826,0.9080742272536579,4.282305032944164,7.608243652715489,1.79646,2.5103873143015787,0.7018270880259405,0.402029544279757,4.6187450843234
7,7,holdout,38,2,8.94641,8.611012475237066,0.9606984187129496,6.92078440489288,10.301240545581251,4.8242,4.2368638510506775,0.7014593173890943,2.9999159736138434,5.473811728487512
7,7,holdout,39,4,5.11392,5.109664186960885,1.226885796033855,3.707738595668782,6.511589778252989,2.99086,2.2260171839267757,0.8138977644338707,0.09343694402400038,4.358597423829551
7,7,holdout,40,3,6.83197,7.688944497635044,0.8495093430429219,6.133225897169919,9.244663098100167,2.06786,3.804279308910589,0.6608039607290327,1.8191590580194525,5.789399559801725
7,7,holdout,41,1,7.13367,6.969281203234577,1.3266766304137831,4.53445479507668,9.404107611392474,4.48825,2.9160920891890645,1.054304252834787,0.8794031989349307,4.952780979443198
7,7,holdout,42,0,9.10706,8.907555655988196,1.063316964443676,7.695712582302361,10.11939872967403,3.13065,3.6309914070858866,1.169011629031546,1.7412947179312224,5.520688096240551
7,7,holdout,43,3,8.02606,7.892016196210681,1.137467014967435,5.808956595875042,9.97507579654632,4.45854,4.732429951522882,0.7441820026930148,2.496833841801016,6.968026061244747
7,7,holdout,44,4,4.5657,5.213915556327594,1.0837307184117293,3.975568977434724,6.452262135220463,1.3827,1.904192479724429,0.7477304927758872,-0.05501584268174842,3.8634008021306063
7,7,holdout,45,2,5.33957,5.891963961515215,1.015856837556055,4.104691588788061,7.679236334242368,2.71903,3.099773169836425,0.5778659492264767,2.0807688717693096,4.11877746790354
7,7,holdout,46,1,8.14209,5.783605340259527,1.0565536581330446,3.844530897035325,7.722679783483729,4.77519,2.79241881672418,0.8582197859659059,1.134522911653837,4.450314721794523
7,7,holdout,47,4,7.95193,7.965659976412269,0.8959361505181085,6.941900616221249,8.989419336603289,4.49069,3.7822021161244295,0.7002525456425969,1.9473958209901063,5.617008411258753
7,7,holdout,48,3,8.27295,8.991412017211065,0.8136532561006345,7.501357181191663,10.481466853230467,3.91402,3.4372593848008686,0.5975284306409444,1.6422250650309025,5.232293704570835
7,7,holdout,49,3,9.22919,9.555336457486753,0.7862632712280484,8.115441292201647,10.99523162277186,4.0906,3.5917605537321258,0.6000265711887165,1.789221573449103,5.394299534015149
7,7,cross_fitted,0,3,9.32916,8.045682214659937,0.9917536121624885,6.309375398964366,9.781989030355508,5.16871,4.473114143563274,0.8951090961270946,2.946681319569991,5.999546967556557
7,7,cross_fitted,1,0,7.68631,7.6755374921092,1.1672343514799852,5.9887552113179705,9.36231977290043,3.81186,3.8001748341011483,1.0144806367650148,1.8998272613695844,5.700522406832713
7,7,cross_fitted,2,1,4.56985,6.376790583298445,1.17948270698666,4.563362018053422,8.190219148543468,1.39511,2.792593818902112,1.0718478606630708,0.9823941488467369,4.602793488957487
7,7,cross_fitted,3,4,9.23804,7.542947857394864,1.1920097108999745,5.532316789773491,9.553578925016238,5.04394,4.032662749931289,0.9057928251509695,2.4329750420287586,5.6323504578338195
7,7,cross_fitted,4,4,4.12091,5.209219970988128,0.8247489432575182,3.818068679905555,6.600371262070701,1.58843,2.624553772286851,0.9319140882349592,0.9787342533232406,4.270373291250461
7,7,cross_fitted,5,2,9.77341,8.671820052699577,1.0254791494393052,7.072552342791681,10.271087762607472,4.68698,4.033115441169644,0.6444261787696542,2.880320304163881,5.185910578175408
7,7,cross_fitted,6,2,6.49371,5.661535975864561,0.9975709327307866,4.1057920273587865,7.217279924370336,4.19441,2.358983712910576,0.7063712247291714,1.0953768955350511,3.622590530286101
7,7,cross_fitted,7,3,9.75931,9.854116578012759,0.9728960279207115,8.15082456724959,11.557408588775928,4.70237,4.551757239380658,0.8778674575443244,3.0547266448877135,6.048787833873602
7,7,cross_fitted,8,3,5.40848,6.269731936705205,1.2121543744343062,4.14755978003787,8.39190409337254,2.08749,2.793454848085597,1.0202318632928824,1.0536497104189322,4.533259985752261
7,7,cross_fitted,9,1,7.599,6.580798767075876,1.052851018556221,4.962063620992245,8.199533913159508,3.26644,3.3548531196815996,0.8791040760514157,1.8701704825131507,4.839535756850049
7,7,cross_fitted,10,0,8.52081,9.876592326668472,1.0298973238398033,8.388277186967004,11.36490746636994,4.5379,4.927285605898616,0.8553701599823332,3.3249872983697037,6.529583913427528
7,7,cross_fitted,11,3,11.0714,10.366718963690495,1.0965935898747106,8.446864172341794,12.286573755039196,4.87105,4.482858313475198,0.8977562251144181,2.951911330712802,6.013805296237594
7,7,cross_fitted,12,2,8.29498,8.333749330065793,1.0345537816156065,6.720329439465793,9.947169220665792,4.37633,3.4681411700819185,0.6835078132486705,2.2454340405812774,4.6908482995825596
7,7,cross_fitted,13,0,10.3345,9.253048652387333,0.8866876002893255,7.971687346605907,10.534409958168759,3.57985,4.150600312183662,0.742827807173824,2.7591188297753737,5.54208179459195
7,7,cross_fitted,14,4,4.75967,4.835566126909166,1.0085927297460862,3.134314989052708,6.536817264765624,1.19214,2.0098956858561356,0.9568464953838506,0.32004395098503546,3.6997474207272356
7,7,cross_fitted,15,0,10.9876,9.97124969183619,1.0086542796667923,8.513633092197107,11.428866291475273,5.00077,4.654059469363621,0.8274383795138859,3.1040835909591786,6.204035347768063
7,7,cross_fitted,16,2,8.9389,8.632933080547458,0.9467229987140459,7.1564881202590085,10.109378040835907,4.29166,3.593933623260256,0.6385788021287951,2.4515986872486444,4.736268559271868
7,7,cross_fitted,17,1,7.51834,7.437801286723772,1.2189223074299331,5.563735208421519,9.311867365026027,2.25668,3.0832986882575417,1.0410482708293372,1.3251151759060922,4.841482200608992
7,7,cross_fitted,18,1,9.69876,9.243337932934145,1.0723124843789085,7.594681213744481,10.891994652123808,2.62464,4.254429923888187,0.8856980191586729,2.7586110480097625,5.750248799766612
7,7,cross_fitted,19,4,6.43094,7.223011200135822,0.9498359662288834,5.620868461380724,8.82515393889092,3.48185,3.8091210444146095,1.0182123893699053,2.010893239907961,5.607348848921259
7,7,cross_fitted,20,0,3.52219,3.828524195000816,1.0665477389784122,2.2872451661188573,5.369803223882775,0.818414,1.0783715160718903,0.951300995869712,-0.7036265555747643,2.860369587718545
7,7,cross_fitted,21,2,9.13885,7.251231026644759,0.9991813144344666,5.692975636087012,8.809486417202505,4.67367,3.0149950304654642,0.569565992819092,1.9961150898968123,4.033874971034116
7,7,cross_fitted,22,0,9.41684,10.345070136326408,1.1902121603967084,8.625082389226726,12.065057883426089,4.79881,5.267732127617634,0.9902982139994762,3.4126836042122375,7.122780651023032
7,7,cross_fitted,23,4,10.4214,10.198335564165527,0.8738202762166146,8.724412844566102,11.672258283764952,4.62972,4.702475161785154,0.8537666342253301,3.1946690142149925,6.210281309355315
7,7,cross_fitted,24,2,6.13089,6.0724630654360485,1.1159709142741783,4.332070538322343,7.812855592549754,2.87931,2.5939801336619315,0.699562997981072,1.3425523539254824,3.8454079133983807
7,7,cross_fitted,25,4,9.89993,8.598458039984434,0.7004877940864699,7.416905147922463,9.780010932046407,4.92915,4.2443077688461095,0.8074381871763922,2.8183206037326123,5.670294933959607
7,7,cross_fitted,26,3,9.44702,8.917605698872322,0.873292564145547,7.388693867721114,10.446517530023531,4.90717,4.553855952993299,0.7505765200440236,3.2738950609958684,5.8338168449907295
7,7,cross_fitted,27,0,9.24319,9.812542191172675,0.9433985179127579,8.449227359217755,11.175857023127595,4.70238,4.860104817901243,0.8262259547363733,3.312400080413214,6.407809555389273
7,7,cross_fitted,28,4,4.51178,4.962771727040467,0.8268667501309664,3.568048209778829,6.357495244302105,1.28971,2.045275338400568,0.9755483393397499,0.3223949582800678,3.7681557185210686
7,7,cross_fitted,29,1,4.87314,5.34760659459209,1.1067807939274776,3.6459556121030747,7.0492575770811055,3.65188,2.8018544770872276,0.991702795363535,1.1270085042179785,4.476700449956477
7,7,cross_fitted,30,0,5.15189,4.250592718398499,0.939719667311827,2.8925942310143666,5.6085912057826315,1.87265,2.217491726669349,0.7445813554279177,0.8227254588767281,3.61225799446197
7,7,cross_fitted,31,2,4.72427,5.241700725531537,1.014777549178601,3.659122505361822,6.824278945701252,1.19283,1.8981971370318123,0.47214533662527347,1.0535901580591036,2.742804116004521
7,7,cross_fitted,32,1,7.18726,7.425017909600634,1.1070227084248125,5.722994988924468,9.127040830276801,2.49718,2.9354196662530523,1.0471603046232785,1.1669137919664718,4.7039255405396325
7,7,cross_fitted,33,2,8.02499,8.419638267707244,0.907895056578252,7.00374673177062,9.835529803643867,3.59119,3.173038261889129,0.5750292930188985,2.14438518343467,4.201691340343588
7,7,cross_fitted,34,1,7.56027,7.869331665599087,0.9615565983966172,6.390959670568232,9.347703660629943,3.10434,3.4361303044546285,0.8528858999681538,1.9957264641538754,4.876534144755381
7,7,cross_fitted,35,1,9.24725,9.549248815106777,0.9298448335401563,8.119632956901325,10.978864673312229,4.71931,4.731835608970403,0.8085743442947388,3.3662677285138343,6.097403489426972
7,7,cross_fitted,36,0,8.31567,8.884169081720266,1.0438595744587782,7.375676951070758,10.392661212369774,3.48547,4.673124491444457,0.9286772369300832,2.9335057455620515,6.412743237326863
7,7,cross_fitted,37,3,5.32822,6.036822786850344,1.0065911087542128,4.274539311081011,7.799106262619677,1.79646,2.571556091311496,0.8752818117487426,1.0789348080753278,4.064177374547664
7,7,cross_fitted,38,2,8.94641,8.405136828576904,0.9094715820567042,6.9867866504602665,9.82348700669354,4.8242,3.980817226412447,0.4616833042292138,3.1549254711018193,4.806708981723075
7,7,cross_fitted,39,4,5.11392,4.759079467212331,0.9368670407934192,3.178812157957317,6.339346776467345,2.99086,2.6447603302639475,0.976099608372912,0.9209063739882708,4.368614286539624
7,7,cross_fitted,40,3,6.83197,7.795105955149728,0.9646799666733152,6.106198165393751,9.484013744905704,2.06786,3.69963666777838,0.8445632183817043,2.2593999144561967,5.139873421100564
7,7,cross_fitted,41,1,7.13367,8.117879856762835,1.0823108283930516,6.453850904870655,9.781908808655016,4.48825,4.009830152208612,0.8942200755456822,2.4996187265793166,5.520041577837907
7,7,cross_fitted,42,0,9.10706,8.645957751435798,0.9835519188454959,7.224616829757789,10.067298673113807,3.13065,4.185387296700643,0.86273620343318,2.5692907536163543,5.801483839784932
7,7,cross_fitted,43,3,8.02606,7.034045710298997,1.1267044263191668,5.0614745487716135,9.006616871826381,4.45854,4.204956345630191,0.9827843912648648,2.5290105193328976,5.8809021719274845
7,7,cross_fitted,44,4,4.5657,5.247900479772814,0.8747965262070396,3.7723310633868063,6.7234698961588215,1.3827,2.10949757718351,0.85297245618522,0.603093998515833,3.615901155851187
7,7,cross_fitted,45,2,5.33957,5.830610045344265,0.9890552217956431,4.288146621881765,7.373073468806766,2.71903,3.1189699899319394,0.4645432166098778,2.2879622210369686,3.9499777588269103
7,7,cross_fitted,46,1,8.14209,6.1048998770196565,1.2452014992598828,4.190430122721394,8.019369631317918,4.77519,3.4791483589303174,1.1240895217115452,1.580719900943611,5.377576816917024
7,7,cross_fitted,47,4,7.95193,7.763497559727631,0.7451872807944103,6.506547482676403,9.020447636778858,4.49069,3.855861594773919,0.7532906989730864,2.525502335830012,5.186220853717826
7,7,cross_fitted,48,3,8.27295,8.77071148261377,0.8180125039170416,7.338580892458022,10.202842072769517,3.91402,3.3710016998645296,0.8436784327415069,1.9322737747390866,4.809729624989973
7,7,cross_fitted,49,3,9.22919,9.289231161087764,0.9118564539890615,7.6928038261321126,10.885658496043416,4.0906,3.5120730130002964,0.8053654093507356,2.138680427157108,4.885465598843485
8,8,uncalibrated,0,0,9.32916,8.27029992166507,1.0192767648712022,6.59373883809931,9.94686100523083,5.16871,4.514500731575578,0.9166191669048531,3.0067963703588942,6.0222050927922615
8,8,uncalibrated,1,1,7.68631,7.497994981606162,0.9928631176414835,5.864880481487222,9.131109481725101,3.81186,3.418100138654786,0.9172797876676889,1.909309152980312,4.926891124329259
8,8,uncalibrated,2,2,4.56985,5.976845477223438,1.1084640823593213,4.153584311009274,7.800106643437601,1.39511,2.8613374654223547,0.96989796191911,1.2659972849868664,4.456677645857843
8,8,uncalibrated,3,4,9.23804,8.012568815388386,0.9520085809230826,6.4466540481681305,9.578483582608643,5.04394,4.223342670351793,0.7535926079808618,2.9837931358706546,5.462892204832932
8,8,uncalibrated,4,2,4.12091,5.8401754695849935,1.136734332387964,3.970413880076391,7.709937059093596,1.58843,2.856615618999983,1.0206149979087822,1.177853337968654,4.535377900031312
8,8,uncalibrated,5,4,9.77341,8.834674971025494,0.6986428433384533,7.68550975621655,9.983840185834438,4.68698,4.152021195551959,0.7322253918061609,2.947617604093633,5.356424787010285
8,8,uncalibrated,6,3,6.49371,5.640254984231981,0.9825065293483292,4.0241755559298795,7.256334412534082,4.19441,2.591769671746106,0.8475168086819493,1.1977285750832654,3.985810768408947
8,8,uncalibrated,7,2,9.75931,9.904735742877072,0.9236356450672036,8.385490302106621,11.423981183647523,4.70237,4.611410496888759,0.8054925422413557,3.2864931673007036,5.9363278264768145
8,8,uncalibrated,8,4,5.40848,5.7539704014173925,0.8843129267490745,4.299405076494106,7.208535726340679,2.08749,2.357339460596571,0.9970578464288946,0.7173252456175805,3.997353675575562
8,8,uncalibrated,9,3,7.599,6.908447636772574,0.9810310016388175,5.29479523557513,8.522100037970018,3.26644,3.566403128777024,0.8356783755349722,2.191834521813411,4.940971735740637
8,8,uncalibrated,10,4,8.52081,9.620104240425633,0.7222569052557579,8.432097350224954,10.808111130626312,4.5379,4.583672655540637,0.6881380634378782,3.451786266051481,5.715559045029792
8,8,uncalibrated,11,1,11.0714,10.402862743825304,1.0769671734544402,8.631409382461094,12.174316105189515,4.87105,4.430040411302635,0.9154883757634201,2.9241960359962613,5.935884786609008
8,8,uncalibrated,12,1,8.29498,8.865500009712127,0.9352431017077658,7.327162001786764,10.40383801763749,4.37633,3.700718608460158,0.8978123520048789,2.2239487049431017,5.177488511977215
8,8,uncalibrated,13,3,10.3345,9.246476425824813,1.0157035016320821,7.575792837257973,10.917160014391653,3.57985,3.855420681647353,0.8476535803800919,2.461154615560758,5.249686747733948
8,8,uncalibrated,14,3,4.75967,4.8490724869413295,1.0412225594623257,3.136413783546029,6.56173119033663,1.19214,1.5617224550537436,0.8443196969953796,0.17294013914432615,2.9505047709631613
8,8,uncalibrated,15,3,10.9876,10.037634603301596,1.0063963413870276,8.382259931020453,11.693009275582739,5.00077,4.63032534299221,0.7795843509856967,3.3480231957587776,5.912627490225642
8,8,uncalibrated,16,1,8.9389,8.420907799142627,1.0070032316954374,6.764534881136534,10.07728071714872,4.29166,3.5983926405550295,0.8776567607828127,2.15477573436294,5.042009546747119
8,8,uncalibrated,17,0,7.51834,7.236165570559726,1.1230775937584967,5.388867317118132,9.08346382400132,2.25668,2.8254141701675013,1.0271706266364184,1.1358688394465726,4.5149595008884305
8,8,uncalibrated,18,3,9.69876,9.008040865763334,1.0354365883399514,7.304899237954107,10.711182493572561,2.62464,4.292917767640254,0.8406831092853203,2.9101171062154543,5.6757184290650535
8,8,uncalibrated,19,4,6.43094,7.475840550641517,0.6567018284672814,6.395662166261446,8.556018935021587,3.48185,4.300673340363565,0.8115222701662795,2.9658379909286676,5.635508689798462
8,8,uncalibrated,20,4,3.52219,3.38948497447573,0.8158140742581976,2.0475902355140763,4.731379713437383,0.818414,0.9510276388897432,0.8800506132112076,-0.49652680415157824,2.398582081931065
8,8,uncalibrated,21,4,9.13885,7.444028642057345,0.7164055155345925,6.2656464314622315,8.62241085265246,4.67367,3.032046663885878,0.6654998008654854,1.9373969026968023,4.126696425074954
8,8,uncalibrated,22,0,9.41684,9.855176194033382,1.0384151496721392,8.147135268813809,11.563217119252954,4.79881,4.546445800825407,0.9602331381136341,2.9670028408802027,6.125888760770612
8,8,uncalibrated,23,0,10.4214,10.278141852499763,1.0378331461589323,8.571058237869787,11.98522546712974,4.62972,4.9147083839083585,0.9027562973151434,3.429806414016264,6.399610353800453
8,8,uncalibrated,24,2,6.13089,6.360623200428426,1.0995057572539668,4.552097167755215,8.169149233101638,2.87931,2.920347791923838,0.9277970292751567,1.394257483245796,4.44643810060188
8,8,uncalibrated,25,2,9.89993,9.091410990009766,0.9249760790876046,7.569960731479169,10.612861248540364,4.92915,4.494091507231813,0.7932561183336717,3.1893013038892275,5.798881710574399
8,8,uncalibrated,26,4,9.44702,9.073590878145943,0.5723896291379371,8.132093720629,10.015088035662886,4.90717,4.735048684802782,0.6290195016087787,3.7004036761583756,5.76969369344719
8,8,uncalibrated,27,3,9.24319,9.730561644322442,0.9573420331381098,8.155874128882127,11.305249159762758,4.70238,5.058294900056424,0.7769076038009609,3.7803956101382368,6.336194189974611
8,8,uncalibrated,28,2,4.51178,5.377453174644234,0.9901223416541352,3.748846849848746,7.006059499439722,1.28971,2.0079587022025303,0.9995823077168302,0.36379211791798016,3.65212528648708
8,8,uncalibrated,29,3,4.87314,5.412542227978172,1.0423692906248752,3.697997319671013,7.12708713628533,3.65188,2.870675314805555,0.8468366137959835,1.4777530391679288,4.263597590443181
8,8,uncalibrated,30,1,5.15189,4.8261850075671,0.9148224053955007,3.3214360560358407,6.330933959098358,1.87265,2.4539627488123963,0.8852280949059114,0.9978921062270665,3.910033391397726
8,8,uncalibrated,31,1,4.72427,5.347628409743862,1.0096548535932963,3.686893961841772,7.0083628576459525,1.19283,2.3275012510114728,0.9650941165850903,0.7400626929969607,3.914939809025985
8,8,uncalibrated,32,1,7.18726,6.9860016294815965,0.9978555781508318,5.344675262586444,8.62732799637675,2.49718,2.4100457879318644,1.0225276918921284,0.7281374052647802,4.091954170598949
8,8,uncalibrated,33,0,8.02499,8.410748864352204,0.9605812121527196,6.830733373561362,9.990764355143046,3.59119,3.4152022796370165,0.8348759241379383,2.041953587764267,4.788450971509766
8,8,uncalibrated,34,3,7.56027,7.637961902750458,0.8349204090235407,6.2646400397522815,9.011283765748635,3.10434,3.179460887445626,0.6931226153357075,2.039375639688598,4.319546135202654
8,8,uncalibrated,35,3,9.24725,9.623928255031252,0.9667803434079252,8.033716100711338,11.214140409351167,4.71931,4.859186619167116,0.8382286145650064,3.480423242285358,6.237949996048874
8,8,uncalibrated,36,0,8.31567,8.772786652252607,1.0859650763701425,6.986533057642546,10.559040246862669,3.48547,4.448618119588848,0.9260323890258637,2.92543038582512,5.971805853352576
8,8,uncalibrated,37,2,5.32822,6.404127903211155,1.1153933739497803,4.5694690665922195,8.23878673983009,1.79646,2.593658532632852,0.92918062487299,1.0652924117174798,4.122024653548224
8,8,uncalibrated,38,1,8.94641,8.387224281577721,0.9313221902501628,6.855335599084352,9.91911296407109,4.8242,3.9088629166204805,0.8863218442398191,2.450993216476297,5.366732616764664
8,8,uncalibrated,39,1,5.11392,4.364674191250273,1.0505237711096356,2.636716356141852,6.092632026358695,2.99086,2.551891153252562,0.9579952876037722,0.9761291298350794,4.127653176670044
8,8,uncalibrated,40,4,6.83197,7.44485053988101,0.7451456587183708,6.219195000530954,8.670506079231066,2.06786,3.8130274584595805,0.7714001777154751,2.5441870783132714,5.0818678386058895
8,8,uncalibrated,41,4,7.13367,7.703316465403328,0.8393784598430688,6.3226617613455165,9.08397116946114,4.48825,3.7932726901747706,0.8848452604928697,2.337831754162254,5.248713626187287
8,8,uncalibrated,42,2,9.10706,8.973047734855635,0.9075903820327524,7.480194403182791,10.46590106652848,3.13065,4.022664389701865,0.869390148356856,2.5926448509412126,5.452683928462518
8,8,uncalibrated,43,2,8.02606,7.422796212404127,1.1671741438692445,5.502965588576822,9.342626836231432,4.45854,4.043145249822162,0.977292071328735,2.4356428417061764,5.650647657938148
8,8,uncalibrated,44,0,4.5657,5.460466563486854,1.0258437829821425,3.7731036963630586,7.147829430610649,1.3827,1.958043293066737,0.8672611646590836,0.5315256208630861,3.384560965270388
8,8,uncalibrated,45,0,5.33957,5.898962806438496,0.8860864867999696,4.441480234832879,7.356445378044112,2.71903,2.981204263689886,0.8092399209072156,1.6501230447117303,4.312285482668042
8,8,uncalibrated,46,1,8.14209,5.968751112762844,1.151648132959197,4.074458504293018,7.863043721232669,4.77519,3.875537746530817,0.9410770842390549,2.3276036912792923,5.423471801782342
8,8,uncalibrated,47,2,7.95193,7.637225450617608,0.995075893623175,6.000471257899552,9.273979643335664,4.49069,3.748668033747401,0.8638470746921754,2.327766039808558,5.169570027686245
8,8,uncalibrated,48,0,8.27295,8.89996617084543,0.8876795003955673,7.43986332504931,10.360069016641548,3.91402,3.588929365430442,0.83645296336397,2.2130866748669096,4.964772055993975
8,8,uncalibrated,49,0,9.22919,9.489958670976893,0.9675592429139624,7.898465340979442,11.081452000974345,4.0906,3.5711776811732676,0.8699301055877442,2.14026999180299,5.002085370543545
8,8,holdout,0,0,9.32916,8.369358239009108,0.7254746039613096,6.8013696683909295,9.937346809627286,5.16871,4.413476765429644,0.6991360628418124,3.2920634711745507,5.534890059684738
8,8,holdout,1,1,7.68631,7.288371622078308,1.1699445678603873,5.953080574267734,8.623662669888882,3.81186,2.87432269476375,1.2387998143522543,0.8196387747010472,4.929006614826452
8,8,holdout,2,2,4.56985,6.343585433545581,1.1149985376101539,4.46154092801289,8.22562993907827,1.39511,3.3392156601326324,1.0373581126534457,1.2639454952462388,5.414485825019026
8,8,holdout,3,4,9.23804,8.416472545527247,1.0369829194330387,7.384674903568513,9.448270187485981,5.04394,4.511804416566694,0.8013380598839874,3.2105206560962336,5.813088177037153
8,8,holdout,4,2,4.12091,5.622564626901337,1.1283018485878118,3.7180650037282605,7.527064250074413,1.58843,2.7592422746388783,1.054600927304026,0.6494772729487459,4.869007276329011
8,8,holdout,5,4,9.77341,8.676770818361055,0.6664756045961527,8.013627825011358,9.339913811710751,4.68698,4.349057644876456,0.5979218508872437,3.378099152398695,5.320016137354218
8,8,holdout,6,3,6.49371,6.224334222596716,1.1689057071437996,4.407136281391283,8.041532163802149,4.19441,2.7400241850147613,1.0742621097276155,1.3448920829768152,4.135156287052707
8,8,holdout,7,2,9.75931,9.778245343200979,0.9089778716088054,8.2439502287169,11.312540457685058,4.70237,4.399259559138285,0.8524821555223211,2.693840030554971,6.104679087721599
8,8,holdout,8,4,5.40848,6.597250561068412,1.182684912026314,5.420479487465668,7.774021634671156,2.08749,3.033705156166109,1.0805465586681915,1.2790178904311895,4.788392421901028
8,8,holdout,9,3,7.599,6.98127491345951,0.9893575862575834,5.443205112041316,8.519344714877704,3.26644,3.5812941800826645,0.8264132987814505,2.508040537195254,4.654547822970075
8,8,holdout,10,4,8.52081,9.583266624267749,0.6415859726965141,8.944888805948427,10.22164444258707,4.5379,4.636096472127863,0.6210645291637956,3.627556847637691,5.644636096618036
8,8,holdout,11,1,11.0714,10.006550376984226,1.3070170930646217,8.514814553212398,11.498286200756054,4.87105,4.149270969235426,1.0665333239298826,2.3803097169804817,5.91823222149037
8,8,holdout,12,1,8.29498,8.598830067728645,1.0325137672069131,7.420392705850927,9.777267429606365,4.37633,3.3340040482953253,1.0096095991023277,1.659456970726392,5.008551125864258
8,8,holdout,13,3,10.3345,8.84928929254882,1.343024346752924,6.7614039627119045,10.937174622385735,3.57985,4.17836682031482,1.0223822733628452,2.8506104774194156,5.5061231632102245
8,8,holdout,14,3,4.75967,5.105320490921084,1.1347330456310558,3.3412478700618102,6.869393111780358,1.19214,1.6601509233780396,0.97623912901494,0.392320162317646,2.927981684438433
8,8,holdout,15,3,10.9876,9.765778551039055,0.943165445712878,8.299519728200833,11.232037373877278,5.00077,4.625190832783083,0.7152777329723641,3.696267697445381,5.554113968120785
8,8,holdout,16,1,8.9389,8.389068285581564,1.0758462836966094,7.161174288802233,9.616962282360895,4.29166,3.7811817963042227,0.9470970704502709,2.2103185310314677,5.352045061576978
8,8,holdout,17,0,7.51834,6.432808837359998,0.9408812464741525,4.399255860143533,8.466361814576462,2.25668,2.6149465783544863,1.1069912023171193,0.8393341948995541,4.390558961809418
8,8,holdout,18,3,9.69876,8.465616062420098,1.217875854448267,6.572288412617684,10.358943712222512,2.62464,4.244063773388592,0.9686868985135433,2.986041009016418,5.502086537760766
8,8,holdout,19,4,6.43094,6.796721068825522,1.061722237211133,5.7403078143347495,7.8531343233162945,3.48185,3.6844957062669286,0.9033295391494486,2.217589142739144,5.151402269794714
8,8,holdout,20,4,3.52219,3.4009640925296427,1.1032543865033686,2.3032263640266692,4.498701821032617,0.818414,0.9908921348884627,0.8730759368087847,-0.4268859479237841,2.4086702177007098
8,8,holdout,21,4,9.13885,7.451485749120089,0.8953619665499203,6.560600905721858,8.34237059251832,4.67367,2.8862657982263538,0.8024367173638414,1.5831979403712515,4.189333656081456
8,8,holdout,22,0,9.41684,9.542604166253199,1.1061425194035601,7.151867373498318,11.93334095900808,4.79881,4.185768073017958,0.86105601538505,2.804635395029365,5.566900751006552
8,8,holdout,23,0,10.4214,10.547481294458823,0.9264752776581311,8.545064340927908,12.549898247989738,4.62972,4.65197968063674,0.8491128818185288,3.290003772651,6.01395558862248
8,8,holdout,24,2,6.13089,6.343647898687707,1.1392032431071464,4.420747435544264,8.26654836183115,2.87931,2.7184321709173584,0.9633701410081149,0.7911774582100244,4.645686883624693
8,8,holdout,25,2,9.89993,8.831959647210207,0.9265698211226698,7.267970474117638,10.395948820302776,4.92915,4.347182278195447,0.844517095222471,2.6576971234799185,6.036667432910976
8,8,holdout,26,4,9.44702,8.976770210457245,0.6613771124650368,8.318700214993866,9.634840205920623,4.90717,4.841044023602347,0.7342694801527438,3.6486721668728883,6.033415880331805
8,8,holdout,27,3,9.24319,10.033838221352202,0.8539315467945509,8.706303725385771,11.361372717318632,4.70238,5.213995375108038,0.6540374831566304,4.364604262431376,6.063386487784699
8,8,holdout,28,2,4.51178,5.625948227065569,0.9025120106784679,4.102567062355418,7.14932939177572,1.28971,2.369207010938635,0.9950907391729397,0.37849416339739284,4.359919858479877
8,8,holdout,29,3,4.87314,6.136290922036364,0.9920928988109939,4.593968763639987,7.678613080432742,3.65188,3.247356283754142,0.7425607374438008,2.2830010178093225,4.211711549698961
8,8,holdout,30,1,5.15189,5.207584812253602,1.0471205032426987,4.012476366632159,6.402693257875045,1.87265,2.816971803081188,0.8944831090754123,1.3333745021355656,4.30056910402681
8,8,holdout,31,1,4.72427,5.321575325583717,1.2122499276254326,3.9379999660882046,6.705150685079229,1.19283,2.3967820105314313,1.1037606295691884,0.5660752321647189,4.227488788898143
8,8,holdout,32,1,7.18726,7.153341048707939,1.0806845480017582,5.9199250031144315,8.386757094301448,2.49718,2.8558320693675983,1.1107495229331463,1.0135334529592683,4.698130685775928
8,8,holdout,33,0,8.02499,8.53032137575476,0.6136879093999409,7.20394051747045,9.85670223403907,3.59119,3.459607417922489,0.6576780091631801,2.404692785401683,4.514522050443295
8,8,holdout,34,3,7.56027,7.512884284787524,1.0154997907713248,5.934173429150319,9.09159514042473,3.10434,3.4749957767728095,0.7982494163497762,2.4383182507777788,4.51167330276784
8,8,holdout,35,3,9.24725,9.21657277783758,0.9864326911917268,7.683050061149517,10.750095494525644,4.71931,4.598650637994004,0.7842309516102274,3.58017873426037,5.617122541727639
8,8,holdout,36,0,8.31567,9.132117246795712,0.9510682305186012,7.076546855787576,11.187687637803847,3.48547,4.401264259385357,0.8700652130091985,3.005680840656506,5.796847678114208
8,8,holdout,37,2,5.32822,6.866928063076054,1.0800135737532226,5.043935885221141,8.689920240930968,1.79646,3.5050327229165523,1.0014223589184519,1.5016532548582573,5.508412190974847
8,8,holdout,38,1,8.94641,8.351551735692949,1.021527716265276,7.1856530665671325,9.517450404818765,4.8242,4.095206045407299,0.9188131014814241,2.5712548118950833,5.619157278919515
8,8,holdout,39,1,5.11392,4.432849495213327,1.1396142947889705,3.1321752516706507,5.733523738756004,2.99086,2.813518268551738,0.9882860148189294,1.1743386694386433,4.452697867664833
8,8,holdout,40,4,6.83197,7.349329765878749,0.820724435497042,6.53270923975981,8.165950291997689,2.06786,3.262431779343591,0.7634418991182838,2.022687163283328,4.502176395403854
8,8,holdout,41,4,7.13367,7.870561597815643,0.9672642557105527,6.908134001863746,8.832989193767538,4.48825,3.9925778257619386,0.8533943410680245,2.6067604624009855,5.378395189122892
8,8,holdout,42,2,9.10706,9.117042689728208,0.9292955354060713,7.5484526894437725,10.685632690012644,3.13065,4.185142828991516,0.8889416036591565,2.406784935128483,5.963500722854549
8,8,holdout,43,2,8.02606,6.771817698899938,1.1567498237160772,4.819299756888132,8.724335640911745,4.45854,3.806059938363179,0.9968564341574973,1.8118147579881296,5.800305118738228
8,8,holdout,44,0,4.5657,5.488735084234287,1.0104696416683419,3.3047787604136056,7.672691408054969,1.3827,2.0579053893788695,1.0389443847261792,0.3914400088235679,3.724370769934171
8,8,holdout,45,0,5.33957,6.22788500651257,0.6747187947046188,4.769596387308834,7.686173625716306,2.71903,3.134603503800671,0.5892191786620721,2.189496742327234,4.079710265274109
8,8,holdout,46,1,8.14209,6.249320178382822,1.1595270269499915,4.925918966637979,7.572721390127666,4.77519,3.890561656415072,0.9728628850166189,2.2769629917150302,5.504160321115114
8,8,holdout,47,2,7.95193,7.270428449934078,1.0401268894753999,5.514762382793079,9.026094517075078,4.49069,3.4263948031393476,0.9029831944868735,1.6199462295420362,5.232843376736659
8,8,holdout,48,0,8.27295,8.844420935688152,0.5900729206820935,7.569079813602295,10.11976205777401,3.91402,3.329093606924327,0.7392743408130363,2.1432985693752657,4.5148886444733884
8,8,holdout,49,0,9.22919,9.49421978085337,0.7080468054580242,7.96389839901751,11.024541162689232,4.0906,3.6722788259256434,0.6808819232422769,2.580145146769934,4.764412505081353
8,8,cross_fitted,0,0,9.32916,8.27029992166507,1.0192767648712022,6.319109383583174,10.221490459746963,5.16871,4.514500731575578,0.9166191669048531,3.026081090272111,6.002920372879045
8,8,cross_fitted,1,1,7.68631,7.497994981606162,0.9928631176414835,5.9586221571142906,9.037367806098034,3.81186,3.418100138654786,0.9172797876676889,1.7652759593128462,5.070924317996726
8,8,cross_fitted,2,2,4.56985,5.976845477223438,1.1084640823593213,4.335187699612968,7.618503254833907,1.39511,2.8613374654223547,0.96989796191911,0.9800365016843746,4.742638429160335
8,8,cross_fitted,3,4,9.23804,8.012568815388386,0.9520085809230826,6.676970477388879,9.348167153387893,5.04394,4.223342670351793,0.7535926079808618,3.0008217242246933,5.445863616478894
8,8,cross_fitted,4,2,4.12091,5.8401754695849935,1.136734332387964,4.156648878565855,7.523702060604132,1.58843,2.856615618999983,1.0206149979087822,0.8769393493725968,4.836291888627369
8,8,cross_fitted,5,4,9.77341,8.834674971025494,0.6986428433384533,7.8545302127573144,9.814819729293674,4.68698,4.152021195551959,0.7322253918061609,2.964163367212051,5.339879023891867
8,8,cross_fitted,6,3,6.49371,5.640254984231981,0.9825065293483292,3.543363024999669,7.7371469434642925,4.19441,2.591769671746106,0.8475168086819493,0.8725154273515101,4.311023916140702
8,8,cross_fitted,7,2,9.75931,9.904735742877072,0.9236356450672036,8.536812627880447,11.272658857873697,4.70237,4.611410496888759,0.8054925422413557,3.0490050114663645,6.173815982311153
8,8,cross_fitted,8,4,5.40848,5.7539704014173925,0.8843129267490745,4.513344109906089,6.994596692928696,2.08749,2.357339460596571,0.9970578464288946,0.7398553068896696,3.9748236143034728
8,8,cross_fitted,9,3,7.599,6.908447636772574,0.9810310016388175,4.814704788612075,9.002190484933074,3.26644,3.566403128777024,0.8356783755349722,1.8711640734930433,5.261642184061005
8,8,cross_fitted,10,4,8.52081,9.620104240425633,0.7222569052557579,8.606830682184254,10.633377798667011,4.5379,4.583672655540637,0.6881380634378782,3.467335807924544,5.70000950315673
8,8,cross_fitted,11,1,11.0714,10.402862743825304,1.0769671734544402,8.733091785242644,12.072633702407964,4.87105,4.430040411302635,0.9154883757634201,2.780444133578439,6.07963668902683
8,8,cross_fitted,12,1,8.29498,8.865500009712127,0.9352431017077658,7.415463454338455,10.3155365650858,4.37633,3.700718608460158,0.8978123520048789,2.082972328801464,5.318464888118852
8,8,cross_fitted,13,3,10.3345,9.246476425824813,1.0157035016320821,7.07873459214044,11.414218259509187,3.57985,3.855420681647353,0.8476535803800919,2.1358889851478127,5.574952378146893
8,8,cross_fitted,14,3,4.75967,4.8490724869413295,1.0412225594623257,2.626867191108858,7.071277782773802,1.19214,1.5617224550537436,0.8443196969953796,-0.15104619780965067,3.2744911079171377
8,8,cross_fitted,15,3,10.9876,10.037634603301596,1.0063963413870276,7.889756362273534,12.185512844329658,5.00077,4.63032534299221,0.7795843509856967,3.04887741114506,6.211773274839359
8,8,cross_fitted,16,1,8.9389,8.420907799142627,1.0070032316954374,6.859611602815191,9.982203995470064,4.29166,3.5983926405550295,0.8776567607828127,2.0169642313745104,5.179821049735549
8,8,cross_fitted,17,0,7.51834,7.236165570559726,1.1230775937584967,5.086270223195203,9.386060917924251,2.25668,2.8254141701675013,1.0271706266364184,1.1574794478136825,4.49334889252132
8,8,cross_fitted,18,3,9.69876,9.008040865763334,1.0354365883399514,6.798184145701554,11.217897585825114,2.62464,4.292917767640254,0.8406831092853203,2.5875262178520844,5.998309317428423
8,8,cross_fitted,19,4,6.43094,7.475840550641517,0.6567018284672814,6.5545359655382,8.397145135744834,3.48185,4.300673340363565,0.8115222701662795,2.9841755894300954,5.617171091297034
8,8,cross_fitted,20,4,3.52219,3.38948497447573,0.8158140742581976,2.2449575578852605,4.534012391066199,0.818414,0.9510276388897432,0.8800506132112076,-0.4766407019467729,2.3786959797262592
8,8,cross_fitted,21,4,9.13885,7.444028642057345,0.7164055155345925,6.438964155186939,8.449093128927752,4.67367,3.032046663885878,0.6654998008654854,1.9524348980786799,4.111658429693076
8,8,cross_fitted,22,0,9.41684,9.855176194033382,1.0384151496721392,7.867349251959213,11.84300313610755,4.79881,4.546445800825407,0.9602331381136341,2.9872051536710647,6.10568644797975
8,8,cross_fitted,23,0,10.4214,10.278141852499763,1.0378331461589323,8.291429033485432,12.264854671514094,4.62972,4.9147083839083585,0.9027562973151434,3.448799473481082,6.380617294335635
8,8,cross_fitted,24,2,6.13089,6.360623200428426,1.0995057572539668,4.732232883909042,7.989013516947811,2.87931,2.920347791923838,0.9277970292751567,1.120709568254532,4.719986015593144
8,8,cross_fitted,25,2,9.89993,9.091410990009766,0.9249760790876046,7.721502665054619,10.461319314964914,4.92915,4.494091507231813,0.7932561183336717,2.9554208856755952,6.032762128788031
8,8,cross_fitted,26,4,9.44702,9.073590878145943,0.5723896291379371,8.270570135808171,9.876611620483715,4.90717,4.735048684802782,0.6290195016087787,3.7146173428612084,5.755480026744356
8,8,cross_fitted,27,3,9.24319,9.730561644322442,0.9573420331381098,7.687376432256828,11.773746856388057,4.70238,5.058294900056424,0.7769076038009609,3.4822769595809913,6.634312840531857
8,8,cross_fitted,28,2,4.51178,5.377453174644234,0.9901223416541352,3.9110619141329206,6.843844435155548,1.28971,2.0079587022025303,0.9995823077168302,0.06907932243542159,3.9468380819696387
8,8,cross_fitted,29,3,4.87314,5.412542227978172,1.0423692906248752,3.1878895475407893,7.6371949084155535,3.65188,2.870675314805555,0.8468366137959835,1.1528008990264302,4.588549730584679
8,8,cross_fitted,30,1,5.15189,4.8261850075671,0.9148224053955007,3.4078094781714845,6.244560536962714,1.87265,2.4539627488123963,0.8852280949059114,0.8588917364951039,4.049033761129689
8,8,cross_fitted,31,1,4.72427,5.347628409743862,1.0096548535932963,3.7822210377489403,6.913035781738785,1.19283,2.3275012510114728,0.9650941165850903,0.5885215932471524,4.066480908775793
8,8,cross_fitted,32,1,7.18726,6.9860016294815965,0.9978555781508318,5.438888303908674,8.533114955054518,2.49718,2.4100457879318644,1.0225276918921284,0.567577965215283,4.252513610648446
8,8,cross_fitted,33,0,8.02499,8.410748864352204,0.9605812121527196,6.571918590958832,10.249579137745576,3.59119,3.4152022796370165,0.8348759241379383,2.059518514334213,4.77088604493982
8,8,cross_fitted,34,3,7.56027,7.637961902750458,0.8349204090235407,5.856052225832958,9.419871579667959,3.10434,3.179460887445626,0.6931226153357075,1.7734073601355922,4.58551441475566
8,8,cross_fitted,35,3,9.24725,9.623928255031252,0.9667803434079252,7.560599546385883,11.68725696367662,4.71931,4.859186619167116,0.8382286145650064,3.158774204214404,6.559599034119828
8,8,cross_fitted,36,0,8.31567,8.772786652252607,1.0859650763701425,6.6939353973939175,10.851637907111296,3.48547,4.448618119588848,0.9260323890258637,2.944913150202864,5.952323088974832
8,8,cross_fitted,37,2,5.32822,6.404127903211155,1.1153933739497803,4.752207704279288,8.056048102143022,1.79646,2.593658532632852,0.92918062487299,0.7913365630089955,4.395980502256709
8,8,cross_fitted,38,1,8.94641,8.387224281577721,0.9313221902501628,6.943266856788948,9.831181706366493,4.8242,3.9088629166204805,0.8863218442398191,2.3118211039328687,5.505904729308092
8,8,cross_fitted,39,1,5.11392,4.364674191250273,1.0505237711096356,2.7359020916577554,5.993446290842791,2.99086,2.551891153252562,0.9579952876037722,0.8257027030816948,4.278079603423429
8,8,cross_fitted,40,4,6.83197,7.44485053988101,0.7451456587183708,6.399465736325115,8.490235343436906,2.06786,3.8130274584595805,0.7714001777154751,2.561618056196328,5.064436860722832
8,8,cross_fitted,41,4,7.13367,7.703316465403328,0.8393784598430688,6.525729941097026,8.88090298970963,4.48825,3.7932726901747706,0.8848452604928697,2.357826198824241,5.2287191815253005
8,8,cross_fitted,42,2,9.10706,8.973047734855635,0.9075903820327524,7.6288879796949445,10.317207490016326,3.13065,4.022664389701865,0.869390148356856,2.33631738394904,5.709011395454691
8,8,cross_fitted,43,2,8.02606,7.422796212404127,1.1671741438692445,5.6941876434819445,9.15140478132631,4.45854,4.043145249822162,0.977292071328735,2.147502009159724,5.9387884904846
8,8,cross_fitted,44,0,4.5657,5.460466563486854,1.0258437829821425,3.496704853331692,7.424228273642016,1.3827,1.958043293066737,0.8672611646590836,0.5497718994223006,3.3663146867111733
8,8,cross_fitted,45,0,5.33957,5.898962806438496,0.8860864867999696,4.202736983823184,7.5951886290538075,2.71903,2.981204263689886,0.8092399209072156,1.6671486162694216,4.29525991111035
8,8,cross_fitted,46,1,8.14209,5.968751112762844,1.151648132959197,4.183191947804173,7.7543102777215145,4.77519,3.875537746530817,0.9410770842390549,2.1798337962564625,5.571241696805172
8,8,cross_fitted,47,2,7.95193,7.637225450617608,0.995075893623175,6.163497879217932,9.110953022017284,4.49069,3.748668033747401,0.8638470746921754,2.0730728701850687,5.424263197309734
8,8,cross_fitted,48,0,8.27295,8.89996617084543,0.8876795003955673,7.200690859453476,10.599241482237382,3.91402,3.588929365430442,0.83645296336397,2.230684780712245,4.947173950148639
8,8,cross_fitted,49,0,9.22919,9.489958670976893,0.9675592429139624,7.6377704284184915,11.342146913535295,4.0906,3.5711776811732676,0.8699301055877442,2.1585724221208986,4.983782940225637
9,9,uncalibrated,0,4,9.32916,8.69783102726271,1.0086964209650098,7.038673060745445,10.356988993779975,5.16871,4.908770735977766,0.9186306279104087,3.397757815830623,6.41978365612491
9,9,uncalibrated,1,4,7.68631,7.171286626131232,0.9264081840292734,5.647480764593155,8.695092487669308,3.81186,3.190911797071837,0.8435244972632798,1.8034374683259145,4.578386125817759
9,9,uncalibrated,2,0,4.56985,6.217298249127324,1.1104013624082911,4.390850540798191,8.043745957456457,1.39511,3.0860400622993294,0.9308283056614727,1.554963747662963,4.617116376935696
9,9,uncalibrated,3,1,9.23804,7.868687754666205,1.061387068798,6.122861384954423,9.614514124377987,5.04394,4.204077283536494,0.830269747371682,2.838405078224101,5.5697494888488865
9,9,uncalibrated,4,1,4.12091,5.94306407764175,1.0832853991563423,4.161218159815867,7.724909995467632,1.58843,2.8567945551196514,0.949269155511385,1.2953857417235892,4.418203368515714
9,9,uncalibrated,5,3,9.77341,8.935817275270697,1.001044067870247,7.2892463094960664,10.582388241045328,4.68698,3.5713154215548064,0.859733717247656,2.157179298527528,4.985451544582085
9,9,uncalibrated,6,2,6.49371,5.43353302670263,0.9983314637478068,3.7914238976572783,7.075642155747982,4.19441,2.0590761840329703,0.8710572627588171,0.6263144861017091,3.4918378819642317
9,9,uncalibrated,7,0,9.75931,9.568103724026525,0.9134585911434431,8.065598047314252,11.070609400738798,4.70237,4.250875028617076,0.8727375708351355,2.8153494698520865,5.686400587382065
9,9,uncalibrated,8,2,5.40848,6.619184239128263,1.074431950375566,4.85190094864047,8.386467529616056,2.08749,3.225154979034872,0.9533235627059385,1.6570772592597105,4.7932326988100336
9,9,uncalibrated,9,2,7.599,6.7691590010627545,1.0104977460206301,5.107038118494434,8.431279883631074,3.26644,3.379068961752814,0.8231735082498322,2.0250690310977104,4.733068892407918
9,9,uncalibrated,10,3,8.52081,9.884303570441404,0.6500594390080037,8.81505094445505,10.953556196427757,4.5379,4.830057855592937,0.6939571770101481,3.688599876038791,5.971515835147083
9,9,uncalibrated,11,3,11.0714,10.809718458699512,0.9174662351643414,9.300620794183933,12.318816123215091,4.87105,5.051280018075175,0.7761318025086007,3.7746568077265206,6.32790322842383
9,9,uncalibrated,12,3,8.29498,8.511570687294705,0.8373684022861755,7.134222233699731,9.88891914088968,4.37633,3.1157515810427556,0.8144874680077917,1.776038915183619,4.455464246901892
9,9,uncalibrated,13,2,10.3345,9.403610554620062,1.023994913807711,7.71928880666359,11.087932302576535,3.57985,3.935176147587823,0.8725805004012895,2.499908946695632,5.3704433484800145
9,9,uncalibrated,14,0,4.75967,5.6083042649259625,1.0928117316274089,3.810788924583501,7.405819605268424,1.19214,2.335357410035384,0.944827972916985,0.7812536919376747,3.8894611281330933
9,9,uncalibrated,15,0,10.9876,10.18021688287334,1.0111030702307062,8.517100330582595,11.843333435164086,5.00077,4.226477501798516,0.8988562780981245,2.747990492660715,5.704964510936316
9,9,uncalibrated,16,2,8.9389,8.590774189666341,1.024094612439664,6.906288452053499,10.275259927279183,4.29166,3.5235022379222833,0.8462500843407469,2.131544717386417,4.91545975845815
9,9,uncalibrated,17,2,7.51834,6.977076207880854,1.0755353735719284,5.207977947746462,8.746174468015246,2.25668,2.6119240680322697,0.8560981323176466,1.203767950063208,4.020080186001332
9,9,uncalibrated,18,3,9.69876,9.091052789513215,0.8658884014806894,7.666793111802491,10.51531246722394,2.62464,4.490804522610925,0.7241871350226248,3.299622686977366,5.681986358244484
9,9,uncalibrated,19,3,6.43094,7.2756184856470485,0.6636339118845066,6.184037838715825,8.367199132578273,3.48185,4.373765432256423,0.7652138114997674,3.115100719017671,5.632430145495175
9,9,uncalibrated,20,0,3.52219,4.418797120604237,1.0521859066412296,2.6881053158381887,6.149488925370286,0.818414,2.0737000089385216,1.0245384491509772,0.38848422490130097,3.758915792975742
9,9,uncalibrated,21,0,9.13885,7.3252744213314775,0.929531026587203,5.796331940885592,8.854216901777363,4.67367,3.130309198659613,0.8638223679945716,1.7094478436219334,4.551170553697293
9,9,uncalibrated,22,4,9.41684,9.964943120207653,1.1427548659258777,8.085278634273031,11.844607606142276,4.79881,4.726579057372609,0.8471963116967794,3.3330651313382518,6.120092983406966
9,9,uncalibrated,23,2,10.4214,10.19068906922714,1.0609975740432145,8.445503361375447,11.935874777078833,4.62972,4.528732797512361,0.9123338526096554,3.0280771510567597,6.029388443967962
9,9,uncalibrated,24,3,6.13089,5.798106865770806,0.8736222515163913,4.361126136778559,7.235087594763053,2.87931,2.46177416855348,0.7632546609323688,1.2063319712312577,3.7172163658757027
9,9,uncalibrated,25,0,9.89993,9.030686086787101,0.9281122570816395,7.50407727450825,10.557294899065953,4.92915,4.369235292242898,0.7999633545164994,3.0534126671381685,5.685057917347628
9,9,uncalibrated,26,1,9.44702,9.059524839069073,0.9739892783627194,7.457455041942308,10.661594636195838,4.90717,4.668380464988165,0.7945150192136875,3.3615195539671134,5.975241376009217
9,9,uncalibrated,27,4,9.24319,9.90772562721661,0.8764248200141342,8.466135083266071,11.34931617116715,4.70238,4.867323015402893,0.7102986352581089,3.6989857289799124,6.035660301825874
9,9,uncalibrated,28,4,4.51178,5.05938857567801,0.8276399640580179,3.6980419789871943,6.420735172368826,1.28971,1.6332029019684797,0.7851491842033405,0.34174741863362623,2.924658385303333
9,9,uncalibrated,29,4,4.87314,5.900049184405291,1.1198505833582897,4.058058890724687,7.742039478085895,3.65188,3.224363862374999,0.8033834929215118,1.9029156102101084,4.545812114539889
9,9,uncalibrated,30,1,5.15189,4.947353929443043,0.9324497983997773,3.413610496595001,6.481097362291085,1.87265,2.4033327293313973,0.741764090294515,1.1832393750681056,3.6234260835946888
9,9,uncalibrated,31,1,4.72427,5.759964108678165,1.031583324424827,4.0631605359953324,7.456767681360998,1.19283,2.3599273813387747,0.9531144904562991,0.7921935548117274,3.927661207865822
9,9,uncalibrated,32,0,7.18726,7.5141346140238845,1.0247536475483137,5.828564860122291,9.199704367925477,2.49718,3.2555289958927482,0.9505447941901951,1.6920219435891657,4.819036048196331
9,9,uncalibrated,33,4,8.02499,8.414512268929323,0.8343398769997267,7.042145296136079,9.786879241722568,3.59119,3.3212418070372545,0.7691908997515025,2.05603536576293,4.586448248311579
9,9,uncalibrated,34,2,7.56027,7.561638569073155,0.8456309822619553,6.170699380837043,8.952577757309268,3.10434,3.0242568754323016,0.6839266644098405,1.8992976209089536,4.14921612995565
9,9,uncalibrated,35,1,9.24725,9.55806094782968,1.0108120389369382,7.895423099418046,11.220698796241315,4.71931,4.595193533708714,0.8883695860682416,3.1339555979909894,6.056431469426438
9,9,uncalibrated,36,1,8.31567,8.762830141033469,1.0709694758438737,7.001242114337357,10.52441816772958,3.48547,4.396796663858414,0.9147646309809874,2.8921427427824122,5.901450584934415
9,9,uncalibrated,37,0,5.32822,6.663708456505734,1.078577488167726,4.889606363144843,8.437810549866626,1.79646,3.1397522056872447,0.9762840507915767,1.533907843807845,4.745596567566644
9,9,uncalibrated,38,1,8.94641,8.269492813154619,0.9120166432932381,6.76935892959363,9.769626696715608,4.8242,4.048396498118796,0.7807531733071698,2.7641718092506276,5.332621186986965
9,9,uncalibrated,39,2,5.11392,4.276766556025287,1.0985721345858446,2.4697761959839406,6.083756916066634,2.99086,1.9317111256221344,0.8826481200214022,0.47988416408303314,3.3835380871612357
9,9,uncalibrated,40,4,6.83197,7.2720798437111025,0.8830367872037659,5.819613581547413,8.724546105874792,2.06786,3.9473639778834806,0.7137353066029203,2.7733738701343467,5.121354085632614
9,9,uncalibrated,41,1,7.13367,7.568134444531642,1.0743964474746506,5.800909551119187,9.335359337944098,4.48825,3.4977324054479655,0.9088687854298835,2.0027762873106427,4.992688523585288
9,9,uncalibrated,42,3,9.10706,9.088162786917152,0.7242344322451159,7.896903154275634,10.27942241955867,3.13065,4.119807448982266,0.8480430741715616,2.7249007226200974,5.5147141753444355
9,9,uncalibrated,43,2,8.02606,7.169804062910365,1.051123804862224,5.440859260107705,8.898748865713024,4.45854,4.060742966116197,0.9144217084178483,2.5566531024619383,5.564832829770456
9,9,uncalibrated,44,0,4.5657,5.732177885413337,0.9774171202357218,4.124469790149147,7.339885980677527,1.3827,2.509657040800204,0.9820898270723413,0.89426302674812,4.125051054852288
9,9,uncalibrated,45,1,5.33957,6.279486695926412,0.9376107675090266,4.737254224320436,7.821719167532388,2.71903,3.258313033716547,0.835875052842318,1.8834209213706075,4.633205146062487
9,9,uncalibrated,46,3,8.14209,6.111988080102812,0.7346547270212093,4.903588587804933,7.320387572400691,4.77519,4.005260606078164,0.8019360604775501,2.6861931684184914,5.324328043737838
9,9,uncalibrated,47,3,7.95193,7.821520928683516,0.7521258249919757,6.584384037521597,9.058657819845436,4.49069,3.608179498985985,0.6797249431063207,2.4901314609881706,4.726227536983799
9,9,uncalibrated,48,4,8.27295,9.110787030779742,0.7364347345831967,7.899459686587527,10.322114374971957,3.91402,3.434922387756009,0.6733502137088824,2.327359846528405,4.542484928983613
9,9,uncalibrated,49,4,9.22919,9.908332708080072,0.7617937319228331,8.655293525137903,11.161371891022242,4.0906,3.546553299057864,0.6685766576302834,2.4468425588596,4.646264039256128
9,9,holdout,0,4,9.32916,7.874689117580712,1.1078169662651083,6.091670409192864,9.657707825968561,5.16871,4.2622863887594145,1.0063539578377503,3.134185012383461,5.390387765135368
9,9,holdout,1,4,7.68631,7.704580154504514,1.1779691809919044,5.808652260663023,9.600508048346004,3.81186,3.3617690514170575,1.0969477908670997,2.1321139156151787,4.591424187218936
9,9,holdout,2,0,4.56985,6.5779005047177135,1.1004839446001673,5.15560689484209,8.000194114593338,1.39511,3.240272118551799,0.9563652410965175,1.7556427350082822,4.724901502095316
9,9,holdout,3,1,9.23804,7.066745747979849,1.2623814758526346,5.0566779090924925,9.076813586867205,5.04394,3.9507007829135343,1.0630308097873553,1.6705658887749437,6.230835677052125
9,9,holdout,4,1,4.12091,6.027160296662149,1.2541799207227589,4.0301516498738295,8.02416894345047,1.58843,2.7881367038194536,0.9326831814912154,0.7875893558834872,4.7886840517554194
9,9,holdout,5,3,9.77341,8.656557409971947,0.8778741208396761,6.711598229796219,10.601516590147675,4.68698,3.5686289086694707,0.9365363727810758,1.3713974097758843,5.765860407563057
9,9,holdout,6,2,6.49371,5.575606571757746,0.8856293459336121,3.174468695674838,7.9767444478406535,4.19441,1.8884936707005244,0.8210097999098455,0.7823381851372446,2.9946491562638045
9,9,holdout,7,0,9.75931,9.468728511081773,1.0066690015434432,8.167683734208346,10.7697732879552,4.70237,4.4441163797036705,0.8281851936521281,3.158469410662959,5.729763348744382
9,9,holdout,8,2,5.40848,6.02262552648215,0.9323520321558167,3.494812069835449,8.550438983128851,2.08749,3.2079128570116877,1.0705280002104784,1.7655787703638286,4.650246943659547
9,9,holdout,9,2,7.599,6.210514365813026,1.0800321695768642,3.282307253361036,9.138721478265015,3.26644,3.0470516305577027,0.819450369477109,1.9429971826771828,4.1511060784382225
9,9,holdout,10,3,8.52081,9.892767756302733,0.717391086894627,8.30336405125062,11.482171461354847,4.5379,4.764996687215696,0.7160897502042345,3.084960544560311,6.445032829871081
9,9,holdout,11,3,11.0714,10.109958048110789,1.0005130700151812,7.893288215594774,12.326627880626804,4.87105,4.655704192985729,0.8310383479621247,2.7059842589819376,6.60542412698952
9,9,holdout,12,3,8.29498,8.397470547564346,0.9030247081064865,6.396789408590465,10.398151686538228,4.37633,3.2154147760685685,0.927372650668031,1.0396825157086642,5.391147036428473
9,9,holdout,13,2,10.3345,9.484040376483598,0.9351812946923294,6.9485561606541815,12.019524592313015,3.57985,4.204184369825834,0.7818010710942824,3.1508552335534645,5.257513506098203
9,9,holdout,14,0,4.75967,6.085404523025973,1.3547509124784987,4.33448977752152,7.836319268530427,1.19214,2.5006651251946064,1.0954618213273817,0.8001068671089853,4.201223383280228
9,9,holdout,15,0,10.9876,9.974784873821052,1.1190186344961364,8.528536556446593,11.421033191195512,5.00077,4.329538812633074,0.9211895028909393,2.899515067483483,5.759562557782665
9,9,holdout,16,2,8.9389,8.306851904890141,0.8835453435747952,5.9113642221082765,10.702339587672007,4.29166,3.5569861997785224,0.718971948350559,2.588307427952144,4.5256649716049
9,9,holdout,17,2,7.51834,7.407988729866924,1.0117048965780662,4.665032031620573,10.150945428113275,2.25668,3.2614858550781847,0.9162591987971468,2.026999812331102,4.495971897825267
9,9,holdout,18,3,9.69876,8.762403806474229,0.9185621606977642,6.727298926856248,10.79750868609221,2.62464,4.1017808577341,0.8062577447390509,2.2101993191474936,5.993362396320707
9,9,holdout,19,3,6.43094,6.5415136879207285,0.8225194375123013,4.719194641390038,8.36383273445142,3.48185,3.436935706358916,0.9494558304207485,1.2093935435129897,5.664477869204842
9,9,holdout,20,0,3.52219,4.858089153578388,0.9955582948968982,3.5714041382826958,6.14477416887408,0.818414,2.159214417649097,1.0514715844080316,0.5269451306731201,3.7914837046250742
9,9,holdout,21,0,9.13885,7.609769593958127,0.969427886575589,6.356856187018195,8.862683000898059,4.67367,3.2705558238392243,0.8470443661394966,1.955632506787411,4.585479140891038
9,9,holdout,22,4,9.41684,9.440093817350416,1.2048980876523354,7.50082415692283,11.379363477778002,4.79881,4.148282278473117,1.098489032629032,2.9168994434463054,5.379665113499928
9,9,holdout,23,2,10.4214,10.186958353289013,1.091140315968426,7.228634588587051,13.145282117990975,4.62972,4.144096953220627,1.0058723035287473,2.788874194068817,5.499319712372437
9,9,holdout,24,3,6.13089,6.808524958524797,1.0695403203786542,4.438922967411475,9.178126949638118,2.87931,3.304505435085055,0.9210298464426319,1.143654186974549,5.4653566831955604
9,9,holdout,25,0,9.89993,9.100656585926096,0.9662085261426403,7.8519039627887235,10.349409209063468,4.92915,4.603229395368483,0.8370452479175756,3.3038283746987176,5.902630416038248
9,9,holdout,26,1,9.44702,8.882847496334072,1.1012964383265744,7.1292725317883665,10.636422460879778,4.90717,4.401004431589971,0.9682403116429052,2.3241892535517774,6.477819609628165
9,9,holdout,27,4,9.24319,9.547111826067592,1.015946477950415,7.911957615518302,11.182266036616882,4.70238,4.587219491602248,0.9415165725904547,3.531799444661563,5.642639538542933
9,9,holdout,28,4,4.51178,5.720583757739435,1.0034110353861612,4.105605198304553,7.335562317174317,1.28971,2.0996188077352227,1.118832469760884,0.8454314124938631,3.3538062029765823
9,9,holdout,29,4,4.87314,5.416167445787018,1.0571220784769386,3.71474157818285,7.117593313391185,3.65188,2.8130221522167824,0.9779143266927697,1.7168009972961207,3.9092433071374444
9,9,holdout,30,1,5.15189,5.094506236354613,1.0568405050543226,3.411717673089012,6.777294799620215,1.87265,2.405559542316941,0.9013673933682174,0.47218260993175454,4.338936474702127
9,9,holdout,31,1,4.72427,5.8628698165100905,1.1691733337770487,4.00121566420827,7.724523968811911,1.19283,2.2077409232950362,0.8450025755407756,0.395263015422435,4.020218831167638
9,9,holdout,32,0,7.18726,7.555277603154792,1.1048986464141233,6.127278319688649,8.983276886620935,2.49718,3.2604754275223513,0.9571053117764775,1.774697183030994,4.746253672013708
9,9,holdout,33,4,8.02499,8.719444614094261,1.0272134480792203,7.066156344275022,10.3727328839135,3.59119,3.462945810620726,0.9115334664674988,2.4411361877479374,4.484755433493515
9,9,holdout,34,2,7.56027,7.7257619140789355,0.6363467747493814,6.000484460040646,9.451039368117225,3.10434,3.217308916082736,0.7058916315914879,2.2662533981292596,4.168364434036213
9,9,holdout,35,1,9.24725,9.432001138033165,1.09774910970401,7.684074522512357,11.179927753553972,4.71931,4.4604651946838025,0.9765531907548474,2.3658194085772624,6.555110980790342
9,9,holdout,36,1,8.31567,8.349826548139458,1.2793661481761622,6.312714314000258,10.386938782278657,3.48547,4.268604302877777,1.032173933207054,2.054655487606408,6.482553118149146
9,9,holdout,37,0,5.32822,6.924985507932859,1.2908509624798588,5.256656692918702,8.593314322947016,1.79646,3.1953101679340543,1.040984314033472,1.5793209683997593,4.811299367468349
9,9,holdout,38,1,8.94641,7.830237094231432,1.0363062811543358,6.180144814812992,9.480329373649873,4.8242,3.547724347909215,0.8518152123344918,1.720633758323699,5.3748149374947305
9,9,holdout,39,2,5.11392,4.038178095505929,0.9333386743010506,1.5076896328469065,6.568666558164951,2.99086,1.667323860079467,0.8338906462644443,0.5438138693015091,2.790833850857425
9,9,holdout,40,4,6.83197,8.112840687570468,1.1554020145809905,6.253234389381749,9.972446985759188,2.06786,3.6536745892982663,1.1192919030035473,2.398972179166406,4.908376999430127
9,9,holdout,41,1,7.13367,7.078277119601532,1.1906779830071996,5.182381492253601,8.974172746949463,4.48825,3.548275543815788,1.007769380694716,1.3866729740594956,5.7098781135720795
9,9,holdout,42,3,9.10706,9.270744449586887,0.7913555777600706,7.517469966138697,11.024018933035077,3.13065,4.480733439328456,0.7752012024382688,2.662014434406573,6.299452444250339
9,9,holdout,43,2,8.02606,6.596982117068052,1.2196309880526122,3.2902915995238513,9.903672634612253,4.45854,3.7672147854189753,1.1565240453407997,2.2090172863391357,5.325412284498815
9,9,holdout,44,0,4.5657,6.284690680299372,1.2037863647185,4.728886379295607,7.840494981303137,1.3827,2.594585906025099,0.9856615365588578,1.064477934173108,4.12469387787709
9,9,holdout,45,1,5.33957,5.995530218810054,1.1689629683416458,4.13421102769406,7.856849409926048,2.71903,2.954252467444565,0.9196624719748739,0.981633730646964,4.9268712042421665
9,9,holdout,46,3,8.14209,6.808597554989925,1.0338810215431244,4.517999921087242,9.099195188892608,4.77519,4.293144510547835,0.8660832600145634,2.2612048284643036,6.325084192631366
9,9,holdout,47,3,7.95193,7.951440733851034,0.8667055735859458,6.031225839894373,9.871655627807694,4.49069,4.123484653691268,0.8061828055163379,2.2320789318966545,6.014890375485881
9,9,holdout,48,4,8.27295,8.847689831110184,1.019274394535502,7.2071793769648345,10.488200285255534,3.91402,3.5845467921447023,1.010475565916225,2.4518251808007263,4.717268403488678
9,9,holdout,49,4,9.22919,9.616829465615504,1.0147901381887132,7.983536370657645,11.250122560573363,4.0906,3.5941237665643193,0.9501135219538757,2.5290667222888725,4.659180810839766
9,9,cross_fitted,0,4,9.32916,8.69783102726271,1.0086964209650098,6.993179934897441,10.40248211962798,5.16871,4.908770735977766,0.9186306279104087,2.9391284136809963,6.878413058274536
9,9,cross_fitted,1,4,7.68631,7.171286626131232,0.9264081840292734,5.6056989130601185,8.736874339202345,3.81186,3.190911797071837,0.8435244972632798,1.3823050521790492,4.999518541964624
9,9,cross_fitted,2,0,4.56985,6.217298249127324,1.1104013624082911,4.19785001234332,8.236746485911327,1.39511,3.0860400622993294,0.9308283056614727,1.1578493683920952,5.0142307562065636
9,9,cross_fitted,3,1,9.23804,7.868687754666205,1.061387068798,6.205438858373947,9.531936650958462,5.04394,4.204077283536494,0.830269747371682,2.7420617871368123,5.666092779936175
9,9,cross_fitted,4,1,4.12091,5.94306407764175,1.0832853991563423,4.245499355511889,7.64062879977161,1.58843,2.8567945551196514,0.949269155511385,1.1852339327974761,4.528355177441827
9,9,cross_fitted,5,3,9.77341,8.935817275270697,1.001044067870247,7.374195139578711,10.497439410962684,4.68698,3.5713154215548064,0.859733717247656,1.9971175497913396,5.145513293318273
9,9,cross_fitted,6,2,6.49371,5.43353302670263,0.9983314637478068,3.6397790698876156,7.2272869835176445,4.19441,2.0590761840329703,0.8710572627588171,0.3853923653387743,3.7327600027271663
9,9,cross_fitted,7,0,9.75931,9.568103724026525,0.9134585911434431,7.906828437711141,11.229379010341908,4.70237,4.250875028617076,0.8727375708351355,2.443018034934803,6.058732022299348
9,9,cross_fitted,8,2,5.40848,6.619184239128263,1.074431950375566,4.688696588183605,8.54967189007292,2.08749,3.225154979034872,0.9533235627059385,1.3934014433059372,5.056908514763807
9,9,cross_fitted,9,2,7.599,6.7691590010627545,1.0104977460206301,4.953545253427686,8.584772748697823,3.26644,3.379068961752814,0.8231735082498322,1.797390879680555,4.960747043825073
9,9,cross_fitted,10,3,8.52081,9.884303570441404,0.6500594390080037,8.870215138120766,10.89839200276204,4.5379,4.830057855592937,0.6939571770101481,3.5594017335536137,6.10071397763226
9,9,cross_fitted,11,3,11.0714,10.809718458699512,0.9174662351643414,9.37847719013996,12.240959727259064,4.87105,5.051280018075175,0.7761318025086007,3.630159725586945,6.472400310563406
9,9,cross_fitted,12,3,8.29498,8.511570687294705,0.8373684022861755,7.205281509115769,9.817859865473642,4.37633,3.1157515810427556,0.8144874680077917,1.6244009302614992,4.607102231824012
9,9,cross_fitted,13,2,10.3345,9.403610554620062,1.023994913807711,7.563745745085187,11.243475364154937,3.57985,3.935176147587823,0.8725805004012895,2.258565519941759,5.611786775233887
9,9,cross_fitted,14,0,4.75967,5.6083042649259625,1.0928117316274089,3.6208456762716166,7.595762853580308,1.19214,2.335357410035384,0.944827972916985,0.37816670833327093,4.2925481117374975
9,9,cross_fitted,15,0,10.9876,10.18021688287334,1.0111030702307062,8.341358987422106,12.019074778324574,5.00077,4.226477501798516,0.8988562780981245,2.3645161711777627,6.088438832419269
9,9,cross_fitted,16,2,8.9389,8.590774189666341,1.024094612439664,6.750730246424828,10.430818132907854,4.29166,3.5235022379222833,0.8462500843407469,1.8974839113615019,5.149520564483065
9,9,cross_fitted,17,2,7.51834,6.977076207880854,1.0755353735719284,5.044605979208869,8.909546436552839,2.25668,2.6119240680322697,0.8560981323176466,0.9669833132347294,4.25686482282981
9,9,cross_fitted,18,3,9.69876,9.091052789513215,0.8658884014806894,7.7402726009167,10.44183297810973,2.62464,4.490804522610925,0.7241871350226248,3.1647964530882726,5.816812592133577
9,9,cross_fitted,19,3,6.43094,7.2756184856470485,0.6636339118845066,6.240353965275265,8.310883006018832,3.48185,4.373765432256423,0.7652138114997674,2.9726363043174446,5.774894560195402
9,9,cross_fitted,20,0,3.52219,4.418797120604237,1.0521859066412296,2.5052233031809887,6.332370938027486,0.818414,2.0737000089385216,1.0245384491509772,-0.04860921950636854,4.196009237383412
9,9,cross_fitted,21,0,9.13885,7.3252744213314775,0.929531026587203,5.634768757139637,9.015780085523318,4.67367,3.130309198659613,0.8638223679945716,1.3409198547543364,4.91969854256489
9,9,cross_fitted,22,4,9.41684,9.964943120207653,1.1427548659258777,8.033739350650661,11.896146889764646,4.79881,4.726579057372609,0.8471963116967794,2.910099549599825,6.543058565145393
9,9,cross_fitted,23,2,10.4214,10.19068906922714,1.0609975740432145,8.284339659516544,12.097038478937737,4.62972,4.528732797512361,0.9123338526096554,2.775738509256816,6.281727085767906
9,9,cross_fitted,24,3,6.13089,5.798106865770806,0.8736222515163913,4.435261922187461,7.160951809354151,2.87931,2.46177416855348,0.7632546609323688,1.0642323032654728,3.8593160338414876
9,9,cross_fitted,25,0,9.89993,9.030686086787101,0.9281122570816395,7.342760689220834,10.718611484353367,4.92915,4.369235292242898,0.7999633545164994,2.7121285129755908,6.026342071510205
9,9,cross_fitted,26,1,9.44702,9.059524839069073,0.9739892783627194,7.53323283885478,10.585816839283368,4.90717,4.668380464988165,0.7945150192136875,3.269325189410723,6.067435740565608
9,9,cross_fitted,27,4,9.24319,9.90772562721661,0.8764248200141342,8.426607526902707,11.388843727530514,4.70238,4.867323015402893,0.7102986352581089,3.3443667683894835,6.3902792624163025
9,9,cross_fitted,28,4,4.51178,5.05938857567801,0.8276399640580179,3.6607146639901726,6.458062487365848,1.28971,1.6332029019684797,0.7851491842033405,-0.05024092794321322,3.316646731880173
9,9,cross_fitted,29,4,4.87314,5.900049184405291,1.1198505833582897,4.007552611074225,7.792545757736358,3.65188,3.224363862374999,0.8033834929215118,1.5018237242432866,4.946904000506711
9,9,cross_fitted,30,1,5.15189,4.947353929443043,0.9324497983997773,3.4861564609335325,6.408551397952554,1.87265,2.4033327293313973,0.741764090294515,1.0971661514012552,3.7094993072615394
9,9,cross_fitted,31,1,4.72427,5.759964108678165,1.031583324424827,4.143419234312796,7.376508983043535,1.19283,2.3599273813387747,0.9531144904562991,0.6815955388244768,4.038259223853073
9,9,cross_fitted,32,0,7.18726,7.5141346140238845,1.0247536475483137,5.6504508896171295,9.37781833843064,2.49718,3.2555289958927482,0.9505447941901951,1.286496022623806,5.224561969161691
9,9,cross_fitted,33,4,8.02499,8.414512268929323,0.8343398769997267,7.004515808972791,9.824508728885856,3.59119,3.3212418070372545,0.7691908997515025,1.6720142458766791,4.97046936819783
9,9,cross_fitted,34,2,7.56027,7.561638569073155,0.8456309822619553,6.042249492880591,9.081027645265719,3.10434,3.0242568754323016,0.6839266644098405,1.7101331773291266,4.338380573535477
9,9,cross_fitted,35,1,9.24725,9.55806094782968,1.0108120389369382,7.974065761205869,11.142056134453492,4.71931,4.595193533708714,0.8883695860682416,3.03087048632143,6.159516581095998
9,9,cross_fitted,36,1,8.31567,8.762830141033469,1.0709694758438737,7.084565113104219,10.441095168962718,3.48547,4.396796663858414,0.9147646309809874,2.785994788580844,6.007598539135984
9,9,cross_fitted,37,0,5.32822,6.663708456505734,1.078577488167726,4.702137190066364,8.625279722945105,1.79646,3.1397522056872447,0.9762840507915767,1.117400919314786,5.162103492059703
9,9,cross_fitted,38,1,8.94641,8.269492813154619,0.9120166432932381,6.840315164442996,9.698670461866243,4.8242,4.048396498118796,0.7807531733071698,2.673574349230705,5.4232186470068875
9,9,cross_fitted,39,2,5.11392,4.276766556025287,1.0985721345858446,2.3029049831740984,6.2506281288764765,2.99086,1.9317111256221344,0.8826481200214022,0.235756176114172,3.627666075130097
9,9,cross_fitted,40,4,6.83197,7.2720798437111025,0.8830367872037659,5.779787819451176,8.764371867971029,2.06786,3.9473639778834806,0.7137353066029203,2.417039139922954,5.477688815844007
9,9,cross_fitted,41,1,7.13367,7.568134444531642,1.0743964474746506,5.8844991733140795,9.251769715749205,4.48825,3.4977324054479655,0.9088687854298835,1.8973124784316444,5.098152332464286
9,9,cross_fitted,42,3,9.10706,9.088162786917152,0.7242344322451159,7.958361854945708,10.217963718888598,3.13065,4.119807448982266,0.8480430741715616,2.5670154905623526,5.6725994074021795
9,9,cross_fitted,43,2,8.02606,7.169804062910365,1.051123804862224,5.281195366760564,9.058412759060166,4.45854,4.060742966116197,0.9144217084178483,2.3037369892710045,5.81774894296139
9,9,cross_fitted,44,0,4.5657,5.732177885413337,0.9774171202357218,3.9545834525484835,7.509772318278191,1.3827,2.509657040800204,0.9820898270723413,0.4752792144875757,4.544034867112832
9,9,cross_fitted,45,1,5.33957,6.279486695926412,0.9376107675090266,4.810201719638538,7.748771672214286,2.71903,3.258313033716547,0.835875052842318,1.7864271988081266,4.730198868624967
9,9,cross_fitted,46,3,8.14209,6.111988080102812,0.7346547270212093,4.965931557088903,7.25804460311672,4.77519,4.005260606078164,0.8019360604775501,2.536891953821982,5.473629258334347
9,9,cross_fitted,47,3,7.95193,7.821520928683516,0.7521258249919757,6.648209608201962,8.994832249165071,4.49069,3.608179498985985,0.6797249431063207,2.36358301828953,4.8527759796824395
9,9,cross_fitted,48,4,8.27295,9.110787030779742,0.7364347345831967,7.866245810377691,10.355328251181792,3.91402,3.434922387756009,0.6733502137088824,1.9911875085201562,4.878657266991862
9,9,cross_fitted,49,4,9.22919,9.908332708080072,0.7617937319228331,8.620935935087736,11.195729481072409,4.0906,3.546553299057864,0.6685766576302834,2.1130534346305776,4.980053163485151
