repeat,partition_seed,method,observation_id,outer_fold,V_true,V_mean,V_std,TD_true,TD_mean,TD_std
0,0,Single GP,0,4,9.32916,8.910608745206192,0.5831763303219316,5.16871,4.801440828826459,0.7161476013675863
0,0,Single GP,1,3,7.68631,7.574867748749884,0.8022471471067528,3.81186,3.6493259569479086,0.5751141986525846
0,0,Single GP,2,0,4.56985,4.917298870103124,0.615458404655917,1.39511,2.617737681913679,0.8516575978468459
0,0,Single GP,3,4,9.23804,8.317835383163441,0.67232474654206,5.04394,4.584939549228511,0.6560089129936781
0,0,Single GP,4,0,4.12091,4.106802028138203,0.5386860761621907,1.58843,2.346994154239949,0.577387589987493
0,0,Single GP,5,3,9.77341,9.855547921663641,0.8577276874870698,4.68698,3.660830195366656,0.7429849861446653
0,0,Single GP,6,3,6.49371,5.977722690087774,0.6720290928875711,4.19441,3.0138180071498386,0.7377409142641042
0,0,Single GP,7,1,9.75931,9.95680326930338,0.6898356922831004,4.70237,4.792861739812722,0.48688000103144036
0,0,Single GP,8,2,5.40848,6.000833532505965,0.6294562222446738,2.08749,2.6057015531949492,0.49741476034729243
0,0,Single GP,9,4,7.599,7.487071479808303,0.6573049049653007,3.26644,3.3999058209330455,0.7166293438435726
0,0,Single GP,10,0,8.52081,9.900381895382786,0.42860219263091137,4.5379,4.9156562104105905,0.5357629719986898
0,0,Single GP,11,0,11.0714,10.768236722281822,0.6835950553619656,4.87105,4.975114722213325,0.8250564243819145
0,0,Single GP,12,3,8.29498,9.657884781623672,0.9659660932495351,4.37633,3.696064774403055,0.7548140781719211
0,0,Single GP,13,2,10.3345,9.460255500834936,0.7866590703025965,3.57985,3.7187781830379225,0.7105749667226026
0,0,Single GP,14,1,4.75967,4.2656120777388296,0.706973087832948,1.19214,2.2885123372705616,0.8182079479386802
0,0,Single GP,15,2,10.9876,10.474678748945486,0.7042504772728677,5.00077,4.665816277236592,0.4972243013152597
0,0,Single GP,16,2,8.9389,8.47496379859776,0.7258889031944165,4.29166,3.6820639055021545,0.5269031462606767
0,0,Single GP,17,3,7.51834,8.016924664108075,0.7279461129502097,2.25668,3.9334885048486794,0.5978495672945304
0,0,Single GP,18,1,9.69876,9.279314672052756,0.9829952745459031,2.62464,4.209159629253262,0.64713552874261
0,0,Single GP,19,4,6.43094,7.2137488150879205,0.6287071891055241,3.48185,4.5150749942250865,0.6944333047888687
0,0,Single GP,20,2,3.52219,3.013086648492175,0.8915163561617342,0.818414,0.5521247893429533,0.6944643738818574
0,0,Single GP,21,4,9.13885,8.488415672489413,0.43380594135280737,4.67367,2.8281244820756313,0.4772045648463
0,0,Single GP,22,0,9.41684,10.923560485002046,0.5736355113774532,4.79881,4.487349222789236,0.7512703191518109
0,0,Single GP,23,3,10.4214,9.837695400695473,0.7715177226170934,4.62972,4.517955384783992,0.6243473264514936
0,0,Single GP,24,3,6.13089,5.869741295511334,0.8102400748016835,2.87931,1.7924234919503275,0.6921751759536519
0,0,Single GP,25,2,9.89993,8.710786245815047,0.5968223143674637,4.92915,4.347895108521057,0.4598519529301849
0,0,Single GP,26,1,9.44702,8.346720580982614,0.6815596266611703,4.90717,4.414729857111035,0.539629891816941
0,0,Single GP,27,0,9.24319,9.58967828058559,0.4493201195412789,4.70238,5.011408093314763,0.6629228609978418
0,0,Single GP,28,0,4.51178,5.047320206454905,0.5798751128598306,1.28971,1.9106375209810873,0.8273259501645293
0,0,Single GP,29,1,4.87314,6.1268973130409075,0.7701475065942505,3.65188,3.216078351242016,0.6211640242541032
0,0,Single GP,30,2,5.15189,4.264762625758531,0.618717293143464,1.87265,2.193291818466016,0.4476614238991973
0,0,Single GP,31,0,4.72427,6.263426640785756,0.6029240627955263,1.19283,2.0498050144395084,0.7060440352378461
0,0,Single GP,32,2,7.18726,6.644647095012564,0.7937243888024875,2.49718,1.4531474683897687,0.7634862209299227
0,0,Single GP,33,1,8.02499,8.355656660781046,0.9349119663987692,3.59119,3.8837894981934387,0.8579921951418582
0,0,Single GP,34,1,7.56027,7.574522756607607,0.8746847182935946,3.10434,3.5134756767100517,0.7584388586291968
0,0,Single GP,35,1,9.24725,8.753072780335017,0.9981224263664559,4.71931,4.169057904858016,0.8598482942393801
0,0,Single GP,36,4,8.31567,9.744055773479111,0.7279296125439786,3.48547,4.5716664348682565,0.729449245641921
0,0,Single GP,37,3,5.32822,5.498725863637026,0.7206591316345003,1.79646,2.253097553275122,0.5456666077035299
0,0,Single GP,38,0,8.94641,7.9725125758426225,0.48942105848172257,4.8242,4.237725419148205,0.6992089051792306
0,0,Single GP,39,4,5.11392,4.714265682868472,0.703998641915542,2.99086,3.2967797693714416,0.6910404405414814
0,0,Single GP,40,3,6.83197,8.828759521448134,0.9238745599548761,2.06786,3.3482283145698775,0.8162458925163238
0,0,Single GP,41,0,7.13367,8.546793318375085,0.5381626892994367,4.48825,4.333630336224431,0.6580800338998689
0,0,Single GP,42,2,9.10706,8.398005843102327,0.7291991310158387,3.13065,4.377488966925448,0.7173863530766579
0,0,Single GP,43,2,8.02606,8.6310808229546,0.7236777611244521,4.45854,4.590491554140279,0.7022247686675782
0,0,Single GP,44,4,4.5657,5.150183026931529,0.46640728579593577,1.3827,1.3447710393325725,0.48920076793210954
0,0,Single GP,45,1,5.33957,5.620140742748044,0.5861391056651755,2.71903,3.066358629486917,0.5958485785090694
0,0,Single GP,46,4,8.14209,5.888534328650097,0.46286476786183767,4.77519,4.294717600939417,0.7289331220502886
0,0,Single GP,47,4,7.95193,8.187627132879133,0.45440119368814735,4.49069,4.029108202692084,0.4301179132722953
0,0,Single GP,48,1,8.27295,9.089617637075492,0.6230089808947736,3.91402,3.374691526277173,0.5122330038826797
0,0,Single GP,49,3,9.22919,9.417965985733751,0.4585897905395837,4.0906,3.753633142252387,0.35531917632811955
0,0,Model Selection,0,4,9.32916,7.943455755934753,0.7686221302803783,5.16871,4.800282117884043,0.7134302563305003
0,0,Model Selection,1,3,7.68631,7.689861170037824,0.9072055692661521,3.81186,3.5471063100580107,0.5143692893879143
0,0,Model Selection,2,0,4.56985,5.017483530239083,0.6451404088077933,1.39511,2.3698041468162674,0.8520938945567234
0,0,Model Selection,3,4,9.23804,7.51068138259753,0.7955449296990841,5.04394,4.44127514302587,0.6536051125815562
0,0,Model Selection,4,0,4.12091,4.360360853124389,0.5611740963197724,1.58843,2.5134447202693364,0.716229073100627
0,0,Model Selection,5,3,9.77341,8.984910319019578,0.9492514376434882,4.68698,3.3635356108255627,0.7105020047770356
0,0,Model Selection,6,3,6.49371,5.912958124676359,0.8963580620564445,4.19441,2.8444192062390217,0.7100138509007937
0,0,Model Selection,7,1,9.75931,10.11733404432135,0.8744529149067595,4.70237,4.770529719695947,0.6931115779465571
0,0,Model Selection,8,2,5.40848,6.373121755408914,0.8110349493813405,2.08749,2.6232595328644734,0.5309533156281133
0,0,Model Selection,9,4,7.599,7.071142506965869,0.794620688574492,3.26644,3.3812658327949148,0.7092162792914545
0,0,Model Selection,10,0,8.52081,9.772707034096342,0.48328702560725406,4.5379,4.670354641124979,0.6917641817398303
0,0,Model Selection,11,0,11.0714,10.845609211850698,0.7055266850978983,4.87105,4.782844165936936,0.8405112090851673
0,0,Model Selection,12,3,8.29498,8.814211139214303,1.0119477929737966,4.37633,3.736530464903006,0.704432897688672
0,0,Model Selection,13,2,10.3345,9.369176733196207,0.8999014148620931,3.57985,3.8210967875998056,0.7160517729615001
0,0,Model Selection,14,1,4.75967,4.666843966512984,0.9257117376740862,1.19214,1.6681369163077253,0.8154042108890657
0,0,Model Selection,15,2,10.9876,10.275718661901351,0.8575925854035956,5.00077,4.6810659065616065,0.5395691613949543
0,0,Model Selection,16,2,8.9389,8.529686057423124,0.8521264474422177,4.29166,3.6805949938195672,0.5632339794893751
0,0,Model Selection,17,3,7.51834,7.284348559275496,0.9067668734189919,2.25668,4.231023158528856,0.5599768577013616
0,0,Model Selection,18,1,9.69876,9.344898309945458,0.9977861183617789,2.62464,4.359842404509111,0.7969646399692035
0,0,Model Selection,19,4,6.43094,6.4756456639954045,0.7645406832835102,3.48185,4.574083451498361,0.6901328335706837
0,0,Model Selection,20,2,3.52219,3.833984058992313,0.9467016775174345,0.818414,0.5749136323463069,0.7243322463410367
0,0,Model Selection,21,4,9.13885,7.724545015537691,0.6805707293009231,4.67367,2.8791455371147316,0.4956170822310028
0,0,Model Selection,22,0,9.41684,10.869427380266124,0.6141459571470015,4.79881,4.632789105341775,0.835801651100111
0,0,Model Selection,23,3,10.4214,10.295798490037228,0.929357409462479,4.62972,4.234547701876346,0.545287924380861
0,0,Model Selection,24,3,6.13089,5.851226135195298,0.9606502210342115,2.87931,1.6229537963925094,0.6466035354188979
0,0,Model Selection,25,2,9.89993,9.015956193445517,0.7862754686465186,4.92915,4.4076914712465785,0.500330470069935
0,0,Model Selection,26,1,9.44702,9.17041291090116,0.8885695587636413,4.90717,4.505169795924592,0.7126393487267234
0,0,Model Selection,27,0,9.24319,9.689804140188242,0.49588961893075484,4.70238,4.907775884533949,0.735487831752178
0,0,Model Selection,28,0,4.51178,5.1267494892351495,0.596313819753999,1.28971,2.097514250518854,0.813960238663129
0,0,Model Selection,29,1,4.87314,5.7611577197500905,0.870649176841771,3.65188,3.1535616673063807,0.7428350773354541
0,0,Model Selection,30,2,5.15189,4.747229411925503,0.7668528504251958,1.87265,2.268649921345164,0.49165818382630044
0,0,Model Selection,31,0,4.72427,6.170220427868795,0.6205312738640844,1.19283,2.326967862620595,0.7719842719506229
0,0,Model Selection,32,2,7.18726,6.6092502412501295,0.9263143047956846,2.49718,1.4848347240400286,0.7722223216391921
0,0,Model Selection,33,1,8.02499,8.566502427774601,1.016248468168448,3.59119,3.4737079630552885,0.8825201212804842
0,0,Model Selection,34,1,7.56027,7.9161338105848005,0.9397612090226618,3.10434,3.1138678528460564,0.8018189635291293
0,0,Model Selection,35,1,9.24725,9.602370294238902,1.0252899934737318,4.71931,4.5412359078228945,0.8788842512193117
0,0,Model Selection,36,4,8.31567,8.715970716466822,0.8380837517312665,3.48547,4.64329887450531,0.7340641379600817
0,0,Model Selection,37,3,5.32822,5.89404377074323,0.8757789868566173,1.79646,2.2064289481949166,0.4825372673599148
0,0,Model Selection,38,0,8.94641,7.968471922416509,0.5345891023320064,4.8242,4.096409490896929,0.7378914103567191
0,0,Model Selection,39,4,5.11392,4.353705312469598,0.7983105641249335,2.99086,3.218965545658759,0.7013785248595065
0,0,Model Selection,40,3,6.83197,7.780709130310006,1.0005755584312361,2.06786,3.3234949287925457,0.7906305765272251
0,0,Model Selection,41,0,7.13367,8.5355132599982,0.5810997801149943,4.48825,3.9375989293509353,0.7805084991544653
0,0,Model Selection,42,2,9.10706,8.875089239938259,0.8538664970087717,3.13065,4.274179192354903,0.7375685946324052
0,0,Model Selection,43,2,8.02606,7.7852652003702865,0.8511002637262919,4.45854,4.63305771303362,0.7203474911360027
0,0,Model Selection,44,4,4.5657,5.401718930270073,0.6756532657021603,1.3827,1.3731747879947647,0.5122820832216308
0,0,Model Selection,45,1,5.33957,5.861405369681032,0.7969255922993501,2.71903,3.0077067034202027,0.7030004009919157
0,0,Model Selection,46,4,8.14209,5.624783693296136,0.7065342600588782,4.77519,4.184989011234946,0.7100401725312363
0,0,Model Selection,47,4,7.95193,7.656065001331438,0.6593832397587228,4.49069,4.060778653054228,0.45867552374806875
0,0,Model Selection,48,1,8.27295,8.834927021903432,0.7837919494723553,3.91402,3.5415276434249066,0.693305167241872
0,0,Model Selection,49,3,9.22919,9.473019088753292,0.750538052001639,4.0906,3.7418447361996203,0.30301234838022484
0,0,Model Selection + Bagging,0,4,9.32916,7.690121339904576,0.9065711271524329,5.16871,4.578844051977413,0.8256372683587685
0,0,Model Selection + Bagging,1,3,7.68631,7.243623654866731,1.239080333154453,3.81186,2.8238519171992618,1.0903939012234662
0,0,Model Selection + Bagging,2,0,4.56985,5.428518940730708,0.9543686856192823,1.39511,2.623730524243771,1.0307420924693507
0,0,Model Selection + Bagging,3,4,9.23804,7.172128861300656,0.9305899319842625,5.04394,4.158235144745705,0.7577182717252757
0,0,Model Selection + Bagging,4,0,4.12091,5.0057146979198635,0.8532324231196738,1.58843,2.7616295594903293,0.8891314300804393
0,0,Model Selection + Bagging,5,3,9.77341,8.678065945954806,1.1949191432744164,4.68698,3.7367552355845497,1.050015023476632
0,0,Model Selection + Bagging,6,3,6.49371,5.806585791337504,1.0331604574590876,4.19441,3.220028661443247,1.0272593594955652
0,0,Model Selection + Bagging,7,1,9.75931,10.111115091694426,1.0282962423308442,4.70237,4.603615730702733,0.8681374795576348
0,0,Model Selection + Bagging,8,2,5.40848,6.533438218475112,1.189149601766799,2.08749,2.9550643525636406,1.0126955025482642
0,0,Model Selection + Bagging,9,4,7.599,6.910794036860522,0.9331404774519869,3.26644,3.4237028754822583,0.8322270683838224
0,0,Model Selection + Bagging,10,0,8.52081,9.87586258338754,0.7070027632065872,4.5379,4.343685669261713,0.8658033885266633
0,0,Model Selection + Bagging,11,0,11.0714,10.867378368897004,0.9449317682762362,4.87105,4.475439912774986,0.9531367896018466
0,0,Model Selection + Bagging,12,3,8.29498,8.433671637963325,1.224337458957633,4.37633,3.702621054259326,0.9572999853493187
0,0,Model Selection + Bagging,13,2,10.3345,9.285580053781429,1.0403354370740983,3.57985,4.075411934029181,0.7915429510061226
0,0,Model Selection + Bagging,14,1,4.75967,5.001505367083649,1.0694250156196876,1.19214,1.8587592073266241,0.9284148566511584
0,0,Model Selection + Bagging,15,2,10.9876,10.17052461459959,0.9941492933792724,5.00077,4.656337294752122,0.6418268391197698
0,0,Model Selection + Bagging,16,2,8.9389,8.3315038572252,1.1102988541743073,4.29166,3.3650718942602835,0.9091332783870302
0,0,Model Selection + Bagging,17,3,7.51834,6.872537326410611,1.2695666036665674,2.25668,2.9693118865309365,1.3150811182065472
0,0,Model Selection + Bagging,18,1,9.69876,9.162552950427397,1.2010737296644776,2.62464,4.2178086954279825,0.9795132527119176
0,0,Model Selection + Bagging,19,4,6.43094,6.413906648277538,0.9347126731038622,3.48185,3.7342795807864766,0.8800855580833694
0,0,Model Selection + Bagging,20,2,3.52219,4.225059611240502,1.111461174125595,0.818414,1.1838137838916043,0.9281587485148033
0,0,Model Selection + Bagging,21,4,9.13885,7.378317549141497,0.7843859309270004,4.67367,2.8892670265096054,0.6945827899630964
0,0,Model Selection + Bagging,22,0,9.41684,10.4619636033273,0.9574634035499713,4.79881,4.324933060068073,0.9385917414078788
0,0,Model Selection + Bagging,23,3,10.4214,10.269201269818222,1.020376907560283,4.62972,4.358024286858951,0.9315663827635223
0,0,Model Selection + Bagging,24,3,6.13089,5.854605573234155,1.1658307826515877,2.87931,1.942972957932165,0.9653150388023882
0,0,Model Selection + Bagging,25,2,9.89993,9.161078102658898,0.9419865947879819,4.92915,4.529109351471209,0.6589373002288503
0,0,Model Selection + Bagging,26,1,9.44702,9.24974943625399,1.0077457816176867,4.90717,4.482827375233476,0.8518046173880702
0,0,Model Selection + Bagging,27,0,9.24319,9.721395775343074,0.7558846921864933,4.70238,4.557540374467136,0.9452119123992042
0,0,Model Selection + Bagging,28,0,4.51178,5.397999962531731,0.7505083241937538,1.28971,2.426676893638522,1.023179848927654
0,0,Model Selection + Bagging,29,1,4.87314,5.4407186352702706,1.0924565336690764,3.65188,3.00954142747279,0.9444101038358047
0,0,Model Selection + Bagging,30,2,5.15189,5.076693924279363,0.9836914706357642,1.87265,2.201235222287753,0.7119934867612554
0,0,Model Selection + Bagging,31,0,4.72427,5.872377373546145,0.8829099351940541,1.19283,2.7052472744395892,0.9799581768283154
0,0,Model Selection + Bagging,32,2,7.18726,6.767100664187807,1.0412323730581128,2.49718,2.077448253881485,0.8993872424152017
0,0,Model Selection + Bagging,33,1,8.02499,8.57719803473108,1.1464381163256931,3.59119,3.569276147670097,1.0422381020598321
0,0,Model Selection + Bagging,34,1,7.56027,8.029110661627692,1.0965457290304748,3.10434,3.2385646302378115,0.9686260065172874
0,0,Model Selection + Bagging,35,1,9.24725,9.716510963236477,1.1190145590693883,4.71931,4.519351680671005,0.9975824715318318
0,0,Model Selection + Bagging,36,4,8.31567,8.387315342804325,1.0025790603785227,3.48547,4.544520752274877,0.8239451507554012
0,0,Model Selection + Bagging,37,3,5.32822,6.070668265998731,0.9741358528980614,1.79646,2.4334943410062095,0.8547755267754229
0,0,Model Selection + Bagging,38,0,8.94641,8.194295482937564,0.7079381861966463,4.8242,3.9844104148248234,0.8631536743146051
0,0,Model Selection + Bagging,39,4,5.11392,4.451622379020776,0.9166445080388672,2.99086,2.596234350298068,0.942176122609151
0,0,Model Selection + Bagging,40,3,6.83197,7.455849253222248,1.1656050828789843,2.06786,3.549251155029789,0.9726242103348642
0,0,Model Selection + Bagging,41,0,7.13367,8.14664351786819,0.9365661176180523,4.48825,3.699542859364776,0.9435043927565991
0,0,Model Selection + Bagging,42,2,9.10706,8.938125129814752,0.9511205735321377,3.13065,4.0431830099207895,0.8396422464444445
0,0,Model Selection + Bagging,43,2,8.02606,7.331610783112764,1.074956523679019,4.45854,4.523043076391808,0.8065419167344771
0,0,Model Selection + Bagging,44,4,4.5657,5.3844387064783525,0.8037643099468728,1.3827,1.5766834367115472,0.630222924738955
0,0,Model Selection + Bagging,45,1,5.33957,5.792959678241829,0.9199349524647887,2.71903,2.8406123707151796,0.8306902949464114
0,0,Model Selection + Bagging,46,4,8.14209,5.680432420250053,0.9118327533906129,4.77519,3.873918457292387,0.8584748309964392
0,0,Model Selection + Bagging,47,4,7.95193,7.414158627672529,0.8619083491712727,4.49069,3.899383106213501,0.7125383719974713
0,0,Model Selection + Bagging,48,1,8.27295,8.831865440667535,0.9236722622090049,3.91402,3.6056845410268945,0.8157048661060603
0,0,Model Selection + Bagging,49,3,9.22919,9.340144790344855,0.921886373840552,4.0906,3.770434068565025,0.6675696647149646
1,1,Single GP,0,4,9.32916,8.554867610808456,0.5835545980674999,5.16871,4.394839779140835,0.7466040411576199
1,1,Single GP,1,3,7.68631,7.216695007129937,0.6949282390998599,3.81186,4.406282900113659,0.443178711515807
1,1,Single GP,2,0,4.56985,5.0538943769193345,0.6049932390586515,1.39511,2.0324409915212542,0.7084576382170317
1,1,Single GP,3,0,9.23804,6.868809954925554,0.5648491284024015,5.04394,4.446635158865328,0.6510502781507731
1,1,Single GP,4,2,4.12091,5.191910506462013,0.7314082480395464,1.58843,2.2276035854857215,0.6037763670331767
1,1,Single GP,5,4,9.77341,9.080922481748805,0.7790565785650613,4.68698,3.3086664370052543,0.7608282312487817
1,1,Single GP,6,3,6.49371,5.658983842376531,0.751423195971053,4.19441,1.7725792262503752,0.623599953696268
1,1,Single GP,7,3,9.75931,10.105741745698445,0.6059751302584706,4.70237,5.211954937109933,0.4314505793416211
1,1,Single GP,8,4,5.40848,6.826187415368598,0.5880548551405409,2.08749,2.302837455916208,0.5116759830501573
1,1,Single GP,9,4,7.599,6.874283121181819,0.7326920286567623,3.26644,3.335754539870082,0.7045249506249635
1,1,Single GP,10,2,8.52081,10.221853963664028,0.5024750425045366,4.5379,4.9816099504479645,0.4049145298055192
1,1,Single GP,11,4,11.0714,10.70807164710299,0.8882018476684634,4.87105,4.813339853939453,0.7242406811338109
1,1,Single GP,12,4,8.29498,8.436899960109205,0.7254722585165043,4.37633,2.4685913692402384,0.7075122832617947
1,1,Single GP,13,1,10.3345,9.913814789845166,0.7357006679538796,3.57985,3.9059865594827468,0.7614536943987515
1,1,Single GP,14,2,4.75967,4.3901388597684585,0.7256913912075175,1.19214,1.7931391340584804,0.71608938521564
1,1,Single GP,15,4,10.9876,10.629765980979109,0.7657350097957618,5.00077,4.449205373118016,0.5954000547576309
1,1,Single GP,16,4,8.9389,8.991874370504245,0.6680381463450263,4.29166,3.6218203778126603,0.5865202285157763
1,1,Single GP,17,2,7.51834,7.282847506676046,0.6375007767755879,2.25668,3.298988533193003,0.6789119068110736
1,1,Single GP,18,3,9.69876,8.876091847352665,0.7762893440302268,2.62464,4.636990516763656,0.6326676772931107
1,1,Single GP,19,1,6.43094,7.78308920740245,0.6054500594714276,3.48185,4.982694917036785,0.5484238629861609
1,1,Single GP,20,3,3.52219,3.5133543710357467,0.8473953495611213,0.818414,1.4046871852384624,0.7450910909760284
1,1,Single GP,21,1,9.13885,7.356407329463632,0.5130566208488954,4.67367,2.901348423161017,0.4293846845784253
1,1,Single GP,22,1,9.41684,10.850500563733432,0.5496698730468529,4.79881,4.513004497543003,0.5972731592477928
1,1,Single GP,23,2,10.4214,10.370153165881746,0.6937371056906001,4.62972,4.501328370148294,0.6747681604581848
1,1,Single GP,24,2,6.13089,6.566526568232491,0.7497481157237872,2.87931,2.682209616382175,0.6932221494075864
1,1,Single GP,25,3,9.89993,8.89040140374355,0.6774776797531704,4.92915,4.491556275690534,0.42601561041203123
1,1,Single GP,26,1,9.44702,8.983196568697256,0.46554395099910223,4.90717,5.308849709859027,0.4855863472523326
1,1,Single GP,27,0,9.24319,9.960786115076063,0.46185257154074755,4.70238,4.986077935790803,0.48727654791417896
1,1,Single GP,28,3,4.51178,4.594024681655281,0.7039534354376159,1.28971,0.7517675475400338,0.47883558292407846
1,1,Single GP,29,0,4.87314,4.905080560625551,0.6488143455476743,3.65188,2.9915690215780284,0.6884604465396741
1,1,Single GP,30,2,5.15189,4.267547227496962,0.56472848426203,1.87265,2.4863393911366924,0.4600748628718241
1,1,Single GP,31,0,4.72427,5.905583349402855,0.50554980458652,1.19283,2.2531824411880375,0.531708189175629
1,1,Single GP,32,1,7.18726,6.208668002170776,0.7207071242812088,2.49718,1.917122434068996,0.723268637020419
1,1,Single GP,33,2,8.02499,8.337830550711454,0.524223330513561,3.59119,3.306425054623012,0.5188396853622923
1,1,Single GP,34,3,7.56027,7.226239846122392,0.5448641640528207,3.10434,3.115096190799859,0.295809810347776
1,1,Single GP,35,0,9.24725,9.710409337160897,0.5812965143136957,4.71931,4.573779043428097,0.6284772520162535
1,1,Single GP,36,1,8.31567,9.14666995192835,0.910039627941271,3.48547,4.898749653161683,0.7919622655908284
1,1,Single GP,37,4,5.32822,5.7225906163563325,0.7522179679369975,1.79646,2.169846792084399,0.6935558819022535
1,1,Single GP,38,0,8.94641,8.914399687449425,0.4388036804825711,4.8242,3.6862383453963448,0.5289443742993479
1,1,Single GP,39,1,5.11392,4.996944578570311,0.5756693215324583,2.99086,3.315128353147455,0.6559062088107815
1,1,Single GP,40,0,6.83197,7.497777416627826,0.5161600690725862,2.06786,4.044511098573529,0.5532826642704239
1,1,Single GP,41,2,7.13367,6.934051685660613,0.67813343115066,4.48825,3.9189755236558237,0.6116529701201415
1,1,Single GP,42,1,9.10706,8.223447932791013,0.6465120627865903,3.13065,3.7367248913911686,0.7652253060830704
1,1,Single GP,43,4,8.02606,8.187617556576042,0.5940718671013981,4.45854,4.623732543237487,0.7797335691422259
1,1,Single GP,44,3,4.5657,4.988601648959378,0.7967271565884787,1.3827,1.9065339913595059,0.5574695221913778
1,1,Single GP,45,2,5.33957,5.871520308222286,0.6241176673978888,2.71903,2.730806041456038,0.4635469346635843
1,1,Single GP,46,0,8.14209,5.8273813754604635,0.518180575400943,4.77519,3.9441136100814864,0.7780727561972778
1,1,Single GP,47,3,7.95193,7.815535936883496,0.7063718815251367,4.49069,3.958729873847399,0.3932443022802427
1,1,Single GP,48,0,8.27295,9.488199025540476,0.4432016464003829,3.91402,3.595710912082393,0.5301948166028871
1,1,Single GP,49,1,9.22919,9.17590623619466,0.5716634336596748,4.0906,3.8549926875380383,0.5209046108700011
1,1,Model Selection,0,4,9.32916,8.343511377041699,0.8286506680341251,5.16871,4.343743278157796,0.702277662754604
1,1,Model Selection,1,3,7.68631,7.716899934871244,0.7916052961702988,3.81186,3.9144644793173464,0.6224590899265671
1,1,Model Selection,2,0,4.56985,5.290859854300883,0.8172121921819493,1.39511,2.345862588994776,0.7593131543668064
1,1,Model Selection,3,0,9.23804,7.143645608074685,0.8040456728906922,5.04394,3.9981447811365944,0.7174662609217104
1,1,Model Selection,4,2,4.12091,5.7540308142289796,0.8772718999260509,1.58843,2.446265128147861,0.7572831633846712
1,1,Model Selection,5,4,9.77341,8.782394162358957,0.8721516788538495,4.68698,3.1429483185460727,0.7181503347483503
1,1,Model Selection,6,3,6.49371,5.582408878454029,0.8108917536220516,4.19441,2.196028628217192,0.7173808105820827
1,1,Model Selection,7,3,9.75931,10.001189739584078,0.674247755738299,4.70237,4.925751493782092,0.6367992561757656
1,1,Model Selection,8,4,5.40848,6.611885845400999,0.790572443850334,2.08749,2.3685605478166734,0.45940523003337275
1,1,Model Selection,9,4,7.599,6.868073607230799,0.8706270622108165,3.26644,3.240806128468684,0.6377465438732087
1,1,Model Selection,10,2,8.52081,9.951515540359752,0.7161851499741893,4.5379,4.790512354773175,0.6611956454808467
1,1,Model Selection,11,4,11.0714,10.300012391818392,0.9534614379865359,4.87105,4.825916963431738,0.6683340417668245
1,1,Model Selection,12,4,8.29498,8.405799506424666,0.8831012908468299,4.37633,2.2999464026330685,0.655175316957981
1,1,Model Selection,13,1,10.3345,9.887420071410926,0.7680083440514119,3.57985,3.8972230873464384,0.7639027128581373
1,1,Model Selection,14,2,4.75967,4.436757854716789,0.88111332816223,1.19214,1.6731583234904566,0.8074312708635004
1,1,Model Selection,15,4,10.9876,10.229985151041237,0.8886556164942186,5.00077,4.48426611869474,0.5403745300699953
1,1,Model Selection,16,4,8.9389,8.636791540278479,0.8104792963925649,4.29166,3.4974931027540404,0.5375379570935632
1,1,Model Selection,17,2,7.51834,7.2377112949875615,0.8500471418601714,2.25668,2.964719680701626,0.8023279063666966
1,1,Model Selection,18,3,9.69876,9.116500454421091,0.8508387888964356,2.62464,4.454779189092211,0.7312332521008851
1,1,Model Selection,19,1,6.43094,7.69575398806522,0.6321533743299486,3.48185,4.828890783800992,0.5779123467099478
1,1,Model Selection,20,3,3.52219,3.654144432929856,0.913464799400313,0.818414,1.371831505316457,0.7815764687042874
1,1,Model Selection,21,1,9.13885,7.414055652471187,0.5434786060361728,4.67367,2.923382350802461,0.4717027512752976
1,1,Model Selection,22,1,9.41684,10.770730218549847,0.6045456045512826,4.79881,4.6376856459874665,0.630434594013235
1,1,Model Selection,23,2,10.4214,10.45358956283453,0.8771100739417989,4.62972,4.861080771726792,0.8037718496368008
1,1,Model Selection,24,2,6.13089,6.414566535959532,0.9578145631666058,2.87931,2.8375038148927096,0.8342001973012526
1,1,Model Selection,25,3,9.89993,8.886860300798466,0.6570735386567977,4.92915,4.450173769519735,0.6435514858032908
1,1,Model Selection,26,1,9.44702,8.878661264763284,0.49581331395580386,4.90717,5.228791366594156,0.5298360561877129
1,1,Model Selection,27,0,9.24319,9.839622595919973,0.7604651159955285,4.70238,4.850419393324623,0.6750730369991281
1,1,Model Selection,28,3,4.51178,4.69651430411059,0.7322705294621148,1.28971,1.3585805539575415,0.6680086825868928
1,1,Model Selection,29,0,4.87314,4.8661728476307395,0.8231208779999231,3.65188,2.7489757618612876,0.6974399572879423
1,1,Model Selection,30,2,5.15189,4.50826869146789,0.7192441907060506,1.87265,2.4588930399661932,0.6901768883729955
1,1,Model Selection,31,0,4.72427,5.811413897775772,0.7556946163102738,1.19283,2.0194615220046996,0.5941048360672619
1,1,Model Selection,32,1,7.18726,6.26317195153479,0.7287663098170746,2.49718,1.9399000230058134,0.7262941967475832
1,1,Model Selection,33,2,8.02499,8.401489733076208,0.739807885958224,3.59119,3.285300826994516,0.7173429885306304
1,1,Model Selection,34,3,7.56027,7.377731392540929,0.5517859976023228,3.10434,3.0649381532163833,0.5409531409860988
1,1,Model Selection,35,0,9.24725,9.808690726244063,0.7849117470694359,4.71931,4.844716529095076,0.7350541820919131
1,1,Model Selection,36,1,8.31567,8.989676405732258,0.8848002503319328,3.48547,4.88590404886838,0.7851261742135612
1,1,Model Selection,37,4,5.32822,5.851968272215217,0.8497915844577502,1.79646,2.223763179555206,0.6725776178653534
1,1,Model Selection,38,0,8.94641,8.478763061220917,0.7366210721773605,4.8242,4.186269993318667,0.6691483268952778
1,1,Model Selection,39,1,5.11392,4.869765750957632,0.627252990701487,2.99086,3.1806017260572794,0.6716804364302804
1,1,Model Selection,40,0,6.83197,7.835205667669908,0.7785834523139656,2.06786,3.808193763422016,0.7125223006286504
1,1,Model Selection,41,2,7.13367,7.439347406353125,0.8629142028458501,4.48825,3.6616740155485528,0.7769785302381635
1,1,Model Selection,42,1,9.10706,8.359623350686135,0.6677251694789871,3.13065,3.6981296953814007,0.7679854916655732
1,1,Model Selection,43,4,8.02606,7.5875627944372095,0.8103536858907828,4.45854,4.589215932660604,0.7479316585232557
1,1,Model Selection,44,3,4.5657,5.026757588250493,0.7672726278191614,1.3827,2.2060712320580036,0.6767150971276457
1,1,Model Selection,45,2,5.33957,6.197368586920673,0.7423191693099183,2.71903,2.9545915749734526,0.7093909247218259
1,1,Model Selection,46,0,8.14209,5.93888098611997,0.7608439390548649,4.77519,3.4099304718018932,0.7750149005283747
1,1,Model Selection,47,3,7.95193,8.026211055345504,0.6717303821766637,4.49069,3.849672513979162,0.6167961523814404
1,1,Model Selection,48,0,8.27295,9.03535622493745,0.7075611435340741,3.91402,3.582370711987512,0.6120054521420685
1,1,Model Selection,49,1,9.22919,9.205269555523202,0.621269592053543,4.0906,3.835417500643539,0.5557837445791379
1,1,Model Selection + Bagging,0,4,9.32916,8.155336890642076,0.9863389700648812,5.16871,4.547363504400554,0.7773709477493558
1,1,Model Selection + Bagging,1,3,7.68631,7.462346542848526,1.0732867632881662,3.81186,3.5461021937161408,1.0040288696462727
1,1,Model Selection + Bagging,2,0,4.56985,5.507551268556879,0.9272258673187089,1.39511,2.4514159415787935,0.873080130482479
1,1,Model Selection + Bagging,3,0,9.23804,7.378791512609029,1.0324667541150137,5.04394,3.8404553571184636,0.9181549439211595
1,1,Model Selection + Bagging,4,2,4.12091,6.019600557571682,1.127774826431451,1.58843,2.9654726144280263,1.1333963572313424
1,1,Model Selection + Bagging,5,4,9.77341,8.8254508034718,1.032689157904055,4.68698,3.6778968124581577,0.9021213602430549
1,1,Model Selection + Bagging,6,3,6.49371,5.848699766510972,0.8696335833817685,4.19441,2.5177819559860177,0.8416430007064981
1,1,Model Selection + Bagging,7,3,9.75931,9.994544132741318,0.7800728207429347,4.70237,4.779003706061274,0.722976207135762
1,1,Model Selection + Bagging,8,4,5.40848,6.666962000794364,1.0275496435998788,2.08749,2.879174486533469,0.9476439140648435
1,1,Model Selection + Bagging,9,4,7.599,6.767394894720155,1.0141935534540973,3.26644,3.4552271679324975,0.8506113557717762
1,1,Model Selection + Bagging,10,2,8.52081,9.851359761380614,0.8480348239616713,4.5379,4.674837714943177,0.8058589154494769
1,1,Model Selection + Bagging,11,4,11.0714,10.153465306468993,1.1572517604494952,4.87105,4.410456442639204,0.8917317246241827
1,1,Model Selection + Bagging,12,4,8.29498,8.47135693338769,1.0281220676728562,4.37633,2.990362386349935,0.9449057036748463
1,1,Model Selection + Bagging,13,1,10.3345,9.373516973516686,1.0516248486577977,3.57985,3.8847668993478544,0.8647060035472962
1,1,Model Selection + Bagging,14,2,4.75967,4.871457675128855,1.126928725158622,1.19214,1.9637430620222336,1.0570179419110466
1,1,Model Selection + Bagging,15,4,10.9876,10.092178837457341,1.0606797261937606,5.00077,4.086952918753852,0.7466689356366732
1,1,Model Selection + Bagging,16,4,8.9389,8.471685424463457,1.0133205742804707,4.29166,3.6649349348203244,0.9763620545127253
1,1,Model Selection + Bagging,17,2,7.51834,7.084051489311902,1.1121000604673321,2.25668,2.7982687873126286,1.0366005537587986
1,1,Model Selection + Bagging,18,3,9.69876,9.375135713331996,0.9201229604582318,2.62464,4.3337041371342675,0.8227093518566814
1,1,Model Selection + Bagging,19,1,6.43094,7.075041191073006,0.8636927919755898,3.48185,4.085100689907768,0.8354191160174111
1,1,Model Selection + Bagging,20,3,3.52219,4.145473905269027,1.0594867613970302,0.818414,1.7798943651294286,0.9171098548166575
1,1,Model Selection + Bagging,21,1,9.13885,7.422856724740572,0.8281403852039493,4.67367,2.942275069010148,0.6331020621444201
1,1,Model Selection + Bagging,22,1,9.41684,10.060863262444514,0.999898392467065,4.79881,4.7669506520638,0.733471092823825
1,1,Model Selection + Bagging,23,2,10.4214,10.391616166073108,1.0107431062224355,4.62972,4.7187704779454265,0.9448528667464033
1,1,Model Selection + Bagging,24,2,6.13089,6.471863715228921,1.101076117826693,2.87931,2.9850669618777697,1.0706126700960925
1,1,Model Selection + Bagging,25,3,9.89993,8.91843138675737,0.8768337978445435,4.92915,4.413045921383483,0.7472694110116175
1,1,Model Selection + Bagging,26,1,9.44702,9.03327786409495,0.7353118682437655,4.90717,5.035800363569029,0.5997841467870367
1,1,Model Selection + Bagging,27,0,9.24319,9.749963131101191,0.8818386531193307,4.70238,4.678526181989309,0.7565069649676424
1,1,Model Selection + Bagging,28,3,4.51178,5.4157184030577366,0.9158098532919176,1.28971,1.9836420139611413,0.9038343586716376
1,1,Model Selection + Bagging,29,0,4.87314,4.9793040706696345,0.9780483146024661,3.65188,2.6749254301736736,0.8717760241948627
1,1,Model Selection + Bagging,30,2,5.15189,4.873835823287,0.8870676885924044,1.87265,2.6098582969549433,0.8217323319068025
1,1,Model Selection + Bagging,31,0,4.72427,5.810687634742606,0.9923509964010533,1.19283,2.51811414541126,0.9226147586738771
1,1,Model Selection + Bagging,32,1,7.18726,6.5198991457153115,0.8801284611742758,2.49718,2.206518909071379,0.8333471273433167
1,1,Model Selection + Bagging,33,2,8.02499,8.346419795442866,0.9102182899901438,3.59119,3.3027513416329572,0.8725616666896746
1,1,Model Selection + Bagging,34,3,7.56027,7.6965160762231735,0.7014002212724979,3.10434,3.06302929991861,0.7376531448942237
1,1,Model Selection + Bagging,35,0,9.24725,9.778784994434895,0.8810974548191759,4.71931,4.794505088442065,0.8091715075949827
1,1,Model Selection + Bagging,36,1,8.31567,9.07127394019124,0.9795940617654751,3.48547,4.75465840916285,0.8226241440651795
1,1,Model Selection + Bagging,37,4,5.32822,5.968427906698071,1.002585288177301,1.79646,2.5137871593872356,0.8951467435428618
1,1,Model Selection + Bagging,38,0,8.94641,8.469617368049281,0.906481819416394,4.8242,4.0408077031018514,0.7604659815837881
1,1,Model Selection + Bagging,39,1,5.11392,4.5756821902828255,0.8383438020557862,2.99086,2.689481985883261,0.8975321841371524
1,1,Model Selection + Bagging,40,0,6.83197,7.933473044009148,0.9426618132467706,2.06786,3.891703971852958,0.8539242424074119
1,1,Model Selection + Bagging,41,2,7.13367,7.655823091106443,1.083644841224949,4.48825,3.796543508114884,0.9526740302952564
1,1,Model Selection + Bagging,42,1,9.10706,8.549847322972292,0.8439468426906194,3.13065,3.762549944293319,0.821217066678327
1,1,Model Selection + Bagging,43,4,8.02606,7.3002207850911525,0.9889948627380595,4.45854,4.5895648092449886,0.7612586244311511
1,1,Model Selection + Bagging,44,3,4.5657,5.458360962462999,0.967278519231454,1.3827,2.264161583156559,0.8792940119290904
1,1,Model Selection + Bagging,45,2,5.33957,6.14017488633819,0.8834832652889528,2.71903,3.011358127315209,0.8493477685074112
1,1,Model Selection + Bagging,46,0,8.14209,5.968228687678955,0.9696961075202039,4.77519,3.3110675440513284,0.9528569804936602
1,1,Model Selection + Bagging,47,3,7.95193,7.96565890934631,0.7939198354066347,4.49069,3.774633987286514,0.718351854428456
1,1,Model Selection + Bagging,48,0,8.27295,8.937626727673887,0.8041829087954631,3.91402,3.5593979558643136,0.724800125188303
1,1,Model Selection + Bagging,49,1,9.22919,8.9276944958341,0.8484940535363051,4.0906,3.8318544073593337,0.6583382731651586
2,2,Single GP,0,0,9.32916,8.66128907539844,0.46059215556555194,5.16871,4.602540963657148,0.7813951709569428
2,2,Single GP,1,2,7.68631,8.321126779285988,0.5275951198585654,3.81186,4.504085924453284,0.5370705390759283
2,2,Single GP,2,1,4.56985,5.582316819131948,0.8641674486033954,1.39511,2.3904942041632857,0.7690067489141221
2,2,Single GP,3,3,9.23804,8.17348035049517,0.40544552784720983,5.04394,4.914130767002343,0.39405861059434966
2,2,Single GP,4,3,4.12091,5.014507713139072,0.3974962299884113,1.58843,2.0529870178613807,0.40322231631688943
2,2,Single GP,5,2,9.77341,8.794959246996715,0.31876310401722024,4.68698,4.915565787576313,0.4587348790381076
2,2,Single GP,6,3,6.49371,5.23348309436461,0.36663628282166666,4.19441,1.9615953667809103,0.5183837978586554
2,2,Single GP,7,4,9.75931,9.779216120220477,0.7754731914923921,4.70237,5.090267913649379,0.7079626951432031
2,2,Single GP,8,4,5.40848,6.833990632987697,0.577210525599317,2.08749,2.245277603774677,0.47656597237408294
2,2,Single GP,9,0,7.599,7.2757942914502705,0.682723258192497,3.26644,3.460888834309307,0.8978688354931675
2,2,Single GP,10,2,8.52081,10.271730110235136,0.33434530782458444,4.5379,5.094148073278418,0.38332812328767485
2,2,Single GP,11,4,11.0714,10.629096332026919,1.0041617352762147,4.87105,4.844144566438983,0.7771545325117448
2,2,Single GP,12,1,8.29498,9.101483690066042,0.48135334907701516,4.37633,3.7149890041836127,0.42164186208951565
2,2,Single GP,13,0,10.3345,9.747708627875284,0.46517608920958115,3.57985,4.141735073562794,0.682660404977184
2,2,Single GP,14,1,4.75967,5.008129158647696,0.6466062241627527,1.19214,1.9930668274209296,0.7087406493321807
2,2,Single GP,15,4,10.9876,10.394457961620208,0.8912499772676317,5.00077,4.993862981896538,0.8033911025920715
2,2,Single GP,16,1,8.9389,8.842693024795715,0.5632180005636958,4.29166,3.490062906137425,0.5371949964455848
2,2,Single GP,17,1,7.51834,7.770507536251201,0.6620019239041764,2.25668,3.3123287959229324,0.6796567946337776
2,2,Single GP,18,4,9.69876,8.949151551064034,0.8159046182296595,2.62464,4.300313977833768,0.6821039290555957
2,2,Single GP,19,2,6.43094,7.898803149246436,0.6247526399440473,3.48185,4.290942884658244,0.7080751002223062
2,2,Single GP,20,3,3.52219,3.8991140000846913,0.463731815045909,0.818414,1.058598474026085,0.6370482936490505
2,2,Single GP,21,3,9.13885,7.596011710244525,0.321076699143852,4.67367,3.1898410276658873,0.3693217590812365
2,2,Single GP,22,4,9.41684,9.196171840021606,0.8415681203889713,4.79881,5.202219179031157,0.6995430858827377
2,2,Single GP,23,0,10.4214,10.425458443938725,0.6422769302692412,4.62972,4.413876751309828,0.747267885179025
2,2,Single GP,24,1,6.13089,6.205364643954938,0.5887084925490473,2.87931,2.4299259727417075,0.566798030128605
2,2,Single GP,25,1,9.89993,8.660777965827503,0.4804644204284268,4.92915,4.443215367340795,0.44075426662868494
2,2,Single GP,26,3,9.44702,8.342819656659916,0.2938777287352647,4.90717,4.859988575131791,0.3862071402236403
2,2,Single GP,27,1,9.24319,10.441086670111472,0.5579217057062922,4.70238,5.30382063968171,0.5097476875450644
2,2,Single GP,28,0,4.51178,4.993381681209531,0.49275450058543513,1.28971,1.09269988161377,0.5387159823962843
2,2,Single GP,29,2,4.87314,6.191915879827954,0.7569655121603021,3.65188,3.241944870887633,0.8164661397135249
2,2,Single GP,30,2,5.15189,5.299817291994659,0.5601816530097493,1.87265,2.3456710124215565,0.6770984700056307
2,2,Single GP,31,3,4.72427,5.925107248258639,0.4212717262486704,1.19283,1.6351946243323114,0.33801767327151555
2,2,Single GP,32,2,7.18726,6.179460517138812,0.8452517536926417,2.49718,1.8250999716142642,0.8750510185334911
2,2,Single GP,33,1,8.02499,7.956404972924666,0.5285738032524276,3.59119,3.4609722522125024,0.4568927171311864
2,2,Single GP,34,3,7.56027,7.850168680902997,0.2960307305088812,3.10434,3.0525432490773894,0.2907061067093048
2,2,Single GP,35,2,9.24725,9.14397719522594,0.655150750286877,4.71931,4.2418668302769635,0.7444226840600693
2,2,Single GP,36,0,8.31567,9.491962688794272,0.795328025646357,3.48547,4.143371299697068,0.890548294971944
2,2,Single GP,37,2,5.32822,6.208093280793751,0.7352621089297335,1.79646,1.9217079834127146,0.7788235416046941
2,2,Single GP,38,3,8.94641,7.548617985283493,0.3317210977244153,4.8242,3.6627513485511938,0.37344697075640265
2,2,Single GP,39,0,5.11392,4.549376906409309,0.7453727139248975,2.99086,3.154507441591883,0.8461958112648207
2,2,Single GP,40,4,6.83197,8.178126108208255,0.7378184707162301,2.06786,3.9520800038785935,0.5659498167588422
2,2,Single GP,41,2,7.13367,7.6277201350116774,0.5994840468337259,4.48825,3.9478664663811927,0.6536555070856288
2,2,Single GP,42,3,9.10706,8.551602636620043,0.33213709226128413,3.13065,4.124666818841795,0.6050273334209532
2,2,Single GP,43,4,8.02606,7.715743974025355,0.7120098542931289,4.45854,4.735348840470432,0.7118560425828073
2,2,Single GP,44,0,4.5657,5.662402774551249,0.48949181437804473,1.3827,1.1369389711848346,0.6703356447863825
2,2,Single GP,45,4,5.33957,4.847357603021363,0.6268103200775421,2.71903,2.9585268599793153,0.5186791847544356
2,2,Single GP,46,0,8.14209,5.692942537394328,0.49044832679014616,4.77519,4.317278669012805,0.766704783031458
2,2,Single GP,47,0,7.95193,8.22078802851817,0.47507170622505074,4.49069,4.175493061200554,0.5555173657103376
2,2,Single GP,48,1,8.27295,9.121901724080931,0.5479887023210602,3.91402,3.251696517739745,0.5001210972894689
2,2,Single GP,49,4,9.22919,9.390069553148441,0.5372120436073788,4.0906,3.881300487925094,0.5678114218138425
2,2,Model Selection,0,0,9.32916,8.66128907539844,0.46059215556555194,5.16871,4.507720592823532,0.8162395275937078
2,2,Model Selection,1,2,7.68631,8.321126779285988,0.5275951198585654,3.81186,3.795914497967045,0.7425127232450296
2,2,Model Selection,2,1,4.56985,5.477197372677531,0.9244366536920087,1.39511,2.405578890459826,0.8399287263760673
2,2,Model Selection,3,3,9.23804,8.288858909674753,0.5196888025998387,5.04394,4.787032803414731,0.451161426916925
2,2,Model Selection,4,3,4.12091,4.751001616221872,0.5041132398796773,1.58843,2.1146014671702105,0.44739887429544384
2,2,Model Selection,5,2,9.77341,8.794959246996715,0.31876310401722024,4.68698,4.408406600408902,0.7216489505545074
2,2,Model Selection,6,3,6.49371,5.165560050423741,0.4907458893409159,4.19441,2.0508175470461705,0.5507656591730099
2,2,Model Selection,7,4,9.75931,9.823835578802699,0.7803208664994277,4.70237,4.766517453161951,0.7361420883430585
2,2,Model Selection,8,4,5.40848,6.855781060299119,0.6061406198296665,2.08749,2.597797960048414,0.6527949379993891
2,2,Model Selection,9,0,7.599,7.2757942914502705,0.682723258192497,3.26644,3.492396042327945,0.8426251058401077
2,2,Model Selection,10,2,8.52081,10.271730110235136,0.33434530782458444,4.5379,4.816825369465988,0.6575988292252305
2,2,Model Selection,11,4,11.0714,10.55963160844118,0.9935078253349559,4.87105,4.537216396781663,0.8008515089643997
2,2,Model Selection,12,1,8.29498,9.024273495779699,0.7187881109976997,4.37633,3.675534658469666,0.6884883054049366
2,2,Model Selection,13,0,10.3345,9.747708627875284,0.46517608920958115,3.57985,3.9326028466161675,0.7894835099245141
2,2,Model Selection,14,1,4.75967,4.638107639604219,0.9144685000870688,1.19214,1.7118071635608405,0.8092719717327793
2,2,Model Selection,15,4,10.9876,10.331103091689405,0.8973042057566833,5.00077,4.604992757299046,0.8143650518775869
2,2,Model Selection,16,1,8.9389,8.706296232424688,0.8387338681323231,4.29166,3.639767219082141,0.7435133541185303
2,2,Model Selection,17,1,7.51834,7.2711494974522894,0.8906012088519351,2.25668,2.9429916174204944,0.8115746840636364
2,2,Model Selection,18,4,9.69876,9.043201738628467,0.811591697844917,2.62464,4.30231773011327,0.7683326081181256
2,2,Model Selection,19,2,6.43094,7.898803149246436,0.6247526399440473,3.48185,4.259971927618635,0.79890343176461
2,2,Model Selection,20,3,3.52219,3.9362844965560533,0.5886561097955291,0.818414,1.0291482304545503,0.6559452025797489
2,2,Model Selection,21,3,9.13885,7.908130597458116,0.4274083403178992,4.67367,3.1456844199011575,0.41541436902734563
2,2,Model Selection,22,4,9.41684,9.322379724521513,0.8395148935469233,4.79881,4.595528284490439,0.7791740740200679
2,2,Model Selection,23,0,10.4214,10.425458443938725,0.6422769302692412,4.62972,4.825579458037762,0.8108101361787932
2,2,Model Selection,24,1,6.13089,5.786705298044063,0.9406759590849024,2.87931,2.5820630106913596,0.7839429865848583
2,2,Model Selection,25,1,9.89993,8.995789182098154,0.7771852945401969,4.92915,4.441950446260778,0.6859489914152194
2,2,Model Selection,26,3,9.44702,8.253659673949173,0.37674890368624375,4.90717,4.7851476258267995,0.4283090516986537
2,2,Model Selection,27,1,9.24319,9.831375933959881,0.8344192471176719,4.70238,5.023612993856166,0.7147686239142241
2,2,Model Selection,28,0,4.51178,4.993381681209531,0.49275450058543513,1.28971,1.4633630826693724,0.7078783129998555
2,2,Model Selection,29,2,4.87314,6.191915879827954,0.7569655121603021,3.65188,3.3175843387312676,0.8320478398884571
2,2,Model Selection,30,2,5.15189,5.299817291994659,0.5601816530097493,1.87265,2.4306077710824328,0.7823751784595139
2,2,Model Selection,31,3,4.72427,5.950498918085255,0.5511550210722568,1.19283,1.6842953526416502,0.38811651287115595
2,2,Model Selection,32,2,7.18726,6.179460517138812,0.8452517536926417,2.49718,2.1862837824180286,0.8765097067317253
2,2,Model Selection,33,1,8.02499,8.427058757753274,0.7734921811287458,3.59119,3.32391057031531,0.7013114361834909
2,2,Model Selection,34,3,7.56027,7.817560948609438,0.36843967005291495,3.10434,3.0592013664925086,0.33231935891375874
2,2,Model Selection,35,2,9.24725,9.14397719522594,0.655150750286877,4.71931,4.597282312735368,0.8394158386565861
2,2,Model Selection,36,0,8.31567,9.491962688794272,0.795328025646357,3.48547,4.462968293238293,0.8657159091634028
2,2,Model Selection,37,2,5.32822,6.208093280793751,0.7352621089297335,1.79646,2.4117664906469463,0.8220289116577855
2,2,Model Selection,38,3,8.94641,7.49068468690785,0.45575565549599034,4.8242,3.7285383491108486,0.42841040013724074
2,2,Model Selection,39,0,5.11392,4.549376906409309,0.7453727139248975,2.99086,2.6481102880524476,0.8318112513097949
2,2,Model Selection,40,4,6.83197,8.147284526079623,0.7458618860999331,2.06786,3.722518329302023,0.7245630422167794
2,2,Model Selection,41,2,7.13367,7.6277201350116774,0.5994840468337259,4.48825,3.71656095535369,0.7954654278243303
2,2,Model Selection,42,3,9.10706,8.658312571458136,0.4183929580470174,3.13065,4.095807163881705,0.6109629330976875
2,2,Model Selection,43,4,8.02606,7.61972797948869,0.7267133744580004,4.45854,4.5993284304912745,0.754943516284604
2,2,Model Selection,44,0,4.5657,5.662402774551249,0.48949181437804473,1.3827,1.7352916559643583,0.724695386153575
2,2,Model Selection,45,4,5.33957,4.863418295014945,0.6464010419613383,2.71903,2.9866614614208973,0.6434776952914402
2,2,Model Selection,46,0,8.14209,5.692942537394328,0.49044832679014616,4.77519,4.0718558903647315,0.7900187487633319
2,2,Model Selection,47,0,7.95193,8.22078802851817,0.47507170622505074,4.49069,4.12607863356725,0.7030621865096092
2,2,Model Selection,48,1,8.27295,8.721989636333545,0.7402580540292104,3.91402,3.4232546339223635,0.7118670230135073
2,2,Model Selection,49,4,9.22919,9.365717855488555,0.5726637507961219,4.0906,3.7253297453074024,0.6420460945807236
2,2,Model Selection + Bagging,0,0,9.32916,8.428177137102463,0.7264058188452179,5.16871,4.533116406172115,0.8680557862989807
2,2,Model Selection + Bagging,1,2,7.68631,8.085973490685808,0.9641873185400075,3.81186,3.402357056272838,1.0375055636831472
2,2,Model Selection + Bagging,2,1,4.56985,5.769797584184061,1.0935264926087678,1.39511,2.516655093608007,0.9739665300716329
2,2,Model Selection + Bagging,3,3,9.23804,7.841231220441739,1.0308190665867838,5.04394,4.562219469090082,0.6239244727520059
2,2,Model Selection + Bagging,4,3,4.12091,5.1894338205228445,0.8913700240183166,1.58843,2.466081719862064,0.7965637481452598
2,2,Model Selection + Bagging,5,2,9.77341,9.120668233609317,0.756797484020078,4.68698,4.113755250288813,0.9676170207125266
2,2,Model Selection + Bagging,6,3,6.49371,5.569633651667111,0.8210562999770618,4.19441,2.12294823497922,0.8073036990181361
2,2,Model Selection + Bagging,7,4,9.75931,9.546192699273044,0.9454981798440992,4.70237,4.643369553205812,0.8097342655380221
2,2,Model Selection + Bagging,8,4,5.40848,6.616106564986595,0.9927292720957805,2.08749,2.9962095371258375,0.9107950721298181
2,2,Model Selection + Bagging,9,0,7.599,7.079808673560132,0.8908673178956487,3.26644,3.495216906210648,0.9844835889762859
2,2,Model Selection + Bagging,10,2,8.52081,10.138462246826377,0.6892986780341431,4.5379,4.471596340638462,0.9180905759074719
2,2,Model Selection + Bagging,11,4,11.0714,10.142255084609193,1.3224636749082845,4.87105,4.489797248245791,0.8717758665265669
2,2,Model Selection + Bagging,12,1,8.29498,8.81619935079995,0.9401777837043579,4.37633,3.7260730138706717,0.8500161740508513
2,2,Model Selection + Bagging,13,0,10.3345,9.629954291491412,0.7104231288876447,3.57985,3.835289504633516,0.8812417527268565
2,2,Model Selection + Bagging,14,1,4.75967,4.937824496558398,1.0995023399437205,1.19214,1.8568701647822807,0.952969643612455
2,2,Model Selection + Bagging,15,4,10.9876,9.84627464684709,1.2127739671492244,5.00077,4.474925995315417,0.893303418872549
2,2,Model Selection + Bagging,16,1,8.9389,8.747083406443313,0.9926971289984599,4.29166,3.4624868249680376,0.893095784101279
2,2,Model Selection + Bagging,17,1,7.51834,7.05755555433856,1.1328185953115604,2.25668,2.791407307471707,0.9656166390941308
2,2,Model Selection + Bagging,18,4,9.69876,9.02955627299713,0.9581505182554734,2.62464,4.193132967217181,0.8392886202681407
2,2,Model Selection + Bagging,19,2,6.43094,7.755407486287543,0.7459702904293851,3.48185,4.149170462790151,0.9599362224650099
2,2,Model Selection + Bagging,20,3,3.52219,3.952633081285382,0.950388810817559,0.818414,1.2223696139257805,0.8490921963548934
2,2,Model Selection + Bagging,21,3,9.13885,7.691567691901906,0.719277802957802,4.67367,3.1175782188802206,0.5831872993442754
2,2,Model Selection + Bagging,22,4,9.41684,9.277866882107912,1.075980964931319,4.79881,4.4113344967813495,0.8755838336134929
2,2,Model Selection + Bagging,23,0,10.4214,10.504156299343311,0.8973009126955962,4.62972,4.697393225370291,0.9413490219491261
2,2,Model Selection + Bagging,24,1,6.13089,5.763116210735887,1.134113223078503,2.87931,2.7570144141395363,0.9138996825135342
2,2,Model Selection + Bagging,25,1,9.89993,9.20702859739581,1.0242725776923292,4.92915,4.400556770355683,0.8447867529162075
2,2,Model Selection + Bagging,26,3,9.44702,8.624710048114755,0.604138021842802,4.90717,4.811992064964997,0.5748291676256528
2,2,Model Selection + Bagging,27,1,9.24319,9.709494112160957,0.9970381278572726,4.70238,4.8210601963449475,0.8277707509325882
2,2,Model Selection + Bagging,28,0,4.51178,5.315755327388073,0.7845051282955041,1.28971,2.0109939775174133,0.9572720069371514
2,2,Model Selection + Bagging,29,2,4.87314,5.875437158697135,1.1218060267013958,3.65188,3.187434298355041,1.052951584204986
2,2,Model Selection + Bagging,30,2,5.15189,5.335663221463029,0.9922617569953535,1.87265,2.5553491564046946,1.0380672418033448
2,2,Model Selection + Bagging,31,3,4.72427,5.7608954004076445,0.8218011729869624,1.19283,1.8115771479345282,0.5453334765814881
2,2,Model Selection + Bagging,32,2,7.18726,6.462851574184276,1.059351782277772,2.49718,2.671955911608464,1.0904622523849337
2,2,Model Selection + Bagging,33,1,8.02499,8.410385527944722,0.9290996519169381,3.59119,3.2565181288583593,0.8270702763306759
2,2,Model Selection + Bagging,34,3,7.56027,7.8175961814912585,0.6177135823856442,3.10434,2.8947019819657402,0.5876850453045931
2,2,Model Selection + Bagging,35,2,9.24725,9.235738397283757,0.8256691505893179,4.71931,4.637220642959459,0.9316643223423092
2,2,Model Selection + Bagging,36,0,8.31567,9.180058100546875,1.116836285648567,3.48547,4.383226771466165,0.9346690863195004
2,2,Model Selection + Bagging,37,2,5.32822,6.225161305052197,0.9292670906883578,1.79646,2.746633624838481,1.0822710050760593
2,2,Model Selection + Bagging,38,3,8.94641,7.803510008541672,0.7071049018133283,4.8242,3.8328781483633523,0.6055483892287569
2,2,Model Selection + Bagging,39,0,5.11392,4.455807198944433,1.014362675819419,2.99086,2.460969398666399,1.0432572566345046
2,2,Model Selection + Bagging,40,4,6.83197,7.8308378471928695,0.9938022758418869,2.06786,3.550257620342046,0.8579819654116405
2,2,Model Selection + Bagging,41,2,7.13367,7.809151843673053,1.0118826380076789,4.48825,3.741422198631197,1.1012047593893095
2,2,Model Selection + Bagging,42,3,9.10706,8.588215774779139,0.7783380275557313,3.13065,3.8871376352687514,0.7068100660686377
2,2,Model Selection + Bagging,43,4,8.02606,7.572662598730009,1.0437559326427621,4.45854,4.4079330588725965,0.8630594116170334
2,2,Model Selection + Bagging,44,0,4.5657,5.565876873524477,0.8639136363827592,1.3827,2.0821025977333,0.9476920389523058
2,2,Model Selection + Bagging,45,4,5.33957,5.356526440264496,0.9059936437191699,2.71903,2.961803526403351,0.7675828360418812
2,2,Model Selection + Bagging,46,0,8.14209,5.7553594848465295,0.6979832516570988,4.77519,3.608989803997648,1.022566416957145
2,2,Model Selection + Bagging,47,0,7.95193,8.015091423672168,0.9083844662416243,4.49069,3.8731358222212613,0.9074793129920043
2,2,Model Selection + Bagging,48,1,8.27295,8.74239493407869,0.8658661039489635,3.91402,3.3897839134786905,0.7934991132731343
2,2,Model Selection + Bagging,49,4,9.22919,8.983949485658187,0.8040616436967851,4.0906,3.6150634776936394,0.7601457688141048
3,3,Single GP,0,4,9.32916,9.205681086372426,0.6924068861226587,5.16871,4.779838647054474,0.7389632477021914
3,3,Single GP,1,2,7.68631,7.474585001457923,0.6295800343238375,3.81186,4.443178108519006,0.5007913385117375
3,3,Single GP,2,2,4.56985,4.994847052803516,0.7013887816283386,1.39511,2.3133455393541444,0.7805157546015715
3,3,Single GP,3,4,9.23804,8.258949824161418,0.64228924899779,5.04394,4.67330851654933,0.5876653849014909
3,3,Single GP,4,1,4.12091,4.793395217704041,0.6222156105205303,1.58843,1.9880750684676491,0.5712976954202338
3,3,Single GP,5,2,9.77341,8.704561102292686,0.3855126119396527,4.68698,4.452444789779023,0.5306373791864039
3,3,Single GP,6,0,6.49371,5.650141058852527,0.7513746394005681,4.19441,1.9463108027353655,0.7079638581621108
3,3,Single GP,7,2,9.75931,9.666843205002417,0.6521948229741024,4.70237,5.2678656676859825,0.50157835107777
3,3,Single GP,8,4,5.40848,5.829015864894918,0.5273352625753397,2.08749,2.2143775907371896,0.5221378103356491
3,3,Single GP,9,0,7.599,6.883189841236264,0.8339946809226797,3.26644,3.2941650826040245,0.7571771580634568
3,3,Single GP,10,4,8.52081,10.115399594829807,0.45719824881271626,4.5379,4.903521535006506,0.3748135765839319
3,3,Single GP,11,1,11.0714,8.758342020456361,0.9510955965406992,4.87105,4.677444767626096,0.720051608386027
3,3,Single GP,12,0,8.29498,8.885546671067921,0.572435069636211,4.37633,3.4451085814506897,0.45422482344247367
3,3,Single GP,13,0,10.3345,10.380643058872707,0.6619171488103207,3.57985,3.9102325622888388,0.7212032042413499
3,3,Single GP,14,3,4.75967,5.327741360230867,0.7463583597020969,1.19214,2.0648479437125626,0.7811861399090346
3,3,Single GP,15,1,10.9876,9.620475791543676,0.7003032909557607,5.00077,5.103286851473548,0.6077459704534655
3,3,Single GP,16,1,8.9389,8.11198063972902,0.7846372841437135,4.29166,4.243399112959737,0.6767362781078795
3,3,Single GP,17,3,7.51834,7.168736654287592,0.7763620680494839,2.25668,3.7146463082144656,0.7849605581090344
3,3,Single GP,18,1,9.69876,8.067732054039737,0.9993565480801725,2.62464,4.357171097057265,0.7281514655817435
3,3,Single GP,19,4,6.43094,7.353563648242199,0.6509531804119962,3.48185,4.1727996855431675,0.6953239336913498
3,3,Single GP,20,3,3.52219,4.043902138093304,0.7341241851025596,0.818414,1.3439238511922968,0.9399781217213545
3,3,Single GP,21,4,9.13885,8.128223243365637,0.5241362320894353,4.67367,3.088457410324921,0.5376824765402017
3,3,Single GP,22,3,9.41684,10.550435504239209,0.6419663544346413,4.79881,4.505880252903171,0.6823531307565741
3,3,Single GP,23,1,10.4214,8.394817853169911,0.8899185102228083,4.62972,4.8915671141756905,0.6881360697299693
3,3,Single GP,24,4,6.13089,6.118164113035027,0.6629373901929673,2.87931,2.698070148553181,0.6103185329659433
3,3,Single GP,25,1,9.89993,8.760151544797575,0.5659287327016554,4.92915,4.518208734913067,0.6741125401925522
3,3,Single GP,26,3,9.44702,8.35406436618439,0.39861798641976653,4.90717,4.797743851600717,0.4966822017705224
3,3,Single GP,27,2,9.24319,9.688387718198195,0.533792334743064,4.70238,5.365864822074082,0.49797247861584765
3,3,Single GP,28,0,4.51178,5.626836224571976,0.7940043250304116,1.28971,1.1612913759042858,0.611461096705884
3,3,Single GP,29,3,4.87314,5.003789006989335,0.6881700335677973,3.65188,3.2332887319960744,0.5934047862638393
3,3,Single GP,30,1,5.15189,4.027301673055124,0.524045138977465,1.87265,2.341910302741937,0.6263790762768384
3,3,Single GP,31,0,4.72427,6.278712676442447,0.8089694475295357,1.19283,2.0853366262419053,0.6476869863654268
3,3,Single GP,32,3,7.18726,6.830389496951371,0.5063756319664807,2.49718,2.25605112642414,0.8647653677540575
3,3,Single GP,33,3,8.02499,8.137446781009274,0.501086483526669,3.59119,3.4521022727354698,0.5109895695470109
3,3,Single GP,34,2,7.56027,7.360808316605345,0.3633583728599127,3.10434,3.0675296980294235,0.4017787665800341
3,3,Single GP,35,2,9.24725,9.24648275785633,0.6322617786993462,4.71931,4.747028301699327,0.8021388749800155
3,3,Single GP,36,1,8.31567,8.766517972609904,0.9151961824203677,3.48547,4.529607661434188,0.7389510419625022
3,3,Single GP,37,1,5.32822,5.684393074166803,0.6939989051133759,1.79646,2.919434878233594,0.7175512883404435
3,3,Single GP,38,3,8.94641,7.29446634708564,0.5606817559619388,4.8242,3.7857573804748452,0.5760682659994875
3,3,Single GP,39,0,5.11392,4.994591011588511,0.809797128450028,2.99086,1.9695650065137627,0.7304656840318584
3,3,Single GP,40,2,6.83197,8.358905949231186,0.6112253306887764,2.06786,4.11045450903769,0.6624670409093611
3,3,Single GP,41,4,7.13367,7.234899724670453,0.6392664541293492,4.48825,3.822439470335466,0.564448296160488
3,3,Single GP,42,4,9.10706,8.948201074891148,0.6661718687717826,3.13065,4.085195714777119,0.727261692855126
3,3,Single GP,43,2,8.02606,7.319451492572016,0.46626877899329483,4.45854,4.8660317227066745,0.7585414185897972
3,3,Single GP,44,3,4.5657,5.764450156175849,0.5579988376917185,1.3827,2.106504924288424,0.7476300870569107
3,3,Single GP,45,0,5.33957,6.4623678428668825,0.7505147886530593,2.71903,2.7704929429467775,0.668425657072343
3,3,Single GP,46,2,8.14209,5.638851332879277,0.5293054516006673,4.77519,4.5917122558016885,0.6163876427920775
3,3,Single GP,47,0,7.95193,7.954480000700803,0.6986493816263226,4.49069,3.711933724944889,0.5867579257105499
3,3,Single GP,48,0,8.27295,9.585335499055924,0.5932538981408296,3.91402,3.2782233901584137,0.5293256819684382
3,3,Single GP,49,4,9.22919,9.591366952081161,0.5475231555425532,4.0906,3.6784936493466924,0.41646498588348096
3,3,Model Selection,0,4,9.32916,9.58763194254886,0.6440359693784915,5.16871,4.584075628893913,0.7785089135212566
3,3,Model Selection,1,2,7.68631,7.717043819304096,0.7861940245563629,3.81186,3.7162053474738697,0.7135286210061459
3,3,Model Selection,2,2,4.56985,5.4628623138749015,0.8353260802980348,1.39511,2.428437666370769,0.8181489350485202
3,3,Model Selection,3,4,9.23804,8.321666973835478,0.5828594487465594,5.04394,4.286878687411481,0.7145519547985867
3,3,Model Selection,4,1,4.12091,5.565018302525376,0.8330467734494403,1.58843,2.46771827745631,0.6541981121891707
3,3,Model Selection,5,2,9.77341,8.620323724461553,0.6146134450729193,4.68698,4.345101799741984,0.6919963665828488
3,3,Model Selection,6,0,6.49371,5.671319635935017,0.920898633948692,4.19441,2.2104319355540336,0.7820922991162864
3,3,Model Selection,7,2,9.75931,9.85828488812762,0.7841287230917872,4.70237,4.993556815631836,0.6951926353324973
3,3,Model Selection,8,4,5.40848,5.812589483986479,0.4684968653447427,2.08749,2.350631428865195,0.673945090166741
3,3,Model Selection,9,0,7.599,7.076602654994223,0.930812563543343,3.26644,3.452957581783221,0.8104849405211653
3,3,Model Selection,10,4,8.52081,10.31970973301663,0.41310080451802217,4.5379,4.7774396242723345,0.6089724107486578
3,3,Model Selection,11,1,11.0714,9.751509700705778,1.0152077779155775,4.87105,4.906950830881211,0.7610565310845787
3,3,Model Selection,12,0,8.29498,8.786589641036299,0.7581045427511689,4.37633,3.7618658716960702,0.6026602743833264
3,3,Model Selection,13,0,10.3345,9.510905666996404,0.9115642039269516,3.57985,3.7802940180197586,0.790996193329172
3,3,Model Selection,14,3,4.75967,5.056442885643145,0.7359941169775371,1.19214,2.0648479437125626,0.7811861399090346
3,3,Model Selection,15,1,10.9876,9.989833164429587,0.8804544722031076,5.00077,4.721322402269696,0.6801580865093863
3,3,Model Selection,16,1,8.9389,8.204242863378209,0.8915494369952982,4.29166,4.24364117292671,0.68365803177816
3,3,Model Selection,17,3,7.51834,7.041622427278036,0.7716055703673212,2.25668,3.7146463082144656,0.7849605581090344
3,3,Model Selection,18,1,9.69876,8.634342124877662,1.0184526798071707,2.62464,4.50309019290476,0.7821886441818581
3,3,Model Selection,19,4,6.43094,7.5183021027910515,0.5925865644280227,3.48185,4.038526008335229,0.7492404071142473
3,3,Model Selection,20,3,3.52219,3.9274120904631746,0.7541748060869159,0.818414,1.3439238511922968,0.9399781217213545
3,3,Model Selection,21,4,9.13885,8.261712554810142,0.4612246884234363,4.67367,3.0714670229843186,0.663986496519417
3,3,Model Selection,22,3,9.41684,10.560150177504607,0.6567486982237101,4.79881,4.505880252903171,0.6823531307565741
3,3,Model Selection,23,1,10.4214,9.48199136949252,0.9879110596790238,4.62972,5.017778917655024,0.7661593213662099
3,3,Model Selection,24,4,6.13089,6.313082227045502,0.595211300374526,2.87931,2.474027419128153,0.7443512106940532
3,3,Model Selection,25,1,9.89993,8.953360322764286,0.7535249516680372,4.92915,4.597635575573314,0.6333593322852581
3,3,Model Selection,26,3,9.44702,8.314116133641662,0.4563169552489917,4.90717,4.797743851600717,0.4966822017705224
3,3,Model Selection,27,2,9.24319,9.699554355636584,0.7575923826509229,4.70238,5.080722823866109,0.6958701611578301
3,3,Model Selection,28,0,4.51178,5.48124585930402,0.9202987470516814,1.28971,1.644327897927967,0.753119552397013
3,3,Model Selection,29,3,4.87314,4.973314597316344,0.6997659031551594,3.65188,3.2332887319960744,0.5934047862638393
3,3,Model Selection,30,1,5.15189,4.532150965176452,0.7295813074617594,1.87265,2.547108314580242,0.6493520875605948
3,3,Model Selection,31,0,4.72427,5.637531332171033,0.9281912031569642,1.19283,1.9933732883822826,0.7539977674598691
3,3,Model Selection,32,3,7.18726,6.90607168055117,0.5475078412789156,2.49718,2.25605112642414,0.8647653677540575
3,3,Model Selection,33,3,8.02499,8.132131722761457,0.5333982182486245,3.59119,3.4521022727354698,0.5109895695470109
3,3,Model Selection,34,2,7.56027,7.585235405335887,0.6573732732878672,3.10434,3.0842286559860805,0.626171632194942
3,3,Model Selection,35,2,9.24725,9.489027224723385,0.7851501976705321,4.71931,4.939096247777677,0.8438821981241121
3,3,Model Selection,36,1,8.31567,8.790738386994125,0.9551512779130295,3.48547,4.552484116250832,0.7912600834761229
3,3,Model Selection,37,1,5.32822,5.881174218201837,0.8338361257962055,1.79646,2.580983238809652,0.7153376497366188
3,3,Model Selection,38,3,8.94641,7.440930306785608,0.5945669279390632,4.8242,3.7857573804748452,0.5760682659994875
3,3,Model Selection,39,0,5.11392,4.485035729026452,0.9446007430581526,2.99086,2.0340439939015877,0.7993008306360884
3,3,Model Selection,40,2,6.83197,8.011527469262939,0.8121408314628497,2.06786,3.83137535911277,0.7639850615534391
3,3,Model Selection,41,4,7.13367,7.329402939086675,0.6032938285656971,4.48825,3.5587159677753855,0.7293749419543016
3,3,Model Selection,42,4,9.10706,8.866530568788384,0.6320641690791703,3.13065,3.8853542584250778,0.7911527664975455
3,3,Model Selection,43,2,8.02606,7.056892083202294,0.7434374320041136,4.45854,4.50837955679691,0.8112791623947208
3,3,Model Selection,44,3,4.5657,5.663191239537061,0.6032558479034835,1.3827,2.106504924288424,0.7476300870569107
3,3,Model Selection,45,0,5.33957,5.756418388390848,0.8715639844190264,2.71903,2.868948987456641,0.7444432868411884
3,3,Model Selection,46,2,8.14209,5.604946846506319,0.7734373901537372,4.77519,4.070856152601525,0.7639903536745306
3,3,Model Selection,47,0,7.95193,7.811031697990662,0.8222837077584072,4.49069,3.9241485486959498,0.6672008642970033
3,3,Model Selection,48,0,8.27295,8.84584501658431,0.7749155206656005,3.91402,3.3143817230680135,0.6648349751509514
3,3,Model Selection,49,4,9.22919,9.601633677490671,0.5156288756035542,4.0906,3.7403957199705107,0.6167115272986811
3,3,Model Selection + Bagging,0,4,9.32916,8.666579496846783,0.8769417452135668,5.16871,4.332219005645865,0.9165202371315903
3,3,Model Selection + Bagging,1,2,7.68631,7.391623064116012,0.9934544780221742,3.81186,3.0960918216909556,0.9030253122310032
3,3,Model Selection + Bagging,2,2,4.56985,5.732432328737556,0.9418744169239882,1.39511,2.6151089827379854,0.9380581167104475
3,3,Model Selection + Bagging,3,4,9.23804,8.035398234564017,1.0081227415231866,5.04394,4.066554382620399,0.9032965072145849
3,3,Model Selection + Bagging,4,1,4.12091,5.611687869511572,0.9856875486479424,1.58843,2.542886486897383,0.8257397724790609
3,3,Model Selection + Bagging,5,2,9.77341,8.919555193362353,0.9264292250626527,4.68698,4.049313017781825,0.8683778491988481
3,3,Model Selection + Bagging,6,0,6.49371,5.8572192362627895,1.1095465433570577,4.19441,2.5306709804053367,0.9952897715556419
3,3,Model Selection + Bagging,7,2,9.75931,9.970889029196652,0.9462507350996013,4.70237,4.763072859311508,0.8212248499476471
3,3,Model Selection + Bagging,8,4,5.40848,5.794951205997059,0.9576090765498005,2.08749,2.582802552682362,0.9174774819882562
3,3,Model Selection + Bagging,9,0,7.599,6.965246056171114,1.050364563629065,3.26644,3.4732247646093293,0.909471927126956
3,3,Model Selection + Bagging,10,4,8.52081,9.55555931308254,0.9498478143880353,4.5379,4.593205551583456,0.7949955708229638
3,3,Model Selection + Bagging,11,1,11.0714,9.72990937134491,1.1606321737151009,4.87105,4.746161612081925,0.896854356216344
3,3,Model Selection + Bagging,12,0,8.29498,8.824927010854859,0.9646927784489241,4.37633,3.9711109410548535,0.8432872676354312
3,3,Model Selection + Bagging,13,0,10.3345,9.336392056097846,1.019788783613434,3.57985,3.8670719000334834,0.8819449483878943
3,3,Model Selection + Bagging,14,3,4.75967,4.810258684348296,1.0836743133652211,1.19214,2.0730585585466916,1.0324457462639092
3,3,Model Selection + Bagging,15,1,10.9876,9.84554445756151,1.0760637623078655,5.00077,4.558742532663581,0.8353260378304307
3,3,Model Selection + Bagging,16,1,8.9389,8.202802031440273,1.0348742865010963,4.29166,4.120410052142648,0.8408186999601727
3,3,Model Selection + Bagging,17,3,7.51834,7.268998301636185,1.4169272538715556,2.25668,3.067305542415946,1.1893612956380804
3,3,Model Selection + Bagging,18,1,9.69876,8.632244784180168,1.1359124301305021,2.62464,4.358772966927886,0.9071992018881302
3,3,Model Selection + Bagging,19,4,6.43094,7.490288329776481,0.867440492339846,3.48185,3.6292736027527512,0.9735689513556177
3,3,Model Selection + Bagging,20,3,3.52219,3.7836376496208075,1.1781419658704166,0.818414,1.962116370642785,1.3884350873821005
3,3,Model Selection + Bagging,21,4,9.13885,7.54753106931854,0.8546667483841756,4.67367,2.988968180512801,0.7944181022292894
3,3,Model Selection + Bagging,22,3,9.41684,9.968968977776932,1.1661104903033184,4.79881,4.53598431385749,0.8211013569520184
3,3,Model Selection + Bagging,23,1,10.4214,9.571340175481588,1.1114656113382129,4.62972,4.9268445304935655,0.9308155073933401
3,3,Model Selection + Bagging,24,4,6.13089,5.558460564501262,1.0920281368178573,2.87931,2.684133509509279,0.9245101765771364
3,3,Model Selection + Bagging,25,1,9.89993,8.978135763934716,0.8994738943279678,4.92915,4.569553752503927,0.7203876113044316
3,3,Model Selection + Bagging,26,3,9.44702,8.953544029819607,0.8784816574276615,4.90717,4.679516452943516,0.7235493625057123
3,3,Model Selection + Bagging,27,2,9.24319,9.605813708345128,0.9009330145174335,4.70238,4.921391657627361,0.8237774612770924
3,3,Model Selection + Bagging,28,0,4.51178,5.655171644272814,1.1198801723524394,1.28971,2.115086186437164,0.9753300936545835
3,3,Model Selection + Bagging,29,3,4.87314,5.545389701626567,0.9826128099114928,3.65188,3.0213585607641007,0.8432094458049317
3,3,Model Selection + Bagging,30,1,5.15189,4.78655975349383,0.8807301432423313,1.87265,2.5479612140777395,0.8366430635047292
3,3,Model Selection + Bagging,31,0,4.72427,5.797888116586005,1.1096973078660115,1.19283,2.410175601511551,0.9618317004524473
3,3,Model Selection + Bagging,32,3,7.18726,7.066129296733065,1.0438501054353035,2.49718,2.8815274054350244,1.0956050755237023
3,3,Model Selection + Bagging,33,3,8.02499,8.411894950684822,0.8392949087185757,3.59119,3.4340525508536333,0.8315113682235822
3,3,Model Selection + Bagging,34,2,7.56027,7.874673365823758,0.8813300097033404,3.10434,3.2225827477757982,0.7714752279987006
3,3,Model Selection + Bagging,35,2,9.24725,9.591915337175692,0.9345412942395195,4.71931,4.857895285450681,0.899004877450656
3,3,Model Selection + Bagging,36,1,8.31567,8.668508033608731,1.0671868979629786,3.48547,4.48171155535116,0.8773244464644423
3,3,Model Selection + Bagging,37,1,5.32822,6.045816864108014,0.9566385865307983,1.79646,2.8199887259940457,0.9408389947387763
3,3,Model Selection + Bagging,38,3,8.94641,8.187312332910226,0.900407798865036,4.8242,3.9928068244297363,0.7808840215794187
3,3,Model Selection + Bagging,39,0,5.11392,4.5739921548167395,1.1023729966961913,2.99086,2.2530975725961038,0.9669906081506864
3,3,Model Selection + Bagging,40,2,6.83197,7.744916328774847,0.9445904365756844,2.06786,3.6174072533489112,0.9227972016281801
3,3,Model Selection + Bagging,41,4,7.13367,7.591331237898458,1.0055003312747264,4.48825,3.324931377491649,0.9476449346669144
3,3,Model Selection + Bagging,42,4,9.10706,8.493392891788316,1.09498723118219,3.13065,3.696123967731307,0.9433703912682821
3,3,Model Selection + Bagging,43,2,8.02606,6.878187823420575,0.9701146998182082,4.45854,4.186881739981888,0.9311760857474255
3,3,Model Selection + Bagging,44,3,4.5657,5.333364914424578,1.0600970464485377,1.3827,2.4001014801454508,1.1145931602711074
3,3,Model Selection + Bagging,45,0,5.33957,5.830481400711226,1.119284317437754,2.71903,2.9418653342423045,0.8837842372027253
3,3,Model Selection + Bagging,46,2,8.14209,5.798057603250203,1.0936752156128366,4.77519,3.740922813016578,0.942897585241827
3,3,Model Selection + Bagging,47,0,7.95193,7.714435336079908,0.9785214138051299,4.49069,3.87947842382803,0.8150183495670493
3,3,Model Selection + Bagging,48,0,8.27295,8.779670296440994,0.859428624176005,3.91402,3.4532577143774232,0.8115869452508008
3,3,Model Selection + Bagging,49,4,9.22919,9.403489530782945,0.825422931589171,4.0906,3.6343753680931874,0.8092121981527215
4,4,Single GP,0,3,9.32916,8.183678947768957,0.5580380661083261,5.16871,4.174976780432764,0.6371242613491777
4,4,Single GP,1,4,7.68631,7.346610099401648,0.594483132490692,3.81186,3.9657781977579645,0.5434967273993551
4,4,Single GP,2,3,4.56985,5.091349667213533,0.5448394337549624,1.39511,2.613944860466826,0.7441205344615779
4,4,Single GP,3,3,9.23804,7.634736837659513,0.43452581286386716,5.04394,4.795105651713243,0.4628993588266188
4,4,Single GP,4,0,4.12091,4.492334524696081,0.6085188706736212,1.58843,1.97049674146353,0.4855394151236782
4,4,Single GP,5,4,9.77341,8.651815030727706,0.35171329034040205,4.68698,4.2646250068936125,0.6148435346618318
4,4,Single GP,6,0,6.49371,5.239824326180195,0.615888841667208,4.19441,2.2149072665120704,0.5782043352727598
4,4,Single GP,7,0,9.75931,9.75240256864728,0.5587833749443414,4.70237,4.969623332350912,0.4684717027809942
4,4,Single GP,8,4,5.40848,5.418500353483001,0.5782556145878975,2.08749,2.3018730155708225,0.5109808957633573
4,4,Single GP,9,4,7.599,7.005014182872753,0.6321374650500595,3.26644,3.7740568414379663,0.6915010189104419
4,4,Single GP,10,2,8.52081,9.970870098320509,0.4571325839694719,4.5379,4.954643739942054,0.3644054107909006
4,4,Single GP,11,0,11.0714,10.167895689661236,0.7943942451861942,4.87105,4.588368913009318,0.6357242553632263
4,4,Single GP,12,0,8.29498,8.337721013851121,0.5204798779374243,4.37633,3.3847496275586417,0.42875741717104043
4,4,Single GP,13,2,10.3345,9.928603056626812,0.6186963787060576,3.57985,4.290905325923238,0.5550040801039408
4,4,Single GP,14,3,4.75967,4.557885967680287,0.4812295334732836,1.19214,1.7547412064639272,0.6153311423443188
4,4,Single GP,15,1,10.9876,10.015045844224456,0.6800478975545876,5.00077,5.240965939630244,0.594623714032724
4,4,Single GP,16,1,8.9389,8.710256618361822,0.6917334877318223,4.29166,3.2991233535406956,0.6206531714917608
4,4,Single GP,17,2,7.51834,7.715516639516032,0.64202967730392,2.25668,3.9237740981122666,0.6770290056210652
4,4,Single GP,18,0,9.69876,9.730191819314424,0.7725908903929607,2.62464,4.513087171346671,0.6275937786291251
4,4,Single GP,19,2,6.43094,7.471835783341512,0.5856138642083625,3.48185,4.735068595121296,0.6203738839007586
4,4,Single GP,20,1,3.52219,3.274980744753745,0.8003912562819663,0.818414,0.6757324338354569,0.6769240732044899
4,4,Single GP,21,3,9.13885,7.462559045421852,0.40141978055519784,4.67367,2.760713109126212,0.46228416721871235
4,4,Single GP,22,1,9.41684,9.960130848889856,0.7483620833498731,4.79881,6.266094371990515,0.5785318514441973
4,4,Single GP,23,4,10.4214,10.148884135204701,0.6454688643870822,4.62972,4.699844973163835,0.664617451107514
4,4,Single GP,24,1,6.13089,6.311103562799757,0.7677808051008123,2.87931,2.3601157634827308,0.6469998886619734
4,4,Single GP,25,0,9.89993,8.583961922475808,0.6182532672755754,4.92915,4.212965491190307,0.4994249413813245
4,4,Single GP,26,2,9.44702,8.989760465079325,0.5284446013668906,4.90717,4.868704222504871,0.490422229476868
4,4,Single GP,27,1,9.24319,10.419473133898933,0.7104735857183057,4.70238,4.52069536029261,0.5515251793520773
4,4,Single GP,28,1,4.51178,4.720418621230138,0.6462342060523845,1.28971,1.405194733383953,0.5846226216367892
4,4,Single GP,29,2,4.87314,5.919907143538728,0.6206714276888303,3.65188,3.2130363534867747,0.5014819815729493
4,4,Single GP,30,4,5.15189,4.602239885916346,0.41931205753895257,1.87265,2.221420006826668,0.6012289969840098
4,4,Single GP,31,0,4.72427,6.200769517032599,0.6471842246457069,1.19283,2.183747971008308,0.5233138673870021
4,4,Single GP,32,2,7.18726,5.937680826457107,0.777169330917463,2.49718,1.9580127561017024,0.7943745474834852
4,4,Single GP,33,1,8.02499,8.323602442051765,0.5989343006397858,3.59119,3.7529095488675472,0.6320735023292792
4,4,Single GP,34,3,7.56027,7.519369452840541,0.38728668210265615,3.10434,3.0229685523298864,0.3736708558123476
4,4,Single GP,35,3,9.24725,9.758263939641136,0.5678067040272413,4.71931,4.394331561702308,0.6605055923653738
4,4,Single GP,36,3,8.31567,9.34549509622845,0.5359224225248367,3.48547,4.565372013463904,0.6907712929441329
4,4,Single GP,37,1,5.32822,5.8570796720406415,0.8301772604201499,1.79646,2.95029625892412,0.6392287719761236
4,4,Single GP,38,3,8.94641,7.760172226131145,0.4145122199547592,4.8242,3.85352006320036,0.4641616433578137
4,4,Single GP,39,4,5.11392,4.566731041988755,0.6813451968410552,2.99086,2.574679483559578,0.7069385196654004
4,4,Single GP,40,4,6.83197,8.203018558974044,0.6165213255400323,2.06786,4.112106084282481,0.653067702526757
4,4,Single GP,41,0,7.13367,8.005497780697999,0.6253844468868524,4.48825,4.134939306455765,0.5478937975993118
4,4,Single GP,42,2,9.10706,8.931990564193573,0.7342301465224211,3.13065,4.391435717404402,0.7967270244460968
4,4,Single GP,43,3,8.02606,8.335476617202456,0.5894013851473486,4.45854,4.651556461806389,0.6864420543318728
4,4,Single GP,44,2,4.5657,5.12430741813332,0.6217028859147231,1.3827,1.7372421356563927,0.5562133847362003
4,4,Single GP,45,2,5.33957,5.580037447719569,0.524440121497041,2.71903,2.7318927528161243,0.42026883280075095
4,4,Single GP,46,4,8.14209,5.751408873508253,0.6097024250238572,4.77519,4.508974135032867,0.6492267907168392
4,4,Single GP,47,1,7.95193,8.161683198131973,0.6659931049361356,4.49069,3.2334708100762475,0.5829625475584056
4,4,Single GP,48,0,8.27295,9.027852624670329,0.5801475337131903,3.91402,3.788635484725242,0.5172951544865149
4,4,Single GP,49,4,9.22919,9.454191786128654,0.3099017986282546,4.0906,3.6803899746020834,0.5545044855842329
4,4,Model Selection,0,3,9.32916,7.996468464011494,0.6243873705899836,5.16871,4.188570209692291,0.478386649403394
4,4,Model Selection,1,4,7.68631,7.618260876792987,0.788888487833034,3.81186,3.7505370320856937,0.7098129091643454
4,4,Model Selection,2,3,4.56985,5.715176402197302,0.693207187015763,1.39511,2.4356637679857718,0.5473916760812787
4,4,Model Selection,3,3,9.23804,8.144550938354092,0.4925619230166596,5.04394,4.761457315565341,0.37800794798817205
4,4,Model Selection,4,0,4.12091,4.55797929150682,0.556081357883328,1.58843,1.8634947216895519,0.41271296133542884
4,4,Model Selection,5,4,9.77341,8.592442468558243,0.6068057196619527,4.68698,4.35056582142167,0.6918824093739431
4,4,Model Selection,6,0,6.49371,5.429938107851825,0.575436460843469,4.19441,2.234809832355089,0.42869665089242764
4,4,Model Selection,7,0,9.75931,10.12310359678504,0.5080075454045809,4.70237,4.890714881647531,0.37571799629714725
4,4,Model Selection,8,4,5.40848,5.998230712047818,0.7858945660640477,2.08749,2.543558969712713,0.6865079556670364
4,4,Model Selection,9,4,7.599,6.960196940889449,0.8107578085713568,3.26644,3.7173964659931302,0.7914526332166043
4,4,Model Selection,10,2,8.52081,9.98572225711583,0.7029548007641947,4.5379,5.010791664808537,0.27574449125403333
4,4,Model Selection,11,0,11.0714,9.732443427651265,0.6988651768456777,4.87105,4.39250677959589,0.5236082875097433
4,4,Model Selection,12,0,8.29498,8.228728138926387,0.5107797461681625,4.37633,3.3382293376122316,0.37913258733080407
4,4,Model Selection,13,2,10.3345,9.45173945789795,0.8104085716257222,3.57985,4.335929211964676,0.4516840091089713
4,4,Model Selection,14,3,4.75967,4.559983115687739,0.5762829212071885,1.19214,1.2867656695054155,0.44583183926544284
4,4,Model Selection,15,1,10.9876,10.43112441746199,0.8644750716310942,5.00077,4.4817786031737015,0.7697972381539627
4,4,Model Selection,16,1,8.9389,8.560738503610239,0.8558814326349943,4.29166,3.6861041505537955,0.7576989760158396
4,4,Model Selection,17,2,7.51834,7.307016393700234,0.8635409943608474,2.25668,4.197930148352523,0.6105057794480881
4,4,Model Selection,18,0,9.69876,9.332777204601712,0.6924984611797264,2.62464,4.4767535179746245,0.5192307755248495
4,4,Model Selection,19,2,6.43094,7.360344428372766,0.8163960796933682,3.48185,4.966086399536666,0.5629808262597524
4,4,Model Selection,20,1,3.52219,3.7818469456621706,0.9819007670657942,0.818414,1.0035081160201118,0.8805479779217502
4,4,Model Selection,21,3,9.13885,7.180150290720363,0.45884263474016806,4.67367,2.7768545533497218,0.34715463448070555
4,4,Model Selection,22,1,9.41684,9.937544637122972,0.9331852603953781,4.79881,4.727993433481058,0.837224792239276
4,4,Model Selection,23,4,10.4214,10.457072905058503,0.8254841135405834,4.62972,4.780068543916462,0.774869635073343
4,4,Model Selection,24,1,6.13089,5.827707335727364,0.9524998539689215,2.87931,2.3986889060404524,0.8340888009431651
4,4,Model Selection,25,0,9.89993,8.683989963435565,0.5723219790138131,4.92915,3.987926896420886,0.427191893322056
4,4,Model Selection,26,2,9.44702,9.274259298108856,0.7462082727214344,4.90717,5.041592709458347,0.41447654401596923
4,4,Model Selection,27,1,9.24319,10.010514517550162,0.8508865021565497,4.70238,5.058944746975576,0.7405316631386603
4,4,Model Selection,28,1,4.51178,5.157977711957301,0.823489538275816,1.28971,1.466695102673805,0.7239297245293382
4,4,Model Selection,29,2,4.87314,5.855865616683152,0.7781761865095231,3.65188,3.199899052118482,0.42959711649283405
4,4,Model Selection,30,4,5.15189,4.659824192281389,0.6923682523640415,1.87265,2.431710820251303,0.6649138443698426
4,4,Model Selection,31,0,4.72427,6.133393506523938,0.5637988521907501,1.19283,2.44912118297534,0.42169015673599575
4,4,Model Selection,32,2,7.18726,6.504675593953082,0.900657985384,2.49718,1.9168124494454464,0.7819791067196982
4,4,Model Selection,33,1,8.02499,8.349573811785506,0.8055123440537518,3.59119,3.233870496591959,0.729304136527779
4,4,Model Selection,34,3,7.56027,7.383523593705649,0.440020682188311,3.10434,2.759138349591689,0.32678614270041395
4,4,Model Selection,35,3,9.24725,9.164849064681903,0.6902749374383185,4.71931,4.466166211423925,0.5418267329953621
4,4,Model Selection,36,3,8.31567,9.078381214535536,0.6717190077266367,3.48547,5.0339180403776655,0.5279590301165802
4,4,Model Selection,37,1,5.32822,5.872021512394266,0.8893651518003229,1.79646,2.3376108531849997,0.7852941914725907
4,4,Model Selection,38,3,8.94641,8.111882123413606,0.4620766374116074,4.8242,3.8408951779288283,0.35784082920872834
4,4,Model Selection,39,4,5.11392,4.136654383536563,0.8054281707915248,2.99086,2.736930142877169,0.8032465757611075
4,4,Model Selection,40,4,6.83197,7.945770907627894,0.8086475711279427,2.06786,3.8702440151131365,0.7665128089453882
4,4,Model Selection,41,0,7.13367,7.996685861099109,0.6047746190752976,4.48825,3.8599801027368548,0.451552859690043
4,4,Model Selection,42,2,9.10706,8.992792087452612,0.8613090836706379,3.13065,4.408683548947981,0.7811032435374513
4,4,Model Selection,43,3,8.02606,8.247793854280253,0.7124266492435405,4.45854,4.778203718522612,0.5663833250842134
4,4,Model Selection,44,2,4.5657,5.329915010730192,0.7924768130024664,1.3827,1.64555942517001,0.504235135999786
4,4,Model Selection,45,2,5.33957,6.066943663735991,0.7143123703005861,2.71903,2.6520066915234155,0.32086023039298006
4,4,Model Selection,46,4,8.14209,5.853754113264334,0.8248833499022125,4.77519,4.070198113045946,0.7500020455274403
4,4,Model Selection,47,1,7.95193,7.88210764063295,0.8037534666646633,4.49069,3.985151727159871,0.6970450781454149
4,4,Model Selection,48,0,8.27295,9.1559441344902,0.529807872355044,3.91402,3.8804663469002687,0.3939324966502331
4,4,Model Selection,49,4,9.22919,9.48237950254403,0.6517729881677036,4.0906,3.6866858262865545,0.6402984674680705
4,4,Model Selection + Bagging,0,3,9.32916,7.855787407422887,1.1120281612980474,5.16871,4.502350260715794,1.0358879873927385
4,4,Model Selection + Bagging,1,4,7.68631,7.555118085996828,0.9601934563449007,3.81186,3.397221637730242,0.8797680875420278
4,4,Model Selection + Bagging,2,3,4.56985,5.6876622100190675,1.0307498954019287,1.39511,2.4000157568493874,0.8131476659399725
4,4,Model Selection + Bagging,3,3,9.23804,7.43040913583859,1.2269166787023547,5.04394,4.114232447116303,0.9724255882166781
4,4,Model Selection + Bagging,4,0,4.12091,5.378637283466764,1.1139412655440535,1.58843,2.5000206884671003,0.916813154611444
4,4,Model Selection + Bagging,5,4,9.77341,8.625455197570952,0.7126135488241107,4.68698,4.221154667111013,0.7802859022160767
4,4,Model Selection + Bagging,6,0,6.49371,5.5797724598383756,0.8910443826806052,4.19441,2.535301753709395,0.8026106888783688
4,4,Model Selection + Bagging,7,0,9.75931,9.88481980589951,0.9625701579140392,4.70237,4.721009676336177,0.6924222261700751
4,4,Model Selection + Bagging,8,4,5.40848,6.185228130571467,1.0370364179028861,2.08749,3.0506304767260604,0.9917045315242653
4,4,Model Selection + Bagging,9,4,7.599,6.774759912091181,0.9617107143649933,3.26644,3.7211142924750047,0.8327166270993597
4,4,Model Selection + Bagging,10,2,8.52081,9.705597210205013,0.9090345050205393,4.5379,4.510271770510447,0.773755580065568
4,4,Model Selection + Bagging,11,0,11.0714,9.766146271096162,1.1756124126302732,4.87105,4.538773893651476,0.825573832739873
4,4,Model Selection + Bagging,12,0,8.29498,8.737333012244655,0.9138670115137751,4.37633,3.7003951275160927,0.815432398573995
4,4,Model Selection + Bagging,13,2,10.3345,9.340568056742832,0.944274892158172,3.57985,4.00854430474028,0.8848059106770176
4,4,Model Selection + Bagging,14,3,4.75967,4.969580287609295,1.0167414135836303,1.19214,1.447552822845329,0.9350484973823985
4,4,Model Selection + Bagging,15,1,10.9876,10.15687296159884,1.0910341257034395,5.00077,4.336794720417343,0.9371522143871934
4,4,Model Selection + Bagging,16,1,8.9389,8.51577023860178,1.030292261101333,4.29166,3.646633394535807,0.9561741790757804
4,4,Model Selection + Bagging,17,2,7.51834,6.913543337689859,1.1885009379723217,2.25668,3.179668014788664,1.2015029261679067
4,4,Model Selection + Bagging,18,0,9.69876,9.190809541681176,0.9547017531545166,2.62464,4.3828022454645605,0.7090575068283401
4,4,Model Selection + Bagging,19,2,6.43094,7.1620283004916265,0.9758179321261238,3.48185,4.103086010486832,0.8931392521146683
4,4,Model Selection + Bagging,20,1,3.52219,4.2143982034327845,1.100391901445531,0.818414,1.6104094336171473,0.9901631949536392
4,4,Model Selection + Bagging,21,3,9.13885,7.6451083906173105,0.9927853982916136,4.67367,3.037029154646435,0.6891464990167515
4,4,Model Selection + Bagging,22,1,9.41684,9.714321030869659,1.1158971429759512,4.79881,4.44443002663057,0.9226068284734585
4,4,Model Selection + Bagging,23,4,10.4214,10.34316982388429,0.9911727633045567,4.62972,4.810431581449811,0.8744323717348705
4,4,Model Selection + Bagging,24,1,6.13089,6.1709541905913525,1.1394915162187378,2.87931,2.9022307474154565,0.9503194221865219
4,4,Model Selection + Bagging,25,0,9.89993,8.782130214794694,0.8728468285676783,4.92915,4.3122145394802605,0.7450313263140749
4,4,Model Selection + Bagging,26,2,9.44702,9.244775479154324,0.8613845227488661,4.90717,4.958780145356761,0.6856456957397816
4,4,Model Selection + Bagging,27,1,9.24319,9.840507374075953,0.9538214271718035,4.70238,4.761346432562066,0.8755216403266695
4,4,Model Selection + Bagging,28,1,4.51178,5.565138044206796,1.03444273637459,1.28971,2.1438288491524142,0.9717756519383366
4,4,Model Selection + Bagging,29,2,4.87314,5.7679645975714475,1.0181684019384134,3.65188,3.490081702047067,0.7103965272709329
4,4,Model Selection + Bagging,30,4,5.15189,4.773590182017674,0.9017298025051778,1.87265,2.41174400628492,0.8937212147482808
4,4,Model Selection + Bagging,31,0,4.72427,5.9527921686204195,1.1322639521228626,1.19283,2.402348826879419,0.8021964044713027
4,4,Model Selection + Bagging,32,2,7.18726,6.76784331182966,1.0613498593303485,2.49718,2.3606381800091873,0.8880699475365461
4,4,Model Selection + Bagging,33,1,8.02499,8.447792302760917,1.0336755535608786,3.59119,3.3952398806623756,0.9299051851770728
4,4,Model Selection + Bagging,34,3,7.56027,7.480556625888404,0.7485574888608868,3.10434,3.1170239341545973,0.7819075772680499
4,4,Model Selection + Bagging,35,3,9.24725,9.324836181180334,0.9322124218024908,4.71931,4.666073878751343,0.7235641179236192
4,4,Model Selection + Bagging,36,3,8.31567,9.030012204619116,1.1536846748211322,3.48547,4.762744675908181,0.8883521784003601
4,4,Model Selection + Bagging,37,1,5.32822,6.094174186152316,1.0483635852273485,1.79646,2.6182597333609783,0.9741580324525739
4,4,Model Selection + Bagging,38,3,8.94641,7.8682391479677145,0.9230029033753742,4.8242,4.17397435061925,0.782068110540766
4,4,Model Selection + Bagging,39,4,5.11392,4.215543773229846,1.03895321238951,2.99086,2.5353636947413936,0.9254769948398034
4,4,Model Selection + Bagging,40,4,6.83197,7.716587995669167,0.9262938518309153,2.06786,3.7294650604512034,0.8469488539130388
4,4,Model Selection + Bagging,41,0,7.13367,7.698521363192924,1.0205021796083773,4.48825,3.562729390645238,0.7779870940884599
4,4,Model Selection + Bagging,42,2,9.10706,8.959149071702603,0.977042132646755,3.13065,3.865650404705561,1.028077127003325
4,4,Model Selection + Bagging,43,3,8.02606,7.8091098330713145,1.16656199184033,4.45854,4.450647986086547,0.9892591305283541
4,4,Model Selection + Bagging,44,2,4.5657,5.319888831198448,0.9682494838701723,1.3827,1.8354399465230562,0.7838643347832087
4,4,Model Selection + Bagging,45,2,5.33957,5.99167711625854,0.8604415699915817,2.71903,3.0151882753347135,0.6893987548808037
4,4,Model Selection + Bagging,46,4,8.14209,5.9264676720297516,1.117841877689939,4.77519,3.877054938195439,0.9647748761588548
4,4,Model Selection + Bagging,47,1,7.95193,7.885014757854703,0.9332695742162231,4.49069,3.8703552287288923,0.83349126519938
4,4,Model Selection + Bagging,48,0,8.27295,8.886823095990692,0.8215272635512305,3.91402,3.570185311093204,0.6145269897307934
4,4,Model Selection + Bagging,49,4,9.22919,9.39947333433526,0.7878279731284541,4.0906,3.5792369752669693,0.747580626923861
5,5,Single GP,0,1,9.32916,8.515567657950946,0.6510909576310977,5.16871,4.237004746937893,0.8239616386268612
5,5,Single GP,1,3,7.68631,7.869500931483427,0.5460607218577362,3.81186,4.5145143799429945,0.5271917292795222
5,5,Single GP,2,0,4.56985,5.090469596262787,0.5330151185202868,1.39511,2.3699946992975924,0.6707355741003068
5,5,Single GP,3,0,9.23804,8.115741723177027,0.3735793922967104,5.04394,4.952838423773135,0.46153158927087734
5,5,Single GP,4,1,4.12091,4.732845550113811,0.6413989399493443,1.58843,2.3369195645519634,0.538610122191654
5,5,Single GP,5,1,9.77341,9.357209005761714,0.6797083840985896,4.68698,4.798809333046812,0.5142559983147403
5,5,Single GP,6,0,6.49371,5.758292426215537,0.4908635272385464,4.19441,2.586503016819112,0.6139829855113785
5,5,Single GP,7,3,9.75931,9.089096716802453,0.6310393451864243,4.70237,5.044804243942448,0.7351452451038923
5,5,Single GP,8,4,5.40848,6.703406143650533,0.5680216771415749,2.08749,2.230798910272956,0.5233134576351437
5,5,Single GP,9,4,7.599,7.227046050149167,0.8090174888958827,3.26644,3.5936623161555894,0.8258233179722186
5,5,Single GP,10,2,8.52081,9.858022590347108,0.49818527192906614,4.5379,5.096789592426678,0.6858207816766223
5,5,Single GP,11,3,11.0714,10.630624684676576,0.8313656168544342,4.87105,4.355681445479374,0.7356616876379902
5,5,Single GP,12,3,8.29498,9.684015573202851,0.3555374083095551,4.37633,4.285475236724265,0.5926937803753278
5,5,Single GP,13,3,10.3345,9.553130558735711,0.5277437119022524,3.57985,3.869593662492639,0.6533435100552377
5,5,Single GP,14,4,4.75967,4.4228433060689145,0.6938937023464105,1.19214,2.1284373130727676,0.7862144183613671
5,5,Single GP,15,3,10.9876,10.333598044796688,0.8669912428067231,5.00077,4.634532015536571,0.8963265344982728
5,5,Single GP,16,4,8.9389,8.833483331984285,0.6262314712736146,4.29166,3.640804878105006,0.5734159163788907
5,5,Single GP,17,0,7.51834,6.904128792953378,0.5736515722789296,2.25668,2.5033018019532687,0.7066579234702254
5,5,Single GP,18,2,9.69876,8.778625339292256,0.6589809232291383,2.62464,4.287817785533947,0.7159145564676267
5,5,Single GP,19,0,6.43094,7.31136995880601,0.4724743675896851,3.48185,4.220141312177363,0.5767083393946504
5,5,Single GP,20,2,3.52219,3.5028203422915904,0.7562483394914267,0.818414,0.7423924670335049,0.8078345094273522
5,5,Single GP,21,0,9.13885,6.853843238980441,0.4223316341427592,4.67367,3.1687966548001194,0.50844858931554
5,5,Single GP,22,2,9.41684,11.679771553694735,0.5975185474959894,4.79881,4.65232314197355,0.6569499997247631
5,5,Single GP,23,1,10.4214,10.48660183349518,0.7123657624324145,4.62972,4.825186592236847,0.673934148159727
5,5,Single GP,24,2,6.13089,5.6891898114832316,0.6161640787354811,2.87931,2.5968796724863985,0.661318147214759
5,5,Single GP,25,2,9.89993,9.38856862333763,0.6135112576164691,4.92915,4.982886242127585,0.758694634364065
5,5,Single GP,26,1,9.44702,8.803144026242633,0.6352606486910922,4.90717,4.691804408397504,0.49368959661411715
5,5,Single GP,27,4,9.24319,9.833831013275221,0.6200545682715134,4.70238,4.8772232507722535,0.6024262756617766
5,5,Single GP,28,0,4.51178,5.0912428010081845,0.4108075586941884,1.28971,1.0772269612795182,0.42614690582095827
5,5,Single GP,29,0,4.87314,6.08516834962257,0.42594105124139053,3.65188,3.4733169090281244,0.47775532858397407
5,5,Single GP,30,3,5.15189,4.447189832754807,0.36077796467244755,1.87265,2.284778111386251,0.5151052717702626
5,5,Single GP,31,1,4.72427,5.309923948711731,0.6601270294728766,1.19283,1.7154543826489177,0.511713153976872
5,5,Single GP,32,1,7.18726,6.581670954647587,0.9058563645110442,2.49718,1.3786074399870771,0.9149243767225723
5,5,Single GP,33,2,8.02499,8.127552350026695,0.5388614892308348,3.59119,3.4252328505491163,0.48036763986247194
5,5,Single GP,34,1,7.56027,7.5287868316794615,0.5876433990511833,3.10434,2.925611582503125,0.4415935028668945
5,5,Single GP,35,4,9.24725,9.545180572059945,0.640922338356073,4.71931,4.621609895482895,0.7209678492309182
5,5,Single GP,36,4,8.31567,9.589021537551702,0.942649089317219,3.48547,4.3083325649869835,0.835624566631121
5,5,Single GP,37,1,5.32822,5.588044855607354,0.8395681138729012,1.79646,1.5146649558533922,0.7875917630244939
5,5,Single GP,38,4,8.94641,8.410816783417422,0.6211154478185867,4.8242,3.9507477423299044,0.6785998573569265
5,5,Single GP,39,4,5.11392,5.210447684553408,0.763869148750398,2.99086,2.9390744761168386,0.7453333947062163
5,5,Single GP,40,3,6.83197,8.739340342577345,0.6684967927154085,2.06786,3.944987244945455,0.7901452488628363
5,5,Single GP,41,2,7.13367,8.079311247775916,0.5776901902744735,4.48825,3.531305309746784,0.6289195836480894
5,5,Single GP,42,0,9.10706,8.527597117599527,0.5316129013670737,3.13065,4.311920647457842,0.6502065395545122
5,5,Single GP,43,0,8.02606,8.466863504873377,0.5049549173050922,4.45854,5.115136784114252,0.617086402223328
5,5,Single GP,44,2,4.5657,5.189749814071709,0.57402803422523,1.3827,1.2761274175599073,0.6673616868787899
5,5,Single GP,45,3,5.33957,5.668169781632634,0.2819505598733653,2.71903,2.837866704693514,0.48670344379381725
5,5,Single GP,46,3,8.14209,5.922168979951066,0.4817385552724443,4.77519,4.369922357587432,0.6346603717875019
5,5,Single GP,47,4,7.95193,8.331896870724293,0.6120044433768985,4.49069,4.164181762023189,0.5035937590139787
5,5,Single GP,48,1,8.27295,9.416527021557544,0.7197944896195712,3.91402,3.3230326718168377,0.5470532298800129
5,5,Single GP,49,2,9.22919,9.925245885851396,0.5275509303397276,4.0906,3.5697209415453766,0.49628280722691653
5,5,Model Selection,0,1,9.32916,8.566736408620876,0.6803730258662263,5.16871,4.521990638406653,0.8258095128496764
5,5,Model Selection,1,3,7.68631,7.8283272435945985,0.5867850498476053,3.81186,3.7669366543658795,0.7161171578820776
5,5,Model Selection,2,0,4.56985,5.521695905474695,0.8559734897345607,1.39511,2.370869529301896,0.6805877686057212
5,5,Model Selection,3,0,9.23804,8.155433658076285,0.7841974068186126,5.04394,4.819284762653621,0.49291269245099034
5,5,Model Selection,4,1,4.12091,4.868315929109831,0.6599884221645488,1.58843,2.515119019583797,0.7118799655673048
5,5,Model Selection,5,1,9.77341,9.278017657268773,0.6932159269843465,4.68698,4.350584901408385,0.7134733336599842
5,5,Model Selection,6,0,6.49371,5.964301576373425,0.8448307258524211,4.19441,2.5171387768485127,0.6399856703858066
5,5,Model Selection,7,3,9.75931,9.14369097684167,0.6590264534053075,4.70237,4.662710094402122,0.7803471102362518
5,5,Model Selection,8,4,5.40848,6.719164856926304,0.8212774621207206,2.08749,2.6924237535675886,0.6938682533143562
5,5,Model Selection,9,4,7.599,7.042582326492485,0.9051965441876525,3.26644,3.583815898117399,0.8252515412928421
5,5,Model Selection,10,2,8.52081,10.75128945746027,0.7345142827809606,4.5379,4.321280164916777,0.7698597083705687
5,5,Model Selection,11,3,11.0714,10.447825601823927,0.8421400421245074,4.87105,4.520548279752969,0.8125689578994435
5,5,Model Selection,12,3,8.29498,9.679693948452929,0.3863005637672552,4.37633,4.1987312553088625,0.7402399222965326
5,5,Model Selection,13,3,10.3345,9.492981865195816,0.5788960725607077,3.57985,3.8892534287357137,0.7653144354935266
5,5,Model Selection,14,4,4.75967,4.736357385552424,0.9177808787482084,1.19214,1.7470464501030558,0.8169025274166595
5,5,Model Selection,15,3,10.9876,10.170123900393538,0.8772799139456308,5.00077,4.461972064478425,0.8774025603499367
5,5,Model Selection,16,4,8.9389,8.579720032304882,0.8528826363205514,4.29166,3.5875337935424088,0.7186159490706318
5,5,Model Selection,17,0,7.51834,6.537405021679896,0.8874245261370907,2.25668,2.4708209965347443,0.7174563882709375
5,5,Model Selection,18,2,9.69876,9.084067041024786,0.8165201071748129,2.62464,4.352352285860028,0.7989328776840989
5,5,Model Selection,19,0,6.43094,7.17864394161249,0.8160010990100754,3.48185,4.1219990359697425,0.6006316433958174
5,5,Model Selection,20,2,3.52219,3.278925053004146,0.8510394847610598,0.818414,1.0784639802513465,0.8488223948614153
5,5,Model Selection,21,0,9.13885,6.993519035481634,0.7952993228060702,4.67367,3.194671763668319,0.5308145769716963
5,5,Model Selection,22,2,9.41684,10.96686171342788,0.7730995836632729,4.79881,4.717822433490236,0.7900501428377606
5,5,Model Selection,23,1,10.4214,10.498641980770614,0.7285810711641483,4.62972,4.922146542343366,0.793421048129219
5,5,Model Selection,24,2,6.13089,5.684381559850483,0.7887787130505509,2.87931,2.6391387066495353,0.7614605600419712
5,5,Model Selection,25,2,9.89993,10.389425474253132,0.71303808324698,4.92915,4.300277241788604,0.778595409286416
5,5,Model Selection,26,1,9.44702,8.815688900011299,0.6524199435141713,4.90717,4.585377494876184,0.6955392300512115
5,5,Model Selection,27,4,9.24319,9.806603713283344,0.8552596501370591,4.70238,4.836316231437127,0.7166139933910789
5,5,Model Selection,28,0,4.51178,4.963220806457729,0.7407502257734649,1.28971,1.0648813902576286,0.4546831135523983
5,5,Model Selection,29,0,4.87314,6.044574656676077,0.7701925775323876,3.65188,3.430781075684988,0.506811765123711
5,5,Model Selection,30,3,5.15189,4.475837875101193,0.4197592854626282,1.87265,2.4507448957232905,0.6701475483409275
5,5,Model Selection,31,1,4.72427,5.396298935078059,0.6785101149401636,1.19283,1.9582455835061243,0.6829427203654858
5,5,Model Selection,32,1,7.18726,6.652120792912371,0.8943683648713714,2.49718,1.830523564884356,0.8858645537903378
5,5,Model Selection,33,2,8.02499,8.225045465989703,0.5591461502048829,3.59119,3.4460496360908937,0.6886693074003255
5,5,Model Selection,34,1,7.56027,7.560038576895599,0.6097695090702313,3.10434,3.023227584863682,0.6584588601684718
5,5,Model Selection,35,4,9.24725,9.732058656065696,0.8518939381823047,4.71931,4.856132537208117,0.7976092598540043
5,5,Model Selection,36,4,8.31567,9.039432033496745,1.023009084769316,3.48547,4.488159261064334,0.8586785239191133
5,5,Model Selection,37,1,5.32822,5.617060151824054,0.8359258094064527,1.79646,2.0419293711286652,0.815126937365047
5,5,Model Selection,38,4,8.94641,8.3910056802011,0.8642435038596351,4.8242,3.9288855505257905,0.732881302495178
5,5,Model Selection,39,4,5.11392,4.448382672527128,0.8937435818932461,2.99086,2.5135716736431624,0.8006829055556774
5,5,Model Selection,40,3,6.83197,8.719268688646489,0.6948622093864534,2.06786,3.7369568148725287,0.8197188295113127
5,5,Model Selection,41,2,7.13367,7.127503803766204,0.6694710473710431,4.48825,3.8717537830346553,0.7486405049389014
5,5,Model Selection,42,0,9.10706,8.729620660368214,0.8115928773470378,3.13065,4.2325714377292325,0.6638060202741286
5,5,Model Selection,43,0,8.02606,8.023559208398634,0.8076392204902247,4.45854,4.970609154495023,0.6295620632600966
5,5,Model Selection,44,2,4.5657,5.289065628033006,0.6228314235911006,1.3827,1.8386896654801455,0.7370899261561982
5,5,Model Selection,45,3,5.33957,5.665887984170503,0.342678643055853,2.71903,2.9133630391159318,0.6687078556236422
5,5,Model Selection,46,3,8.14209,5.939880126695628,0.5302099835838106,4.77519,4.042916124121927,0.7564085195690984
5,5,Model Selection,47,4,7.95193,8.185849714758902,0.8489836069582374,4.49069,4.07866168039043,0.6881352408315544
5,5,Model Selection,48,1,8.27295,9.279818174633016,0.7160994100647999,3.91402,3.3785161300962336,0.7142421025188334
5,5,Model Selection,49,2,9.22919,9.549891334954042,0.49415577411685435,4.0906,3.8299693935098222,0.6834684059482967
5,5,Model Selection + Bagging,0,1,9.32916,8.528958721761091,0.8003158372265259,5.16871,4.49970384156752,0.8744687426824885
5,5,Model Selection + Bagging,1,3,7.68631,7.599622579325254,0.9351896238056845,3.81186,3.465965053467165,0.9073164422998967
5,5,Model Selection + Bagging,2,0,4.56985,5.755729918374843,1.0087889749072938,1.39511,2.4021269779762657,0.7858941230774059
5,5,Model Selection + Bagging,3,0,9.23804,7.8261838359017935,1.0994666164856097,5.04394,4.5471523387808634,0.6673007868419734
5,5,Model Selection + Bagging,4,1,4.12091,5.306129534946129,1.0938055160923705,1.58843,2.7675320832569055,0.9320043977572454
5,5,Model Selection + Bagging,5,1,9.77341,9.22870602056339,0.926699864425451,4.68698,4.245674408929375,0.7911255398634877
5,5,Model Selection + Bagging,6,0,6.49371,5.912682335726135,1.066968360145653,4.19441,2.4537867921497316,1.0983736113867635
5,5,Model Selection + Bagging,7,3,9.75931,9.15566818355892,0.8495901516277647,4.70237,4.440609068257511,0.8888899652026286
5,5,Model Selection + Bagging,8,4,5.40848,6.48076090627767,1.1127110483258387,2.08749,2.872660997958577,0.8940216917277951
5,5,Model Selection + Bagging,9,4,7.599,6.84111367321308,1.1331563101419766,3.26644,3.4860042764694534,0.9998312848886817
5,5,Model Selection + Bagging,10,2,8.52081,10.04582696746191,0.9789279402654452,4.5379,4.185626779865126,0.9359009445428427
5,5,Model Selection + Bagging,11,3,11.0714,9.790520488569307,1.2668586889910742,4.87105,4.453635927443861,0.9402532196973755
5,5,Model Selection + Bagging,12,3,8.29498,9.152549739445911,0.8532958736329207,4.37633,3.9097428528177094,0.9441631674340031
5,5,Model Selection + Bagging,13,3,10.3345,9.164662085106187,0.9099755333769503,3.57985,3.687499454978049,0.925272368191932
5,5,Model Selection + Bagging,14,4,4.75967,4.900525086344613,1.0346442427316727,1.19214,1.7909469578140211,0.9192809612511679
5,5,Model Selection + Bagging,15,3,10.9876,9.534625844914235,1.1408502935682858,5.00077,4.2499942502443355,0.9830052441344418
5,5,Model Selection + Bagging,16,4,8.9389,8.472713055545276,1.0001472568379903,4.29166,3.498065353378596,0.866454849598876
5,5,Model Selection + Bagging,17,0,7.51834,6.688400496148083,1.0283119716787479,2.25668,2.4817620180154085,0.8190955293331366
5,5,Model Selection + Bagging,18,2,9.69876,9.004763417796546,1.018793770587345,2.62464,4.255762606157674,0.8907422779564134
5,5,Model Selection + Bagging,19,0,6.43094,6.996534557416726,1.0612979302292551,3.48185,3.7126051251549237,0.9039548760126839
5,5,Model Selection + Bagging,20,2,3.52219,3.6124438630208937,1.0581998774325205,0.818414,1.6767544908778145,1.0030747316014
5,5,Model Selection + Bagging,21,0,9.13885,7.1566338026267955,0.9455763207760096,4.67367,3.0343291154134477,0.7042954543316474
5,5,Model Selection + Bagging,22,2,9.41684,10.41099093168196,1.0540758920892215,4.79881,4.342450798184108,0.97308129513101
5,5,Model Selection + Bagging,23,1,10.4214,10.364937334719771,0.9788715231028077,4.62972,4.838130941278699,0.841804332257526
5,5,Model Selection + Bagging,24,2,6.13089,5.722993801251913,1.2434030250667567,2.87931,2.867507871054492,1.0205182997283293
5,5,Model Selection + Bagging,25,2,9.89993,9.892015132537471,0.9378485231971581,4.92915,4.3556964305360175,0.8856729012881769
5,5,Model Selection + Bagging,26,1,9.44702,8.824082537072798,0.7203107101404658,4.90717,4.577345578451174,0.7822902762213008
5,5,Model Selection + Bagging,27,4,9.24319,9.600528168492739,0.9933973957178224,4.70238,4.701583791399456,0.8208522574082905
5,5,Model Selection + Bagging,28,0,4.51178,5.210942295407365,0.9182899848176179,1.28971,1.4919706280626355,0.7815669898956111
5,5,Model Selection + Bagging,29,0,4.87314,5.851287940345897,1.0194186833980419,3.65188,3.2914299621200866,0.7203171597621162
5,5,Model Selection + Bagging,30,3,5.15189,4.588119996896792,0.6551168331636086,1.87265,2.3921132464889574,0.8224792589846938
5,5,Model Selection + Bagging,31,1,4.72427,5.773804477780747,1.146648182795255,1.19283,2.360494309929133,0.9452874181600371
5,5,Model Selection + Bagging,32,1,7.18726,7.093251066156956,1.0278844628291979,2.49718,2.3256131868650254,1.0126096694509448
5,5,Model Selection + Bagging,33,2,8.02499,8.16326713634727,0.7481363387084276,3.59119,3.3876309915116654,0.8070522661261302
5,5,Model Selection + Bagging,34,1,7.56027,8.034756443246005,0.967662769803254,3.10434,3.133724025447072,0.8758252450614656
5,5,Model Selection + Bagging,35,4,9.24725,9.668395410292817,0.9641624952767917,4.71931,4.792841030117982,0.8793450020677782
5,5,Model Selection + Bagging,36,4,8.31567,8.701951637074492,1.1705787935258054,3.48547,4.438090819522834,0.9450436513782368
5,5,Model Selection + Bagging,37,1,5.32822,5.682669776486863,1.0235157026016175,1.79646,2.481440106846148,1.0106633508539766
5,5,Model Selection + Bagging,38,4,8.94641,8.33562354262523,1.0045542114235113,4.8242,3.8812412790201036,0.8556069666906188
5,5,Model Selection + Bagging,39,4,5.11392,4.484560246808856,1.0930298994025467,2.99086,2.373117370751962,1.0311901324854418
5,5,Model Selection + Bagging,40,3,6.83197,8.20136769302884,0.9478176040916932,2.06786,3.459857033428552,1.0001298156651919
5,5,Model Selection + Bagging,41,2,7.13367,7.433584819789639,0.991624122250156,4.48825,3.977607497907063,0.8783074143681381
5,5,Model Selection + Bagging,42,0,9.10706,8.806461268753427,0.9110152711446117,3.13065,4.092232243212192,0.7174915192866524
5,5,Model Selection + Bagging,43,0,8.02606,7.5606295262450525,1.10041831417382,4.45854,4.65619031194835,0.798409055701091
5,5,Model Selection + Bagging,44,2,4.5657,5.473637415348566,0.8754780912212193,1.3827,2.2834425681326898,0.9475668228235049
5,5,Model Selection + Bagging,45,3,5.33957,5.645883588696077,0.5971506405144247,2.71903,2.915853690505929,0.8204782744997144
5,5,Model Selection + Bagging,46,3,8.14209,6.068123198111202,0.7725905994204934,4.77519,3.825261378660103,0.9317329412202725
5,5,Model Selection + Bagging,47,4,7.95193,7.8414003388500415,1.059638227994099,4.49069,3.9323143381950594,0.8819085975622234
5,5,Model Selection + Bagging,48,1,8.27295,9.14239096794013,0.7719653314484677,3.91402,3.5581707879188427,0.8497198114442645
5,5,Model Selection + Bagging,49,2,9.22919,9.431118042293079,0.6226871103736582,4.0906,3.6526953914596074,0.8224297190556531
6,6,Single GP,0,0,9.32916,8.899243354519987,0.554534809274839,5.16871,4.378555861389261,0.6312207372056877
6,6,Single GP,1,4,7.68631,8.351205830038243,0.6225086760116261,3.81186,4.345047232192594,0.540227585544227
6,6,Single GP,2,3,4.56985,5.1396308690672665,0.6839006169751356,1.39511,2.754570239227111,0.7669906342157973
6,6,Single GP,3,1,9.23804,8.05032361326928,0.5948322308006734,5.04394,4.534550708107206,0.6470074037475441
6,6,Single GP,4,3,4.12091,5.063298280496826,0.7296345252711369,1.58843,3.7648157591510487,0.8506987336236671
6,6,Single GP,5,2,9.77341,8.607219280664017,0.38044361700553464,4.68698,4.9189905445307,0.37063917878035807
6,6,Single GP,6,0,6.49371,5.370063103223394,0.648699994809625,4.19441,3.2883522831006813,0.7180872075380191
6,6,Single GP,7,0,9.75931,9.22911540713791,0.5254983798542207,4.70237,4.921013983304336,0.47520136224356685
6,6,Single GP,8,3,5.40848,6.570353203973863,0.7351741840531448,2.08749,3.928067755325669,0.7798192626477023
6,6,Single GP,9,4,7.599,6.538011539309454,0.8991969880414332,3.26644,3.5124797519605773,0.7998860776627722
6,6,Single GP,10,4,8.52081,10.811350455907924,0.6955862233078968,4.5379,5.095730137913981,0.7367020621516557
6,6,Single GP,11,3,11.0714,10.652463192049877,0.7478269953146226,4.87105,4.69640410447929,0.6336020598416997
6,6,Single GP,12,3,8.29498,8.547429879286522,0.503449438390945,4.37633,3.8695502927668106,0.4397757345372214
6,6,Single GP,13,3,10.3345,9.782427554352603,0.571556331791516,3.57985,4.004216696379636,0.6455420196179914
6,6,Single GP,14,0,4.75967,4.86639260914535,0.7317484070072702,1.19214,1.384884275038794,0.610731990437917
6,6,Single GP,15,4,10.9876,10.359259179744061,0.5384256315349931,5.00077,4.521088751093945,0.5100001908339105
6,6,Single GP,16,4,8.9389,8.816015456007293,0.5369772217940052,4.29166,3.7372110251740187,0.5444404135721355
6,6,Single GP,17,1,7.51834,8.947715623386912,0.7993630556083856,2.25668,3.6981584342737364,0.6546431433630172
6,6,Single GP,18,2,9.69876,9.178185104355135,0.6785514801232266,2.62464,4.207293910507072,0.5223653397789774
6,6,Single GP,19,1,6.43094,7.868754521840523,0.6229256459646498,3.48185,4.798196900636288,0.6423380386545399
6,6,Single GP,20,4,3.52219,2.9071942650606495,0.809356035169345,0.818414,0.599549063017419,0.7297883074126381
6,6,Single GP,21,2,9.13885,7.555532347736729,0.5045647607440682,4.67367,2.7640241711074793,0.4644250526861789
6,6,Single GP,22,2,9.41684,8.884459231226575,0.7867540349515032,4.79881,4.807517289357909,0.6205570637546444
6,6,Single GP,23,0,10.4214,10.429860324243117,0.8266662008179335,4.62972,4.995814615732124,0.5691093566296778
6,6,Single GP,24,1,6.13089,5.795207208105658,0.5932372239418613,2.87931,2.22340022908946,0.6775055801309964
6,6,Single GP,25,4,9.89993,10.736311019268742,0.7273336805151341,4.92915,4.803737478369578,0.7885067622278206
6,6,Single GP,26,3,9.44702,9.225207624631187,0.5522780399697379,4.90717,4.944228503881874,0.5334978242845012
6,6,Single GP,27,2,9.24319,10.349620637417875,0.48435743115088903,4.70238,5.1026304754729,0.41006075289210087
6,6,Single GP,28,1,4.51178,5.047025538998605,0.5098673695282441,1.28971,1.2080219841173738,0.513960290043397
6,6,Single GP,29,2,4.87314,6.570475011444126,0.5847479045598136,3.65188,2.982069015949474,0.43403730785102446
6,6,Single GP,30,1,5.15189,3.993225267674579,0.6213167510886074,1.87265,2.2143499241071884,0.5492859014952352
6,6,Single GP,31,0,4.72427,6.252970887826471,0.6388170895779129,1.19283,2.165445428280966,0.5133772559907874
6,6,Single GP,32,2,7.18726,6.625875132618537,0.805787075415689,2.49718,1.42073296572807,0.7244505958843644
6,6,Single GP,33,3,8.02499,8.722070509878346,0.47856591708375723,3.59119,3.559982436693735,0.4731903854373682
6,6,Single GP,34,0,7.56027,7.56626106589932,0.48931698626032777,3.10434,3.1952054573356303,0.42337359070851366
6,6,Single GP,35,4,9.24725,8.654948350737397,0.8647248610381238,4.71931,4.5571454310629065,0.7018776113925325
6,6,Single GP,36,3,8.31567,9.597372101323076,0.7360574590017688,3.48547,4.287118231383232,0.8905656831122393
6,6,Single GP,37,2,5.32822,5.217217436217026,0.680479339723858,1.79646,1.4148041647715006,0.6305581362246732
6,6,Single GP,38,0,8.94641,7.134736594351536,0.5951447500983311,4.8242,3.5827745095518275,0.49301571457566196
6,6,Single GP,39,2,5.11392,5.355111807594721,0.7134901903245503,2.99086,2.857194551237326,0.5569773894543835
6,6,Single GP,40,0,6.83197,7.461248032766275,0.6141417791016569,2.06786,3.7576066841504554,0.6414019746754103
6,6,Single GP,41,1,7.13367,8.316412024506954,0.5442045551164079,4.48825,3.9423192407230805,0.6355399108267537
6,6,Single GP,42,4,9.10706,8.655074392335694,0.7949110472791853,3.13065,4.2823077377715935,0.738849730860798
6,6,Single GP,43,1,8.02606,9.180274200412859,0.7619464882586382,4.45854,4.770265674140226,0.8249729995806251
6,6,Single GP,44,2,4.5657,5.006332258675917,0.5465517126514715,1.3827,1.7012415216287278,0.4160951688819325
6,6,Single GP,45,4,5.33957,5.7193291546362754,0.48143527995054314,2.71903,2.71385115585501,0.5130023779321421
6,6,Single GP,46,3,8.14209,6.668875447354041,0.6468135456366986,4.77519,4.812167094607037,0.6493178567484719
6,6,Single GP,47,1,7.95193,8.166672249778367,0.5083294642469012,4.49069,4.037567156855878,0.5370112930677156
6,6,Single GP,48,1,8.27295,8.988416299808296,0.5386745754792146,3.91402,4.042283355905988,0.511703475989378
6,6,Single GP,49,0,9.22919,9.53866528256457,0.5364749981255075,4.0906,3.7022373288670476,0.5048133625146236
6,6,Model Selection,0,0,9.32916,8.203017549571431,0.8809680288400723,5.16871,4.179864141400542,0.5936814081045647
6,6,Model Selection,1,4,7.68631,7.811974001158581,0.8547192286079994,3.81186,3.8451074437576516,0.7423628359234371
6,6,Model Selection,2,3,4.56985,5.576584899857945,0.8188414263511259,1.39511,2.704799726105714,0.7719089417709395
6,6,Model Selection,3,1,9.23804,7.765059251809202,0.6570056010785312,5.04394,4.178567450194656,0.7600520014878
6,6,Model Selection,4,3,4.12091,5.76094681343099,0.841741873623898,1.58843,3.5982313589142496,0.8416559962382032
6,6,Model Selection,5,2,9.77341,8.665336702831636,0.6885878455716423,4.68698,4.267047592362058,0.6445133970473121
6,6,Model Selection,6,0,6.49371,5.695794606717408,0.9020403260936242,4.19441,3.422089797749711,0.7033650172467791
6,6,Model Selection,7,0,9.75931,10.004484004823775,0.8460690532249714,4.70237,4.986299792834628,0.42533649152085107
6,6,Model Selection,8,3,5.40848,6.600071932750042,0.8214943163595787,2.08749,3.8587833773386557,0.7868410438123412
6,6,Model Selection,9,4,7.599,7.060362305406752,0.9497335763681088,3.26644,3.601279233685608,0.8637248434512222
6,6,Model Selection,10,4,8.52081,9.928701353603147,0.9008909805491153,4.5379,4.6129694206379614,0.8307823298918117
6,6,Model Selection,11,3,11.0714,10.61350438059508,0.7895193659143285,4.87105,4.694117726562776,0.6682613712127944
6,6,Model Selection,12,3,8.29498,9.092027172987713,0.612623080643534,4.37633,3.7972995551198223,0.4836606455166503
6,6,Model Selection,13,3,10.3345,9.585287029011806,0.7581337421912893,3.57985,4.000158167531401,0.6630646864618835
6,6,Model Selection,14,0,4.75967,4.720789885504162,0.9323120460697613,1.19214,1.3707075946838692,0.5774522311202785
6,6,Model Selection,15,4,10.9876,10.398351753025825,0.8324500851832907,5.00077,4.5624701462798445,0.7547205043356079
6,6,Model Selection,16,4,8.9389,8.54879417053286,0.8281727308211156,4.29166,3.7782133653856382,0.7620685324287887
6,6,Model Selection,17,1,7.51834,8.381390708919216,0.7663518201069259,2.25668,3.090738931642207,0.7837105303935552
6,6,Model Selection,18,2,9.69876,9.181352845897639,0.8613988723510373,2.62464,4.538514250479659,0.7187626677666196
6,6,Model Selection,19,1,6.43094,7.761879815652613,0.6732844199156719,3.48185,4.251628096900581,0.7663379246636096
6,6,Model Selection,20,4,3.52219,3.665589779512884,0.9690590614082023,0.818414,0.9758184890624562,0.857387304910013
6,6,Model Selection,21,2,9.13885,7.364740976593555,0.7767228522435443,4.67367,2.921948490201657,0.6360740804689085
6,6,Model Selection,22,2,9.41684,9.43018026777502,0.9047621026532261,4.79881,4.358226497551495,0.7384476868713263
6,6,Model Selection,23,0,10.4214,10.235380864020494,0.9235777805953941,4.62972,5.044585539564484,0.511294875241458
6,6,Model Selection,24,1,6.13089,5.900142420253666,0.6668364499162207,2.87931,2.4653620962973295,0.8050018571696088
6,6,Model Selection,25,4,9.89993,9.71133977406109,0.9230798618427989,4.92915,4.5341780475954225,0.839679288938259
6,6,Model Selection,26,3,9.44702,9.424194254513516,0.7122869191216586,4.90717,4.932496519847834,0.5677424654119528
6,6,Model Selection,27,2,9.24319,10.023332624120165,0.766216051148504,4.70238,5.195033320078546,0.6227648192918376
6,6,Model Selection,28,1,4.51178,4.87944561897951,0.5789162689979503,1.28971,1.50463681282968,0.6867310524997362
6,6,Model Selection,29,2,4.87314,5.753235760489863,0.8146070175703773,3.65188,3.07097911925474,0.6579165999462366
6,6,Model Selection,30,1,5.15189,4.585804887033802,0.6753376893695408,1.87265,2.4010927533596416,0.6760329391580531
6,6,Model Selection,31,0,4.72427,5.503952595842685,0.8550574410795043,1.19283,2.1499941183660374,0.4673022891923741
6,6,Model Selection,32,2,7.18726,6.755039168359143,0.9200536341039766,2.49718,2.251634854952334,0.7680693233483862
6,6,Model Selection,33,3,8.02499,8.377824277590737,0.6910653653288845,3.59119,3.4837163220726466,0.5088361359778608
6,6,Model Selection,34,0,7.56027,7.672698561034191,0.7774122191013756,3.10434,3.201193319148536,0.387479217511844
6,6,Model Selection,35,4,9.24725,9.464858954182708,0.8984513754113397,4.71931,4.723437078311406,0.8383115013913389
6,6,Model Selection,36,3,8.31567,9.051863384430204,0.914563192504203,3.48547,4.403784259328903,0.8664061587823914
6,6,Model Selection,37,2,5.32822,5.771763351453503,0.8519068566239948,1.79646,2.3649126305223485,0.6902851410452374
6,6,Model Selection,38,0,8.94641,8.026082402143828,0.8899096265516676,4.8242,3.633456390674838,0.4385881492167699
6,6,Model Selection,39,2,5.11392,4.815311593725733,0.8796100536868978,2.99086,2.524425990734434,0.7235548529155227
6,6,Model Selection,40,0,6.83197,7.599113438980695,0.9091489199866747,2.06786,3.8395108791793042,0.6068015062805656
6,6,Model Selection,41,1,7.13367,8.229028707229602,0.6262714821230505,4.48825,3.5743963991382826,0.7770300042620288
6,6,Model Selection,42,4,9.10706,9.000746273114094,0.909084988149017,3.13065,3.981958779154617,0.8703121787228097
6,6,Model Selection,43,1,8.02606,8.910436731921639,0.7751503698757659,4.45854,4.3978416880407725,0.8478878774876059
6,6,Model Selection,44,2,4.5657,5.22987597563966,0.7766922859592074,1.3827,1.5644280966601078,0.6246972575943852
6,6,Model Selection,45,4,5.33957,5.953552268732604,0.7542885869762733,2.71903,3.021891673125724,0.7455513914550199
6,6,Model Selection,46,3,8.14209,6.633561056900789,0.8248481416962007,4.77519,4.723172759136137,0.6658147252893939
6,6,Model Selection,47,1,7.95193,8.235414339422842,0.5819576191869664,4.49069,3.898143433176222,0.6967560507674845
6,6,Model Selection,48,1,8.27295,9.223497104580035,0.6108437518134242,3.91402,3.6805766865673246,0.6671674035861611
6,6,Model Selection,49,0,9.22919,9.312068697255349,0.8139989990724743,4.0906,3.7184972758365737,0.44716397311305084
6,6,Model Selection + Bagging,0,0,9.32916,8.08146253164671,1.1485992427774279,5.16871,4.617465687005553,0.8609395606175734
6,6,Model Selection + Bagging,1,4,7.68631,7.561932375155804,0.9832204821181953,3.81186,3.4843378093108277,0.9460922087996627
6,6,Model Selection + Bagging,2,3,4.56985,5.823026022851167,0.9027774550996684,1.39511,2.833127222361274,0.9022601974440744
6,6,Model Selection + Bagging,3,1,9.23804,7.768734923533762,0.9835616795801911,5.04394,4.062876046505266,0.9644692767709204
6,6,Model Selection + Bagging,4,3,4.12091,5.9749823811371305,0.9886643807830806,1.58843,3.335369068931859,0.8840636529691069
6,6,Model Selection + Bagging,5,2,9.77341,8.602428738693192,0.8440412912187648,4.68698,3.9383512994804373,0.8266170778518149
6,6,Model Selection + Bagging,6,0,6.49371,5.815706492865471,1.0877074874619201,4.19441,2.960637475616477,0.9289354034197809
6,6,Model Selection + Bagging,7,0,9.75931,10.015444271895149,1.0041608288314632,4.70237,4.791870002332249,0.7106083698243032
6,6,Model Selection + Bagging,8,3,5.40848,6.777953591070294,0.992923506537074,2.08749,3.715394335019675,0.8725992111665012
6,6,Model Selection + Bagging,9,4,7.599,7.007767283096493,1.031861078635753,3.26644,3.6165677299182497,0.9404964386020966
6,6,Model Selection + Bagging,10,4,8.52081,9.84288867771487,1.0318387182814643,4.5379,4.391783877895126,1.0274671973870353
6,6,Model Selection + Bagging,11,3,11.0714,10.474422312167205,1.017057004643532,4.87105,4.703719863688948,0.767986036647753
6,6,Model Selection + Bagging,12,3,8.29498,8.848686679442103,0.8614674338390846,4.37633,3.628439528388736,0.7884912254405507
6,6,Model Selection + Bagging,13,3,10.3345,9.474289515164159,0.9359258830165317,3.57985,3.844638838643913,0.8715765959378797
6,6,Model Selection + Bagging,14,0,4.75967,5.1034826662008115,1.07246187160413,1.19214,1.5566869285250597,0.9016683709291777
6,6,Model Selection + Bagging,15,4,10.9876,10.297102366410192,0.9835645738913567,5.00077,4.483776330041418,0.8520757132121367
6,6,Model Selection + Bagging,16,4,8.9389,8.420495744487313,1.025153034037748,4.29166,3.826799579573295,0.9475186754672057
6,6,Model Selection + Bagging,17,1,7.51834,7.524346229746842,0.962398076759116,2.25668,3.107732430121998,0.9837792305515566
6,6,Model Selection + Bagging,18,2,9.69876,9.144198762050184,1.0266730961187638,2.62464,4.434671487467061,0.8193735823690741
6,6,Model Selection + Bagging,19,1,6.43094,7.490122441521218,0.8545650923731339,3.48185,3.740517591199794,0.9692206520884512
6,6,Model Selection + Bagging,20,4,3.52219,4.167424055025717,1.0768269585956818,0.818414,1.5949838357763468,0.9946183283504612
6,6,Model Selection + Bagging,21,2,9.13885,7.367483939036266,0.9890264759912476,4.67367,2.802678811044658,0.7696019147677082
6,6,Model Selection + Bagging,22,2,9.41684,9.383313678188346,1.0236797661507357,4.79881,4.168479160104859,0.8473894214052425
6,6,Model Selection + Bagging,23,0,10.4214,10.186406915400559,1.0694381516994445,4.62972,4.635704502867367,0.8823237663165476
6,6,Model Selection + Bagging,24,1,6.13089,6.131033206368239,1.0128557816130344,2.87931,2.8437786059115924,0.9790517596881835
6,6,Model Selection + Bagging,25,4,9.89993,9.664028707610827,1.056119906045151,4.92915,4.484291564830784,0.955094440857129
6,6,Model Selection + Bagging,26,3,9.44702,9.264145368855642,0.8517371373544153,4.90717,4.892339682036745,0.6603950148307697
6,6,Model Selection + Bagging,27,2,9.24319,9.690966766141326,0.9082294227612913,4.70238,5.046434382945401,0.7243938292209444
6,6,Model Selection + Bagging,28,1,4.51178,4.808611316991512,0.7242444063769055,1.28971,1.9473123730781288,0.9921770722014318
6,6,Model Selection + Bagging,29,2,4.87314,5.637217050406353,1.0820686559801753,3.65188,3.128678221510098,0.8258671762491429
6,6,Model Selection + Bagging,30,1,5.15189,5.268157005594453,0.9529043273857234,1.87265,2.4368096309518688,0.8596118187391547
6,6,Model Selection + Bagging,31,0,4.72427,5.703992129698961,1.0621061424090377,1.19283,2.555551653901186,0.8401937029698975
6,6,Model Selection + Bagging,32,2,7.18726,7.101173313307537,1.0370253461305246,2.49718,2.5464693946410955,0.8407481230186534
6,6,Model Selection + Bagging,33,3,8.02499,8.274117027963035,0.8064256842464035,3.59119,3.519457650683903,0.6840480516381525
6,6,Model Selection + Bagging,34,0,7.56027,7.954463599651533,0.9773383433160456,3.10434,3.066168435118696,0.8900746671038712
6,6,Model Selection + Bagging,35,4,9.24725,9.62569540880656,0.9787604705268037,4.71931,4.734472587137565,0.9159155308760887
6,6,Model Selection + Bagging,36,3,8.31567,8.818950334442997,1.036426135192637,3.48547,4.611025452833812,0.8612914556604289
6,6,Model Selection + Bagging,37,2,5.32822,6.054440818610911,1.0020610232776865,1.79646,2.5126300287228216,0.7792793471197365
6,6,Model Selection + Bagging,38,0,8.94641,8.069940881359626,1.0341690570933804,4.8242,3.583722542675469,0.7567483806822929
6,6,Model Selection + Bagging,39,2,5.11392,4.77364841121642,1.1045889951905128,2.99086,2.5299659650330826,0.877201123053469
6,6,Model Selection + Bagging,40,0,6.83197,7.802563508822723,1.0526676147056562,2.06786,3.594621992472324,0.8457719904631577
6,6,Model Selection + Bagging,41,1,7.13367,8.10470106891579,0.9707867602887734,4.48825,3.5670781405145418,1.0059852237423719
6,6,Model Selection + Bagging,42,4,9.10706,9.061770966375194,1.0194328889558064,3.13065,3.818361617081537,1.046753862240058
6,6,Model Selection + Bagging,43,1,8.02606,7.98774726527397,1.1760943407450815,4.45854,3.8942792258494494,1.0650420382509824
6,6,Model Selection + Bagging,44,2,4.5657,5.490120311691003,0.9459215736424614,1.3827,1.733091577934475,0.708771119963043
6,6,Model Selection + Bagging,45,4,5.33957,5.876977544282306,0.9116336888135825,2.71903,3.0593077719325867,0.8877474107000811
6,6,Model Selection + Bagging,46,3,8.14209,6.6164153392278635,1.0293445608213896,4.77519,4.3576108265565585,0.8422870536833442
6,6,Model Selection + Bagging,47,1,7.95193,7.868602424460834,0.9088611265962784,4.49069,3.6934820919508042,0.8872483929148105
6,6,Model Selection + Bagging,48,1,8.27295,9.222815530298382,0.772511701935501,3.91402,3.5322680871561327,0.8006415724242855
6,6,Model Selection + Bagging,49,0,9.22919,9.28564254324905,0.9241126064801034,4.0906,3.5144858935672203,0.7762541551144408
7,7,Single GP,0,3,9.32916,8.631063453460426,0.5351866401781893,5.16871,4.4084390235006685,0.7140531960988671
7,7,Single GP,1,0,7.68631,8.799009920549151,0.4758935613197267,3.81186,4.432094212195027,0.5225539287346321
7,7,Single GP,2,1,4.56985,5.321669079984032,0.8609513030314556,1.39511,2.0412484987263033,0.8649862556642456
7,7,Single GP,3,4,9.23804,7.82668363692106,0.7821237413401948,5.04394,4.093055315048511,0.6438942753873373
7,7,Single GP,4,4,4.12091,5.151755847170344,0.6937536358951764,1.58843,2.414921644449755,0.5782128754752237
7,7,Single GP,5,2,9.77341,9.106400419196875,0.46247957011448954,4.68698,4.048932108138385,0.5261621941092803
7,7,Single GP,6,2,6.49371,5.366485609188252,0.46888990267616,4.19441,2.3601201467060626,0.4920340769746415
7,7,Single GP,7,3,9.75931,10.42555552477722,0.6466640201417139,4.70237,5.066606335559925,0.5312448324613703
7,7,Single GP,8,3,5.40848,6.819767041694365,0.5302966215397896,2.08749,2.30840067279735,0.51208806182142
7,7,Single GP,9,1,7.599,6.9504502749194055,0.7222070060438367,3.26644,3.54596313150677,0.7469749093634113
7,7,Single GP,10,0,8.52081,10.411616807385267,0.3509190262977097,4.5379,5.167355885752979,0.3907112270866251
7,7,Single GP,11,3,11.0714,11.147713680346746,0.7607041974571995,4.87105,4.5683646507303965,0.7182400861428689
7,7,Single GP,12,2,8.29498,8.511839045441892,0.4341172140034083,4.37633,3.2054291154859342,0.4923674012849885
7,7,Single GP,13,0,10.3345,9.74727624720174,0.57935740781346,3.57985,3.9940026351894393,0.6354010841523364
7,7,Single GP,14,4,4.75967,5.296958986157673,0.8072345339627975,1.19214,1.8301244411700237,0.7627772687366333
7,7,Single GP,15,0,10.9876,10.119598720881243,0.47277653653738927,5.00077,4.672747942392716,0.49765307542310677
7,7,Single GP,16,2,8.9389,8.398225478684022,0.38737420217292756,4.29166,3.7713765795818452,0.351493261546425
7,7,Single GP,17,1,7.51834,7.494770070096468,0.6554657290059552,2.25668,3.199357485435903,0.6003677393221922
7,7,Single GP,18,1,9.69876,9.242594245647133,0.8221658632493012,2.62464,4.3384524321954485,0.6771706115761699
7,7,Single GP,19,4,6.43094,7.646632012570969,0.7085105257292503,3.48185,4.044119619075756,0.7324749461274636
7,7,Single GP,20,0,3.52219,2.9842923824994,0.6915406937536456,0.818414,0.4929948188325124,0.7288339140792037
7,7,Single GP,21,2,9.13885,7.131043268952019,0.3591270392639508,4.67367,3.1610495517696715,0.32508606490221625
7,7,Single GP,22,0,9.41684,11.261044962592345,0.5919410928249557,4.79881,4.854388059246736,0.675114794072496
7,7,Single GP,23,4,10.4214,10.080644639557109,0.8538420716223306,4.62972,4.378024940855727,0.6956951289714519
7,7,Single GP,24,2,6.13089,6.046113663940052,0.5237443897415633,2.87931,2.7740045016212203,0.4544066916144267
7,7,Single GP,25,4,9.89993,8.17133437071345,0.6582160779056446,4.92915,4.063985994888052,0.5349477314640985
7,7,Single GP,26,3,9.44702,8.300270709254574,0.5009211512385073,4.90717,4.846305393899626,0.5807268475304699
7,7,Single GP,27,0,9.24319,10.401764388792635,0.4491680303686128,4.70238,5.244318897701615,0.5309340158408754
7,7,Single GP,28,4,4.51178,4.699954225081891,0.7364365412482575,1.28971,1.1207664563977953,0.5433913591116896
7,7,Single GP,29,1,4.87314,5.45291140130531,0.6780228374468801,3.65188,2.5225940789128636,0.4897025693463776
7,7,Single GP,30,0,5.15189,4.240407205035265,0.36209545162818507,1.87265,2.339854083016943,0.418135428550521
7,7,Single GP,31,2,4.72427,5.137498768271291,0.4531720067305195,1.19283,1.8709952189721728,0.35357871825115056
7,7,Single GP,32,1,7.18726,6.7658017627965386,0.7815431721422937,2.49718,2.314459066994883,0.7803180645832147
7,7,Single GP,33,2,8.02499,8.443538753377386,0.4029978314189806,3.59119,3.3185876108144887,0.34200839028736846
7,7,Single GP,34,1,7.56027,7.247344733976013,0.4615861499032976,3.10434,3.2977047935117914,0.39341077057864093
7,7,Single GP,35,1,9.24725,9.237397599475246,0.6514162731463152,4.71931,4.68232568256597,0.6921218507480138
7,7,Single GP,36,0,8.31567,9.09224961950734,0.8045253280925608,3.48547,4.145106654024729,0.8265730893771999
7,7,Single GP,37,3,5.32822,5.543539788068652,0.7207607402803483,1.79646,2.3183190684319595,0.6832886356315492
7,7,Single GP,38,2,8.94641,7.7757461798944005,0.3603919709453904,4.8242,3.825680508311158,0.30711272968792147
7,7,Single GP,39,4,5.11392,4.408121731811595,0.714985069370146,2.99086,3.2525429474676306,0.781356499040625
7,7,Single GP,40,3,6.83197,7.984833411459156,0.6824970076225442,2.06786,3.9196599862951356,0.6484228511744233
7,7,Single GP,41,1,7.13367,7.6420359299380305,0.7894551875095922,4.48825,3.5660046469142674,0.6313890942158993
7,7,Single GP,42,0,9.10706,8.936357027773267,0.6192703388456761,3.13065,4.179714420691289,0.7400113064296732
7,7,Single GP,43,3,8.02606,7.949278906793561,0.5638706663672697,4.45854,4.651236081826373,0.7876522240809204
7,7,Single GP,44,4,4.5657,5.6366306989069015,0.6031429891243942,1.3827,1.508808773955261,0.5891105176100717
7,7,Single GP,45,2,5.33957,6.269329089208862,0.2916694917887537,2.71903,3.2532372340448354,0.34011303806979265
7,7,Single GP,46,1,8.14209,6.172836369945677,0.6192035703830712,4.77519,4.134863773844077,0.6498815999320215
7,7,Single GP,47,4,7.95193,8.07863743968534,0.5332804797396865,4.49069,4.076153898333414,0.4745185057357969
7,7,Single GP,48,3,8.27295,8.727705258724319,0.4601331424075293,3.91402,3.687530769309387,0.629550512915195
7,7,Single GP,49,3,9.22919,9.284627616111676,0.5240746604148709,4.0906,3.55258427440092,0.5940429435408897
7,7,Model Selection,0,3,9.32916,8.598453390512578,0.5800727716808776,5.16871,4.351725844935565,0.7387501174030464
7,7,Model Selection,1,0,7.68631,8.018036427684269,0.8356444501493125,3.81186,3.894668272715476,0.7458606162410334
7,7,Model Selection,2,1,4.56985,5.742502972614267,0.9323041635999443,1.39511,2.0555876635635593,0.846374183713554
7,7,Model Selection,3,4,9.23804,7.822369154619045,0.8458628549302619,5.04394,4.19856484758964,0.7704840598670165
7,7,Model Selection,4,4,4.12091,5.530791249754259,0.8089838430622968,1.58843,2.413980766853859,0.7263072643443905
7,7,Model Selection,5,2,9.77341,8.745439407359648,0.8476269091091864,4.68698,4.117628787446036,0.5176132972979985
7,7,Model Selection,6,2,6.49371,5.666481868275362,0.8330523085588151,4.19441,2.4205807068906857,0.4587862791678991
7,7,Model Selection,7,3,9.75931,10.352831050248534,0.66270391801009,4.70237,5.189132815084443,0.518380371977917
7,7,Model Selection,8,3,5.40848,6.82082536325251,0.5655559509460562,2.08749,2.2502641528383025,0.5476375242739748
7,7,Model Selection,9,1,7.599,6.9455901001477685,0.8635171517105192,3.26644,3.471562146879611,0.780414280511095
7,7,Model Selection,10,0,8.52081,10.200845460709276,0.731360276274872,4.5379,4.95248380498046,0.6779184417801444
7,7,Model Selection,11,3,11.0714,11.097009223613751,0.7518223299253463,4.87105,4.490968639151592,0.7349215910919771
7,7,Model Selection,12,2,8.29498,8.372064079939678,0.8484323679163532,4.37633,3.183690670209693,0.4826158584806261
7,7,Model Selection,13,0,10.3345,9.392941326176839,0.8497705649644083,3.57985,3.908075399149891,0.7894266810304151
7,7,Model Selection,14,4,4.75967,4.998575802460982,0.8888493258943946,1.19214,1.7159218847113213,0.835935480253281
7,7,Model Selection,15,0,10.9876,10.210939559637524,0.821551024375831,5.00077,4.570951400579818,0.7533173900334745
7,7,Model Selection,16,2,8.9389,8.628357047477735,0.7775470721744556,4.29166,3.950126159652856,0.27995404147854047
7,7,Model Selection,17,1,7.51834,7.337517937458642,0.8469868570146785,2.25668,2.8912948341987557,0.7407905379149239
7,7,Model Selection,18,1,9.69876,9.157131640303234,0.9102419213797879,2.62464,4.308022081602574,0.7737937175712485
7,7,Model Selection,19,4,6.43094,7.154805125240778,0.8136741427270456,3.48185,4.080143829107448,0.7936072198544156
7,7,Model Selection,20,0,3.52219,3.602912185046593,0.9353603163631906,0.818414,0.9906771338202227,0.8558605488443053
7,7,Model Selection,21,2,9.13885,7.178204420727091,0.772581619311058,4.67367,3.1243525516476782,0.2852550790132015
7,7,Model Selection,22,0,9.41684,10.372084931126103,0.9113444950564447,4.79881,4.926386562284629,0.8399205145849069
7,7,Model Selection,23,4,10.4214,10.208081435113023,0.8686217167364715,4.62972,4.695866394596773,0.8090083103712796
7,7,Model Selection,24,2,6.13089,5.95320464719579,0.8851205280696669,2.87931,2.867275208032849,0.40086158744661643
7,7,Model Selection,25,4,9.89993,8.5924726347599,0.7450280853785812,4.92915,4.245714918890969,0.7205875754522806
7,7,Model Selection,26,3,9.44702,8.398687527876357,0.5413038406044505,4.90717,4.794278929223068,0.5836083020563863
7,7,Model Selection,27,0,9.24319,10.018717437258594,0.7893240137021893,4.70238,5.050753730859162,0.7184674953492679
7,7,Model Selection,28,4,4.51178,5.2899210456008365,0.7562709858185768,1.28971,1.569804156044897,0.7331841334681758
7,7,Model Selection,29,1,4.87314,5.354688500098486,0.8331970499570371,3.65188,2.6869706812390426,0.7158525904087482
7,7,Model Selection,30,0,5.15189,4.57628325695595,0.7186299040461797,1.87265,2.4357510149016885,0.6884505426415106
7,7,Model Selection,31,2,4.72427,5.035647876323143,0.7663025179750159,1.19283,1.8699117524285498,0.30194368929346066
7,7,Model Selection,32,1,7.18726,6.985946298016033,0.9056872730820399,2.49718,2.3079444650082968,0.8121716883717958
7,7,Model Selection,33,2,8.02499,8.42524058609363,0.7193841073417502,3.59119,3.4201051193108807,0.3100411907111537
7,7,Model Selection,34,1,7.56027,7.4799285067450585,0.7078797368660711,3.10434,3.195534751983545,0.6021812680832374
7,7,Model Selection,35,1,9.24725,9.551514496524252,0.8271320286805196,4.71931,4.690604125053667,0.7734916872856652
7,7,Model Selection,36,0,8.31567,9.004941542136114,0.9551444413941615,3.48547,4.549959579747133,0.8583497270263835
7,7,Model Selection,37,3,5.32822,5.5273386903248145,0.729538481277884,1.79646,2.109398634107448,0.6526208878341364
7,7,Model Selection,38,2,8.94641,8.22449726875777,0.7765784832720093,4.8242,3.827068238539847,0.21853732835691214
7,7,Model Selection,39,4,5.11392,4.8118990141842,0.8916514001998075,2.99086,2.8185185001573436,0.8300074825011513
7,7,Model Selection,40,3,6.83197,8.022216446172862,0.7007758484888229,2.06786,3.9453937137288824,0.6760717467828685
7,7,Model Selection,41,1,7.13367,7.712178202129422,0.9143405867642146,4.48825,3.644622554134721,0.7629430949990127
7,7,Model Selection,42,0,9.10706,9.148105271564871,0.8483602376260537,3.13065,4.114559318036295,0.835591980196701
7,7,Model Selection,43,3,8.02606,7.81476409785492,0.6017710909274442,4.45854,4.582168169355131,0.7785794145183191
7,7,Model Selection,44,4,4.5657,5.50399478264668,0.78485716424991,1.3827,1.7978010283393626,0.7220900817867657
7,7,Model Selection,45,2,5.33957,5.980409617063202,0.7645577651993638,2.71903,3.2938839006646115,0.28095619756005696
7,7,Model Selection,46,1,8.14209,6.159247686434768,0.8412864649592311,4.77519,3.742120198113648,0.7575632604402782
7,7,Model Selection,47,4,7.95193,7.741032225380133,0.717317764659842,4.49069,3.9964753746452204,0.6774425811595346
7,7,Model Selection,48,3,8.27295,8.735400579853273,0.5047604911519519,3.91402,3.5747920025500006,0.6217506660999099
7,7,Model Selection,49,3,9.22919,9.298495940809635,0.5512611952151997,4.0906,3.5979624471140736,0.6109933759938763
7,7,Model Selection + Bagging,0,3,9.32916,8.467519201578138,0.7993123748898636,5.16871,4.500872203937891,0.7770618917838727
7,7,Model Selection + Bagging,1,0,7.68631,7.5724516669611015,1.0464091273750904,3.81186,3.4641661035002493,1.0058157381733004
7,7,Model Selection + Bagging,2,1,4.56985,5.981013008563871,1.091391094539655,1.39511,2.549504287387732,1.0295735619118955
7,7,Model Selection + Bagging,3,4,9.23804,7.898075509020365,1.0645996643595914,5.04394,4.224951250553861,0.9036223387345285
7,7,Model Selection + Bagging,4,4,4.12091,5.840392106388013,1.0751741703809823,1.58843,2.7493419490006143,0.9526954101938387
7,7,Model Selection + Bagging,5,2,9.77341,8.554709583036411,0.9960871174262139,4.68698,3.8460661810656203,0.6478046257567601
7,7,Model Selection + Bagging,6,2,6.49371,5.909170395612537,0.9459703332014125,4.19441,2.418454237943977,0.6722409750937762
7,7,Model Selection + Bagging,7,3,9.75931,9.95056224359662,0.7652452161163982,4.70237,4.883049223519114,0.6771003101091472
7,7,Model Selection + Bagging,8,3,5.40848,6.429301224487744,1.1665252205896353,2.08749,2.7669329957000834,0.9787734151153866
7,7,Model Selection + Bagging,9,1,7.599,6.903372649425977,0.9888674831823681,3.26644,3.524309894630351,0.855000500943621
7,7,Model Selection + Bagging,10,0,8.52081,9.978945494270405,0.8835541744110391,4.5379,4.7046990118852685,0.8493778045164788
7,7,Model Selection + Bagging,11,3,11.0714,10.686545758529206,1.0162215844466016,4.87105,4.5379784867912285,0.8726950263513652
7,7,Model Selection + Bagging,12,2,8.29498,8.22543855723557,0.9948168652833171,4.37633,3.254465800578455,0.6347320158687129
7,7,Model Selection + Bagging,13,0,10.3345,9.270197843202919,1.0142980807572746,3.57985,3.769530602512414,0.9317800387262585
7,7,Model Selection + Bagging,14,4,4.75967,5.10640644819025,1.0069450116054839,1.19214,1.8196177487533067,0.9404027163270682
7,7,Model Selection + Bagging,15,0,10.9876,10.130219151035424,0.9818757952341624,5.00077,4.388091450225393,0.9336652539985385
7,7,Model Selection + Bagging,16,2,8.9389,8.598023554953746,0.9113111751717433,4.29166,3.5959238980711428,0.6028247199743632
7,7,Model Selection + Bagging,17,1,7.51834,7.084548174674872,1.1120005813039624,2.25668,2.821733996530395,0.970192832581625
7,7,Model Selection + Bagging,18,1,9.69876,9.022955998455874,1.0431803218605378,2.62464,4.127513758811512,0.8611590712007602
7,7,Model Selection + Bagging,19,4,6.43094,6.697007191018659,1.0169234849618716,3.48185,3.53858565870185,1.0385385327355745
7,7,Model Selection + Bagging,20,0,3.52219,3.9977978521095117,1.0754344270511584,0.818414,1.6003284849244228,1.0167518942370244
7,7,Model Selection + Bagging,21,2,9.13885,7.215421804557142,1.0320075616709452,4.67367,2.846326332520576,0.6686989186916391
7,7,Model Selection + Bagging,22,0,9.41684,9.961921403128947,1.062635204735965,4.79881,4.5393342263197995,1.0183705673411965
7,7,Model Selection + Bagging,23,4,10.4214,10.158122487884642,1.0330565560243108,4.62972,4.7573810992563885,0.8792175683385741
7,7,Model Selection + Bagging,24,2,6.13089,6.142244676912471,1.1803296263009089,2.87931,2.4920208923599305,0.9427671516718239
7,7,Model Selection + Bagging,25,4,9.89993,8.853912156493815,0.9370539979391957,4.92915,4.339813238257334,0.8128251084298465
7,7,Model Selection + Bagging,26,3,9.44702,8.919130602676029,0.722055991881651,4.90717,4.697189492437718,0.638376588871971
7,7,Model Selection + Bagging,27,0,9.24319,9.90306999613212,0.930262518989084,4.70238,4.909126512635447,0.8828439705471886
7,7,Model Selection + Bagging,28,4,4.51178,5.544452645611278,0.9579469388016264,1.28971,1.9108778686691448,0.8966487813386086
7,7,Model Selection + Bagging,29,1,4.87314,5.452705101516356,1.1334011472720216,3.65188,2.836547758959879,0.9637401911509392
7,7,Model Selection + Bagging,30,0,5.15189,4.880213926244128,0.9469107131702628,1.87265,2.5848730810413243,0.8541636671637419
7,7,Model Selection + Bagging,31,2,4.72427,5.350765506859998,0.9593902208469698,1.19283,1.824856825998987,0.5785630006809104
7,7,Model Selection + Bagging,32,1,7.18726,7.13431695876744,1.0751002733483215,2.49718,2.6342825600110915,0.9824329154527417
7,7,Model Selection + Bagging,33,2,8.02499,8.455596733715513,0.879630044908118,3.59119,3.1702078014978388,0.6848069459222021
7,7,Model Selection + Bagging,34,1,7.56027,7.684950477277776,0.9283821771017766,3.10434,3.169770029520529,0.8323505068031628
7,7,Model Selection + Bagging,35,1,9.24725,9.583839387358772,0.9324754402228375,4.71931,4.72437255518243,0.8396421100268772
7,7,Model Selection + Bagging,36,0,8.31567,8.842135360495696,1.0757756185909224,3.48547,4.431579735521391,0.9078553934322605
7,7,Model Selection + Bagging,37,3,5.32822,5.820363534160984,0.962573748952079,1.79646,2.3100399629020982,0.7890516056303518
7,7,Model Selection + Bagging,38,2,8.94641,8.494703398855629,0.8543175253081462,4.8242,3.8392196379472168,0.5426135495428903
7,7,Model Selection + Bagging,39,4,5.11392,4.749530039963611,1.0837751507671494,2.99086,2.474341909974516,0.9575429682718329
7,7,Model Selection + Bagging,40,3,6.83197,7.782289184896405,0.9529267643835506,2.06786,3.8299707612156193,0.8335018993762784
7,7,Model Selection + Bagging,41,1,7.13367,7.810098008237884,1.147726709514516,4.48825,3.796757778199403,0.9865962122440989
7,7,Model Selection + Bagging,42,0,9.10706,9.23383878550602,0.985970678959013,3.13065,3.972318767450125,0.9662078492552745
7,7,Model Selection + Bagging,43,3,8.02606,7.5666552802397975,1.0394103206005718,4.45854,4.4648211498832895,0.8346377024035552
7,7,Model Selection + Bagging,44,4,4.5657,5.737575969754939,0.9189899107182856,1.3827,2.0480177574963814,0.8367697482332339
7,7,Model Selection + Bagging,45,2,5.33957,6.13079737089517,0.9107339030893752,2.71903,3.0874050262154196,0.5475769730185033
7,7,Model Selection + Bagging,46,1,8.14209,6.428044851700698,1.1462916572043305,4.77519,3.667186096567132,0.9960547713099748
7,7,Model Selection + Bagging,47,4,7.95193,7.737385372236405,0.9026314661832641,4.49069,3.9346181486769223,0.7785651525367314
7,7,Model Selection + Bagging,48,3,8.27295,8.947015643676318,0.6738790945778422,3.91402,3.385509779527534,0.7273832860857737
7,7,Model Selection + Bagging,49,3,9.22919,9.472407583503433,0.7664715335709338,4.0906,3.492427602787012,0.6898420110861025
8,8,Single GP,0,0,9.32916,8.253292035885197,0.6667112616614236,5.16871,3.9623696876495718,0.7619139215386038
8,8,Single GP,1,1,7.68631,7.3836891656295975,0.6952216013309451,3.81186,4.329135405585179,0.4495236628693986
8,8,Single GP,2,2,4.56985,5.699824084659189,0.8933951509864166,1.39511,2.8177705359045895,0.7684435940054892
8,8,Single GP,3,4,9.23804,8.626820934077742,0.5345414509037686,5.04394,4.358448770497787,0.4977028235825835
8,8,Single GP,4,2,4.12091,5.249671964237426,0.6621680894279203,1.58843,2.0686904170583436,0.5943155812388767
8,8,Single GP,5,4,9.77341,8.422413126630929,0.4176793627286527,4.68698,4.081013941466785,0.5625366589735864
8,8,Single GP,6,3,6.49371,5.258893454938704,0.6739128157883412,4.19441,2.2859094849207615,0.7035877962031278
8,8,Single GP,7,2,9.75931,10.023866438701493,0.5087401071885838,4.70237,4.783049600999568,0.4832962787303261
8,8,Single GP,8,4,5.40848,6.150311578865342,0.42199964773336585,2.08749,1.68125583414133,0.37825674954896177
8,8,Single GP,9,3,7.599,6.844300952488192,0.7250960269079613,3.26644,3.5036786775249755,0.7082104981264282
8,8,Single GP,10,4,8.52081,10.34764668632184,0.42408682163288286,4.5379,4.932328353410038,0.28794485675457665
8,8,Single GP,11,1,11.0714,11.033591541665873,0.6773554908835061,4.87105,4.849403212036663,0.6798557360779848
8,8,Single GP,12,1,8.29498,8.820814853992662,0.3980062626338645,4.37633,3.4196248021186024,0.43224708602184175
8,8,Single GP,13,3,10.3345,9.564965930039168,0.6560855602779108,3.57985,3.695582203384006,0.6806942023170247
8,8,Single GP,14,3,4.75967,4.106207563114494,0.765420810369108,1.19214,1.6146270767780073,0.7361759047226833
8,8,Single GP,15,3,10.9876,10.347043195131358,0.6785867155047451,5.00077,4.717808482624418,0.5163392433731432
8,8,Single GP,16,1,8.9389,8.666719875775927,0.6193744637355725,4.29166,3.645673447893866,0.5310455411186017
8,8,Single GP,17,0,7.51834,7.654014804992913,0.7470940953848242,2.25668,3.9457810869827585,0.772339959960061
8,8,Single GP,18,3,9.69876,9.34458758977399,0.7963178531469364,2.62464,4.492862374887869,0.6661447199086274
8,8,Single GP,19,4,6.43094,7.376189206987148,0.4141187468541569,3.48185,4.789663223538899,0.4647763118908649
8,8,Single GP,20,4,3.52219,3.16231950146157,0.5693773892323388,0.818414,0.6014027898098209,0.6186143618622398
8,8,Single GP,21,4,9.13885,8.122387607503505,0.4256191381311574,4.67367,2.8906231421749133,0.3872799862956987
8,8,Single GP,22,0,9.41684,11.208319802219188,0.568185058537157,4.79881,4.53758431146235,0.7049005147849454
8,8,Single GP,23,0,10.4214,10.463283260830853,0.610725301624758,4.62972,4.85002996753568,0.7019729156640735
8,8,Single GP,24,2,6.13089,6.7251919975636,0.6745514273151536,2.87931,2.701693022317495,0.6491511192064519
8,8,Single GP,25,2,9.89993,8.573635179222137,0.5859967348486799,4.92915,4.285708128749784,0.5127636284463905
8,8,Single GP,26,4,9.44702,9.31954670580905,0.42298192469833584,4.90717,4.86759762031597,0.4358587402079819
8,8,Single GP,27,3,9.24319,10.177105638995021,0.5725125545334417,4.70238,5.2925341825747125,0.49054970622308286
8,8,Single GP,28,2,4.51178,4.6935452211749045,0.6278469823453334,1.28971,1.1454006078890924,0.5544146988020616
8,8,Single GP,29,3,4.87314,6.390719707758917,0.6706390131717842,3.65188,3.343005849548629,0.5791563980870019
8,8,Single GP,30,1,5.15189,4.578569515825462,0.48789474546286304,1.87265,2.172043936632768,0.5583939916550849
8,8,Single GP,31,1,4.72427,4.694127323196848,0.4793110714763878,1.19283,1.9623337166602814,0.5165536231298491
8,8,Single GP,32,1,7.18726,6.857107090569713,0.7514369945833578,2.49718,1.6543067560324913,0.7499274020724279
8,8,Single GP,33,0,8.02499,8.078360244561685,0.5278100355174817,3.59119,3.6793089334851086,0.566575813990985
8,8,Single GP,34,3,7.56027,7.2941946230670105,0.4503988476341651,3.10434,3.192286226188235,0.35257963429813804
8,8,Single GP,35,3,9.24725,9.563129070421779,0.6573390787563838,4.71931,4.593462415490521,0.6231849601239949
8,8,Single GP,36,0,8.31567,9.000907110646308,0.6574698474632201,3.48547,4.275596324670401,0.8290428990687145
8,8,Single GP,37,2,5.32822,5.870176034294538,0.7989311368940223,1.79646,2.010343439633695,0.6802999131393703
8,8,Single GP,38,1,8.94641,8.330345398392932,0.5366160133752089,4.8242,3.781395751494489,0.544197378664906
8,8,Single GP,39,1,5.11392,4.826008834530878,0.7690969074688713,2.99086,2.950046011859588,0.7107135807290289
8,8,Single GP,40,4,6.83197,7.586139982238155,0.5401116185795062,2.06786,4.061019295188897,0.5365182338874536
8,8,Single GP,41,4,7.13367,7.267518420647414,0.5288523350222737,4.48825,3.9185635160554324,0.47913360954112777
8,8,Single GP,42,2,9.10706,8.309122331009615,0.8556659459632896,3.13065,4.36220129717507,0.7358985663420964
8,8,Single GP,43,2,8.02606,7.481212823240096,0.8865389977689161,4.45854,4.456223408838347,0.8286352939367313
8,8,Single GP,44,0,4.5657,5.4114617007158525,0.479483685166973,1.3827,1.7177352126873673,0.5701978932865245
8,8,Single GP,45,0,5.33957,6.360178053093698,0.4406418707697645,2.71903,2.873705325385031,0.530376580619493
8,8,Single GP,46,1,8.14209,5.97217736326812,0.5549093489257116,4.77519,4.68811723106114,0.5966718743703641
8,8,Single GP,47,2,7.95193,7.604083733240032,0.6814095226427354,4.49069,3.885404565148838,0.5947759274807166
8,8,Single GP,48,0,8.27295,9.63408603135261,0.5206796266805969,3.91402,3.4664838629118386,0.6615891637219675
8,8,Single GP,49,0,9.22919,10.128197600782865,0.5438712048299117,4.0906,3.627337270647639,0.6293540219490275
8,8,Model Selection,0,0,9.32916,8.311101720867926,0.8582841501200313,5.16871,4.448186782172775,0.8126368985095479
8,8,Model Selection,1,1,7.68631,7.721031714922926,0.8281260785329477,3.81186,3.9214154417867344,0.6997092392400235
8,8,Model Selection,2,2,4.56985,5.6130583445712325,0.9168032213617189,1.39511,2.6468591553854037,0.8305328980618484
8,8,Model Selection,3,4,9.23804,8.219386649030477,0.8119945103065845,5.04394,4.3620902537278505,0.5242801348319803
8,8,Model Selection,4,2,4.12091,5.516060812677431,0.8765697626555937,1.58843,2.3888936066932347,0.746094185513575
8,8,Model Selection,5,4,9.77341,8.628144090798035,0.6256525610987369,4.68698,4.20732233640862,0.5621666879501328
8,8,Model Selection,6,3,6.49371,5.611990179705233,0.6791052709473467,4.19441,2.3931546056452393,0.506161531044903
8,8,Model Selection,7,2,9.75931,9.969045810473757,0.7844870598795983,4.70237,4.82010027293018,0.6813959811503532
8,8,Model Selection,8,4,5.40848,5.945238706003634,0.7542886298378365,2.08749,1.7781995484060766,0.419203542042863
8,8,Model Selection,9,3,7.599,6.918966018137951,0.7429963442380194,3.26644,3.23818203154752,0.5555095847645299
8,8,Model Selection,10,4,8.52081,9.847270080233164,0.6739375687541665,4.5379,4.874334205910004,0.33207799393848675
8,8,Model Selection,11,1,11.0714,10.68111672270423,0.8341294307941688,4.87105,4.746641553797361,0.7936027008700162
8,8,Model Selection,12,1,8.29498,9.11268309732671,0.6570664526923087,4.37633,3.694315171893899,0.6724032690779222
8,8,Model Selection,13,3,10.3345,9.51662562314972,0.7332424949633555,3.57985,4.232199507089833,0.5467022229419163
8,8,Model Selection,14,3,4.75967,4.68979592962283,0.7612966087911537,1.19214,1.3063851470211727,0.5696154781073743
8,8,Model Selection,15,3,10.9876,10.05000729542164,0.6425239121410946,5.00077,4.8338931746208695,0.4779737078401271
8,8,Model Selection,16,1,8.9389,8.632481950668767,0.8005701608904497,4.29166,3.6749640996027697,0.7188667668734504
8,8,Model Selection,17,0,7.51834,7.558401248517819,0.8984734656241951,2.25668,3.133269592172678,0.8332849140055988
8,8,Model Selection,18,3,9.69876,8.838102318000146,0.7436198465902826,2.62464,4.4202719860930815,0.5558570805229389
8,8,Model Selection,19,4,6.43094,7.066858387089521,0.7590797119175345,3.48185,4.707496623784655,0.5034446968342313
8,8,Model Selection,20,4,3.52219,3.8551655379763394,0.8530913371554459,0.818414,0.5439050547784867,0.6412975113419587
8,8,Model Selection,21,4,9.13885,7.581610860507441,0.7451926657948736,4.67367,2.9450412000574286,0.4203356155461977
8,8,Model Selection,22,0,9.41684,9.900234425401617,0.927442155892541,4.79881,4.775289590191198,0.8096216191707322
8,8,Model Selection,23,0,10.4214,10.336501887295896,0.9063494373982481,4.62972,4.940167889663798,0.8055338834877734
8,8,Model Selection,24,2,6.13089,6.220557208943852,0.9534052130467312,2.87931,2.7549876803143367,0.8038267963802861
8,8,Model Selection,25,2,9.89993,8.892479401319251,0.7542161268755168,4.92915,4.500832892181639,0.6861681621311917
8,8,Model Selection,26,4,9.44702,9.129860610174411,0.6901514373154191,4.90717,4.790583195413609,0.47242565028011346
8,8,Model Selection,27,3,9.24319,10.236236499761745,0.5749811523881102,4.70238,5.364330740761998,0.42694377748957973
8,8,Model Selection,28,2,4.51178,5.177446878347328,0.7691487792072856,1.28971,1.461361217107814,0.7081302308430993
8,8,Model Selection,29,3,4.87314,6.2426578962162065,0.7170042516842724,3.65188,3.322705631791887,0.5360193785059151
8,8,Model Selection,30,1,5.15189,4.6341752780543395,0.7179739961806768,1.87265,2.324957457877314,0.7034767221182786
8,8,Model Selection,31,1,4.72427,4.812543897192231,0.7045539010945567,1.19283,1.9465290181383252,0.680829902007441
8,8,Model Selection,32,1,7.18726,6.866070340288743,0.8819866511484211,2.49718,2.02494136466734,0.8232648626946748
8,8,Model Selection,33,0,8.02499,8.482996614840761,0.7822343628327451,3.59119,3.3445709571055127,0.7354418374412672
8,8,Model Selection,34,3,7.56027,7.258187320233202,0.504727606564075,3.10434,3.0487583391822635,0.37220804608076147
8,8,Model Selection,35,3,9.24725,9.27442278378983,0.7307381455492284,4.71931,4.552461174545513,0.5451281573984151
8,8,Model Selection,36,0,8.31567,8.884417997734507,0.9679584849222302,3.48547,4.564056370382321,0.8475614079175192
8,8,Model Selection,37,2,5.32822,6.086626419561419,0.853941457651788,1.79646,2.3238504385682877,0.759258113297768
8,8,Model Selection,38,1,8.94641,8.626688916543802,0.7510333871161762,4.8242,4.03450697061024,0.7124975102783372
8,8,Model Selection,39,1,5.11392,4.308721496241885,0.8788359165648045,2.99086,2.731312180716667,0.8196289038477429
8,8,Model Selection,40,4,6.83197,7.474924001616268,0.8085194534204364,2.06786,4.047255050983041,0.5569819287659977
8,8,Model Selection,41,4,7.13367,7.307450627258655,0.8059462405845819,4.48825,3.9140239074101393,0.5137149571427061
8,8,Model Selection,42,2,9.10706,8.896080512565304,0.8448537760289762,3.13065,4.154674961088401,0.8107473216831745
8,8,Model Selection,43,2,8.02606,7.779460673795038,0.9140243152146506,4.45854,4.369472561925683,0.8463002613060213
8,8,Model Selection,44,0,4.5657,5.513764991782988,0.826703076661406,1.3827,1.8740796823318402,0.718478224502781
8,8,Model Selection,45,0,5.33957,5.969570961952641,0.7372752641273057,2.71903,2.9708814503172003,0.7034156422135007
8,8,Model Selection,46,1,8.14209,5.832875772315434,0.8127898614658357,4.77519,4.195564455927317,0.7658887889808801
8,8,Model Selection,47,2,7.95193,7.684859906801091,0.810888674269784,4.49069,3.9390716755158897,0.7132383903079221
8,8,Model Selection,48,0,8.27295,8.875357401206955,0.7489356475330604,3.91402,3.516052404180417,0.7422492474282176
8,8,Model Selection,49,0,9.22919,9.738490389703035,0.7548159458694462,4.0906,3.644270085291456,0.7265293721281504
8,8,Model Selection + Bagging,0,0,9.32916,8.205062009317498,1.0289626953834892,5.16871,4.469906821074682,0.9428534327113666
8,8,Model Selection + Bagging,1,1,7.68631,7.645138866124008,1.006028961959029,3.81186,3.3507776758801517,0.9111198129641349
8,8,Model Selection + Bagging,2,2,4.56985,6.185912274256285,1.1681213542299074,1.39511,2.9393181087473472,0.9601472740321695
8,8,Model Selection + Bagging,3,4,9.23804,8.041381261307116,1.03183166305042,5.04394,4.317992278766083,0.7373159138119106
8,8,Model Selection + Bagging,4,2,4.12091,5.874744729203404,1.1071262736612255,1.58843,2.8979653752111583,1.0014058185411743
8,8,Model Selection + Bagging,5,4,9.77341,8.624532565924262,0.7679723340999439,4.68698,4.20980021476742,0.6467761941072985
8,8,Model Selection + Bagging,6,3,6.49371,5.535979412904037,1.0525206152422064,4.19441,2.2235367928890586,0.850240265917947
8,8,Model Selection + Bagging,7,2,9.75931,9.851314309905748,0.8867289304420731,4.70237,4.6273688815754594,0.8041939246700999
8,8,Model Selection + Bagging,8,4,5.40848,6.130595077417625,1.1264378581894194,2.08749,2.2957665388524338,0.7937458736749671
8,8,Model Selection + Bagging,9,3,7.599,7.170822490158126,1.0535343890994076,3.26644,3.478663526686134,0.820103945021169
8,8,Model Selection + Bagging,10,4,8.52081,9.605633503460329,0.8745188105879979,4.5379,4.59162469955707,0.6357159597332122
8,8,Model Selection + Bagging,11,1,11.0714,10.635137529477182,0.9756285357381235,4.87105,4.53063471009132,0.8671064693227696
8,8,Model Selection + Bagging,12,1,8.29498,9.081723407313389,0.8591758150722951,4.37633,3.830451097695084,0.8566915725599279
8,8,Model Selection + Bagging,13,3,10.3345,9.07683055007216,1.1895136893097111,3.57985,3.9938960151421607,0.9140115381738304
8,8,Model Selection + Bagging,14,3,4.75967,4.8889891399613195,1.0499160620958319,1.19214,1.2904028469847861,0.8457102526973022
8,8,Model Selection + Bagging,15,3,10.9876,9.558041593656633,1.0488302772580862,5.00077,4.722400009608934,0.7903757309553504
8,8,Model Selection + Bagging,16,1,8.9389,8.562254077966385,0.9609446535388513,4.29166,3.3693890577476155,0.9331678850929458
8,8,Model Selection + Bagging,17,0,7.51834,7.413163437756882,1.0710812104250262,2.25668,2.9426303297566037,1.0322746364867
8,8,Model Selection + Bagging,18,3,9.69876,8.82920483165335,1.1469367081980086,2.62464,4.225531887817639,0.8396055119613116
8,8,Model Selection + Bagging,19,4,6.43094,7.006479290818083,0.9174245539402216,3.48185,4.347952170068888,0.7047438027521694
8,8,Model Selection + Bagging,20,4,3.52219,4.111257064453676,0.9794547348595996,0.818414,0.7583984058282276,0.7836262161144882
8,8,Model Selection + Bagging,21,4,9.13885,7.307567899794766,0.9730521426290508,4.67367,2.879447922852831,0.6648586164442402
8,8,Model Selection + Bagging,22,0,9.41684,9.795394395122674,1.0464010411060296,4.79881,4.606953876757483,0.913355998930158
8,8,Model Selection + Bagging,23,0,10.4214,10.153852513866093,1.0943292556956103,4.62972,4.83040823416624,0.9622702073293355
8,8,Model Selection + Bagging,24,2,6.13089,6.3849047502920415,1.0647556924439512,2.87931,2.933729750559089,0.9244294041789196
8,8,Model Selection + Bagging,25,2,9.89993,9.248660001591526,0.9191898662701897,4.92915,4.54646625005569,0.8324892488270853
8,8,Model Selection + Bagging,26,4,9.44702,9.096567221760786,0.8025799421188364,4.90717,4.813920695553067,0.6142043339974341
8,8,Model Selection + Bagging,27,3,9.24319,9.98809341588078,1.0552792325392653,4.70238,5.020909811378903,0.7836803192241539
8,8,Model Selection + Bagging,28,2,4.51178,5.391851764361985,1.0109732385966628,1.28971,1.9627464850652039,1.0713761571536475
8,8,Model Selection + Bagging,29,3,4.87314,5.974415457268648,1.1223080612102683,3.65188,3.0371937831862774,0.9667883293086386
8,8,Model Selection + Bagging,30,1,5.15189,4.8105501970218825,0.9249347747022336,1.87265,2.497440604469981,0.8966383541561802
8,8,Model Selection + Bagging,31,1,4.72427,5.246743453492782,0.9428883643340111,1.19283,2.4368453479989496,0.9611600965754307
8,8,Model Selection + Bagging,32,1,7.18726,7.047103861105535,1.0020892252617617,2.49718,2.512392005249711,0.9542978624653241
8,8,Model Selection + Bagging,33,0,8.02499,8.41942954448232,0.9235042994475328,3.59119,3.3247784875221282,0.8134225353916922
8,8,Model Selection + Bagging,34,3,7.56027,7.4114408476155305,0.9152506589200858,3.10434,3.0291802649148885,0.7268216274731008
8,8,Model Selection + Bagging,35,3,9.24725,9.294847741073527,0.9828945876711249,4.71931,4.651190261220692,0.7643739047679301
8,8,Model Selection + Bagging,36,0,8.31567,8.775936679339468,1.0879354821034126,3.48547,4.506945026062644,0.9417632072483628
8,8,Model Selection + Bagging,37,2,5.32822,6.486073434958835,1.0779521575048987,1.79646,2.786536527873225,1.0590542177562603
8,8,Model Selection + Bagging,38,1,8.94641,8.432027922221636,0.9801783035002374,4.8242,3.859282587499407,0.9461939973138243
8,8,Model Selection + Bagging,39,1,5.11392,4.364743625821747,1.0932368344780081,2.99086,2.5704889186855944,0.9679480892134724
8,8,Model Selection + Bagging,40,4,6.83197,7.319839980937783,0.893503037816126,2.06786,3.8280398435561196,0.7170032437137753
8,8,Model Selection + Bagging,41,4,7.13367,7.538187542066252,0.9734322690222127,4.48825,3.713327454361476,0.7278829372881024
8,8,Model Selection + Bagging,42,2,9.10706,9.06759584438599,0.861515777939588,3.13065,4.082331988952254,0.8611500946200941
8,8,Model Selection + Bagging,43,2,8.02606,7.3741248072532395,1.1096091027048136,4.45854,4.009463930136955,0.928844991235002
8,8,Model Selection + Bagging,44,0,4.5657,5.704788763872958,0.9852770622747539,1.3827,2.154746696470659,0.9119265752947238
8,8,Model Selection + Bagging,45,0,5.33957,5.881114418769242,0.9413016619508734,2.71903,3.021251038835755,0.8058580710895331
8,8,Model Selection + Bagging,46,1,8.14209,5.804569306856948,1.06089437805006,4.77519,3.728919109898247,0.9818128767220435
8,8,Model Selection + Bagging,47,2,7.95193,7.57001536464608,0.9641948884620078,4.49069,3.7113992387161754,0.841539745224648
8,8,Model Selection + Bagging,48,0,8.27295,8.840865218227634,0.8477253484119519,3.91402,3.446036357399419,0.826454940689743
8,8,Model Selection + Bagging,49,0,9.22919,9.57705123911014,0.8927751839245173,4.0906,3.6324915647740736,0.8246969254695169
9,9,Single GP,0,4,9.32916,8.924086355319808,0.6244775091202075,5.16871,4.439383577901607,0.8418925441450407
9,9,Single GP,1,4,7.68631,7.518292019718389,0.7595307057838548,3.81186,4.524453360964908,0.47944170430225674
9,9,Single GP,2,0,4.56985,5.7626786193459445,1.0138277210737112,1.39511,2.571914185098052,0.769723913053665
9,9,Single GP,3,1,9.23804,8.712903416886622,0.6092626654934636,5.04394,4.571995547679991,0.5772436775704898
9,9,Single GP,4,1,4.12091,4.264821134269804,0.5801560518568517,1.58843,2.469368209000402,0.5449212903553037
9,9,Single GP,5,3,9.77341,8.658293245560882,0.6167534228260159,4.68698,3.164773046012665,0.6434853303574856
9,9,Single GP,6,2,6.49371,5.279676262613423,0.6688410496548097,4.19441,1.678069395157756,0.6448480300852971
9,9,Single GP,7,0,9.75931,9.557364619079324,0.5996527694224117,4.70237,4.653590150506032,0.6495587854978713
9,9,Single GP,8,2,5.40848,6.761348412672082,0.5893797224634061,2.08749,2.4941550510364,0.47484819541881873
9,9,Single GP,9,2,7.599,6.900305468260803,0.6776347299530715,3.26644,3.4203975284281274,0.6009929459499354
9,9,Single GP,10,3,8.52081,9.760286542559228,0.39324576789416876,4.5379,4.78494852368881,0.5143666625069111
9,9,Single GP,11,3,11.0714,11.041070757346352,0.6133995927863137,4.87105,5.002070634436735,0.6472115292701077
9,9,Single GP,12,3,8.29498,8.169574228471818,0.5920257106783612,4.37633,2.4471955925414366,0.5717205540837136
9,9,Single GP,13,2,10.3345,9.682705626425502,0.7283554963233767,3.57985,4.4735348529515315,0.6849363194261032
9,9,Single GP,14,0,4.75967,5.322410484712062,0.8067354093662574,1.19214,1.805802909815882,0.7911358217372693
9,9,Single GP,15,0,10.9876,10.27088813028102,0.6748361266626879,5.00077,4.652283379357522,0.6979327791619498
9,9,Single GP,16,2,8.9389,9.027708251648832,0.6680274646565815,4.29166,3.281707033011937,0.5369455094024771
9,9,Single GP,17,2,7.51834,7.350047397136641,0.7291310333133079,2.25668,3.5926640103107896,0.6637850624015197
9,9,Single GP,18,3,9.69876,9.1484654459482,0.6656561070127991,2.62464,4.3592904777067485,0.6324271846134418
9,9,Single GP,19,3,6.43094,7.49596402281271,0.4693994264197262,3.48185,4.605164243068934,0.582637670653829
9,9,Single GP,20,0,3.52219,4.227856649798458,0.9233980550440737,0.818414,0.9637909929774535,0.8200760304165097
9,9,Single GP,21,0,9.13885,7.417615219142593,0.5606515650710129,4.67367,2.788379970702154,0.5626219385528679
9,9,Single GP,22,4,9.41684,9.447583982918193,0.741112209301018,4.79881,5.213603310933529,0.7061256497695035
9,9,Single GP,23,2,10.4214,9.986505925894175,0.7830911448857236,4.62972,4.333716714593561,0.6237776712417922
9,9,Single GP,24,3,6.13089,5.996747730517302,0.7121648203190714,2.87931,2.410504328170839,0.5447685256056545
9,9,Single GP,25,0,9.89993,8.38848187438375,0.4586723885404969,4.92915,4.448990057485404,0.41495880185171713
9,9,Single GP,26,1,9.44702,7.941396584759186,0.5499464238193702,4.90717,4.700692677914152,0.672881334718468
9,9,Single GP,27,4,9.24319,10.036490562495954,0.6371296813831329,4.70238,5.050610377962479,0.5929983706189013
9,9,Single GP,28,4,4.51178,4.9233165520114825,0.5733373611559446,1.28971,1.1166581762613257,0.5090983364881994
9,9,Single GP,29,4,4.87314,6.406913298445773,0.6842449732332329,3.65188,3.3234482617640904,0.5803964964481545
9,9,Single GP,30,1,5.15189,5.101853492285308,0.45865774403117526,1.87265,2.1929774913101125,0.5186866226301607
9,9,Single GP,31,1,4.72427,6.029932575469871,0.5649632443417955,1.19283,1.934387671835026,0.5622426902988077
9,9,Single GP,32,0,7.18726,6.8341771920782595,1.0961607736755477,2.49718,2.168349112927112,0.9090530054925692
9,9,Single GP,33,4,8.02499,8.465165279164648,0.5547659214794398,3.59119,3.62394651166561,0.49926120603409535
9,9,Single GP,34,2,7.56027,7.2785535671496975,0.504573802695876,3.10434,3.1825659006171323,0.40620256571380065
9,9,Single GP,35,1,9.24725,8.846332844900722,0.6066177907234958,4.71931,4.216664292998629,0.8465249620787691
9,9,Single GP,36,1,8.31567,8.525989120125727,0.5786042318175249,3.48547,4.073354332567223,0.9533204306824864
9,9,Single GP,37,0,5.32822,5.809048054020902,0.9670656933094763,1.79646,1.6155939937040569,0.772587727609392
9,9,Single GP,38,1,8.94641,7.083527018915833,0.5365227307922077,4.8242,3.9519507443970427,0.6192647493012783
9,9,Single GP,39,2,5.11392,4.581251185753162,0.7620924793161896,2.99086,1.7704631644827526,0.6587755408943461
9,9,Single GP,40,4,6.83197,7.761646761876227,0.7009178823184774,2.06786,3.854410690529242,0.6358374879169565
9,9,Single GP,41,1,7.13367,8.489296372062642,0.5107934228541444,4.48825,4.109786134895831,0.6132014018458752
9,9,Single GP,42,3,9.10706,8.834221552871481,0.4590423088309581,3.13065,4.123830606718227,0.7072335061737521
9,9,Single GP,43,2,8.02606,8.09622837746681,0.6207815276976322,4.45854,4.829210453557377,0.6528356363655795
9,9,Single GP,44,0,4.5657,5.466543567767278,0.7151487249077584,1.3827,1.6968933731093823,0.6441164477634497
9,9,Single GP,45,1,5.33957,5.639618347771525,0.3755314666359528,2.71903,3.3383859810533165,0.6794614993039384
9,9,Single GP,46,3,8.14209,5.963992775353193,0.5195175867068973,4.77519,4.418848240525991,0.5650982080454862
9,9,Single GP,47,3,7.95193,8.089342804987016,0.4230368050334317,4.49069,3.8622317928204746,0.46117229754813027
9,9,Single GP,48,4,8.27295,8.939289050745513,0.4772350406339989,3.91402,3.5004260083496823,0.601521350904564
9,9,Single GP,49,4,9.22919,9.713230732564982,0.5231194482649275,4.0906,3.7588559112787694,0.6064177168279061
9,9,Model Selection,0,4,9.32916,8.527986847902003,0.8672445486167818,5.16871,4.562623788223535,0.8204173997330402
9,9,Model Selection,1,4,7.68631,7.679841089407898,0.869843055915204,3.81186,3.8208673959524773,0.7106060872119736
9,9,Model Selection,2,0,4.56985,5.862607743091736,0.9162631911408566,1.39511,2.7920590567446264,0.8325368111601623
9,9,Model Selection,3,1,9.23804,7.711431745943788,0.8561374097186341,5.04394,4.314048225129455,0.7104881936920612
9,9,Model Selection,4,1,4.12091,5.578874241784625,0.8307218783949689,1.58843,2.5308928342896904,0.6847340500026505
9,9,Model Selection,5,3,9.77341,8.813462671243542,0.7936698013956298,4.68698,3.6315189573772035,0.7368239384392169
9,9,Model Selection,6,2,6.49371,5.129027677298411,0.7683889007800879,4.19441,1.7157142622805734,0.5859847930662131
9,9,Model Selection,7,0,9.75931,9.765258666093555,0.8302820679532725,4.70237,4.571622745479204,0.7489144815114525
9,9,Model Selection,8,2,5.40848,7.022926170220024,0.7715645789407246,2.08749,2.5338669340220275,0.40991353569337363
9,9,Model Selection,9,2,7.599,6.845824911629564,0.7803245348256624,3.26644,3.50574385843762,0.5333527236507322
9,9,Model Selection,10,3,8.52081,9.896016705932883,0.6770142480818052,4.5379,4.7865331396223425,0.6330003841569183
9,9,Model Selection,11,3,11.0714,10.74944065161231,0.8131140918157129,4.87105,5.012386107301714,0.7502240825162442
9,9,Model Selection,12,3,8.29498,8.437951844201969,0.800828436237979,4.37633,3.045643465521717,0.7234118718857951
9,9,Model Selection,13,2,10.3345,9.51860950416142,0.8968152279097406,3.57985,4.625289553374592,0.6446564738838383
9,9,Model Selection,14,0,4.75967,5.338573245651919,0.951827443138196,1.19214,2.1936703139330938,0.8460994116470959
9,9,Model Selection,15,0,10.9876,10.486701001953726,0.8744669425197322,5.00077,4.555874808325136,0.7922735308907881
9,9,Model Selection,16,2,8.9389,8.680387652823722,0.845449236221463,4.29166,3.240772299555459,0.48964796009304556
9,9,Model Selection,17,2,7.51834,6.90998149343633,0.8715250295278346,2.25668,3.8518208094825286,0.6047345414388862
9,9,Model Selection,18,3,9.69876,9.066234704218939,0.8569048402944317,2.62464,4.5171820366011115,0.7497678911342199
9,9,Model Selection,19,3,6.43094,7.1275340893393,0.7592540574885828,3.48185,4.380931396849861,0.7050840193108455
9,9,Model Selection,20,0,3.52219,4.168200806239753,0.9485923662419835,0.818414,1.5588149165331222,0.8581286929820041
9,9,Model Selection,21,0,9.13885,7.373535082118832,0.7766965871051759,4.67367,2.9599957966513233,0.7034316657711825
9,9,Model Selection,22,4,9.41684,9.816763106328594,0.9130874578013299,4.79881,4.667040258803836,0.8020278838549941
9,9,Model Selection,23,2,10.4214,10.120959348518412,0.9369301324171562,4.62972,4.361867900616647,0.5512455474807725
9,9,Model Selection,24,3,6.13089,5.781551604180537,0.8756638081496558,2.87931,2.4178023709842833,0.7140539782473969
9,9,Model Selection,25,0,9.89993,8.79500094747167,0.7203500231199242,4.92915,4.4148578713491125,0.6513698106822106
9,9,Model Selection,26,1,9.44702,9.036860101794712,0.8641518291137644,4.90717,4.837317614138485,0.733214394469131
9,9,Model Selection,27,4,9.24319,9.827966990964082,0.8434399847845782,4.70238,4.913990149828768,0.7263533047278551
9,9,Model Selection,28,4,4.51178,5.2242203657544195,0.8012894595433612,1.28971,1.6081675256443322,0.6856546886776707
9,9,Model Selection,29,4,4.87314,5.70690515531647,0.8461107753044578,3.65188,3.102503975696684,0.7172476000164848
9,9,Model Selection,30,1,5.15189,4.903797821934987,0.7792455646662081,1.87265,2.3942117679825534,0.6553308502762162
9,9,Model Selection,31,1,4.72427,5.586866039649992,0.8029268187022678,1.19283,2.02508492198728,0.657097218527724
9,9,Model Selection,32,0,7.18726,7.224551894930034,0.976887810848417,2.49718,2.7268465008162646,0.8819413726057158
9,9,Model Selection,33,4,8.02499,8.492028736650191,0.7798073314650698,3.59119,3.435904095887068,0.7036693809778154
9,9,Model Selection,34,2,7.56027,7.592151644358312,0.7321433021819707,3.10434,3.0863968070794052,0.36524786650733715
9,9,Model Selection,35,1,9.24725,9.58932639841706,0.9049120269950978,4.71931,4.612135018018539,0.8329572066993088
9,9,Model Selection,36,1,8.31567,8.86642055085349,0.9274756700294842,3.48547,4.505800677308891,0.8543741120007524
9,9,Model Selection,37,0,5.32822,6.268316975244668,0.9244216666891376,1.79646,2.6241824773816473,0.8115338832499899
9,9,Model Selection,38,1,8.94641,8.168398306001702,0.8086592159762379,4.8242,4.044086207606108,0.6774059643314603
9,9,Model Selection,39,2,5.11392,4.015780753820692,0.8120245373680202,2.99086,1.6385430280800253,0.5883649877903506
9,9,Model Selection,40,4,6.83197,7.672980339983496,0.8964714270729303,2.06786,3.7859320120626396,0.7789510821882687
9,9,Model Selection,41,1,7.13367,7.576933766027602,0.8507412160410834,4.48825,3.6698310676416033,0.7328177508364311
9,9,Model Selection,42,3,9.10706,9.054010057995674,0.7600553084224778,3.13065,4.096640411170259,0.7833079409473401
9,9,Model Selection,43,2,8.02606,7.2916330891117624,0.7943988541409641,4.45854,4.9316146169291,0.6095649519210194
9,9,Model Selection,44,0,4.5657,5.582464725924228,0.8245202221657688,1.3827,1.9647927308435496,0.7551941951310304
9,9,Model Selection,45,1,5.33957,6.1051986955356545,0.7865333366790958,2.71903,3.224536034393792,0.6986824488176057
9,9,Model Selection,46,3,8.14209,6.0272273987663185,0.7690105063192693,4.77519,4.139224783059837,0.7020214568546328
9,9,Model Selection,47,3,7.95193,7.808230377037857,0.688369622796227,4.49069,3.9480846077969174,0.6070180340652856
9,9,Model Selection,48,4,8.27295,8.892392786352426,0.7527629852640523,3.91402,3.4821822465928385,0.7112638043077238
9,9,Model Selection,49,4,9.22919,9.66104038281513,0.7778799051999669,4.0906,3.5634154353413505,0.7036766361930618
9,9,Model Selection + Bagging,0,4,9.32916,8.090271720970007,1.064005601171704,5.16871,4.393507643101688,0.9464738050502107
9,9,Model Selection + Bagging,1,4,7.68631,7.614886399817075,1.0374569685348574,3.81186,3.6102947310121154,0.8678982740981509
9,9,Model Selection + Bagging,2,0,4.56985,6.072277152412754,1.0062879911747287,1.39511,3.1089571910150413,0.9765600513449266
9,9,Model Selection + Bagging,3,1,9.23804,7.579317231576594,1.1582708354411244,5.04394,4.007756208368319,0.8809822926239647
9,9,Model Selection + Bagging,4,1,4.12091,5.805139562611311,0.996168098806366,1.58843,2.716196723015888,0.932893661334137
9,9,Model Selection + Bagging,5,3,9.77341,8.909821319025728,0.9463820613605827,4.68698,3.6177620833202155,0.9996979603611459
9,9,Model Selection + Bagging,6,2,6.49371,5.228859647054964,0.9312400074312907,4.19441,1.6882623100932255,0.7555962682625583
9,9,Model Selection + Bagging,7,0,9.75931,9.639495449652888,0.9518457516926225,4.70237,4.254472518286571,0.8872002858744862
9,9,Model Selection + Bagging,8,2,5.40848,6.986302940196457,1.001076706718286,2.08749,3.2505968849099602,1.0197977168795613
9,9,Model Selection + Bagging,9,2,7.599,6.878565482555753,0.9122043101687787,3.26644,3.572683519435735,0.6480692870788117
9,9,Model Selection + Bagging,10,3,8.52081,9.799996546946582,0.841710812675682,4.5379,4.468127624707033,0.8336217999206446
9,9,Model Selection + Bagging,11,3,11.0714,10.432459166589698,1.0528684305652332,4.87105,4.793167487147006,0.9018132882442076
9,9,Model Selection + Bagging,12,3,8.29498,8.572960114100203,0.9527956102966507,4.37633,3.198631501453811,0.9468002569549854
9,9,Model Selection + Bagging,13,2,10.3345,9.310207196089818,1.0529288551246123,3.57985,4.193706449267326,0.7760108097610298
9,9,Model Selection + Bagging,14,0,4.75967,5.540974723324024,1.0848005276894097,1.19214,2.3631814348883236,0.9937736372210291
9,9,Model Selection + Bagging,15,0,10.9876,10.230547201347552,1.0542979584504764,5.00077,4.21875542223689,0.9349257567362582
9,9,Model Selection + Bagging,16,2,8.9389,8.660329470576649,1.0211370325038536,4.29166,3.5042199420505415,0.8954438105662293
9,9,Model Selection + Bagging,17,2,7.51834,6.8851851787710485,1.0500631934049123,2.25668,3.0716398265767246,0.9384456225765532
9,9,Model Selection + Bagging,18,3,9.69876,8.950220907624182,1.0107666720657016,2.62464,4.430091868777983,0.8548008368621915
9,9,Model Selection + Bagging,19,3,6.43094,6.923926262383688,0.900492870279343,3.48185,4.077888416282387,0.8508795550296099
9,9,Model Selection + Bagging,20,0,3.52219,4.439504563780298,1.0552557593876037,0.818414,2.1166323292359754,1.104500124630508
9,9,Model Selection + Bagging,21,0,9.13885,7.391894291631611,0.9135467580624992,4.67367,3.0455821004304124,0.8624243993237547
9,9,Model Selection + Bagging,22,4,9.41684,9.790308730738559,1.0423883732231949,4.79881,4.516727049964125,0.9302584137216923
9,9,Model Selection + Bagging,23,2,10.4214,10.058683786093729,1.0997134113346232,4.62972,4.173258148204188,0.9106166961626099
9,9,Model Selection + Bagging,24,3,6.13089,5.957162292022616,1.0768041321962083,2.87931,2.668478587708816,0.9249418921882027
9,9,Model Selection + Bagging,25,0,9.89993,8.909134103089496,0.9255683708657981,4.92915,4.397948057524749,0.7743621405674717
9,9,Model Selection + Bagging,26,1,9.44702,9.014594765501897,0.9284771964265061,4.90717,4.662553013340114,0.8216200633599514
9,9,Model Selection + Bagging,27,4,9.24319,9.626321702356623,0.9646739324861364,4.70238,4.764854458536378,0.8987018037265794
9,9,Model Selection + Bagging,28,4,4.51178,5.455669848701728,0.965435178507846,1.28971,1.9534394672350324,0.9695238585093551
9,9,Model Selection + Bagging,29,4,4.87314,5.470314113997925,1.0916554521638069,3.65188,2.8448945874074156,0.9065966321609724
9,9,Model Selection + Bagging,30,1,5.15189,5.074353299295005,0.9314035514720419,1.87265,2.4065368949166963,0.7793849811187123
9,9,Model Selection + Bagging,31,1,4.72427,5.763288545405953,0.9837542437464625,1.19283,2.429350840275532,0.8930383650474832
9,9,Model Selection + Bagging,32,0,7.18726,7.472345608747413,1.0228364465326472,2.49718,3.153894645505145,0.9284524389795712
9,9,Model Selection + Bagging,33,4,8.02499,8.55392103582718,0.9404873053724373,3.59119,3.397573772327475,0.8418716965322178
9,9,Model Selection + Bagging,34,2,7.56027,7.581471548102282,0.8540605534811354,3.10434,3.0576652379373748,0.7264740257647966
9,9,Model Selection + Bagging,35,1,9.24725,9.55891561330364,0.941738371701982,4.71931,4.647444682278408,0.8782519784681185
9,9,Model Selection + Bagging,36,1,8.31567,8.69579411777762,1.059567897177803,3.48547,4.381715388296591,0.9156417087286379
9,9,Model Selection + Bagging,37,0,5.32822,6.512537747518129,1.0288344734901638,1.79646,3.1041328942393904,0.9820913715802656
9,9,Model Selection + Bagging,38,1,8.94641,8.169766832329337,0.8940416472623055,4.8242,4.097243974551635,0.7914400932927027
9,9,Model Selection + Bagging,39,2,5.11392,4.195161058369931,1.0057338156357398,2.99086,1.7452351045113408,0.7074634235488324
9,9,Model Selection + Bagging,40,4,6.83197,7.9093000674930485,1.0205556472989912,2.06786,3.727458251685994,0.9535007530433142
9,9,Model Selection + Bagging,41,1,7.13367,7.470281136635566,1.126920590667572,4.48825,3.5095563886338645,0.8816176891294258
9,9,Model Selection + Bagging,42,3,9.10706,9.093618864202957,0.9083529260947778,3.13065,3.930067648654465,0.929537505940409
9,9,Model Selection + Bagging,43,2,8.02606,7.400457093963399,0.996831403010635,4.45854,4.581349767309294,0.7482186855118399
9,9,Model Selection + Bagging,44,0,4.5657,5.748284176152128,0.9902315672211822,1.3827,2.573747212892994,1.0520891617351136
9,9,Model Selection + Bagging,45,1,5.33957,6.237267082616186,0.8651621999199322,2.71903,3.2010132350482516,0.788187531461626
9,9,Model Selection + Bagging,46,3,8.14209,5.827744768623844,0.9392837271535105,4.77519,3.826494385138685,0.87581428008066
9,9,Model Selection + Bagging,47,3,7.95193,7.609370036697305,0.8868905028065199,4.49069,3.7850977872573464,0.794282973339607
9,9,Model Selection + Bagging,48,4,8.27295,8.784811092131953,0.8397035876341804,3.91402,3.4626609570638207,0.8562928700057147
9,9,Model Selection + Bagging,49,4,9.22919,9.543744778453517,0.9133718836579298,4.0906,3.5815144440283166,0.8416292189667699
