GD,IGD,Hausdorff,Recall,HV_pred,HV_gt,HV_ratio,n_pf_gt,n_pareto_x,pareto_X,pareto_Y,seed,n_train
0.0067128656674946465,0.006401814725296333,0.03171357636755308,0.9025,3.755008754566756,3.7645552120219694,0.9974641207477247,2000,256,"[[9.99736590e-01 5.31167400e-01 3.90960779e-01 4.80465285e-01
  3.74246938e-01 4.48473998e-01]
 [9.99736590e-01 5.31106805e-01 3.90710661e-01 4.97275222e-01
  3.87113588e-01 4.48035685e-01]
 [9.99892264e-01 5.13253674e-01 4.04165988e-01 4.79514801e-01
  4.16934139e-01 4.59677108e-01]
 ...
 [3.33315748e-06 4.84110935e-01 4.84962351e-01 5.03561022e-01
  5.16714459e-01 4.83827508e-01]
 [3.33315748e-06 4.73098879e-01 5.74658508e-01 5.03561022e-01
  5.22295415e-01 4.77331064e-01]
 [3.33315748e-06 5.44597385e-01 5.85292451e-01 5.03561022e-01
  5.22319850e-01 5.02058194e-01]]","[[-1.71248559e-01  1.30989148e+00]
 [-1.70698646e-01  1.30350922e+00]
 [-1.69657764e-01  1.29100784e+00]
 [-1.68506566e-01  1.27998090e+00]
 [-1.64831866e-01  1.27943428e+00]
 [-1.62264186e-01  1.26620556e+00]
 [-1.56467714e-01  1.25393578e+00]
 [-1.53914980e-01  1.25187693e+00]
 [-1.48755724e-01  1.24377410e+00]
 [-1.41582599e-01  1.23805121e+00]
 [-1.33970720e-01  1.23383011e+00]
 [-1.16921438e-01  1.22913213e+00]
 [-1.06976824e-01  1.22583406e+00]
 [-1.04014394e-01  1.22515793e+00]
 [-9.53887780e-02  1.22283231e+00]
 [-8.85502717e-02  1.21983021e+00]
 [-8.03240283e-02  1.21817231e+00]
 [-7.08666328e-02  1.21575287e+00]
 [-5.51295350e-02  1.21197852e+00]
 [-4.58727832e-02  1.20945926e+00]
 [-4.29906441e-02  1.20933889e+00]
 [-3.25653687e-02  1.20523186e+00]
 [-3.22604602e-02  1.20511477e+00]
 [-2.23387524e-02  1.20488161e+00]
 [-2.07816627e-02  1.20223786e+00]
 [-1.37165492e-02  1.20094795e+00]
 [-1.03627639e-02  1.20006871e+00]
 [ 2.10751655e-04  1.19840098e+00]
 [ 4.97229243e-03  1.19610005e+00]
 [ 1.02323870e-02  1.19455941e+00]
 [ 1.44196988e-02  1.19440563e+00]
 [ 2.10510813e-02  1.19424432e+00]
 [ 3.03525267e-02  1.18910312e+00]
 [ 3.75005014e-02  1.18812108e+00]
 [ 4.52929021e-02  1.18538839e+00]
 [ 5.83698286e-02  1.18197875e+00]
 [ 6.48623154e-02  1.18004599e+00]
 [ 6.83305676e-02  1.17959044e+00]
 [ 7.63643296e-02  1.17705219e+00]
 [ 8.01677095e-02  1.17598568e+00]
 [ 9.09627882e-02  1.17326285e+00]
 [ 9.76935351e-02  1.17146957e+00]
 [ 1.05620191e-01  1.16935979e+00]
 [ 1.14069275e-01  1.16640924e+00]
 [ 1.20861513e-01  1.16501060e+00]
 [ 1.34813199e-01  1.16143040e+00]
 [ 1.38475315e-01  1.15922014e+00]
 [ 1.51720668e-01  1.15591156e+00]
 [ 1.62455810e-01  1.15543577e+00]
 [ 1.65125780e-01  1.15138888e+00]
 [ 1.74612305e-01  1.14839692e+00]
 [ 1.81098102e-01  1.14692156e+00]
 [ 1.88901334e-01  1.14599261e+00]
 [ 1.97009822e-01  1.14423682e+00]
 [ 1.98803948e-01  1.14165172e+00]
 [ 2.08410004e-01  1.13969230e+00]
 [ 2.14439921e-01  1.13497587e+00]
 [ 2.29336595e-01  1.12949228e+00]
 [ 2.35195658e-01  1.12948189e+00]
 [ 2.40833005e-01  1.12610827e+00]
 [ 2.55035905e-01  1.12130138e+00]
 [ 2.68923644e-01  1.11622573e+00]
 [ 2.70677072e-01  1.11589154e+00]
 [ 2.79371372e-01  1.11058365e+00]
 [ 2.90559583e-01  1.10842870e+00]
 [ 2.95888902e-01  1.10611537e+00]
 [ 3.03667410e-01  1.10026437e+00]
 [ 3.11730933e-01  1.09852708e+00]
 [ 3.17640710e-01  1.09536617e+00]
 [ 3.18566273e-01  1.09414339e+00]
 [ 3.24591197e-01  1.09119772e+00]
 [ 3.33083515e-01  1.08847407e+00]
 [ 3.47537519e-01  1.08105949e+00]
 [ 3.58675652e-01  1.07600134e+00]
 [ 3.64899593e-01  1.07111441e+00]
 [ 3.74629693e-01  1.06686216e+00]
 [ 3.82033170e-01  1.06386089e+00]
 [ 3.87204420e-01  1.06013332e+00]
 [ 3.92370304e-01  1.05517337e+00]
 [ 4.02701057e-01  1.04984357e+00]
 [ 4.09562353e-01  1.04742828e+00]
 [ 4.12817849e-01  1.04482637e+00]
 [ 4.17860403e-01  1.04053292e+00]
 [ 4.23632777e-01  1.03773451e+00]
 [ 4.34474176e-01  1.03161521e+00]
 [ 4.43701002e-01  1.02614620e+00]
 [ 4.45534922e-01  1.02396266e+00]
 [ 4.54315603e-01  1.01939371e+00]
 [ 4.57759244e-01  1.01675038e+00]
 [ 4.65682442e-01  1.01147883e+00]
 [ 4.73584647e-01  1.00476088e+00]
 [ 4.80349795e-01  1.00019958e+00]
 [ 4.88359316e-01  9.94102679e-01]
 [ 4.96050457e-01  9.89118238e-01]
 [ 5.02569429e-01  9.83244960e-01]
 [ 5.10604234e-01  9.76975747e-01]
 [ 5.12232116e-01  9.76061833e-01]
 [ 5.21257267e-01  9.70437674e-01]
 [ 5.22519459e-01  9.69520113e-01]
 [ 5.28494714e-01  9.62962846e-01]
 [ 5.33063004e-01  9.59904330e-01]
 [ 5.40313112e-01  9.54510670e-01]
 [ 5.42579506e-01  9.51294915e-01]
 [ 5.49437399e-01  9.46423065e-01]
 [ 5.53763413e-01  9.41964534e-01]
 [ 5.59751593e-01  9.37917302e-01]
 [ 5.68875007e-01  9.30415903e-01]
 [ 5.72682087e-01  9.29457850e-01]
 [ 5.74327121e-01  9.24725135e-01]
 [ 5.79285486e-01  9.20951180e-01]
 [ 5.88934067e-01  9.10906616e-01]
 [ 5.93400746e-01  9.07090341e-01]
 [ 5.95076762e-01  9.05240263e-01]
 [ 6.00152608e-01  9.01152908e-01]
 [ 6.05446498e-01  8.95197691e-01]
 [ 6.06257449e-01  8.94273247e-01]
 [ 6.15309714e-01  8.85774039e-01]
 [ 6.19273919e-01  8.82167315e-01]
 [ 6.24576187e-01  8.76871329e-01]
 [ 6.30782898e-01  8.72790043e-01]
 [ 6.38601505e-01  8.67572222e-01]
 [ 6.41539373e-01  8.59637258e-01]
 [ 6.42910848e-01  8.58278033e-01]
 [ 6.48814708e-01  8.51469742e-01]
 [ 6.50949615e-01  8.48930326e-01]
 [ 6.57487776e-01  8.43236853e-01]
 [ 6.66271908e-01  8.37882209e-01]
 [ 6.69489536e-01  8.30390892e-01]
 [ 6.73857967e-01  8.24996044e-01]
 [ 6.77777444e-01  8.20911522e-01]
 [ 6.83086406e-01  8.15449186e-01]
 [ 6.88617272e-01  8.07161045e-01]
 [ 6.89575787e-01  8.06153997e-01]
 [ 6.94732903e-01  8.01443414e-01]
 [ 6.99056290e-01  7.96057639e-01]
 [ 7.03468857e-01  7.90067581e-01]
 [ 7.08363595e-01  7.85425925e-01]
 [ 7.10648426e-01  7.84610691e-01]
 [ 7.14253808e-01  7.77145092e-01]
 [ 7.18822423e-01  7.71688514e-01]
 [ 7.22545430e-01  7.67842618e-01]
 [ 7.32422005e-01  7.56641194e-01]
 [ 7.41557540e-01  7.46213138e-01]
 [ 7.45382721e-01  7.39090769e-01]
 [ 7.49738745e-01  7.35228980e-01]
 [ 7.53119232e-01  7.33171771e-01]
 [ 7.56579896e-01  7.23778397e-01]
 [ 7.64984731e-01  7.16216116e-01]
 [ 7.65042552e-01  7.13237649e-01]
 [ 7.70507446e-01  7.06037556e-01]
 [ 7.79781998e-01  6.99290074e-01]
 [ 7.81114851e-01  6.90682372e-01]
 [ 7.84580464e-01  6.86027269e-01]
 [ 7.91037487e-01  6.78110857e-01]
 [ 7.94857692e-01  6.71402909e-01]
 [ 7.95200167e-01  6.70673876e-01]
 [ 8.03042908e-01  6.63294201e-01]
 [ 8.06071996e-01  6.56886883e-01]
 [ 8.06086914e-01  6.55104157e-01]
 [ 8.10635086e-01  6.50487395e-01]
 [ 8.13970032e-01  6.48827730e-01]
 [ 8.19947417e-01  6.34994139e-01]
 [ 8.24629711e-01  6.29998399e-01]
 [ 8.29815284e-01  6.18418161e-01]
 [ 8.30386014e-01  6.17480144e-01]
 [ 8.36493006e-01  6.09707829e-01]
 [ 8.39634563e-01  6.02316946e-01]
 [ 8.47307797e-01  5.92457846e-01]
 [ 8.50018856e-01  5.91092650e-01]
 [ 8.52932201e-01  5.82553861e-01]
 [ 8.55382068e-01  5.77840620e-01]
 [ 8.58422558e-01  5.73291009e-01]
 [ 8.61954332e-01  5.68174991e-01]
 [ 8.63177366e-01  5.62119719e-01]
 [ 8.68254213e-01  5.55647444e-01]
 [ 8.68303359e-01  5.55635602e-01]
 [ 8.71376809e-01  5.47390626e-01]
 [ 8.75830427e-01  5.43140606e-01]
 [ 8.79162115e-01  5.36909308e-01]
 [ 8.83618080e-01  5.25041881e-01]
 [ 8.86022446e-01  5.22508166e-01]
 [ 8.88811034e-01  5.14137435e-01]
 [ 8.92857765e-01  5.08493772e-01]
 [ 8.98244934e-01  4.97954894e-01]
 [ 9.01337656e-01  4.91387680e-01]
 [ 9.05525943e-01  4.82174130e-01]
 [ 9.09844283e-01  4.72939254e-01]
 [ 9.11825807e-01  4.71614174e-01]
 [ 9.14822526e-01  4.60603595e-01]
 [ 9.20328322e-01  4.50323925e-01]
 [ 9.21659098e-01  4.45449971e-01]
 [ 9.24979263e-01  4.37950594e-01]
 [ 9.29061039e-01  4.34731215e-01]
 [ 9.30529586e-01  4.26259872e-01]
 [ 9.35267205e-01  4.15314328e-01]
 [ 9.39891996e-01  4.02268708e-01]
 [ 9.44200528e-01  3.97757178e-01]
 [ 9.46529053e-01  3.90613795e-01]
 [ 9.48756964e-01  3.82408144e-01]
 [ 9.53729411e-01  3.67454961e-01]
 [ 9.54584715e-01  3.65587956e-01]
 [ 9.57396064e-01  3.57038710e-01]
 [ 9.59668939e-01  3.51873273e-01]
 [ 9.63992446e-01  3.41200608e-01]
 [ 9.66407002e-01  3.33851983e-01]
 [ 9.70199898e-01  3.22696852e-01]
 [ 9.70351572e-01  3.20287091e-01]
 [ 9.74466961e-01  3.09536302e-01]
 [ 9.76639084e-01  3.03858859e-01]
 [ 9.79730077e-01  2.94176325e-01]
 [ 9.79743576e-01  2.94087459e-01]
 [ 9.82243749e-01  2.85046299e-01]
 [ 9.84150477e-01  2.77927434e-01]
 [ 9.87498233e-01  2.71010104e-01]
 [ 9.90125080e-01  2.60093790e-01]
 [ 9.93227568e-01  2.49593294e-01]
 [ 9.97138821e-01  2.46639681e-01]
 [ 9.98027403e-01  2.37621328e-01]
 [ 9.98499512e-01  2.31981429e-01]
 [ 1.00034314e+00  2.25102244e-01]
 [ 1.00619848e+00  2.16505511e-01]
 [ 1.00735107e+00  2.09309049e-01]
 [ 1.01038321e+00  1.99448735e-01]
 [ 1.01084680e+00  1.88798835e-01]
 [ 1.01367308e+00  1.80976766e-01]
 [ 1.01440474e+00  1.77405952e-01]
 [ 1.01801967e+00  1.66436995e-01]
 [ 1.02050791e+00  1.60403438e-01]
 [ 1.02176076e+00  1.50628730e-01]
 [ 1.02432262e+00  1.45090280e-01]
 [ 1.02692034e+00  1.37721870e-01]
 [ 1.02780485e+00  1.34053707e-01]
 [ 1.02937242e+00  1.24091068e-01]
 [ 1.03220220e+00  1.11966335e-01]
 [ 1.03657626e+00  1.05992607e-01]
 [ 1.03862471e+00  9.05125242e-02]
 [ 1.04038518e+00  8.83877543e-02]
 [ 1.04207461e+00  7.56195414e-02]
 [ 1.04316684e+00  7.12173607e-02]
 [ 1.04458005e+00  6.49050288e-02]
 [ 1.04871987e+00  5.92382994e-02]
 [ 1.04875889e+00  5.04684779e-02]
 [ 1.05133538e+00  4.43403183e-02]
 [ 1.05315257e+00  3.87547411e-02]
 [ 1.05506657e+00  2.98566187e-02]
 [ 1.05743755e+00  2.70763080e-02]
 [ 1.05883335e+00  1.83381179e-02]
 [ 1.06074968e+00  6.10981113e-03]
 [ 1.06343847e+00 -2.45047985e-03]
 [ 1.06610633e+00 -1.07878701e-02]
 [ 1.06769633e+00 -1.89471987e-02]
 [ 1.07225635e+00 -2.29880544e-02]
 [ 1.07383551e+00 -3.28309251e-02]
 [ 1.07489215e+00 -3.33146553e-02]
 [ 1.08707100e+00 -3.67806780e-02]
 [ 1.08772268e+00 -3.98668051e-02]]",0,70
0.0040887479197674985,0.003965638440142184,0.04955984371849313,1.0,3.758626584598737,3.7645552120219694,0.9984251453119088,2000,256,"[[9.99963638e-01 4.93449961e-01 5.28546850e-01 4.80410743e-01
  6.02233470e-01 5.26548083e-01]
 [9.99963638e-01 4.93449961e-01 5.19685171e-01 4.80988324e-01
  5.42520061e-01 5.26709222e-01]
 [9.93040975e-01 4.42675800e-01 4.84234455e-01 5.10536786e-01
  5.05560030e-01 4.82131534e-01]
 ...
 [6.21076514e-04 3.92999171e-01 4.76586206e-01 5.56844441e-01
  3.52229267e-01 5.30698443e-01]
 [9.64042407e-05 3.58951588e-01 4.73896575e-01 5.56613867e-01
  3.47988360e-01 5.51680644e-01]
 [9.64042407e-05 3.58951588e-01 4.73185192e-01 5.56844441e-01
  3.47988360e-01 5.18555580e-01]]","[[-7.03409227e-02  1.09097528e+00]
 [-6.92587623e-02  1.08366977e+00]
 [-5.39619709e-02  1.07335326e+00]
 [-4.12054758e-02  1.07229879e+00]
 [-4.03406109e-02  1.06996290e+00]
 [-3.18812952e-02  1.06951362e+00]
 [-2.76018923e-02  1.06855422e+00]
 [-1.86521240e-02  1.06788023e+00]
 [-1.57902003e-02  1.06316773e+00]
 [-7.73934031e-03  1.06113979e+00]
 [-1.13039471e-04  1.05953318e+00]
 [ 1.07338203e-02  1.05799759e+00]
 [ 1.78031273e-02  1.05573114e+00]
 [ 2.23120437e-02  1.05302123e+00]
 [ 2.87758449e-02  1.05202052e+00]
 [ 4.74088840e-02  1.04922581e+00]
 [ 4.74323567e-02  1.04797902e+00]
 [ 5.58709023e-02  1.04445512e+00]
 [ 6.15621759e-02  1.04286536e+00]
 [ 6.89899341e-02  1.04186924e+00]
 [ 7.91185854e-02  1.03908584e+00]
 [ 8.16866791e-02  1.03797490e+00]
 [ 9.01250349e-02  1.03710825e+00]
 [ 9.56227431e-02  1.03550124e+00]
 [ 1.00599156e-01  1.03276112e+00]
 [ 1.10042002e-01  1.03164287e+00]
 [ 1.17405393e-01  1.02839010e+00]
 [ 1.23827352e-01  1.02661531e+00]
 [ 1.31214365e-01  1.02491859e+00]
 [ 1.46049363e-01  1.02200797e+00]
 [ 1.47606913e-01  1.02010572e+00]
 [ 1.55034932e-01  1.01837888e+00]
 [ 1.61256904e-01  1.01662032e+00]
 [ 1.67927702e-01  1.01488122e+00]
 [ 1.74023101e-01  1.01287797e+00]
 [ 1.79533050e-01  1.01269491e+00]
 [ 1.85616250e-01  1.00949029e+00]
 [ 1.94683011e-01  1.00835023e+00]
 [ 2.04913704e-01  1.00428326e+00]
 [ 2.13822988e-01  1.00183891e+00]
 [ 2.19786793e-01  1.00029318e+00]
 [ 2.29947245e-01  9.97644641e-01]
 [ 2.38501105e-01  9.94932159e-01]
 [ 2.38555037e-01  9.94635774e-01]
 [ 2.48449759e-01  9.93377713e-01]
 [ 2.53414845e-01  9.91846249e-01]
 [ 2.64358827e-01  9.86986212e-01]
 [ 2.71701492e-01  9.84784116e-01]
 [ 2.77594136e-01  9.83423994e-01]
 [ 2.84403745e-01  9.80641926e-01]
 [ 2.92013921e-01  9.78230648e-01]
 [ 3.05091294e-01  9.75096723e-01]
 [ 3.09919518e-01  9.72134627e-01]
 [ 3.23628000e-01  9.67855389e-01]
 [ 3.29761466e-01  9.67141570e-01]
 [ 3.36522794e-01  9.63520383e-01]
 [ 3.45779123e-01  9.60546586e-01]
 [ 3.52180081e-01  9.58187924e-01]
 [ 3.57289932e-01  9.56957663e-01]
 [ 3.72374074e-01  9.51409320e-01]
 [ 3.78337939e-01  9.49095043e-01]
 [ 3.85823323e-01  9.47030512e-01]
 [ 3.92622368e-01  9.44055171e-01]
 [ 3.97162568e-01  9.42407350e-01]
 [ 4.04773588e-01  9.39990481e-01]
 [ 4.12472013e-01  9.36846686e-01]
 [ 4.18459103e-01  9.36606469e-01]
 [ 4.21675601e-01  9.33678983e-01]
 [ 4.30991200e-01  9.29883103e-01]
 [ 4.34768656e-01  9.28248456e-01]
 [ 4.38223856e-01  9.27060043e-01]
 [ 4.44405460e-01  9.24467617e-01]
 [ 4.52095476e-01  9.21999066e-01]
 [ 4.52954937e-01  9.20900824e-01]
 [ 4.62735475e-01  9.19148963e-01]
 [ 4.65087312e-01  9.18004343e-01]
 [ 4.74890525e-01  9.12695072e-01]
 [ 4.80584099e-01  9.10484168e-01]
 [ 4.84300837e-01  9.08066894e-01]
 [ 4.91210997e-01  9.06652591e-01]
 [ 4.95065008e-01  9.04128397e-01]
 [ 5.00609091e-01  9.01137621e-01]
 [ 5.08311894e-01  8.98233393e-01]
 [ 5.14343932e-01  8.94713709e-01]
 [ 5.24444859e-01  8.89945484e-01]
 [ 5.31829262e-01  8.86852875e-01]
 [ 5.36324258e-01  8.84930940e-01]
 [ 5.38517270e-01  8.83205103e-01]
 [ 5.45447782e-01  8.79437035e-01]
 [ 5.53781156e-01  8.75800624e-01]
 [ 5.58261013e-01  8.72944437e-01]
 [ 5.63261332e-01  8.70384760e-01]
 [ 5.69774177e-01  8.67809595e-01]
 [ 5.70559874e-01  8.66888744e-01]
 [ 5.81464633e-01  8.60905652e-01]
 [ 5.88883871e-01  8.57152766e-01]
 [ 5.97745198e-01  8.52239378e-01]
 [ 6.04328841e-01  8.48093596e-01]
 [ 6.16315206e-01  8.41866594e-01]
 [ 6.22396339e-01  8.38831381e-01]
 [ 6.29694656e-01  8.33914375e-01]
 [ 6.35548366e-01  8.30820619e-01]
 [ 6.42824069e-01  8.27358705e-01]
 [ 6.47565631e-01  8.22827398e-01]
 [ 6.52658290e-01  8.19683646e-01]
 [ 6.60533420e-01  8.13607915e-01]
 [ 6.65826028e-01  8.10339949e-01]
 [ 6.70211949e-01  8.06810552e-01]
 [ 6.76700507e-01  8.03059757e-01]
 [ 6.79929948e-01  8.01178569e-01]
 [ 6.83469755e-01  7.97738073e-01]
 [ 6.89882275e-01  7.93599780e-01]
 [ 6.91016110e-01  7.91965951e-01]
 [ 6.97319710e-01  7.88438586e-01]
 [ 6.97572373e-01  7.88232722e-01]
 [ 7.03028719e-01  7.83146176e-01]
 [ 7.10607842e-01  7.77476665e-01]
 [ 7.19217508e-01  7.74406950e-01]
 [ 7.20780396e-01  7.70921427e-01]
 [ 7.25453530e-01  7.69622813e-01]
 [ 7.33579000e-01  7.60964674e-01]
 [ 7.36272855e-01  7.56059742e-01]
 [ 7.38694689e-01  7.55232675e-01]
 [ 7.43792978e-01  7.49275799e-01]
 [ 7.52122231e-01  7.46286952e-01]
 [ 7.52254675e-01  7.46230801e-01]
 [ 7.56716330e-01  7.39113902e-01]
 [ 7.64179072e-01  7.35677326e-01]
 [ 7.65866638e-01  7.30489493e-01]
 [ 7.70347886e-01  7.26103994e-01]
 [ 7.73833889e-01  7.21676530e-01]
 [ 7.80095025e-01  7.16903058e-01]
 [ 7.84190537e-01  7.11503538e-01]
 [ 7.88261795e-01  7.07036978e-01]
 [ 7.92831843e-01  7.02491154e-01]
 [ 7.98449741e-01  6.98892149e-01]
 [ 7.99464569e-01  6.94548693e-01]
 [ 8.06971002e-01  6.85659297e-01]
 [ 8.11374676e-01  6.81620769e-01]
 [ 8.15003932e-01  6.76588779e-01]
 [ 8.22254980e-01  6.69054416e-01]
 [ 8.25557167e-01  6.63328758e-01]
 [ 8.28539543e-01  6.62018075e-01]
 [ 8.35313840e-01  6.55011085e-01]
 [ 8.36614698e-01  6.49601940e-01]
 [ 8.40256473e-01  6.43987372e-01]
 [ 8.45526683e-01  6.39983320e-01]
 [ 8.46785994e-01  6.35320650e-01]
 [ 8.50611674e-01  6.29867104e-01]
 [ 8.54084663e-01  6.23879120e-01]
 [ 8.59282007e-01  6.16127970e-01]
 [ 8.64327724e-01  6.10229117e-01]
 [ 8.70189989e-01  6.03059554e-01]
 [ 8.72198276e-01  5.96884989e-01]
 [ 8.72840248e-01  5.94354162e-01]
 [ 8.77626238e-01  5.87269523e-01]
 [ 8.81093133e-01  5.81205219e-01]
 [ 8.86226351e-01  5.80445045e-01]
 [ 8.86518932e-01  5.71975424e-01]
 [ 8.89805539e-01  5.65707742e-01]
 [ 8.92359417e-01  5.60642524e-01]
 [ 8.95187468e-01  5.55248897e-01]
 [ 8.97454189e-01  5.55150578e-01]
 [ 9.01377883e-01  5.44752274e-01]
 [ 9.04193606e-01  5.38601108e-01]
 [ 9.07715648e-01  5.29280462e-01]
 [ 9.10567503e-01  5.24248053e-01]
 [ 9.13908897e-01  5.22700582e-01]
 [ 9.14351088e-01  5.16646427e-01]
 [ 9.16568695e-01  5.11147071e-01]
 [ 9.19837161e-01  5.04379350e-01]
 [ 9.24070675e-01  4.94461829e-01]
 [ 9.27123936e-01  4.88478134e-01]
 [ 9.30181595e-01  4.81137201e-01]
 [ 9.31120301e-01  4.79639198e-01]
 [ 9.32631094e-01  4.72452763e-01]
 [ 9.40334204e-01  4.56313004e-01]
 [ 9.41115039e-01  4.53670418e-01]
 [ 9.43492549e-01  4.46998596e-01]
 [ 9.47356757e-01  4.41485326e-01]
 [ 9.48398448e-01  4.33789161e-01]
 [ 9.50597801e-01  4.24195706e-01]
 [ 9.52790412e-01  4.19235130e-01]
 [ 9.56028641e-01  4.12831897e-01]
 [ 9.56235106e-01  4.06630825e-01]
 [ 9.59409334e-01  4.03137255e-01]
 [ 9.61285705e-01  3.97560590e-01]
 [ 9.63940576e-01  3.82502099e-01]
 [ 9.69647166e-01  3.79112340e-01]
 [ 9.69719379e-01  3.69762062e-01]
 [ 9.71333183e-01  3.58913095e-01]
 [ 9.74972903e-01  3.52390350e-01]
 [ 9.75582351e-01  3.43624741e-01]
 [ 9.79693570e-01  3.34740226e-01]
 [ 9.79923028e-01  3.32443015e-01]
 [ 9.81597094e-01  3.24750280e-01]
 [ 9.83747112e-01  3.20341863e-01]
 [ 9.84045909e-01  3.14932546e-01]
 [ 9.85130431e-01  3.11739628e-01]
 [ 9.86998039e-01  3.03169577e-01]
 [ 9.88725014e-01  2.98757426e-01]
 [ 9.90253723e-01  2.89556981e-01]
 [ 9.90315192e-01  2.89505172e-01]
 [ 9.92795276e-01  2.79557942e-01]
 [ 9.94580938e-01  2.72270154e-01]
 [ 9.96645436e-01  2.64027406e-01]
 [ 9.96657717e-01  2.63989629e-01]
 [ 9.99063897e-01  2.54327407e-01]
 [ 1.00044277e+00  2.50293915e-01]
 [ 1.00229227e+00  2.40271372e-01]
 [ 1.00483490e+00  2.31661511e-01]
 [ 1.00483490e+00  2.31661511e-01]
 [ 1.00957715e+00  2.14854541e-01]
 [ 1.01028378e+00  2.06209692e-01]
 [ 1.01180500e+00  2.04394654e-01]
 [ 1.01358650e+00  1.98011965e-01]
 [ 1.01447905e+00  1.89197478e-01]
 [ 1.01622261e+00  1.85412241e-01]
 [ 1.01754235e+00  1.77296513e-01]
 [ 1.01934670e+00  1.70180843e-01]
 [ 1.02125324e+00  1.60639606e-01]
 [ 1.02254036e+00  1.54596494e-01]
 [ 1.02452412e+00  1.46311523e-01]
 [ 1.02724640e+00  1.35152816e-01]
 [ 1.02838693e+00  1.31141119e-01]
 [ 1.03103834e+00  1.24662119e-01]
 [ 1.03278807e+00  1.15321312e-01]
 [ 1.03429955e+00  1.09938216e-01]
 [ 1.03614042e+00  1.03889798e-01]
 [ 1.03933146e+00  1.01595068e-01]
 [ 1.03934383e+00  8.71796902e-02]
 [ 1.04034725e+00  8.56000890e-02]
 [ 1.04172037e+00  7.74460021e-02]
 [ 1.04351539e+00  7.14714198e-02]
 [ 1.04696304e+00  5.69841313e-02]
 [ 1.04942523e+00  5.50763493e-02]
 [ 1.05072994e+00  4.44833973e-02]
 [ 1.05088661e+00  4.43013367e-02]
 [ 1.05358984e+00  3.42568527e-02]
 [ 1.05595950e+00  2.72247141e-02]
 [ 1.05649737e+00  2.38707282e-02]
 [ 1.05931141e+00  2.06949633e-02]
 [ 1.06318374e+00  4.56672962e-03]
 [ 1.06508668e+00 -1.00304008e-03]
 [ 1.06914925e+00 -8.37622308e-03]
 [ 1.07578756e+00 -1.68207306e-02]
 [ 1.07800831e+00 -1.97885260e-02]
 [ 1.08725347e+00 -2.20307779e-02]
 [ 1.09744219e+00 -2.37812691e-02]
 [ 1.09964126e+00 -2.52024984e-02]
 [ 1.11045523e+00 -2.59747909e-02]
 [ 1.11947695e+00 -2.66467053e-02]
 [ 1.12464591e+00 -2.68325531e-02]
 [ 1.13824197e+00 -2.69813276e-02]
 [ 1.14610290e+00 -2.74522487e-02]
 [ 1.14816096e+00 -2.81351926e-02]]",1,70
0.046910372905734625,0.03707893363843457,0.440591835263425,0.334,3.7209292942370116,3.7645552120219694,0.988411401791471,2000,256,"[[9.99674732e-01 5.41656395e-01 3.67578044e-01 6.48816573e-01
  4.10302973e-01 3.05069069e-01]
 [9.99674732e-01 5.41473996e-01 3.69117225e-01 5.69903505e-01
  4.05866191e-01 3.19752972e-01]
 [9.99647314e-01 5.41473996e-01 4.96026872e-01 5.58085947e-01
  3.08070608e-01 3.00573653e-01]
 ...
 [6.18948253e-05 3.81429489e-01 4.62175042e-01 5.21652001e-01
  4.60960034e-01 4.87254646e-01]
 [6.18948253e-05 3.81429489e-01 4.62175042e-01 5.21652001e-01
  4.60960034e-01 4.87254646e-01]
 [3.97413475e-04 3.81433406e-01 4.61437703e-01 5.17523242e-01
  4.76653069e-01 5.41082670e-01]]","[[ 0.05992805  1.23305773]
 [ 0.06044996  1.21889216]
 [ 0.06062101  1.19575385]
 [ 0.06090372  1.19137827]
 [ 0.06095763  1.18122575]
 [ 0.06141485  1.17737076]
 [ 0.06252822  1.16948913]
 [ 0.06478368  1.16155651]
 [ 0.0664775   1.15254315]
 [ 0.07439684  1.14820991]
 [ 0.08048038  1.14664903]
 [ 0.08705028  1.14226871]
 [ 0.09724454  1.13894331]
 [ 0.10277923  1.13594042]
 [ 0.10710163  1.13553448]
 [ 0.11680542  1.13140318]
 [ 0.12158843  1.1296844 ]
 [ 0.12922952  1.12870611]
 [ 0.13779559  1.12519576]
 [ 0.14424293  1.12406566]
 [ 0.15463702  1.12068834]
 [ 0.162806    1.11839362]
 [ 0.1705526   1.11682055]
 [ 0.17221637  1.11598946]
 [ 0.17922356  1.11565181]
 [ 0.18344762  1.11341296]
 [ 0.19169599  1.11321906]
 [ 0.1979771   1.10971287]
 [ 0.20636956  1.10749784]
 [ 0.21533923  1.10748266]
 [ 0.21625363  1.1051438 ]
 [ 0.23092676  1.10313583]
 [ 0.23491482  1.10070105]
 [ 0.24450253  1.09827158]
 [ 0.25381915  1.09623959]
 [ 0.26151551  1.09578319]
 [ 0.26725354  1.09331682]
 [ 0.27942896  1.09038185]
 [ 0.28426126  1.08858755]
 [ 0.29389152  1.08699535]
 [ 0.29514361  1.08600436]
 [ 0.30855808  1.08576606]
 [ 0.31025596  1.08432628]
 [ 0.31803139  1.07993855]
 [ 0.32507169  1.07710268]
 [ 0.33009691  1.07689513]
 [ 0.33678444  1.0746791 ]
 [ 0.33920862  1.07371169]
 [ 0.34737045  1.07183023]
 [ 0.34971086  1.07016271]
 [ 0.35637578  1.06796944]
 [ 0.36459849  1.06556771]
 [ 0.36810988  1.06434782]
 [ 0.37401708  1.06243874]
 [ 0.38322542  1.06193769]
 [ 0.38781394  1.05781748]
 [ 0.39415793  1.05618928]
 [ 0.4016222   1.05392632]
 [ 0.40816205  1.05218758]
 [ 0.41540459  1.04879299]
 [ 0.4207744   1.04821724]
 [ 0.42576242  1.04594446]
 [ 0.43115787  1.04512826]
 [ 0.44047607  1.04037733]
 [ 0.44823202  1.03771919]
 [ 0.45655709  1.03675757]
 [ 0.46142289  1.03499028]
 [ 0.46601822  1.03228229]
 [ 0.46749073  1.03109934]
 [ 0.47608622  1.02880146]
 [ 0.4805931   1.02744626]
 [ 0.48932946  1.02504147]
 [ 0.49413797  1.0227229 ]
 [ 0.49828257  1.02069463]
 [ 0.502227    1.01916286]
 [ 0.5110296   1.01527736]
 [ 0.52393559  1.01160011]
 [ 0.52570619  1.01056213]
 [ 0.53198352  1.00869181]
 [ 0.53380896  1.00765889]
 [ 0.54194389  1.00470774]
 [ 0.5525006   1.00263705]
 [ 0.55501369  0.99972736]
 [ 0.56162458  0.997419  ]
 [ 0.57636428  0.99234527]
 [ 0.59327567  0.98539199]
 [ 0.59672709  0.9829773 ]
 [ 0.60555104  0.98047533]
 [ 0.60823064  0.97850166]
 [ 0.62145699  0.97275091]
 [ 0.62709357  0.97000469]
 [ 0.63084115  0.96912439]
 [ 0.634327    0.96619201]
 [ 0.6450156   0.96108956]
 [ 0.65129587  0.95777159]
 [ 0.65438857  0.95724728]
 [ 0.65964445  0.95611068]
 [ 0.66336029  0.95185866]
 [ 0.67085887  0.94711813]
 [ 0.67771489  0.94317095]
 [ 0.68500284  0.93793122]
 [ 0.68966061  0.93469565]
 [ 0.69378394  0.93162969]
 [ 0.69544373  0.92963529]
 [ 0.69918597  0.92604556]
 [ 0.70660288  0.92049508]
 [ 0.71284465  0.91803154]
 [ 0.71789369  0.91374893]
 [ 0.7226364   0.91028286]
 [ 0.72830146  0.90394559]
 [ 0.7335172   0.89493096]
 [ 0.73615887  0.89435823]
 [ 0.73839657  0.88791121]
 [ 0.74332413  0.88355341]
 [ 0.74781303  0.87596946]
 [ 0.75397568  0.87023719]
 [ 0.75806724  0.86565222]
 [ 0.76344076  0.85933218]
 [ 0.76588766  0.85338001]
 [ 0.77105207  0.84878746]
 [ 0.77402063  0.84630298]
 [ 0.77689597  0.84132599]
 [ 0.782291    0.83777949]
 [ 0.78495898  0.83366662]
 [ 0.78632635  0.8299864 ]
 [ 0.79164493  0.82628458]
 [ 0.79915609  0.81749656]
 [ 0.80518839  0.81132509]
 [ 0.81125812  0.81122284]
 [ 0.81729998  0.80046554]
 [ 0.81986799  0.799553  ]
 [ 0.825562    0.79326736]
 [ 0.83338427  0.78933403]
 [ 0.83679581  0.78544538]
 [ 0.84470589  0.77812941]
 [ 0.85114854  0.77723896]
 [ 0.85114914  0.7735384 ]
 [ 0.86198397  0.76604263]
 [ 0.8684783   0.76277172]
 [ 0.87100861  0.75941977]
 [ 0.87608538  0.75580478]
 [ 0.88211582  0.75125424]
 [ 0.88816485  0.74820316]
 [ 0.89351438  0.74405534]
 [ 0.8969627   0.7418107 ]
 [ 0.89995478  0.73959713]
 [ 0.90610843  0.73877807]
 [ 0.90960868  0.73364881]
 [ 0.91542259  0.72957262]
 [ 0.91996898  0.72654247]
 [ 0.92389511  0.7241785 ]
 [ 0.9319722   0.72123353]
 [ 0.93642071  0.71972012]
 [ 0.9372064   0.71614733]
 [ 0.9410062   0.71406986]
 [ 0.94594603  0.71175304]
 [ 0.95020686  0.70831795]
 [ 0.95179208  0.70757732]
 [ 0.95753067  0.70373078]
 [ 0.96117041  0.70147879]
 [ 0.9692332   0.69803746]
 [ 0.97739738  0.69215583]
 [ 0.98369086  0.69043946]
 [ 0.98535062  0.68841469]
 [ 0.99022745  0.68607409]
 [ 0.99287778  0.68403475]
 [ 0.9974208   0.68345349]
 [ 1.00102078  0.68061058]
 [ 1.00623576  0.67645366]
 [ 1.01107361  0.67542036]
 [ 1.01343237  0.67188726]
 [ 1.02242062  0.66792052]
 [ 1.02910094  0.66510762]
 [ 1.03421276  0.65944004]
 [ 1.0349797   0.65935729]
 [ 1.04325701  0.65572709]
 [ 1.04335114  0.65308971]
 [ 1.04805196  0.65000854]
 [ 1.05005001  0.64916304]
 [ 1.05697643  0.64624063]
 [ 1.05793481  0.64446149]
 [ 1.06218755  0.63832245]
 [ 1.07346312  0.63006915]
 [ 1.07902995  0.62685144]
 [ 1.08460794  0.62183657]
 [ 1.08929505  0.61465707]
 [ 1.09528655  0.6119543 ]
 [ 1.09595732  0.60905049]
 [ 1.09936556  0.6029661 ]
 [ 1.10528016  0.59860284]
 [ 1.10883022  0.59273429]
 [ 1.10961252  0.59109457]
 [ 1.11380559  0.58599846]
 [ 1.11696919  0.58095812]
 [ 1.12418857  0.56556339]
 [ 1.12741101  0.55868335]
 [ 1.12782649  0.5585013 ]
 [ 1.13151805  0.55076405]
 [ 1.13322215  0.54320691]
 [ 1.13759587  0.54108007]
 [ 1.13953653  0.52666294]
 [ 1.140145    0.52503034]
 [ 1.1429811   0.5189069 ]
 [ 1.14621196  0.50161734]
 [ 1.14621196  0.50161734]
 [ 1.15057286  0.49378075]
 [ 1.15394928  0.48421434]
 [ 1.15480187  0.47817401]
 [ 1.15857724  0.46781168]
 [ 1.16073087  0.46703326]
 [ 1.16177213  0.45925224]
 [ 1.1653644   0.29235975]
 [ 1.1656183   0.27738167]
 [ 1.16630348  0.27355783]
 [ 1.16705731  0.26447589]
 [ 1.16711152  0.25095931]
 [ 1.1678626   0.24685945]
 [ 1.16881214  0.23417181]
 [ 1.16972007  0.23026362]
 [ 1.17031981  0.21968617]
 [ 1.17133374  0.20983773]
 [ 1.17225377  0.19886425]
 [ 1.17321827  0.19098889]
 [ 1.17338669  0.18959358]
 [ 1.17477744  0.17912352]
 [ 1.17548312  0.17444172]
 [ 1.17610688  0.16657552]
 [ 1.17843068  0.15906877]
 [ 1.17895881  0.15112778]
 [ 1.18028629  0.14756453]
 [ 1.1812749   0.13945735]
 [ 1.1821471   0.1317816 ]
 [ 1.18318763  0.12863151]
 [ 1.18527368  0.1167896 ]
 [ 1.1880664   0.11060884]
 [ 1.19020493  0.098483  ]
 [ 1.19098087  0.08424483]
 [ 1.19265025  0.07755126]
 [ 1.193391    0.07347758]
 [ 1.19627759  0.06485582]
 [ 1.1981927   0.0625267 ]
 [ 1.19890035  0.05586273]
 [ 1.20058281  0.04853133]
 [ 1.20346675  0.03700909]
 [ 1.20631235  0.02676591]
 [ 1.20934868  0.01987926]
 [ 1.21093334  0.0189839 ]
 [ 1.21204729  0.00655351]
 [ 1.21736744 -0.0059384 ]
 [ 1.21861983 -0.01149799]
 [ 1.22098433 -0.01800621]
 [ 1.22352569 -0.02153986]
 [ 1.23094326 -0.02717585]
 [ 1.24047646 -0.03200143]
 [ 1.24047646 -0.03200143]
 [ 1.25448693 -0.03287526]]",2,70
0.015030236793697737,0.017359498601467873,0.1815842258905312,0.7875,3.7479822797837006,3.7645552120219694,0.9955976386834919,2000,256,"[[0.99997158 0.46865647 0.47735051 0.50369295 0.55080259 0.58723953]
 [0.99997158 0.50499219 0.47786779 0.52885404 0.54530183 0.58764175]
 [0.99995229 0.50608008 0.47077153 0.54252537 0.51865195 0.58536946]
 ...
 [0.00179078 0.38452637 0.5664599  0.50100566 0.62057504 0.58926545]
 [0.00179078 0.37118148 0.58893598 0.50110674 0.62057504 0.58926545]
 [0.00179078 0.37118148 0.58757826 0.51788581 0.62057504 0.59275145]]","[[-0.12354683  1.24525992]
 [-0.12258543  1.23656771]
 [-0.12195302  1.23512815]
 [-0.1144413   1.22976143]
 [-0.11371053  1.22492709]
 [-0.11208039  1.2217726 ]
 [-0.10720387  1.22128846]
 [-0.10114182  1.21385969]
 [-0.08943688  1.20974591]
 [-0.07836194  1.20866425]
 [-0.06500847  1.20589818]
 [-0.05273539  1.20322476]
 [-0.04761957  1.20253425]
 [-0.03955299  1.20150004]
 [-0.03117055  1.20041027]
 [-0.02133076  1.2001837 ]
 [-0.01261927  1.19912171]
 [-0.00465568  1.19878387]
 [-0.00160137  1.19877096]
 [ 0.16612543  1.19861124]
 [ 0.17076788  1.19695784]
 [ 0.18325676  1.19353854]
 [ 0.18877649  1.19204133]
 [ 0.19648257  1.18695111]
 [ 0.20415378  1.18483925]
 [ 0.20684087  1.18357627]
 [ 0.21228919  1.18314513]
 [ 0.21315727  1.18008269]
 [ 0.22147665  1.1781112 ]
 [ 0.22427223  1.17552958]
 [ 0.23014761  1.17365801]
 [ 0.23907812  1.17116448]
 [ 0.23995261  1.16901134]
 [ 0.24622526  1.1662233 ]
 [ 0.25515455  1.16484561]
 [ 0.25656991  1.16063529]
 [ 0.26501741  1.15921   ]
 [ 0.26784414  1.15336656]
 [ 0.27651084  1.15203083]
 [ 0.27725838  1.14916061]
 [ 0.28624926  1.14312152]
 [ 0.29025775  1.14132846]
 [ 0.29525447  1.13829441]
 [ 0.30150422  1.13485401]
 [ 0.30616833  1.13474253]
 [ 0.30996054  1.13071366]
 [ 0.3181263   1.12677662]
 [ 0.32084569  1.12238825]
 [ 0.32887191  1.11885245]
 [ 0.33876107  1.11550485]
 [ 0.34229789  1.11436641]
 [ 0.34504693  1.10905609]
 [ 0.34900177  1.1081109 ]
 [ 0.353885    1.10757241]
 [ 0.3608071   1.10050135]
 [ 0.36585835  1.09656298]
 [ 0.37357577  1.09356856]
 [ 0.37831847  1.08852091]
 [ 0.3811341   1.08688669]
 [ 0.38533533  1.08305764]
 [ 0.3919803   1.08268912]
 [ 0.3969841   1.07906815]
 [ 0.39880186  1.07559105]
 [ 0.40510644  1.07066881]
 [ 0.41647481  1.06461807]
 [ 0.42391213  1.06316983]
 [ 0.42628287  1.05935259]
 [ 0.4286403   1.05644797]
 [ 0.43384729  1.05331943]
 [ 0.4391222   1.04961128]
 [ 0.44553451  1.0440364 ]
 [ 0.45123878  1.04015447]
 [ 0.45985656  1.03547251]
 [ 0.46056544  1.03404992]
 [ 0.470514    1.02936464]
 [ 0.47585118  1.02392164]
 [ 0.47877851  1.02140387]
 [ 0.48474144  1.0159395 ]
 [ 0.48678172  1.01507249]
 [ 0.49106962  1.01238042]
 [ 0.50202507  1.00358805]
 [ 0.50672379  1.00058066]
 [ 0.5110469   0.99723149]
 [ 0.51635207  0.99314162]
 [ 0.52367648  0.98801548]
 [ 0.53037459  0.9802218 ]
 [ 0.53290728  0.97820339]
 [ 0.53903243  0.97391712]
 [ 0.54294915  0.97156686]
 [ 0.54825057  0.9709465 ]
 [ 0.54900719  0.96394091]
 [ 0.55968606  0.95728865]
 [ 0.56018947  0.9571346 ]
 [ 0.56465172  0.95123595]
 [ 0.57246645  0.94324705]
 [ 0.5815778   0.94227117]
 [ 0.58178574  0.93716267]
 [ 0.58910854  0.92817063]
 [ 0.59354947  0.92571619]
 [ 0.59654488  0.91853885]
 [ 0.60341805  0.9162232 ]
 [ 0.61145042  0.90616245]
 [ 0.61423442  0.90423898]
 [ 0.6202437   0.90195068]
 [ 0.62368803  0.8936631 ]
 [ 0.631155    0.89018891]
 [ 0.63768269  0.88077182]
 [ 0.64476294  0.87238637]
 [ 0.64595961  0.87214229]
 [ 0.65024747  0.86693291]
 [ 0.65816577  0.86402641]
 [ 0.66620103  0.85434129]
 [ 0.66962332  0.8494628 ]
 [ 0.67312635  0.84572606]
 [ 0.67728397  0.84295961]
 [ 0.68121106  0.83921225]
 [ 0.68566686  0.83451692]
 [ 0.68898586  0.83190345]
 [ 0.69154708  0.82937628]
 [ 0.69748751  0.82771478]
 [ 0.70288606  0.825408  ]
 [ 0.70307973  0.81982548]
 [ 0.70941986  0.81781248]
 [ 0.71117617  0.81196326]
 [ 0.71827058  0.80593083]
 [ 0.7245773   0.80001686]
 [ 0.72942709  0.79704148]
 [ 0.73602959  0.79141695]
 [ 0.74626677  0.78915183]
 [ 0.75103492  0.78501845]
 [ 0.75216908  0.77726613]
 [ 0.76008463  0.77185681]
 [ 0.7658274   0.76740992]
 [ 0.76691609  0.76713796]
 [ 0.77479942  0.75931898]
 [ 0.7808824   0.75283046]
 [ 0.78712772  0.74816832]
 [ 0.79109534  0.74649003]
 [ 0.79886922  0.74280327]
 [ 0.80204898  0.73807923]
 [ 0.80373195  0.73777896]
 [ 0.81109388  0.73011637]
 [ 0.81234834  0.72970538]
 [ 0.82082729  0.71966721]
 [ 0.82650931  0.71602844]
 [ 0.83118766  0.70903276]
 [ 0.83799444  0.70236926]
 [ 0.84807462  0.69065657]
 [ 0.84966114  0.69053538]
 [ 0.8547223   0.68432939]
 [ 0.85524032  0.68208158]
 [ 0.85885147  0.67724714]
 [ 0.86009293  0.67572901]
 [ 0.86603122  0.66826701]
 [ 0.86861239  0.66613619]
 [ 0.87099695  0.65977318]
 [ 0.87318641  0.65881492]
 [ 0.87983897  0.64776136]
 [ 0.87993038  0.64749082]
 [ 0.88285761  0.63947668]
 [ 0.88385894  0.6389074 ]
 [ 0.89069478  0.62711166]
 [ 0.89071245  0.62700736]
 [ 0.89362073  0.61915222]
 [ 0.89677453  0.61627292]
 [ 0.89931791  0.60987563]
 [ 0.9012918   0.60188233]
 [ 0.90347644  0.59901284]
 [ 0.90602827  0.59092392]
 [ 0.90931222  0.58420097]
 [ 0.91047533  0.58264994]
 [ 0.91344965  0.57235463]
 [ 0.91715182  0.56335425]
 [ 0.92216125  0.55773817]
 [ 0.92356999  0.55527871]
 [ 0.92382143  0.54720285]
 [ 0.92589218  0.53679595]
 [ 0.92802162  0.53087722]
 [ 0.930055    0.52273852]
 [ 0.93254895  0.51822972]
 [ 0.93381317  0.50975459]
 [ 0.93552512  0.50597188]
 [ 0.93772534  0.49852018]
 [ 0.93982605  0.48947398]
 [ 0.94071596  0.48899508]
 [ 0.9423094   0.47871103]
 [ 0.94721809  0.46136057]
 [ 0.94809095  0.45340294]
 [ 0.94945753  0.45074259]
 [ 0.9501817   0.44285465]
 [ 0.95142806  0.43619132]
 [ 0.95336589  0.42722719]
 [ 0.95477956  0.42051499]
 [ 0.95587556  0.41341244]
 [ 0.95737916  0.40630288]
 [ 0.95802215  0.40328885]
 [ 0.95952098  0.39576833]
 [ 0.96007846  0.39317934]
 [ 0.96162086  0.38202808]
 [ 0.96354555  0.375274  ]
 [ 0.96561569  0.36751003]
 [ 0.96587667  0.35705723]
 [ 0.96792145  0.35206177]
 [ 0.96943903  0.33881097]
 [ 0.96962076  0.33843192]
 [ 0.97034414  0.32876826]
 [ 0.97391607  0.31712786]
 [ 0.97408319  0.30479351]
 [ 0.97428842  0.30410379]
 [ 0.97544657  0.29532942]
 [ 0.97679366  0.28803709]
 [ 0.9770576   0.2838818 ]
 [ 0.97844896  0.27642841]
 [ 0.97857698  0.27372407]
 [ 0.98035421  0.26556996]
 [ 0.98219388  0.25480122]
 [ 0.98333968  0.2446827 ]
 [ 0.98357476  0.24082004]
 [ 0.98466914  0.23476759]
 [ 0.98610441  0.22512143]
 [ 0.98758226  0.21833989]
 [ 0.98846155  0.21069017]
 [ 0.98950493  0.21001643]
 [ 0.99124492  0.19880552]
 [ 0.99362087  0.18383805]
 [ 0.99398478  0.17745509]
 [ 0.99575886  0.17271374]
 [ 0.99632205  0.16466387]
 [ 0.9979429   0.1577027 ]
 [ 0.99935794  0.14884171]
 [ 1.00061538  0.14232425]
 [ 1.00334727  0.13260513]
 [ 1.00438673  0.1244105 ]
 [ 1.00729667  0.11501645]
 [ 1.00731664  0.11462828]
 [ 1.00922642  0.10557124]
 [ 1.00986616  0.10337138]
 [ 1.01112678  0.09421673]
 [ 1.01112678  0.09421673]
 [ 1.01339488  0.08558938]
 [ 1.01564906  0.07774188]
 [ 1.01819543  0.07396067]
 [ 1.01881775  0.06846616]
 [ 1.01928577  0.06457929]
 [ 1.02191935  0.05823616]
 [ 1.02361614  0.05331887]
 [ 1.02525182  0.05020245]
 [ 1.03028693  0.03547271]
 [ 1.03171074  0.03132192]
 [ 1.03634792  0.0286638 ]
 [ 1.04610853  0.02537869]
 [ 1.0512443   0.02434265]
 [ 1.06012802  0.02342468]
 [ 1.0686056   0.02237192]
 [ 1.07632467  0.02120024]
 [ 1.07792066  0.02067927]]",3,70
0.005007870490772091,0.004883976486050023,0.02520271009155822,1.0,3.756835768582021,3.7645552120219694,0.9979494407689135,2000,256,"[[9.99979133e-01 4.99840750e-01 3.74966185e-01 5.10130938e-01
  4.02931245e-01 5.06650470e-01]
 [9.99994716e-01 5.03611548e-01 4.09517912e-01 4.87636318e-01
  4.05407966e-01 5.33772661e-01]
 [9.99980819e-01 5.15598135e-01 3.97967918e-01 4.99128856e-01
  4.70893075e-01 5.14226536e-01]
 ...
 [4.07461789e-04 4.67755281e-01 5.16013596e-01 5.46958782e-01
  4.25882340e-01 5.09421879e-01]
 [2.16825660e-05 5.06804835e-01 5.15149785e-01 5.00595236e-01
  4.74037348e-01 5.02285470e-01]
 [2.16825660e-05 5.06804835e-01 4.28849336e-01 4.83816155e-01
  4.74037348e-01 5.01881693e-01]]","[[-4.04807475e-02  1.20324105e+00]
 [-3.88420415e-02  1.19397920e+00]
 [-3.58284782e-02  1.18827373e+00]
 [-3.40829336e-02  1.18309623e+00]
 [-3.17469906e-02  1.17376100e+00]
 [-2.60859478e-02  1.16478110e+00]
 [-2.12400944e-02  1.16273993e+00]
 [-1.34850722e-02  1.16165169e+00]
 [-1.10205461e-02  1.15679606e+00]
 [-1.40278670e-03  1.15644648e+00]
 [ 1.50511145e-03  1.15382904e+00]
 [ 1.54356175e-02  1.14727003e+00]
 [ 2.23564536e-02  1.14438637e+00]
 [ 3.29114731e-02  1.14191404e+00]
 [ 4.25402529e-02  1.14081030e+00]
 [ 5.19590706e-02  1.13331317e+00]
 [ 6.10536852e-02  1.13143703e+00]
 [ 6.74136950e-02  1.12889485e+00]
 [ 7.71051776e-02  1.12521462e+00]
 [ 8.32568363e-02  1.12164128e+00]
 [ 9.12661089e-02  1.12085224e+00]
 [ 9.45921281e-02  1.11783255e+00]
 [ 1.02285976e-01  1.11622119e+00]
 [ 1.14745494e-01  1.11161649e+00]
 [ 1.19714441e-01  1.10877418e+00]
 [ 1.28686975e-01  1.10802752e+00]
 [ 1.34199341e-01  1.10315847e+00]
 [ 1.38618465e-01  1.10195961e+00]
 [ 1.43093025e-01  1.10039693e+00]
 [ 1.51825314e-01  1.09785520e+00]
 [ 1.59804967e-01  1.09527929e+00]
 [ 1.73607095e-01  1.09060450e+00]
 [ 1.79677435e-01  1.08686799e+00]
 [ 1.87910193e-01  1.08489098e+00]
 [ 1.97465906e-01  1.08178095e+00]
 [ 2.11948497e-01  1.07518365e+00]
 [ 2.12986582e-01  1.07481116e+00]
 [ 2.25481968e-01  1.07218578e+00]
 [ 2.34843095e-01  1.06669531e+00]
 [ 2.50037433e-01  1.06471206e+00]
 [ 2.52782815e-01  1.06135911e+00]
 [ 2.62227758e-01  1.06086731e+00]
 [ 2.62493340e-01  1.05828158e+00]
 [ 2.71639856e-01  1.05555740e+00]
 [ 2.79536009e-01  1.05042595e+00]
 [ 2.88320984e-01  1.04772763e+00]
 [ 2.96946682e-01  1.04485344e+00]
 [ 3.00202200e-01  1.04363402e+00]
 [ 3.07983027e-01  1.04172012e+00]
 [ 3.10882162e-01  1.03952146e+00]
 [ 3.21285184e-01  1.03672916e+00]
 [ 3.21587024e-01  1.03608823e+00]
 [ 3.30462090e-01  1.03250146e+00]
 [ 3.40239537e-01  1.02922553e+00]
 [ 3.52594030e-01  1.02546348e+00]
 [ 3.61432089e-01  1.02000121e+00]
 [ 3.61443073e-01  1.01999477e+00]
 [ 3.70162900e-01  1.01820900e+00]
 [ 3.82331125e-01  1.01228188e+00]
 [ 3.90397336e-01  1.01071115e+00]
 [ 4.01866404e-01  1.00552532e+00]
 [ 4.07405104e-01  1.00323486e+00]
 [ 4.14115354e-01  1.00047355e+00]
 [ 4.21025142e-01  9.98806296e-01]
 [ 4.25749129e-01  9.95303989e-01]
 [ 4.34613973e-01  9.93289578e-01]
 [ 4.38980274e-01  9.90631408e-01]
 [ 4.43745833e-01  9.89349491e-01]
 [ 4.52959087e-01  9.87459568e-01]
 [ 4.54582128e-01  9.84029292e-01]
 [ 4.62246633e-01  9.81198874e-01]
 [ 4.62551007e-01  9.80778896e-01]
 [ 4.76308590e-01  9.77201105e-01]
 [ 4.83682246e-01  9.72556256e-01]
 [ 5.00190819e-01  9.66604796e-01]
 [ 5.07746540e-01  9.63701271e-01]
 [ 5.24632814e-01  9.55484639e-01]
 [ 5.26729557e-01  9.53378946e-01]
 [ 5.34229619e-01  9.50773870e-01]
 [ 5.35752712e-01  9.49769604e-01]
 [ 5.43135354e-01  9.45856626e-01]
 [ 5.48059162e-01  9.45320099e-01]
 [ 5.53887441e-01  9.44315363e-01]
 [ 5.61427738e-01  9.37514120e-01]
 [ 5.66600487e-01  9.34618445e-01]
 [ 5.74941649e-01  9.31780651e-01]
 [ 5.76574343e-01  9.28993024e-01]
 [ 5.89063729e-01  9.24543454e-01]
 [ 5.95335619e-01  9.20509289e-01]
 [ 6.05447259e-01  9.14292235e-01]
 [ 6.10570402e-01  9.11119813e-01]
 [ 6.16234381e-01  9.08291907e-01]
 [ 6.21955705e-01  9.04653498e-01]
 [ 6.27838673e-01  9.01104502e-01]
 [ 6.37234518e-01  8.98278428e-01]
 [ 6.41224452e-01  8.92840189e-01]
 [ 6.46887868e-01  8.91078175e-01]
 [ 6.49696464e-01  8.87558492e-01]
 [ 6.56017426e-01  8.83572193e-01]
 [ 6.62470596e-01  8.80360163e-01]
 [ 6.65514942e-01  8.78353691e-01]
 [ 6.69617161e-01  8.75328608e-01]
 [ 6.75921670e-01  8.70561885e-01]
 [ 6.94284034e-01  8.61152556e-01]
 [ 6.96800041e-01  8.56291899e-01]
 [ 7.08417920e-01  8.48893283e-01]
 [ 7.14642871e-01  8.44098679e-01]
 [ 7.22249741e-01  8.40755165e-01]
 [ 7.28858682e-01  8.36162914e-01]
 [ 7.32564998e-01  8.29616930e-01]
 [ 7.37116813e-01  8.27233202e-01]
 [ 7.42275372e-01  8.21584498e-01]
 [ 7.51198358e-01  8.14236522e-01]
 [ 7.56956738e-01  8.10859472e-01]
 [ 7.60729402e-01  8.06522781e-01]
 [ 7.68162783e-01  8.02402189e-01]
 [ 7.80436069e-01  7.87928847e-01]
 [ 7.85969449e-01  7.86751525e-01]
 [ 7.90242715e-01  7.81024036e-01]
 [ 7.90884439e-01  7.79525466e-01]
 [ 7.95869218e-01  7.74019600e-01]
 [ 7.99702810e-01  7.71112655e-01]
 [ 8.04528599e-01  7.66117764e-01]
 [ 8.10407896e-01  7.60141509e-01]
 [ 8.12545240e-01  7.58150452e-01]
 [ 8.18821422e-01  7.52094597e-01]
 [ 8.24875122e-01  7.52007580e-01]
 [ 8.26061710e-01  7.46770076e-01]
 [ 8.29223922e-01  7.42705490e-01]
 [ 8.36535211e-01  7.35154130e-01]
 [ 8.41914182e-01  7.27854238e-01]
 [ 8.47808145e-01  7.25909842e-01]
 [ 8.52009025e-01  7.21445340e-01]
 [ 8.54082981e-01  7.14406378e-01]
 [ 8.55509392e-01  7.14166098e-01]
 [ 8.60478505e-01  7.08338553e-01]
 [ 8.63101613e-01  7.05009616e-01]
 [ 8.70085546e-01  7.01955173e-01]
 [ 8.73015704e-01  6.94026677e-01]
 [ 8.77465048e-01  6.89329969e-01]
 [ 8.85244785e-01  6.81791580e-01]
 [ 8.85399941e-01  6.79576860e-01]
 [ 8.89178038e-01  6.74761838e-01]
 [ 9.01511028e-01  6.61109206e-01]
 [ 9.08890851e-01  6.49974637e-01]
 [ 9.15071637e-01  6.49733009e-01]
 [ 9.16474053e-01  6.41379653e-01]
 [ 9.21284533e-01  6.39617891e-01]
 [ 9.23187932e-01  6.32683085e-01]
 [ 9.32357129e-01  6.24531875e-01]
 [ 9.37972971e-01  6.11763465e-01]
 [ 9.39766594e-01  6.10565697e-01]
 [ 9.46763436e-01  6.00516481e-01]
 [ 9.49299687e-01  5.95763934e-01]
 [ 9.53094479e-01  5.90517098e-01]
 [ 9.56130867e-01  5.88478254e-01]
 [ 9.59669123e-01  5.81122868e-01]
 [ 9.63186111e-01  5.76837093e-01]
 [ 9.68185674e-01  5.71122297e-01]
 [ 9.70743083e-01  5.64993094e-01]
 [ 9.73417459e-01  5.63967127e-01]
 [ 9.77093826e-01  5.55810109e-01]
 [ 9.82017317e-01  5.47192677e-01]
 [ 9.87608978e-01  5.39400231e-01]
 [ 9.94693306e-01  5.29837649e-01]
 [ 9.99139574e-01  5.21417812e-01]
 [ 1.00014540e+00  5.21158449e-01]
 [ 1.00259327e+00  5.14052286e-01]
 [ 1.00655380e+00  5.10190652e-01]
 [ 1.00938603e+00  5.04866237e-01]
 [ 1.01347813e+00  4.96888172e-01]
 [ 1.01495235e+00  4.91284687e-01]
 [ 1.01891799e+00  4.86664673e-01]
 [ 1.02308612e+00  4.76950381e-01]
 [ 1.02459377e+00  4.76661549e-01]
 [ 1.02732667e+00  4.70266695e-01]
 [ 1.03443336e+00  4.58924257e-01]
 [ 1.03876190e+00  4.46914265e-01]
 [ 1.04233735e+00  4.41129200e-01]
 [ 1.04275845e+00  4.38027016e-01]
 [ 1.04625214e+00  4.31557634e-01]
 [ 1.04789946e+00  4.27257382e-01]
 [ 1.05046266e+00  4.25019382e-01]
 [ 1.05250440e+00  4.20329205e-01]
 [ 1.05376230e+00  4.16002921e-01]
 [ 1.05690984e+00  4.09408148e-01]
 [ 1.06180844e+00  3.97227092e-01]
 [ 1.06355062e+00  3.92940202e-01]
 [ 1.06638346e+00  3.87110833e-01]
 [ 1.06702891e+00  3.84925114e-01]
 [ 1.07105476e+00  3.79806246e-01]
 [ 1.07173954e+00  3.74746818e-01]
 [ 1.07380305e+00  3.67580530e-01]
 [ 1.07655067e+00  3.60726449e-01]
 [ 1.07825868e+00  3.56002669e-01]
 [ 1.08133786e+00  3.48677775e-01]
 [ 1.08518932e+00  3.39879250e-01]
 [ 1.08633625e+00  3.36005040e-01]
 [ 1.08857856e+00  3.30853549e-01]
 [ 1.09312021e+00  3.25019192e-01]
 [ 1.09332631e+00  3.18801150e-01]
 [ 1.09397305e+00  3.14823481e-01]
 [ 1.09558905e+00  3.10006172e-01]
 [ 1.09906538e+00  3.08474122e-01]
 [ 1.09961186e+00  3.02336818e-01]
 [ 1.10117934e+00  2.97484771e-01]
 [ 1.10337931e+00  2.90941824e-01]
 [ 1.10645041e+00  2.80061620e-01]
 [ 1.10837781e+00  2.75441973e-01]
 [ 1.11041299e+00  2.67662525e-01]
 [ 1.11398133e+00  2.57118462e-01]
 [ 1.11613682e+00  2.52878869e-01]
 [ 1.11769144e+00  2.43878243e-01]
 [ 1.12176068e+00  2.42632814e-01]
 [ 1.12315257e+00  2.28540188e-01]
 [ 1.12482422e+00  2.21475833e-01]
 [ 1.12643720e+00  2.18645594e-01]
 [ 1.12830066e+00  2.10370388e-01]
 [ 1.12993454e+00  2.01619719e-01]
 [ 1.13254330e+00  1.94533181e-01]
 [ 1.13452627e+00  1.86424039e-01]
 [ 1.13567768e+00  1.81738647e-01]
 [ 1.13765222e+00  1.73330670e-01]
 [ 1.13774616e+00  1.72645598e-01]
 [ 1.14059658e+00  1.63013230e-01]
 [ 1.14220047e+00  1.61841313e-01]
 [ 1.14246806e+00  1.53643227e-01]
 [ 1.14535258e+00  1.44171101e-01]
 [ 1.14777569e+00  1.37535736e-01]
 [ 1.14843572e+00  1.33617641e-01]
 [ 1.15092027e+00  1.24711894e-01]
 [ 1.15420561e+00  1.12278309e-01]
 [ 1.15479445e+00  1.02381589e-01]
 [ 1.15648960e+00  9.83016772e-02]
 [ 1.16001833e+00  8.45068152e-02]
 [ 1.16129944e+00  7.49313054e-02]
 [ 1.16162505e+00  7.47139787e-02]
 [ 1.16520838e+00  6.07141792e-02]
 [ 1.16786456e+00  4.82277612e-02]
 [ 1.16956786e+00  3.52633191e-02]
 [ 1.17001233e+00  3.46063757e-02]
 [ 1.17277739e+00  2.04081382e-02]
 [ 1.17656059e+00  9.69518893e-03]
 [ 1.17656675e+00  2.39457931e-04]
 [ 1.17906481e+00 -1.02586367e-02]
 [ 1.17999581e+00 -1.63322896e-02]
 [ 1.18136668e+00 -2.46626281e-02]
 [ 1.18500512e+00 -3.91710477e-02]
 [ 1.18653329e+00 -5.12608314e-02]
 [ 1.18822135e+00 -6.03827323e-02]
 [ 1.18945342e+00 -6.25200332e-02]
 [ 1.19068410e+00 -7.56577084e-02]
 [ 1.19226275e+00 -7.92077855e-02]
 [ 1.19410363e+00 -8.58500680e-02]
 [ 1.19950112e+00 -8.91288341e-02]
 [ 1.20858720e+00 -9.15013729e-02]]",4,70
0.0033970501924101126,0.004124392204602859,0.030138962170357532,0.9945,3.7586965188359502,3.7645552120219694,0.9984437223371547,2000,256,"[[9.99920611e-01 4.88554589e-01 5.72264179e-01 4.76886253e-01
  5.79112002e-01 5.16559614e-01]
 [9.99920611e-01 4.75035015e-01 5.18990931e-01 4.86197649e-01
  5.56598905e-01 5.41061732e-01]
 [9.99787436e-01 4.77733803e-01 4.63336832e-01 4.96265409e-01
  5.21449037e-01 4.69058087e-01]
 ...
 [3.30161965e-04 5.10042787e-01 4.20600793e-01 4.65170947e-01
  4.98186829e-01 4.70404108e-01]
 [1.25015515e-04 4.90829530e-01 3.91377237e-01 4.31022282e-01
  4.98070731e-01 4.70301503e-01]
 [3.30161965e-04 4.90965125e-01 4.38373347e-01 3.51571494e-01
  4.35655195e-01 5.09327037e-01]]","[[-0.03931575  1.06237661]
 [-0.03825634  1.049407  ]
 [-0.02993644  1.0359431 ]
 [-0.02919453  1.03308816]
 [-0.01523879  1.03211411]
 [-0.0064131   1.02974895]
 [-0.0058884   1.02972282]
 [ 0.00443336  1.02843464]
 [ 0.01231023  1.02761504]
 [ 0.02529301  1.0262038 ]
 [ 0.03859147  1.02616246]
 [ 0.04004668  1.02522364]
 [ 0.05044741  1.02516243]
 [ 0.05683923  1.02265526]
 [ 0.06315665  1.02148799]
 [ 0.07740478  1.01971991]
 [ 0.08178631  1.01931063]
 [ 0.09374822  1.01715357]
 [ 0.10128188  1.01612099]
 [ 0.10897079  1.01502317]
 [ 0.11862119  1.01294784]
 [ 0.12334903  1.01243335]
 [ 0.12907948  1.01131315]
 [ 0.13207105  1.01094273]
 [ 0.14646607  1.0081081 ]
 [ 0.15445655  1.00656056]
 [ 0.15494433  1.00596308]
 [ 0.16394329  1.00510179]
 [ 0.16642535  1.00396612]
 [ 0.17402816  1.00235074]
 [ 0.18176773  1.00059353]
 [ 0.18287503  1.00012941]
 [ 0.19368287  0.99967112]
 [ 0.19477     0.99770944]
 [ 0.20293559  0.99676396]
 [ 0.2119662   0.99385246]
 [ 0.22158759  0.99125063]
 [ 0.23005512  0.98994579]
 [ 0.2306417   0.9892285 ]
 [ 0.23970022  0.98773062]
 [ 0.24366419  0.98687191]
 [ 0.24939187  0.98457019]
 [ 0.25473087  0.9825976 ]
 [ 0.26033182  0.98087589]
 [ 0.2712646   0.97903687]
 [ 0.27265096  0.97777528]
 [ 0.28128619  0.97514448]
 [ 0.28896835  0.97508708]
 [ 0.28944647  0.97245087]
 [ 0.29640012  0.97145355]
 [ 0.30504066  0.9679616 ]
 [ 0.3108929   0.96680978]
 [ 0.31393794  0.96538017]
 [ 0.32063573  0.96382017]
 [ 0.32499479  0.96150542]
 [ 0.3322848   0.9596704 ]
 [ 0.33489959  0.95788294]
 [ 0.34228113  0.95514318]
 [ 0.3485421   0.95425314]
 [ 0.35095382  0.95227808]
 [ 0.36036295  0.94931168]
 [ 0.36718616  0.94656967]
 [ 0.37232352  0.94446439]
 [ 0.37894258  0.94159061]
 [ 0.38506293  0.94044349]
 [ 0.39611208  0.93678632]
 [ 0.40160934  0.93259374]
 [ 0.408692    0.93238948]
 [ 0.4119172   0.93061669]
 [ 0.41522697  0.92778258]
 [ 0.41996452  0.92522766]
 [ 0.4303528   0.92385444]
 [ 0.43321168  0.91936166]
 [ 0.44016156  0.91634617]
 [ 0.44093243  0.91608998]
 [ 0.44861753  0.91476215]
 [ 0.45089023  0.91242988]
 [ 0.454242    0.90997901]
 [ 0.46499619  0.90533953]
 [ 0.47320035  0.9017256 ]
 [ 0.48091423  0.89737426]
 [ 0.48520197  0.89567322]
 [ 0.49364297  0.89126293]
 [ 0.4956646   0.88942296]
 [ 0.50391286  0.88618023]
 [ 0.50874073  0.88306963]
 [ 0.51705312  0.8790607 ]
 [ 0.51755062  0.87871999]
 [ 0.52806661  0.87223317]
 [ 0.52851279  0.87199519]
 [ 0.53626156  0.86846093]
 [ 0.54477281  0.86437526]
 [ 0.5523702   0.85841055]
 [ 0.55791437  0.85571149]
 [ 0.56905829  0.84954015]
 [ 0.57740229  0.8438736 ]
 [ 0.5872583   0.84125785]
 [ 0.58873287  0.83827541]
 [ 0.59544899  0.83280667]
 [ 0.59931865  0.82983565]
 [ 0.60433168  0.82672137]
 [ 0.61282432  0.82248784]
 [ 0.62107222  0.81475796]
 [ 0.62726475  0.81137669]
 [ 0.63289709  0.80649882]
 [ 0.63914418  0.80290572]
 [ 0.63915531  0.8028995 ]
 [ 0.64888815  0.79563462]
 [ 0.64888815  0.79563462]
 [ 0.65444346  0.79020188]
 [ 0.65706516  0.78941131]
 [ 0.66331385  0.78450474]
 [ 0.67179846  0.77898461]
 [ 0.67490844  0.77690077]
 [ 0.68050572  0.77119421]
 [ 0.68764179  0.76525255]
 [ 0.6934227   0.75951068]
 [ 0.69900994  0.75517707]
 [ 0.7082841   0.74770365]
 [ 0.71990519  0.7373981 ]
 [ 0.7255881   0.73217839]
 [ 0.7306554   0.72923084]
 [ 0.73276212  0.72737067]
 [ 0.73834474  0.72252044]
 [ 0.74445581  0.71483465]
 [ 0.74854953  0.71167836]
 [ 0.75300549  0.70550326]
 [ 0.75964909  0.70018552]
 [ 0.76314083  0.69884202]
 [ 0.7642837   0.69499942]
 [ 0.77084147  0.69119684]
 [ 0.778253    0.68224973]
 [ 0.78421591  0.67988427]
 [ 0.7871549   0.67426342]
 [ 0.78857991  0.66889262]
 [ 0.79191934  0.66662202]
 [ 0.79854897  0.65866387]
 [ 0.81389823  0.64164561]
 [ 0.8200868   0.63424784]
 [ 0.82324754  0.6327468 ]
 [ 0.83141401  0.62202033]
 [ 0.84450734  0.60679182]
 [ 0.8500026   0.59888518]
 [ 0.85382772  0.59215665]
 [ 0.85889715  0.58846985]
 [ 0.86210661  0.58246599]
 [ 0.86791492  0.57387504]
 [ 0.87167495  0.56879559]
 [ 0.87672035  0.56249803]
 [ 0.88019375  0.55593476]
 [ 0.88082837  0.55583275]
 [ 0.88673035  0.54813643]
 [ 0.88932493  0.54718194]
 [ 0.89058996  0.54081586]
 [ 0.89574322  0.53462615]
 [ 0.89658334  0.53269527]
 [ 0.8998092   0.52779837]
 [ 0.90275651  0.52469316]
 [ 0.9068235   0.51846552]
 [ 0.91222956  0.51502496]
 [ 0.91389394  0.50716497]
 [ 0.91751536  0.50202837]
 [ 0.91919464  0.49728359]
 [ 0.92105199  0.49445812]
 [ 0.92315422  0.49004565]
 [ 0.92935498  0.48180147]
 [ 0.93106388  0.47933057]
 [ 0.93360029  0.4756718 ]
 [ 0.93590714  0.46953964]
 [ 0.93883668  0.46398266]
 [ 0.94327924  0.46060982]
 [ 0.94473143  0.45426114]
 [ 0.94984129  0.45052232]
 [ 0.95043095  0.44368667]
 [ 0.95571624  0.43484808]
 [ 0.95668189  0.43221331]
 [ 0.95945547  0.4253016 ]
 [ 0.96530359  0.41578121]
 [ 0.96760213  0.41131112]
 [ 0.96973976  0.40836903]
 [ 0.97209972  0.40210952]
 [ 0.97668315  0.39246943]
 [ 0.97668315  0.39246943]
 [ 0.98259746  0.37888804]
 [ 0.98529998  0.37483897]
 [ 0.98820396  0.36898027]
 [ 0.99127276  0.36264013]
 [ 0.99480989  0.35551829]
 [ 0.99728641  0.3495545 ]
 [ 1.00054467  0.34100569]
 [ 1.0072779   0.33673508]
 [ 1.00738242  0.32502546]
 [ 1.01237374  0.31722432]
 [ 1.01333383  0.3090074 ]
 [ 1.01690723  0.30030485]
 [ 1.02517463  0.28745622]
 [ 1.02636882  0.2804234 ]
 [ 1.02682988  0.27493573]
 [ 1.03343638  0.2639049 ]
 [ 1.03530052  0.2538058 ]
 [ 1.03588918  0.25310121]
 [ 1.03783816  0.24599731]
 [ 1.04028322  0.23902629]
 [ 1.04277079  0.23233818]
 [ 1.04602531  0.22713654]
 [ 1.04748257  0.22692824]
 [ 1.0485425   0.2168194 ]
 [ 1.0494311   0.21512542]
 [ 1.05353824  0.20044834]
 [ 1.05387815  0.2001556 ]
 [ 1.06179281  0.1739385 ]
 [ 1.06604889  0.1613385 ]
 [ 1.06722083  0.15491023]
 [ 1.07001296  0.14640602]
 [ 1.07225438  0.13870912]
 [ 1.07398268  0.13121731]
 [ 1.07634537  0.1256665 ]
 [ 1.07805085  0.11580295]
 [ 1.08142625  0.10429606]
 [ 1.08262731  0.10190938]
 [ 1.08348052  0.09479624]
 [ 1.08605645  0.08987526]
 [ 1.08721962  0.08213768]
 [ 1.08896465  0.07453341]
 [ 1.09106811  0.0683673 ]
 [ 1.09161793  0.06206304]
 [ 1.09408695  0.0505131 ]
 [ 1.0943019   0.04980138]
 [ 1.09744054  0.0354637 ]
 [ 1.1011813   0.02532813]
 [ 1.10295087  0.01875426]
 [ 1.10300861  0.01109534]
 [ 1.10595474 -0.00162197]
 [ 1.10934616 -0.01429779]
 [ 1.10945708 -0.01800153]
 [ 1.1104893  -0.02741173]
 [ 1.11174199 -0.03435743]
 [ 1.11255183 -0.03821754]
 [ 1.11361723 -0.0450115 ]
 [ 1.11548602 -0.04724158]
 [ 1.11657493 -0.05693556]
 [ 1.1176734  -0.0660818 ]
 [ 1.11860936 -0.07233246]
 [ 1.12042504 -0.08023927]
 [ 1.12224459 -0.09448563]
 [ 1.12457045 -0.10367931]
 [ 1.12578902 -0.11223666]
 [ 1.1278986  -0.11797148]
 [ 1.1299956  -0.12295622]
 [ 1.13210684 -0.12359317]
 [ 1.13812089 -0.12650909]
 [ 1.14185015 -0.13694404]
 [ 1.14666533 -0.13754672]
 [ 1.15074675 -0.14198926]
 [ 1.16055197 -0.14492755]
 [ 1.17744004 -0.14591482]]",5,70
0.004298166496018099,0.0045928663444160965,0.021940537912179932,1.0,3.7568920859415265,3.7645552120219694,0.9979644006662542,2000,256,"[[9.99917789e-01 5.07810308e-01 4.86852430e-01 4.82063155e-01
  5.42701628e-01 5.40296937e-01]
 [9.99920459e-01 5.04195330e-01 5.31345147e-01 4.52501395e-01
  5.52082782e-01 5.07418319e-01]
 [9.97386610e-01 4.92213531e-01 5.22302257e-01 4.56528628e-01
  5.47214121e-01 4.73241081e-01]
 ...
 [1.58916258e-05 4.71727239e-01 5.37913225e-01 4.69691930e-01
  4.26168698e-01 4.44988394e-01]
 [1.58916258e-05 4.57313349e-01 5.45750802e-01 4.73645005e-01
  4.53580732e-01 3.87292906e-01]
 [1.58916258e-05 4.57313349e-01 5.37958121e-01 4.73645005e-01
  4.53580732e-01 3.74189746e-01]]","[[-0.14517337  1.10875639]
 [-0.14073058  1.10359378]
 [-0.13450051  1.10088041]
 [-0.13143666  1.09808449]
 [-0.12318024  1.09629801]
 [-0.11556036  1.09616721]
 [-0.10929133  1.0960092 ]
 [-0.09312374  1.09391016]
 [-0.08833632  1.09203794]
 [-0.07947105  1.09081426]
 [-0.06844378  1.0897973 ]
 [-0.05527923  1.0878768 ]
 [-0.05180156  1.08711888]
 [-0.03449568  1.08487995]
 [-0.03120296  1.08412413]
 [-0.02493066  1.08340707]
 [-0.01785692  1.08280993]
 [-0.0111929   1.0802374 ]
 [-0.00357152  1.07959706]
 [ 0.00649909  1.07765388]
 [ 0.00923668  1.07693575]
 [ 0.02118977  1.07471249]
 [ 0.02332281  1.07428514]
 [ 0.03141828  1.07298031]
 [ 0.0446335   1.07005978]
 [ 0.05766906  1.06765946]
 [ 0.05892285  1.06722932]
 [ 0.06764074  1.06721024]
 [ 0.07683961  1.06333324]
 [ 0.08820853  1.06080059]
 [ 0.09498871  1.05947522]
 [ 0.10181865  1.05758104]
 [ 0.10589934  1.05705444]
 [ 0.11753702  1.05348709]
 [ 0.12127164  1.05296126]
 [ 0.12598271  1.0516198 ]
 [ 0.1338242   1.05042751]
 [ 0.13474433  1.04938962]
 [ 0.14510766  1.04831119]
 [ 0.14899437  1.04720722]
 [ 0.15594877  1.04685081]
 [ 0.16012124  1.04293184]
 [ 0.16726157  1.04138842]
 [ 0.17428799  1.0394968 ]
 [ 0.18472821  1.03592283]
 [ 0.18671817  1.03508972]
 [ 0.19693015  1.03297968]
 [ 0.20081776  1.03104025]
 [ 0.20983245  1.02850197]
 [ 0.21570928  1.02640098]
 [ 0.22314663  1.02481775]
 [ 0.22703464  1.0231085 ]
 [ 0.23657666  1.02091011]
 [ 0.24312209  1.01749171]
 [ 0.25051558  1.0163825 ]
 [ 0.26171595  1.01131244]
 [ 0.26568085  1.01003103]
 [ 0.27865213  1.00642512]
 [ 0.28562531  1.0028605 ]
 [ 0.29230072  1.0006366 ]
 [ 0.29963269  0.99796762]
 [ 0.3075432   0.99492384]
 [ 0.30780589  0.99432997]
 [ 0.31659596  0.99254231]
 [ 0.32178202  0.98909695]
 [ 0.32933933  0.98686528]
 [ 0.3412756   0.98216984]
 [ 0.34785221  0.98019774]
 [ 0.3491078   0.97796725]
 [ 0.36312578  0.97194536]
 [ 0.37121155  0.96850318]
 [ 0.37689263  0.96619196]
 [ 0.38877055  0.96141547]
 [ 0.39345465  0.95862273]
 [ 0.40265983  0.9583185 ]
 [ 0.40656138  0.95356186]
 [ 0.41154883  0.95041182]
 [ 0.41746626  0.94797479]
 [ 0.42343133  0.9442583 ]
 [ 0.44076664  0.93728539]
 [ 0.44655684  0.93316223]
 [ 0.449556    0.93161344]
 [ 0.45745372  0.92806787]
 [ 0.46629092  0.92230365]
 [ 0.48141812  0.91547944]
 [ 0.48441931  0.91231996]
 [ 0.49495274  0.90901105]
 [ 0.49778929  0.90570081]
 [ 0.50697719  0.90087096]
 [ 0.50991935  0.89915425]
 [ 0.51770801  0.89318434]
 [ 0.51937079  0.89209577]
 [ 0.53021556  0.88566871]
 [ 0.53401618  0.88391914]
 [ 0.53872092  0.88067014]
 [ 0.54428734  0.87706471]
 [ 0.54546001  0.8767659 ]
 [ 0.55119033  0.87284177]
 [ 0.55282933  0.87150019]
 [ 0.55753668  0.86862827]
 [ 0.56651234  0.86346457]
 [ 0.57184722  0.85885957]
 [ 0.57783905  0.85482721]
 [ 0.58154866  0.85228035]
 [ 0.58829992  0.8476563 ]
 [ 0.59656664  0.84232332]
 [ 0.6005697   0.83920249]
 [ 0.60274375  0.83764345]
 [ 0.60870998  0.83310728]
 [ 0.61305426  0.83021053]
 [ 0.62748939  0.82197737]
 [ 0.63399136  0.81430607]
 [ 0.63743073  0.81173884]
 [ 0.64775087  0.80575921]
 [ 0.65086651  0.80151578]
 [ 0.65755573  0.79593209]
 [ 0.6657776   0.7910062 ]
 [ 0.67123182  0.78459105]
 [ 0.67719793  0.78050692]
 [ 0.68221489  0.77829726]
 [ 0.68727518  0.77701279]
 [ 0.69164138  0.76797588]
 [ 0.69733765  0.76296166]
 [ 0.70012364  0.75985164]
 [ 0.70513493  0.75545334]
 [ 0.71602728  0.74567175]
 [ 0.72080833  0.7409501 ]
 [ 0.72618817  0.73657634]
 [ 0.72658328  0.73546363]
 [ 0.73665588  0.72636199]
 [ 0.74317367  0.72295389]
 [ 0.74653197  0.71636473]
 [ 0.74689412  0.71570745]
 [ 0.75841789  0.70645314]
 [ 0.75843701  0.70513699]
 [ 0.76683262  0.69554172]
 [ 0.77237054  0.69009434]
 [ 0.7764566   0.68560812]
 [ 0.78137176  0.68013994]
 [ 0.78754213  0.67616512]
 [ 0.79064057  0.67090891]
 [ 0.79541893  0.66408162]
 [ 0.80048066  0.66056778]
 [ 0.80609257  0.65223379]
 [ 0.80828777  0.64987896]
 [ 0.81247069  0.64439228]
 [ 0.81800715  0.63849411]
 [ 0.82530286  0.63070787]
 [ 0.82565075  0.63027911]
 [ 0.83256862  0.62075798]
 [ 0.83912195  0.61381126]
 [ 0.8461931   0.60269948]
 [ 0.85238648  0.59620715]
 [ 0.85390884  0.59228464]
 [ 0.85738652  0.58791507]
 [ 0.86216932  0.5834453 ]
 [ 0.86354033  0.58264603]
 [ 0.8666863   0.57671039]
 [ 0.86914703  0.57280609]
 [ 0.87431943  0.56639054]
 [ 0.87863831  0.55894817]
 [ 0.8820276   0.55363509]
 [ 0.88384058  0.55213421]
 [ 0.88657421  0.54768594]
 [ 0.88881338  0.5440161 ]
 [ 0.89363366  0.53715656]
 [ 0.90194436  0.53310587]
 [ 0.90437995  0.52187143]
 [ 0.90441662  0.51961639]
 [ 0.90760103  0.51404881]
 [ 0.90860107  0.51326014]
 [ 0.91309872  0.50655761]
 [ 0.91606805  0.50320322]
 [ 0.9196518   0.4988482 ]
 [ 0.92129835  0.49179654]
 [ 0.9247978   0.4858617 ]
 [ 0.92857023  0.47978703]
 [ 0.93303642  0.47133277]
 [ 0.9380385   0.46298772]
 [ 0.94091498  0.46020487]
 [ 0.9433306   0.45455678]
 [ 0.94743097  0.44608507]
 [ 0.94970787  0.44367503]
 [ 0.95216406  0.43960499]
 [ 0.95454684  0.43255586]
 [ 0.95864915  0.42781496]
 [ 0.9606518   0.42245359]
 [ 0.96260778  0.41870604]
 [ 0.96545947  0.41263974]
 [ 0.97066294  0.40090449]
 [ 0.97207807  0.39809813]
 [ 0.97488716  0.3947866 ]
 [ 0.97750653  0.38538966]
 [ 0.98145401  0.37966535]
 [ 0.98493759  0.37351596]
 [ 0.98624627  0.36670334]
 [ 0.98966517  0.36141631]
 [ 0.99035148  0.35761868]
 [ 0.99302434  0.35311576]
 [ 0.99709137  0.34281851]
 [ 1.00199635  0.33253858]
 [ 1.00579037  0.32565712]
 [ 1.00606002  0.31990104]
 [ 1.00858034  0.31339362]
 [ 1.01185625  0.3059741 ]
 [ 1.01607385  0.29570766]
 [ 1.01931024  0.28923006]
 [ 1.02204388  0.27843413]
 [ 1.02558159  0.27241204]
 [ 1.02915176  0.26348814]
 [ 1.03419643  0.24356476]
 [ 1.03672778  0.23949627]
 [ 1.03818976  0.23367175]
 [ 1.04200073  0.21901478]
 [ 1.04526072  0.21348987]
 [ 1.04626431  0.20484424]
 [ 1.05016083  0.19151209]
 [ 1.05271571  0.18566285]
 [ 1.0542114   0.17966353]
 [ 1.05818788  0.1630699 ]
 [ 1.05909122  0.15927611]
 [ 1.06107007  0.15547154]
 [ 1.06148795  0.14883387]
 [ 1.06601025  0.13196114]
 [ 1.06821334  0.12408471]
 [ 1.0701966   0.11771905]
 [ 1.07270696  0.1015934 ]
 [ 1.07512143  0.09437188]
 [ 1.07584356  0.0866438 ]
 [ 1.07718831  0.07871221]
 [ 1.08120513  0.06449628]
 [ 1.08283222  0.0616524 ]
 [ 1.08314891  0.04788695]
 [ 1.08632053  0.03195929]
 [ 1.08815151  0.02367509]
 [ 1.08832357  0.02224975]
 [ 1.08890755  0.01288277]
 [ 1.09051208  0.00579537]
 [ 1.09196464 -0.0026959 ]
 [ 1.09383413 -0.01687419]
 [ 1.09595046 -0.02440109]
 [ 1.09619587 -0.03791252]
 [ 1.097035   -0.04529541]
 [ 1.09746896 -0.05614375]
 [ 1.09923328 -0.06427054]
 [ 1.09935048 -0.07514578]
 [ 1.10099234 -0.082483  ]
 [ 1.10107039 -0.09567956]
 [ 1.10118265 -0.09616081]
 [ 1.10266227 -0.10411936]
 [ 1.10582975 -0.10589209]
 [ 1.1085151  -0.11398841]
 [ 1.11076874 -0.11667112]
 [ 1.12209742 -0.119633  ]
 [ 1.12810307 -0.12305965]
 [ 1.13026126 -0.1233573 ]]",6,70
0.00799534111960611,0.00646702073625583,0.040464183830268695,0.951,3.754460536746836,3.7645552120219694,0.9973184945610856,2000,256,"[[9.99956015e-01 3.62368419e-01 4.98806659e-01 6.12832749e-01
  5.13061006e-01 5.92835484e-01]
 [9.99956015e-01 3.62368419e-01 4.99128949e-01 5.96054045e-01
  5.13061006e-01 5.83945192e-01]
 [9.99956015e-01 4.64120815e-01 4.99128949e-01 5.95945842e-01
  4.48010236e-01 5.75504800e-01]
 ...
 [6.24239481e-06 5.11372311e-01 5.32229643e-01 5.29333525e-01
  5.35217679e-01 5.49259618e-01]
 [6.24239481e-06 5.10711838e-01 5.26352441e-01 5.25380454e-01
  5.80382539e-01 5.84671819e-01]
 [6.24239481e-06 5.10711838e-01 5.34145129e-01 5.25380454e-01
  5.80382539e-01 5.97774788e-01]]","[[-2.94734492e-02  1.14027868e+00]
 [-2.94433754e-02  1.13606672e+00]
 [-2.91308555e-02  1.12401828e+00]
 [-2.76580570e-02  1.11090430e+00]
 [-2.36932697e-02  1.10325775e+00]
 [-1.33644601e-02  1.09953994e+00]
 [-8.45730993e-05  1.09645496e+00]
 [ 7.68087570e-03  1.09487572e+00]
 [ 9.75248510e-03  1.09312258e+00]
 [ 2.30639833e-02  1.09292201e+00]
 [ 2.97929054e-02  1.08775129e+00]
 [ 3.90795323e-02  1.08546003e+00]
 [ 5.02831256e-02  1.08255055e+00]
 [ 5.06598001e-02  1.08183571e+00]
 [ 6.10101275e-02  1.08106570e+00]
 [ 7.02445501e-02  1.07909672e+00]
 [ 7.57900283e-02  1.07558793e+00]
 [ 8.75405898e-02  1.07520261e+00]
 [ 8.95186208e-02  1.07181405e+00]
 [ 1.02181290e-01  1.06874418e+00]
 [ 1.10548290e-01  1.06617610e+00]
 [ 1.17008829e-01  1.06448836e+00]
 [ 1.33057355e-01  1.06073882e+00]
 [ 1.38341703e-01  1.05876899e+00]
 [ 1.45840821e-01  1.05735503e+00]
 [ 1.50654527e-01  1.05561125e+00]
 [ 1.60901577e-01  1.05290462e+00]
 [ 1.71316550e-01  1.04987952e+00]
 [ 1.82363590e-01  1.04760500e+00]
 [ 1.90092602e-01  1.04522260e+00]
 [ 1.94606663e-01  1.04485753e+00]
 [ 2.02682151e-01  1.04197177e+00]
 [ 2.03145527e-01  1.04119629e+00]
 [ 2.12056775e-01  1.03882731e+00]
 [ 2.12158928e-01  1.03832266e+00]
 [ 2.32157514e-01  1.03308840e+00]
 [ 2.38311337e-01  1.03139636e+00]
 [ 2.45977298e-01  1.02839364e+00]
 [ 2.51001384e-01  1.02797370e+00]
 [ 2.55888449e-01  1.02569505e+00]
 [ 2.66437921e-01  1.02247707e+00]
 [ 2.70994277e-01  1.02145746e+00]
 [ 2.80456552e-01  1.01814334e+00]
 [ 2.89338863e-01  1.01439107e+00]
 [ 2.99940094e-01  1.01145418e+00]
 [ 3.10360947e-01  1.01055594e+00]
 [ 3.15116579e-01  1.00586792e+00]
 [ 3.28862564e-01  1.00326492e+00]
 [ 3.34654452e-01  9.99005003e-01]
 [ 3.41316335e-01  9.96255509e-01]
 [ 3.50324336e-01  9.93623343e-01]
 [ 3.54379412e-01  9.92016739e-01]
 [ 3.61810090e-01  9.88878160e-01]
 [ 3.75301361e-01  9.83120079e-01]
 [ 3.81552985e-01  9.81788754e-01]
 [ 3.84341266e-01  9.79190799e-01]
 [ 3.88976659e-01  9.77524095e-01]
 [ 4.02484469e-01  9.71840538e-01]
 [ 4.14914883e-01  9.67765556e-01]
 [ 4.20409707e-01  9.65159499e-01]
 [ 4.31394929e-01  9.63680417e-01]
 [ 4.31798765e-01  9.60600886e-01]
 [ 4.38943061e-01  9.56350141e-01]
 [ 4.53042954e-01  9.50268502e-01]
 [ 4.58272589e-01  9.47614143e-01]
 [ 4.69501912e-01  9.43574509e-01]
 [ 4.74353928e-01  9.41688836e-01]
 [ 4.85948167e-01  9.39445453e-01]
 [ 4.96102681e-01  9.33422314e-01]
 [ 4.99787705e-01  9.28598865e-01]
 [ 5.06537045e-01  9.27340761e-01]
 [ 5.11218734e-01  9.23559296e-01]
 [ 5.19491761e-01  9.21482256e-01]
 [ 5.25259658e-01  9.16360264e-01]
 [ 5.37104076e-01  9.12577504e-01]
 [ 5.42766037e-01  9.11999815e-01]
 [ 5.46462721e-01  9.10660835e-01]
 [ 5.51267902e-01  9.04693903e-01]
 [ 5.56984768e-01  8.99652702e-01]
 [ 5.57069847e-01  8.99472073e-01]
 [ 5.66472805e-01  8.95986333e-01]
 [ 5.74479512e-01  8.89864454e-01]
 [ 5.80059805e-01  8.86237622e-01]
 [ 5.92626142e-01  8.79098745e-01]
 [ 5.98852059e-01  8.76076972e-01]
 [ 6.06667348e-01  8.71004938e-01]
 [ 6.13850360e-01  8.65152709e-01]
 [ 6.16997988e-01  8.62210925e-01]
 [ 6.21548157e-01  8.59912455e-01]
 [ 6.29316049e-01  8.53278556e-01]
 [ 6.35261740e-01  8.49738997e-01]
 [ 6.39276158e-01  8.45294396e-01]
 [ 6.42214991e-01  8.44585182e-01]
 [ 6.50314165e-01  8.38738067e-01]
 [ 6.51490751e-01  8.38371199e-01]
 [ 6.59690554e-01  8.36825904e-01]
 [ 6.68726148e-01  8.28659002e-01]
 [ 6.70733729e-01  8.19270326e-01]
 [ 6.75131792e-01  8.15241920e-01]
 [ 6.86562273e-01  8.06609393e-01]
 [ 6.90752657e-01  8.00107435e-01]
 [ 6.99296058e-01  7.94583413e-01]
 [ 7.04059612e-01  7.87384325e-01]
 [ 7.11534980e-01  7.80315063e-01]
 [ 7.14400278e-01  7.76541804e-01]
 [ 7.21771614e-01  7.69632654e-01]
 [ 7.26087252e-01  7.65768470e-01]
 [ 7.32016515e-01  7.58120646e-01]
 [ 7.34981323e-01  7.56883445e-01]
 [ 7.36604296e-01  7.51898544e-01]
 [ 7.46020278e-01  7.45243769e-01]
 [ 7.51165163e-01  7.36903362e-01]
 [ 7.53622695e-01  7.34396172e-01]
 [ 7.59891755e-01  7.26096964e-01]
 [ 7.64828759e-01  7.19772596e-01]
 [ 7.71324448e-01  7.13526476e-01]
 [ 7.72016950e-01  7.13020131e-01]
 [ 7.81337717e-01  7.06783681e-01]
 [ 7.84563204e-01  7.00973784e-01]
 [ 7.90403155e-01  6.94991295e-01]
 [ 7.95723590e-01  6.88564923e-01]
 [ 8.04318930e-01  6.78590824e-01]
 [ 8.09896657e-01  6.73436643e-01]
 [ 8.15711018e-01  6.71573982e-01]
 [ 8.16373190e-01  6.66928676e-01]
 [ 8.22212229e-01  6.61908471e-01]
 [ 8.25269505e-01  6.59384708e-01]
 [ 8.31300932e-01  6.52596213e-01]
 [ 8.35162620e-01  6.47973334e-01]
 [ 8.45112688e-01  6.46100247e-01]
 [ 8.47693791e-01  6.44660652e-01]
 [ 8.48306898e-01  6.33449056e-01]
 [ 8.55202623e-01  6.28413587e-01]
 [ 8.60932047e-01  6.21206475e-01]
 [ 8.66145590e-01  6.16767004e-01]
 [ 8.69345337e-01  6.14331166e-01]
 [ 8.73015944e-01  6.07895047e-01]
 [ 8.80109093e-01  6.00707669e-01]
 [ 8.86773260e-01  5.96340138e-01]
 [ 8.90520534e-01  5.96195178e-01]
 [ 8.94971353e-01  5.85462426e-01]
 [ 9.03277927e-01  5.78614982e-01]
 [ 9.06626974e-01  5.74778749e-01]
 [ 9.13526818e-01  5.69999429e-01]
 [ 9.13701939e-01  5.65827370e-01]
 [ 9.19498379e-01  5.61284186e-01]
 [ 9.23535533e-01  5.57148882e-01]
 [ 9.24000166e-01  5.54027915e-01]
 [ 9.33023493e-01  5.44626747e-01]
 [ 9.38505614e-01  5.36954826e-01]
 [ 9.41561751e-01  5.33497256e-01]
 [ 9.48405055e-01  5.28082555e-01]
 [ 9.55561251e-01  5.20668896e-01]
 [ 9.66453069e-01  5.16011380e-01]
 [ 9.67097002e-01  5.08288436e-01]
 [ 9.71567617e-01  5.05858457e-01]
 [ 9.73212574e-01  4.99012291e-01]
 [ 9.73824386e-01  4.96100550e-01]
 [ 9.81242605e-01  4.91790983e-01]
 [ 9.84968405e-01  4.83801796e-01]
 [ 9.90880612e-01  4.79528797e-01]
 [ 9.97781949e-01  4.71378270e-01]
 [ 9.99941981e-01  4.64850320e-01]
 [ 1.00888151e+00  4.59823602e-01]
 [ 1.01105956e+00  4.52562118e-01]
 [ 1.01496320e+00  4.46853787e-01]
 [ 1.02342695e+00  4.36168160e-01]
 [ 1.02628140e+00  4.35181137e-01]
 [ 1.02704632e+00  4.26905855e-01]
 [ 1.03367680e+00  4.17286400e-01]
 [ 1.03719696e+00  4.11560553e-01]
 [ 1.04359687e+00  4.09196892e-01]
 [ 1.04549499e+00  3.98451675e-01]
 [ 1.04806718e+00  3.97086562e-01]
 [ 1.05433494e+00  3.85455845e-01]
 [ 1.05963772e+00  3.76683111e-01]
 [ 1.06248478e+00  3.72238810e-01]
 [ 1.06679396e+00  3.72001393e-01]
 [ 1.06743903e+00  3.61291254e-01]
 [ 1.07220496e+00  3.58574368e-01]
 [ 1.07356136e+00  3.51685326e-01]
 [ 1.07655869e+00  3.44781030e-01]
 [ 1.07808382e+00  3.42673869e-01]
 [ 1.08341185e+00  3.33387793e-01]
 [ 1.09120100e+00  3.17761925e-01]
 [ 1.09451833e+00  3.08839726e-01]
 [ 1.10161792e+00  2.97946912e-01]
 [ 1.10206436e+00  2.92791919e-01]
 [ 1.10376984e+00  2.88622491e-01]
 [ 1.10800468e+00  2.82103389e-01]
 [ 1.11060659e+00  2.77017866e-01]
 [ 1.11216545e+00  2.70444019e-01]
 [ 1.11387903e+00  2.66896631e-01]
 [ 1.11730832e+00  2.60516779e-01]
 [ 1.12061231e+00  2.55015784e-01]
 [ 1.12312477e+00  2.49371337e-01]
 [ 1.12608904e+00  2.45744713e-01]
 [ 1.12997351e+00  2.33371682e-01]
 [ 1.13537906e+00  2.21908094e-01]
 [ 1.13880176e+00  2.18510730e-01]
 [ 1.13943851e+00  2.13965945e-01]
 [ 1.14129449e+00  2.09868723e-01]
 [ 1.14686158e+00  2.00282540e-01]
 [ 1.14972036e+00  1.97534877e-01]
 [ 1.15149806e+00  1.90956031e-01]
 [ 1.15995408e+00  1.77241974e-01]
 [ 1.16458702e+00  1.75728396e-01]
 [ 1.16578006e+00  1.64245379e-01]
 [ 1.17038377e+00  1.55595985e-01]
 [ 1.17295558e+00  1.50821202e-01]
 [ 1.17549738e+00  1.47065298e-01]
 [ 1.18097116e+00  1.38575910e-01]
 [ 1.19286478e+00  1.16679269e-01]
 [ 1.20072275e+00  1.06741138e-01]
 [ 1.20698840e+00  9.36573522e-02]
 [ 1.21244456e+00  8.46563068e-02]
 [ 1.21612124e+00  7.78155201e-02]
 [ 1.21875074e+00  7.47101735e-02]
 [ 1.22400199e+00  6.82698237e-02]
 [ 1.22921440e+00  5.92056968e-02]
 [ 1.23306577e+00  5.21310169e-02]
 [ 1.23629852e+00  4.80723779e-02]
 [ 1.24069098e+00  4.45479009e-02]
 [ 1.24682697e+00  3.25947751e-02]
 [ 1.24884041e+00  2.69295755e-02]
 [ 1.25585880e+00  1.94671380e-02]
 [ 1.25901852e+00  1.16382174e-02]
 [ 1.26389943e+00  5.57388793e-03]
 [ 1.26823408e+00 -2.54195929e-03]
 [ 1.27483651e+00 -7.88553073e-03]
 [ 1.28055982e+00 -1.68812588e-02]
 [ 1.28285490e+00 -2.18767396e-02]
 [ 1.28535280e+00 -2.96179986e-02]
 [ 1.28760121e+00 -3.45187319e-02]
 [ 1.29431295e+00 -3.86288317e-02]
 [ 1.29680559e+00 -4.51923787e-02]
 [ 1.29812619e+00 -4.85814948e-02]
 [ 1.30264769e+00 -5.41692618e-02]
 [ 1.30793036e+00 -6.05590538e-02]
 [ 1.31271837e+00 -7.33907583e-02]
 [ 1.31963745e+00 -8.47433133e-02]
 [ 1.32208615e+00 -8.66662140e-02]
 [ 1.32743259e+00 -9.75395760e-02]
 [ 1.32990802e+00 -1.01687895e-01]
 [ 1.33504745e+00 -1.06469260e-01]
 [ 1.34165812e+00 -1.17659959e-01]
 [ 1.34584089e+00 -1.26974640e-01]
 [ 1.34723351e+00 -1.28894764e-01]
 [ 1.35275395e+00 -1.35160764e-01]
 [ 1.36864092e+00 -1.46096856e-01]
 [ 1.37419049e+00 -1.50029945e-01]
 [ 1.37639982e+00 -1.52390331e-01]
 [ 1.38638465e+00 -1.54536393e-01]
 [ 1.38733615e+00 -1.54658638e-01]
 [ 1.40017896e+00 -1.56320675e-01]
 [ 1.40474300e+00 -1.56436579e-01]]",7,70
0.009672358687358747,0.008420445876569772,0.02020255836589878,0.9815,3.7503615952796316,3.7645552120219694,0.9962296696571198,2000,256,"[[9.99840510e-01 5.60239423e-01 4.58284549e-01 4.31274912e-01
  5.46827345e-01 5.67432937e-01]
 [9.99840510e-01 5.60239423e-01 4.59051664e-01 4.34220950e-01
  5.07255746e-01 5.67432937e-01]
 [9.99840510e-01 5.60239423e-01 5.15489204e-01 4.35227988e-01
  5.20297372e-01 5.67432937e-01]
 ...
 [7.90013900e-04 5.60686412e-01 5.59292045e-01 5.53857788e-01
  4.59477907e-01 5.70470318e-01]
 [1.88150188e-05 5.73262060e-01 4.72917937e-01 5.22287182e-01
  4.59646356e-01 5.47840613e-01]
 [1.88150188e-05 5.75163472e-01 5.10160415e-01 4.68086980e-01
  4.58995841e-01 5.47580414e-01]]","[[-0.08327815  1.19473275]
 [-0.08314193  1.19349514]
 [-0.08240963  1.18397002]
 [-0.07847835  1.17892285]
 [-0.07700129  1.17297149]
 [-0.07145611  1.16755966]
 [-0.06747802  1.16543451]
 [-0.05963993  1.16491773]
 [-0.05342686  1.16188742]
 [-0.04480461  1.15933935]
 [-0.0338065   1.15639804]
 [-0.02485828  1.15540156]
 [-0.01495389  1.15201622]
 [-0.00812548  1.15087528]
 [-0.00340777  1.148859  ]
 [ 0.01193753  1.14564583]
 [ 0.01898386  1.14355018]
 [ 0.03026133  1.14191169]
 [ 0.03624365  1.1396063 ]
 [ 0.04415356  1.13686875]
 [ 0.05337168  1.13506614]
 [ 0.05853662  1.13445575]
 [ 0.06831589  1.13189303]
 [ 0.08753908  1.12819327]
 [ 0.09246915  1.12522716]
 [ 0.0996441   1.12312147]
 [ 0.10817258  1.12228923]
 [ 0.11937858  1.11950575]
 [ 0.12583796  1.11714338]
 [ 0.13019558  1.11626609]
 [ 0.14002007  1.11361011]
 [ 0.14877226  1.11298869]
 [ 0.15606189  1.10877359]
 [ 0.15892177  1.10692559]
 [ 0.16751676  1.1050038 ]
 [ 0.16907211  1.10451708]
 [ 0.17829375  1.10255534]
 [ 0.18956633  1.09790477]
 [ 0.19604702  1.09717815]
 [ 0.19952669  1.0967866 ]
 [ 0.21196407  1.09070208]
 [ 0.22378144  1.08676704]
 [ 0.22475002  1.08675455]
 [ 0.23261738  1.08446977]
 [ 0.23282895  1.0826789 ]
 [ 0.24284511  1.08012694]
 [ 0.25133557  1.0782708 ]
 [ 0.26382818  1.07221074]
 [ 0.26862205  1.07049471]
 [ 0.27418482  1.06828868]
 [ 0.28368221  1.06231328]
 [ 0.29027027  1.06053309]
 [ 0.30193435  1.05414843]
 [ 0.302501    1.05383649]
 [ 0.31300311  1.05040972]
 [ 0.31497611  1.04837263]
 [ 0.32125215  1.04698878]
 [ 0.32740593  1.04346334]
 [ 0.33443736  1.04071969]
 [ 0.34446946  1.03860664]
 [ 0.34458792  1.03831561]
 [ 0.35726389  1.02986374]
 [ 0.36423214  1.02455626]
 [ 0.37403924  1.02060951]
 [ 0.38025205  1.01813143]
 [ 0.38411743  1.01480786]
 [ 0.39112248  1.01334501]
 [ 0.39831518  1.00707789]
 [ 0.39840462  1.00705154]
 [ 0.40618002  1.00324082]
 [ 0.41649441  1.00034104]
 [ 0.4190044   0.99719278]
 [ 0.42678483  0.99220919]
 [ 0.43299087  0.99033742]
 [ 0.44182965  0.98489246]
 [ 0.44891544  0.98241806]
 [ 0.45883221  0.97791278]
 [ 0.46714425  0.97354142]
 [ 0.4759163   0.96892119]
 [ 0.4815144   0.96402217]
 [ 0.48952144  0.96260958]
 [ 0.49415949  0.95756793]
 [ 0.50173389  0.95455697]
 [ 0.50402737  0.95174758]
 [ 0.51201767  0.9517067 ]
 [ 0.51634406  0.9454827 ]
 [ 0.52494597  0.93995836]
 [ 0.52603385  0.93967979]
 [ 0.5332425   0.93685011]
 [ 0.53923185  0.93593437]
 [ 0.54044037  0.93107931]
 [ 0.54988126  0.92699636]
 [ 0.55977067  0.92201556]
 [ 0.564876    0.91871508]
 [ 0.57123759  0.91533365]
 [ 0.5727172   0.91138141]
 [ 0.58057416  0.90921853]
 [ 0.59078008  0.90334992]
 [ 0.59852614  0.89519917]
 [ 0.60291028  0.89014082]
 [ 0.60901165  0.88629168]
 [ 0.61897826  0.88532738]
 [ 0.61954574  0.87937089]
 [ 0.62807771  0.87532259]
 [ 0.6316701   0.86949729]
 [ 0.63694452  0.86529999]
 [ 0.64822032  0.86006701]
 [ 0.65377411  0.85653803]
 [ 0.65694584  0.85469168]
 [ 0.65780625  0.84825956]
 [ 0.66466495  0.84726028]
 [ 0.66648411  0.84163478]
 [ 0.67048738  0.83754717]
 [ 0.67391593  0.83606984]
 [ 0.68059197  0.83305616]
 [ 0.68226363  0.82534241]
 [ 0.68817943  0.82218624]
 [ 0.69637837  0.81869952]
 [ 0.6973767   0.81129596]
 [ 0.70617337  0.80566745]
 [ 0.70942618  0.80088769]
 [ 0.71444852  0.79597297]
 [ 0.71923314  0.78998984]
 [ 0.72433856  0.78759439]
 [ 0.72779802  0.77907795]
 [ 0.72956359  0.77866272]
 [ 0.73491772  0.773122  ]
 [ 0.73758516  0.76886779]
 [ 0.74536015  0.7673129 ]
 [ 0.74656587  0.75914357]
 [ 0.7469135   0.75674992]
 [ 0.7555215   0.75391856]
 [ 0.75560091  0.74782483]
 [ 0.76130089  0.73960616]
 [ 0.76711842  0.73332101]
 [ 0.77310883  0.72889689]
 [ 0.77494584  0.72118247]
 [ 0.7802903   0.71574587]
 [ 0.78350703  0.71173215]
 [ 0.78823698  0.70249396]
 [ 0.79290789  0.69922375]
 [ 0.79587754  0.69147173]
 [ 0.79890533  0.68707491]
 [ 0.8022826   0.68502951]
 [ 0.80745336  0.6766964 ]
 [ 0.81110183  0.67192198]
 [ 0.81434304  0.66697108]
 [ 0.81735379  0.66299711]
 [ 0.81906803  0.65897459]
 [ 0.82295704  0.655292  ]
 [ 0.82421232  0.65098176]
 [ 0.82844156  0.64354668]
 [ 0.83828028  0.62757258]
 [ 0.84535422  0.62526628]
 [ 0.84849699  0.60881512]
 [ 0.85559115  0.5986502 ]
 [ 0.86336888  0.5894381 ]
 [ 0.86341258  0.58821125]
 [ 0.86453872  0.57893736]
 [ 0.87164461  0.5691691 ]
 [ 0.87521348  0.56455728]
 [ 0.87776295  0.56231387]
 [ 0.8804655   0.55672771]
 [ 0.88191543  0.54672004]
 [ 0.88551914  0.54313607]
 [ 0.8897562   0.54300831]
 [ 0.89003939  0.5344393 ]
 [ 0.89188667  0.52831851]
 [ 0.89758514  0.52019445]
 [ 0.89974008  0.51407018]
 [ 0.90480272  0.50313205]
 [ 0.90988276  0.50078   ]
 [ 0.91230646  0.49118417]
 [ 0.91367463  0.48906878]
 [ 0.9180824   0.48469118]
 [ 0.91975498  0.4753635 ]
 [ 0.92415618  0.47048889]
 [ 0.92809128  0.46406068]
 [ 0.93120264  0.45646809]
 [ 0.93405323  0.45124469]
 [ 0.9377544   0.44674064]
 [ 0.94071344  0.43448547]
 [ 0.94120975  0.43395059]
 [ 0.95098005  0.41936966]
 [ 0.95895938  0.40490783]
 [ 0.96352448  0.39658071]
 [ 0.9666934   0.38987622]
 [ 0.97032281  0.38332093]
 [ 0.97215327  0.38130022]
 [ 0.97325044  0.37380512]
 [ 0.97692649  0.36410851]
 [ 0.98006545  0.3594875 ]
 [ 0.98437226  0.35063197]
 [ 0.98437226  0.35063197]
 [ 0.99028629  0.33960062]
 [ 0.99421627  0.3371195 ]
 [ 0.99871404  0.32669247]
 [ 1.00051887  0.32021208]
 [ 1.00348844  0.31461818]
 [ 1.00796254  0.30607919]
 [ 1.00974647  0.30437   ]
 [ 1.01368918  0.28991939]
 [ 1.01569692  0.2868548 ]
 [ 1.01870104  0.2801746 ]
 [ 1.02167154  0.27301826]
 [ 1.02482019  0.26668056]
 [ 1.02875146  0.25751164]
 [ 1.0326932   0.24972228]
 [ 1.03640051  0.24140249]
 [ 1.03764801  0.24105528]
 [ 1.04064005  0.23192974]
 [ 1.0461496   0.21949131]
 [ 1.04976791  0.21482408]
 [ 1.05184808  0.20632208]
 [ 1.05857586  0.19422297]
 [ 1.06026259  0.18640515]
 [ 1.06385954  0.17926031]
 [ 1.06444293  0.17637959]
 [ 1.06701978  0.17100577]
 [ 1.07419867  0.16670223]
 [ 1.0742664   0.15562526]
 [ 1.07613372  0.15556093]
 [ 1.07786375  0.14401028]
 [ 1.08151119  0.14283393]
 [ 1.08485931  0.1334825 ]
 [ 1.08635135  0.12349293]
 [ 1.09215742  0.10935158]
 [ 1.09758181  0.09584779]
 [ 1.09984058  0.09127821]
 [ 1.10493439  0.08564983]
 [ 1.10626173  0.0727964 ]
 [ 1.10970227  0.07004596]
 [ 1.11032164  0.06247528]
 [ 1.11255437  0.05826518]
 [ 1.11536409  0.04999311]
 [ 1.1173874   0.0444325 ]
 [ 1.12147109  0.03753856]
 [ 1.12158474  0.0367258 ]
 [ 1.12508649  0.02693635]
 [ 1.12822607  0.02015499]
 [ 1.13230196  0.00941173]
 [ 1.13350482  0.00630502]
 [ 1.13858033 -0.00767882]
 [ 1.14018515 -0.00839365]
 [ 1.14214237 -0.01674494]
 [ 1.14398365 -0.02003068]
 [ 1.1490163  -0.03177077]
 [ 1.15253964 -0.03677707]
 [ 1.15523588 -0.04763489]
 [ 1.15790245 -0.05355322]
 [ 1.16094782 -0.06101621]
 [ 1.16357123 -0.06759285]
 [ 1.16727989 -0.07068081]
 [ 1.1689594  -0.07812914]
 [ 1.17596716 -0.08355959]
 [ 1.18024037 -0.08533451]]",8,70
0.010037108562130581,0.013470846801834907,0.09241165598662456,0.615,3.750045476540352,3.7645552120219694,0.9961456972562716,2000,256,"[[9.99137787e-01 4.41824110e-01 4.38917237e-01 4.73261990e-01
  5.78689654e-01 5.30090393e-01]
 [9.99137787e-01 4.41824110e-01 4.38917237e-01 4.73261990e-01
  5.78689654e-01 5.63390879e-01]
 [9.96367739e-01 4.87380481e-01 4.36783238e-01 4.62291181e-01
  5.78689654e-01 5.65194068e-01]
 ...
 [3.52878605e-04 5.42988079e-01 5.26219045e-01 5.34001249e-01
  5.10885559e-01 5.15511953e-01]
 [9.03204540e-06 5.32462510e-01 4.65224600e-01 5.33112162e-01
  4.79606167e-01 4.84999047e-01]
 [3.52878605e-04 4.90403788e-01 4.45968115e-01 5.70323934e-01
  4.44730010e-01 4.80056700e-01]]","[[-0.0518671   1.1896727 ]
 [-0.04999264  1.18444499]
 [-0.04303099  1.17886533]
 [-0.04303099  1.17886533]
 [-0.04246656  1.16818633]
 [-0.03963866  1.16350127]
 [-0.03621743  1.16105883]
 [-0.02951173  1.15310956]
 [-0.02499364  1.15265212]
 [-0.02285271  1.14866525]
 [-0.01509526  1.14543075]
 [-0.0102199   1.14357508]
 [-0.00546608  1.14050083]
 [ 0.00201679  1.13639816]
 [ 0.00711041  1.13479707]
 [ 0.00870532  1.13288544]
 [ 0.0140999   1.13015654]
 [ 0.01813629  1.12790489]
 [ 0.02369502  1.12501529]
 [ 0.03135881  1.12063656]
 [ 0.03925797  1.11628703]
 [ 0.04784817  1.11246171]
 [ 0.05273624  1.1117142 ]
 [ 0.05688321  1.10901634]
 [ 0.06311728  1.10739388]
 [ 0.06885288  1.10445961]
 [ 0.06998949  1.10179145]
 [ 0.08050557  1.09741769]
 [ 0.08588213  1.09512911]
 [ 0.08783601  1.09502304]
 [ 0.09344486  1.09277046]
 [ 0.09941211  1.09029226]
 [ 0.10197423  1.08805321]
 [ 0.10790368  1.08671779]
 [ 0.11381447  1.08533652]
 [ 0.11674179  1.08272862]
 [ 0.12135788  1.08063103]
 [ 0.12961497  1.0770562 ]
 [ 0.13542914  1.07420922]
 [ 0.15378049  1.06973954]
 [ 0.16187124  1.06516726]
 [ 0.16768964  1.06216809]
 [ 0.17391014  1.05972173]
 [ 0.17960137  1.05826175]
 [ 0.18546477  1.05521691]
 [ 0.19078781  1.05406559]
 [ 0.19783094  1.051712  ]
 [ 0.20340463  1.05119682]
 [ 0.20428167  1.04696042]
 [ 0.20661251  1.04551172]
 [ 0.21535517  1.04177802]
 [ 0.22191423  1.04032881]
 [ 0.22318014  1.04011962]
 [ 0.22937207  1.03603341]
 [ 0.2374015   1.03550073]
 [ 0.23839175  1.03494138]
 [ 0.24268099  1.03163112]
 [ 0.24661348  1.0294564 ]
 [ 0.2588235   1.02776805]
 [ 0.26169092  1.02329992]
 [ 0.26649677  1.02119567]
 [ 0.27710792  1.01780794]
 [ 0.28006214  1.01587728]
 [ 0.29097314  1.01057312]
 [ 0.29925588  1.00957294]
 [ 0.30003145  1.00688884]
 [ 0.30959627  1.00566475]
 [ 0.31333911  1.0019141 ]
 [ 0.31957314  0.99967978]
 [ 0.32509279  0.9985354 ]
 [ 0.33744113  0.99554854]
 [ 0.34716698  0.99205304]
 [ 0.34918575  0.99128916]
 [ 0.35504042  0.98850124]
 [ 0.36598731  0.98512997]
 [ 0.37176739  0.98374072]
 [ 0.38147913  0.98166355]
 [ 0.38247757  0.98045038]
 [ 0.39216651  0.97827026]
 [ 0.3985147   0.97779586]
 [ 0.40306617  0.97545011]
 [ 0.40937112  0.97375911]
 [ 0.41830595  0.97267666]
 [ 0.42917384  0.9703035 ]
 [ 0.43670652  0.9681602 ]
 [ 0.43989799  0.96717971]
 [ 0.44833509  0.9665789 ]
 [ 0.45587688  0.96488447]
 [ 0.45981852  0.96455234]
 [ 0.47108094  0.96141748]
 [ 0.47687836  0.96071325]
 [ 0.48466117  0.95863525]
 [ 0.49164646  0.95695071]
 [ 0.49798372  0.95629071]
 [ 0.50522228  0.95412529]
 [ 0.50808218  0.9531859 ]
 [ 0.51617385  0.95093119]
 [ 0.51725223  0.950297  ]
 [ 0.52319124  0.94932218]
 [ 0.52786987  0.94791326]
 [ 0.53388571  0.94533759]
 [ 0.5439338   0.94352362]
 [ 0.5521702   0.93999639]
 [ 0.55868466  0.93776681]
 [ 0.56903871  0.93558204]
 [ 0.56909736  0.9306029 ]
 [ 0.57684765  0.92833488]
 [ 0.58493008  0.92286592]
 [ 0.58851846  0.92046923]
 [ 0.59339016  0.91743699]
 [ 0.59472721  0.91471435]
 [ 0.60110474  0.91307641]
 [ 0.60265225  0.90924217]
 [ 0.60997212  0.9048192 ]
 [ 0.61738128  0.90102891]
 [ 0.62052713  0.89802696]
 [ 0.62539441  0.89458358]
 [ 0.62776681  0.88978903]
 [ 0.62881002  0.88915106]
 [ 0.63560788  0.88429977]
 [ 0.63813516  0.88270241]
 [ 0.64087106  0.8787705 ]
 [ 0.64921476  0.87272001]
 [ 0.65328545  0.86913997]
 [ 0.65723353  0.86492375]
 [ 0.6600128   0.85960162]
 [ 0.66639068  0.85516864]
 [ 0.66640471  0.85486581]
 [ 0.67516225  0.85227275]
 [ 0.67533863  0.84904983]
 [ 0.67798447  0.84239964]
 [ 0.68022387  0.8379508 ]
 [ 0.68438168  0.83322228]
 [ 0.68960285  0.82957936]
 [ 0.69505328  0.82222652]
 [ 0.70044743  0.81469771]
 [ 0.70445994  0.81028238]
 [ 0.71035277  0.803016  ]
 [ 0.71180458  0.80252981]
 [ 0.71602538  0.79636652]
 [ 0.72029861  0.79241573]
 [ 0.72143349  0.79000868]
 [ 0.72678275  0.78389754]
 [ 0.73120649  0.77521792]
 [ 0.73656999  0.76907917]
 [ 0.73954279  0.76564401]
 [ 0.74123515  0.76440727]
 [ 0.74535204  0.75812724]
 [ 0.74765834  0.75427817]
 [ 0.75209313  0.74958643]
 [ 0.75557651  0.74580373]
 [ 0.75915019  0.73882888]
 [ 0.75931191  0.73855961]
 [ 0.76450326  0.73155953]
 [ 0.76607935  0.72998524]
 [ 0.7706269   0.72422934]
 [ 0.77311481  0.72062462]
 [ 0.77772432  0.71686369]
 [ 0.77984166  0.71536981]
 [ 0.78592407  0.70710517]
 [ 0.78982583  0.70125287]
 [ 0.79360189  0.69853883]
 [ 0.79730219  0.69001701]
 [ 0.8000361   0.68722338]
 [ 0.80647872  0.67748544]
 [ 0.8099959   0.67291758]
 [ 0.81444694  0.66618368]
 [ 0.81653155  0.66439174]
 [ 0.82336907  0.6561962 ]
 [ 0.82521278  0.6545328 ]
 [ 0.82877798  0.64846929]
 [ 0.82931316  0.64663862]
 [ 0.83383518  0.6402236 ]
 [ 0.83857477  0.63633233]
 [ 0.84224489  0.63015973]
 [ 0.84542679  0.627132  ]
 [ 0.85035366  0.61741793]
 [ 0.85298433  0.61448359]
 [ 0.85897334  0.60918802]
 [ 0.86038502  0.60586458]
 [ 0.8633304   0.59949023]
 [ 0.86487469  0.59810381]
 [ 0.87028098  0.58900024]
 [ 0.87449585  0.58329098]
 [ 0.87812526  0.5779011 ]
 [ 0.88126201  0.57322279]
 [ 0.88829757  0.56303681]
 [ 0.89172836  0.55800698]
 [ 0.89285226  0.55731435]
 [ 0.89496487  0.55167998]
 [ 0.89618758  0.55075793]
 [ 0.89965247  0.54399299]
 [ 0.8996758   0.54392537]
 [ 0.9033475   0.53889523]
 [ 0.90681314  0.53434641]
 [ 0.91011679  0.52868301]
 [ 0.91519432  0.52133806]
 [ 0.9175713   0.51521618]
 [ 0.92175749  0.50782787]
 [ 0.92205759  0.50767483]
 [ 0.92717992  0.49845039]
 [ 0.93020676  0.4970637 ]
 [ 0.93546006  0.48583993]
 [ 0.93795104  0.47980207]
 [ 0.93983882  0.47761165]
 [ 0.94273665  0.47405672]
 [ 0.9505911   0.46096732]
 [ 0.952854    0.45303966]
 [ 0.952854    0.45303966]
 [ 0.9583526   0.44228704]
 [ 0.96177402  0.43611557]
 [ 0.96758685  0.4236561 ]
 [ 0.97100032  0.41925073]
 [ 0.97311164  0.41316466]
 [ 0.97745177  0.40637474]
 [ 0.97850794  0.40200396]
 [ 0.98173148  0.39612982]
 [ 0.98455293  0.39189993]
 [ 0.98879321  0.38356422]
 [ 0.99311103  0.37222413]
 [ 0.99595033  0.36541025]
 [ 0.99946814  0.36327697]
 [ 1.00190931  0.35300225]
 [ 1.00403953  0.34629502]
 [ 1.00957532  0.33230046]
 [ 1.01330155  0.3230983 ]
 [ 1.0169686   0.31638343]
 [ 1.01828964  0.30875538]
 [ 1.02173396  0.30163838]
 [ 1.02478938  0.28953371]
 [ 1.02735168  0.28437956]
 [ 1.02859817  0.28050473]
 [ 1.02949745  0.27630663]
 [ 1.03182739  0.26877777]
 [ 1.03296988  0.26566487]
 [ 1.03445885  0.25938256]
 [ 1.03690796  0.25906973]
 [ 1.03767461  0.25084017]
 [ 1.03954374  0.2427641 ]
 [ 1.04107415  0.23602902]
 [ 1.04469281  0.22315738]
 [ 1.04620331  0.21726288]
 [ 1.04802817  0.20887882]
 [ 1.05152836  0.19473547]
 [ 1.05304031  0.18429405]
 [ 1.05463167  0.1757047 ]
 [ 1.05605142  0.17034258]
 [ 1.05833311  0.15794334]
 [ 1.05969038  0.15037166]
 [ 1.06198196  0.13225995]
 [ 1.06203884  0.13069037]
 [ 1.06376072  0.12185176]
 [ 1.06451561 -0.07001304]
 [ 1.06956048 -0.07245529]
 [ 1.07393918 -0.0767623 ]
 [ 1.08041445 -0.07726987]]",9,70
0.016137103269305994,0.013267429906559564,0.07040364579001547,0.6195,3.741704270943414,3.7645552120219694,0.9939299758424114,2000,256,"[[9.99882424e-01 4.95500755e-01 4.10341213e-01 2.80189516e-01
  6.01685150e-01 5.60728303e-01]
 [9.99935259e-01 5.36452567e-01 4.15678120e-01 3.02428256e-01
  5.92130976e-01 5.61582691e-01]
 [9.99882424e-01 4.94608947e-01 4.11739293e-01 3.24901110e-01
  5.53788898e-01 5.79253326e-01]
 ...
 [3.21285529e-03 5.68860911e-01 5.20248956e-01 5.24510334e-01
  5.83971636e-01 5.62676600e-01]
 [3.95433202e-05 5.72356395e-01 5.54658439e-01 5.26094005e-01
  5.63325949e-01 5.63609440e-01]
 [3.95433202e-05 5.47179974e-01 5.95007731e-01 5.36161567e-01
  5.08788926e-01 5.52492492e-01]]","[[-2.53102742e-03  1.20241270e+00]
 [-1.44165728e-03  1.19434726e+00]
 [ 2.71747151e-05  1.17872153e+00]
 [ 3.13994021e-03  1.16873991e+00]
 [ 5.18324360e-03  1.16339190e+00]
 [ 6.89686581e-03  1.15530776e+00]
 [ 1.15788297e-02  1.15049330e+00]
 [ 2.31498746e-02  1.14188889e+00]
 [ 2.62391003e-02  1.13910720e+00]
 [ 4.14037103e-02  1.13845666e+00]
 [ 4.87428617e-02  1.13772471e+00]
 [ 5.33540126e-02  1.13638710e+00]
 [ 6.29858765e-02  1.13594819e+00]
 [ 8.18763658e-02  1.13590366e+00]
 [ 8.53437260e-02  1.13472546e+00]
 [ 1.12178680e-01  1.13321154e+00]
 [ 1.12573081e-01  1.13309085e+00]
 [ 1.24765445e-01  1.13129050e+00]
 [ 1.38902088e-01  1.13017645e+00]
 [ 1.40838170e-01  1.12934864e+00]
 [ 1.56852089e-01  1.12768210e+00]
 [ 1.60593715e-01  1.12603164e+00]
 [ 1.71005048e-01  1.12568738e+00]
 [ 1.76805959e-01  1.12463533e+00]
 [ 1.82305159e-01  1.12294310e+00]
 [ 1.87841675e-01  1.12112329e+00]
 [ 1.94427252e-01  1.12023832e+00]
 [ 2.04846349e-01  1.11805041e+00]
 [ 2.13452388e-01  1.11495017e+00]
 [ 2.15982189e-01  1.11379670e+00]
 [ 2.23738359e-01  1.11092802e+00]
 [ 2.31450771e-01  1.10847021e+00]
 [ 2.37660024e-01  1.10654854e+00]
 [ 2.40088841e-01  1.10638871e+00]
 [ 2.47092331e-01  1.10453414e+00]
 [ 2.54616098e-01  1.10229543e+00]
 [ 2.63038543e-01  1.09781355e+00]
 [ 2.70588752e-01  1.09521907e+00]
 [ 2.70762745e-01  1.09443668e+00]
 [ 2.78540650e-01  1.09301867e+00]
 [ 2.87774174e-01  1.08699686e+00]
 [ 2.99215093e-01  1.08690628e+00]
 [ 3.00747581e-01  1.08213323e+00]
 [ 3.11265774e-01  1.07696330e+00]
 [ 3.14651672e-01  1.07604999e+00]
 [ 3.20754202e-01  1.07249003e+00]
 [ 3.31782962e-01  1.06784071e+00]
 [ 3.34952669e-01  1.06589161e+00]
 [ 3.50699056e-01  1.05836661e+00]
 [ 3.51608959e-01  1.05682454e+00]
 [ 3.58753340e-01  1.05267684e+00]
 [ 3.67608227e-01  1.04762414e+00]
 [ 3.74681423e-01  1.04533006e+00]
 [ 3.80940749e-01  1.04032575e+00]
 [ 3.82637189e-01  1.03962065e+00]
 [ 3.89595264e-01  1.03686334e+00]
 [ 3.93329407e-01  1.03487383e+00]
 [ 4.01835416e-01  1.03108807e+00]
 [ 4.03978207e-01  1.02914259e+00]
 [ 4.09741559e-01  1.02574070e+00]
 [ 4.11047221e-01  1.02270538e+00]
 [ 4.22079235e-01  1.01710610e+00]
 [ 4.26807586e-01  1.01411684e+00]
 [ 4.33292043e-01  1.00944723e+00]
 [ 4.42088840e-01  1.00441742e+00]
 [ 4.46744791e-01  1.00185147e+00]
 [ 4.59581002e-01  1.00000034e+00]
 [ 4.63667039e-01  9.90285161e-01]
 [ 4.70991091e-01  9.85530565e-01]
 [ 4.75647394e-01  9.83442783e-01]
 [ 4.77480324e-01  9.81489554e-01]
 [ 4.88251421e-01  9.74782579e-01]
 [ 4.93269023e-01  9.74104267e-01]
 [ 4.98349363e-01  9.70261765e-01]
 [ 5.03057419e-01  9.64977472e-01]
 [ 5.09499887e-01  9.60046610e-01]
 [ 5.15278607e-01  9.56386409e-01]
 [ 5.21977347e-01  9.52755735e-01]
 [ 5.26824904e-01  9.49536100e-01]
 [ 5.35886179e-01  9.43212394e-01]
 [ 5.38578193e-01  9.41955532e-01]
 [ 5.43945637e-01  9.38672688e-01]
 [ 5.50133481e-01  9.35158832e-01]
 [ 5.62956269e-01  9.29079786e-01]
 [ 5.63099827e-01  9.28129929e-01]
 [ 5.69076106e-01  9.21648670e-01]
 [ 5.77147610e-01  9.16247735e-01]
 [ 5.82463757e-01  9.13399422e-01]
 [ 5.90658939e-01  9.07092180e-01]
 [ 5.97492743e-01  9.03555945e-01]
 [ 6.02425560e-01  8.99141727e-01]
 [ 6.09764516e-01  8.94976356e-01]
 [ 6.14407224e-01  8.91645464e-01]
 [ 6.20617189e-01  8.88217064e-01]
 [ 6.24842478e-01  8.86123091e-01]
 [ 6.32017391e-01  8.80829180e-01]
 [ 6.36803414e-01  8.79082145e-01]
 [ 6.42460608e-01  8.75021134e-01]
 [ 6.43625954e-01  8.72485339e-01]
 [ 6.52053833e-01  8.68801833e-01]
 [ 6.57130542e-01  8.64145036e-01]
 [ 6.63144428e-01  8.61008188e-01]
 [ 6.64943038e-01  8.59367342e-01]
 [ 6.70873999e-01  8.55481372e-01]
 [ 6.75545829e-01  8.52562455e-01]
 [ 6.81247873e-01  8.50426698e-01]
 [ 6.84307504e-01  8.47197947e-01]
 [ 6.90418592e-01  8.43313055e-01]
 [ 6.96319812e-01  8.39085888e-01]
 [ 7.03791101e-01  8.36920365e-01]
 [ 7.06588290e-01  8.32455599e-01]
 [ 7.11327449e-01  8.30086771e-01]
 [ 7.20742595e-01  8.22954774e-01]
 [ 7.27379371e-01  8.18919957e-01]
 [ 7.31354498e-01  8.16129529e-01]
 [ 7.38735844e-01  8.11968398e-01]
 [ 7.43852017e-01  8.07569417e-01]
 [ 7.49261485e-01  8.03787667e-01]
 [ 7.53043506e-01  8.01309702e-01]
 [ 7.61151308e-01  7.95248096e-01]
 [ 7.72773254e-01  7.90374454e-01]
 [ 7.74536315e-01  7.88475854e-01]
 [ 7.77587354e-01  7.82716301e-01]
 [ 7.85271833e-01  7.77200517e-01]
 [ 7.88361066e-01  7.76174436e-01]
 [ 7.94773601e-01  7.70808224e-01]
 [ 8.03454603e-01  7.67518026e-01]
 [ 8.03575744e-01  7.62889966e-01]
 [ 8.14441104e-01  7.56763276e-01]
 [ 8.22376220e-01  7.49265981e-01]
 [ 8.31457310e-01  7.41847165e-01]
 [ 8.33415041e-01  7.35770434e-01]
 [ 8.36094583e-01  7.34033698e-01]
 [ 8.41354418e-01  7.32488366e-01]
 [ 8.42371002e-01  7.26621535e-01]
 [ 8.48711824e-01  7.21835293e-01]
 [ 8.53170618e-01  7.16060314e-01]
 [ 8.54518756e-01  7.12420408e-01]
 [ 8.61310432e-01  7.06309880e-01]
 [ 8.66594737e-01  7.01467012e-01]
 [ 8.71482734e-01  6.96320378e-01]
 [ 8.72043207e-01  6.91075067e-01]
 [ 8.77801722e-01  6.85558220e-01]
 [ 8.81936035e-01  6.82484550e-01]
 [ 8.82468947e-01  6.78923257e-01]
 [ 8.88584258e-01  6.72055490e-01]
 [ 8.92513216e-01  6.67082264e-01]
 [ 8.95834345e-01  6.60198320e-01]
 [ 8.97459737e-01  6.55647432e-01]
 [ 9.02177191e-01  6.51660033e-01]
 [ 9.12022829e-01  6.32145441e-01]
 [ 9.16335277e-01  6.25156392e-01]
 [ 9.19566807e-01  6.19232455e-01]
 [ 9.23262614e-01  6.13422038e-01]
 [ 9.27752831e-01  6.05392775e-01]
 [ 9.30938676e-01  5.97982511e-01]
 [ 9.35121771e-01  5.89407918e-01]
 [ 9.39560572e-01  5.85481202e-01]
 [ 9.40052891e-01  5.81010446e-01]
 [ 9.43691308e-01  5.71496630e-01]
 [ 9.47132432e-01  5.64912756e-01]
 [ 9.47217479e-01  5.64464485e-01]
 [ 9.51475926e-01  5.51956170e-01]
 [ 9.53289802e-01  5.50108147e-01]
 [ 9.56342805e-01  5.39987004e-01]
 [ 9.58472192e-01  5.35311905e-01]
 [ 9.62237071e-01  5.29713497e-01]
 [ 9.64214968e-01  5.23917359e-01]
 [ 9.64788514e-01  5.20215673e-01]
 [ 9.67691136e-01  5.15741316e-01]
 [ 9.70330634e-01  5.07386462e-01]
 [ 9.70693815e-01  5.07074961e-01]
 [ 9.72265528e-01  4.96968685e-01]
 [ 9.73717477e-01  4.94145358e-01]
 [ 9.75532516e-01  4.89139011e-01]
 [ 9.77960624e-01  4.86954316e-01]
 [ 9.79051881e-01  4.78902536e-01]
 [ 9.81767757e-01  4.70540975e-01]
 [ 9.84952267e-01  4.62672140e-01]
 [ 9.86332318e-01  4.56418571e-01]
 [ 9.89663181e-01  4.50473008e-01]
 [ 9.91479249e-01  4.40431897e-01]
 [ 9.94637489e-01  4.36326795e-01]
 [ 9.95800616e-01  4.26623557e-01]
 [ 9.98598873e-01  4.23653358e-01]
 [ 1.00073910e+00  4.13595481e-01]
 [ 1.00195426e+00  4.07970438e-01]
 [ 1.00564644e+00  3.98841992e-01]
 [ 1.00669584e+00  3.92329529e-01]
 [ 1.01031385e+00  3.86773632e-01]
 [ 1.01117013e+00  3.77631488e-01]
 [ 1.01378174e+00  3.72276427e-01]
 [ 1.01431139e+00  3.70221549e-01]
 [ 1.01615531e+00  3.62076921e-01]
 [ 1.01963225e+00  3.58486277e-01]
 [ 1.02050265e+00  3.53405744e-01]
 [ 1.02148233e+00  3.44650013e-01]
 [ 1.02188611e+00  3.44000843e-01]
 [ 1.02417915e+00  3.35955416e-01]
 [ 1.02706959e+00  3.29167556e-01]
 [ 1.03052241e+00  3.28745945e-01]
 [ 1.03108771e+00  3.18144766e-01]
 [ 1.03268245e+00  3.11949252e-01]
 [ 1.03548198e+00  3.04220480e-01]
 [ 1.03707385e+00  2.97033116e-01]
 [ 1.03933810e+00  2.89657535e-01]
 [ 1.04141905e+00  2.85773233e-01]
 [ 1.04328359e+00  2.77362679e-01]
 [ 1.04651120e+00  2.68923841e-01]
 [ 1.04820678e+00  2.62860031e-01]
 [ 1.05092776e+00  2.57526218e-01]
 [ 1.05284381e+00  2.52147195e-01]
 [ 1.05564806e+00  2.43222160e-01]
 [ 1.05782615e+00  2.35354374e-01]
 [ 1.06027366e+00  2.27209849e-01]
 [ 1.06314262e+00  2.19962694e-01]
 [ 1.06576875e+00  2.12948089e-01]
 [ 1.06909660e+00  2.06535087e-01]
 [ 1.07050411e+00  1.99486267e-01]
 [ 1.07467896e+00  1.89358990e-01]
 [ 1.07600898e+00  1.87811884e-01]
 [ 1.07796089e+00  1.82204034e-01]
 [ 1.07876045e+00  1.80211206e-01]
 [ 1.08225908e+00  1.67857682e-01]
 [ 1.08501069e+00  1.61596070e-01]
 [ 1.08756937e+00  1.54496372e-01]
 [ 1.08964075e+00  1.50068766e-01]
 [ 1.09193429e+00  1.42890118e-01]
 [ 1.09555201e+00  1.38218528e-01]
 [ 1.09975190e+00  1.34473220e-01]
 [ 1.10043278e+00  1.22607411e-01]
 [ 1.10396714e+00  1.21779634e-01]
 [ 1.10689635e+00  1.14974886e-01]
 [ 1.10804224e+00  1.05433197e-01]
 [ 1.11334902e+00  9.68419789e-02]
 [ 1.11453228e+00  9.13156574e-02]
 [ 1.11718481e+00  8.46828501e-02]
 [ 1.11985793e+00  7.68494679e-02]
 [ 1.12367767e+00  6.89364729e-02]
 [ 1.12368203e+00  6.89121182e-02]
 [ 1.12755285e+00  6.07187323e-02]
 [ 1.13108672e+00  5.42240577e-02]
 [ 1.13274873e+00  5.00322034e-02]
 [ 1.13746976e+00  4.57413145e-02]
 [ 1.13905303e+00  3.64084401e-02]
 [ 1.14232507e+00  3.05947941e-02]
 [ 1.14524720e+00  2.46003431e-02]
 [ 1.14768079e+00  1.90824469e-02]
 [ 1.15100873e+00  1.50876482e-02]
 [ 1.15415280e+00  6.58487042e-03]
 [ 1.15693242e+00  5.83274591e-04]
 [ 1.15949010e+00 -4.79359464e-03]
 [ 1.16577997e+00 -1.15070162e-02]
 [ 1.16703987e+00 -1.90188287e-02]
 [ 1.17248941e+00 -2.74568696e-02]
 [ 1.17977993e+00 -2.93985789e-02]]",10,70
0.02222910735498391,0.017203571445077906,0.04085259912311294,0.251,3.7337891333917583,3.7645552120219694,0.9918274332827016,2000,256,"[[9.99803646e-01 4.95169090e-01 5.17589047e-01 4.55674486e-01
  5.45706600e-01 4.92949152e-01]
 [9.98430933e-01 5.15402029e-01 5.02072966e-01 4.37820011e-01
  5.43600030e-01 5.88231540e-01]
 [9.94624458e-01 4.98737797e-01 5.14275055e-01 4.53541886e-01
  5.42218079e-01 5.74566856e-01]
 ...
 [9.40088207e-04 5.72411013e-01 4.97064159e-01 4.88482933e-01
  5.32799166e-01 6.26317867e-01]
 [9.40088207e-04 6.10299868e-01 5.13501110e-01 5.02598614e-01
  4.79609014e-01 6.21315134e-01]
 [9.40088207e-04 6.10299868e-01 4.87325264e-01 4.85819533e-01
  4.79609014e-01 5.54266635e-01]]","[[-8.91244169e-02  1.23925082e+00]
 [-8.47681294e-02  1.23541854e+00]
 [-7.90127158e-02  1.23258133e+00]
 [-6.74969132e-02  1.22875474e+00]
 [-5.90598549e-02  1.22280207e+00]
 [-5.19082783e-02  1.21977869e+00]
 [-4.16687839e-02  1.21517817e+00]
 [-3.30437308e-02  1.21168191e+00]
 [-3.06291797e-02  1.21008789e+00]
 [-2.37150465e-02  1.20612366e+00]
 [-1.43257197e-02  1.20475787e+00]
 [-6.69038670e-03  1.20248533e+00]
 [-5.99990513e-03  1.19838610e+00]
 [ 2.92917782e-03  1.19447023e+00]
 [ 8.53127014e-03  1.19130487e+00]
 [ 1.72971755e-02  1.18835865e+00]
 [ 2.66554457e-02  1.18316048e+00]
 [ 3.60536160e-02  1.18032397e+00]
 [ 4.42346157e-02  1.17521566e+00]
 [ 5.17339135e-02  1.17165408e+00]
 [ 6.05769219e-02  1.17115611e+00]
 [ 6.32680152e-02  1.16626270e+00]
 [ 6.81857077e-02  1.16381223e+00]
 [ 7.81306359e-02  1.15954194e+00]
 [ 8.54851269e-02  1.15651096e+00]
 [ 8.89013924e-02  1.15483598e+00]
 [ 1.01266296e-01  1.14881835e+00]
 [ 1.02068619e-01  1.14856565e+00]
 [ 1.10661632e-01  1.14616131e+00]
 [ 1.11780500e-01  1.14419286e+00]
 [ 1.18444285e-01  1.14099062e+00]
 [ 1.25830430e-01  1.13818406e+00]
 [ 1.36390445e-01  1.13442811e+00]
 [ 1.44990298e-01  1.13004757e+00]
 [ 1.52372289e-01  1.12656792e+00]
 [ 1.59045885e-01  1.12401599e+00]
 [ 1.63662700e-01  1.12001378e+00]
 [ 1.77733884e-01  1.11321719e+00]
 [ 1.88316420e-01  1.10831658e+00]
 [ 1.91311145e-01  1.10685919e+00]
 [ 1.97351226e-01  1.10422941e+00]
 [ 2.04539771e-01  1.10193026e+00]
 [ 2.10494568e-01  1.10156097e+00]
 [ 2.12999476e-01  1.09704309e+00]
 [ 2.19715235e-01  1.09440660e+00]
 [ 2.28644955e-01  1.08901654e+00]
 [ 2.30204255e-01  1.08845653e+00]
 [ 2.38279082e-01  1.08682078e+00]
 [ 2.40906031e-01  1.08295470e+00]
 [ 2.47028985e-01  1.07978239e+00]
 [ 2.54193759e-01  1.07794880e+00]
 [ 2.59808219e-01  1.07363293e+00]
 [ 2.69538805e-01  1.06835369e+00]
 [ 2.77378927e-01  1.06471691e+00]
 [ 2.83402345e-01  1.06137858e+00]
 [ 3.02066576e-01  1.05224840e+00]
 [ 3.21443658e-01  1.04402553e+00]
 [ 3.26699764e-01  1.03899396e+00]
 [ 3.30886144e-01  1.03709935e+00]
 [ 3.38535257e-01  1.03458085e+00]
 [ 3.50236928e-01  1.02795865e+00]
 [ 3.55743527e-01  1.02419753e+00]
 [ 3.56953061e-01  1.02319140e+00]
 [ 3.66369964e-01  1.02177065e+00]
 [ 3.72151048e-01  1.01491644e+00]
 [ 3.79309164e-01  1.01174060e+00]
 [ 3.90386303e-01  1.01004268e+00]
 [ 3.94596510e-01  1.00309700e+00]
 [ 4.03474197e-01  1.00233028e+00]
 [ 4.07625651e-01  9.95277231e-01]
 [ 4.17223161e-01  9.90736175e-01]
 [ 4.25318767e-01  9.85158128e-01]
 [ 4.39078644e-01  9.79386877e-01]
 [ 4.46209436e-01  9.74801369e-01]
 [ 4.49427867e-01  9.72782042e-01]
 [ 4.55947843e-01  9.71734406e-01]
 [ 4.63755149e-01  9.63512155e-01]
 [ 4.70231610e-01  9.61084839e-01]
 [ 4.76369612e-01  9.60792974e-01]
 [ 4.82482070e-01  9.56847016e-01]
 [ 4.82636527e-01  9.55585960e-01]
 [ 4.90927068e-01  9.48957072e-01]
 [ 4.99826191e-01  9.47656218e-01]
 [ 5.07984673e-01  9.40262475e-01]
 [ 5.18688991e-01  9.34145626e-01]
 [ 5.29196882e-01  9.28558331e-01]
 [ 5.35197268e-01  9.25655645e-01]
 [ 5.42066894e-01  9.22757111e-01]
 [ 5.47845583e-01  9.19379220e-01]
 [ 5.49906841e-01  9.16731565e-01]
 [ 5.58454585e-01  9.13059289e-01]
 [ 5.66376785e-01  9.08422795e-01]
 [ 5.76601457e-01  9.01609859e-01]
 [ 5.85382222e-01  9.00797306e-01]
 [ 5.86167081e-01  8.97739401e-01]
 [ 5.98646376e-01  8.93418260e-01]
 [ 6.00729309e-01  8.89079971e-01]
 [ 6.07571644e-01  8.84520064e-01]
 [ 6.13928434e-01  8.81496352e-01]
 [ 6.21592770e-01  8.78267848e-01]
 [ 6.26894320e-01  8.74449945e-01]
 [ 6.35137072e-01  8.72120371e-01]
 [ 6.41439057e-01  8.64668675e-01]
 [ 6.42088938e-01  8.64579236e-01]
 [ 6.50896816e-01  8.58292054e-01]
 [ 6.56164678e-01  8.55624403e-01]
 [ 6.62646138e-01  8.50398116e-01]
 [ 6.72708583e-01  8.42679176e-01]
 [ 6.77142067e-01  8.38317067e-01]
 [ 6.84761852e-01  8.35152552e-01]
 [ 6.92205080e-01  8.25569710e-01]
 [ 6.98252322e-01  8.21327506e-01]
 [ 7.01893868e-01  8.17284539e-01]
 [ 7.07117825e-01  8.13680095e-01]
 [ 7.10285353e-01  8.09089290e-01]
 [ 7.16662073e-01  8.04654915e-01]
 [ 7.24458470e-01  7.95565519e-01]
 [ 7.25911525e-01  7.94196867e-01]
 [ 7.32916484e-01  7.86409963e-01]
 [ 7.35428891e-01  7.86384786e-01]
 [ 7.37865995e-01  7.79677193e-01]
 [ 7.41364078e-01  7.75171690e-01]
 [ 7.45619670e-01  7.70734574e-01]
 [ 7.52856703e-01  7.59137238e-01]
 [ 7.58434079e-01  7.50481339e-01]
 [ 7.60299246e-01  7.47689242e-01]
 [ 7.64859782e-01  7.43862881e-01]
 [ 7.68724785e-01  7.38998317e-01]
 [ 7.70888844e-01  7.33556392e-01]
 [ 7.74568603e-01  7.26577263e-01]
 [ 7.78219612e-01  7.21424121e-01]
 [ 7.83336455e-01  7.17618822e-01]
 [ 7.84786449e-01  7.09431775e-01]
 [ 7.89373973e-01  7.04007174e-01]
 [ 7.91554874e-01  6.97870383e-01]
 [ 7.94574157e-01  6.93919619e-01]
 [ 7.98763117e-01  6.92818201e-01]
 [ 8.01182375e-01  6.81186675e-01]
 [ 8.04691122e-01  6.74925701e-01]
 [ 8.11530651e-01  6.67051626e-01]
 [ 8.11879559e-01  6.67013587e-01]
 [ 8.13842556e-01  6.58432932e-01]
 [ 8.17482643e-01  6.50693818e-01]
 [ 8.21483350e-01  6.43256059e-01]
 [ 8.23738326e-01  6.38797756e-01]
 [ 8.29594078e-01  6.28664134e-01]
 [ 8.32856994e-01  6.23248548e-01]
 [ 8.35604448e-01  6.15915501e-01]
 [ 8.40677832e-01  6.07782307e-01]
 [ 8.42943931e-01  6.02185743e-01]
 [ 8.44919376e-01  5.96869241e-01]
 [ 8.46859144e-01  5.91262722e-01]
 [ 8.48386616e-01  5.88625146e-01]
 [ 8.51045160e-01  5.82541961e-01]
 [ 8.54053825e-01  5.77418612e-01]
 [ 8.57971665e-01  5.68209115e-01]
 [ 8.61549508e-01  5.61735086e-01]
 [ 8.64998483e-01  5.53961353e-01]
 [ 8.69138888e-01  5.52723401e-01]
 [ 8.69698422e-01  5.42725596e-01]
 [ 8.69781969e-01  5.42629741e-01]
 [ 8.73707847e-01  5.35220873e-01]
 [ 8.78438361e-01  5.28724818e-01]
 [ 8.81757615e-01  5.18306747e-01]
 [ 8.84251410e-01  5.16406537e-01]
 [ 8.86138216e-01  5.07869031e-01]
 [ 8.88151902e-01  5.04763640e-01]
 [ 8.92063512e-01  4.97732829e-01]
 [ 8.96364441e-01  4.87337882e-01]
 [ 8.98469604e-01  4.81698361e-01]
 [ 9.01414435e-01  4.75610787e-01]
 [ 9.06352841e-01  4.69922654e-01]
 [ 9.08792538e-01  4.61524832e-01]
 [ 9.10215569e-01  4.60573250e-01]
 [ 9.13026159e-01  4.51219334e-01]
 [ 9.15443588e-01  4.47127351e-01]
 [ 9.19232702e-01  4.38770850e-01]
 [ 9.26382713e-01  4.31658665e-01]
 [ 9.29147845e-01  4.21100867e-01]
 [ 9.30537993e-01  4.17339190e-01]
 [ 9.35342406e-01  4.05701037e-01]
 [ 9.38435613e-01  3.99083854e-01]
 [ 9.43281015e-01  3.90877358e-01]
 [ 9.44549190e-01  3.88981883e-01]
 [ 9.46402476e-01  3.82714070e-01]
 [ 9.50875505e-01  3.80944334e-01]
 [ 9.51787325e-01  3.72869037e-01]
 [ 9.55332578e-01  3.70585350e-01]
 [ 9.60430118e-01  3.63345780e-01]
 [ 9.62292668e-01  3.51679197e-01]
 [ 9.66069280e-01  3.44509057e-01]
 [ 9.69487475e-01  3.38320985e-01]
 [ 9.71880135e-01  3.35403509e-01]
 [ 9.74426438e-01  3.28886492e-01]
 [ 9.78236941e-01  3.20926750e-01]
 [ 9.82735675e-01  3.13984571e-01]
 [ 9.86583271e-01  3.05396779e-01]
 [ 9.87832063e-01  3.03564333e-01]
 [ 9.92129631e-01  2.97621276e-01]
 [ 9.94043246e-01  2.92093775e-01]
 [ 9.96565866e-01  2.85555992e-01]
 [ 9.99766904e-01  2.82866394e-01]
 [ 1.00091968e+00  2.78009629e-01]
 [ 1.00616268e+00  2.71229235e-01]
 [ 1.00858821e+00  2.65168595e-01]
 [ 1.01343104e+00  2.60665938e-01]
 [ 1.01438581e+00  2.54491732e-01]
 [ 1.01896515e+00  2.47563968e-01]
 [ 1.02517901e+00  2.35537173e-01]
 [ 1.02748395e+00  2.33085334e-01]
 [ 1.03055938e+00  2.27015357e-01]
 [ 1.03833385e+00  2.11701424e-01]
 [ 1.04223878e+00  2.06071157e-01]
 [ 1.04416078e+00  2.01449740e-01]
 [ 1.04688826e+00  1.96959308e-01]
 [ 1.05072595e+00  1.89709697e-01]
 [ 1.05469783e+00  1.83161606e-01]
 [ 1.05546942e+00  1.82876285e-01]
 [ 1.05959663e+00  1.76230610e-01]
 [ 1.06305527e+00  1.69616751e-01]
 [ 1.06672189e+00  1.63762764e-01]
 [ 1.07031249e+00  1.62544887e-01]
 [ 1.07117598e+00  1.56736985e-01]
 [ 1.07640774e+00  1.52219142e-01]
 [ 1.07804241e+00  1.46108663e-01]
 [ 1.08401784e+00  1.39035297e-01]
 [ 1.09169131e+00  1.26862096e-01]
 [ 1.09858713e+00  1.19340816e-01]
 [ 1.10754075e+00  1.01582888e-01]
 [ 1.11052213e+00  9.98154318e-02]
 [ 1.11748325e+00  9.66586266e-02]
 [ 1.11781640e+00  8.72885107e-02]
 [ 1.11994197e+00  8.36152541e-02]
 [ 1.12292478e+00  7.93832621e-02]
 [ 1.12717254e+00  7.77591342e-02]
 [ 1.12866431e+00  7.22689717e-02]
 [ 1.13140275e+00  6.87568486e-02]
 [ 1.13732064e+00  6.28813065e-02]
 [ 1.14163973e+00  5.72179990e-02]
 [ 1.14805228e+00  4.88449067e-02]
 [ 1.14905256e+00  4.86567875e-02]
 [ 1.15515479e+00  4.06134079e-02]
 [ 1.15823758e+00  3.56915237e-02]
 [ 1.16285254e+00  3.02047125e-02]
 [ 1.16603479e+00  2.49731986e-02]
 [ 1.17220850e+00  1.96361978e-02]
 [ 1.17859050e+00  1.14444198e-02]
 [ 1.18257659e+00  5.54096850e-03]
 [ 1.18640084e+00  7.69045802e-04]
 [ 1.19157721e+00 -5.36616358e-03]
 [ 1.19672755e+00 -9.35502237e-03]
 [ 1.20164810e+00 -1.58075379e-02]
 [ 1.20865972e+00 -2.10028677e-02]
 [ 1.21423581e+00 -2.44955286e-02]
 [ 1.22310819e+00 -2.62526780e-02]
 [ 1.22877618e+00 -2.70702795e-02]]",11,70
0.009868189549963387,0.008076385955450018,0.07818403634149572,0.912,3.7548222723857876,3.7645552120219694,0.9974145844358724,2000,256,"[[9.99940574e-01 4.35354991e-01 5.27888612e-01 4.88872512e-01
  4.79094927e-01 5.56127738e-01]
 [9.98459437e-01 4.62191066e-01 4.98592650e-01 4.89663028e-01
  4.78455130e-01 5.16423922e-01]
 [9.99992963e-01 5.38951201e-01 4.85113210e-01 4.79512988e-01
  4.73552724e-01 5.19020733e-01]
 ...
 [1.60053179e-03 4.56393789e-01 5.27445929e-01 4.85678586e-01
  5.01829295e-01 5.02405233e-01]
 [1.60053179e-03 4.56393789e-01 5.27445929e-01 4.97336450e-01
  4.98639073e-01 5.02405233e-01]
 [2.80053426e-05 4.56474562e-01 5.88558437e-01 4.97388979e-01
  4.60864823e-01 5.14963482e-01]]","[[-0.11454682  1.25871508]
 [-0.10985887  1.24748529]
 [-0.10814583  1.24108424]
 [-0.10187866  1.23357432]
 [-0.09709785  1.22611477]
 [-0.09185421  1.22301365]
 [-0.08365579  1.21580354]
 [-0.08079034  1.21551944]
 [-0.07366679  1.21343538]
 [-0.06912195  1.21234322]
 [-0.06689776  1.20690175]
 [-0.06352482  1.20591984]
 [-0.04187047  1.20060774]
 [-0.02922669  1.19765453]
 [-0.0249119   1.19608075]
 [-0.0141762   1.19515949]
 [-0.00895672  1.19151759]
 [-0.00611677  1.19021068]
 [ 0.00990816  1.18690881]
 [ 0.03100943  1.17692785]
 [ 0.04153052  1.17669046]
 [ 0.04888385  1.17153542]
 [ 0.06556655  1.16503025]
 [ 0.0751545   1.16134791]
 [ 0.08050871  1.15742286]
 [ 0.08430436  1.15595293]
 [ 0.09490636  1.15397026]
 [ 0.09681683  1.15263968]
 [ 0.10556737  1.14825968]
 [ 0.10652876  1.14790172]
 [ 0.11678019  1.14763748]
 [ 0.11744019  1.14503479]
 [ 0.1278032   1.13849947]
 [ 0.14074369  1.13669992]
 [ 0.14525285  1.13337896]
 [ 0.15550004  1.1296646 ]
 [ 0.15663679  1.12886933]
 [ 0.16755401  1.12578877]
 [ 0.17498164  1.12436233]
 [ 0.18487412  1.12297094]
 [ 0.1892967   1.11882158]
 [ 0.19184883  1.11826338]
 [ 0.20119039  1.11642188]
 [ 0.2028169   1.11512775]
 [ 0.21064954  1.11275769]
 [ 0.22162442  1.10972158]
 [ 0.23242516  1.10905497]
 [ 0.23936337  1.10551526]
 [ 0.24898148  1.10444058]
 [ 0.25821517  1.10097651]
 [ 0.26757009  1.09898514]
 [ 0.27727656  1.09633314]
 [ 0.28598701  1.09396236]
 [ 0.28707629  1.09379871]
 [ 0.29850368  1.09058243]
 [ 0.310257    1.08382082]
 [ 0.32619111  1.07837757]
 [ 0.32734823  1.07658515]
 [ 0.3406515   1.07059939]
 [ 0.34571272  1.06804144]
 [ 0.35791017  1.06524933]
 [ 0.36376458  1.05616372]
 [ 0.36995953  1.05268717]
 [ 0.38119604  1.050798  ]
 [ 0.38321097  1.04244486]
 [ 0.38450555  1.04221634]
 [ 0.39159059  1.03743792]
 [ 0.39926192  1.03150106]
 [ 0.40948071  1.02491519]
 [ 0.41452479  1.02139435]
 [ 0.42074589  1.01628105]
 [ 0.42238569  1.01580817]
 [ 0.42849427  1.01069592]
 [ 0.42937675  1.00798157]
 [ 0.4421993   0.99818707]
 [ 0.44877141  0.99344285]
 [ 0.45231494  0.99283744]
 [ 0.45776471  0.98696531]
 [ 0.46376142  0.98299303]
 [ 0.47241137  0.97647701]
 [ 0.47913431  0.97284191]
 [ 0.48572112  0.96719202]
 [ 0.4929818   0.96289129]
 [ 0.50027975  0.95966773]
 [ 0.50635395  0.95773317]
 [ 0.51236692  0.95094969]
 [ 0.52014899  0.94687886]
 [ 0.52562368  0.9438939 ]
 [ 0.53095096  0.94011373]
 [ 0.54438791  0.93343224]
 [ 0.54441802  0.93342514]
 [ 0.5538951   0.9293133 ]
 [ 0.55672312  0.92669663]
 [ 0.56208313  0.92371029]
 [ 0.57006089  0.92036854]
 [ 0.57554493  0.91600067]
 [ 0.58145619  0.9127063 ]
 [ 0.58640681  0.9117817 ]
 [ 0.59800803  0.90311768]
 [ 0.60807852  0.89690676]
 [ 0.62202692  0.88722746]
 [ 0.62681942  0.88644962]
 [ 0.63041466  0.87978547]
 [ 0.63571654  0.87685208]
 [ 0.64451085  0.86936767]
 [ 0.65541922  0.86203105]
 [ 0.66242111  0.86044418]
 [ 0.66320118  0.85483091]
 [ 0.66947665  0.84493713]
 [ 0.68003412  0.83497017]
 [ 0.69205151  0.82547827]
 [ 0.69442652  0.81645572]
 [ 0.70067544  0.81193711]
 [ 0.70317591  0.80431806]
 [ 0.70824526  0.80173407]
 [ 0.71416357  0.79165296]
 [ 0.72000249  0.78554746]
 [ 0.72231664  0.78139294]
 [ 0.7246153   0.77776558]
 [ 0.72681901  0.77458631]
 [ 0.73050538  0.76734983]
 [ 0.73413463  0.76353701]
 [ 0.73913085  0.76077455]
 [ 0.7398303   0.7560867 ]
 [ 0.7447532   0.74988034]
 [ 0.749284    0.74616457]
 [ 0.74992686  0.74230478]
 [ 0.75925019  0.72726956]
 [ 0.76298328  0.72216334]
 [ 0.76822637  0.71990447]
 [ 0.77168273  0.7115087 ]
 [ 0.77605583  0.70709511]
 [ 0.78009486  0.70009105]
 [ 0.786224    0.69226567]
 [ 0.79066065  0.68747617]
 [ 0.79545536  0.68256732]
 [ 0.80692221  0.67221745]
 [ 0.80962036  0.66596285]
 [ 0.81486795  0.65933845]
 [ 0.81729284  0.65604827]
 [ 0.82379753  0.65030722]
 [ 0.82869139  0.64354367]
 [ 0.84366875  0.62748992]
 [ 0.85012194  0.62132894]
 [ 0.85070789  0.62102756]
 [ 0.85541807  0.61438898]
 [ 0.86087736  0.61178954]
 [ 0.86284673  0.60623792]
 [ 0.86678919  0.6034123 ]
 [ 0.87010027  0.59690829]
 [ 0.87326954  0.59328559]
 [ 0.87788106  0.58683746]
 [ 0.88063736  0.58339117]
 [ 0.8855565   0.57778581]
 [ 0.88627705  0.57668697]
 [ 0.89146809  0.56876498]
 [ 0.89200425  0.56638482]
 [ 0.89835383  0.55863648]
 [ 0.90260316  0.55175818]
 [ 0.90676929  0.54751028]
 [ 0.9069971   0.54523514]
 [ 0.91228971  0.53775067]
 [ 0.91739228  0.52961632]
 [ 0.92206526  0.52185089]
 [ 0.92683959  0.51619618]
 [ 0.93318612  0.5083862 ]
 [ 0.93453426  0.50145729]
 [ 0.93678631  0.49615748]
 [ 0.94067725  0.49301543]
 [ 0.94458989  0.48653601]
 [ 0.94470505  0.48287364]
 [ 0.94814857  0.47649841]
 [ 0.95331353  0.47201675]
 [ 0.95629914  0.46505738]
 [ 0.95988042  0.45605538]
 [ 0.96242505  0.4515738 ]
 [ 0.96560991  0.44781392]
 [ 0.96949181  0.43860766]
 [ 0.97357866  0.43337199]
 [ 0.9783552   0.42666277]
 [ 0.98159348  0.42094355]
 [ 0.98470273  0.41750814]
 [ 0.98705201  0.40880755]
 [ 0.98880676  0.40453764]
 [ 0.99262674  0.39885952]
 [ 0.99569307  0.39598006]
 [ 0.99900564  0.39241467]
 [ 1.00194256  0.38376891]
 [ 1.01254079  0.37343124]
 [ 1.01341632  0.36501122]
 [ 1.01873576  0.35430071]
 [ 1.02147752  0.34889118]
 [ 1.02583023  0.34568135]
 [ 1.02928302  0.33940251]
 [ 1.03115785  0.33280831]
 [ 1.03790985  0.32439319]
 [ 1.03885502  0.32025032]
 [ 1.04337602  0.30982525]
 [ 1.04827215  0.30224952]
 [ 1.05341724  0.29760244]
 [ 1.05926037  0.29495804]
 [ 1.06266493  0.27895133]
 [ 1.06530258  0.27376239]
 [ 1.07000116  0.26471821]
 [ 1.07897209  0.25961033]
 [ 1.07913599  0.25058697]
 [ 1.08274955  0.24231366]
 [ 1.0857471   0.23706373]
 [ 1.09115444  0.23326283]
 [ 1.09472313  0.2221141 ]
 [ 1.09705503  0.21797708]
 [ 1.1011693   0.21027169]
 [ 1.10402912  0.2036468 ]
 [ 1.11136084  0.19035997]
 [ 1.11141981  0.1902495 ]
 [ 1.11686818  0.18460083]
 [ 1.11722781  0.18421376]
 [ 1.12520953  0.17198806]
 [ 1.12733256  0.17122306]
 [ 1.1278434   0.16138914]
 [ 1.13116047  0.15431885]
 [ 1.13598599  0.14636642]
 [ 1.13764071  0.14366566]
 [ 1.13989212  0.13876589]
 [ 1.14360416  0.13323636]
 [ 1.14879825  0.12254722]
 [ 1.15288306  0.117098  ]
 [ 1.15777052  0.10592056]
 [ 1.16277117  0.10039447]
 [ 1.16795621  0.09287579]
 [ 1.17290032  0.08512789]
 [ 1.17626565  0.07860006]
 [ 1.18028949  0.07101546]
 [ 1.18215132  0.06483891]
 [ 1.18372491  0.06353671]
 [ 1.18664444  0.05588499]
 [ 1.19148676  0.04992504]
 [ 1.19448262  0.04601926]
 [ 1.19629974  0.04221443]
 [ 1.19933327  0.03559365]
 [ 1.20605393  0.02349958]
 [ 1.21118995  0.01715849]
 [ 1.21324755  0.01658676]
 [ 1.21567668  0.00742923]
 [ 1.21818782  0.00353432]
 [ 1.22745475 -0.00601083]
 [ 1.22843131 -0.01150395]
 [ 1.23414435 -0.01717124]
 [ 1.23858357 -0.02542355]
 [ 1.24380625 -0.03281054]
 [ 1.24878544 -0.03858558]
 [ 1.25231725 -0.04466106]
 [ 1.25307222 -0.04539204]
 [ 1.26105791 -0.05624175]
 [ 1.26195385 -0.05632787]
 [ 1.27345919 -0.06071879]]",12,70
0.023785379525798435,0.018390926474033405,0.08670887545004834,0.3595,3.7354294249915334,3.7645552120219694,0.9922631531771892,2000,256,"[[9.99677279e-01 4.90310428e-01 6.33026200e-01 5.13919906e-01
  4.64101634e-01 5.24283891e-01]
 [9.99963317e-01 5.16618458e-01 6.29988918e-01 5.64416360e-01
  4.77880574e-01 4.69107958e-01]
 [9.99963317e-01 4.92675999e-01 6.29988918e-01 5.64416360e-01
  4.77880574e-01 4.15469209e-01]
 ...
 [1.24205782e-04 4.98758137e-01 5.14460707e-01 5.75230967e-01
  4.78289189e-01 4.26437375e-01]
 [1.24205782e-04 4.89467368e-01 5.14340852e-01 6.36581732e-01
  4.76566926e-01 3.93207588e-01]
 [1.64911949e-04 4.93947444e-01 5.24108082e-01 6.37484224e-01
  4.13990359e-01 4.17100518e-01]]","[[-4.84583305e-02  1.34752899e+00]
 [-4.33905971e-02  1.33393145e+00]
 [-4.00541904e-02  1.33332262e+00]
 [-3.68387038e-02  1.32672787e+00]
 [-2.78464343e-02  1.32024820e+00]
 [-2.31142739e-02  1.31608630e+00]
 [-1.26800937e-02  1.30948571e+00]
 [-9.20575804e-03  1.30745215e+00]
 [ 8.68569114e-04  1.30413031e+00]
 [ 4.93202411e-03  1.30266892e+00]
 [ 8.78189866e-03  1.29721731e+00]
 [ 1.18266033e-02  1.29636491e+00]
 [ 2.12715100e-02  1.29313501e+00]
 [ 2.50602292e-02  1.29078381e+00]
 [ 2.90086845e-02  1.28850736e+00]
 [ 3.34573085e-02  1.28599074e+00]
 [ 3.85219245e-02  1.28173569e+00]
 [ 4.56747113e-02  1.27764251e+00]
 [ 5.60997422e-02  1.27268339e+00]
 [ 6.41427013e-02  1.26932851e+00]
 [ 7.38689051e-02  1.26422274e+00]
 [ 8.76742121e-02  1.25673582e+00]
 [ 9.37519444e-02  1.25451895e+00]
 [ 1.01208807e-01  1.25056998e+00]
 [ 1.05125266e-01  1.24658239e+00]
 [ 1.13483909e-01  1.24340410e+00]
 [ 1.19302265e-01  1.24001869e+00]
 [ 1.29615788e-01  1.23483143e+00]
 [ 1.37015918e-01  1.23105629e+00]
 [ 1.48730811e-01  1.22566699e+00]
 [ 1.60060481e-01  1.22169880e+00]
 [ 1.68649665e-01  1.21954121e+00]
 [ 1.79601078e-01  1.21473282e+00]
 [ 1.81433778e-01  1.21068226e+00]
 [ 1.87207135e-01  1.20849441e+00]
 [ 1.92729521e-01  1.20335215e+00]
 [ 2.01525920e-01  1.20109717e+00]
 [ 2.05359956e-01  1.19746529e+00]
 [ 2.11665936e-01  1.19677554e+00]
 [ 2.16221677e-01  1.19244397e+00]
 [ 2.23855162e-01  1.18905431e+00]
 [ 2.27526093e-01  1.18649915e+00]
 [ 2.32637771e-01  1.18437294e+00]
 [ 2.39764584e-01  1.18126981e+00]
 [ 2.48570486e-01  1.17647885e+00]
 [ 2.55607081e-01  1.17428023e+00]
 [ 2.62172024e-01  1.16996401e+00]
 [ 2.70409355e-01  1.16600033e+00]
 [ 2.74289155e-01  1.16362571e+00]
 [ 2.78701446e-01  1.16189837e+00]
 [ 2.87858580e-01  1.16007927e+00]
 [ 2.90948477e-01  1.15668401e+00]
 [ 2.94804761e-01  1.15241086e+00]
 [ 3.00474694e-01  1.15030637e+00]
 [ 3.07893375e-01  1.14710740e+00]
 [ 3.23600505e-01  1.13918968e+00]
 [ 3.32264850e-01  1.13555847e+00]
 [ 3.39205583e-01  1.12908397e+00]
 [ 3.51927359e-01  1.12442698e+00]
 [ 3.56415233e-01  1.12044991e+00]
 [ 3.58401347e-01  1.11867846e+00]
 [ 3.65996272e-01  1.11782862e+00]
 [ 3.70037411e-01  1.11315123e+00]
 [ 3.77674228e-01  1.10896693e+00]
 [ 3.82336796e-01  1.10590233e+00]
 [ 3.99695286e-01  1.09581111e+00]
 [ 4.01546198e-01  1.09319524e+00]
 [ 4.10209994e-01  1.08939250e+00]
 [ 4.15081605e-01  1.08834301e+00]
 [ 4.21432299e-01  1.08105777e+00]
 [ 4.30411860e-01  1.07696768e+00]
 [ 4.34614263e-01  1.07447972e+00]
 [ 4.40833768e-01  1.06981632e+00]
 [ 4.49685513e-01  1.06581289e+00]
 [ 4.51809451e-01  1.06397812e+00]
 [ 4.58879628e-01  1.06042608e+00]
 [ 4.63303076e-01  1.05475554e+00]
 [ 4.64679234e-01  1.05428240e+00]
 [ 4.71859249e-01  1.04854379e+00]
 [ 4.83279710e-01  1.04056497e+00]
 [ 4.86879784e-01  1.03792511e+00]
 [ 5.05971888e-01  1.02910886e+00]
 [ 5.12548955e-01  1.02397176e+00]
 [ 5.22243043e-01  1.01492178e+00]
 [ 5.31551020e-01  1.00674194e+00]
 [ 5.35435178e-01  1.00378983e+00]
 [ 5.38464928e-01  1.00078809e+00]
 [ 5.47981472e-01  9.92529543e-01]
 [ 5.57608780e-01  9.85502366e-01]
 [ 5.61922298e-01  9.78999760e-01]
 [ 5.72345372e-01  9.71739064e-01]
 [ 5.80416537e-01  9.65920346e-01]
 [ 5.85311621e-01  9.59651337e-01]
 [ 5.93518344e-01  9.56121783e-01]
 [ 5.95239060e-01  9.52243666e-01]
 [ 6.00840718e-01  9.47649895e-01]
 [ 6.10675535e-01  9.37778862e-01]
 [ 6.15983630e-01  9.32736233e-01]
 [ 6.18337898e-01  9.29773045e-01]
 [ 6.24766031e-01  9.24203862e-01]
 [ 6.31638818e-01  9.23172852e-01]
 [ 6.35056920e-01  9.14651525e-01]
 [ 6.44834662e-01  9.09469415e-01]
 [ 6.46873608e-01  9.07357854e-01]
 [ 6.51598568e-01  8.99266050e-01]
 [ 6.52942468e-01  8.99184343e-01]
 [ 6.60197308e-01  8.91040396e-01]
 [ 6.63392421e-01  8.89473209e-01]
 [ 6.68372765e-01  8.82637048e-01]
 [ 6.68886720e-01  8.82049352e-01]
 [ 6.78351660e-01  8.77609599e-01]
 [ 6.81837554e-01  8.74745792e-01]
 [ 6.82873921e-01  8.69458139e-01]
 [ 6.88660251e-01  8.68838937e-01]
 [ 6.94387962e-01  8.68251667e-01]
 [ 6.97894074e-01  8.56929106e-01]
 [ 7.04759351e-01  8.50496783e-01]
 [ 7.08674740e-01  8.45720171e-01]
 [ 7.14519094e-01  8.39924205e-01]
 [ 7.21675402e-01  8.37703323e-01]
 [ 7.21675869e-01  8.34031524e-01]
 [ 7.27070122e-01  8.31094046e-01]
 [ 7.33140090e-01  8.26834014e-01]
 [ 7.37207890e-01  8.21868184e-01]
 [ 7.42557811e-01  8.15684689e-01]
 [ 7.50924038e-01  8.06846686e-01]
 [ 7.59497200e-01  7.98026802e-01]
 [ 7.66022056e-01  7.91165574e-01]
 [ 7.72699484e-01  7.87152591e-01]
 [ 7.74816536e-01  7.82321272e-01]
 [ 7.82873948e-01  7.74662924e-01]
 [ 7.97811383e-01  7.62736943e-01]
 [ 8.02977814e-01  7.55668844e-01]
 [ 8.06270009e-01  7.53297927e-01]
 [ 8.10790434e-01  7.48852345e-01]
 [ 8.15596174e-01  7.45379259e-01]
 [ 8.19657357e-01  7.39017738e-01]
 [ 8.21358014e-01  7.38922281e-01]
 [ 8.25927328e-01  7.32377676e-01]
 [ 8.26876152e-01  7.31630258e-01]
 [ 8.35842572e-01  7.24217123e-01]
 [ 8.36226388e-01  7.22778496e-01]
 [ 8.41494365e-01  7.17775280e-01]
 [ 8.51074033e-01  7.09274485e-01]
 [ 8.63082278e-01  6.93123683e-01]
 [ 8.68418947e-01  6.87389035e-01]
 [ 8.69373931e-01  6.85865890e-01]
 [ 8.78043637e-01  6.79111477e-01]
 [ 8.82679743e-01  6.72479932e-01]
 [ 8.85632162e-01  6.67765713e-01]
 [ 8.89190653e-01  6.63053456e-01]
 [ 8.93779172e-01  6.58325861e-01]
 [ 8.98915890e-01  6.51863043e-01]
 [ 9.00543294e-01  6.48865213e-01]
 [ 9.06226782e-01  6.42256505e-01]
 [ 9.07557192e-01  6.40089814e-01]
 [ 9.13309619e-01  6.32775119e-01]
 [ 9.21120786e-01  6.20271059e-01]
 [ 9.22085242e-01  6.18833860e-01]
 [ 9.26789237e-01  6.13397219e-01]
 [ 9.29429288e-01  6.08906972e-01]
 [ 9.34411772e-01  6.01336026e-01]
 [ 9.34901268e-01  6.00560938e-01]
 [ 9.39522680e-01  5.93307364e-01]
 [ 9.42794386e-01  5.88365943e-01]
 [ 9.46001960e-01  5.83572615e-01]
 [ 9.50349438e-01  5.77784921e-01]
 [ 9.53461731e-01  5.74333118e-01]
 [ 9.58255249e-01  5.64740874e-01]
 [ 9.60720989e-01  5.57412167e-01]
 [ 9.66582377e-01  5.47445487e-01]
 [ 9.69222051e-01  5.39638528e-01]
 [ 9.72218433e-01  5.32666730e-01]
 [ 9.78145684e-01  5.22425610e-01]
 [ 9.80606911e-01  5.14131424e-01]
 [ 9.84820267e-01  5.10398823e-01]
 [ 9.87445288e-01  4.97743544e-01]
 [ 9.90271150e-01  4.93078249e-01]
 [ 9.93281859e-01  4.84448322e-01]
 [ 9.97168814e-01  4.81249920e-01]
 [ 9.97539801e-01  4.71255499e-01]
 [ 1.00137892e+00  4.63908949e-01]
 [ 1.00186505e+00  4.61481610e-01]
 [ 1.00480621e+00  4.50570634e-01]
 [ 1.00790157e+00  4.44503805e-01]
 [ 1.01049182e+00  4.42313686e-01]
 [ 1.01337872e+00  4.29494356e-01]
 [ 1.01478814e+00  4.20861450e-01]
 [ 1.01751674e+00  4.17201708e-01]
 [ 1.01971392e+00  4.04490022e-01]
 [ 1.02226498e+00  4.00007001e-01]
 [ 1.02547231e+00  3.87799091e-01]
 [ 1.02909667e+00  3.87373914e-01]
 [ 1.02920087e+00  3.75288800e-01]
 [ 1.03204662e+00  3.65888573e-01]
 [ 1.03519853e+00  3.57861674e-01]
 [ 1.03784379e+00  3.48250403e-01]
 [ 1.03795912e+00  3.47997052e-01]
 [ 1.04155514e+00  3.39494032e-01]
 [ 1.04389943e+00  3.36158972e-01]
 [ 1.04591558e+00  3.24087931e-01]
 [ 1.04903057e+00  3.14773182e-01]
 [ 1.05175194e+00  3.07752029e-01]
 [ 1.05350196e+00  3.03489208e-01]
 [ 1.05681146e+00  2.98220770e-01]
 [ 1.06040520e+00  2.86205601e-01]
 [ 1.06207865e+00  2.79427459e-01]
 [ 1.06849884e+00  2.66467089e-01]
 [ 1.07046418e+00  2.57805371e-01]
 [ 1.07461290e+00  2.56223189e-01]
 [ 1.07495599e+00  2.50319771e-01]
 [ 1.07791820e+00  2.41042144e-01]
 [ 1.07902196e+00  2.40530221e-01]
 [ 1.08334242e+00  2.30793910e-01]
 [ 1.08774159e+00  2.17830100e-01]
 [ 1.09208859e+00  2.12990423e-01]
 [ 1.09540685e+00  2.07959808e-01]
 [ 1.09747045e+00  1.99133957e-01]
 [ 1.10076802e+00  1.93043012e-01]
 [ 1.10243614e+00  1.88018945e-01]
 [ 1.10626153e+00  1.85487775e-01]
 [ 1.11116938e+00  1.72427883e-01]
 [ 1.11286692e+00  1.69346873e-01]
 [ 1.11671860e+00  1.66281708e-01]
 [ 1.11911158e+00  1.58615150e-01]
 [ 1.12441710e+00  1.52910254e-01]
 [ 1.12604989e+00  1.45576913e-01]
 [ 1.12966900e+00  1.37853669e-01]
 [ 1.13464989e+00  1.30336942e-01]
 [ 1.13953011e+00  1.23640866e-01]
 [ 1.14356967e+00  1.16141164e-01]
 [ 1.14682980e+00  1.08453648e-01]
 [ 1.14961022e+00  1.04084346e-01]
 [ 1.15592644e+00  1.03715572e-01]
 [ 1.15891294e+00  9.20804959e-02]
 [ 1.16508165e+00  8.99704097e-02]
 [ 1.16552025e+00  7.96551542e-02]
 [ 1.16973756e+00  7.35953366e-02]
 [ 1.17347061e+00  6.74340206e-02]
 [ 1.17978992e+00  5.80683775e-02]
 [ 1.18290815e+00  5.31566617e-02]
 [ 1.18788008e+00  4.62273760e-02]
 [ 1.19504841e+00  3.67210028e-02]
 [ 1.19910330e+00  3.48928947e-02]
 [ 1.20285400e+00  2.87867683e-02]
 [ 1.20542478e+00  2.35979600e-02]
 [ 1.22273879e+00  3.47700904e-03]
 [ 1.22703848e+00 -3.30479318e-03]
 [ 1.23613741e+00 -6.76654601e-03]
 [ 1.23737251e+00 -1.92544127e-02]
 [ 1.24885942e+00 -2.30511985e-02]
 [ 1.25770003e+00 -2.49479729e-02]
 [ 1.25940714e+00 -2.81540943e-02]
 [ 1.27038118e+00 -2.86334297e-02]
 [ 1.27851044e+00 -2.91850893e-02]
 [ 1.28912359e+00 -3.00195736e-02]]",13,70
0.01404455304275572,0.014301589014650392,0.08703757845473412,0.7,3.751753534432769,3.7645552120219694,0.9965994182926803,2000,256,"[[9.99997721e-01 6.60849448e-01 5.51731865e-01 3.24835115e-01
  4.80672201e-01 5.31609473e-01]
 [9.99997721e-01 6.31946033e-01 5.51944156e-01 3.08056029e-01
  4.48602935e-01 5.22897067e-01]
 [9.99997721e-01 6.60518129e-01 5.14260137e-01 3.52771327e-01
  4.89046236e-01 5.24694833e-01]
 ...
 [4.09429366e-05 4.92796503e-01 5.47622301e-01 5.67494715e-01
  4.69623862e-01 4.69559133e-01]
 [1.56962276e-04 4.90195978e-01 5.25793191e-01 5.55048232e-01
  4.30822775e-01 4.56829700e-01]
 [1.56962276e-04 4.87409054e-01 5.34623547e-01 5.99824575e-01
  4.28215448e-01 4.20956132e-01]]","[[-0.06220766  1.18633481]
 [-0.06189014  1.18196284]
 [-0.06129334  1.17363544]
 [-0.06112026  1.16846858]
 [-0.0597931   1.156067  ]
 [-0.05893138  1.14945097]
 [-0.05711552  1.14089188]
 [-0.05459832  1.13089556]
 [-0.05385602  1.12971797]
 [-0.05181098  1.12227276]
 [-0.0493282   1.11450841]
 [-0.04296735  1.10405124]
 [-0.04017102  1.10009948]
 [-0.03636483  1.09623077]
 [-0.03575577  1.09033222]
 [-0.0289878   1.08603735]
 [-0.02574313  1.08032539]
 [-0.02465916  1.07844812]
 [-0.01841003  1.07500071]
 [-0.01423722  1.07257404]
 [-0.01073899  1.07178632]
 [-0.00475292  1.07064218]
 [-0.00300993  1.06320327]
 [ 0.00661677  1.06072494]
 [ 0.01050001  1.05540529]
 [ 0.0157471   1.05072617]
 [ 0.02544551  1.04702825]
 [ 0.03262576  1.04434985]
 [ 0.03728857  1.04253851]
 [ 0.04886803  1.03899878]
 [ 0.05548623  1.03737679]
 [ 0.06022698  1.03599645]
 [ 0.0710564   1.03571999]
 [ 0.07238502  1.03353414]
 [ 0.08064731  1.03267192]
 [ 0.08919797  1.03246263]
 [ 0.09327164  1.03110591]
 [ 0.10249995  1.030076  ]
 [ 0.10618729  1.02930668]
 [ 0.11587939  1.02909938]
 [ 0.12321012  1.02805217]
 [ 0.13276041  1.02724626]
 [ 0.13790421  1.02646894]
 [ 0.1497908   1.02496852]
 [ 0.15945084  1.02414266]
 [ 0.16787859  1.02297991]
 [ 0.17303992  1.02228185]
 [ 0.18205653  1.02089708]
 [ 0.18406844  1.0206368 ]
 [ 0.1931812   1.01893924]
 [ 0.19962247  1.0184381 ]
 [ 0.20743563  1.01674248]
 [ 0.21708011  1.01609072]
 [ 0.22270618  1.01431663]
 [ 0.23348247  1.01354317]
 [ 0.23586623  1.01227223]
 [ 0.24374151  1.00966223]
 [ 0.24579884  1.00911232]
 [ 0.25596139  1.00664936]
 [ 0.26349723  1.00571985]
 [ 0.26583153  1.00455092]
 [ 0.27705113  1.00113867]
 [ 0.28538792  1.00002178]
 [ 0.29727064  0.99690362]
 [ 0.30883234  0.99298527]
 [ 0.31670131  0.99135597]
 [ 0.32382865  0.98972429]
 [ 0.33028878  0.98682656]
 [ 0.3323314   0.9862326 ]
 [ 0.34208582  0.9846428 ]
 [ 0.34857695  0.98130163]
 [ 0.35660629  0.97887473]
 [ 0.35986076  0.97823618]
 [ 0.36503238  0.97577352]
 [ 0.37337437  0.97562651]
 [ 0.37941995  0.97193056]
 [ 0.38924136  0.96716216]
 [ 0.39908285  0.96360099]
 [ 0.40406495  0.96279111]
 [ 0.41076464  0.95971678]
 [ 0.41825334  0.95769244]
 [ 0.42553406  0.95579627]
 [ 0.43154732  0.95451301]
 [ 0.43207114  0.95093652]
 [ 0.43845993  0.9492536 ]
 [ 0.44327337  0.94574153]
 [ 0.44932463  0.94531203]
 [ 0.45153725  0.94249478]
 [ 0.4651608   0.93690416]
 [ 0.47123828  0.93451959]
 [ 0.47688081  0.93115057]
 [ 0.48541515  0.92905643]
 [ 0.49238626  0.92523911]
 [ 0.49669137  0.92181258]
 [ 0.5002724   0.92168637]
 [ 0.50593979  0.91687012]
 [ 0.51307745  0.91334657]
 [ 0.52142724  0.91073305]
 [ 0.52401606  0.90918664]
 [ 0.52941598  0.90522521]
 [ 0.53716382  0.90326212]
 [ 0.54435299  0.89747431]
 [ 0.55306055  0.89316387]
 [ 0.55796006  0.89026636]
 [ 0.56199192  0.88729482]
 [ 0.56770735  0.88642637]
 [ 0.5742874   0.88237556]
 [ 0.57738878  0.87822214]
 [ 0.58117958  0.8779071 ]
 [ 0.58457668  0.87408225]
 [ 0.59036249  0.87082193]
 [ 0.60004744  0.86793935]
 [ 0.60656245  0.86097839]
 [ 0.61772819  0.85605351]
 [ 0.62386703  0.84886598]
 [ 0.62987614  0.84616854]
 [ 0.63560403  0.84245996]
 [ 0.64338933  0.83572226]
 [ 0.64414276  0.83551599]
 [ 0.65089325  0.83174304]
 [ 0.65409488  0.82790261]
 [ 0.65996186  0.82507774]
 [ 0.66170993  0.82262738]
 [ 0.66817589  0.81926999]
 [ 0.67110815  0.815074  ]
 [ 0.67913279  0.81376462]
 [ 0.68245687  0.8078494 ]
 [ 0.69185088  0.80283529]
 [ 0.69562378  0.79953833]
 [ 0.7024467   0.79508042]
 [ 0.70422689  0.78950606]
 [ 0.71385128  0.78425371]
 [ 0.72050304  0.77754355]
 [ 0.72919182  0.76900242]
 [ 0.73181985  0.76557204]
 [ 0.73978094  0.75943674]
 [ 0.74742704  0.75373766]
 [ 0.75423253  0.74660283]
 [ 0.75647836  0.74463788]
 [ 0.76491781  0.73923371]
 [ 0.76690626  0.73407717]
 [ 0.77071028  0.73147097]
 [ 0.77341776  0.72868001]
 [ 0.78143843  0.72141383]
 [ 0.78604953  0.71645396]
 [ 0.79161634  0.708349  ]
 [ 0.79989051  0.70455568]
 [ 0.80187719  0.69780355]
 [ 0.80310388  0.69684799]
 [ 0.80887537  0.69053702]
 [ 0.81615312  0.68128855]
 [ 0.8209387   0.67575284]
 [ 0.8258833   0.67395279]
 [ 0.83070414  0.66557282]
 [ 0.83078101  0.66344684]
 [ 0.84266044  0.65095269]
 [ 0.84750991  0.64445277]
 [ 0.85147832  0.64392514]
 [ 0.85541786  0.63966845]
 [ 0.86100792  0.62994002]
 [ 0.86448417  0.62402335]
 [ 0.86672917  0.61943066]
 [ 0.87027732  0.61337022]
 [ 0.87943805  0.60947911]
 [ 0.88013197  0.60093963]
 [ 0.88371968  0.5954225 ]
 [ 0.88843319  0.58859242]
 [ 0.88919582  0.58682633]
 [ 0.89570431  0.57748025]
 [ 0.89952293  0.57153271]
 [ 0.90431966  0.56420725]
 [ 0.90450347  0.56368887]
 [ 0.90803777  0.55760101]
 [ 0.91243192  0.5513682 ]
 [ 0.91576455  0.5459767 ]
 [ 0.9190438   0.5418812 ]
 [ 0.92179807  0.53497233]
 [ 0.9280333   0.52525407]
 [ 0.92995224  0.52369519]
 [ 0.93206364  0.51708872]
 [ 0.93588213  0.51635782]
 [ 0.9401326   0.50548829]
 [ 0.94297817  0.49915034]
 [ 0.94537164  0.4938041 ]
 [ 0.94775753  0.4886995 ]
 [ 0.95252788  0.4808423 ]
 [ 0.95456994  0.47576292]
 [ 0.95887618  0.46616345]
 [ 0.96182092  0.4612993 ]
 [ 0.96572908  0.46008433]
 [ 0.96970021  0.44891389]
 [ 0.97388798  0.43615864]
 [ 0.97711932  0.42835425]
 [ 0.97831177  0.42661334]
 [ 0.98111384  0.42152331]
 [ 0.98338544  0.41383131]
 [ 0.98362853  0.41332149]
 [ 0.98794838  0.40662315]
 [ 0.99114917  0.4062673 ]
 [ 0.99235252  0.39284865]
 [ 0.99500048  0.38567761]
 [ 0.99805249  0.38119721]
 [ 1.00003799  0.37331113]
 [ 1.00092017  0.37170647]
 [ 1.00305727  0.36388744]
 [ 1.00649156  0.35803826]
 [ 1.00919083  0.3504113 ]
 [ 1.01028789  0.3470006 ]
 [ 1.01133942  0.34016902]
 [ 1.01419402  0.33230313]
 [ 1.01779357  0.32629175]
 [ 1.020809    0.31175401]
 [ 1.02299818  0.30950062]
 [ 1.02471709  0.30278286]
 [ 1.02570582  0.29503223]
 [ 1.02771994  0.28971306]
 [ 1.02912568  0.28438942]
 [ 1.0302228   0.28071996]
 [ 1.03241599  0.27347765]
 [ 1.03614819  0.26688431]
 [ 1.037207    0.25259259]
 [ 1.03989992  0.24395322]
 [ 1.04125537  0.23937908]
 [ 1.0427206   0.23153114]
 [ 1.04529062  0.218443  ]
 [ 1.04704233  0.21321466]
 [ 1.04792493  0.2056913 ]
 [ 1.05079651  0.19350528]
 [ 1.05079788  0.19348758]
 [ 1.05291195  0.18149006]
 [ 1.05611124  0.17903119]
 [ 1.05664562  0.16007863]
 [ 1.05811248  0.15119061]
 [ 1.05949996  0.14258827]
 [ 1.06067545  0.14095195]
 [ 1.06119428  0.13114068]
 [ 1.06399219  0.11531561]
 [ 1.06441767  0.11366117]
 [ 1.06457965  0.10323708]
 [ 1.06567577  0.09452303]
 [ 1.06673704  0.08776701]
 [ 1.06695884  0.08272449]
 [ 1.06812002  0.07401757]
 [ 1.06895388  0.07101018]
 [ 1.06943733  0.06441118]
 [ 1.06958787 -0.04604241]
 [ 1.0712543  -0.05558551]
 [ 1.07430753 -0.06194466]
 [ 1.07604318 -0.06954321]
 [ 1.08146784 -0.0736743 ]
 [ 1.08492653 -0.0807812 ]
 [ 1.0920065  -0.08332017]
 [ 1.09630446 -0.08519067]
 [ 1.09908995 -0.0873814 ]
 [ 1.10360674 -0.08972014]
 [ 1.11910524 -0.09147959]]",14,70
0.015211651758472323,0.019314949189563647,0.1155071989141868,0.4725,3.7352296738427633,3.7645552120219694,0.992210092154699,2000,256,"[[9.99742316e-01 4.88115727e-01 5.75941486e-01 5.86469332e-01
  5.88814075e-01 4.77402197e-01]
 [9.99742316e-01 4.88115727e-01 5.75941486e-01 5.86469332e-01
  5.38749792e-01 4.91129954e-01]
 [9.99531215e-01 4.67324816e-01 5.75461784e-01 5.09730838e-01
  5.70353723e-01 4.77402197e-01]
 ...
 [2.86403486e-04 3.76185235e-01 6.32261211e-01 4.52633756e-01
  5.33875431e-01 6.25008588e-01]
 [5.57525248e-04 3.73399441e-01 5.92968211e-01 4.51155454e-01
  5.22818166e-01 6.51500153e-01]
 [5.57525248e-04 3.73399441e-01 6.00760766e-01 4.51263105e-01
  5.22818166e-01 6.69996234e-01]]","[[-1.60510982e-02  1.15516467e+00]
 [-1.48600211e-02  1.14891616e+00]
 [-1.44896925e-02  1.13935829e+00]
 [-1.41353953e-02  1.13173250e+00]
 [-1.26249282e-02  1.12360385e+00]
 [-1.08379811e-02  1.12199142e+00]
 [-6.83671319e-03  1.11110780e+00]
 [-6.66841105e-03  1.11099873e+00]
 [-1.80230486e-04  1.10696705e+00]
 [ 9.26945069e-03  1.09731885e+00]
 [ 1.43162460e-02  1.09318144e+00]
 [ 2.49396991e-02  1.08522553e+00]
 [ 2.49489513e-02  1.08521631e+00]
 [ 3.20340121e-02  1.07928364e+00]
 [ 4.02737668e-02  1.07467615e+00]
 [ 4.59178289e-02  1.07032018e+00]
 [ 4.66380710e-02  1.06978188e+00]
 [ 6.33384448e-02  1.06949825e+00]
 [ 6.37230232e-02  1.05951611e+00]
 [ 7.00925880e-02  1.05636682e+00]
 [ 7.40871732e-02  1.05404971e+00]
 [ 7.73287623e-02  1.05190468e+00]
 [ 9.21212264e-02  1.04588463e+00]
 [ 9.71898464e-02  1.04244325e+00]
 [ 9.94061872e-02  1.04097118e+00]
 [ 1.05496911e-01  1.03793036e+00]
 [ 1.15730431e-01  1.03428910e+00]
 [ 1.26046050e-01  1.03037461e+00]
 [ 1.31695125e-01  1.02787056e+00]
 [ 1.32128771e-01  1.02563262e+00]
 [ 1.44095583e-01  1.02128640e+00]
 [ 1.50895356e-01  1.01845897e+00]
 [ 1.61906365e-01  1.01404693e+00]
 [ 1.64081839e-01  1.01249605e+00]
 [ 1.73870180e-01  1.01171316e+00]
 [ 1.75420499e-01  1.00803096e+00]
 [ 1.83041035e-01  1.00558647e+00]
 [ 1.90796153e-01  1.00345076e+00]
 [ 1.98463279e-01  1.00033467e+00]
 [ 2.05690541e-01  9.97900483e-01]
 [ 2.14661685e-01  9.96646978e-01]
 [ 2.18045530e-01  9.93086264e-01]
 [ 2.25113541e-01  9.91005309e-01]
 [ 2.36753534e-01  9.89244230e-01]
 [ 2.41344727e-01  9.84264626e-01]
 [ 2.49433247e-01  9.83268378e-01]
 [ 2.50750970e-01  9.81822584e-01]
 [ 2.57612658e-01  9.79253299e-01]
 [ 2.61693619e-01  9.77966488e-01]
 [ 2.67790204e-01  9.76598114e-01]
 [ 2.75182972e-01  9.73876666e-01]
 [ 2.76344566e-01  9.73550351e-01]
 [ 2.87059917e-01  9.70271945e-01]
 [ 2.91742136e-01  9.68831626e-01]
 [ 3.00394200e-01  9.66907901e-01]
 [ 3.00866611e-01  9.66267572e-01]
 [ 3.09942144e-01  9.65719831e-01]
 [ 3.10146070e-01  9.63871446e-01]
 [ 3.18180269e-01  9.62367522e-01]
 [ 3.20112083e-01  9.61151816e-01]
 [ 3.28260513e-01  9.58843924e-01]
 [ 3.39841891e-01  9.58298277e-01]
 [ 3.41220677e-01  9.55323171e-01]
 [ 3.49921013e-01  9.52833832e-01]
 [ 3.55136788e-01  9.52064565e-01]
 [ 3.61391989e-01  9.49474848e-01]
 [ 3.73163337e-01  9.46186366e-01]
 [ 3.82698781e-01  9.45502677e-01]
 [ 3.91008458e-01  9.42618962e-01]
 [ 3.94573866e-01  9.40524027e-01]
 [ 4.01268904e-01  9.38351464e-01]
 [ 4.10451068e-01  9.37763300e-01]
 [ 4.17199199e-01  9.34763359e-01]
 [ 4.21411637e-01  9.34738097e-01]
 [ 4.29475032e-01  9.33101150e-01]
 [ 4.30276041e-01  9.31170202e-01]
 [ 4.36442851e-01  9.29355327e-01]
 [ 4.44403791e-01  9.27072034e-01]
 [ 4.51455380e-01  9.26743335e-01]
 [ 4.58182876e-01  9.23484221e-01]
 [ 4.69598953e-01  9.23281435e-01]
 [ 4.71789664e-01  9.20338777e-01]
 [ 4.80742831e-01  9.17836480e-01]
 [ 4.94265767e-01  9.13685442e-01]
 [ 5.04821882e-01  9.10702655e-01]
 [ 5.08331105e-01  9.09679439e-01]
 [ 5.18011452e-01  9.07873369e-01]
 [ 5.22588498e-01  9.04864017e-01]
 [ 5.30818893e-01  9.02788006e-01]
 [ 5.34646380e-01  9.01873118e-01]
 [ 5.41976517e-01  8.99867069e-01]
 [ 5.50340782e-01  8.96873756e-01]
 [ 5.52958876e-01  8.96036099e-01]
 [ 5.60062267e-01  8.94076663e-01]
 [ 5.67088265e-01  8.91673791e-01]
 [ 5.73148177e-01  8.89999776e-01]
 [ 5.86575773e-01  8.89157789e-01]
 [ 5.88475074e-01  8.85927849e-01]
 [ 5.96624731e-01  8.81887044e-01]
 [ 5.97017244e-01  8.80732625e-01]
 [ 6.08130519e-01  8.76612930e-01]
 [ 6.13163582e-01  8.73513864e-01]
 [ 6.20196680e-01  8.71478774e-01]
 [ 6.31124706e-01  8.69830826e-01]
 [ 6.33247148e-01  8.64964652e-01]
 [ 6.37636064e-01  8.63911960e-01]
 [ 6.49479944e-01  8.58536244e-01]
 [ 6.56369745e-01  8.55552001e-01]
 [ 6.61921892e-01  8.51592406e-01]
 [ 6.62881090e-01  8.51297109e-01]
 [ 6.73302071e-01  8.45999938e-01]
 [ 6.73523227e-01  8.43287982e-01]
 [ 6.83100730e-01  8.38185859e-01]
 [ 6.92140761e-01  8.31982049e-01]
 [ 6.92278375e-01  8.31792545e-01]
 [ 6.98590075e-01  8.27673988e-01]
 [ 7.03917380e-01  8.26018783e-01]
 [ 7.05126979e-01  8.22525154e-01]
 [ 7.14775671e-01  8.18159914e-01]
 [ 7.17798735e-01  8.14723772e-01]
 [ 7.23297920e-01  8.08980774e-01]
 [ 7.32457660e-01  8.01411805e-01]
 [ 7.35743119e-01  8.00771305e-01]
 [ 7.40596349e-01  7.97861114e-01]
 [ 7.46226922e-01  7.90623653e-01]
 [ 7.50342886e-01  7.87364872e-01]
 [ 7.57901393e-01  7.84271230e-01]
 [ 7.59005489e-01  7.81398813e-01]
 [ 7.61892942e-01  7.77516130e-01]
 [ 7.68489312e-01  7.73723982e-01]
 [ 7.78235720e-01  7.68766058e-01]
 [ 7.82644852e-01  7.63521445e-01]
 [ 7.88401883e-01  7.56364094e-01]
 [ 7.98471974e-01  7.51765054e-01]
 [ 8.06722037e-01  7.41921366e-01]
 [ 8.17860308e-01  7.35990436e-01]
 [ 8.25549217e-01  7.28591308e-01]
 [ 8.29123518e-01  7.24533235e-01]
 [ 8.34645758e-01  7.20387141e-01]
 [ 8.36479856e-01  7.18675004e-01]
 [ 8.42537895e-01  7.16179257e-01]
 [ 8.43188848e-01  7.13674890e-01]
 [ 8.50389528e-01  7.09005338e-01]
 [ 8.54481459e-01  7.05590892e-01]
 [ 8.62725075e-01  6.98639088e-01]
 [ 8.66034450e-01  6.96571492e-01]
 [ 8.71837453e-01  6.92380639e-01]
 [ 8.78444663e-01  6.89082214e-01]
 [ 8.80479205e-01  6.84835817e-01]
 [ 8.85268720e-01  6.84551640e-01]
 [ 8.93014750e-01  6.77616660e-01]
 [ 8.94802994e-01  6.74801971e-01]
 [ 8.98627993e-01  6.71127232e-01]
 [ 9.04263113e-01  6.65962436e-01]
 [ 9.11117670e-01  6.63230265e-01]
 [ 9.12799226e-01  6.62373433e-01]
 [ 9.16474852e-01  6.57038464e-01]
 [ 9.19762704e-01  6.55045213e-01]
 [ 9.21818642e-01  6.51524554e-01]
 [ 9.29421222e-01  6.45828777e-01]
 [ 9.33948899e-01  6.42759173e-01]
 [ 9.35276045e-01  6.39860238e-01]
 [ 9.40781426e-01  6.39334030e-01]
 [ 9.41981520e-01  6.36422075e-01]
 [ 9.47177231e-01  6.32437529e-01]
 [ 9.51089792e-01  6.27195631e-01]
 [ 9.56838262e-01  6.21878868e-01]
 [ 9.65356871e-01  6.17752018e-01]
 [ 9.66853475e-01  6.12871726e-01]
 [ 9.70393160e-01  6.08565021e-01]
 [ 9.74864616e-01  6.07072403e-01]
 [ 9.75510450e-01  6.03563639e-01]
 [ 9.78207327e-01  5.97828363e-01]
 [ 9.83880610e-01  5.91991428e-01]
 [ 9.89855087e-01  5.86268647e-01]
 [ 1.00008380e+00  5.76358788e-01]
 [ 1.00967141e+00  5.63809262e-01]
 [ 1.01002372e+00  5.61302120e-01]
 [ 1.01235181e+00  5.56917884e-01]
 [ 1.01609483e+00  5.50710757e-01]
 [ 1.01610907e+00  5.50698483e-01]
 [ 1.02127877e+00  5.43491191e-01]
 [ 1.02604698e+00  5.36081238e-01]
 [ 1.02816511e+00  5.31570046e-01]
 [ 1.03035233e+00  5.27080033e-01]
 [ 1.03110547e+00  5.24715667e-01]
 [ 1.03433680e+00  5.18468967e-01]
 [ 1.03813729e+00  5.10173659e-01]
 [ 1.04097068e+00  5.05655609e-01]
 [ 1.04348708e+00  4.98093842e-01]
 [ 1.04571506e+00  4.91552747e-01]
 [ 1.04889560e+00  4.85412241e-01]
 [ 1.04900762e+00  4.84876162e-01]
 [ 1.05139247e+00  4.77873684e-01]
 [ 1.05316116e+00  4.76232631e-01]
 [ 1.05482876e+00  4.69234098e-01]
 [ 1.05518038e+00  4.68335567e-01]
 [ 1.05591300e+00  4.58609948e-01]
 [ 1.05652017e+00  4.57247295e-01]
 [ 1.05885272e+00  4.49345731e-01]
 [ 1.05922907e+00  4.49079807e-01]
 [ 1.05983714e+00  2.32005940e-01]
 [ 1.06088091e+00  2.20816059e-01]
 [ 1.06127557e+00  2.13727115e-01]
 [ 1.06213594e+00  2.05373287e-01]
 [ 1.06336780e+00  1.94443194e-01]
 [ 1.06722106e+00  1.76740826e-01]
 [ 1.06803786e+00  1.73208902e-01]
 [ 1.07065503e+00  1.64612191e-01]
 [ 1.07454684e+00  1.53087403e-01]
 [ 1.07704873e+00  1.49167611e-01]
 [ 1.07896967e+00  1.43524321e-01]
 [ 1.08327165e+00  1.41230363e-01]
 [ 1.08409420e+00  1.31521463e-01]
 [ 1.08909740e+00  1.21157384e-01]
 [ 1.09132005e+00  1.17038400e-01]
 [ 1.09807763e+00  1.06473252e-01]
 [ 1.10019600e+00  1.00814958e-01]
 [ 1.10401681e+00  9.64014620e-02]
 [ 1.10756739e+00  8.82944390e-02]
 [ 1.10978206e+00  8.52887425e-02]
 [ 1.11199682e+00  8.06977366e-02]
 [ 1.11497376e+00  7.64909935e-02]
 [ 1.11806148e+00  7.50519005e-02]
 [ 1.11912024e+00  6.98901564e-02]
 [ 1.12192854e+00  6.69997408e-02]
 [ 1.12429770e+00  6.33888449e-02]
 [ 1.12710765e+00  5.99617071e-02]
 [ 1.13026015e+00  5.36465368e-02]
 [ 1.13669178e+00  4.34667969e-02]
 [ 1.14343895e+00  3.46745463e-02]
 [ 1.14686253e+00  3.14629220e-02]
 [ 1.15131162e+00  2.39637233e-02]
 [ 1.15745156e+00  1.69242264e-02]
 [ 1.15952274e+00  1.08037681e-02]
 [ 1.16381982e+00  4.63302988e-03]
 [ 1.16738337e+00  3.16492190e-03]
 [ 1.16836865e+00 -3.61840967e-03]
 [ 1.17245075e+00 -5.83672717e-03]
 [ 1.17877174e+00 -1.73228915e-02]
 [ 1.18407977e+00 -1.97508477e-02]
 [ 1.18811344e+00 -2.35400632e-02]
 [ 1.19696334e+00 -3.15571822e-02]
 [ 1.19754400e+00 -3.31569191e-02]
 [ 1.20296397e+00 -3.67742032e-02]
 [ 1.20931126e+00 -4.03942254e-02]
 [ 1.21603213e+00 -4.34535051e-02]
 [ 1.22376909e+00 -4.64400309e-02]
 [ 1.23259250e+00 -4.72395567e-02]
 [ 1.24007634e+00 -5.08988144e-02]
 [ 1.25365800e+00 -5.11761069e-02]
 [ 1.25597808e+00 -5.48684365e-02]
 [ 1.27178905e+00 -5.54945073e-02]
 [ 1.27599961e+00 -5.66012559e-02]
 [ 1.28822590e+00 -5.74256079e-02]
 [ 1.29702232e+00 -5.76563723e-02]]",15,70
0.01498013944152074,0.02047788919964907,0.15498216715279114,0.6635,3.738993106774285,3.7645552120219694,0.9932097940370098,2000,256,"[[0.99994082 0.44082597 0.47658526 0.54206268 0.49553203 0.47263928]
 [0.99994082 0.44082597 0.47784951 0.54235125 0.47348951 0.47263928]
 [0.99529278 0.43826178 0.50347861 0.5826317  0.48314992 0.49916252]
 ...
 [0.00179391 0.46002973 0.76403243 0.41302844 0.49630769 0.56338672]
 [0.00149569 0.41694416 0.76403243 0.41500004 0.74945935 0.55586159]
 [0.00149569 0.41694416 0.77179552 0.41500004 0.74945935 0.56896468]]","[[-0.04502277  1.27413477]
 [-0.04463391  1.27407632]
 [-0.03708499  1.26899485]
 [-0.03301085  1.2660348 ]
 [-0.02920795  1.2641282 ]
 [-0.02489873  1.26082675]
 [-0.02180294  1.25998832]
 [-0.01622912  1.25491551]
 [-0.0103702   1.25235952]
 [-0.00676666  1.24996143]
 [-0.00216724  1.24729562]
 [ 0.00354995  1.24437163]
 [ 0.01277748  1.24005471]
 [ 0.01622396  1.2380224 ]
 [ 0.02881864  1.23798312]
 [ 0.03343893  1.23065015]
 [ 0.04073523  1.22787872]
 [ 0.04680667  1.22554571]
 [ 0.05086751  1.22516959]
 [ 0.06210066  1.22254886]
 [ 0.06695987  1.22122578]
 [ 0.30856216  1.21799867]
 [ 0.30961324  1.21751631]
 [ 0.3161144   1.21141187]
 [ 0.32019642  1.20907702]
 [ 0.32937743  1.20349949]
 [ 0.33330263  1.20172281]
 [ 0.33574347  1.20015219]
 [ 0.34253471  1.19741315]
 [ 0.34381537  1.19447942]
 [ 0.35102676  1.19021171]
 [ 0.35102676  1.19021171]
 [ 0.3615789   1.18342644]
 [ 0.36707942  1.18013639]
 [ 0.37365326  1.17318861]
 [ 0.37372272  1.17318169]
 [ 0.38098888  1.16730178]
 [ 0.38659549  1.16409389]
 [ 0.39005888  1.16169828]
 [ 0.39543505  1.15802203]
 [ 0.39871812  1.15704396]
 [ 0.40276733  1.15088717]
 [ 0.40309774  1.14913851]
 [ 0.40862868  1.14673613]
 [ 0.41281862  1.14203412]
 [ 0.41797245  1.13682355]
 [ 0.42163133  1.13588759]
 [ 0.42471489  1.13031794]
 [ 0.42772289  1.12659258]
 [ 0.43080836  1.12461194]
 [ 0.43856107  1.11700232]
 [ 0.44087812  1.11490433]
 [ 0.44603467  1.11145297]
 [ 0.44807688  1.10850077]
 [ 0.45083486  1.10474822]
 [ 0.45743181  1.09784519]
 [ 0.46344773  1.09749463]
 [ 0.46448692  1.09082063]
 [ 0.46933125  1.08844106]
 [ 0.47074773  1.08664764]
 [ 0.47858515  1.08010284]
 [ 0.48171603  1.07541866]
 [ 0.48519272  1.07282019]
 [ 0.48916986  1.0689014 ]
 [ 0.49839035  1.06348415]
 [ 0.50453792  1.06139022]
 [ 0.50824659  1.05926322]
 [ 0.51517794  1.05697888]
 [ 0.52244611  1.05559474]
 [ 0.53330087  1.05320161]
 [ 0.53478875  1.05246151]
 [ 0.53850021  1.04889985]
 [ 0.54329288  1.04628407]
 [ 0.5519211   1.04554222]
 [ 0.5560274   1.04284506]
 [ 0.55892054  1.0371052 ]
 [ 0.56044338  1.03616679]
 [ 0.56853289  1.02921283]
 [ 0.56987642  1.02681269]
 [ 0.57754109  1.02093668]
 [ 0.58412993  1.01491622]
 [ 0.59032493  1.0102914 ]
 [ 0.5971727   1.00652625]
 [ 0.59830971  0.99992241]
 [ 0.6037332   0.99441945]
 [ 0.60682105  0.99169859]
 [ 0.60930054  0.98782508]
 [ 0.61409933  0.98194538]
 [ 0.6184768   0.9761398 ]
 [ 0.62235286  0.97192261]
 [ 0.62309081  0.97071286]
 [ 0.62897289  0.96257508]
 [ 0.63279911  0.95616578]
 [ 0.63568366  0.95201445]
 [ 0.63644481  0.94925195]
 [ 0.64072459  0.94476776]
 [ 0.64097031  0.94329854]
 [ 0.64650649  0.93897215]
 [ 0.64719125  0.93286221]
 [ 0.65118446  0.92652577]
 [ 0.65422114  0.92236344]
 [ 0.65649402  0.91843233]
 [ 0.65866977  0.91362445]
 [ 0.66247382  0.90773456]
 [ 0.66784853  0.8990691 ]
 [ 0.66965619  0.89507994]
 [ 0.6736649   0.88696644]
 [ 0.67845784  0.87589078]
 [ 0.68263629  0.87290966]
 [ 0.68487885  0.86891941]
 [ 0.68887667  0.85899105]
 [ 0.69249592  0.8537215 ]
 [ 0.69409402  0.84605142]
 [ 0.69806261  0.83789444]
 [ 0.70328975  0.82778145]
 [ 0.70330528  0.82777957]
 [ 0.70878849  0.81632555]
 [ 0.71251853  0.81400758]
 [ 0.71528306  0.80799434]
 [ 0.71793293  0.80448864]
 [ 0.72518425  0.79627129]
 [ 0.72861358  0.7918929 ]
 [ 0.73454024  0.78504704]
 [ 0.73998032  0.78159002]
 [ 0.74323239  0.78013368]
 [ 0.74507329  0.7731381 ]
 [ 0.74692796  0.77267008]
 [ 0.75411866  0.76564253]
 [ 0.76002951  0.7575491 ]
 [ 0.76487285  0.75753826]
 [ 0.76561751  0.74966994]
 [ 0.76791124  0.74438302]
 [ 0.77484482  0.73408945]
 [ 0.77916775  0.72922215]
 [ 0.78146107  0.72559125]
 [ 0.78478979  0.71888612]
 [ 0.78902143  0.71550436]
 [ 0.7930642   0.70427753]
 [ 0.79316184  0.70420178]
 [ 0.79634365  0.69827446]
 [ 0.80433888  0.69064392]
 [ 0.80870627  0.68439854]
 [ 0.80875505  0.68436827]
 [ 0.86939023  0.68426989]
 [ 0.87021573  0.68292833]
 [ 0.87692732  0.67490266]
 [ 0.88168123  0.66904019]
 [ 0.88653302  0.66412109]
 [ 0.889976    0.65862688]
 [ 0.89181735  0.65784035]
 [ 0.89407867  0.6510036 ]
 [ 0.89558847  0.65015648]
 [ 0.90017918  0.64273107]
 [ 0.90401459  0.6369834 ]
 [ 0.90743436  0.63153947]
 [ 0.91251852  0.6259462 ]
 [ 0.9147269   0.62052885]
 [ 0.91798323  0.61487788]
 [ 0.9222477   0.60905187]
 [ 0.92248419  0.60839796]
 [ 0.92727092  0.6034599 ]
 [ 0.92894219  0.60298904]
 [ 0.93397769  0.59362017]
 [ 0.93739134  0.58863962]
 [ 0.93747619  0.58429843]
 [ 0.93944198  0.58123654]
 [ 0.94480319  0.57273542]
 [ 0.94756576  0.56794938]
 [ 0.95308646  0.55946761]
 [ 0.96120041  0.55102994]
 [ 0.96126291  0.54949937]
 [ 0.96388225  0.53993255]
 [ 0.97067661  0.5241513 ]
 [ 0.97472111  0.51646509]
 [ 0.98011253  0.50456436]
 [ 0.98592646  0.49257104]
 [ 0.98982229  0.48554871]
 [ 0.99572206  0.47393744]
 [ 0.99760417  0.47297723]
 [ 0.99906725  0.46738668]
 [ 1.00417015  0.45969776]
 [ 1.00652735  0.45417187]
 [ 1.0107215   0.44747441]
 [ 1.01132156  0.44643248]
 [ 1.01500237  0.43837841]
 [ 1.02123259  0.42770873]
 [ 1.02349986  0.42366248]
 [ 1.02672176  0.41503143]
 [ 1.02699264  0.41500155]
 [ 1.03002971  0.40914963]
 [ 1.03470967  0.39704529]
 [ 1.03762347  0.3921801 ]
 [ 1.04097263  0.3823575 ]
 [ 1.04441946  0.37357266]
 [ 1.04611001  0.36894642]
 [ 1.04871126  0.36593461]
 [ 1.0504441   0.35803094]
 [ 1.05149764  0.35517495]
 [ 1.05385366  0.34830548]
 [ 1.05722867  0.33813238]
 [ 1.06115217  0.33594199]
 [ 1.06207931  0.32150229]
 [ 1.0642488   0.31538603]
 [ 1.06604323  0.30669289]
 [ 1.06912498  0.30087857]
 [ 1.07052084  0.29060252]
 [ 1.07166819  0.28705924]
 [ 1.07538183  0.27785521]
 [ 1.07726659  0.27245191]
 [ 1.0782611   0.26387953]
 [ 1.07984542  0.26145583]
 [ 1.08041423  0.25388695]
 [ 1.08236097  0.25287471]
 [ 1.08294824  0.24445093]
 [ 1.08356583  0.24215871]
 [ 1.08687583  0.23237102]
 [ 1.08782226  0.22484692]
 [ 1.09135968  0.21905217]
 [ 1.09162154  0.21080359]
 [ 1.09238375  0.20643262]
 [ 1.09493317  0.19691714]
 [ 1.09518809  0.19667792]
 [ 1.09755254  0.18638593]
 [ 1.10011162  0.18032501]
 [ 1.10105187  0.17492908]
 [ 1.10171066  0.1701254 ]
 [ 1.10337238  0.16531461]
 [ 1.10508698  0.15957912]
 [ 1.10655523  0.15215051]
 [ 1.10852892  0.14525105]
 [ 1.11162263  0.13454465]
 [ 1.11463571  0.12530021]
 [ 1.11751149  0.11536059]
 [ 1.12024954  0.10766719]
 [ 1.12134968  0.10131245]
 [ 1.12454202  0.09119122]
 [ 1.12708909  0.08786071]
 [ 1.12808029  0.08539411]
 [ 1.12862269  0.07923567]
 [ 1.1299638   0.07527282]
 [ 1.13311071  0.06998076]
 [ 1.13449489  0.0677122 ]
 [ 1.13686468  0.06095749]
 [ 1.14112709  0.05130325]
 [ 1.14542189  0.04933045]
 [ 1.14684654  0.04421924]
 [ 1.14985261  0.03694161]
 [ 1.15549398  0.03131579]
 [ 1.15905219  0.02692124]
 [ 1.16378197  0.02372299]
 [ 1.17155831  0.02216311]
 [ 1.1823197   0.02195748]
 [ 1.19050407  0.02119886]
 [ 1.19260249  0.020616  ]
 [ 1.22379356  0.02041969]
 [ 1.22382198  0.02010733]]",16,70
0.007019880057131671,0.014590694266331545,0.12987052576649868,0.8235,3.753643668768519,3.7645552120219694,0.9971015053200437,2000,256,"[[9.99996102e-01 7.79829698e-01 5.43419975e-01 5.86530128e-01
  4.34099320e-01 4.20150535e-01]
 [9.99996102e-01 7.79829698e-01 5.43419975e-01 5.86530128e-01
  4.50898731e-01 4.40618258e-01]
 [9.99996102e-01 7.08331180e-01 5.41511154e-01 5.86530128e-01
  4.34099320e-01 4.34409379e-01]
 ...
 [1.48281382e-03 4.94267520e-01 4.81128031e-01 5.06088631e-01
  5.33786803e-01 5.49603648e-01]
 [7.38389627e-04 4.47592715e-01 4.95079802e-01 5.55870563e-01
  5.35165180e-01 5.27106267e-01]
 [4.44250285e-05 4.47592715e-01 4.95079802e-01 5.58453796e-01
  5.32479899e-01 5.27106267e-01]]","[[ 0.02128939  1.17941685]
 [ 0.02213652  1.17700203]
 [ 0.02254456  1.13810316]
 [ 0.02260546  1.13293158]
 [ 0.02366475  1.12481344]
 [ 0.02549424  1.12019935]
 [ 0.02639245  1.10823239]
 [ 0.0290049   1.09807034]
 [ 0.03251868  1.09377585]
 [ 0.03410791  1.08475465]
 [ 0.03410791  1.08475465]
 [ 0.03845482  1.07339528]
 [ 0.04483981  1.06482491]
 [ 0.04578967  1.06100577]
 [ 0.04742146  1.0534428 ]
 [ 0.05312406  1.04604237]
 [ 0.05634101  1.04289162]
 [ 0.05789891  1.04147283]
 [ 0.06114903  1.03863881]
 [ 0.06543346  1.03559498]
 [ 0.0724338   1.03051629]
 [ 0.08178703  1.02539226]
 [ 0.08282612  1.02452482]
 [ 0.08887186  1.02192994]
 [ 0.09244619  1.02118866]
 [ 0.09859948  1.01994783]
 [ 0.10062236  1.01943657]
 [ 0.10775664  1.01766619]
 [ 0.11506258  1.01759427]
 [ 0.24910532  1.01754788]
 [ 0.25110751  1.01681382]
 [ 0.25870392  1.01627838]
 [ 0.26693116  1.0162193 ]
 [ 0.27091178  1.01424944]
 [ 0.27784896  1.01249454]
 [ 0.28876194  1.01095354]
 [ 0.30075346  1.00929446]
 [ 0.30583873  1.00792951]
 [ 0.31253888  1.00671624]
 [ 0.31883014  1.00479295]
 [ 0.33044855  1.00436013]
 [ 0.33516138  1.00104464]
 [ 0.34830885  0.99898133]
 [ 0.35385322  0.99678629]
 [ 0.36383563  0.99472662]
 [ 0.37141553  0.99230525]
 [ 0.37955804  0.98962649]
 [ 0.38693676  0.98875204]
 [ 0.38847095  0.98827513]
 [ 0.39747275  0.98657049]
 [ 0.40194457  0.98286668]
 [ 0.40532294  0.98191906]
 [ 0.41047767  0.98039629]
 [ 0.41855311  0.97773524]
 [ 0.42424176  0.97600011]
 [ 0.43128809  0.97454984]
 [ 0.43484571  0.97252908]
 [ 0.44182497  0.97104609]
 [ 0.45020763  0.96871417]
 [ 0.45332208  0.96833603]
 [ 0.4564887   0.96621071]
 [ 0.46247276  0.96582564]
 [ 0.46546633  0.96292158]
 [ 0.47033409  0.96114569]
 [ 0.47725872  0.959641  ]
 [ 0.48517882  0.95545666]
 [ 0.49754866  0.95178452]
 [ 0.501464    0.94900773]
 [ 0.50963267  0.94663426]
 [ 0.51444107  0.94353442]
 [ 0.52371327  0.94232433]
 [ 0.52454103  0.94146441]
 [ 0.53200637  0.93810187]
 [ 0.5399073   0.93278515]
 [ 0.54232264  0.93160064]
 [ 0.548825    0.92908929]
 [ 0.54979482  0.9277198 ]
 [ 0.5578684   0.92614182]
 [ 0.56049115  0.9233039 ]
 [ 0.56972805  0.9195005 ]
 [ 0.57229825  0.91726115]
 [ 0.58177477  0.91447737]
 [ 0.58760462  0.91196727]
 [ 0.58927042  0.90893598]
 [ 0.59380907  0.90660996]
 [ 0.60504434  0.90188207]
 [ 0.61467806  0.89803044]
 [ 0.61649315  0.89608865]
 [ 0.62236316  0.89580072]
 [ 0.62462362  0.89084517]
 [ 0.63435338  0.88713591]
 [ 0.63899141  0.88620339]
 [ 0.6409764   0.88212107]
 [ 0.64897596  0.87651274]
 [ 0.65482436  0.87296276]
 [ 0.65587119  0.87259589]
 [ 0.66327421  0.8712959 ]
 [ 0.66636562  0.86825271]
 [ 0.67644949  0.86305341]
 [ 0.67933679  0.85751317]
 [ 0.68226827  0.85626852]
 [ 0.68744678  0.85214652]
 [ 0.6951417   0.84694872]
 [ 0.69985688  0.84470797]
 [ 0.70241538  0.84229743]
 [ 0.70710065  0.83937776]
 [ 0.70914936  0.83647883]
 [ 0.71913641  0.83039748]
 [ 0.72436956  0.82731887]
 [ 0.73245382  0.81955453]
 [ 0.73661491  0.81464941]
 [ 0.74155783  0.8107386 ]
 [ 0.74630559  0.80630409]
 [ 0.74986719  0.80391907]
 [ 0.75274758  0.80092708]
 [ 0.76056897  0.79329215]
 [ 0.76627058  0.78857265]
 [ 0.76630391  0.78780357]
 [ 0.77123868  0.78337886]
 [ 0.77750632  0.77744401]
 [ 0.78550106  0.77136777]
 [ 0.78898992  0.76611524]
 [ 0.79186852  0.76165633]
 [ 0.80621224  0.7498588 ]
 [ 0.80643341  0.74508886]
 [ 0.81327399  0.74239583]
 [ 0.81485726  0.73796626]
 [ 0.8187166   0.72947367]
 [ 0.8213049   0.72610757]
 [ 0.82543533  0.72001275]
 [ 0.82940905  0.71524048]
 [ 0.83422387  0.70900636]
 [ 0.83581729  0.7058994 ]
 [ 0.84061505  0.69869104]
 [ 0.84528014  0.69187972]
 [ 0.84831302  0.68737203]
 [ 0.85145432  0.68239872]
 [ 0.85382508  0.67822263]
 [ 0.85902166  0.67078273]
 [ 0.85956817  0.66780265]
 [ 0.86339494  0.66213187]
 [ 0.86873445  0.65532863]
 [ 0.87079596  0.65133094]
 [ 0.87262819  0.64466568]
 [ 0.87556413  0.63843216]
 [ 0.88318085  0.62306275]
 [ 0.88634086  0.61632761]
 [ 0.88980766  0.61306341]
 [ 0.89105108  0.60682337]
 [ 0.89426783  0.59980993]
 [ 0.89795449  0.59053182]
 [ 0.89799772  0.59045278]
 [ 0.90098221  0.58303294]
 [ 0.90515449  0.57460679]
 [ 0.9074036   0.56763542]
 [ 0.90988764  0.56303491]
 [ 0.91066763  0.5594184 ]
 [ 0.91262108  0.55590354]
 [ 0.9141402   0.55207685]
 [ 0.91656384  0.54503232]
 [ 0.91660178  0.54501102]
 [ 0.91922854  0.53586846]
 [ 0.9205312   0.53207411]
 [ 0.9242188   0.52544349]
 [ 0.9244835   0.525131  ]
 [ 0.92738593  0.51568309]
 [ 0.92947956  0.50844772]
 [ 0.93124915  0.50349448]
 [ 0.93275712  0.49778085]
 [ 0.93718258  0.48828006]
 [ 0.9386354   0.48183214]
 [ 0.93894626  0.47659017]
 [ 0.9413016   0.46853606]
 [ 0.94389537  0.46344813]
 [ 0.94660627  0.45934077]
 [ 0.9467441   0.45016347]
 [ 0.94837998  0.44460765]
 [ 0.95071472  0.43752478]
 [ 0.95333341  0.43324359]
 [ 0.95486032  0.42655507]
 [ 0.9568219   0.41881389]
 [ 0.95714551  0.41686528]
 [ 0.95865681  0.40887904]
 [ 0.96148148  0.40022609]
 [ 0.9645639   0.38595122]
 [ 0.96678053  0.3784672 ]
 [ 0.96931454  0.3708838 ]
 [ 0.96992384  0.36784053]
 [ 0.97158171  0.36094724]
 [ 0.97337451  0.35662181]
 [ 0.97350828  0.35261166]
 [ 0.97468321  0.34772961]
 [ 0.97587907  0.34404801]
 [ 0.97874533  0.33576786]
 [ 0.97997474  0.32663998]
 [ 0.98121455  0.32189024]
 [ 0.98381964  0.31233713]
 [ 0.98488358  0.30499749]
 [ 0.98673439  0.2994463 ]
 [ 0.9885718   0.29198846]
 [ 0.98905224  0.29080887]
 [ 0.99035941  0.28393737]
 [ 0.99183569  0.27768732]
 [ 0.99534055  0.26970374]
 [ 0.99535236  0.2675901 ]
 [ 0.99755421  0.25555626]
 [ 0.99996276  0.24499162]
 [ 1.00193711  0.23538012]
 [ 1.00373532  0.22726701]
 [ 1.00646109  0.21883682]
 [ 1.00794245  0.21177532]
 [ 1.00980805  0.20285519]
 [ 1.01129165  0.19535263]
 [ 1.01365934  0.18623237]
 [ 1.01665953  0.18339148]
 [ 1.01701302  0.17326053]
 [ 1.01807817  0.16640712]
 [ 1.01955795  0.16027523]
 [ 1.02284881  0.1519303 ]
 [ 1.02426139  0.1516884 ]
 [ 1.02476043  0.1411956 ]
 [ 1.02645828  0.13527145]
 [ 1.02755621  0.12420446]
 [ 1.02895852  0.12098458]
 [ 1.03128152  0.11370401]
 [ 1.03218563  0.10442426]
 [ 1.03491055  0.09448215]
 [ 1.03658213  0.09436376]
 [ 1.03658385  0.08610537]
 [ 1.03958763  0.08046982]
 [ 1.03966135  0.07133407]
 [ 1.0402411   0.07081468]
 [ 1.04183386  0.06301373]
 [ 1.04205544  0.06053357]
 [ 1.04403686  0.05227864]
 [ 1.04519294  0.04888086]
 [ 1.04660983  0.041262  ]
 [ 1.04840716  0.03371118]
 [ 1.04934673  0.03026103]
 [ 1.04997177  0.02499522]
 [ 1.05118315  0.02041254]
 [ 1.05311764  0.01017824]
 [ 1.05578942  0.00440967]
 [ 1.05710789 -0.00399222]
 [ 1.05838313 -0.00974849]
 [ 1.05926514 -0.01720958]
 [ 1.06061262 -0.01916538]
 [ 1.06237471 -0.02990685]
 [ 1.06364438 -0.03624232]
 [ 1.06736093 -0.04760155]
 [ 1.06840511 -0.06014263]
 [ 1.07072201 -0.06896642]
 [ 1.0731926  -0.07574218]
 [ 1.0795097  -0.07874597]
 [ 1.08608395 -0.08288074]
 [ 1.08616505 -0.0837415 ]]",17,70
0.03508874739434484,0.029946816416511916,0.10764566056556762,0.0865,3.7234486944516885,3.7645552120219694,0.989080644257787,2000,256,"[[9.99674798e-01 3.37454266e-01 3.60278845e-01 4.21310883e-01
  3.99602341e-01 4.47362067e-01]
 [9.99495248e-01 4.08950132e-01 3.21263276e-01 4.21310883e-01
  3.99602341e-01 4.52753705e-01]
 [9.99511577e-01 4.47264161e-01 3.38321114e-01 4.21310883e-01
  3.95473838e-01 4.59017298e-01]
 ...
 [4.25547131e-05 5.62786291e-01 4.07277122e-01 5.04191872e-01
  5.23810405e-01 5.05427250e-01]
 [4.25547131e-05 5.52961988e-01 3.74958189e-01 5.03669944e-01
  5.65313171e-01 5.05427250e-01]
 [4.25547131e-05 5.87327935e-01 4.07984924e-01 4.99118780e-01
  5.65313171e-01 5.05427250e-01]]","[[-0.08392438  1.19175497]
 [-0.08345182  1.18107408]
 [-0.08267048  1.17361678]
 [-0.08155389  1.16664387]
 [-0.0815398   1.15711452]
 [-0.07952519  1.14801562]
 [-0.07917157  1.14567052]
 [-0.07439544  1.13515228]
 [-0.07171037  1.12966334]
 [-0.06870454  1.12138352]
 [-0.06232977  1.11899964]
 [-0.06073095  1.11873255]
 [ 0.18184827  1.11769406]
 [ 0.19019536  1.11721762]
 [ 0.19900865  1.11573347]
 [ 0.1990424   1.11534248]
 [ 0.21523598  1.11454038]
 [ 0.22479458  1.1136102 ]
 [ 0.24534543  1.1108177 ]
 [ 0.24736978  1.11031125]
 [ 0.26502529  1.10760624]
 [ 0.26691127  1.10717928]
 [ 0.27920335  1.10558356]
 [ 0.28922797  1.10540909]
 [ 0.29193677  1.10331616]
 [ 0.29747586  1.10215403]
 [ 0.30228674  1.10162393]
 [ 0.30821897  1.10103443]
 [ 0.32273013  1.09618529]
 [ 0.33007249  1.09483301]
 [ 0.34232085  1.09163276]
 [ 0.34567303  1.09034495]
 [ 0.35505581  1.08898631]
 [ 0.35976358  1.08708915]
 [ 0.36688837  1.08521591]
 [ 0.37366676  1.08358088]
 [ 0.38600867  1.07985223]
 [ 0.39274712  1.07763692]
 [ 0.40816539  1.07392143]
 [ 0.41586361  1.07152018]
 [ 0.41643813  1.06953358]
 [ 0.42363137  1.06727256]
 [ 0.43137963  1.06495842]
 [ 0.44073525  1.0613539 ]
 [ 0.44690627  1.05853248]
 [ 0.45141696  1.05616128]
 [ 0.45731878  1.05424893]
 [ 0.46334541  1.05150517]
 [ 0.47023429  1.04937028]
 [ 0.47201648  1.04742356]
 [ 0.48270619  1.0429383 ]
 [ 0.48903002  1.04029778]
 [ 0.49588698  1.03797959]
 [ 0.50447309  1.03293259]
 [ 0.51275728  1.0318287 ]
 [ 0.51793259  1.0278459 ]
 [ 0.52549533  1.02471514]
 [ 0.52961801  1.0205386 ]
 [ 0.53869482  1.01687535]
 [ 0.54557727  1.01306306]
 [ 0.55218933  1.00983552]
 [ 0.56049485  1.00825849]
 [ 0.56627546  1.00261185]
 [ 0.5676499   1.00032997]
 [ 0.57565362  0.9959271 ]
 [ 0.58113479  0.99381688]
 [ 0.58687062  0.99165281]
 [ 0.59259241  0.98649412]
 [ 0.59688487  0.98502709]
 [ 0.60712873  0.98050805]
 [ 0.61415586  0.97743011]
 [ 0.61534632  0.97385274]
 [ 0.61867091  0.97128801]
 [ 0.62722955  0.96805383]
 [ 0.64002765  0.95875119]
 [ 0.64729932  0.95590156]
 [ 0.65135356  0.95321415]
 [ 0.65745769  0.94986719]
 [ 0.66586418  0.94387481]
 [ 0.6702644   0.94053557]
 [ 0.67469061  0.93796215]
 [ 0.68378913  0.93289064]
 [ 0.69153616  0.92789688]
 [ 0.69669472  0.92526726]
 [ 0.70199033  0.92263826]
 [ 0.70926389  0.91768194]
 [ 0.71571208  0.91404264]
 [ 0.72029244  0.91020188]
 [ 0.73117799  0.90323638]
 [ 0.73595342  0.90009441]
 [ 0.74307146  0.89530136]
 [ 0.74985946  0.89124407]
 [ 0.75692709  0.88633018]
 [ 0.75913204  0.88522494]
 [ 0.76628188  0.88130609]
 [ 0.76662048  0.88128301]
 [ 0.77374134  0.87733916]
 [ 0.77852301  0.87109723]
 [ 0.78064956  0.87004308]
 [ 0.78783871  0.86972859]
 [ 0.79310799  0.86181348]
 [ 0.798155    0.85984214]
 [ 0.80132771  0.85509994]
 [ 0.806365    0.85113299]
 [ 0.81008388  0.84793541]
 [ 0.81703838  0.84496374]
 [ 0.8181665   0.84387731]
 [ 0.82360437  0.83798066]
 [ 0.82893582  0.83500179]
 [ 0.83524282  0.82967806]
 [ 0.84395886  0.82225568]
 [ 0.84922882  0.8201538 ]
 [ 0.85261281  0.81654286]
 [ 0.85502532  0.81436203]
 [ 0.86166748  0.80699139]
 [ 0.87115205  0.80227454]
 [ 0.87874137  0.79240173]
 [ 0.8838989   0.78784041]
 [ 0.88896086  0.7827105 ]
 [ 0.89327351  0.7791604 ]
 [ 0.90061055  0.77399771]
 [ 0.90088985  0.76949355]
 [ 0.90383902  0.76402473]
 [ 0.90516111  0.76247334]
 [ 0.91044517  0.75888952]
 [ 0.91114229  0.75765193]
 [ 0.91522474  0.75164478]
 [ 0.91902765  0.75066667]
 [ 0.92212627  0.74364928]
 [ 0.92694171  0.73832259]
 [ 0.93383445  0.72876196]
 [ 0.93870781  0.72249829]
 [ 0.94063174  0.72143243]
 [ 0.94396686  0.71479141]
 [ 0.94746589  0.71034943]
 [ 0.94987309  0.71017613]
 [ 0.95180801  0.702881  ]
 [ 0.95782367  0.6987578 ]
 [ 0.95972737  0.69202172]
 [ 0.96465866  0.68344738]
 [ 0.97150832  0.66966804]
 [ 0.97260931  0.66762483]
 [ 0.97415216  0.66222608]
 [ 0.97852958  0.66161003]
 [ 0.98061815  0.65648296]
 [ 0.98302126  0.64715801]
 [ 0.98801953  0.63991836]
 [ 0.98870563  0.63677662]
 [ 0.98975291  0.63073912]
 [ 0.99377032  0.62578143]
 [ 0.99992332  0.60836941]
 [ 1.0030783   0.60205951]
 [ 1.00753539  0.59655498]
 [ 1.00973785  0.58651734]
 [ 1.01282353  0.5791192 ]
 [ 1.01448808  0.57321094]
 [ 1.01692863  0.5666361 ]
 [ 1.01864505  0.56106546]
 [ 1.02211665  0.55276123]
 [ 1.02569511  0.54546848]
 [ 1.02761096  0.53894261]
 [ 1.03158412  0.53192009]
 [ 1.03511893  0.52775853]
 [ 1.0364951   0.52345743]
 [ 1.03875172  0.51193459]
 [ 1.04128888  0.50569217]
 [ 1.0451385   0.50035668]
 [ 1.0476084   0.48930524]
 [ 1.04771748  0.487172  ]
 [ 1.05145913  0.48115815]
 [ 1.05340211  0.47257732]
 [ 1.05613455  0.46590323]
 [ 1.06014171  0.46020301]
 [ 1.06134348  0.45205816]
 [ 1.0637354   0.44721363]
 [ 1.06890756  0.44106572]
 [ 1.07067929  0.43353793]
 [ 1.07404378  0.42694983]
 [ 1.07479033  0.41953017]
 [ 1.07580306  0.41533368]
 [ 1.07931558  0.40806264]
 [ 1.07931558  0.40806264]
 [ 1.08471307  0.3977177 ]
 [ 1.08845698  0.3904284 ]
 [ 1.08890066  0.3811252 ]
 [ 1.09209911  0.3779354 ]
 [ 1.09375287  0.36798898]
 [ 1.09680623  0.36237246]
 [ 1.09812912  0.35895615]
 [ 1.10082759  0.34946605]
 [ 1.10348834  0.34099644]
 [ 1.10654654  0.33206959]
 [ 1.10974001  0.32538233]
 [ 1.11264925  0.31703992]
 [ 1.11515575  0.31069863]
 [ 1.11791606  0.30970329]
 [ 1.11820644  0.30253799]
 [ 1.11974079  0.29497322]
 [ 1.12257497  0.28862735]
 [ 1.12296004  0.28783616]
 [ 1.12512474  0.28065008]
 [ 1.12765257  0.27623729]
 [ 1.12943458  0.26879869]
 [ 1.13146571  0.26278174]
 [ 1.13421262  0.25602888]
 [ 1.13582401  0.2506714 ]
 [ 1.13709865  0.24600454]
 [ 1.13772459  0.24115714]
 [ 1.14180598  0.23382427]
 [ 1.14257745  0.2322734 ]
 [ 1.14394935  0.22233069]
 [ 1.14846234  0.20763694]
 [ 1.15116514  0.20052342]
 [ 1.15353993  0.19936662]
 [ 1.15673244  0.18331231]
 [ 1.15857005  0.17506391]
 [ 1.16259584  0.16166794]
 [ 1.16468836  0.15398792]
 [ 1.16902037  0.14144785]
 [ 1.17006972  0.13619747]
 [ 1.17262989  0.13064087]
 [ 1.17719093  0.11788186]
 [ 1.17798813  0.11613147]
 [ 1.17969839  0.10361742]
 [ 1.18269072  0.09465597]
 [ 1.18424008  0.08845296]
 [ 1.1863785   0.08194448]
 [ 1.18781151  0.07470894]
 [ 1.19013381  0.06878288]
 [ 1.19289715  0.06156024]
 [ 1.19311414  0.05671989]
 [ 1.19716838  0.05074578]
 [ 1.19855419  0.04293502]
 [ 1.20072957  0.03189968]
 [ 1.20086196  0.03126605]
 [ 1.20552476  0.02129921]
 [ 1.20763369  0.01293985]
 [ 1.21038447  0.00787887]
 [ 1.21351091 -0.00137558]
 [ 1.21681926 -0.01289715]
 [ 1.2173884  -0.01388475]
 [ 1.22041883 -0.02602798]
 [ 1.2234411  -0.03413662]
 [ 1.22571781 -0.03539192]
 [ 1.22816517 -0.04240529]
 [ 1.23109019 -0.0477428 ]
 [ 1.23442758 -0.05811338]
 [ 1.24221363 -0.05895144]
 [ 1.24481588 -0.05996791]
 [ 1.24527719 -0.06623828]
 [ 1.24671959 -0.06849726]
 [ 1.25395105 -0.07115541]
 [ 1.25960484 -0.07211428]
 [ 1.26612056 -0.07448063]
 [ 1.27756819 -0.07457314]
 [ 1.28012757 -0.07572959]]",18,70
0.0023796031814508362,0.015947243463974532,0.11148837804666094,0.769,3.7575011575608603,3.7645552120219694,0.9981261917903128,2000,256,"[[9.99921716e-01 4.49664589e-01 5.13779652e-01 4.62562343e-01
  5.79700935e-01 5.23022527e-01]
 [9.99887041e-01 4.56234393e-01 5.12107784e-01 4.61054810e-01
  5.40840392e-01 5.15222696e-01]
 [9.99887041e-01 4.56234393e-01 5.12107784e-01 4.79006170e-01
  4.94117074e-01 5.13960176e-01]
 ...
 [2.99072881e-05 3.72088067e-01 4.32409882e-01 4.51854915e-01
  5.01953746e-01 5.30286211e-01]
 [2.25398777e-06 3.72122329e-01 3.94402162e-01 4.82339813e-01
  5.02641682e-01 5.17611596e-01]
 [2.99077680e-05 3.72122329e-01 3.98942764e-01 4.51882090e-01
  5.01953849e-01 5.68808253e-01]]","[[-0.081804    1.06749325]
 [-0.08002106  1.06216387]
 [-0.07639253  1.0585784 ]
 [-0.06312822  1.05044507]
 [-0.05869181  1.04991904]
 [-0.05583932  1.04859818]
 [ 0.13153729  1.04855874]
 [ 0.14466705  1.04757904]
 [ 0.14796777  1.0468014 ]
 [ 0.15771045  1.04583407]
 [ 0.16433194  1.04519234]
 [ 0.16534538  1.04460093]
 [ 0.17601645  1.04299862]
 [ 0.17940267  1.04233924]
 [ 0.18998304  1.04072763]
 [ 0.19041495  1.04071914]
 [ 0.19746819  1.03948155]
 [ 0.20948702  1.03681975]
 [ 0.21604194  1.03586148]
 [ 0.21663354  1.03553839]
 [ 0.22359064  1.0342647 ]
 [ 0.228712    1.03360998]
 [ 0.23302577  1.03263379]
 [ 0.24139784  1.03057987]
 [ 0.24968828  1.02828849]
 [ 0.25637765  1.02722931]
 [ 0.25965752  1.0262273 ]
 [ 0.26720305  1.02521059]
 [ 0.27366189  1.02314169]
 [ 0.2743033   1.02258727]
 [ 0.28434809  1.02082442]
 [ 0.28619134  1.01930064]
 [ 0.29691783  1.01606776]
 [ 0.31089616  1.01177875]
 [ 0.3193675   1.00907154]
 [ 0.32823115  1.00629204]
 [ 0.33564161  1.00590917]
 [ 0.33969232  1.00252046]
 [ 0.34501292  1.00073428]
 [ 0.35395718  0.99847778]
 [ 0.35453233  0.9976446 ]
 [ 0.36094183  0.99497553]
 [ 0.365438    0.99325235]
 [ 0.37545055  0.99000247]
 [ 0.38395727  0.98650266]
 [ 0.39013249  0.98397662]
 [ 0.395496    0.98142108]
 [ 0.40201006  0.9800227 ]
 [ 0.40806479  0.97858371]
 [ 0.41331429  0.97455638]
 [ 0.41854597  0.97168729]
 [ 0.422142    0.97024042]
 [ 0.42745157  0.96829784]
 [ 0.42959795  0.96709448]
 [ 0.43313294  0.96507873]
 [ 0.44274133  0.96153253]
 [ 0.44789767  0.95895151]
 [ 0.45875182  0.95484722]
 [ 0.46629787  0.94946707]
 [ 0.47260733  0.94690605]
 [ 0.4736408   0.94627512]
 [ 0.4787442   0.94272315]
 [ 0.4829079   0.94143331]
 [ 0.48737488  0.9392008 ]
 [ 0.48894614  0.93847526]
 [ 0.49464295  0.93459745]
 [ 0.49812571  0.93411924]
 [ 0.50256422  0.93026662]
 [ 0.50736369  0.92720085]
 [ 0.51258548  0.92409687]
 [ 0.51908235  0.92154615]
 [ 0.52289679  0.918368  ]
 [ 0.52969162  0.91378415]
 [ 0.5363487   0.91071458]
 [ 0.53672705  0.91030086]
 [ 0.54197487  0.90678928]
 [ 0.54419581  0.9050543 ]
 [ 0.54972796  0.90372119]
 [ 0.55161445  0.90246541]
 [ 0.55656294  0.89779203]
 [ 0.55781523  0.89666882]
 [ 0.56892269  0.89164519]
 [ 0.57128056  0.88776132]
 [ 0.57512495  0.88547625]
 [ 0.58093195  0.88388893]
 [ 0.58817505  0.87658876]
 [ 0.5898396   0.87536182]
 [ 0.59517281  0.87207737]
 [ 0.60103531  0.86642886]
 [ 0.60483935  0.86363029]
 [ 0.61081591  0.86039331]
 [ 0.61777739  0.85639354]
 [ 0.62015275  0.85260061]
 [ 0.62315668  0.85017477]
 [ 0.6270932   0.84742186]
 [ 0.63088961  0.84406144]
 [ 0.63539551  0.84221123]
 [ 0.63787366  0.83799173]
 [ 0.64547599  0.83277689]
 [ 0.65103802  0.8275622 ]
 [ 0.65686875  0.82428878]
 [ 0.66068896  0.82203105]
 [ 0.66191706  0.82044419]
 [ 0.66819413  0.82015823]
 [ 0.66854176  0.81383849]
 [ 0.67181865  0.81008416]
 [ 0.67931862  0.80374407]
 [ 0.68138785  0.80113098]
 [ 0.68641625  0.7990501 ]
 [ 0.68989161  0.79433512]
 [ 0.69203691  0.79336059]
 [ 0.69623445  0.78880328]
 [ 0.69723634  0.78662773]
 [ 0.70018064  0.78442013]
 [ 0.70679968  0.7782537 ]
 [ 0.70901136  0.77612618]
 [ 0.71314176  0.77558604]
 [ 0.71586309  0.769716  ]
 [ 0.72112537  0.76336006]
 [ 0.72615198  0.76000479]
 [ 0.73070233  0.75476051]
 [ 0.73248426  0.75276711]
 [ 0.73709806  0.74873074]
 [ 0.73997313  0.74733511]
 [ 0.74076432  0.74362985]
 [ 0.74470921  0.73976506]
 [ 0.7477288   0.7355305 ]
 [ 0.7508727   0.73342342]
 [ 0.75398007  0.72983475]
 [ 0.75724999  0.72485962]
 [ 0.76527123  0.71838721]
 [ 0.76631082  0.71473941]
 [ 0.77044149  0.71052082]
 [ 0.7742945   0.70612659]
 [ 0.77621059  0.70357952]
 [ 0.78006581  0.69956869]
 [ 0.78290368  0.69514487]
 [ 0.78519412  0.69328875]
 [ 0.78942017  0.68872769]
 [ 0.79182053  0.6853197 ]
 [ 0.79562116  0.68051275]
 [ 0.79771971  0.67698106]
 [ 0.79960955  0.67546938]
 [ 0.80515217  0.66888108]
 [ 0.80881186  0.66429933]
 [ 0.81234551  0.65880316]
 [ 0.81519408  0.65442704]
 [ 0.81894488  0.65091151]
 [ 0.82448506  0.64318005]
 [ 0.83044028  0.63444711]
 [ 0.83269197  0.62987952]
 [ 0.83733583  0.62541577]
 [ 0.83997014  0.62138671]
 [ 0.84231223  0.61628962]
 [ 0.84654993  0.61040466]
 [ 0.85189782  0.60422297]
 [ 0.85214522  0.60216702]
 [ 0.85422143  0.59809785]
 [ 0.85785451  0.59197617]
 [ 0.86071015  0.58735481]
 [ 0.86434704  0.58217319]
 [ 0.86759885  0.57791102]
 [ 0.86886554  0.57446945]
 [ 0.87174306  0.56963948]
 [ 0.87487099  0.56604657]
 [ 0.87592593  0.56324935]
 [ 0.87898193  0.55724611]
 [ 0.87898887  0.55723838]
 [ 0.88272722  0.55162885]
 [ 0.88435429  0.54889918]
 [ 0.88668213  0.54466642]
 [ 0.88713579  0.54390666]
 [ 0.88945371  0.53909112]
 [ 0.89193531  0.53740244]
 [ 0.89452099  0.5321064 ]
 [ 0.89857571  0.52249511]
 [ 0.90050182  0.51845087]
 [ 0.90451772  0.51296622]
 [ 0.90574712  0.51060081]
 [ 0.90792438  0.50623876]
 [ 0.91135644  0.49977483]
 [ 0.91240088  0.49717069]
 [ 0.91657179  0.48921315]
 [ 0.91780986  0.48693843]
 [ 0.92003268  0.48204673]
 [ 0.92511094  0.46992409]
 [ 0.92650862  0.46593287]
 [ 0.92865782  0.461119  ]
 [ 0.93286172  0.45691048]
 [ 0.93424021  0.4507723 ]
 [ 0.93678312  0.4463991 ]
 [ 0.93714543  0.44367749]
 [ 0.93942275  0.43840707]
 [ 0.9413155   0.4376531 ]
 [ 0.94252607  0.42936547]
 [ 0.94539823  0.42648198]
 [ 0.9472112   0.4213237 ]
 [ 0.95112531  0.41247855]
 [ 0.95153856  0.40819489]
 [ 0.95221178  0.40515112]
 [ 0.95398996  0.40227645]
 [ 0.95482121  0.39978124]
 [ 0.95846661  0.39206838]
 [ 0.95975081  0.3859719 ]
 [ 0.96211095  0.38048761]
 [ 0.96539729  0.37023973]
 [ 0.96807994  0.3693849 ]
 [ 0.96850713  0.36259271]
 [ 0.97018068  0.35525692]
 [ 0.97238246  0.35164873]
 [ 0.97390754  0.3465538 ]
 [ 0.97421786  0.3430417 ]
 [ 0.97841783  0.33172704]
 [ 0.98053313  0.32819977]
 [ 0.98085025  0.32213193]
 [ 0.98422043  0.31668911]
 [ 0.98480438  0.30782514]
 [ 0.98785739  0.30642726]
 [ 0.98863846  0.30223574]
 [ 0.98884474  0.29599817]
 [ 0.9910401   0.29198754]
 [ 0.99153236  0.28516526]
 [ 0.99221825  0.28152648]
 [ 0.99398765  0.2729666 ]
 [ 0.99568353  0.26540014]
 [ 0.99745772  0.26165737]
 [ 0.99761242  0.25760873]
 [ 0.99908147  0.2550247 ]
 [ 0.99965732  0.2470921 ]
 [ 1.00251379  0.23757598]
 [ 1.00382286  0.23338173]
 [ 1.0042327   0.22481521]
 [ 1.00676512  0.21342561]
 [ 1.00866406  0.20742895]
 [ 1.00883502  0.19916476]
 [ 1.01076382  0.19341085]
 [ 1.0113297   0.18853053]
 [ 1.01159928  0.18181947]
 [ 1.01223138  0.18026311]
 [ 1.01290597  0.17202589]
 [ 1.01410234  0.16543882]
 [ 1.01445135  0.15805047]
 [ 1.01526578  0.15444095]
 [ 1.01590786  0.14670938]
 [ 1.01656009 -0.03010682]
 [ 1.01767834 -0.03248049]
 [ 1.02154906 -0.03847079]
 [ 1.02766391 -0.04220748]
 [ 1.03298342 -0.04280951]
 [ 1.03980104 -0.05001567]
 [ 1.04579134 -0.05120055]
 [ 1.05284053 -0.05152008]
 [ 1.05540829 -0.05194396]
 [ 1.06242763 -0.05299868]
 [ 1.06992337 -0.05310923]
 [ 1.07522394 -0.05382464]]",19,70
