GD,IGD,Hausdorff,Recall,HV_pred,HV_gt,HV_ratio,n_pf_gt,n_pareto_x,pareto_X,pareto_Y,seed,n_train
0.0054503394491519875,0.005210564294482589,0.043983992928200225,0.992,3.755505461823738,3.7645552120219694,0.9975960638934637,2000,256,"[[9.99784406e-01 5.25157251e-01 4.08173332e-01 6.10009089e-01
  3.66373937e-01 4.68650779e-01]
 [9.99784406e-01 5.21886596e-01 4.09029837e-01 6.34231821e-01
  3.69406967e-01 4.87537404e-01]
 [9.98682091e-01 5.09298716e-01 3.85671445e-01 5.49139771e-01
  4.18858765e-01 4.20194974e-01]
 ...
 [4.80951894e-03 5.00011101e-01 4.85547504e-01 5.18144860e-01
  6.18663928e-01 4.80093033e-01]
 [2.58923816e-05 4.97205173e-01 4.76913054e-01 5.46602427e-01
  6.30585074e-01 4.33249934e-01]
 [2.58923816e-05 5.47738540e-01 4.79264781e-01 4.86321402e-01
  6.10935527e-01 4.38591828e-01]]","[[-1.42830175e-01  1.16928263e+00]
 [-1.40626493e-01  1.17001669e+00]
 [-1.38339667e-01  1.15249672e+00]
 [-1.38448871e-01  1.14499486e+00]
 [-1.37758089e-01  1.14059765e+00]
 [-1.33378937e-01  1.13905663e+00]
 [-1.32946464e-01  1.13569192e+00]
 [-1.30819710e-01  1.12625223e+00]
 [-1.18180401e-01  1.12324013e+00]
 [-1.08881082e-01  1.12589311e+00]
 [-1.03089789e-01  1.12386752e+00]
 [-9.55860536e-02  1.12250215e+00]
 [-9.60933252e-02  1.11849209e+00]
 [-9.14234712e-02  1.11536411e+00]
 [-8.51645175e-02  1.11522991e+00]
 [-7.78398343e-02  1.11326667e+00]
 [-7.04151447e-02  1.10969485e+00]
 [-5.75098619e-02  1.10683035e+00]
 [-5.05233662e-02  1.10511323e+00]
 [-4.04130202e-02  1.10342072e+00]
 [-3.16639796e-02  1.09984577e+00]
 [-2.94861438e-02  1.10145920e+00]
 [-1.44306455e-02  1.09748285e+00]
 [-8.10898419e-03  1.09638452e+00]
 [ 1.40747878e-03  1.09370516e+00]
 [ 1.14999300e-02  1.09075703e+00]
 [ 1.86613480e-02  1.09166607e+00]
 [ 2.42105725e-02  1.08578097e+00]
 [ 3.20641281e-02  1.08579373e+00]
 [ 4.00703846e-02  1.08332235e+00]
 [ 5.54257905e-02  1.07920372e+00]
 [ 6.04234213e-02  1.07685673e+00]
 [ 6.60486572e-02  1.07763602e+00]
 [ 6.97046082e-02  1.07413577e+00]
 [ 7.54989742e-02  1.07275120e+00]
 [ 8.34691232e-02  1.06995271e+00]
 [ 8.84887164e-02  1.06910249e+00]
 [ 1.01412770e-01  1.06738376e+00]
 [ 1.03392111e-01  1.06511190e+00]
 [ 1.13005432e-01  1.06451572e+00]
 [ 1.19349480e-01  1.06043133e+00]
 [ 1.21538232e-01  1.05982566e+00]
 [ 1.37934945e-01  1.05451663e+00]
 [ 1.40668688e-01  1.05402894e+00]
 [ 1.49408583e-01  1.05076608e+00]
 [ 1.51865620e-01  1.05113535e+00]
 [ 1.67289698e-01  1.04703523e+00]
 [ 1.75567871e-01  1.04258183e+00]
 [ 1.75799980e-01  1.04254637e+00]
 [ 1.84512009e-01  1.04000352e+00]
 [ 1.88092496e-01  1.03909914e+00]
 [ 1.99029180e-01  1.03604633e+00]
 [ 2.08935018e-01  1.03334293e+00]
 [ 2.13718049e-01  1.02988074e+00]
 [ 2.25588059e-01  1.02580909e+00]
 [ 2.31784730e-01  1.02505109e+00]
 [ 2.38555399e-01  1.02289474e+00]
 [ 2.58101398e-01  1.01529630e+00]
 [ 2.65217301e-01  1.01172958e+00]
 [ 2.67442423e-01  1.01114670e+00]
 [ 2.74839818e-01  1.01086054e+00]
 [ 2.80571344e-01  1.00639223e+00]
 [ 2.83229754e-01  1.00508120e+00]
 [ 2.91248144e-01  1.00292210e+00]
 [ 2.97105435e-01  1.00069393e+00]
 [ 3.04388383e-01  9.98336661e-01]
 [ 3.13982031e-01  9.94082785e-01]
 [ 3.18220780e-01  9.92983957e-01]
 [ 3.24347761e-01  9.90028897e-01]
 [ 3.31858218e-01  9.86756606e-01]
 [ 3.37324975e-01  9.84508744e-01]
 [ 3.43985812e-01  9.81516545e-01]
 [ 3.51825701e-01  9.77274038e-01]
 [ 3.69715285e-01  9.70915404e-01]
 [ 3.74902653e-01  9.67836039e-01]
 [ 3.83173494e-01  9.66802567e-01]
 [ 3.86802629e-01  9.62099231e-01]
 [ 3.93266317e-01  9.59926146e-01]
 [ 3.96955647e-01  9.57804378e-01]
 [ 4.03617023e-01  9.55174748e-01]
 [ 4.10707242e-01  9.52730854e-01]
 [ 4.17869326e-01  9.47582903e-01]
 [ 4.24322696e-01  9.44966265e-01]
 [ 4.35155381e-01  9.40294909e-01]
 [ 4.36822606e-01  9.39735102e-01]
 [ 4.44157678e-01  9.34269653e-01]
 [ 4.46443578e-01  9.33859245e-01]
 [ 4.51839756e-01  9.30656801e-01]
 [ 4.68414929e-01  9.22430200e-01]
 [ 4.76769389e-01  9.17858078e-01]
 [ 4.80390177e-01  9.16443612e-01]
 [ 4.83892898e-01  9.14092414e-01]
 [ 4.91187409e-01  9.09149095e-01]
 [ 4.95448049e-01  9.07077328e-01]
 [ 5.02413762e-01  9.04000818e-01]
 [ 5.04198663e-01  9.02224702e-01]
 [ 5.14960582e-01  8.95217662e-01]
 [ 5.21557923e-01  8.92239381e-01]
 [ 5.27021226e-01  8.88681402e-01]
 [ 5.31730732e-01  8.85127343e-01]
 [ 5.38147461e-01  8.81631113e-01]
 [ 5.40321234e-01  8.79712715e-01]
 [ 5.46469887e-01  8.76005291e-01]
 [ 5.53898103e-01  8.71251062e-01]
 [ 5.63240408e-01  8.65680002e-01]
 [ 5.65661645e-01  8.64076284e-01]
 [ 5.73303589e-01  8.58645827e-01]
 [ 5.78397668e-01  8.54927417e-01]
 [ 5.88397587e-01  8.54532016e-01]
 [ 5.91932603e-01  8.45296564e-01]
 [ 5.97687629e-01  8.41799870e-01]
 [ 6.01910216e-01  8.39228985e-01]
 [ 6.08245695e-01  8.33771872e-01]
 [ 6.15402350e-01  8.30073624e-01]
 [ 6.21183257e-01  8.26535278e-01]
 [ 6.25038624e-01  8.21048213e-01]
 [ 6.32049301e-01  8.16426244e-01]
 [ 6.36703494e-01  8.12569097e-01]
 [ 6.46538834e-01  8.06031601e-01]
 [ 6.47440995e-01  8.03777257e-01]
 [ 6.52358201e-01  8.02089950e-01]
 [ 6.54176348e-01  7.98061657e-01]
 [ 6.60866606e-01  7.92215705e-01]
 [ 6.69247513e-01  7.86406073e-01]
 [ 6.73814564e-01  7.83625096e-01]
 [ 6.80947247e-01  7.75068353e-01]
 [ 6.85913989e-01  7.74660051e-01]
 [ 6.92788175e-01  7.65048769e-01]
 [ 6.97569498e-01  7.60777269e-01]
 [ 7.00257685e-01  7.59139078e-01]
 [ 7.04484211e-01  7.55079949e-01]
 [ 7.10296288e-01  7.49744700e-01]
 [ 7.10997129e-01  7.49960639e-01]
 [ 7.14741911e-01  7.44291652e-01]
 [ 7.17925619e-01  7.40820568e-01]
 [ 7.21971979e-01  7.37096888e-01]
 [ 7.29959875e-01  7.30797888e-01]
 [ 7.35143113e-01  7.26290802e-01]
 [ 7.37507438e-01  7.25662299e-01]
 [ 7.41885502e-01  7.18987281e-01]
 [ 7.45407321e-01  7.16197917e-01]
 [ 7.48938483e-01  7.11721959e-01]
 [ 7.52452352e-01  7.08002112e-01]
 [ 7.56598462e-01  7.02419184e-01]
 [ 7.63683112e-01  6.94694691e-01]
 [ 7.65990680e-01  6.94267359e-01]
 [ 7.68353584e-01  6.88683605e-01]
 [ 7.74436442e-01  6.82754144e-01]
 [ 7.80811891e-01  6.75022965e-01]
 [ 7.89069088e-01  6.66218521e-01]
 [ 7.92212898e-01  6.61478014e-01]
 [ 7.95737007e-01  6.56702170e-01]
 [ 7.99412902e-01  6.52260321e-01]
 [ 8.05678324e-01  6.46901465e-01]
 [ 8.09870452e-01  6.40320554e-01]
 [ 8.11613148e-01  6.39709504e-01]
 [ 8.15492447e-01  6.33138068e-01]
 [ 8.15891933e-01  6.31341473e-01]
 [ 8.20594985e-01  6.25908730e-01]
 [ 8.26798538e-01  6.18926123e-01]
 [ 8.32956401e-01  6.09725542e-01]
 [ 8.36242801e-01  6.07114800e-01]
 [ 8.42787931e-01  5.99633597e-01]
 [ 8.47960060e-01  5.90004715e-01]
 [ 8.52700082e-01  5.81758103e-01]
 [ 8.53976335e-01  5.79847795e-01]
 [ 8.58498733e-01  5.73532083e-01]
 [ 8.61486910e-01  5.68931147e-01]
 [ 8.64330606e-01  5.63821064e-01]
 [ 8.68425740e-01  5.57121147e-01]
 [ 8.75567475e-01  5.50171296e-01]
 [ 8.80034990e-01  5.44695131e-01]
 [ 8.86655241e-01  5.31649462e-01]
 [ 8.88392323e-01  5.26692709e-01]
 [ 8.90734420e-01  5.23821294e-01]
 [ 8.93608362e-01  5.18600332e-01]
 [ 8.98225363e-01  5.13414661e-01]
 [ 9.02023126e-01  5.07317917e-01]
 [ 9.06143871e-01  4.96273425e-01]
 [ 9.07633547e-01  4.92459747e-01]
 [ 9.11148800e-01  4.88298264e-01]
 [ 9.16408792e-01  4.84209820e-01]
 [ 9.19257802e-01  4.83226640e-01]
 [ 9.21399034e-01  4.70980580e-01]
 [ 9.27715672e-01  4.58991351e-01]
 [ 9.27977286e-01  4.57865853e-01]
 [ 9.31056468e-01  4.50479823e-01]
 [ 9.34878175e-01  4.43206629e-01]
 [ 9.37370141e-01  4.38121722e-01]
 [ 9.40612872e-01  4.32640342e-01]
 [ 9.43106916e-01  4.28838310e-01]
 [ 9.47022639e-01  4.21742737e-01]
 [ 9.51741248e-01  4.09725035e-01]
 [ 9.57694403e-01  3.95407063e-01]
 [ 9.60225078e-01  3.89770513e-01]
 [ 9.64374625e-01  3.82572430e-01]
 [ 9.66634712e-01  3.75372569e-01]
 [ 9.69366179e-01  3.72207292e-01]
 [ 9.69584451e-01  3.67498983e-01]
 [ 9.73243920e-01  3.60202794e-01]
 [ 9.75004530e-01  3.54119226e-01]
 [ 9.78018340e-01  3.47537799e-01]
 [ 9.81839371e-01  3.39225070e-01]
 [ 9.83997742e-01  3.35022128e-01]
 [ 9.89005525e-01  3.20922049e-01]
 [ 9.91134423e-01  3.17597960e-01]
 [ 9.93900746e-01  3.05378808e-01]
 [ 9.96012054e-01  2.98655730e-01]
 [ 9.99069086e-01  2.90061573e-01]
 [ 1.00123502e+00  2.83792137e-01]
 [ 1.00374278e+00  2.76680944e-01]
 [ 1.00453870e+00  2.75838514e-01]
 [ 1.00858226e+00  2.67299913e-01]
 [ 1.00895450e+00  2.67053220e-01]
 [ 1.01168179e+00  2.56208215e-01]
 [ 1.01399891e+00  2.50250401e-01]
 [ 1.01587756e+00  2.41091666e-01]
 [ 1.02093180e+00  2.31386749e-01]
 [ 1.02166158e+00  2.27194679e-01]
 [ 1.02392521e+00  2.21592624e-01]
 [ 1.02592107e+00  2.09373741e-01]
 [ 1.02911472e+00  2.04760852e-01]
 [ 1.03156865e+00  1.91782924e-01]
 [ 1.03486588e+00  1.80288060e-01]
 [ 1.03765293e+00  1.71525886e-01]
 [ 1.04088522e+00  1.57622064e-01]
 [ 1.04087432e+00  1.57445431e-01]
 [ 1.04323631e+00  1.47968506e-01]
 [ 1.04438777e+00  1.42735412e-01]
 [ 1.04928843e+00  1.25655375e-01]
 [ 1.05176343e+00  1.14246224e-01]
 [ 1.05328839e+00  1.08090587e-01]
 [ 1.05407660e+00  1.04921929e-01]
 [ 1.05690582e+00  9.12999155e-02]
 [ 1.05851545e+00  8.49341280e-02]
 [ 1.06087598e+00  7.64932122e-02]
 [ 1.06295986e+00  6.69168753e-02]
 [ 1.06527265e+00  5.83047980e-02]
 [ 1.06584037e+00  5.16012140e-02]
 [ 1.06802354e+00  4.03318297e-02]
 [ 1.07003063e+00  3.18414713e-02]
 [ 1.07186588e+00  2.34905438e-02]
 [ 1.07361529e+00  1.96919895e-02]
 [ 1.07528640e+00  1.03762950e-02]
 [ 1.07652440e+00  7.31589316e-03]
 [ 1.07812004e+00 -3.92891340e-04]
 [ 1.07846408e+00 -1.24489608e-02]
 [ 1.08068812e+00 -2.80756588e-02]
 [ 1.08207737e+00 -2.84860979e-02]
 [ 1.08354925e+00 -3.74262497e-02]
 [ 1.08375450e+00 -4.79687813e-02]
 [ 1.08687431e+00 -6.01519924e-02]
 [ 1.09115136e+00 -6.43238507e-02]
 [ 1.09315361e+00 -6.98208050e-02]
 [ 1.09804792e+00 -7.47426371e-02]
 [ 1.10333340e+00 -8.03922086e-02]]",0,70
0.004804181416945081,0.003969070267916711,0.0703335958679955,1.0,3.7581967352261074,3.7645552120219694,0.9983109620024818,2000,256,"[[9.99986815e-01 3.74758994e-01 4.90279239e-01 3.80951474e-01
  5.13511057e-01 5.22553957e-01]
 [9.99986815e-01 3.74758994e-01 4.90633432e-01 3.93988670e-01
  5.00939481e-01 5.22553957e-01]
 [9.99744702e-01 4.35608645e-01 4.98060954e-01 4.05250652e-01
  5.23599076e-01 5.41607734e-01]
 ...
 [2.40871408e-05 3.25258909e-01 5.53260569e-01 4.30585507e-01
  3.73968398e-01 4.71948193e-01]
 [2.63093418e-05 3.01140332e-01 5.59910545e-01 4.72627835e-01
  3.37731736e-01 4.89095091e-01]
 [2.63093418e-05 3.01140332e-01 5.52117878e-01 4.72627835e-01
  3.37731736e-01 4.75991934e-01]]","[[-7.61442835e-02  1.08292444e+00]
 [-7.53204023e-02  1.07790790e+00]
 [-7.61144932e-02  1.06773247e+00]
 [-7.26112667e-02  1.06192129e+00]
 [-7.32738153e-02  1.05318507e+00]
 [-7.16618449e-02  1.04734758e+00]
 [-6.75960445e-02  1.04455504e+00]
 [-6.64812407e-02  1.04191986e+00]
 [-6.09077502e-02  1.03836839e+00]
 [-5.84831567e-02  1.03301319e+00]
 [-4.81806520e-02  1.03349592e+00]
 [-4.03359927e-02  1.03021848e+00]
 [-2.71808066e-02  1.03111022e+00]
 [-1.98440129e-02  1.02915692e+00]
 [-1.09968717e-02  1.03011651e+00]
 [-7.59862919e-03  1.02940496e+00]
 [ 5.31943387e-04  1.02993854e+00]
 [ 8.42999887e-03  1.02873118e+00]
 [ 1.99685875e-02  1.02741078e+00]
 [ 2.34028575e-02  1.02721682e+00]
 [ 3.03591987e-02  1.02644246e+00]
 [ 3.40019835e-02  1.02556564e+00]
 [ 4.26192158e-02  1.02484364e+00]
 [ 5.14134274e-02  1.02423667e+00]
 [ 5.55225327e-02  1.02297427e+00]
 [ 6.24102223e-02  1.02210280e+00]
 [ 7.45179059e-02  1.02100104e+00]
 [ 8.23986071e-02  1.02049285e+00]
 [ 8.83798756e-02  1.02064402e+00]
 [ 1.04869242e-01  1.01852495e+00]
 [ 1.08765242e-01  1.01679793e+00]
 [ 1.15132075e-01  1.01590395e+00]
 [ 1.28507100e-01  1.01488500e+00]
 [ 1.32073567e-01  1.01344369e+00]
 [ 1.40046021e-01  1.01182919e+00]
 [ 1.45837269e-01  1.01160871e+00]
 [ 1.53138351e-01  1.01220421e+00]
 [ 1.59007166e-01  1.01005921e+00]
 [ 1.66150787e-01  1.00804089e+00]
 [ 1.80684045e-01  1.00527784e+00]
 [ 1.85564804e-01  1.00407298e+00]
 [ 1.97645598e-01  1.00224363e+00]
 [ 2.02347982e-01  1.00088941e+00]
 [ 2.11644986e-01  9.98996953e-01]
 [ 2.17749445e-01  9.97613899e-01]
 [ 2.30865138e-01  9.95242423e-01]
 [ 2.40479119e-01  9.93287235e-01]
 [ 2.42482948e-01  9.92333595e-01]
 [ 2.49940721e-01  9.90341753e-01]
 [ 2.57841039e-01  9.88493474e-01]
 [ 2.67479351e-01  9.85619021e-01]
 [ 2.75193778e-01  9.84359282e-01]
 [ 2.85405519e-01  9.82711905e-01]
 [ 2.97488403e-01  9.79173076e-01]
 [ 3.04101100e-01  9.78482275e-01]
 [ 3.04234742e-01  9.75842893e-01]
 [ 3.11451650e-01  9.74242422e-01]
 [ 3.11523357e-01  9.74177951e-01]
 [ 3.21083737e-01  9.71446382e-01]
 [ 3.26833471e-01  9.70513455e-01]
 [ 3.33891625e-01  9.66871702e-01]
 [ 3.46093330e-01  9.66224333e-01]
 [ 3.60912906e-01  9.57983857e-01]
 [ 3.63579558e-01  9.56973127e-01]
 [ 3.73449438e-01  9.53857711e-01]
 [ 3.83918942e-01  9.50713804e-01]
 [ 3.84057355e-01  9.49697457e-01]
 [ 3.96728330e-01  9.46483295e-01]
 [ 4.00985817e-01  9.43888594e-01]
 [ 4.16697888e-01  9.37940147e-01]
 [ 4.24982001e-01  9.34299706e-01]
 [ 4.35004781e-01  9.30479345e-01]
 [ 4.37888579e-01  9.29351410e-01]
 [ 4.46103699e-01  9.25673015e-01]
 [ 4.51711225e-01  9.23100608e-01]
 [ 4.57044280e-01  9.20572732e-01]
 [ 4.61304395e-01  9.18259513e-01]
 [ 4.67143767e-01  9.15589447e-01]
 [ 4.78243214e-01  9.12279421e-01]
 [ 4.79428882e-01  9.09874125e-01]
 [ 4.87628683e-01  9.07065943e-01]
 [ 4.88102141e-01  9.06785925e-01]
 [ 4.95990504e-01  9.04426444e-01]
 [ 4.99425827e-01  9.00338057e-01]
 [ 5.04173931e-01  8.98007554e-01]
 [ 5.10889969e-01  8.95431422e-01]
 [ 5.19526299e-01  8.89981512e-01]
 [ 5.25682477e-01  8.86707470e-01]
 [ 5.27918747e-01  8.85700850e-01]
 [ 5.33445886e-01  8.82617500e-01]
 [ 5.35327232e-01  8.82664996e-01]
 [ 5.41197272e-01  8.79145953e-01]
 [ 5.46951903e-01  8.75516606e-01]
 [ 5.53654477e-01  8.70963113e-01]
 [ 5.58475710e-01  8.68192062e-01]
 [ 5.70413553e-01  8.64039017e-01]
 [ 5.71941557e-01  8.61817457e-01]
 [ 5.77404423e-01  8.58354671e-01]
 [ 5.85822819e-01  8.53576676e-01]
 [ 5.87750051e-01  8.50460052e-01]
 [ 5.93440321e-01  8.47067180e-01]
 [ 6.00881336e-01  8.44022106e-01]
 [ 6.04149245e-01  8.40193212e-01]
 [ 6.10400707e-01  8.35419221e-01]
 [ 6.18046034e-01  8.32846071e-01]
 [ 6.21724143e-01  8.27590342e-01]
 [ 6.26904322e-01  8.23879666e-01]
 [ 6.27179490e-01  8.23686819e-01]
 [ 6.35385258e-01  8.18675782e-01]
 [ 6.40001409e-01  8.15303798e-01]
 [ 6.45088037e-01  8.10677782e-01]
 [ 6.52881265e-01  8.04677842e-01]
 [ 6.69184415e-01  7.91625265e-01]
 [ 6.75392743e-01  7.88315582e-01]
 [ 6.85090605e-01  7.80745777e-01]
 [ 6.88195505e-01  7.78412930e-01]
 [ 6.92884816e-01  7.75603007e-01]
 [ 6.96480250e-01  7.71551130e-01]
 [ 7.02912823e-01  7.64645795e-01]
 [ 7.05685643e-01  7.61043144e-01]
 [ 7.11084120e-01  7.57337113e-01]
 [ 7.17674947e-01  7.50752068e-01]
 [ 7.20253019e-01  7.47397955e-01]
 [ 7.25377499e-01  7.43022537e-01]
 [ 7.29625376e-01  7.38568168e-01]
 [ 7.34554105e-01  7.35265941e-01]
 [ 7.40908371e-01  7.29311597e-01]
 [ 7.44960701e-01  7.26609024e-01]
 [ 7.47733373e-01  7.20196440e-01]
 [ 7.50060429e-01  7.19333781e-01]
 [ 7.52333703e-01  7.15201711e-01]
 [ 7.58339940e-01  7.14841892e-01]
 [ 7.59015790e-01  7.07932068e-01]
 [ 7.65383929e-01  7.01239700e-01]
 [ 7.70343204e-01  6.95767844e-01]
 [ 7.75810287e-01  6.92256945e-01]
 [ 7.81873199e-01  6.83631078e-01]
 [ 7.82301779e-01  6.83581904e-01]
 [ 7.86860592e-01  6.77569628e-01]
 [ 7.89590260e-01  6.73893282e-01]
 [ 7.93105008e-01  6.69951491e-01]
 [ 7.93551533e-01  6.67885736e-01]
 [ 7.97356603e-01  6.64662501e-01]
 [ 8.00555176e-01  6.63989038e-01]
 [ 8.04592602e-01  6.56697458e-01]
 [ 8.05757154e-01  6.52929695e-01]
 [ 8.08208243e-01  6.50703613e-01]
 [ 8.11502597e-01  6.45819590e-01]
 [ 8.14648063e-01  6.42213773e-01]
 [ 8.20995866e-01  6.33195012e-01]
 [ 8.25339465e-01  6.33670207e-01]
 [ 8.27521734e-01  6.26133717e-01]
 [ 8.30580680e-01  6.19920719e-01]
 [ 8.34292938e-01  6.15319481e-01]
 [ 8.41299915e-01  6.07192508e-01]
 [ 8.45114679e-01  6.02181804e-01]
 [ 8.45274940e-01  5.96145981e-01]
 [ 8.48495800e-01  5.91590549e-01]
 [ 8.52564404e-01  5.84408055e-01]
 [ 8.55663740e-01  5.82731061e-01]
 [ 8.58283545e-01  5.78953135e-01]
 [ 8.60438542e-01  5.72037893e-01]
 [ 8.64507701e-01  5.67666710e-01]
 [ 8.69082035e-01  5.58205727e-01]
 [ 8.72534235e-01  5.52149282e-01]
 [ 8.75913034e-01  5.46191790e-01]
 [ 8.78900596e-01  5.40474121e-01]
 [ 8.86296449e-01  5.31134678e-01]
 [ 8.87952925e-01  5.24338101e-01]
 [ 8.89341536e-01  5.21855688e-01]
 [ 8.91589867e-01  5.15711378e-01]
 [ 8.92897019e-01  5.12255408e-01]
 [ 8.96162780e-01  5.06511375e-01]
 [ 9.02354091e-01  4.92640862e-01]
 [ 9.05333066e-01  4.89618592e-01]
 [ 9.08024113e-01  4.80028128e-01]
 [ 9.10618647e-01  4.75580048e-01]
 [ 9.13449608e-01  4.70471706e-01]
 [ 9.16898076e-01  4.62658163e-01]
 [ 9.20288540e-01  4.54270950e-01]
 [ 9.21042671e-01  4.52480880e-01]
 [ 9.22811180e-01  4.46239042e-01]
 [ 9.24872523e-01  4.41514351e-01]
 [ 9.28201805e-01  4.36222325e-01]
 [ 9.28400326e-01  4.36023770e-01]
 [ 9.30841942e-01  4.28755917e-01]
 [ 9.32235364e-01  4.22875733e-01]
 [ 9.34459637e-01  4.16282276e-01]
 [ 9.37628043e-01  4.07613843e-01]
 [ 9.39710475e-01  4.07807987e-01]
 [ 9.40803549e-01  3.99316106e-01]
 [ 9.44207588e-01  3.93647785e-01]
 [ 9.45129688e-01  3.85908008e-01]
 [ 9.48247438e-01  3.82028374e-01]
 [ 9.49030151e-01  3.73848040e-01]
 [ 9.49880833e-01  3.72113691e-01]
 [ 9.51959537e-01  3.64834311e-01]
 [ 9.52554127e-01  3.64511520e-01]
 [ 9.55381159e-01  3.57958561e-01]
 [ 9.56455403e-01  3.50554634e-01]
 [ 9.59158029e-01  3.45724470e-01]
 [ 9.63296340e-01  3.27038358e-01]
 [ 9.66280434e-01  3.19972799e-01]
 [ 9.67624970e-01  3.10018306e-01]
 [ 9.70467958e-01  3.03400093e-01]
 [ 9.70966162e-01  3.01386713e-01]
 [ 9.73895896e-01  2.87440725e-01]
 [ 9.76555028e-01  2.77868283e-01]
 [ 9.78584325e-01  2.72713755e-01]
 [ 9.80241517e-01  2.62341598e-01]
 [ 9.81345205e-01  2.57118979e-01]
 [ 9.83567729e-01  2.53916302e-01]
 [ 9.83898101e-01  2.43781733e-01]
 [ 9.86001356e-01  2.33782679e-01]
 [ 9.86001356e-01  2.33782679e-01]
 [ 9.87458123e-01  2.23564015e-01]
 [ 9.90153080e-01  2.12383589e-01]
 [ 9.91344491e-01  2.03096067e-01]
 [ 9.92394242e-01  2.00128792e-01]
 [ 9.94230865e-01  1.86083237e-01]
 [ 9.96570882e-01  1.80847965e-01]
 [ 9.96682494e-01  1.76013588e-01]
 [ 9.97936754e-01  1.70280212e-01]
 [ 9.98701226e-01  1.61833325e-01]
 [ 1.00094671e+00  1.54986066e-01]
 [ 1.00104681e+00  1.53560019e-01]
 [ 1.00144249e+00  1.46937626e-01]
 [ 1.00309587e+00  1.39525072e-01]
 [ 1.00407494e+00  1.29164304e-01]
 [ 1.00563404e+00  1.23111656e-01]
 [ 1.00643573e+00  1.22458943e-01]
 [ 1.00736778e+00  1.07561586e-01]
 [ 1.00891551e+00  1.00311012e-01]
 [ 1.00971330e+00  9.59125715e-02]
 [ 1.01119130e+00  8.85082539e-02]
 [ 1.01208199e+00  8.33867088e-02]
 [ 1.01451792e+00  7.81921560e-02]
 [ 1.01442190e+00  6.20518961e-02]
 [ 1.01737011e+00  4.99196444e-02]
 [ 1.01729333e+00  3.85145655e-02]
 [ 1.01749491e+00  3.30663072e-02]
 [ 1.01828546e+00  2.73338680e-02]
 [ 1.01909643e+00  2.22752411e-02]
 [ 1.02021051e+00  1.49120728e-02]
 [ 1.02152363e+00  8.88590358e-03]
 [ 1.02662097e+00  5.32304850e-03]
 [ 1.02709419e+00  4.49795049e-03]
 [ 1.03663179e+00  5.61619402e-03]
 [ 1.03934187e+00  1.16250191e-03]
 [ 1.04909903e+00 -2.58663325e-03]
 [ 1.05923640e+00 -5.80149618e-03]
 [ 1.06561120e+00 -6.01986531e-03]
 [ 1.07780005e+00 -5.06778657e-03]
 [ 1.08572345e+00 -7.35424985e-03]
 [ 1.10175636e+00 -7.88725661e-03]
 [ 1.10339134e+00 -8.29398240e-03]]",1,70
0.018429737315486985,0.025705056558369105,0.14446002463438523,0.5335,3.7378377522092125,3.7645552120219694,0.9929028906978363,2000,256,"[[9.99933678e-01 6.05635963e-01 4.58039702e-01 4.86174549e-01
  5.34873368e-01 3.24714649e-01]
 [9.99933678e-01 6.05647247e-01 4.58039702e-01 4.65773103e-01
  5.34873368e-01 3.24714649e-01]
 [9.99981684e-01 5.74950249e-01 4.24466524e-01 4.85625525e-01
  5.17448859e-01 3.97559062e-01]
 ...
 [4.14145770e-04 4.96376535e-01 4.79612210e-01 5.20205474e-01
  5.15935919e-01 4.34033911e-01]
 [7.12490803e-06 4.61165038e-01 5.23958739e-01 4.93684967e-01
  4.74099042e-01 4.67264890e-01]
 [7.12490803e-06 4.62125898e-01 5.22495138e-01 4.93684967e-01
  5.14458132e-01 4.64163261e-01]]","[[-3.37821041e-02  1.21799242e+00]
 [-3.36014210e-02  1.21833352e+00]
 [-3.69785601e-02  1.19689419e+00]
 [-3.51889896e-02  1.18438869e+00]
 [-3.47997606e-02  1.18568916e+00]
 [-3.44644985e-02  1.18026501e+00]
 [-2.52430481e-02  1.17070617e+00]
 [-2.34903576e-02  1.16737881e+00]
 [-1.51165607e-02  1.16460073e+00]
 [-7.62985114e-03  1.16257870e+00]
 [-1.24627761e-03  1.16457096e+00]
 [ 1.08974880e-02  1.15624546e+00]
 [ 1.08974880e-02  1.15624546e+00]
 [ 1.68246530e-02  1.15598186e+00]
 [ 2.23151872e-02  1.15327779e+00]
 [ 3.11964242e-02  1.14957280e+00]
 [ 3.16346309e-02  1.14676993e+00]
 [ 3.79036219e-02  1.14360169e+00]
 [ 4.98982910e-02  1.14112453e+00]
 [ 5.50311424e-02  1.13871372e+00]
 [ 5.74210131e-02  1.13876578e+00]
 [ 6.48502939e-02  1.13726948e+00]
 [ 6.59149706e-02  1.13400165e+00]
 [ 7.26578494e-02  1.13109914e+00]
 [ 8.11335904e-02  1.13009223e+00]
 [ 9.02921417e-02  1.12549163e+00]
 [ 9.67145720e-02  1.12293544e+00]
 [ 1.05435037e-01  1.12149436e+00]
 [ 1.06046820e-01  1.11955902e+00]
 [ 1.12176124e-01  1.11833727e+00]
 [ 1.21752535e-01  1.11534716e+00]
 [ 1.22405622e-01  1.11426437e+00]
 [ 1.32655950e-01  1.11332258e+00]
 [ 1.40863456e-01  1.11360462e+00]
 [ 1.42824208e-01  1.10910101e+00]
 [ 1.49040108e-01  1.11027923e+00]
 [ 1.51807671e-01  1.10427019e+00]
 [ 1.64750531e-01  1.10650200e+00]
 [ 1.67476016e-01  1.10279425e+00]
 [ 1.70656851e-01  1.10003638e+00]
 [ 1.75702360e-01  1.09825101e+00]
 [ 1.81264239e-01  1.09513904e+00]
 [ 1.89285659e-01  1.09549928e+00]
 [ 1.90961632e-01  1.09206067e+00]
 [ 2.01064791e-01  1.09100325e+00]
 [ 2.03991744e-01  1.08677106e+00]
 [ 2.08758687e-01  1.08485943e+00]
 [ 2.13174060e-01  1.08377619e+00]
 [ 2.19231116e-01  1.08243687e+00]
 [ 2.31396027e-01  1.07989451e+00]
 [ 2.38823595e-01  1.07580740e+00]
 [ 2.45038272e-01  1.07605549e+00]
 [ 2.47488684e-01  1.07353192e+00]
 [ 2.52425506e-01  1.07069532e+00]
 [ 2.64823344e-01  1.06740415e+00]
 [ 2.80079110e-01  1.06702662e+00]
 [ 2.81108114e-01  1.06197329e+00]
 [ 2.90528734e-01  1.06110712e+00]
 [ 2.91092411e-01  1.05952662e+00]
 [ 2.98450171e-01  1.05775806e+00]
 [ 3.04270590e-01  1.05343348e+00]
 [ 3.09430441e-01  1.05257736e+00]
 [ 3.17418642e-01  1.05189600e+00]
 [ 3.18541761e-01  1.04911916e+00]
 [ 3.23066115e-01  1.04671802e+00]
 [ 3.30651368e-01  1.04538261e+00]
 [ 3.40851331e-01  1.04023299e+00]
 [ 3.45474867e-01  1.04098162e+00]
 [ 3.55313750e-01  1.03777085e+00]
 [ 3.59333594e-01  1.03623418e+00]
 [ 3.67672593e-01  1.03010147e+00]
 [ 3.71876037e-01  1.02935754e+00]
 [ 3.79538743e-01  1.02607755e+00]
 [ 3.90737914e-01  1.02315873e+00]
 [ 3.93294847e-01  1.02199161e+00]
 [ 4.03128619e-01  1.01786854e+00]
 [ 4.09040524e-01  1.01562755e+00]
 [ 4.14919293e-01  1.01353895e+00]
 [ 4.25675712e-01  1.01025533e+00]
 [ 4.33673689e-01  1.00652855e+00]
 [ 4.43656443e-01  1.00243981e+00]
 [ 4.49765946e-01  9.99226870e-01]
 [ 4.55719269e-01  9.97532782e-01]
 [ 4.56795699e-01  9.97341314e-01]
 [ 4.62653816e-01  9.98225454e-01]
 [ 4.73196876e-01  9.94645478e-01]
 [ 4.76369640e-01  9.87826210e-01]
 [ 4.84401841e-01  9.86106334e-01]
 [ 4.91979044e-01  9.82106211e-01]
 [ 4.97327295e-01  9.78666097e-01]
 [ 5.03035405e-01  9.77542811e-01]
 [ 5.08208655e-01  9.74912747e-01]
 [ 5.14926699e-01  9.71680964e-01]
 [ 5.21399769e-01  9.68698555e-01]
 [ 5.24511178e-01  9.67596380e-01]
 [ 5.31473282e-01  9.64511451e-01]
 [ 5.36495858e-01  9.61804086e-01]
 [ 5.42012265e-01  9.62246987e-01]
 [ 5.49468069e-01  9.55312355e-01]
 [ 5.57671771e-01  9.51211448e-01]
 [ 5.65200101e-01  9.47286111e-01]
 [ 5.65138709e-01  9.46636413e-01]
 [ 5.71953053e-01  9.43440430e-01]
 [ 5.77002305e-01  9.38854293e-01]
 [ 5.83491136e-01  9.38558065e-01]
 [ 5.89664072e-01  9.37154262e-01]
 [ 5.93352671e-01  9.32409876e-01]
 [ 5.98303581e-01  9.29010531e-01]
 [ 6.03327157e-01  9.28688476e-01]
 [ 6.07006094e-01  9.23016431e-01]
 [ 6.12185375e-01  9.20064857e-01]
 [ 6.20154524e-01  9.16828673e-01]
 [ 6.25797976e-01  9.13798995e-01]
 [ 6.25883409e-01  9.12266086e-01]
 [ 6.32598717e-01  9.09622928e-01]
 [ 6.32802608e-01  9.05256509e-01]
 [ 6.41190154e-01  9.04538858e-01]
 [ 6.46147468e-01  8.99793492e-01]
 [ 6.47939311e-01  8.95985923e-01]
 [ 6.63604415e-01  8.92022758e-01]
 [ 6.63705183e-01  8.86803347e-01]
 [ 6.70267988e-01  8.87419133e-01]
 [ 6.75967670e-01  8.81169398e-01]
 [ 6.79300942e-01  8.73568219e-01]
 [ 6.84620475e-01  8.71359573e-01]
 [ 6.84943214e-01  8.69277682e-01]
 [ 6.92476039e-01  8.67971192e-01]
 [ 6.93098339e-01  8.65931751e-01]
 [ 6.98979403e-01  8.58689579e-01]
 [ 7.03913314e-01  8.54652887e-01]
 [ 7.10814081e-01  8.50870603e-01]
 [ 7.18442318e-01  8.50893441e-01]
 [ 7.21728650e-01  8.47986480e-01]
 [ 7.22324577e-01  8.43140524e-01]
 [ 7.24577838e-01  8.46368305e-01]
 [ 7.30939504e-01  8.38915163e-01]
 [ 7.31577615e-01  8.31527581e-01]
 [ 7.37927607e-01  8.26665494e-01]
 [ 7.43508368e-01  8.27516418e-01]
 [ 7.49880470e-01  8.20697053e-01]
 [ 7.52509420e-01  8.13809517e-01]
 [ 7.60540266e-01  8.08525517e-01]
 [ 7.70730933e-01  8.04612113e-01]
 [ 7.72714037e-01  7.98191302e-01]
 [ 7.74275625e-01  7.94285086e-01]
 [ 7.80502577e-01  7.91751936e-01]
 [ 7.90266214e-01  7.85353450e-01]
 [ 7.90265953e-01  7.85350931e-01]
 [ 7.99492244e-01  7.75529239e-01]
 [ 8.01640862e-01  7.71385558e-01]
 [ 8.08146967e-01  7.68588488e-01]
 [ 8.16140694e-01  7.58885380e-01]
 [ 8.22969053e-01  7.52713284e-01]
 [ 8.27282786e-01  7.51374156e-01]
 [ 8.41026654e-01  7.38217499e-01]
 [ 8.46349975e-01  7.32285970e-01]
 [ 8.50350797e-01  7.31571874e-01]
 [ 8.53103493e-01  7.31609311e-01]
 [ 8.56949844e-01  7.24914894e-01]
 [ 8.58844589e-01  7.16813401e-01]
 [ 8.65905572e-01  7.13296090e-01]
 [ 8.74125089e-01  7.11028992e-01]
 [ 8.77121992e-01  7.03288891e-01]
 [ 8.79194742e-01  7.00422277e-01]
 [ 8.86675128e-01  6.94691900e-01]
 [ 8.88443067e-01  6.90910831e-01]
 [ 8.98619745e-01  6.87566595e-01]
 [ 8.99080869e-01  6.81714618e-01]
 [ 9.05787181e-01  6.80492496e-01]
 [ 9.08889836e-01  6.73400282e-01]
 [ 9.14480376e-01  6.66747832e-01]
 [ 9.14480376e-01  6.66747832e-01]
 [ 9.20075382e-01  6.58423065e-01]
 [ 9.23616538e-01  6.60551972e-01]
 [ 9.32398151e-01  6.47286098e-01]
 [ 9.35714392e-01  6.45209051e-01]
 [ 9.39807608e-01  6.40205914e-01]
 [ 9.49065212e-01  6.31899675e-01]
 [ 9.56136104e-01  6.26399547e-01]
 [ 9.56235603e-01  6.23259478e-01]
 [ 9.59984423e-01  6.16483276e-01]
 [ 9.68287164e-01  6.08287007e-01]
 [ 9.75758875e-01  6.05266078e-01]
 [ 9.80651283e-01  5.97077450e-01]
 [ 9.85887280e-01  5.93673803e-01]
 [ 9.88780437e-01  5.86832235e-01]
 [ 9.93502227e-01  5.85328610e-01]
 [ 9.96578150e-01  5.81715514e-01]
 [ 9.99579373e-01  5.73768645e-01]
 [ 1.00154420e+00  5.71509138e-01]
 [ 1.01074820e+00  5.61215292e-01]
 [ 1.01438678e+00  5.57232284e-01]
 [ 1.01729496e+00  5.52616595e-01]
 [ 1.02190102e+00  5.45738901e-01]
 [ 1.02327409e+00  5.45559454e-01]
 [ 1.02715884e+00  5.42061706e-01]
 [ 1.03210932e+00  5.32812268e-01]
 [ 1.03411257e+00  5.30645856e-01]
 [ 1.04082192e+00  5.25765706e-01]
 [ 1.04080268e+00  5.25026033e-01]
 [ 1.04467538e+00  5.17547708e-01]
 [ 1.04928657e+00  5.10720728e-01]
 [ 1.05453857e+00  5.04358614e-01]
 [ 1.05582953e+00  5.00192504e-01]
 [ 1.05847023e+00  4.98386679e-01]
 [ 1.06424786e+00  4.89345401e-01]
 [ 1.06624711e+00  4.86693775e-01]
 [ 1.06904670e+00  4.80660141e-01]
 [ 1.07099933e+00  4.78754167e-01]
 [ 1.07369388e+00  4.73005145e-01]
 [ 1.07657198e+00  4.70524873e-01]
 [ 1.08994997e+00  4.48060929e-01]
 [ 1.08896606e+00  4.48981935e-01]
 [ 1.09172271e+00  4.41885309e-01]
 [ 1.09398846e+00  4.37400496e-01]
 [ 1.09582524e+00  4.33346272e-01]
 [ 1.10135381e+00  4.25997251e-01]
 [ 1.10655381e+00  4.22074348e-01]
 [ 1.10609271e+00  4.18112216e-01]
 [ 1.10987067e+00  4.11089863e-01]
 [ 1.11031758e+00  4.03358819e-01]
 [ 1.11046437e+00  3.98951119e-01]
 [ 1.11479785e+00  3.96265082e-01]
 [ 1.11761945e+00  3.85245295e-01]
 [ 1.11944294e+00  3.76680443e-01]
 [ 1.12649240e+00  3.72010368e-01]
 [ 1.12688548e+00  3.64934467e-01]
 [ 1.14700866e+00  9.32928005e-02]
 [ 1.14782454e+00  8.00842848e-02]
 [ 1.14938264e+00  8.06288576e-02]
 [ 1.14855843e+00  6.62216075e-02]
 [ 1.14858789e+00  6.26807871e-02]
 [ 1.14882264e+00  5.24990025e-02]
 [ 1.15014424e+00  4.51447011e-02]
 [ 1.15132197e+00  4.34035946e-02]
 [ 1.15215109e+00  3.53756983e-02]
 [ 1.14985669e+00  3.00250794e-02]
 [ 1.15156369e+00  1.40462326e-02]
 [ 1.15295258e+00  1.01941126e-02]
 [ 1.15344441e+00  1.16608087e-03]
 [ 1.15418320e+00 -5.65227474e-03]
 [ 1.15533377e+00 -7.88662523e-03]
 [ 1.15553949e+00 -1.33446276e-02]
 [ 1.16375616e+00 -2.35834924e-02]
 [ 1.15904516e+00 -3.00593465e-02]
 [ 1.16193077e+00 -3.92410080e-02]
 [ 1.16392986e+00 -4.70104379e-02]
 [ 1.16513377e+00 -4.80413412e-02]
 [ 1.16753115e+00 -6.27947519e-02]
 [ 1.17062438e+00 -6.90802186e-02]
 [ 1.17270792e+00 -7.56872758e-02]
 [ 1.18035007e+00 -7.86545944e-02]
 [ 1.18425788e+00 -8.17508153e-02]
 [ 1.18828009e+00 -8.94560594e-02]
 [ 1.19345228e+00 -9.12983609e-02]
 [ 1.19779339e+00 -9.22993242e-02]]",2,70
0.016020622519303414,0.013954903734314121,0.07654216802393433,0.7495,3.742982447986946,3.7645552120219694,0.994269505208178,2000,256,"[[0.99985506 0.49819854 0.47662831 0.4871418  0.52193764 0.53521027]
 [0.99985506 0.49819854 0.4898512  0.50392088 0.52193764 0.54232227]
 [0.99719997 0.49723817 0.48986889 0.50152422 0.52193764 0.50023312]
 ...
 [0.00185083 0.51172945 0.55446098 0.4923113  0.52441674 0.49499554]
 [0.00127896 0.50900139 0.53375024 0.56952036 0.52676633 0.49898785]
 [0.00110502 0.54946481 0.53397979 0.56986484 0.53135471 0.57170354]]","[[-0.1378573   1.18300755]
 [-0.13738962  1.18206641]
 [-0.13080553  1.17465104]
 [-0.11904281  1.1660175 ]
 [-0.11233075  1.16204646]
 [-0.10888101  1.15701537]
 [-0.10349651  1.15786884]
 [-0.09473767  1.16046268]
 [-0.08563687  1.15972154]
 [-0.08001397  1.15510254]
 [-0.07352066  1.1530512 ]
 [-0.06685705  1.15982424]
 [-0.05640889  1.15491366]
 [-0.05118815  1.15390293]
 [-0.04502072  1.14773607]
 [-0.03955332  1.15004058]
 [-0.03511798  1.14736523]
 [-0.03283138  1.14572884]
 [-0.01857686  1.14891559]
 [-0.01182958  1.14552484]
 [ 0.00263718  1.14523162]
 [ 0.01015464  1.14045982]
 [ 0.01944252  1.13859154]
 [ 0.02749986  1.13642034]
 [ 0.03939062  1.13465574]
 [ 0.0460537   1.13499184]
 [ 0.04901162  1.13257014]
 [ 0.06613371  1.13303103]
 [ 0.07013123  1.13073104]
 [ 0.07683062  1.12921046]
 [ 0.08053163  1.12718764]
 [ 0.08775887  1.12556445]
 [ 0.09774805  1.12429805]
 [ 0.09805129  1.12407939]
 [ 0.11013575  1.12169832]
 [ 0.11101726  1.12120234]
 [ 0.12813069  1.11883394]
 [ 0.1311506   1.1166994 ]
 [ 0.13940054  1.11523775]
 [ 0.14130962  1.11642576]
 [ 0.14763731  1.11299879]
 [ 0.15511058  1.11156872]
 [ 0.16660641  1.10924931]
 [ 0.176562    1.10715754]
 [ 0.1850546   1.1044853 ]
 [ 0.1850546   1.1044853 ]
 [ 0.1973992   1.10100881]
 [ 0.20342138  1.10228877]
 [ 0.20605435  1.10184265]
 [ 0.21657438  1.09829635]
 [ 0.21913405  1.09572242]
 [ 0.22976229  1.09250242]
 [ 0.24556138  1.08850951]
 [ 0.25279633  1.0843525 ]
 [ 0.26610856  1.08107402]
 [ 0.27953239  1.07341187]
 [ 0.2801863   1.07284884]
 [ 0.28857672  1.06928318]
 [ 0.29675827  1.06946419]
 [ 0.30974335  1.06240392]
 [ 0.32311065  1.05960279]
 [ 0.32632341  1.0545326 ]
 [ 0.33752238  1.05018358]
 [ 0.34754842  1.04610107]
 [ 0.35092997  1.0414694 ]
 [ 0.3561607   1.04208872]
 [ 0.36653303  1.03656864]
 [ 0.36736258  1.03371904]
 [ 0.37444751  1.02928765]
 [ 0.38577862  1.02337913]
 [ 0.39353734  1.02001957]
 [ 0.40136623  1.01712684]
 [ 0.40992506  1.01277991]
 [ 0.41364623  1.00833795]
 [ 0.41664191  1.00537191]
 [ 0.41983776  1.00482948]
 [ 0.42542846  1.0017503 ]
 [ 0.43275277  0.99744886]
 [ 0.43550297  0.99414052]
 [ 0.43990372  0.99341725]
 [ 0.4452969   0.98888677]
 [ 0.45007544  0.98620093]
 [ 0.45538037  0.98289656]
 [ 0.45942113  0.9816467 ]
 [ 0.46715422  0.97471502]
 [ 0.47033385  0.97414626]
 [ 0.47794937  0.96768405]
 [ 0.48266069  0.96430973]
 [ 0.48758252  0.96152546]
 [ 0.49225344  0.96041541]
 [ 0.49660901  0.95409384]
 [ 0.50204703  0.95038713]
 [ 0.50306312  0.95044167]
 [ 0.51300065  0.94473993]
 [ 0.51555902  0.94224603]
 [ 0.52207611  0.9397716 ]
 [ 0.52822642  0.93477216]
 [ 0.53111997  0.93101857]
 [ 0.53552074  0.92783492]
 [ 0.54324936  0.9213975 ]
 [ 0.55197038  0.91536071]
 [ 0.55223675  0.91509371]
 [ 0.55893531  0.91117587]
 [ 0.56374593  0.9071721 ]
 [ 0.56802959  0.90448251]
 [ 0.57586782  0.90171186]
 [ 0.58211246  0.89823797]
 [ 0.58485153  0.89755124]
 [ 0.58919116  0.89364446]
 [ 0.58856881  0.88976499]
 [ 0.59516495  0.88909682]
 [ 0.595526    0.88397027]
 [ 0.60233653  0.88047313]
 [ 0.60687363  0.88139399]
 [ 0.61452954  0.87303895]
 [ 0.6241935   0.86678804]
 [ 0.62681456  0.86496391]
 [ 0.63198612  0.85839489]
 [ 0.63994205  0.85679833]
 [ 0.64584063  0.85155796]
 [ 0.65334133  0.84399676]
 [ 0.65994494  0.84276985]
 [ 0.66815476  0.8355627 ]
 [ 0.67323     0.82991546]
 [ 0.68127588  0.82756107]
 [ 0.68509067  0.82425563]
 [ 0.68978798  0.81916621]
 [ 0.69976029  0.81487883]
 [ 0.70680401  0.80649925]
 [ 0.71002202  0.80442013]
 [ 0.71818616  0.80125098]
 [ 0.72334834  0.79431222]
 [ 0.72964524  0.79082939]
 [ 0.73519737  0.7858225 ]
 [ 0.74079362  0.78311992]
 [ 0.74567151  0.77901187]
 [ 0.75498216  0.77544686]
 [ 0.76149007  0.7674245 ]
 [ 0.76650832  0.76308056]
 [ 0.77096161  0.75865763]
 [ 0.77548436  0.75285737]
 [ 0.7846953   0.74685491]
 [ 0.79259625  0.74242019]
 [ 0.79464406  0.7414286 ]
 [ 0.79594288  0.73479525]
 [ 0.80166624  0.73156371]
 [ 0.80977969  0.7241997 ]
 [ 0.81159511  0.7192388 ]
 [ 0.81912639  0.71466418]
 [ 0.82327228  0.70978393]
 [ 0.82821891  0.70375697]
 [ 0.83374943  0.69744207]
 [ 0.84129521  0.69453893]
 [ 0.84518393  0.68335978]
 [ 0.84705208  0.68235664]
 [ 0.85447837  0.67079453]
 [ 0.85897401  0.66477302]
 [ 0.86534423  0.65739551]
 [ 0.86735412  0.65349292]
 [ 0.87153485  0.65102633]
 [ 0.87508294  0.6418827 ]
 [ 0.88227911  0.64165326]
 [ 0.88509159  0.62952925]
 [ 0.88923994  0.62702289]
 [ 0.88836438  0.62216487]
 [ 0.89179025  0.61479371]
 [ 0.90057158  0.59866654]
 [ 0.90299154  0.59548338]
 [ 0.90634519  0.58834613]
 [ 0.90860863  0.58854028]
 [ 0.91098458  0.58010072]
 [ 0.91395907  0.57390368]
 [ 0.91717315  0.56954661]
 [ 0.91874515  0.56248875]
 [ 0.92367838  0.55301995]
 [ 0.92558997  0.5439058 ]
 [ 0.92801694  0.54197061]
 [ 0.93100208  0.5307579 ]
 [ 0.93331071  0.52537291]
 [ 0.93542328  0.52319804]
 [ 0.93754047  0.51964098]
 [ 0.94048598  0.51329629]
 [ 0.94104362  0.50516704]
 [ 0.94501539  0.49485175]
 [ 0.94663085  0.48875749]
 [ 0.94872725  0.48417074]
 [ 0.94982176  0.4814375 ]
 [ 0.95154611  0.47127484]
 [ 0.95485135  0.4662587 ]
 [ 0.95692155  0.45466814]
 [ 0.95923161  0.44695463]
 [ 0.96422707  0.43852503]
 [ 0.96461283  0.42775412]
 [ 0.96506567  0.42571326]
 [ 0.96686864  0.41882237]
 [ 0.96808024  0.41296052]
 [ 0.97025436  0.40937534]
 [ 0.97033689  0.40430712]
 [ 0.97276438  0.39476439]
 [ 0.97458807  0.3875808 ]
 [ 0.97645499  0.38006389]
 [ 0.97850096  0.37341969]
 [ 0.98010687  0.3672369 ]
 [ 0.9822032   0.35539472]
 [ 0.9822032   0.35539472]
 [ 0.98494265  0.34800609]
 [ 0.98571494  0.34155349]
 [ 0.98673379  0.33590034]
 [ 0.98853762  0.33193796]
 [ 0.99031718  0.31809732]
 [ 0.9926512   0.30927294]
 [ 0.99415365  0.30890532]
 [ 0.99467194  0.29859925]
 [ 0.99729651  0.28980901]
 [ 0.99817661  0.28197487]
 [ 1.00050977  0.27289911]
 [ 1.00204476  0.26312088]
 [ 1.00341063  0.25716388]
 [ 1.00481478  0.25139567]
 [ 1.00548753  0.24595103]
 [ 1.00699007  0.24199992]
 [ 1.01051521  0.22553907]
 [ 1.01221072  0.2148542 ]
 [ 1.01329623  0.20996304]
 [ 1.0159999   0.20694888]
 [ 1.01569692  0.19970189]
 [ 1.01770323  0.19016754]
 [ 1.01851781  0.18414437]
 [ 1.01911436  0.18005022]
 [ 1.02282028  0.16957575]
 [ 1.02460055  0.16367407]
 [ 1.02703451  0.15089802]
 [ 1.02704182  0.15087201]
 [ 1.03023863  0.13658109]
 [ 1.03217209  0.12817324]
 [ 1.03342462  0.11668194]
 [ 1.03667251  0.11108633]
 [ 1.03609883  0.10395625]
 [ 1.0390846   0.09614692]
 [ 1.04168931  0.08785232]
 [ 1.04117135  0.08144574]
 [ 1.04302039  0.07544387]
 [ 1.04398737  0.07360952]
 [ 1.04675782  0.05888311]
 [ 1.0473939   0.0565265 ]
 [ 1.04995539  0.04659082]
 [ 1.05295853  0.04001009]
 [ 1.05492847  0.02850326]
 [ 1.06044194  0.00999089]
 [ 1.06279664  0.00606173]
 [ 1.06783151 -0.01430306]
 [ 1.06974984 -0.01740479]
 [ 1.07207946 -0.0272977 ]
 [ 1.07239205 -0.02885932]
 [ 1.08032308 -0.03379879]
 [ 1.08926525 -0.03352132]]",3,70
0.011277983724720447,0.009276459746516254,0.03944282825540044,0.8475,3.749205877436207,3.7645552120219694,0.995922669818272,2000,256,"[[9.99976326e-01 4.57133490e-01 3.52491921e-01 5.82428400e-01
  5.28759258e-01 4.15899945e-01]
 [9.99976326e-01 4.85458934e-01 3.54454166e-01 6.07383165e-01
  5.28904357e-01 4.84022071e-01]
 [9.99998789e-01 4.88611213e-01 3.76136070e-01 5.82937863e-01
  5.34567700e-01 5.16086563e-01]
 ...
 [2.08832174e-03 4.40893195e-01 5.43493314e-01 4.96664744e-01
  4.68940813e-01 5.17085494e-01]
 [1.16799059e-03 4.55374177e-01 5.14998789e-01 4.93057086e-01
  4.80008596e-01 5.11586729e-01]
 [8.66914094e-06 4.55011033e-01 4.65717059e-01 4.93057086e-01
  4.80008596e-01 5.11586729e-01]]","[[-9.53725616e-02  1.22481296e+00]
 [-9.31161893e-02  1.21251752e+00]
 [-9.33932336e-02  1.20271940e+00]
 [-8.93702272e-02  1.18677807e+00]
 [-7.78188165e-02  1.19036234e+00]
 [-8.12871042e-02  1.17629866e+00]
 [-7.26886868e-02  1.17231605e+00]
 [-6.49276261e-02  1.17191795e+00]
 [-5.77992535e-02  1.16825649e+00]
 [-5.16879911e-02  1.16549292e+00]
 [-4.43261439e-02  1.16679593e+00]
 [-4.46202709e-02  1.16014777e+00]
 [-3.87729567e-02  1.15986535e+00]
 [-3.02447865e-02  1.15423509e+00]
 [-1.92675443e-02  1.14997226e+00]
 [-1.17670810e-02  1.14826410e+00]
 [-7.76631664e-03  1.14777846e+00]
 [ 7.03198857e-04  1.14253318e+00]
 [ 5.43834863e-03  1.14312073e+00]
 [ 1.34066850e-02  1.14160335e+00]
 [ 2.06314524e-02  1.13530686e+00]
 [ 2.22461069e-02  1.13474495e+00]
 [ 3.18802522e-02  1.12952734e+00]
 [ 3.83457939e-02  1.12831899e+00]
 [ 4.23346676e-02  1.12618735e+00]
 [ 5.04758507e-02  1.12448050e+00]
 [ 5.60300028e-02  1.11971574e+00]
 [ 6.21036440e-02  1.11830579e+00]
 [ 7.10759289e-02  1.11454575e+00]
 [ 7.37251294e-02  1.11285481e+00]
 [ 8.71654843e-02  1.10933896e+00]
 [ 9.50262921e-02  1.10705761e+00]
 [ 1.04295755e-01  1.10392213e+00]
 [ 1.10969623e-01  1.10160091e+00]
 [ 1.18203270e-01  1.09838794e+00]
 [ 1.26064044e-01  1.09479465e+00]
 [ 1.34692881e-01  1.09055294e+00]
 [ 1.40080200e-01  1.08891590e+00]
 [ 1.52817089e-01  1.08504407e+00]
 [ 1.61218542e-01  1.08318204e+00]
 [ 1.70002857e-01  1.07922813e+00]
 [ 1.75014893e-01  1.07778936e+00]
 [ 1.82342333e-01  1.07498704e+00]
 [ 1.90172627e-01  1.07197984e+00]
 [ 2.03084671e-01  1.06928416e+00]
 [ 2.13976399e-01  1.06457506e+00]
 [ 2.23750993e-01  1.06322020e+00]
 [ 2.30625397e-01  1.05912996e+00]
 [ 2.38300336e-01  1.05550187e+00]
 [ 2.44806332e-01  1.05390084e+00]
 [ 2.50261965e-01  1.05191762e+00]
 [ 2.67017971e-01  1.04617273e+00]
 [ 2.74602689e-01  1.04515144e+00]
 [ 2.82303277e-01  1.04259062e+00]
 [ 2.88406984e-01  1.03986528e+00]
 [ 2.93820200e-01  1.03883647e+00]
 [ 2.97400897e-01  1.03662685e+00]
 [ 3.05580413e-01  1.03479885e+00]
 [ 3.08157573e-01  1.03327717e+00]
 [ 3.17966593e-01  1.03215160e+00]
 [ 3.24678514e-01  1.02883032e+00]
 [ 3.30264463e-01  1.02533806e+00]
 [ 3.38650073e-01  1.02607637e+00]
 [ 3.40400089e-01  1.02181719e+00]
 [ 3.46371362e-01  1.02061259e+00]
 [ 3.55537364e-01  1.01663841e+00]
 [ 3.62106994e-01  1.01449779e+00]
 [ 3.69554368e-01  1.01196438e+00]
 [ 3.77853689e-01  1.01025813e+00]
 [ 3.79711385e-01  1.00810304e+00]
 [ 3.94048107e-01  1.00437080e+00]
 [ 4.01796779e-01  1.00308272e+00]
 [ 4.06646397e-01  1.00047214e+00]
 [ 4.18657652e-01  9.98488778e-01]
 [ 4.20325042e-01  9.94053517e-01]
 [ 4.25830047e-01  9.94243758e-01]
 [ 4.29992694e-01  9.89841249e-01]
 [ 4.39091732e-01  9.89072615e-01]
 [ 4.46131735e-01  9.85135152e-01]
 [ 4.53407059e-01  9.84001326e-01]
 [ 4.59582816e-01  9.79375945e-01]
 [ 4.73580389e-01  9.74857148e-01]
 [ 4.82232474e-01  9.72529767e-01]
 [ 4.96404652e-01  9.70678279e-01]
 [ 4.99645280e-01  9.66673869e-01]
 [ 5.04433445e-01  9.60895784e-01]
 [ 5.09686569e-01  9.57946626e-01]
 [ 5.11680947e-01  9.55721820e-01]
 [ 5.19235903e-01  9.53667131e-01]
 [ 5.29522452e-01  9.50442920e-01]
 [ 5.34662159e-01  9.45457127e-01]
 [ 5.36157046e-01  9.46034197e-01]
 [ 5.48731275e-01  9.39996701e-01]
 [ 5.48910254e-01  9.39924645e-01]
 [ 5.57038585e-01  9.36304140e-01]
 [ 5.65616958e-01  9.32020652e-01]
 [ 5.71412362e-01  9.26629157e-01]
 [ 5.73621915e-01  9.29043859e-01]
 [ 5.83471251e-01  9.22609492e-01]
 [ 5.89403642e-01  9.18583966e-01]
 [ 6.04010503e-01  9.10906218e-01]
 [ 6.10905552e-01  9.05928385e-01]
 [ 6.18480688e-01  9.00786129e-01]
 [ 6.24534602e-01  8.99778803e-01]
 [ 6.28356605e-01  8.95474756e-01]
 [ 6.32868717e-01  8.94281958e-01]
 [ 6.40895957e-01  8.87102216e-01]
 [ 6.45916875e-01  8.82895841e-01]
 [ 6.52009239e-01  8.82120252e-01]
 [ 6.53639978e-01  8.77689752e-01]
 [ 6.56481036e-01  8.75259908e-01]
 [ 6.62470599e-01  8.73628043e-01]
 [ 6.64019728e-01  8.70831394e-01]
 [ 6.71967100e-01  8.67648755e-01]
 [ 6.79800870e-01  8.59034864e-01]
 [ 6.84749671e-01  8.58358632e-01]
 [ 6.89046102e-01  8.53108255e-01]
 [ 6.98739368e-01  8.44999641e-01]
 [ 7.02642934e-01  8.41812679e-01]
 [ 7.08435643e-01  8.37281015e-01]
 [ 7.12194143e-01  8.33368167e-01]
 [ 7.23780018e-01  8.25412428e-01]
 [ 7.28598936e-01  8.22088844e-01]
 [ 7.29709845e-01  8.20139569e-01]
 [ 7.34339452e-01  8.18100419e-01]
 [ 7.40042458e-01  8.11778551e-01]
 [ 7.44097246e-01  8.06858588e-01]
 [ 7.52158779e-01  8.06055666e-01]
 [ 7.50006802e-01  8.00139425e-01]
 [ 7.57347443e-01  7.95979831e-01]
 [ 7.63706920e-01  7.97370404e-01]
 [ 7.63917680e-01  7.87725209e-01]
 [ 7.69808578e-01  7.82773905e-01]
 [ 7.78942339e-01  7.74511676e-01]
 [ 7.89542526e-01  7.64899040e-01]
 [ 7.93372499e-01  7.61630317e-01]
 [ 7.94148292e-01  7.58685705e-01]
 [ 7.99627297e-01  7.54080004e-01]
 [ 8.03234220e-01  7.49210385e-01]
 [ 8.09674301e-01  7.43388289e-01]
 [ 8.15009966e-01  7.37139358e-01]
 [ 8.23365825e-01  7.24887471e-01]
 [ 8.31695199e-01  7.20268902e-01]
 [ 8.32018327e-01  7.20011603e-01]
 [ 8.37499353e-01  7.10680497e-01]
 [ 8.42054299e-01  7.06437988e-01]
 [ 8.45696574e-01  6.99961921e-01]
 [ 8.52045515e-01  6.92523929e-01]
 [ 8.56244194e-01  6.90593622e-01]
 [ 8.57794518e-01  6.83373015e-01]
 [ 8.64074985e-01  6.82310616e-01]
 [ 8.66299313e-01  6.75434077e-01]
 [ 8.75715595e-01  6.69476529e-01]
 [ 8.78014840e-01  6.59650109e-01]
 [ 8.84669848e-01  6.50078300e-01]
 [ 8.89515709e-01  6.42957520e-01]
 [ 8.96899301e-01  6.31991193e-01]
 [ 9.00905665e-01  6.26715255e-01]
 [ 9.05702822e-01  6.20588541e-01]
 [ 9.06650788e-01  6.19384290e-01]
 [ 9.16421542e-01  6.10217413e-01]
 [ 9.15426016e-01  6.03694132e-01]
 [ 9.19873336e-01  5.97690313e-01]
 [ 9.25506162e-01  5.93997480e-01]
 [ 9.26653632e-01  5.86240969e-01]
 [ 9.31422729e-01  5.83830588e-01]
 [ 9.34073587e-01  5.76286380e-01]
 [ 9.39435541e-01  5.67206641e-01]
 [ 9.43324337e-01  5.60975174e-01]
 [ 9.47121643e-01  5.58747238e-01]
 [ 9.53283473e-01  5.45870710e-01]
 [ 9.56502282e-01  5.40495071e-01]
 [ 9.60250475e-01  5.35833886e-01]
 [ 9.65254898e-01  5.28629025e-01]
 [ 9.66825462e-01  5.26349211e-01]
 [ 9.69612853e-01  5.21583737e-01]
 [ 9.74902683e-01  5.11804837e-01]
 [ 9.74914239e-01  5.06988291e-01]
 [ 9.79975062e-01  5.07394506e-01]
 [ 9.81358811e-01  4.99893340e-01]
 [ 9.81546336e-01  4.95734414e-01]
 [ 9.85635583e-01  4.87683166e-01]
 [ 9.89138564e-01  4.82214836e-01]
 [ 9.92259886e-01  4.75145195e-01]
 [ 9.95688510e-01  4.68551661e-01]
 [ 9.97860383e-01  4.61787192e-01]
 [ 1.00222872e+00  4.55374553e-01]
 [ 1.00709911e+00  4.57255906e-01]
 [ 1.00991312e+00  4.45932770e-01]
 [ 1.01097576e+00  4.43676803e-01]
 [ 1.01669417e+00  4.32566192e-01]
 [ 1.01890503e+00  4.18352676e-01]
 [ 1.02499845e+00  4.09794016e-01]
 [ 1.02530435e+00  4.04615926e-01]
 [ 1.02970576e+00  3.95028494e-01]
 [ 1.03333043e+00  3.88876100e-01]
 [ 1.03442309e+00  3.89092714e-01]
 [ 1.03811546e+00  3.81579047e-01]
 [ 1.04247568e+00  3.82679531e-01]
 [ 1.04247578e+00  3.73395557e-01]
 [ 1.04575578e+00  3.58599065e-01]
 [ 1.04926934e+00  3.56419201e-01]
 [ 1.05119916e+00  3.47157496e-01]
 [ 1.05414119e+00  3.40808642e-01]
 [ 1.05757459e+00  3.38349507e-01]
 [ 1.05880840e+00  3.29465345e-01]
 [ 1.06342237e+00  3.22883100e-01]
 [ 1.06624176e+00  3.10709222e-01]
 [ 1.07091718e+00  3.03600574e-01]
 [ 1.07538811e+00  2.87413906e-01]
 [ 1.08157619e+00  2.74080096e-01]
 [ 1.08466618e+00  2.67626897e-01]
 [ 1.08590245e+00  2.58748808e-01]
 [ 1.08841010e+00  2.49997977e-01]
 [ 1.09355466e+00  2.48066670e-01]
 [ 1.09381638e+00  2.37003648e-01]
 [ 1.09654506e+00  2.26751251e-01]
 [ 1.09802736e+00  2.24687734e-01]
 [ 1.10109760e+00  2.15302523e-01]
 [ 1.10552244e+00  2.09609131e-01]
 [ 1.10547422e+00  2.01334500e-01]
 [ 1.11321794e+00  1.88691140e-01]
 [ 1.11378923e+00  1.77509823e-01]
 [ 1.11845845e+00  1.65626346e-01]
 [ 1.12148602e+00  1.54598924e-01]
 [ 1.12695649e+00  1.51793922e-01]
 [ 1.12813333e+00  1.36503366e-01]
 [ 1.12873914e+00  1.34310558e-01]
 [ 1.13968574e+00  1.05439990e-01]
 [ 1.14128495e+00  1.02033552e-01]
 [ 1.14102409e+00  8.68560093e-02]
 [ 1.14310390e+00  8.75819676e-02]
 [ 1.14652425e+00  7.02010371e-02]
 [ 1.14716683e+00  6.98925877e-02]
 [ 1.14960294e+00  6.15886436e-02]
 [ 1.15154863e+00  4.82984927e-02]
 [ 1.15559258e+00  3.73619856e-02]
 [ 1.16043173e+00  2.15952408e-02]
 [ 1.16244033e+00  1.09833016e-02]
 [ 1.16560067e+00 -3.12876252e-03]
 [ 1.17068654e+00 -1.07057583e-02]
 [ 1.16913303e+00 -1.49098786e-02]
 [ 1.17208703e+00 -2.44546758e-02]
 [ 1.17482094e+00 -3.54472492e-02]
 [ 1.17642778e+00 -4.48239616e-02]
 [ 1.18126141e+00 -5.52203916e-02]
 [ 1.18279973e+00 -6.45359238e-02]
 [ 1.18283327e+00 -6.45253298e-02]
 [ 1.18647609e+00 -8.18838026e-02]
 [ 1.18665223e+00 -8.26020221e-02]
 [ 1.18981989e+00 -9.50497289e-02]
 [ 1.19339052e+00 -1.01897109e-01]
 [ 1.19409524e+00 -1.16295516e-01]
 [ 1.19760980e+00 -1.24796644e-01]
 [ 1.19958139e+00 -1.29705087e-01]
 [ 1.20492570e+00 -1.35039214e-01]]",4,70
0.0025314152962553123,0.0034358262540852146,0.017401852522896707,1.0,3.759437038615684,3.7645552120219694,0.9986404307762735,2000,256,"[[9.99837121e-01 4.86218135e-01 5.61437728e-01 4.94864487e-01
  5.04872613e-01 5.07009188e-01]
 [9.99964026e-01 4.86401970e-01 5.17859362e-01 4.72265995e-01
  4.84941406e-01 4.94640466e-01]
 [9.99964026e-01 4.86401970e-01 4.82537500e-01 4.85710542e-01
  5.14054941e-01 4.94529284e-01]
 ...
 [1.96099054e-05 4.71861722e-01 5.09329259e-01 4.11555533e-01
  4.71811586e-01 5.41666542e-01]
 [1.26864682e-04 4.87166288e-01 4.27467091e-01 4.35286244e-01
  4.67980805e-01 4.93011064e-01]
 [1.96099054e-05 4.71861722e-01 4.42929305e-01 3.94776448e-01
  4.71811586e-01 5.38554057e-01]]","[[-6.27424252e-02  1.05200826e+00]
 [-6.01362328e-02  1.04300741e+00]
 [-5.76878621e-02  1.03864822e+00]
 [-4.55740218e-02  1.03596975e+00]
 [-3.75877299e-02  1.03496921e+00]
 [-2.98024821e-02  1.03528928e+00]
 [-2.69549406e-02  1.03461517e+00]
 [-1.88445858e-02  1.03285606e+00]
 [-6.69931037e-03  1.03162482e+00]
 [ 1.01034652e-03  1.03063059e+00]
 [ 4.44056337e-03  1.03162950e+00]
 [ 1.34855886e-02  1.02979221e+00]
 [ 1.83274670e-02  1.02902814e+00]
 [ 2.59720604e-02  1.02794154e+00]
 [ 3.15769543e-02  1.02672375e+00]
 [ 4.08891222e-02  1.02728877e+00]
 [ 4.54796077e-02  1.02598730e+00]
 [ 5.00309685e-02  1.02434371e+00]
 [ 5.94387079e-02  1.02454236e+00]
 [ 6.35673164e-02  1.02306088e+00]
 [ 7.07505718e-02  1.02090742e+00]
 [ 7.64976197e-02  1.01998727e+00]
 [ 9.20311650e-02  1.01743142e+00]
 [ 1.00247845e-01  1.01749300e+00]
 [ 1.05083613e-01  1.01533165e+00]
 [ 1.19762632e-01  1.01552327e+00]
 [ 1.22877707e-01  1.01310191e+00]
 [ 1.35261803e-01  1.00953512e+00]
 [ 1.46322697e-01  1.00636805e+00]
 [ 1.52596224e-01  1.00543791e+00]
 [ 1.62851853e-01  1.00453018e+00]
 [ 1.73628180e-01  1.00192219e+00]
 [ 1.80309038e-01  9.99015684e-01]
 [ 1.85953386e-01  9.99162216e-01]
 [ 1.92059805e-01  9.96301529e-01]
 [ 1.98219528e-01  9.95166984e-01]
 [ 2.04935720e-01  9.93139957e-01]
 [ 2.12028010e-01  9.91936676e-01]
 [ 2.16145923e-01  9.90685213e-01]
 [ 2.25324052e-01  9.89239170e-01]
 [ 2.29380422e-01  9.86487818e-01]
 [ 2.39878599e-01  9.84307048e-01]
 [ 2.41650180e-01  9.83832117e-01]
 [ 2.54360670e-01  9.80450705e-01]
 [ 2.59180368e-01  9.79590399e-01]
 [ 2.63331246e-01  9.77046614e-01]
 [ 2.77414177e-01  9.75097229e-01]
 [ 2.84702896e-01  9.71247430e-01]
 [ 2.89241867e-01  9.69802798e-01]
 [ 2.96990054e-01  9.66663972e-01]
 [ 3.03134938e-01  9.64621991e-01]
 [ 3.08900113e-01  9.62718142e-01]
 [ 3.17320223e-01  9.60117380e-01]
 [ 3.24041558e-01  9.57828920e-01]
 [ 3.33079898e-01  9.55266346e-01]
 [ 3.33168563e-01  9.54122304e-01]
 [ 3.39961129e-01  9.52320252e-01]
 [ 3.44993954e-01  9.50075998e-01]
 [ 3.53629489e-01  9.47714962e-01]
 [ 3.58499993e-01  9.45272236e-01]
 [ 3.66295810e-01  9.42405103e-01]
 [ 3.71473709e-01  9.39625890e-01]
 [ 3.74562370e-01  9.39536668e-01]
 [ 3.79660843e-01  9.36910035e-01]
 [ 3.88534734e-01  9.33723510e-01]
 [ 3.93705087e-01  9.30863755e-01]
 [ 4.04437117e-01  9.26615025e-01]
 [ 4.08294904e-01  9.24986548e-01]
 [ 4.15982999e-01  9.21210592e-01]
 [ 4.25517841e-01  9.17403263e-01]
 [ 4.37820826e-01  9.12983491e-01]
 [ 4.38262028e-01  9.11822082e-01]
 [ 4.43015882e-01  9.09122149e-01]
 [ 4.49720104e-01  9.05539235e-01]
 [ 4.62248435e-01  9.00123694e-01]
 [ 4.67677935e-01  8.97942990e-01]
 [ 4.75861030e-01  8.95867644e-01]
 [ 4.78372233e-01  8.91756798e-01]
 [ 4.81536949e-01  8.90042195e-01]
 [ 4.90532950e-01  8.86662590e-01]
 [ 4.96049311e-01  8.83274714e-01]
 [ 4.97149422e-01  8.82475306e-01]
 [ 5.04411685e-01  8.78938370e-01]
 [ 5.11410968e-01  8.76546391e-01]
 [ 5.15974017e-01  8.72405214e-01]
 [ 5.22108727e-01  8.69598237e-01]
 [ 5.25910249e-01  8.68726865e-01]
 [ 5.34279914e-01  8.62652801e-01]
 [ 5.40031041e-01  8.59280175e-01]
 [ 5.43307547e-01  8.56721318e-01]
 [ 5.54003981e-01  8.50318124e-01]
 [ 5.60339827e-01  8.47075918e-01]
 [ 5.64433600e-01  8.45070999e-01]
 [ 5.69237107e-01  8.41358755e-01]
 [ 5.75992233e-01  8.37831783e-01]
 [ 5.82283086e-01  8.34482754e-01]
 [ 5.90141074e-01  8.29261896e-01]
 [ 5.94176588e-01  8.25150531e-01]
 [ 5.99260587e-01  8.22051395e-01]
 [ 6.03099756e-01  8.19316919e-01]
 [ 6.10717923e-01  8.15229239e-01]
 [ 6.16907262e-01  8.09837108e-01]
 [ 6.20581993e-01  8.08291358e-01]
 [ 6.30206397e-01  8.00297477e-01]
 [ 6.35035559e-01  7.97433794e-01]
 [ 6.39905666e-01  7.95918327e-01]
 [ 6.47353591e-01  7.89169496e-01]
 [ 6.50801398e-01  7.86943150e-01]
 [ 6.55287202e-01  7.81702063e-01]
 [ 6.60262719e-01  7.78015926e-01]
 [ 6.62569104e-01  7.78240413e-01]
 [ 6.65628544e-01  7.73828548e-01]
 [ 6.71234235e-01  7.70138610e-01]
 [ 6.73275275e-01  7.67977598e-01]
 [ 6.78101158e-01  7.63984332e-01]
 [ 6.82162185e-01  7.61664938e-01]
 [ 6.87404166e-01  7.58380339e-01]
 [ 6.91553731e-01  7.55050003e-01]
 [ 6.96974622e-01  7.48854691e-01]
 [ 6.99098530e-01  7.47740632e-01]
 [ 7.07096368e-01  7.40196785e-01]
 [ 7.09157807e-01  7.38418488e-01]
 [ 7.14715786e-01  7.36254658e-01]
 [ 7.19498529e-01  7.30212545e-01]
 [ 7.24367304e-01  7.26738390e-01]
 [ 7.28968357e-01  7.21246168e-01]
 [ 7.33089316e-01  7.17670458e-01]
 [ 7.36341411e-01  7.14325046e-01]
 [ 7.42271155e-01  7.10272062e-01]
 [ 7.45909881e-01  7.05528347e-01]
 [ 7.45978051e-01  7.04925433e-01]
 [ 7.51395418e-01  6.99604452e-01]
 [ 7.56697398e-01  6.95620851e-01]
 [ 7.69553342e-01  6.82239906e-01]
 [ 7.73000694e-01  6.77823923e-01]
 [ 7.81833074e-01  6.70033874e-01]
 [ 7.87231959e-01  6.66353912e-01]
 [ 7.87517396e-01  6.63802008e-01]
 [ 7.92973612e-01  6.58621055e-01]
 [ 7.99847927e-01  6.50258506e-01]
 [ 8.04709645e-01  6.44038598e-01]
 [ 8.06989336e-01  6.42692539e-01]
 [ 8.10744242e-01  6.38425824e-01]
 [ 8.11500495e-01  6.36297985e-01]
 [ 8.17529156e-01  6.30309287e-01]
 [ 8.25124857e-01  6.21296497e-01]
 [ 8.29154299e-01  6.16931420e-01]
 [ 8.31873306e-01  6.13481816e-01]
 [ 8.36957722e-01  6.12219789e-01]
 [ 8.43358517e-01  5.99154914e-01]
 [ 8.44556142e-01  5.95536295e-01]
 [ 8.50164189e-01  5.94853842e-01]
 [ 8.53747964e-01  5.84218969e-01]
 [ 8.58964774e-01  5.76872926e-01]
 [ 8.65171750e-01  5.70531483e-01]
 [ 8.67454517e-01  5.66375457e-01]
 [ 8.73586884e-01  5.59203228e-01]
 [ 8.75968949e-01  5.53244073e-01]
 [ 8.77237471e-01  5.51049523e-01]
 [ 8.81340057e-01  5.46442485e-01]
 [ 8.85056000e-01  5.40701576e-01]
 [ 8.89700751e-01  5.33124662e-01]
 [ 8.95570344e-01  5.25194594e-01]
 [ 8.97252414e-01  5.23214547e-01]
 [ 8.99773626e-01  5.18532456e-01]
 [ 9.03097145e-01  5.13789395e-01]
 [ 9.07708258e-01  5.06256561e-01]
 [ 9.11226068e-01  5.03234642e-01]
 [ 9.13330871e-01  4.95487879e-01]
 [ 9.17735602e-01  4.89029866e-01]
 [ 9.22690947e-01  4.80532303e-01]
 [ 9.24575259e-01  4.79336475e-01]
 [ 9.26896876e-01  4.74502272e-01]
 [ 9.31038739e-01  4.66760892e-01]
 [ 9.34771160e-01  4.62565756e-01]
 [ 9.37272645e-01  4.54403159e-01]
 [ 9.37453455e-01  4.53998375e-01]
 [ 9.41584416e-01  4.48917236e-01]
 [ 9.46836215e-01  4.39155931e-01]
 [ 9.51838191e-01  4.26294434e-01]
 [ 9.60418221e-01  4.09275159e-01]
 [ 9.62707572e-01  4.04762696e-01]
 [ 9.65237034e-01  3.98856781e-01]
 [ 9.67872920e-01  3.93519973e-01]
 [ 9.71284852e-01  3.88052792e-01]
 [ 9.73280486e-01  3.82435568e-01]
 [ 9.74572145e-01  3.78560758e-01]
 [ 9.77715644e-01  3.74950147e-01]
 [ 9.79518807e-01  3.72276769e-01]
 [ 9.81410808e-01  3.66553148e-01]
 [ 9.84747357e-01  3.55318213e-01]
 [ 9.90929779e-01  3.41963998e-01]
 [ 9.91888580e-01  3.36607770e-01]
 [ 9.96471998e-01  3.30838522e-01]
 [ 1.00132903e+00  3.19187444e-01]
 [ 1.00339850e+00  3.12836086e-01]
 [ 1.00706960e+00  2.98416788e-01]
 [ 1.00930430e+00  2.90935657e-01]
 [ 1.01390901e+00  2.77840660e-01]
 [ 1.01682273e+00  2.69683777e-01]
 [ 1.01984004e+00  2.59352630e-01]
 [ 1.02408686e+00  2.47655815e-01]
 [ 1.02413770e+00  2.45784048e-01]
 [ 1.02773830e+00  2.34529029e-01]
 [ 1.02773830e+00  2.34529029e-01]
 [ 1.03106944e+00  2.25838520e-01]
 [ 1.03228356e+00  2.17584677e-01]
 [ 1.03449104e+00  2.10755017e-01]
 [ 1.03555934e+00  2.06415729e-01]
 [ 1.03865611e+00  1.95400612e-01]
 [ 1.04041159e+00  1.90651434e-01]
 [ 1.04196220e+00  1.81652777e-01]
 [ 1.04420874e+00  1.77828165e-01]
 [ 1.04770978e+00  1.70246731e-01]
 [ 1.04818942e+00  1.60297781e-01]
 [ 1.05038977e+00  1.53471942e-01]
 [ 1.05164214e+00  1.44971444e-01]
 [ 1.05187873e+00  1.43651699e-01]
 [ 1.05341193e+00  1.37338275e-01]
 [ 1.05592278e+00  1.25987282e-01]
 [ 1.05614476e+00  1.24361481e-01]
 [ 1.05727480e+00  1.16873576e-01]
 [ 1.05815282e+00  1.13429439e-01]
 [ 1.05957294e+00  1.05204597e-01]
 [ 1.06216960e+00  9.28474263e-02]
 [ 1.06253541e+00  9.24948314e-02]
 [ 1.06381164e+00  8.29698147e-02]
 [ 1.06526782e+00  7.53279575e-02]
 [ 1.06596688e+00  7.21401248e-02]
 [ 1.06693844e+00  6.49625011e-02]
 [ 1.06737088e+00  6.12860707e-02]
 [ 1.07118477e+00  4.43388906e-02]
 [ 1.07138807e+00  3.55300076e-02]
 [ 1.07162162e+00  3.49775316e-02]
 [ 1.07322517e+00  2.56275196e-02]
 [ 1.07511725e+00  2.05874767e-02]
 [ 1.07698272e+00  1.09542260e-02]
 [ 1.07728178e+00  1.91977282e-03]
 [ 1.07841470e+00 -4.05435751e-03]
 [ 1.07919579e+00 -1.00867686e-02]
 [ 1.07947006e+00 -2.13011692e-02]
 [ 1.08033488e+00 -2.98669797e-02]
 [ 1.08182058e+00 -3.59023362e-02]
 [ 1.08212764e+00 -4.27317206e-02]
 [ 1.08258349e+00 -4.76429577e-02]
 [ 1.08415925e+00 -6.22333359e-02]
 [ 1.08494377e+00 -7.02402075e-02]
 [ 1.08538045e+00 -7.99624624e-02]
 [ 1.08653711e+00 -7.97509839e-02]
 [ 1.08670372e+00 -9.04014053e-02]
 [ 1.08694554e+00 -9.63471174e-02]
 [ 1.08838543e+00 -1.08225198e-01]
 [ 1.09235684e+00 -1.20076217e-01]
 [ 1.09958322e+00 -1.22531365e-01]
 [ 1.10336459e+00 -1.28407596e-01]
 [ 1.10960237e+00 -1.29219328e-01]]",5,70
0.004080012640781993,0.004330473755768869,0.020667831787615495,1.0,3.7571368127866407,3.7645552120219694,0.9980294088362321,2000,256,"[[9.99937023e-01 5.72409865e-01 5.02719847e-01 5.53257129e-01
  5.15700466e-01 5.33457220e-01]
 [9.99937023e-01 5.72409865e-01 4.94927151e-01 5.53257129e-01
  5.15700466e-01 5.20354077e-01]
 [9.99937023e-01 5.37792056e-01 4.94927151e-01 5.40270623e-01
  5.14843049e-01 4.88002747e-01]
 ...
 [4.09838646e-03 5.39370672e-01 5.32462630e-01 4.98782465e-01
  4.92196148e-01 4.34903212e-01]
 [9.38865177e-04 5.35805100e-01 4.59557977e-01 4.86332841e-01
  5.10938684e-01 3.91085655e-01]
 [4.00143749e-04 5.35805100e-01 4.59557977e-01 4.86405157e-01
  4.81679498e-01 3.91085655e-01]]","[[-0.17645157  1.13036124]
 [-0.17596587  1.12903911]
 [-0.17288007  1.12107858]
 [-0.17073606  1.12172245]
 [-0.16114464  1.11077705]
 [-0.15726663  1.11022755]
 [-0.14880538  1.10835887]
 [-0.14412339  1.10877659]
 [-0.13181939  1.10693011]
 [-0.12156292  1.10706047]
 [-0.11338595  1.10474079]
 [-0.10539427  1.10666948]
 [-0.10035585  1.10100933]
 [-0.09347423  1.1009296 ]
 [-0.0873015   1.09977338]
 [-0.08207057  1.09840166]
 [-0.06641965  1.099121  ]
 [-0.05708735  1.09397372]
 [-0.05243107  1.09302666]
 [-0.03987636  1.09544737]
 [-0.03601704  1.08982228]
 [-0.02778263  1.08806044]
 [-0.01170275  1.08769112]
 [-0.00303613  1.08633095]
 [ 0.00152501  1.08506961]
 [ 0.01052704  1.08428214]
 [ 0.02046735  1.07865153]
 [ 0.03003992  1.08055942]
 [ 0.03497624  1.07503273]
 [ 0.04822532  1.07307054]
 [ 0.05567223  1.07289147]
 [ 0.0706134   1.06915189]
 [ 0.07911259  1.06595067]
 [ 0.0814573   1.06535819]
 [ 0.09325575  1.06299294]
 [ 0.09577203  1.06234373]
 [ 0.10626664  1.06065765]
 [ 0.11288338  1.05888478]
 [ 0.11595451  1.05612546]
 [ 0.12516421  1.05388781]
 [ 0.13507445  1.0545727 ]
 [ 0.14388028  1.04852904]
 [ 0.15439384  1.04646497]
 [ 0.16095583  1.04450943]
 [ 0.16336221  1.04370745]
 [ 0.17265737  1.04350285]
 [ 0.17789756  1.0388243 ]
 [ 0.18012255  1.03887123]
 [ 0.18941176  1.03754611]
 [ 0.19717009  1.03314907]
 [ 0.20170288  1.03495169]
 [ 0.20751858  1.02999685]
 [ 0.21484696  1.02817774]
 [ 0.22162725  1.02834002]
 [ 0.22891998  1.02477632]
 [ 0.24315675  1.01822521]
 [ 0.24493096  1.01782996]
 [ 0.25205293  1.01545892]
 [ 0.25738331  1.01368388]
 [ 0.26910669  1.01005343]
 [ 0.27052807  1.01193303]
 [ 0.27848232  1.00608164]
 [ 0.28264971  1.00638684]
 [ 0.28753406  1.00248635]
 [ 0.2903505   1.00239726]
 [ 0.29768883  0.99881517]
 [ 0.30241678  0.99747919]
 [ 0.30744303  0.99504344]
 [ 0.31577626  0.99189459]
 [ 0.32092306  0.99009725]
 [ 0.3293135   0.99039299]
 [ 0.33577714  0.98379347]
 [ 0.35575146  0.97571379]
 [ 0.36749447  0.96982936]
 [ 0.37216173  0.96893936]
 [ 0.37632166  0.96673695]
 [ 0.38603098  0.96389011]
 [ 0.39442747  0.96213583]
 [ 0.39846196  0.95596939]
 [ 0.41701204  0.94690986]
 [ 0.4263352   0.94274837]
 [ 0.43309482  0.94286049]
 [ 0.4364055   0.937154  ]
 [ 0.4489433   0.93454123]
 [ 0.45549506  0.92881828]
 [ 0.46199738  0.92446859]
 [ 0.46457785  0.92265166]
 [ 0.47304985  0.92010468]
 [ 0.48341109  0.9130961 ]
 [ 0.48708767  0.91029136]
 [ 0.49360647  0.90652147]
 [ 0.50133736  0.90385803]
 [ 0.50158344  0.90130564]
 [ 0.51397635  0.89665153]
 [ 0.51839787  0.89099202]
 [ 0.52943457  0.88832375]
 [ 0.53388568  0.88164779]
 [ 0.53591233  0.88209888]
 [ 0.54197611  0.87627726]
 [ 0.54755106  0.87531057]
 [ 0.55294538  0.86983518]
 [ 0.55779318  0.86612712]
 [ 0.56279945  0.86388882]
 [ 0.56914775  0.85857581]
 [ 0.57155457  0.85675694]
 [ 0.58334518  0.84880706]
 [ 0.58779173  0.84502301]
 [ 0.59216932  0.84212041]
 [ 0.5949735   0.83946003]
 [ 0.60331691  0.83561528]
 [ 0.60528315  0.83195165]
 [ 0.61109338  0.82798591]
 [ 0.61600756  0.8267821 ]
 [ 0.61886234  0.82242305]
 [ 0.62396437  0.81795214]
 [ 0.63120632  0.81225627]
 [ 0.63527145  0.80857471]
 [ 0.64479734  0.80142691]
 [ 0.64849844  0.79845389]
 [ 0.65235892  0.79632996]
 [ 0.65961641  0.79005625]
 [ 0.66381886  0.78541392]
 [ 0.66924456  0.77994394]
 [ 0.67437334  0.77644819]
 [ 0.68053462  0.77041617]
 [ 0.68110031  0.77020877]
 [ 0.69116037  0.76632566]
 [ 0.69366544  0.7585762 ]
 [ 0.69956564  0.75270185]
 [ 0.70334774  0.74842449]
 [ 0.70742185  0.74516108]
 [ 0.71326709  0.73944784]
 [ 0.71566384  0.73651648]
 [ 0.72531298  0.73602041]
 [ 0.72803059  0.72395342]
 [ 0.7330486   0.72288573]
 [ 0.74014742  0.71681987]
 [ 0.74228317  0.70943142]
 [ 0.7482901   0.70262235]
 [ 0.75281882  0.69803776]
 [ 0.76240818  0.68694011]
 [ 0.76869564  0.68009056]
 [ 0.77211445  0.67606543]
 [ 0.77793757  0.67230089]
 [ 0.78019914  0.66919745]
 [ 0.78990822  0.65552265]
 [ 0.79373675  0.65175877]
 [ 0.80036023  0.64296649]
 [ 0.80454003  0.63694546]
 [ 0.81104813  0.62854837]
 [ 0.81537246  0.6230683 ]
 [ 0.81974221  0.61864005]
 [ 0.82217347  0.61465359]
 [ 0.82660051  0.6080257 ]
 [ 0.82922483  0.60551517]
 [ 0.83270224  0.59953509]
 [ 0.83667734  0.59394989]
 [ 0.84256586  0.58708981]
 [ 0.84567256  0.58212588]
 [ 0.84700194  0.57882423]
 [ 0.85057436  0.57421694]
 [ 0.85280903  0.57280954]
 [ 0.85834829  0.56613597]
 [ 0.86303309  0.5601964 ]
 [ 0.86875989  0.54555365]
 [ 0.87298074  0.54024111]
 [ 0.87785195  0.53380575]
 [ 0.88190077  0.5248124 ]
 [ 0.88749096  0.52382668]
 [ 0.88940396  0.51295882]
 [ 0.89548285  0.50413729]
 [ 0.89603447  0.50330949]
 [ 0.8999766   0.49747007]
 [ 0.90169863  0.4908009 ]
 [ 0.90330732  0.48878248]
 [ 0.91068017  0.47841037]
 [ 0.91539788  0.46640504]
 [ 0.92021222  0.45797546]
 [ 0.92336327  0.45479889]
 [ 0.92472919  0.44924435]
 [ 0.92922064  0.44198704]
 [ 0.93029809  0.4376736 ]
 [ 0.93464319  0.43038659]
 [ 0.93732838  0.42466078]
 [ 0.94006178  0.42017024]
 [ 0.94308636  0.41936697]
 [ 0.943677    0.41078145]
 [ 0.94775494  0.40671075]
 [ 0.95075443  0.39652757]
 [ 0.95307274  0.39066767]
 [ 0.95491923  0.38675215]
 [ 0.95873499  0.38093454]
 [ 0.9623517   0.37381807]
 [ 0.96485605  0.36728663]
 [ 0.96922999  0.35721456]
 [ 0.96920583  0.35678163]
 [ 0.97405335  0.34531343]
 [ 0.97501608  0.34286899]
 [ 0.97979565  0.33197661]
 [ 0.97993425  0.33122525]
 [ 0.98351015  0.32337815]
 [ 0.98705099  0.31218527]
 [ 0.99158621  0.30673088]
 [ 0.99147631  0.30146865]
 [ 0.99603872  0.2949883 ]
 [ 0.99619889  0.28987268]
 [ 0.99807521  0.28472258]
 [ 1.00154688  0.2788176 ]
 [ 1.00549551  0.26607147]
 [ 1.00902976  0.25550035]
 [ 1.01493276  0.24590843]
 [ 1.01862099  0.23573249]
 [ 1.02056961  0.23033907]
 [ 1.0215011   0.22112207]
 [ 1.02365842  0.21387602]
 [ 1.02927833  0.19705553]
 [ 1.03127724  0.18916118]
 [ 1.03351144  0.18268071]
 [ 1.03600153  0.17577887]
 [ 1.04000916  0.16369912]
 [ 1.04305908  0.15475643]
 [ 1.04514884  0.14644126]
 [ 1.0475032   0.13976544]
 [ 1.05037858  0.12948023]
 [ 1.05429282  0.11672673]
 [ 1.05590634  0.11120971]
 [ 1.06067406  0.09918486]
 [ 1.06162722  0.095088  ]
 [ 1.06497142  0.08417211]
 [ 1.0676022   0.07470257]
 [ 1.06835599  0.06656398]
 [ 1.0695484   0.06292929]
 [ 1.07437171  0.05459402]
 [ 1.0747749   0.04461564]
 [ 1.07687551  0.04024668]
 [ 1.07679668  0.03377709]
 [ 1.08101849  0.02733702]
 [ 1.08106768  0.01880843]
 [ 1.08200866  0.01528568]
 [ 1.08535762  0.00925111]
 [ 1.08435302  0.00285824]
 [ 1.08874728 -0.00330211]
 [ 1.09111187 -0.01011856]
 [ 1.09173077 -0.02050313]
 [ 1.09255884 -0.02835244]
 [ 1.09673381 -0.03719822]
 [ 1.09745216 -0.04620152]
 [ 1.10063764 -0.05554343]
 [ 1.10204574 -0.06363224]
 [ 1.10466389 -0.06971299]
 [ 1.10538359 -0.08264352]
 [ 1.10850531 -0.08844657]
 [ 1.11084066 -0.09325087]
 [ 1.11258872 -0.10593273]
 [ 1.12350634 -0.11309578]
 [ 1.12527742 -0.11560747]]",6,70
0.009301420640217524,0.007312581652182349,0.03697148666007591,0.9325,3.7524423848473165,3.7645552120219694,0.9967824015073632,2000,256,"[[9.99940348e-01 4.21591703e-01 6.03265117e-01 5.38658274e-01
  5.08352459e-01 5.16204925e-01]
 [9.99940348e-01 4.21591703e-01 6.06210156e-01 5.21879211e-01
  5.08352459e-01 5.11501114e-01]
 [9.99940348e-01 4.21591703e-01 5.02378215e-01 5.20601245e-01
  5.08352459e-01 5.11501114e-01]
 ...
 [4.81663530e-04 4.98099550e-01 5.70986720e-01 5.13322272e-01
  5.27966432e-01 4.94040164e-01]
 [3.21414833e-04 4.88854548e-01 6.20732674e-01 5.04196164e-01
  5.45821992e-01 4.88312682e-01]
 [3.21414833e-04 4.83648894e-01 6.28524996e-01 5.24977569e-01
  5.45821992e-01 5.04785925e-01]]","[[-0.06158993  1.0983151 ]
 [-0.06142501  1.09794505]
 [-0.0588209   1.08409708]
 [-0.05715458  1.08312618]
 [-0.05367669  1.07206376]
 [-0.04327135  1.06983927]
 [-0.03177679  1.06848036]
 [-0.03044026  1.06729547]
 [-0.02149084  1.0657712 ]
 [-0.0166327   1.06448629]
 [-0.00423066  1.06195388]
 [ 0.00985063  1.05882602]
 [ 0.02211828  1.05734601]
 [ 0.02907066  1.05428346]
 [ 0.03842157  1.05335807]
 [ 0.0474736   1.0512529 ]
 [ 0.05769198  1.04843459]
 [ 0.06273288  1.0481061 ]
 [ 0.07118002  1.04692936]
 [ 0.07357978  1.04447119]
 [ 0.09011592  1.04116515]
 [ 0.09011592  1.04116515]
 [ 0.10114449  1.0383464 ]
 [ 0.10923     1.03576219]
 [ 0.11161004  1.03555454]
 [ 0.11944419  1.03346757]
 [ 0.13067799  1.03230457]
 [ 0.15555893  1.02535212]
 [ 0.16699423  1.02244719]
 [ 0.17700568  1.02135399]
 [ 0.19483904  1.0169923 ]
 [ 0.2063512   1.01303456]
 [ 0.21431436  1.01295097]
 [ 0.21877405  1.009881  ]
 [ 0.22925128  1.00764994]
 [ 0.23766501  1.0052997 ]
 [ 0.242382    1.00365568]
 [ 0.25130462  1.00212556]
 [ 0.25409808  1.00112897]
 [ 0.26382047  0.99893892]
 [ 0.26752412  0.99816527]
 [ 0.27611002  0.99477614]
 [ 0.28700844  0.99460849]
 [ 0.29342389  0.99024271]
 [ 0.29711532  0.98974696]
 [ 0.30454597  0.98747006]
 [ 0.31213587  0.985478  ]
 [ 0.32111669  0.9825687 ]
 [ 0.33426644  0.98057523]
 [ 0.34221286  0.97699901]
 [ 0.34943675  0.97476059]
 [ 0.35456804  0.9732202 ]
 [ 0.36439021  0.96944884]
 [ 0.37580491  0.96794269]
 [ 0.38090975  0.96473187]
 [ 0.3860242   0.96293066]
 [ 0.39737188  0.96094316]
 [ 0.40543601  0.9566793 ]
 [ 0.4149745   0.95456347]
 [ 0.41551227  0.95332704]
 [ 0.42353642  0.95087869]
 [ 0.43751166  0.94824587]
 [ 0.43770888  0.94547215]
 [ 0.45684748  0.94095574]
 [ 0.45702292  0.94086119]
 [ 0.46509409  0.93539167]
 [ 0.47446827  0.93329524]
 [ 0.47811707  0.9305723 ]
 [ 0.48807268  0.92940012]
 [ 0.49355047  0.92440167]
 [ 0.50177446  0.92358057]
 [ 0.50554381  0.9207061 ]
 [ 0.51252681  0.91825509]
 [ 0.52381295  0.91582392]
 [ 0.52851427  0.91250217]
 [ 0.53805727  0.91043991]
 [ 0.54436949  0.9026679 ]
 [ 0.5519283   0.89982494]
 [ 0.56123808  0.89843507]
 [ 0.56789605  0.89204584]
 [ 0.5700111   0.89045313]
 [ 0.58029188  0.88729452]
 [ 0.58732767  0.88477214]
 [ 0.58983498  0.87994661]
 [ 0.60151715  0.88012949]
 [ 0.60659882  0.87445861]
 [ 0.61544282  0.87132333]
 [ 0.6163742   0.86613733]
 [ 0.61874951  0.86455185]
 [ 0.62942286  0.85948635]
 [ 0.63633134  0.85881381]
 [ 0.63940118  0.85411316]
 [ 0.643776    0.84875786]
 [ 0.65044281  0.84440321]
 [ 0.65836129  0.84150199]
 [ 0.66474098  0.8425374 ]
 [ 0.66384659  0.83529117]
 [ 0.67286812  0.82879706]
 [ 0.68401878  0.82288541]
 [ 0.68920924  0.81749434]
 [ 0.69928386  0.80962029]
 [ 0.70302282  0.80632735]
 [ 0.71007696  0.8027716 ]
 [ 0.71561579  0.79658278]
 [ 0.71772423  0.792266  ]
 [ 0.73007816  0.78563719]
 [ 0.72982842  0.78250079]
 [ 0.73669718  0.78102506]
 [ 0.74072561  0.77421214]
 [ 0.74240477  0.77064855]
 [ 0.74890368  0.76606032]
 [ 0.75391326  0.76442963]
 [ 0.76075156  0.75247741]
 [ 0.76368002  0.75182351]
 [ 0.76729593  0.74734452]
 [ 0.77723559  0.73793073]
 [ 0.78346215  0.72866687]
 [ 0.79146712  0.72320026]
 [ 0.79308852  0.71940077]
 [ 0.79725048  0.71442759]
 [ 0.80053603  0.71182552]
 [ 0.80209231  0.70699478]
 [ 0.80911201  0.70369868]
 [ 0.81281815  0.6971534 ]
 [ 0.81612147  0.69189276]
 [ 0.82749946  0.69073546]
 [ 0.83102349  0.67495647]
 [ 0.83545254  0.67005846]
 [ 0.84549728  0.66141794]
 [ 0.85110287  0.6510843 ]
 [ 0.85502696  0.64587249]
 [ 0.85814756  0.64049169]
 [ 0.86730949  0.62805812]
 [ 0.86917178  0.62368368]
 [ 0.87585274  0.61400419]
 [ 0.8813629   0.60816566]
 [ 0.88812435  0.60374744]
 [ 0.88941055  0.60241775]
 [ 0.8919215   0.59217046]
 [ 0.8919215   0.59217046]
 [ 0.89736865  0.58639517]
 [ 0.90423676  0.5822121 ]
 [ 0.90675843  0.57506143]
 [ 0.91342644  0.56671946]
 [ 0.91418948  0.56564319]
 [ 0.92010819  0.55315876]
 [ 0.92561254  0.54680256]
 [ 0.93089602  0.53873282]
 [ 0.93219254  0.53788605]
 [ 0.9367224   0.53305331]
 [ 0.94263109  0.52308851]
 [ 0.94551471  0.51806327]
 [ 0.9560031   0.51039665]
 [ 0.95810787  0.50541684]
 [ 0.96257889  0.49746022]
 [ 0.96481294  0.48943082]
 [ 0.97218996  0.4772273 ]
 [ 0.98107191  0.46852854]
 [ 0.98256289  0.4625578 ]
 [ 0.98777355  0.4570033 ]
 [ 0.98923885  0.45549524]
 [ 0.99006197  0.44813295]
 [ 0.99462786  0.44335146]
 [ 1.00342479  0.43374856]
 [ 1.00577294  0.42483193]
 [ 1.014381    0.41578281]
 [ 1.0165028   0.40664491]
 [ 1.02218844  0.40153789]
 [ 1.02874866  0.38806768]
 [ 1.0371733   0.37692193]
 [ 1.03695341  0.37618285]
 [ 1.04118438  0.36783354]
 [ 1.04312326  0.36319084]
 [ 1.05125513  0.35941193]
 [ 1.05090949  0.35750422]
 [ 1.05360782  0.34991151]
 [ 1.0581049   0.34765857]
 [ 1.06229702  0.33376464]
 [ 1.06564612  0.32927336]
 [ 1.07289044  0.32718222]
 [ 1.07406186  0.318896  ]
 [ 1.07722361  0.31307033]
 [ 1.08352836  0.30063638]
 [ 1.08601502  0.29653615]
 [ 1.0892042   0.28776887]
 [ 1.08964676  0.28771973]
 [ 1.09754138  0.27705197]
 [ 1.10079334  0.26944586]
 [ 1.10415639  0.26231401]
 [ 1.10818693  0.25826193]
 [ 1.11189809  0.25132136]
 [ 1.11266075  0.24898106]
 [ 1.11520695  0.24319581]
 [ 1.11699634  0.24113089]
 [ 1.12134433  0.23578078]
 [ 1.12502313  0.22713748]
 [ 1.1297237   0.22646383]
 [ 1.13064176  0.2177611 ]
 [ 1.13707156  0.20801931]
 [ 1.14120183  0.20093562]
 [ 1.14610588  0.19374877]
 [ 1.14756771  0.18788422]
 [ 1.15201195  0.18299789]
 [ 1.16028728  0.17199171]
 [ 1.1652537   0.16820596]
 [ 1.1669491   0.15943784]
 [ 1.16947276  0.15162053]
 [ 1.17234496  0.14632068]
 [ 1.17782635  0.13818338]
 [ 1.18351211  0.12751397]
 [ 1.18851187  0.1197202 ]
 [ 1.18997578  0.11652922]
 [ 1.19358542  0.10903343]
 [ 1.19628006  0.10617066]
 [ 1.20266218  0.09603015]
 [ 1.20519167  0.0898975 ]
 [ 1.20911411  0.08378906]
 [ 1.21390812  0.07835809]
 [ 1.2179656   0.07365864]
 [ 1.21972942  0.06556862]
 [ 1.22593886  0.05595821]
 [ 1.23305604  0.0492588 ]
 [ 1.2367359   0.03926257]
 [ 1.24051987  0.03371234]
 [ 1.24204588  0.03055242]
 [ 1.25040284  0.01848041]
 [ 1.2537457   0.01144897]
 [ 1.25667798  0.00671705]
 [ 1.26528948 -0.00243199]
 [ 1.26613294 -0.00877572]
 [ 1.28597983 -0.04256091]
 [ 1.2904566  -0.0448481 ]
 [ 1.29245357 -0.05673033]
 [ 1.29359032 -0.05683592]
 [ 1.29581316 -0.0635186 ]
 [ 1.30307012 -0.07087601]
 [ 1.30868014 -0.0740858 ]
 [ 1.30986919 -0.08381653]
 [ 1.31371679 -0.08771478]
 [ 1.3194985  -0.10186529]
 [ 1.32428412 -0.11034394]
 [ 1.33410354 -0.11594565]
 [ 1.33300192 -0.12634762]
 [ 1.34582111 -0.12781183]
 [ 1.34275181 -0.14328036]
 [ 1.35480955 -0.15028241]
 [ 1.36419238 -0.16669392]
 [ 1.36410734 -0.17229953]
 [ 1.36997467 -0.18788122]
 [ 1.377515   -0.19080302]
 [ 1.38144568 -0.20325983]
 [ 1.38862534 -0.21538111]
 [ 1.39735833 -0.2205508 ]
 [ 1.40768014 -0.22637161]
 [ 1.41753563 -0.22734342]
 [ 1.42327974 -0.22857948]]",7,70
0.012891338891850268,0.01102972912081757,0.03936075695508107,0.651,3.747314128960711,3.7645552120219694,0.9954201540178783,2000,256,"[[9.99986726e-01 5.22016948e-01 4.86087775e-01 4.38718365e-01
  4.87457330e-01 6.86466345e-01]
 [9.99890443e-01 6.07631684e-01 5.07390353e-01 4.32759580e-01
  4.80813056e-01 6.28948989e-01]
 [9.99890443e-01 5.24622733e-01 4.89676167e-01 4.40006027e-01
  4.78667974e-01 6.28948989e-01]
 ...
 [7.33835620e-04 5.19326601e-01 4.84194954e-01 5.05046779e-01
  4.93092225e-01 5.21354763e-01]
 [3.89551320e-05 4.94445952e-01 4.72830627e-01 5.16530933e-01
  4.69442866e-01 5.03325548e-01]
 [3.89551320e-05 4.94445952e-01 4.73478900e-01 4.37955471e-01
  4.70076916e-01 5.03325548e-01]]","[[-0.09448443  1.21607689]
 [-0.09346717  1.21349775]
 [-0.09458798  1.20358887]
 [-0.09164819  1.20188759]
 [-0.08624195  1.19634319]
 [-0.08041099  1.19535593]
 [-0.0737811   1.19324121]
 [-0.06853386  1.19136833]
 [-0.05696803  1.18789858]
 [-0.04678781  1.18560312]
 [-0.03851847  1.18149324]
 [-0.02826219  1.18081566]
 [-0.02097057  1.17690971]
 [-0.01601233  1.17681943]
 [-0.0074054   1.1789658 ]
 [-0.00298544  1.17405296]
 [ 0.0085757   1.1719459 ]
 [ 0.01601216  1.16917406]
 [ 0.02550657  1.1638504 ]
 [ 0.03216767  1.16295124]
 [ 0.04273478  1.16111244]
 [ 0.04567675  1.16428719]
 [ 0.06048458  1.15674046]
 [ 0.06759887  1.15539567]
 [ 0.07423687  1.15327257]
 [ 0.08749565  1.14687993]
 [ 0.09813361  1.14535099]
 [ 0.09832169  1.14561435]
 [ 0.10874302  1.14435742]
 [ 0.11304967  1.13945574]
 [ 0.12179509  1.13839108]
 [ 0.13058933  1.13490745]
 [ 0.13407678  1.13294818]
 [ 0.14491502  1.1325063 ]
 [ 0.14752803  1.13157274]
 [ 0.15278847  1.12668401]
 [ 0.15996947  1.12585762]
 [ 0.1744037   1.12427046]
 [ 0.18101825  1.11762766]
 [ 0.18872081  1.11699719]
 [ 0.19667695  1.11117223]
 [ 0.19670294  1.11116203]
 [ 0.20670626  1.109189  ]
 [ 0.21018408  1.10635408]
 [ 0.21657085  1.10624324]
 [ 0.22502803  1.10619885]
 [ 0.23215815  1.10287921]
 [ 0.23635556  1.10083744]
 [ 0.23980102  1.09603604]
 [ 0.25331047  1.09192312]
 [ 0.25957886  1.09040008]
 [ 0.26868944  1.09038396]
 [ 0.27759287  1.0831529 ]
 [ 0.28686958  1.0824885 ]
 [ 0.28912619  1.07909681]
 [ 0.30097345  1.07445236]
 [ 0.3029591   1.07179615]
 [ 0.3104955   1.06809891]
 [ 0.3231564   1.06650138]
 [ 0.32285564  1.06304574]
 [ 0.33422218  1.06091798]
 [ 0.34073969  1.05892929]
 [ 0.34443255  1.05309851]
 [ 0.35182874  1.05116712]
 [ 0.36491338  1.04865268]
 [ 0.36862383  1.04352081]
 [ 0.38470459  1.03665624]
 [ 0.39218498  1.03296674]
 [ 0.40029647  1.02909575]
 [ 0.41078791  1.02291133]
 [ 0.4205702   1.01752873]
 [ 0.42686903  1.01390251]
 [ 0.43408756  1.00746649]
 [ 0.44173872  1.00458084]
 [ 0.45406278  1.00189473]
 [ 0.45722497  0.99392494]
 [ 0.46530398  0.99257025]
 [ 0.46811844  0.99296853]
 [ 0.47379003  0.98714031]
 [ 0.47721826  0.98513606]
 [ 0.48049269  0.98143925]
 [ 0.4834224   0.97971436]
 [ 0.48931924  0.97919486]
 [ 0.49162515  0.97657343]
 [ 0.49968435  0.97610297]
 [ 0.50398701  0.96794683]
 [ 0.51016377  0.96389866]
 [ 0.51682689  0.96100323]
 [ 0.52115931  0.95794484]
 [ 0.52845667  0.95538802]
 [ 0.53851937  0.94612501]
 [ 0.54682043  0.94702631]
 [ 0.55011892  0.9385475 ]
 [ 0.55602961  0.93748404]
 [ 0.55698618  0.93356587]
 [ 0.55961388  0.93122361]
 [ 0.56775838  0.93087029]
 [ 0.57607166  0.92694318]
 [ 0.57769473  0.91957089]
 [ 0.58100316  0.91713696]
 [ 0.58738403  0.91291056]
 [ 0.59321591  0.9120332 ]
 [ 0.59730438  0.90512195]
 [ 0.60274705  0.9005064 ]
 [ 0.6098297   0.89806019]
 [ 0.61461333  0.89579222]
 [ 0.61865843  0.88922568]
 [ 0.62524739  0.88431609]
 [ 0.63016632  0.88475028]
 [ 0.63671204  0.87505068]
 [ 0.64608069  0.86673241]
 [ 0.65399763  0.86036095]
 [ 0.65875749  0.8582618 ]
 [ 0.66079357  0.85423324]
 [ 0.6655089   0.84980184]
 [ 0.67258227  0.84314756]
 [ 0.68056703  0.83641647]
 [ 0.68526049  0.83111269]
 [ 0.69069828  0.82665703]
 [ 0.69604634  0.82093968]
 [ 0.70038787  0.81579583]
 [ 0.70433362  0.81293128]
 [ 0.70998324  0.8069236 ]
 [ 0.71333258  0.80451766]
 [ 0.71818465  0.79934345]
 [ 0.72975787  0.78938365]
 [ 0.73817372  0.77512461]
 [ 0.73982143  0.77601706]
 [ 0.74361659  0.76902687]
 [ 0.75070292  0.75928626]
 [ 0.7591209   0.75471272]
 [ 0.76067594  0.74587711]
 [ 0.76405919  0.74460263]
 [ 0.76721113  0.73862429]
 [ 0.76907176  0.73823255]
 [ 0.77317803  0.72977309]
 [ 0.77594899  0.72777235]
 [ 0.78191145  0.71847895]
 [ 0.78533773  0.71597626]
 [ 0.78937637  0.70632235]
 [ 0.79341568  0.70027049]
 [ 0.79474238  0.69877804]
 [ 0.79976798  0.69165594]
 [ 0.80168355  0.69179752]
 [ 0.80637759  0.68442212]
 [ 0.80674675  0.67975943]
 [ 0.81173651  0.67533253]
 [ 0.81751834  0.66705936]
 [ 0.81761227  0.66698464]
 [ 0.82226321  0.65757834]
 [ 0.82475702  0.65057053]
 [ 0.83614706  0.63373835]
 [ 0.83928457  0.62836004]
 [ 0.84168974  0.62173325]
 [ 0.8478219   0.61520571]
 [ 0.85212496  0.60843195]
 [ 0.8545184   0.60202374]
 [ 0.86048239  0.59670358]
 [ 0.86102427  0.59138814]
 [ 0.86825524  0.57586748]
 [ 0.87145018  0.5719154 ]
 [ 0.87429909  0.56764696]
 [ 0.87497026  0.56432551]
 [ 0.87916692  0.55751637]
 [ 0.87918728  0.55739517]
 [ 0.88414187  0.55091226]
 [ 0.88782765  0.54466518]
 [ 0.89391845  0.53917492]
 [ 0.89594185  0.53184552]
 [ 0.89624133  0.52533612]
 [ 0.90275358  0.52076994]
 [ 0.90417582  0.51337006]
 [ 0.9082253   0.5051073 ]
 [ 0.91080003  0.50172917]
 [ 0.91557976  0.49784521]
 [ 0.91853534  0.48920341]
 [ 0.92124476  0.48142816]
 [ 0.923316    0.47776645]
 [ 0.92699332  0.47232524]
 [ 0.92908441  0.46800932]
 [ 0.93544228  0.46517793]
 [ 0.94144062  0.4536291 ]
 [ 0.94007113  0.44754638]
 [ 0.94304712  0.44256283]
 [ 0.94899218  0.44036015]
 [ 0.95089575  0.43085727]
 [ 0.95135194  0.42735202]
 [ 0.95605303  0.42263467]
 [ 0.95829787  0.41742663]
 [ 0.96047636  0.4132382 ]
 [ 0.96552815  0.40457711]
 [ 0.96814131  0.39573092]
 [ 0.97107173  0.39174404]
 [ 0.97436487  0.38358106]
 [ 0.97820722  0.37757487]
 [ 0.9816463   0.37039402]
 [ 0.98535057  0.36683599]
 [ 0.98726789  0.35925164]
 [ 0.99481513  0.34124488]
 [ 0.99973654  0.3354743 ]
 [ 1.00298552  0.32984525]
 [ 1.00790522  0.3159433 ]
 [ 1.01200981  0.31155325]
 [ 1.01416735  0.30497573]
 [ 1.01572821  0.29753471]
 [ 1.01654669  0.29507572]
 [ 1.02122608  0.29148962]
 [ 1.02258836  0.28598564]
 [ 1.02342145  0.28092062]
 [ 1.02592584  0.27304785]
 [ 1.02868193  0.26632459]
 [ 1.03143948  0.26190887]
 [ 1.03363293  0.25885535]
 [ 1.03926679  0.24927098]
 [ 1.03911076  0.24290729]
 [ 1.04223634  0.2317066 ]
 [ 1.04688205  0.22103064]
 [ 1.04858251  0.21578741]
 [ 1.05110436  0.20733968]
 [ 1.05207161  0.20347208]
 [ 1.05487281  0.20089716]
 [ 1.05691126  0.19468311]
 [ 1.06192342  0.18416364]
 [ 1.06385746  0.17024539]
 [ 1.06672104  0.16065751]
 [ 1.06858067  0.1521627 ]
 [ 1.07031673  0.14768899]
 [ 1.07273612  0.13845952]
 [ 1.07780155  0.12979323]
 [ 1.07920059  0.11394022]
 [ 1.0825005   0.10895461]
 [ 1.08373486  0.09697783]
 [ 1.08381702  0.09680795]
 [ 1.08734849  0.08391042]
 [ 1.08875694  0.07440603]
 [ 1.09096608  0.06559372]
 [ 1.09672162  0.05316923]
 [ 1.09645932  0.04488574]
 [ 1.09763018  0.0382326 ]
 [ 1.09917857  0.02838562]
 [ 1.10244905  0.02604361]
 [ 1.10188705  0.0123968 ]
 [ 1.10435856  0.00449191]
 [ 1.10624579  0.00199668]
 [ 1.10676935 -0.01348461]
 [ 1.11081371 -0.01763234]
 [ 1.11281114 -0.0378253 ]
 [ 1.11432149 -0.04714107]
 [ 1.11755474 -0.06146312]
 [ 1.11839443 -0.07721725]
 [ 1.12378222 -0.07865293]
 [ 1.12376952 -0.08388249]
 [ 1.13101383 -0.09355429]
 [ 1.13774107 -0.09766682]
 [ 1.1433852  -0.09991538]
 [ 1.15660721 -0.10253217]]",8,70
0.007976020670053586,0.007465638732603708,0.031868895048504174,0.8535,3.7527414613977275,3.7645552120219694,0.9968618468956141,2000,256,"[[9.99633409e-01 4.47109909e-01 4.63715434e-01 4.83078225e-01
  5.25637386e-01 5.20277976e-01]
 [9.99483000e-01 4.38975909e-01 4.81749856e-01 4.89044379e-01
  5.17111777e-01 5.95828716e-01]
 [9.99594624e-01 4.66864291e-01 4.97933110e-01 5.13795503e-01
  4.76179058e-01 5.14331422e-01]
 ...
 [1.31249806e-04 4.86064606e-01 4.92262760e-01 5.36171567e-01
  4.95943297e-01 5.40828971e-01]
 [2.79117514e-04 4.75513270e-01 5.15005150e-01 5.41620057e-01
  4.87279937e-01 6.10948003e-01]
 [2.02884814e-05 4.75513270e-01 5.15005150e-01 5.17309208e-01
  4.83418006e-01 6.10948003e-01]]","[[-8.69068346e-02  1.17733081e+00]
 [-8.45394789e-02  1.17181210e+00]
 [-8.11958518e-02  1.16778388e+00]
 [-7.88212523e-02  1.15895137e+00]
 [-7.30662657e-02  1.15539952e+00]
 [-6.67827838e-02  1.15451350e+00]
 [-6.71585978e-02  1.14665179e+00]
 [-6.25751410e-02  1.14506622e+00]
 [-5.06474981e-02  1.14616218e+00]
 [-5.06518353e-02  1.14166474e+00]
 [-4.15886437e-02  1.13642238e+00]
 [-3.35821236e-02  1.13595695e+00]
 [-2.98596492e-02  1.13035822e+00]
 [-2.45721850e-02  1.12764695e+00]
 [-2.17617991e-02  1.12708515e+00]
 [-1.34770315e-02  1.12287861e+00]
 [-7.98964717e-03  1.12201678e+00]
 [-5.57082273e-03  1.11962579e+00]
 [ 3.74950473e-03  1.11835544e+00]
 [ 1.47864965e-02  1.11190405e+00]
 [ 2.17250642e-02  1.10914089e+00]
 [ 2.74712282e-02  1.10911543e+00]
 [ 4.36585806e-02  1.10774904e+00]
 [ 4.12871726e-02  1.10336272e+00]
 [ 5.18750453e-02  1.09909196e+00]
 [ 5.05444800e-02  1.09922533e+00]
 [ 5.65374646e-02  1.09574401e+00]
 [ 6.70912602e-02  1.09388082e+00]
 [ 7.01741991e-02  1.09076854e+00]
 [ 7.87495840e-02  1.08793044e+00]
 [ 8.50654305e-02  1.08685134e+00]
 [ 9.46209558e-02  1.08147593e+00]
 [ 1.07328157e-01  1.08128631e+00]
 [ 1.14871108e-01  1.07659978e+00]
 [ 1.18426179e-01  1.07265632e+00]
 [ 1.26556430e-01  1.07229673e+00]
 [ 1.36365198e-01  1.06910546e+00]
 [ 1.42973928e-01  1.06463945e+00]
 [ 1.48747423e-01  1.06168767e+00]
 [ 1.58685802e-01  1.05749892e+00]
 [ 1.65088413e-01  1.05525612e+00]
 [ 1.77006543e-01  1.05183432e+00]
 [ 1.81680058e-01  1.04941939e+00]
 [ 1.88131307e-01  1.04750291e+00]
 [ 2.05560932e-01  1.04350348e+00]
 [ 2.05079479e-01  1.04113370e+00]
 [ 2.15207488e-01  1.03784538e+00]
 [ 2.22681854e-01  1.03725365e+00]
 [ 2.23643783e-01  1.03498654e+00]
 [ 2.37527547e-01  1.03186425e+00]
 [ 2.45241777e-01  1.02929624e+00]
 [ 2.53255362e-01  1.02516521e+00]
 [ 2.59987691e-01  1.02262892e+00]
 [ 2.70085103e-01  1.01947345e+00]
 [ 2.78086881e-01  1.01469147e+00]
 [ 2.83550025e-01  1.01347868e+00]
 [ 2.86264737e-01  1.01150110e+00]
 [ 2.94667533e-01  1.01012664e+00]
 [ 3.06020767e-01  1.00394399e+00]
 [ 3.12918916e-01  1.00242195e+00]
 [ 3.21936285e-01  9.97029598e-01]
 [ 3.28826791e-01  9.96790586e-01]
 [ 3.33292073e-01  9.93869265e-01]
 [ 3.34486091e-01  9.92548692e-01]
 [ 3.41874676e-01  9.90570471e-01]
 [ 3.45581297e-01  9.87996892e-01]
 [ 3.52007329e-01  9.86769531e-01]
 [ 3.54149392e-01  9.85500924e-01]
 [ 3.61858816e-01  9.83123924e-01]
 [ 3.73054370e-01  9.80854293e-01]
 [ 3.78703178e-01  9.77815687e-01]
 [ 3.80797931e-01  9.75400673e-01]
 [ 3.92566834e-01  9.70098059e-01]
 [ 3.95472256e-01  9.65105129e-01]
 [ 4.02643699e-01  9.63591920e-01]
 [ 4.04081997e-01  9.60636109e-01]
 [ 4.13083109e-01  9.58320368e-01]
 [ 4.20745536e-01  9.57362732e-01]
 [ 4.29062958e-01  9.51995481e-01]
 [ 4.36509020e-01  9.49257431e-01]
 [ 4.40658740e-01  9.46535242e-01]
 [ 4.46924637e-01  9.47354309e-01]
 [ 4.49763459e-01  9.38882846e-01]
 [ 4.51272456e-01  9.37411693e-01]
 [ 4.57581416e-01  9.35366580e-01]
 [ 4.63173010e-01  9.32191898e-01]
 [ 4.68075019e-01  9.31659443e-01]
 [ 4.70638649e-01  9.29241316e-01]
 [ 4.77385326e-01  9.23168861e-01]
 [ 4.85071598e-01  9.25528505e-01]
 [ 4.85256967e-01  9.18733963e-01]
 [ 4.90322696e-01  9.15354012e-01]
 [ 4.96365238e-01  9.18233237e-01]
 [ 4.99534773e-01  9.13623259e-01]
 [ 5.08214201e-01  9.10579433e-01]
 [ 5.12918169e-01  9.05412339e-01]
 [ 5.16078727e-01  9.02458506e-01]
 [ 5.18668835e-01  8.99240494e-01]
 [ 5.25699700e-01  8.97761639e-01]
 [ 5.25472785e-01  8.96236567e-01]
 [ 5.32268686e-01  8.91182103e-01]
 [ 5.39135974e-01  8.91290481e-01]
 [ 5.39244746e-01  8.88453963e-01]
 [ 5.44277857e-01  8.85252452e-01]
 [ 5.49541391e-01  8.83609956e-01]
 [ 5.50905717e-01  8.79146390e-01]
 [ 5.57341177e-01  8.78080011e-01]
 [ 5.63446353e-01  8.72650008e-01]
 [ 5.67496153e-01  8.70725174e-01]
 [ 5.74858171e-01  8.63937205e-01]
 [ 5.81371081e-01  8.60132195e-01]
 [ 5.83728128e-01  8.59121065e-01]
 [ 5.87816540e-01  8.54424177e-01]
 [ 5.90425651e-01  8.52517410e-01]
 [ 5.96879439e-01  8.49448304e-01]
 [ 6.04590382e-01  8.41763068e-01]
 [ 6.08591803e-01  8.39274818e-01]
 [ 6.11727264e-01  8.35254042e-01]
 [ 6.16289615e-01  8.31298931e-01]
 [ 6.22867792e-01  8.28845400e-01]
 [ 6.26963164e-01  8.22412775e-01]
 [ 6.30195333e-01  8.23044635e-01]
 [ 6.32993489e-01  8.17680358e-01]
 [ 6.34114949e-01  8.17020400e-01]
 [ 6.39037798e-01  8.14473720e-01]
 [ 6.45374264e-01  8.10435072e-01]
 [ 6.45670912e-01  8.07249797e-01]
 [ 6.51959610e-01  8.02482516e-01]
 [ 6.60055273e-01  7.95660377e-01]
 [ 6.66376805e-01  7.88525259e-01]
 [ 6.77098136e-01  7.82956741e-01]
 [ 6.81755310e-01  7.77674013e-01]
 [ 6.87693447e-01  7.68569516e-01]
 [ 6.93338432e-01  7.63910367e-01]
 [ 6.98396934e-01  7.59085337e-01]
 [ 7.03078330e-01  7.55101549e-01]
 [ 7.10230334e-01  7.46906014e-01]
 [ 7.14898993e-01  7.43051504e-01]
 [ 7.17677697e-01  7.39268092e-01]
 [ 7.23250473e-01  7.34168572e-01]
 [ 7.25022163e-01  7.33640656e-01]
 [ 7.29752195e-01  7.25736726e-01]
 [ 7.35084727e-01  7.25589209e-01]
 [ 7.38134192e-01  7.17791755e-01]
 [ 7.41012567e-01  7.16480181e-01]
 [ 7.43708428e-01  7.10263795e-01]
 [ 7.48650953e-01  7.03984738e-01]
 [ 7.56328159e-01  6.99768625e-01]
 [ 7.59857906e-01  6.91748910e-01]
 [ 7.66103440e-01  6.85328890e-01]
 [ 7.70849020e-01  6.79783487e-01]
 [ 7.75349907e-01  6.72571711e-01]
 [ 7.79750215e-01  6.71268494e-01]
 [ 7.83288220e-01  6.65533186e-01]
 [ 7.85727488e-01  6.62320789e-01]
 [ 7.88328496e-01  6.59240039e-01]
 [ 7.93391966e-01  6.52039681e-01]
 [ 7.93188046e-01  6.49780240e-01]
 [ 7.97777467e-01  6.45731880e-01]
 [ 8.01876152e-01  6.41436100e-01]
 [ 8.03191607e-01  6.37892481e-01]
 [ 8.07602104e-01  6.34183003e-01]
 [ 8.12584031e-01  6.26291266e-01]
 [ 8.21538020e-01  6.13614561e-01]
 [ 8.29599655e-01  6.02831817e-01]
 [ 8.34012525e-01  5.93820475e-01]
 [ 8.37764694e-01  5.87482746e-01]
 [ 8.42459152e-01  5.85076469e-01]
 [ 8.46268064e-01  5.74583132e-01]
 [ 8.51100009e-01  5.69558587e-01]
 [ 8.51251460e-01  5.69471682e-01]
 [ 8.54364611e-01  5.61715343e-01]
 [ 8.59616793e-01  5.53625989e-01]
 [ 8.62926087e-01  5.46219773e-01]
 [ 8.66704164e-01  5.39979974e-01]
 [ 8.70318149e-01  5.35931299e-01]
 [ 8.73785243e-01  5.29618562e-01]
 [ 8.76528385e-01  5.24172596e-01]
 [ 8.78508061e-01  5.18750805e-01]
 [ 8.81464145e-01  5.14020309e-01]
 [ 8.85965216e-01  5.07006004e-01]
 [ 8.89507645e-01  5.00708176e-01]
 [ 8.92883043e-01  4.93736423e-01]
 [ 8.96830228e-01  4.90391490e-01]
 [ 8.95984595e-01  4.86198482e-01]
 [ 9.01672931e-01  4.77857945e-01]
 [ 9.05868077e-01  4.66158636e-01]
 [ 9.07679712e-01  4.62936251e-01]
 [ 9.13530142e-01  4.54861595e-01]
 [ 9.13017824e-01  4.51649326e-01]
 [ 9.18148320e-01  4.44980641e-01]
 [ 9.19025618e-01  4.43084271e-01]
 [ 9.20294395e-01  4.36029589e-01]
 [ 9.24745433e-01  4.31894256e-01]
 [ 9.24895047e-01  4.25745405e-01]
 [ 9.29390605e-01  4.21375872e-01]
 [ 9.31652811e-01  4.11984722e-01]
 [ 9.34263511e-01  4.02615784e-01]
 [ 9.38022645e-01  3.99640376e-01]
 [ 9.40524629e-01  3.88502459e-01]
 [ 9.43791643e-01  3.82483764e-01]
 [ 9.46343038e-01  3.73882505e-01]
 [ 9.50100483e-01  3.70294005e-01]
 [ 9.49838686e-01  3.64033919e-01]
 [ 9.52977704e-01  3.55645079e-01]
 [ 9.56979403e-01  3.47593771e-01]
 [ 9.59859341e-01  3.47541650e-01]
 [ 9.59127619e-01  3.38522675e-01]
 [ 9.60693888e-01  3.33321584e-01]
 [ 9.65520130e-01  3.24185750e-01]
 [ 9.67595209e-01  3.12409717e-01]
 [ 9.74600016e-01  3.00646845e-01]
 [ 9.74606614e-01  2.93714441e-01]
 [ 9.77228645e-01  2.89070643e-01]
 [ 9.80348850e-01  2.74845224e-01]
 [ 9.83185342e-01  2.64848218e-01]
 [ 9.88888930e-01  2.43023487e-01]
 [ 9.88986124e-01  2.42933395e-01]
 [ 9.92585715e-01  2.27646201e-01]
 [ 9.94012352e-01  2.25021340e-01]
 [ 9.95365885e-01  2.19353941e-01]
 [ 9.97113187e-01  2.08620591e-01]
 [ 9.98855009e-01  2.04237961e-01]
 [ 1.00155656e+00  1.87380842e-01]
 [ 1.00389509e+00  1.78636796e-01]
 [ 1.00621058e+00  1.76215026e-01]
 [ 1.00574529e+00  1.68716612e-01]
 [ 1.00767617e+00  1.64190951e-01]
 [ 1.00864038e+00  1.54622303e-01]
 [ 1.01072991e+00  1.48230768e-01]
 [ 1.01265836e+00  1.36243274e-01]
 [ 1.01428908e+00  1.35312705e-01]
 [ 1.01552313e+00  1.22191961e-01]
 [ 1.01617585e+00  1.13851460e-01]
 [ 1.01764188e+00  1.05383938e-01]
 [ 1.01878753e+00  1.00905031e-01]
 [ 1.01958399e+00  9.40977440e-02]
 [ 1.02052310e+00  8.69472320e-02]
 [ 1.02284386e+00  7.23388126e-02]
 [ 1.02444734e+00  6.62381184e-02]
 [ 1.02470816e+00  5.74185688e-02]
 [ 1.02580831e+00  4.82256692e-02]
 [ 1.02702200e+00  3.90622631e-02]
 [ 1.02804427e+00  2.98944284e-02]
 [ 1.02799885e+00  2.91249227e-02]
 [ 1.02972241e+00  1.36243766e-02]
 [ 1.03068217e+00  1.12596169e-02]
 [ 1.03062998e+00  3.16005633e-03]
 [ 1.03130573e+00  9.52485831e-04]
 [ 1.03183885e+00 -1.07612216e-02]
 [ 1.03233480e+00 -2.20848895e-02]
 [ 1.03330548e+00 -3.20233673e-02]
 [ 1.03393935e+00 -4.50199043e-02]
 [ 1.03503979e+00 -4.87133115e-02]
 [ 1.04465067e+00 -4.89136828e-02]
 [ 1.04496658e+00 -4.98197536e-02]]",9,70
0.014697422299579165,0.012416850758949922,0.058663888366317175,0.6755,3.7434679945082308,3.7645552120219694,0.9943984836648452,2000,256,"[[9.99877263e-01 5.28704604e-01 3.90349453e-01 3.81956494e-01
  6.66959496e-01 5.55840855e-01]
 [9.99757969e-01 5.28234368e-01 3.82437046e-01 3.81956494e-01
  6.51359950e-01 5.84854302e-01]
 [9.99757969e-01 5.28234368e-01 3.82437046e-01 3.81956494e-01
  6.26818488e-01 5.84854302e-01]
 ...
 [2.11768832e-05 5.44861102e-01 5.39560674e-01 5.29178767e-01
  4.42178272e-01 5.74210558e-01]
 [2.11768832e-05 5.45237852e-01 5.39560674e-01 4.51644923e-01
  4.42178272e-01 5.74210558e-01]
 [6.37950773e-05 5.41662631e-01 5.39560674e-01 4.46204097e-01
  4.26046473e-01 5.73141851e-01]]","[[-0.04860158  1.19935543]
 [-0.04704854  1.19374904]
 [-0.04569927  1.18305149]
 [-0.04528314  1.16883734]
 [-0.04121204  1.16569345]
 [-0.03971578  1.15075242]
 [-0.03890131  1.14275123]
 [-0.03703812  1.13541029]
 [-0.03255099  1.12814235]
 [-0.03254969  1.1280396 ]
 [-0.02946095  1.11914028]
 [-0.02318769  1.11632468]
 [-0.01703498  1.11012872]
 [-0.00926169  1.10935932]
 [-0.00536424  1.10446208]
 [ 0.00233113  1.10182179]
 [ 0.00585686  1.10048612]
 [ 0.01104411  1.09922115]
 [ 0.01931537  1.09684423]
 [ 0.02799195  1.09360491]
 [ 0.03335797  1.09177954]
 [ 0.04427295  1.092077  ]
 [ 0.04719713  1.0911937 ]
 [ 0.05237261  1.08566358]
 [ 0.05784419  1.08315668]
 [ 0.0633525   1.0818189 ]
 [ 0.06905633  1.08021084]
 [ 0.08315987  1.07970935]
 [ 0.08698253  1.07824644]
 [ 0.08989459  1.07532234]
 [ 0.09351818  1.07217153]
 [ 0.09603806  1.07214856]
 [ 0.10168066  1.06928954]
 [ 0.11000436  1.06620393]
 [ 0.11544014  1.06486737]
 [ 0.12404351  1.06535823]
 [ 0.12800622  1.06066274]
 [ 0.1392452   1.05742272]
 [ 0.14094922  1.05677893]
 [ 0.15778445  1.05153076]
 [ 0.16753173  1.04826155]
 [ 0.17427269  1.04572435]
 [ 0.17690626  1.04474731]
 [ 0.18377643  1.04287105]
 [ 0.19109439  1.04007322]
 [ 0.1972835   1.03786461]
 [ 0.20686939  1.03493906]
 [ 0.20845921  1.03442842]
 [ 0.21641314  1.03169616]
 [ 0.22615113  1.02767021]
 [ 0.23241361  1.02648502]
 [ 0.23628206  1.0239038 ]
 [ 0.24950274  1.01991849]
 [ 0.25544002  1.01760555]
 [ 0.25935637  1.01783674]
 [ 0.26386586  1.01445551]
 [ 0.27431182  1.01092561]
 [ 0.28269516  1.00684348]
 [ 0.28269516  1.00684348]
 [ 0.29409503  1.00283299]
 [ 0.30262938  1.00054076]
 [ 0.31510836  0.99336137]
 [ 0.32950289  0.98985116]
 [ 0.34165545  0.98250098]
 [ 0.34301229  0.98196631]
 [ 0.35034334  0.98033887]
 [ 0.35358442  0.9791185 ]
 [ 0.35878959  0.97792247]
 [ 0.36492716  0.97704678]
 [ 0.36940349  0.97437557]
 [ 0.37661929  0.96780701]
 [ 0.38595016  0.96613578]
 [ 0.39060804  0.96170461]
 [ 0.39061062  0.96170162]
 [ 0.40051888  0.9579934 ]
 [ 0.41082677  0.95562625]
 [ 0.41823622  0.95202193]
 [ 0.42051015  0.94865688]
 [ 0.42814705  0.94509383]
 [ 0.43502973  0.94167126]
 [ 0.44232854  0.93801272]
 [ 0.44756993  0.934262  ]
 [ 0.45378056  0.93119977]
 [ 0.46452483  0.92727397]
 [ 0.46924065  0.92352112]
 [ 0.4760305   0.91967588]
 [ 0.48215449  0.91623248]
 [ 0.48865256  0.91515802]
 [ 0.4926201   0.91085409]
 [ 0.49997489  0.90740129]
 [ 0.50046314  0.90638133]
 [ 0.51422007  0.89840578]
 [ 0.52315841  0.89486739]
 [ 0.53056248  0.8896303 ]
 [ 0.53697845  0.88607087]
 [ 0.54193376  0.88503648]
 [ 0.54510726  0.88127381]
 [ 0.55324208  0.87761365]
 [ 0.55933933  0.8738917 ]
 [ 0.57070991  0.86676241]
 [ 0.57728752  0.8626907 ]
 [ 0.58262488  0.85929856]
 [ 0.59052617  0.85477637]
 [ 0.59102732  0.85438153]
 [ 0.59965816  0.85154699]
 [ 0.60464075  0.84623538]
 [ 0.60961969  0.84220947]
 [ 0.62130515  0.83850513]
 [ 0.63089642  0.82860685]
 [ 0.6356377   0.82712816]
 [ 0.64109558  0.82284836]
 [ 0.64602152  0.81982284]
 [ 0.65791497  0.80994965]
 [ 0.66656943  0.80802293]
 [ 0.66920179  0.80468489]
 [ 0.67398891  0.80074769]
 [ 0.67588921  0.79864739]
 [ 0.6871778   0.79144566]
 [ 0.69263702  0.78688522]
 [ 0.69966502  0.78215057]
 [ 0.70854681  0.77460825]
 [ 0.71372705  0.77144188]
 [ 0.72233047  0.764863  ]
 [ 0.7266819   0.76171203]
 [ 0.73260338  0.75580063]
 [ 0.73872355  0.7513088 ]
 [ 0.74562673  0.74744389]
 [ 0.75008966  0.74294393]
 [ 0.75415287  0.73923007]
 [ 0.76386832  0.72973746]
 [ 0.77008857  0.72549777]
 [ 0.77431316  0.72109364]
 [ 0.7807608   0.71538936]
 [ 0.78077193  0.71531951]
 [ 0.78800378  0.70998752]
 [ 0.78943572  0.70966233]
 [ 0.79477116  0.70368287]
 [ 0.79911565  0.69964745]
 [ 0.80359165  0.69473759]
 [ 0.80865103  0.68964973]
 [ 0.81873282  0.67990461]
 [ 0.81898075  0.67960592]
 [ 0.82353244  0.67367235]
 [ 0.82687764  0.6711002 ]
 [ 0.83214518  0.6658997 ]
 [ 0.8386774   0.65792269]
 [ 0.84415061  0.65199714]
 [ 0.8525657   0.64616725]
 [ 0.8560579   0.64081348]
 [ 0.86254513  0.63821335]
 [ 0.86408419  0.62893718]
 [ 0.87259118  0.62253514]
 [ 0.87408659  0.61778601]
 [ 0.8747931   0.6141253 ]
 [ 0.88068402  0.60814228]
 [ 0.88515452  0.60139398]
 [ 0.89214865  0.58949957]
 [ 0.89936872  0.58326773]
 [ 0.89884445  0.57890898]
 [ 0.90417487  0.57446345]
 [ 0.90435504  0.57095702]
 [ 0.90823267  0.56697547]
 [ 0.91286782  0.56079492]
 [ 0.91762824  0.55490778]
 [ 0.91686659  0.5491965 ]
 [ 0.91998289  0.54348714]
 [ 0.92170589  0.54132487]
 [ 0.92560429  0.53626051]
 [ 0.92540347  0.53154389]
 [ 0.93356505  0.51756953]
 [ 0.93796083  0.50701511]
 [ 0.93977765  0.5070944 ]
 [ 0.94332517  0.49718339]
 [ 0.95032553  0.49000633]
 [ 0.9543374   0.47148699]
 [ 0.95663331  0.46517341]
 [ 0.95958888  0.45749797]
 [ 0.96232266  0.45256133]
 [ 0.96595545  0.44893707]
 [ 0.96659536  0.44032902]
 [ 0.97005252  0.4297772 ]
 [ 0.97388366  0.42166426]
 [ 0.97784485  0.41364876]
 [ 0.98063204  0.40373918]
 [ 0.98065421  0.40150198]
 [ 0.98349718  0.39525074]
 [ 0.9840478   0.39245421]
 [ 0.98601022  0.38600647]
 [ 0.98803971  0.38361569]
 [ 0.99048231  0.37613401]
 [ 0.99300101  0.36811975]
 [ 0.99294638  0.36634394]
 [ 0.9953998   0.35745834]
 [ 0.99692038  0.35206526]
 [ 0.99797356  0.34535904]
 [ 1.00074451  0.3410226 ]
 [ 1.00226486  0.33323988]
 [ 1.00446886  0.33003276]
 [ 1.00545469  0.3216115 ]
 [ 1.01040064  0.30992233]
 [ 1.01291584  0.30120336]
 [ 1.01647954  0.29485743]
 [ 1.02103654  0.27497002]
 [ 1.02523619  0.2691394 ]
 [ 1.02292139  0.26397823]
 [ 1.02674772  0.25481933]
 [ 1.02596914  0.24800962]
 [ 1.03143562  0.23840827]
 [ 1.03376943  0.23021274]
 [ 1.03597309  0.22519219]
 [ 1.03881373  0.2158871 ]
 [ 1.04122147  0.20887282]
 [ 1.04326006  0.20654498]
 [ 1.04319334  0.1942259 ]
 [ 1.04256718  0.1915879 ]
 [ 1.04653927  0.18191728]
 [ 1.05060272  0.17977972]
 [ 1.05184864  0.17402122]
 [ 1.05190135  0.16432272]
 [ 1.05605507  0.15555493]
 [ 1.05874681  0.14531026]
 [ 1.05949245  0.13894635]
 [ 1.06117216  0.13536859]
 [ 1.06366868  0.1296512 ]
 [ 1.06900196  0.12373297]
 [ 1.07154252  0.11132456]
 [ 1.07386538  0.10419045]
 [ 1.07674668  0.09498116]
 [ 1.08008621  0.08469277]
 [ 1.08006392  0.08438957]
 [ 1.0853452   0.07604692]
 [ 1.08613442  0.06935334]
 [ 1.09428964  0.06296566]
 [ 1.09303005  0.05165168]
 [ 1.09279474  0.05047535]
 [ 1.09612778  0.04378701]
 [ 1.10093466  0.0321742 ]
 [ 1.104769    0.02339946]
 [ 1.1063471   0.01835269]
 [ 1.10786997  0.01405911]
 [ 1.11169143  0.00758005]
 [ 1.11446049 -0.00214414]
 [ 1.11638122 -0.00769195]
 [ 1.11968464 -0.01335003]
 [ 1.12102079 -0.01371303]
 [ 1.12401646 -0.02268313]
 [ 1.12810782 -0.02961448]
 [ 1.1295002  -0.03728166]
 [ 1.13603699 -0.05102902]
 [ 1.13924337 -0.05721019]
 [ 1.14285507 -0.06333411]
 [ 1.14380788 -0.0665844 ]
 [ 1.15119207 -0.0727083 ]
 [ 1.15628053 -0.07917147]
 [ 1.16610652 -0.08129534]
 [ 1.16877211 -0.0813173 ]]",10,70
0.010094413552843146,0.0074950015748502675,0.08169940757464783,0.9705,3.751410673548246,3.7645552120219694,0.9965083422252001,2000,256,"[[9.99766456e-01 4.81942292e-01 4.74706231e-01 4.58619717e-01
  5.57927987e-01 5.26686589e-01]
 [9.97722190e-01 4.82121755e-01 4.73323112e-01 4.79511581e-01
  5.65275862e-01 4.53723609e-01]
 [9.93094996e-01 4.48437285e-01 5.16873963e-01 4.88314306e-01
  5.41439590e-01 5.22285483e-01]
 ...
 [4.21640742e-05 7.44987735e-01 4.03824158e-01 5.03733246e-01
  4.94224035e-01 5.46803958e-01]
 [1.71200339e-05 7.66088443e-01 4.41027184e-01 4.82978536e-01
  4.53387999e-01 5.70399866e-01]
 [1.71200339e-05 7.66088443e-01 4.33234484e-01 4.82978536e-01
  4.53387999e-01 5.57296776e-01]]","[[-1.12774201e-01  1.20386527e+00]
 [-1.06583954e-01  1.19657448e+00]
 [-9.68961350e-02  1.19083434e+00]
 [-8.78037204e-02  1.18601049e+00]
 [-8.36366170e-02  1.18429170e+00]
 [-8.02688059e-02  1.18320839e+00]
 [-7.41060960e-02  1.17930412e+00]
 [-6.71386973e-02  1.17719399e+00]
 [-6.39168173e-02  1.17335718e+00]
 [-4.80766570e-02  1.17576479e+00]
 [-4.57433993e-02  1.17586464e+00]
 [-4.49602743e-02  1.16816939e+00]
 [-3.67518259e-02  1.16541469e+00]
 [-2.82893537e-02  1.16184820e+00]
 [-1.69843265e-02  1.16122308e+00]
 [-9.01139028e-03  1.15468632e+00]
 [-5.62959940e-04  1.15091282e+00]
 [ 2.44724350e-03  1.14870085e+00]
 [ 1.64479114e-02  1.14591005e+00]
 [ 2.31418157e-02  1.14481541e+00]
 [ 2.90581758e-02  1.14044259e+00]
 [ 3.85421513e-02  1.13744381e+00]
 [ 4.64439536e-02  1.13517646e+00]
 [ 5.04945056e-02  1.13567038e+00]
 [ 5.77459287e-02  1.13233903e+00]
 [ 6.73177523e-02  1.12915300e+00]
 [ 7.51846840e-02  1.12520878e+00]
 [ 9.18061316e-02  1.11938385e+00]
 [ 9.75005948e-02  1.11775774e+00]
 [ 1.06858872e-01  1.11702909e+00]
 [ 1.13999597e-01  1.11030242e+00]
 [ 1.25014051e-01  1.11113879e+00]
 [ 1.25373539e-01  1.11100499e+00]
 [ 1.35028888e-01  1.10721937e+00]
 [ 1.36335777e-01  1.10441851e+00]
 [ 1.50752499e-01  1.10231257e+00]
 [ 1.52254009e-01  1.09979150e+00]
 [ 1.62631193e-01  1.09223469e+00]
 [ 1.75002533e-01  1.08926908e+00]
 [ 1.80295338e-01  1.08704485e+00]
 [ 1.88893749e-01  1.08620933e+00]
 [ 1.97957429e-01  1.07903203e+00]
 [ 2.02537050e-01  1.07698647e+00]
 [ 2.09179766e-01  1.07274459e+00]
 [ 2.16338819e-01  1.07237853e+00]
 [ 2.24961211e-01  1.06816835e+00]
 [ 2.25721167e-01  1.06719028e+00]
 [ 2.33577652e-01  1.06288650e+00]
 [ 2.33577652e-01  1.06288650e+00]
 [ 2.45105749e-01  1.05755432e+00]
 [ 2.61470760e-01  1.05239013e+00]
 [ 2.67976999e-01  1.04886162e+00]
 [ 2.68908131e-01  1.04899827e+00]
 [ 2.81262072e-01  1.04151843e+00]
 [ 2.85713136e-01  1.03858709e+00]
 [ 2.93248931e-01  1.03554706e+00]
 [ 3.01144565e-01  1.03152849e+00]
 [ 3.01953873e-01  1.03138337e+00]
 [ 3.12202596e-01  1.02717172e+00]
 [ 3.17881486e-01  1.02365565e+00]
 [ 3.24344682e-01  1.02308592e+00]
 [ 3.28967940e-01  1.02143847e+00]
 [ 3.31722150e-01  1.01852902e+00]
 [ 3.38392947e-01  1.01732969e+00]
 [ 3.45033671e-01  1.01238032e+00]
 [ 3.51161486e-01  1.00841682e+00]
 [ 3.63132307e-01  1.00494282e+00]
 [ 3.69141139e-01  9.99848469e-01]
 [ 3.70093809e-01  9.98368368e-01]
 [ 3.78317178e-01  9.94904853e-01]
 [ 3.88714176e-01  9.90722377e-01]
 [ 3.96532186e-01  9.89409984e-01]
 [ 4.04436486e-01  9.82806698e-01]
 [ 4.11047563e-01  9.82641567e-01]
 [ 4.17839639e-01  9.77084450e-01]
 [ 4.25665952e-01  9.75089772e-01]
 [ 4.32491207e-01  9.73953891e-01]
 [ 4.39475875e-01  9.68464186e-01]
 [ 4.48333803e-01  9.65852623e-01]
 [ 4.54331631e-01  9.60855277e-01]
 [ 4.60558275e-01  9.59617820e-01]
 [ 4.71404208e-01  9.53413907e-01]
 [ 4.78264451e-01  9.53163575e-01]
 [ 4.85734563e-01  9.47231306e-01]
 [ 4.98178645e-01  9.43542388e-01]
 [ 5.08257182e-01  9.40939138e-01]
 [ 5.16121560e-01  9.34101461e-01]
 [ 5.26969434e-01  9.29614837e-01]
 [ 5.31224543e-01  9.27795623e-01]
 [ 5.49100459e-01  9.21377819e-01]
 [ 5.56390846e-01  9.18629724e-01]
 [ 5.58258541e-01  9.18298050e-01]
 [ 5.65870366e-01  9.15458986e-01]
 [ 5.73040508e-01  9.10608565e-01]
 [ 5.79647317e-01  9.08495986e-01]
 [ 5.85284729e-01  9.03970665e-01]
 [ 5.92242150e-01  9.01960247e-01]
 [ 5.93123174e-01  8.99351195e-01]
 [ 5.99514263e-01  8.96977619e-01]
 [ 6.07576809e-01  8.91526057e-01]
 [ 6.15169174e-01  8.90229533e-01]
 [ 6.25439846e-01  8.80680647e-01]
 [ 6.26663858e-01  8.79480713e-01]
 [ 6.38331904e-01  8.72825361e-01]
 [ 6.39597947e-01  8.71264142e-01]
 [ 6.44606783e-01  8.67843360e-01]
 [ 6.51652844e-01  8.61178005e-01]
 [ 6.57434063e-01  8.58601874e-01]
 [ 6.61962029e-01  8.54077344e-01]
 [ 6.68272366e-01  8.49865415e-01]
 [ 6.69505104e-01  8.52198243e-01]
 [ 6.75734228e-01  8.42735508e-01]
 [ 6.81422144e-01  8.39818986e-01]
 [ 6.83003233e-01  8.37511445e-01]
 [ 6.88131575e-01  8.31062761e-01]
 [ 6.89553108e-01  8.29010512e-01]
 [ 6.99132605e-01  8.20590308e-01]
 [ 7.02677309e-01  8.14996847e-01]
 [ 7.09252767e-01  8.08136186e-01]
 [ 7.14746498e-01  8.04172128e-01]
 [ 7.19268681e-01  8.02004972e-01]
 [ 7.21999654e-01  7.95568502e-01]
 [ 7.25288540e-01  7.89883502e-01]
 [ 7.26222306e-01  7.89086084e-01]
 [ 7.31777780e-01  7.83937151e-01]
 [ 7.36283931e-01  7.75888029e-01]
 [ 7.41589975e-01  7.69287595e-01]
 [ 7.49217623e-01  7.59332476e-01]
 [ 7.49217623e-01  7.59332476e-01]
 [ 7.53337652e-01  7.51943131e-01]
 [ 7.53872975e-01  7.51668810e-01]
 [ 7.59846042e-01  7.44449538e-01]
 [ 7.62901161e-01  7.37327194e-01]
 [ 7.69198877e-01  7.27719569e-01]
 [ 7.76269482e-01  7.25447983e-01]
 [ 7.77259925e-01  7.16219661e-01]
 [ 7.81428682e-01  7.08869698e-01]
 [ 7.83442440e-01  7.05403160e-01]
 [ 7.89413621e-01  6.97725037e-01]
 [ 7.91662087e-01  6.91926736e-01]
 [ 7.97621604e-01  6.81536003e-01]
 [ 8.00463024e-01  6.79055673e-01]
 [ 8.06424349e-01  6.67959643e-01]
 [ 8.14082610e-01  6.56260941e-01]
 [ 8.18115783e-01  6.47780144e-01]
 [ 8.20739027e-01  6.43537682e-01]
 [ 8.23893768e-01  6.35908829e-01]
 [ 8.30169968e-01  6.22615229e-01]
 [ 8.38823688e-01  6.08467291e-01]
 [ 8.41303815e-01  6.00003515e-01]
 [ 8.45545309e-01  5.91071582e-01]
 [ 8.48827192e-01  5.84563718e-01]
 [ 8.53981890e-01  5.79751692e-01]
 [ 8.55473350e-01  5.71037087e-01]
 [ 8.59515341e-01  5.65473955e-01]
 [ 8.62012100e-01  5.57137624e-01]
 [ 8.62403696e-01  5.56916068e-01]
 [ 8.67275626e-01  5.48845389e-01]
 [ 8.67258935e-01  5.48152952e-01]
 [ 8.70771662e-01  5.38746823e-01]
 [ 8.71112738e-01  5.38217908e-01]
 [ 8.74939158e-01  5.30565710e-01]
 [ 8.78943055e-01  5.22577691e-01]
 [ 8.83180608e-01  5.14985599e-01]
 [ 8.87284948e-01  5.08967986e-01]
 [ 8.91951527e-01  4.94394246e-01]
 [ 8.94935107e-01  4.88093325e-01]
 [ 8.99081978e-01  4.82307648e-01]
 [ 9.01037367e-01  4.80657604e-01]
 [ 9.04158174e-01  4.73188628e-01]
 [ 9.09247016e-01  4.62532254e-01]
 [ 9.11106251e-01  4.55742207e-01]
 [ 9.14470793e-01  4.48699521e-01]
 [ 9.18004711e-01  4.48827180e-01]
 [ 9.17602310e-01  4.40069477e-01]
 [ 9.20212169e-01  4.35815680e-01]
 [ 9.23312291e-01  4.32440620e-01]
 [ 9.25618011e-01  4.23661683e-01]
 [ 9.31011025e-01  4.19396533e-01]
 [ 9.31896307e-01  4.11199759e-01]
 [ 9.36267526e-01  4.09095674e-01]
 [ 9.40481543e-01  3.99535439e-01]
 [ 9.41726547e-01  3.90937753e-01]
 [ 9.43255633e-01  3.88354399e-01]
 [ 9.46897325e-01  3.81777058e-01]
 [ 9.51994024e-01  3.71834190e-01]
 [ 9.57066297e-01  3.65569575e-01]
 [ 9.60844206e-01  3.53083455e-01]
 [ 9.68843217e-01  3.40313261e-01]
 [ 9.72093284e-01  3.33692669e-01]
 [ 9.75861243e-01  3.23850364e-01]
 [ 9.79123151e-01  3.22305421e-01]
 [ 9.81030013e-01  3.13945543e-01]
 [ 9.84840912e-01  3.06497377e-01]
 [ 9.89397631e-01  3.01039946e-01]
 [ 9.90427322e-01  2.97343487e-01]
 [ 9.94831520e-01  2.89809486e-01]
 [ 9.97942623e-01  2.83767359e-01]
 [ 1.00258011e+00  2.76023640e-01]
 [ 1.00514335e+00  2.71548243e-01]
 [ 1.00893567e+00  2.68090079e-01]
 [ 1.01310632e+00  2.57892719e-01]
 [ 1.01614728e+00  2.51879917e-01]
 [ 1.02337389e+00  2.43795680e-01]
 [ 1.02668146e+00  2.35028808e-01]
 [ 1.03022136e+00  2.29396780e-01]
 [ 1.03462122e+00  2.22663907e-01]
 [ 1.03475230e+00  2.18927079e-01]
 [ 1.03905875e+00  2.12947416e-01]
 [ 1.04331096e+00  2.06576760e-01]
 [ 1.05411006e+00  1.88445241e-01]
 [ 1.05868463e+00  1.82192015e-01]
 [ 1.06145484e+00  1.79626633e-01]
 [ 1.06643393e+00  1.75584912e-01]
 [ 1.06962658e+00  1.68232602e-01]
 [ 1.07432366e+00  1.59428118e-01]
 [ 1.07830067e+00  1.50592799e-01]
 [ 1.08441144e+00  1.44271350e-01]
 [ 1.08748557e+00  1.42518563e-01]
 [ 1.08797513e+00  1.35469699e-01]
 [ 1.09741844e+00  1.21819537e-01]
 [ 1.10657773e+00  1.11973690e-01]
 [ 1.10868969e+00  1.08414272e-01]
 [ 1.11382888e+00  1.00485630e-01]
 [ 1.11790933e+00  9.35204512e-02]
 [ 1.11891360e+00  9.28796729e-02]
 [ 1.12426752e+00  8.31751478e-02]
 [ 1.13143730e+00  7.71784560e-02]
 [ 1.13335494e+00  7.18530199e-02]
 [ 1.13744511e+00  6.45814617e-02]
 [ 1.14546646e+00  5.68204827e-02]
 [ 1.15010506e+00  5.61408917e-02]
 [ 1.15600884e+00  4.28808730e-02]
 [ 1.15827330e+00  4.19144794e-02]
 [ 1.16332965e+00  3.20960041e-02]
 [ 1.16563790e+00  2.96700713e-02]
 [ 1.17084246e+00  2.45720330e-02]
 [ 1.17875362e+00  1.36813538e-02]
 [ 1.19188516e+00  1.00479720e-02]
 [ 1.19473907e+00 -4.61800713e-03]
 [ 1.19476763e+00 -4.62402902e-03]
 [ 1.20109434e+00 -3.14169205e-03]
 [ 1.20301292e+00 -7.45403649e-03]
 [ 1.21093542e+00 -1.39698446e-02]
 [ 1.21520393e+00 -1.90126897e-02]
 [ 1.21796780e+00 -2.25170496e-02]
 [ 1.22322139e+00 -3.12387254e-02]
 [ 1.22928456e+00 -3.43301179e-02]
 [ 1.23546816e+00 -3.38054220e-02]
 [ 1.24436530e+00 -3.63155521e-02]
 [ 1.24610837e+00 -3.69222001e-02]
 [ 1.25440842e+00 -3.83245277e-02]
 [ 1.26678351e+00 -3.56070891e-02]
 [ 1.27519503e+00 -3.75287245e-02]
 [ 1.28783906e+00 -3.65327734e-02]
 [ 1.28843537e+00 -3.70649421e-02]]",11,70
0.009791127845549561,0.008031335725335426,0.029590255202014738,0.9375,3.751336568818062,3.7645552120219694,0.9964886573684215,2000,256,"[[9.99929817e-01 4.60858591e-01 5.39530736e-01 5.27016385e-01
  4.73247316e-01 5.61689090e-01]
 [9.99929817e-01 4.61532092e-01 5.39145237e-01 4.90912976e-01
  4.72711532e-01 5.61533686e-01]
 [9.99929817e-01 4.61532092e-01 5.31352551e-01 4.92084857e-01
  4.72711532e-01 5.29092545e-01]
 ...
 [3.82243866e-07 4.60228639e-01 5.72625873e-01 4.83632472e-01
  5.09675859e-01 5.15323799e-01]
 [3.82243866e-07 5.11714624e-01 5.72625873e-01 4.83632472e-01
  4.87511733e-01 5.15323799e-01]
 [2.22343322e-06 5.32821782e-01 5.96165347e-01 5.35590060e-01
  4.73905466e-01 4.93507164e-01]]","[[-0.10002438  1.13139143]
 [-0.09845202  1.12677299]
 [-0.09754564  1.1224392 ]
 [-0.08845365  1.11460324]
 [-0.07806157  1.11087857]
 [-0.07183159  1.10959786]
 [-0.05742665  1.1069232 ]
 [-0.04682471  1.10469846]
 [-0.03141226  1.10191544]
 [-0.02235116  1.09898897]
 [-0.00551537  1.09683076]
 [ 0.00472536  1.09286744]
 [ 0.00825232  1.09296951]
 [ 0.02596474  1.08821907]
 [ 0.03501771  1.08576765]
 [ 0.04428869  1.08572419]
 [ 0.05278864  1.08193295]
 [ 0.06061591  1.081409  ]
 [ 0.06542948  1.08015587]
 [ 0.07744499  1.07533748]
 [ 0.08528084  1.07541096]
 [ 0.09028838  1.07430438]
 [ 0.09773982  1.06995268]
 [ 0.10166341  1.06894452]
 [ 0.11594534  1.06799108]
 [ 0.1244264   1.06606246]
 [ 0.12779671  1.0652315 ]
 [ 0.13864949  1.06253082]
 [ 0.14800555  1.05867656]
 [ 0.15274422  1.05824108]
 [ 0.15699269  1.05323186]
 [ 0.16414601  1.05190108]
 [ 0.17453344  1.04859118]
 [ 0.1857886   1.04475932]
 [ 0.18583255  1.04441014]
 [ 0.20098739  1.04199352]
 [ 0.2065577   1.03962611]
 [ 0.21745428  1.03721072]
 [ 0.22308869  1.03273687]
 [ 0.23269852  1.03179039]
 [ 0.23633025  1.03078655]
 [ 0.2471863   1.02733379]
 [ 0.24910633  1.02544975]
 [ 0.26224117  1.02108485]
 [ 0.26765032  1.01889423]
 [ 0.27339211  1.01765154]
 [ 0.27708576  1.01444863]
 [ 0.28972355  1.00921451]
 [ 0.29460638  1.00783431]
 [ 0.30587178  1.00268518]
 [ 0.31220153  1.00051051]
 [ 0.33175176  0.99311465]
 [ 0.33504658  0.98959161]
 [ 0.34107671  0.98903149]
 [ 0.34451827  0.98559935]
 [ 0.35291005  0.98244999]
 [ 0.35444006  0.98200246]
 [ 0.35942516  0.97728218]
 [ 0.3646355   0.97849764]
 [ 0.36691285  0.97428544]
 [ 0.38238528  0.96843688]
 [ 0.39472685  0.96175558]
 [ 0.40180872  0.9564972 ]
 [ 0.40826272  0.95629304]
 [ 0.41094626  0.95386569]
 [ 0.41702524  0.95052951]
 [ 0.42208495  0.946695  ]
 [ 0.42768234  0.94278239]
 [ 0.42984984  0.94236688]
 [ 0.43673737  0.93725627]
 [ 0.44555759  0.93168032]
 [ 0.44966399  0.92916563]
 [ 0.45523283  0.92822559]
 [ 0.46425172  0.92076821]
 [ 0.4727815   0.91809065]
 [ 0.48317685  0.91210611]
 [ 0.48703742  0.91041427]
 [ 0.49223465  0.90450843]
 [ 0.49306576  0.90455402]
 [ 0.49999792  0.89882814]
 [ 0.50572562  0.89564288]
 [ 0.50935133  0.8934118 ]
 [ 0.51742445  0.89005115]
 [ 0.51929469  0.88837924]
 [ 0.52283521  0.8831758 ]
 [ 0.5273028   0.88085437]
 [ 0.53380908  0.87568985]
 [ 0.54141405  0.87106099]
 [ 0.54795499  0.86642151]
 [ 0.55158389  0.8636432 ]
 [ 0.55666627  0.86012241]
 [ 0.56137153  0.85670204]
 [ 0.5667865   0.85506525]
 [ 0.57756674  0.84399409]
 [ 0.58369391  0.83990118]
 [ 0.59128551  0.83346517]
 [ 0.5952199   0.83201542]
 [ 0.60083064  0.82672636]
 [ 0.60309974  0.8242814 ]
 [ 0.60908237  0.81920397]
 [ 0.61257267  0.81669234]
 [ 0.61875083  0.81131999]
 [ 0.6237787   0.80763921]
 [ 0.62745458  0.80419465]
 [ 0.63431915  0.79991566]
 [ 0.64230384  0.79354095]
 [ 0.65144424  0.78446747]
 [ 0.65831544  0.77853725]
 [ 0.6703347   0.76917159]
 [ 0.67634685  0.76393287]
 [ 0.6812725   0.76108032]
 [ 0.68260225  0.75731118]
 [ 0.68796829  0.75428316]
 [ 0.6929306   0.74764726]
 [ 0.69711837  0.74407089]
 [ 0.70572287  0.73587457]
 [ 0.70691646  0.73481002]
 [ 0.71614206  0.72680149]
 [ 0.72152242  0.72249203]
 [ 0.73187524  0.7122574 ]
 [ 0.73802372  0.70587316]
 [ 0.74378474  0.70222299]
 [ 0.74503802  0.6977936 ]
 [ 0.75083965  0.69242726]
 [ 0.75145251  0.69146609]
 [ 0.7615214   0.68171488]
 [ 0.76455421  0.67955607]
 [ 0.76846225  0.67449864]
 [ 0.7695892   0.67352256]
 [ 0.77479914  0.66788926]
 [ 0.77909662  0.66315551]
 [ 0.7842668   0.65782051]
 [ 0.79096609  0.65064602]
 [ 0.80180467  0.63884432]
 [ 0.80753695  0.63175954]
 [ 0.81431146  0.62544139]
 [ 0.82382998  0.61363568]
 [ 0.8280346   0.60897712]
 [ 0.83702086  0.59703238]
 [ 0.84007215  0.5939216 ]
 [ 0.84412094  0.59034828]
 [ 0.85226396  0.58039882]
 [ 0.85540838  0.57700089]
 [ 0.86286067  0.56972645]
 [ 0.86642458  0.56132438]
 [ 0.87734195  0.54995833]
 [ 0.88070891  0.54140824]
 [ 0.88246184  0.54133864]
 [ 0.8886442   0.53319042]
 [ 0.8973459   0.52370275]
 [ 0.89886912  0.51741243]
 [ 0.90241708  0.51182025]
 [ 0.90686626  0.50539361]
 [ 0.90902552  0.50458271]
 [ 0.91274322  0.49778716]
 [ 0.9159254   0.49809426]
 [ 0.91960322  0.48783539]
 [ 0.92103833  0.48488225]
 [ 0.9263666   0.48025846]
 [ 0.93000376  0.47057097]
 [ 0.93341722  0.46593832]
 [ 0.9392706   0.46483666]
 [ 0.9411781   0.45788655]
 [ 0.94862506  0.45209286]
 [ 0.95158926  0.44725733]
 [ 0.95025322  0.44109258]
 [ 0.95299632  0.43693187]
 [ 0.96026077  0.43266153]
 [ 0.95996445  0.42894012]
 [ 0.96214672  0.42222373]
 [ 0.97044464  0.41484998]
 [ 0.97313006  0.40952518]
 [ 0.97746491  0.39557879]
 [ 0.98153341  0.38736581]
 [ 0.98648778  0.38181384]
 [ 0.99000516  0.37826121]
 [ 0.99329369  0.37167054]
 [ 0.99535032  0.36417967]
 [ 1.00573633  0.35644758]
 [ 1.00497555  0.35302383]
 [ 1.00481047  0.34487911]
 [ 1.00957173  0.34495856]
 [ 1.01214484  0.339391  ]
 [ 1.0148334   0.32777239]
 [ 1.01672458  0.32466337]
 [ 1.01980604  0.31829698]
 [ 1.02055983  0.31653947]
 [ 1.02506698  0.31186047]
 [ 1.02638546  0.30563708]
 [ 1.03348993  0.30281298]
 [ 1.03459916  0.29428181]
 [ 1.04118546  0.29268567]
 [ 1.04142371  0.28183844]
 [ 1.04595931  0.2726946 ]
 [ 1.04911659  0.26549649]
 [ 1.05361358  0.25694733]
 [ 1.05396909  0.25358873]
 [ 1.05582574  0.24714113]
 [ 1.05847095  0.2428156 ]
 [ 1.0620419   0.23789376]
 [ 1.06597784  0.22490504]
 [ 1.07334663  0.21215046]
 [ 1.07488811  0.20492524]
 [ 1.08099837  0.19752339]
 [ 1.08423733  0.18721344]
 [ 1.08423968  0.18714019]
 [ 1.090058    0.17283772]
 [ 1.09101979  0.17050232]
 [ 1.09720516  0.16812987]
 [ 1.09879221  0.16208257]
 [ 1.10020998  0.15451185]
 [ 1.10052653  0.14898645]
 [ 1.10209052  0.14692124]
 [ 1.10645503  0.13936234]
 [ 1.11122533  0.13173413]
 [ 1.11583227  0.12610813]
 [ 1.11414601  0.11852846]
 [ 1.11452863  0.11579389]
 [ 1.11843361  0.10989886]
 [ 1.12265268  0.10215329]
 [ 1.12629755  0.09162714]
 [ 1.13309471  0.0865632 ]
 [ 1.1337023   0.0755147 ]
 [ 1.1337023   0.0755147 ]
 [ 1.14037733  0.06901356]
 [ 1.13968778  0.06652072]
 [ 1.14226623  0.05259535]
 [ 1.14615842  0.04191081]
 [ 1.1489954   0.03540322]
 [ 1.15364003  0.0308175 ]
 [ 1.15516011  0.02596387]
 [ 1.16034603  0.01903758]
 [ 1.16575594  0.007207  ]
 [ 1.16306369  0.00227482]
 [ 1.16511775 -0.00302134]
 [ 1.16771451 -0.0071485 ]
 [ 1.17346398 -0.01294233]
 [ 1.17311444 -0.02191055]
 [ 1.17936082 -0.03553007]
 [ 1.18142819 -0.03939322]
 [ 1.18469637 -0.04874022]
 [ 1.18848903 -0.05593258]
 [ 1.19424065 -0.06130601]
 [ 1.19381657 -0.06824285]
 [ 1.19890998 -0.07658469]
 [ 1.19727237 -0.0793145 ]
 [ 1.20029501 -0.08589628]
 [ 1.20217523 -0.08718476]
 [ 1.20516981 -0.09819676]
 [ 1.20927693 -0.10360719]
 [ 1.21379693 -0.11905577]
 [ 1.21608927 -0.12197754]
 [ 1.22043991 -0.13068596]
 [ 1.22439644 -0.14078785]
 [ 1.23135042 -0.1444379 ]
 [ 1.2418732  -0.14572081]]",12,70
0.0226509770977258,0.016283167456889805,0.06291942439108265,0.5,3.7383253351974073,3.7645552120219694,0.9930324101126765,2000,256,"[[9.99630822e-01 4.40505718e-01 6.23796500e-01 4.75994396e-01
  4.89603927e-01 5.10193214e-01]
 [9.99630822e-01 4.40505718e-01 6.16004122e-01 4.75994396e-01
  4.89603927e-01 4.97090060e-01]
 [9.99630822e-01 5.12004188e-01 6.19154838e-01 4.75994396e-01
  4.89603927e-01 4.88748262e-01]
 ...
 [2.94715703e-04 4.89063476e-01 5.34336308e-01 5.25481705e-01
  5.38061228e-01 4.90649977e-01]
 [1.30361956e-05 4.15707549e-01 5.78100085e-01 5.39853951e-01
  5.11199865e-01 4.63037550e-01]
 [1.30361956e-05 4.35971676e-01 5.78100085e-01 5.39853951e-01
  5.07391741e-01 4.63037550e-01]]","[[-7.02472206e-02  1.38449749e+00]
 [-7.02299276e-02  1.38387860e+00]
 [-6.91189419e-02  1.36965110e+00]
 [-6.86632806e-02  1.36931022e+00]
 [-6.77869340e-02  1.35877677e+00]
 [-6.37179421e-02  1.35379795e+00]
 [-5.68274209e-02  1.34316116e+00]
 [-4.88035677e-02  1.33940892e+00]
 [-4.32221942e-02  1.33691667e+00]
 [-3.77386207e-02  1.33206173e+00]
 [-3.46381670e-02  1.32837271e+00]
 [-2.48030115e-02  1.32273356e+00]
 [-2.16499008e-02  1.32115676e+00]
 [-1.44709579e-02  1.31521786e+00]
 [-5.17474318e-03  1.31351062e+00]
 [-2.91344047e-03  1.30786427e+00]
 [ 4.42440348e-03  1.30776827e+00]
 [ 1.38874192e-02  1.29856064e+00]
 [ 2.04104905e-02  1.29528343e+00]
 [ 2.86013190e-02  1.29029004e+00]
 [ 3.68776258e-02  1.28726212e+00]
 [ 4.25774760e-02  1.28240854e+00]
 [ 4.73985556e-02  1.28026371e+00]
 [ 5.24213021e-02  1.27306414e+00]
 [ 5.82408407e-02  1.27198026e+00]
 [ 6.61639760e-02  1.26551909e+00]
 [ 7.33666481e-02  1.26678539e+00]
 [ 7.58279709e-02  1.25977730e+00]
 [ 8.32208429e-02  1.25753077e+00]
 [ 8.50280639e-02  1.25390307e+00]
 [ 9.30208710e-02  1.24911743e+00]
 [ 1.00238102e-01  1.24534959e+00]
 [ 1.02080622e-01  1.24324976e+00]
 [ 1.19500248e-01  1.24150617e+00]
 [ 1.21529991e-01  1.23211046e+00]
 [ 1.43483142e-01  1.22466075e+00]
 [ 1.44980315e-01  1.22318338e+00]
 [ 1.50858349e-01  1.22051680e+00]
 [ 1.54666390e-01  1.21359893e+00]
 [ 1.58486216e-01  1.21246515e+00]
 [ 1.65188791e-01  1.20831195e+00]
 [ 1.69106917e-01  1.20379035e+00]
 [ 1.74694726e-01  1.20036094e+00]
 [ 1.77578148e-01  1.19937000e+00]
 [ 1.83687350e-01  1.19440486e+00]
 [ 1.90507759e-01  1.18991740e+00]
 [ 1.96568313e-01  1.18639061e+00]
 [ 2.02311930e-01  1.18310690e+00]
 [ 2.13224134e-01  1.18071617e+00]
 [ 2.14613900e-01  1.17573948e+00]
 [ 2.23928757e-01  1.17360400e+00]
 [ 2.29647835e-01  1.16909239e+00]
 [ 2.37988568e-01  1.16313103e+00]
 [ 2.38955756e-01  1.16090911e+00]
 [ 2.53334825e-01  1.15302535e+00]
 [ 2.60633304e-01  1.15168338e+00]
 [ 2.66217591e-01  1.14664226e+00]
 [ 2.76757611e-01  1.14120048e+00]
 [ 2.80686565e-01  1.13921337e+00]
 [ 2.85654298e-01  1.13194057e+00]
 [ 2.91510132e-01  1.13188194e+00]
 [ 2.96060319e-01  1.12651857e+00]
 [ 3.07358093e-01  1.11978892e+00]
 [ 3.14660260e-01  1.11606130e+00]
 [ 3.21972606e-01  1.11159841e+00]
 [ 3.24769736e-01  1.11028760e+00]
 [ 3.32286843e-01  1.10503486e+00]
 [ 3.34502857e-01  1.10237140e+00]
 [ 3.40827939e-01  1.10095969e+00]
 [ 3.46975461e-01  1.09640172e+00]
 [ 3.57431932e-01  1.08873306e+00]
 [ 3.66808541e-01  1.08054234e+00]
 [ 3.81108770e-01  1.07435899e+00]
 [ 3.86902947e-01  1.06802636e+00]
 [ 3.92272195e-01  1.06425788e+00]
 [ 4.02067534e-01  1.05969068e+00]
 [ 4.02067534e-01  1.05969068e+00]
 [ 4.09760913e-01  1.05544576e+00]
 [ 4.16704003e-01  1.04905230e+00]
 [ 4.19774794e-01  1.04543932e+00]
 [ 4.26458903e-01  1.04253712e+00]
 [ 4.33484906e-01  1.03643123e+00]
 [ 4.37306468e-01  1.03345962e+00]
 [ 4.52162418e-01  1.03125446e+00]
 [ 4.53545867e-01  1.02277738e+00]
 [ 4.58926359e-01  1.01884116e+00]
 [ 4.68459242e-01  1.01550955e+00]
 [ 4.77469581e-01  1.01436044e+00]
 [ 4.78887766e-01  1.00530522e+00]
 [ 4.81062179e-01  1.00371728e+00]
 [ 4.88202652e-01  9.98058769e-01]
 [ 4.95128553e-01  9.92667358e-01]
 [ 5.01240726e-01  9.88032796e-01]
 [ 5.09711874e-01  9.81862275e-01]
 [ 5.16011862e-01  9.79710931e-01]
 [ 5.20957218e-01  9.74689634e-01]
 [ 5.26178946e-01  9.69521879e-01]
 [ 5.32203745e-01  9.66673220e-01]
 [ 5.37424127e-01  9.61220624e-01]
 [ 5.44739115e-01  9.57031547e-01]
 [ 5.50057439e-01  9.52299788e-01]
 [ 5.53335884e-01  9.48113437e-01]
 [ 5.56537057e-01  9.46971834e-01]
 [ 5.63772523e-01  9.43772407e-01]
 [ 5.63468257e-01  9.41999208e-01]
 [ 5.70210278e-01  9.35922252e-01]
 [ 5.79220480e-01  9.28485981e-01]
 [ 5.85965088e-01  9.26238183e-01]
 [ 5.88008108e-01  9.25078805e-01]
 [ 5.91114518e-01  9.18260111e-01]
 [ 5.98482696e-01  9.13272879e-01]
 [ 6.04233704e-01  9.08114875e-01]
 [ 6.18945736e-01  8.97779558e-01]
 [ 6.19589785e-01  8.94941938e-01]
 [ 6.23285641e-01  8.91938275e-01]
 [ 6.30999064e-01  8.87695091e-01]
 [ 6.35782099e-01  8.83556634e-01]
 [ 6.40515310e-01  8.79846326e-01]
 [ 6.48098187e-01  8.71073034e-01]
 [ 6.48369618e-01  8.71012939e-01]
 [ 6.56782368e-01  8.67935343e-01]
 [ 6.65433617e-01  8.61399364e-01]
 [ 6.69158857e-01  8.54208333e-01]
 [ 6.72057611e-01  8.51425674e-01]
 [ 6.81201015e-01  8.42874205e-01]
 [ 6.85594995e-01  8.40233792e-01]
 [ 6.94332855e-01  8.33696312e-01]
 [ 6.98216301e-01  8.27516087e-01]
 [ 7.03268291e-01  8.21448418e-01]
 [ 7.10456767e-01  8.15920066e-01]
 [ 7.13674393e-01  8.13250169e-01]
 [ 7.21266769e-01  8.04782989e-01]
 [ 7.24617392e-01  8.02942675e-01]
 [ 7.28424290e-01  7.97387627e-01]
 [ 7.32248844e-01  7.93056521e-01]
 [ 7.37233364e-01  7.88615012e-01]
 [ 7.43066995e-01  7.82443592e-01]
 [ 7.46302393e-01  7.79332451e-01]
 [ 7.51107684e-01  7.75818674e-01]
 [ 7.54434257e-01  7.71235004e-01]
 [ 7.57273054e-01  7.68523720e-01]
 [ 7.62396512e-01  7.63526789e-01]
 [ 7.64692181e-01  7.60447601e-01]
 [ 7.72989412e-01  7.53363899e-01]
 [ 7.75937054e-01  7.49546954e-01]
 [ 7.86227321e-01  7.38932484e-01]
 [ 7.88030128e-01  7.36783347e-01]
 [ 7.92789547e-01  7.29794580e-01]
 [ 8.01185932e-01  7.26911872e-01]
 [ 8.01649339e-01  7.20407497e-01]
 [ 8.09418485e-01  7.11273932e-01]
 [ 8.13399330e-01  7.07219291e-01]
 [ 8.21057607e-01  7.00629504e-01]
 [ 8.30530722e-01  6.90928166e-01]
 [ 8.32779042e-01  6.83523893e-01]
 [ 8.39470451e-01  6.76438041e-01]
 [ 8.42828272e-01  6.72540829e-01]
 [ 8.49176120e-01  6.63939112e-01]
 [ 8.56153629e-01  6.57957052e-01]
 [ 8.58087596e-01  6.56043485e-01]
 [ 8.66785857e-01  6.42200098e-01]
 [ 8.76039790e-01  6.32490019e-01]
 [ 8.79081066e-01  6.25219016e-01]
 [ 8.81864485e-01  6.22243844e-01]
 [ 8.84969069e-01  6.17704081e-01]
 [ 8.89709573e-01  6.12048816e-01]
 [ 8.97657469e-01  6.00579592e-01]
 [ 9.00342148e-01  5.97344770e-01]
 [ 9.05420007e-01  5.89921121e-01]
 [ 9.09178997e-01  5.84312897e-01]
 [ 9.19175348e-01  5.75114841e-01]
 [ 9.20158689e-01  5.69016825e-01]
 [ 9.29265284e-01  5.58867887e-01]
 [ 9.33515489e-01  5.47205901e-01]
 [ 9.38003308e-01  5.43498754e-01]
 [ 9.42406612e-01  5.34440150e-01]
 [ 9.45772819e-01  5.27960709e-01]
 [ 9.47247260e-01  5.25729413e-01]
 [ 9.52847814e-01  5.17337904e-01]
 [ 9.59659424e-01  5.05324270e-01]
 [ 9.63605646e-01  4.98428247e-01]
 [ 9.70425403e-01  4.90530282e-01]
 [ 9.73236640e-01  4.82602640e-01]
 [ 9.77324071e-01  4.76906396e-01]
 [ 9.80313815e-01  4.69655938e-01]
 [ 9.83555943e-01  4.63078906e-01]
 [ 9.88781954e-01  4.56553034e-01]
 [ 9.88897349e-01  4.54356624e-01]
 [ 9.93777780e-01  4.43708114e-01]
 [ 9.95974678e-01  4.36202343e-01]
 [ 1.00283738e+00  4.23477206e-01]
 [ 1.00565053e+00  4.16433047e-01]
 [ 1.01285253e+00  4.08420985e-01]
 [ 1.01290610e+00  4.02647861e-01]
 [ 1.01566416e+00  3.98985551e-01]
 [ 1.01736881e+00  3.93096768e-01]
 [ 1.02069264e+00  3.85107392e-01]
 [ 1.02699688e+00  3.73739118e-01]
 [ 1.02944040e+00  3.67431723e-01]
 [ 1.03295959e+00  3.59637631e-01]
 [ 1.03629532e+00  3.50225258e-01]
 [ 1.03885959e+00  3.42244567e-01]
 [ 1.04346373e+00  3.33443294e-01]
 [ 1.04621512e+00  3.27091169e-01]
 [ 1.05202474e+00  3.17419373e-01]
 [ 1.05456991e+00  3.05664567e-01]
 [ 1.05836898e+00  3.02217382e-01]
 [ 1.06141835e+00  2.90550058e-01]
 [ 1.06728361e+00  2.82359473e-01]
 [ 1.06960676e+00  2.66551253e-01]
 [ 1.07285170e+00  2.60601754e-01]
 [ 1.07777192e+00  2.47800791e-01]
 [ 1.08028907e+00  2.43945433e-01]
 [ 1.08353199e+00  2.33703732e-01]
 [ 1.08689049e+00  2.25164809e-01]
 [ 1.09003480e+00  2.18218585e-01]
 [ 1.09063085e+00  2.14140971e-01]
 [ 1.09619676e+00  2.07076042e-01]
 [ 1.09793528e+00  2.00924916e-01]
 [ 1.10115449e+00  1.92449932e-01]
 [ 1.10408833e+00  1.88263010e-01]
 [ 1.10743197e+00  1.77761176e-01]
 [ 1.11344444e+00  1.57412247e-01]
 [ 1.11840946e+00  1.47474165e-01]
 [ 1.12161901e+00  1.41796366e-01]
 [ 1.12515309e+00  1.35374064e-01]
 [ 1.12978508e+00  1.21304133e-01]
 [ 1.13659777e+00  1.18150331e-01]
 [ 1.13753932e+00  1.05303473e-01]
 [ 1.14140447e+00  1.00977569e-01]
 [ 1.14335823e+00  9.44925509e-02]
 [ 1.14913608e+00  8.85541093e-02]
 [ 1.15127596e+00  8.08369296e-02]
 [ 1.15163189e+00  7.38424056e-02]
 [ 1.15591350e+00  6.48746159e-02]
 [ 1.15956484e+00  5.84474647e-02]
 [ 1.16439924e+00  4.95048233e-02]
 [ 1.16995394e+00  3.97893380e-02]
 [ 1.17172213e+00  3.48923104e-02]
 [ 1.17675539e+00  2.37489019e-02]
 [ 1.18116460e+00  1.69914341e-02]
 [ 1.18483531e+00  8.75721445e-03]
 [ 1.19037098e+00  1.24632983e-03]
 [ 1.19318996e+00 -3.01803245e-03]
 [ 1.19712704e+00 -1.27046057e-02]
 [ 1.19777977e+00 -1.51634838e-02]
 [ 1.20856824e+00 -2.83799773e-02]
 [ 1.20878429e+00 -3.24709939e-02]
 [ 1.21444640e+00 -4.22132492e-02]
 [ 1.21542802e+00 -4.59228270e-02]
 [ 1.22205590e+00 -5.08492552e-02]
 [ 1.22649389e+00 -5.61969255e-02]
 [ 1.23713333e+00 -6.02016810e-02]
 [ 1.23735697e+00 -6.28217230e-02]
 [ 1.24432768e+00 -6.50059875e-02]
 [ 1.24595356e+00 -6.59544160e-02]]",13,70
0.013994634254413316,0.010691798892780968,0.0819898421890368,0.7125,3.7479344795868066,3.7645552120219694,0.9955849412480177,2000,256,"[[9.99994687e-01 6.69103784e-01 5.23209766e-01 2.70354701e-01
  4.89974757e-01 4.95805998e-01]
 [9.99994687e-01 6.58655480e-01 5.36759569e-01 2.88130698e-01
  5.14114384e-01 5.42789956e-01]
 [9.99994687e-01 6.21894337e-01 5.36789546e-01 2.93999181e-01
  5.14114384e-01 5.24819778e-01]
 ...
 [1.36221560e-04 4.95460870e-01 5.62578771e-01 5.85811986e-01
  4.19740910e-01 5.12003066e-01]
 [2.03387295e-04 5.13102404e-01 5.43823854e-01 5.83793581e-01
  3.93978462e-01 5.44584775e-01]
 [2.03387295e-04 4.73981128e-01 6.48023509e-01 5.89560731e-01
  3.91593460e-01 5.08843051e-01]]","[[-1.12001077e-01  1.22124100e+00]
 [-1.13923752e-01  1.21572030e+00]
 [-1.13507890e-01  1.19907078e+00]
 [-1.11831539e-01  1.19221075e+00]
 [-1.11663249e-01  1.18714905e+00]
 [-1.10858804e-01  1.17886504e+00]
 [-1.09428326e-01  1.17681687e+00]
 [-1.07960074e-01  1.16725561e+00]
 [-1.04578021e-01  1.16197112e+00]
 [-1.04021226e-01  1.15739482e+00]
 [-1.01795284e-01  1.14534716e+00]
 [-9.91405378e-02  1.14052376e+00]
 [-9.22676092e-02  1.13197533e+00]
 [-9.31750108e-02  1.12471081e+00]
 [-8.97114281e-02  1.11813519e+00]
 [-8.48485918e-02  1.11914679e+00]
 [-8.50327090e-02  1.11129465e+00]
 [-8.01523864e-02  1.10419710e+00]
 [-7.48033274e-02  1.10042555e+00]
 [-6.52839983e-02  1.09360530e+00]
 [-6.11632739e-02  1.09101650e+00]
 [-5.74905928e-02  1.08754677e+00]
 [-5.28112514e-02  1.08610783e+00]
 [-5.22423788e-02  1.08340543e+00]
 [-4.59246424e-02  1.07744910e+00]
 [-3.30570278e-02  1.08205065e+00]
 [-3.07334347e-02  1.07417473e+00]
 [-2.48007456e-02  1.07844599e+00]
 [-2.57675206e-02  1.06844192e+00]
 [-1.60202312e-02  1.06936488e+00]
 [-3.42933080e-03  1.06451387e+00]
 [ 2.49085578e-03  1.06483011e+00]
 [ 9.80398896e-03  1.06316932e+00]
 [ 1.81758004e-02  1.05999028e+00]
 [ 4.33737979e-02  1.05740832e+00]
 [ 4.73252311e-02  1.05586456e+00]
 [ 5.20568236e-02  1.05442644e+00]
 [ 6.07156539e-02  1.05276899e+00]
 [ 6.61680067e-02  1.05206726e+00]
 [ 7.24437571e-02  1.05103347e+00]
 [ 7.68811888e-02  1.05007251e+00]
 [ 8.49798872e-02  1.04760559e+00]
 [ 9.59063811e-02  1.05102570e+00]
 [ 1.00095884e-01  1.04479791e+00]
 [ 1.06339895e-01  1.04450496e+00]
 [ 1.13509429e-01  1.04283811e+00]
 [ 1.23458070e-01  1.04138928e+00]
 [ 1.30407448e-01  1.03983826e+00]
 [ 1.32962006e-01  1.03937979e+00]
 [ 1.42628032e-01  1.03977956e+00]
 [ 1.44238348e-01  1.03691432e+00]
 [ 1.54623293e-01  1.03445946e+00]
 [ 1.61437984e-01  1.03303212e+00]
 [ 1.71203026e-01  1.03062523e+00]
 [ 1.79373103e-01  1.02895446e+00]
 [ 1.88325562e-01  1.02720823e+00]
 [ 1.93612467e-01  1.02536533e+00]
 [ 2.02975024e-01  1.02392328e+00]
 [ 2.15723325e-01  1.02205637e+00]
 [ 2.23168276e-01  1.01966552e+00]
 [ 2.27963727e-01  1.01761769e+00]
 [ 2.36832043e-01  1.01739513e+00]
 [ 2.45724739e-01  1.01376304e+00]
 [ 2.47753470e-01  1.01283576e+00]
 [ 2.60786936e-01  1.01180972e+00]
 [ 2.68412679e-01  1.00978757e+00]
 [ 2.72129322e-01  1.00830159e+00]
 [ 2.81849485e-01  1.00757920e+00]
 [ 2.92462342e-01  1.00293405e+00]
 [ 2.96317542e-01  1.00047832e+00]
 [ 3.03428492e-01  9.98658694e-01]
 [ 3.12685125e-01  9.95613802e-01]
 [ 3.17453119e-01  9.95264314e-01]
 [ 3.25683396e-01  9.92976081e-01]
 [ 3.37167779e-01  9.89085411e-01]
 [ 3.43926829e-01  9.86565464e-01]
 [ 3.51215873e-01  9.83993435e-01]
 [ 3.54866808e-01  9.82879307e-01]
 [ 3.63466474e-01  9.81329875e-01]
 [ 3.71950303e-01  9.78513012e-01]
 [ 3.78622607e-01  9.75466031e-01]
 [ 3.84973207e-01  9.72359372e-01]
 [ 3.93387278e-01  9.70461866e-01]
 [ 4.00505735e-01  9.67622880e-01]
 [ 4.05917821e-01  9.66785254e-01]
 [ 4.23412930e-01  9.58550240e-01]
 [ 4.30822062e-01  9.56988182e-01]
 [ 4.38239024e-01  9.53434027e-01]
 [ 4.45092820e-01  9.52121930e-01]
 [ 4.53152678e-01  9.48452767e-01]
 [ 4.53770687e-01  9.48322759e-01]
 [ 4.61337719e-01  9.45172671e-01]
 [ 4.62897969e-01  9.43631999e-01]
 [ 4.67601741e-01  9.39932594e-01]
 [ 4.75375945e-01  9.36567463e-01]
 [ 4.84365889e-01  9.35521299e-01]
 [ 4.84366895e-01  9.32825505e-01]
 [ 4.96495483e-01  9.27822990e-01]
 [ 5.03916815e-01  9.23986413e-01]
 [ 5.07443606e-01  9.23046004e-01]
 [ 5.15948197e-01  9.19799577e-01]
 [ 5.18576380e-01  9.17031480e-01]
 [ 5.29439031e-01  9.12787718e-01]
 [ 5.30934977e-01  9.12740448e-01]
 [ 5.40692595e-01  9.06540736e-01]
 [ 5.41310524e-01  9.05707273e-01]
 [ 5.50626759e-01  9.02755507e-01]
 [ 5.55139293e-01  8.98244077e-01]
 [ 5.59645686e-01  8.95993716e-01]
 [ 5.68728836e-01  8.94676114e-01]
 [ 5.71326979e-01  8.93523413e-01]
 [ 5.76659707e-01  8.89156621e-01]
 [ 5.81954687e-01  8.85898816e-01]
 [ 5.91294056e-01  8.80703912e-01]
 [ 5.93253160e-01  8.74889775e-01]
 [ 6.00007720e-01  8.73569822e-01]
 [ 6.03349130e-01  8.70379578e-01]
 [ 6.09100000e-01  8.66775449e-01]
 [ 6.17192114e-01  8.61749170e-01]
 [ 6.19317948e-01  8.60977659e-01]
 [ 6.26010550e-01  8.55957742e-01]
 [ 6.30766883e-01  8.55058516e-01]
 [ 6.38902314e-01  8.50155335e-01]
 [ 6.40252354e-01  8.47361833e-01]
 [ 6.44346986e-01  8.42757435e-01]
 [ 6.52143765e-01  8.37828314e-01]
 [ 6.59190658e-01  8.34112056e-01]
 [ 6.63813873e-01  8.28661467e-01]
 [ 6.84154387e-01  8.19444182e-01]
 [ 6.88923710e-01  8.09907049e-01]
 [ 6.94439890e-01  8.03512520e-01]
 [ 6.98881188e-01  8.02011256e-01]
 [ 7.05756300e-01  7.95516083e-01]
 [ 7.12156380e-01  7.92786213e-01]
 [ 7.15663477e-01  7.88029867e-01]
 [ 7.18258493e-01  7.83475261e-01]
 [ 7.26310833e-01  7.77914190e-01]
 [ 7.34288913e-01  7.77845206e-01]
 [ 7.38159257e-01  7.69447124e-01]
 [ 7.45273419e-01  7.62553040e-01]
 [ 7.48456947e-01  7.57352488e-01]
 [ 7.57852193e-01  7.50795071e-01]
 [ 7.59833631e-01  7.47910422e-01]
 [ 7.62566836e-01  7.43413989e-01]
 [ 7.71952971e-01  7.36274212e-01]
 [ 7.75078874e-01  7.34527027e-01]
 [ 7.79443295e-01  7.27386716e-01]
 [ 7.84379328e-01  7.20863182e-01]
 [ 7.87621923e-01  7.17832142e-01]
 [ 7.92218698e-01  7.12880304e-01]
 [ 7.97111435e-01  7.07224298e-01]
 [ 8.00515192e-01  7.04931660e-01]
 [ 8.04597634e-01  7.00389002e-01]
 [ 8.08790918e-01  6.94135527e-01]
 [ 8.14899286e-01  6.86544431e-01]
 [ 8.19064226e-01  6.82215649e-01]
 [ 8.21188163e-01  6.78478977e-01]
 [ 8.25797494e-01  6.76884777e-01]
 [ 8.26577137e-01  6.70944137e-01]
 [ 8.37131275e-01  6.60283461e-01]
 [ 8.39894476e-01  6.55205362e-01]
 [ 8.43953040e-01  6.51919791e-01]
 [ 8.52156282e-01  6.40804449e-01]
 [ 8.55183694e-01  6.35147427e-01]
 [ 8.60736149e-01  6.28564365e-01]
 [ 8.60911230e-01  6.26265131e-01]
 [ 8.65816950e-01  6.19242529e-01]
 [ 8.70880870e-01  6.15232593e-01]
 [ 8.74656506e-01  6.06731221e-01]
 [ 8.77926039e-01  6.02691163e-01]
 [ 8.83311742e-01  5.92099127e-01]
 [ 8.88068662e-01  5.86356712e-01]
 [ 8.87506941e-01  5.85333452e-01]
 [ 8.92641249e-01  5.76654328e-01]
 [ 8.98958510e-01  5.69360870e-01]
 [ 9.01096640e-01  5.61799475e-01]
 [ 9.07175719e-01  5.60369707e-01]
 [ 9.08957162e-01  5.48405491e-01]
 [ 9.11919471e-01  5.43238627e-01]
 [ 9.15478927e-01  5.36237693e-01]
 [ 9.18324777e-01  5.30604320e-01]
 [ 9.23304521e-01  5.21386385e-01]
 [ 9.26742909e-01  5.15681859e-01]
 [ 9.28526130e-01  5.10261488e-01]
 [ 9.29966198e-01  5.07064043e-01]
 [ 9.37924240e-01  4.98328511e-01]
 [ 9.40486362e-01  4.87926301e-01]
 [ 9.41878822e-01  4.85162145e-01]
 [ 9.45365631e-01  4.74126463e-01]
 [ 9.45927161e-01  4.73630119e-01]
 [ 9.54603127e-01  4.64875519e-01]
 [ 9.53871396e-01  4.56977365e-01]
 [ 9.57685962e-01  4.44945033e-01]
 [ 9.63049217e-01  4.42377996e-01]
 [ 9.62072559e-01  4.36660956e-01]
 [ 9.67740008e-01  4.30686817e-01]
 [ 9.70668712e-01  4.13082536e-01]
 [ 9.75312846e-01  4.08640307e-01]
 [ 9.74408314e-01  4.03732116e-01]
 [ 9.79459223e-01  3.97964393e-01]
 [ 9.78359808e-01  3.90313084e-01]
 [ 9.81493149e-01  3.82391791e-01]
 [ 9.84170439e-01  3.73212443e-01]
 [ 9.87461261e-01  3.64420129e-01]
 [ 9.89694240e-01  3.52525189e-01]
 [ 9.92906316e-01  3.47103870e-01]
 [ 9.94454249e-01  3.39228867e-01]
 [ 9.97746087e-01  3.29499307e-01]
 [ 9.97897283e-01  3.26878270e-01]
 [ 9.98562034e-01  3.20105622e-01]
 [ 1.00123365e+00  3.13658231e-01]
 [ 1.00638053e+00  3.09493180e-01]
 [ 1.00553686e+00  2.97793319e-01]
 [ 1.01052864e+00  2.88630991e-01]
 [ 1.01229752e+00  2.82051573e-01]
 [ 1.01441015e+00  2.70074423e-01]
 [ 1.01292398e+00  2.61627122e-01]
 [ 1.01413812e+00  2.53183047e-01]
 [ 1.01649205e+00  2.46631454e-01]
 [ 1.01827469e+00  2.38945261e-01]
 [ 1.02075972e+00  2.32637543e-01]
 [ 1.02214931e+00  2.20641094e-01]
 [ 1.02486784e+00  2.09975828e-01]
 [ 1.02269803e+00  2.07439564e-01]
 [ 1.02535150e+00  1.99721758e-01]
 [ 1.02637681e+00  1.95631415e-01]
 [ 1.02735021e+00  1.88101170e-01]
 [ 1.02900409e+00  1.74889322e-01]
 [ 1.02882299e+00  1.62385225e-01]
 [ 1.03046776e+00  1.53836473e-01]
 [ 1.03297536e+00  1.48440885e-01]
 [ 1.03185629e+00  1.34634542e-01]
 [ 1.03411519e+00  1.29162140e-01]
 [ 1.03263593e+00  1.21433472e-01]
 [ 1.03452374e+00  1.09246650e-01]
 [ 1.03461324e+00  1.09012796e-01]
 [ 1.03674708e+00  9.43883025e-02]
 [ 1.03727124e+00  8.75194186e-02]
 [ 1.03609228e+00  8.37119519e-02]
 [ 1.03634868e+00  7.39678282e-02]
 [ 1.03801756e+00  6.11290939e-02]
 [ 1.03745209e+00  5.21873075e-02]
 [ 1.03954059e+00  3.95721839e-02]
 [ 1.04291095e+00  3.94962361e-02]
 [ 1.03998085e+00  2.21364650e-02]
 [ 1.04156209e+00  8.86593579e-03]
 [ 1.03913875e+00  4.09344177e-04]
 [ 1.03990709e+00 -1.54993903e-02]
 [ 1.04012017e+00 -2.50728648e-02]
 [ 1.04224351e+00 -3.61203503e-02]
 [ 1.04259358e+00 -4.48394998e-02]
 [ 1.04888596e+00 -5.54938654e-02]
 [ 1.05592354e+00 -5.69386348e-02]
 [ 1.06328304e+00 -6.11233343e-02]
 [ 1.06704559e+00 -6.07915040e-02]
 [ 1.08348593e+00 -6.45521056e-02]]",14,70
0.007427775301651952,0.0068491549065907,0.03478384591563643,0.933,3.7524983186497494,3.7645552120219694,0.9967972595182789,2000,256,"[[0.99997106 0.51743131 0.5495239  0.52779858 0.518472   0.43889958]
 [0.99987652 0.50878203 0.52603476 0.52689315 0.50736034 0.43889958]
 [0.99997106 0.51397623 0.49678988 0.49157649 0.51932538 0.44095416]
 ...
 [0.00122843 0.44228588 0.49256571 0.44987718 0.46322089 0.61497392]
 [0.00122843 0.42568153 0.46047521 0.48202564 0.48440189 0.64742372]
 [0.00122843 0.42116841 0.49074396 0.44832559 0.48775189 0.66019233]]","[[-0.08380985  1.18074137]
 [-0.08270856  1.17427994]
 [-0.08027546  1.16877923]
 [-0.07666999  1.16466927]
 [-0.07209827  1.15934949]
 [-0.06080083  1.14847999]
 [-0.05269899  1.14078447]
 [-0.04616772  1.14016121]
 [-0.03989232  1.13694529]
 [-0.03903035  1.13287126]
 [-0.03171572  1.13211831]
 [-0.02187071  1.1239879 ]
 [-0.01637744  1.12007069]
 [-0.00987806  1.11485413]
 [-0.00131484  1.11114622]
 [ 0.011181    1.10981308]
 [ 0.01375954  1.10257218]
 [ 0.02387478  1.09754398]
 [ 0.03236797  1.0982827 ]
 [ 0.04009269  1.08818917]
 [ 0.05251721  1.08246495]
 [ 0.0637557   1.07637442]
 [ 0.07708462  1.07002243]
 [ 0.08863343  1.07136337]
 [ 0.09365015  1.0634609 ]
 [ 0.10129373  1.06004508]
 [ 0.10922104  1.05735548]
 [ 0.11483275  1.05434726]
 [ 0.12325506  1.04942982]
 [ 0.12972402  1.04715876]
 [ 0.13780906  1.04410915]
 [ 0.15175716  1.03851286]
 [ 0.15817218  1.03637706]
 [ 0.15958577  1.03429573]
 [ 0.16498974  1.03203804]
 [ 0.16972529  1.03001337]
 [ 0.18253695  1.02549078]
 [ 0.18712159  1.02363491]
 [ 0.195074    1.02137172]
 [ 0.19908124  1.02033659]
 [ 0.20540393  1.01600658]
 [ 0.21252763  1.01295293]
 [ 0.22138345  1.01083169]
 [ 0.22954941  1.00581415]
 [ 0.24147144  1.00323217]
 [ 0.24740381  0.9986337 ]
 [ 0.25246971  0.997147  ]
 [ 0.26413923  0.99309992]
 [ 0.26793972  0.99086308]
 [ 0.27223828  0.98870623]
 [ 0.28101169  0.98739203]
 [ 0.28161039  0.98589502]
 [ 0.28971083  0.9833447 ]
 [ 0.2978694   0.98317253]
 [ 0.29849091  0.98070348]
 [ 0.30915323  0.97601693]
 [ 0.31550415  0.97286564]
 [ 0.32123992  0.97051268]
 [ 0.32482446  0.96867224]
 [ 0.33241752  0.96629997]
 [ 0.34338574  0.96287075]
 [ 0.34865381  0.96006053]
 [ 0.35635145  0.96012999]
 [ 0.35930265  0.95857556]
 [ 0.3651454   0.95562707]
 [ 0.36908929  0.95283297]
 [ 0.37203699  0.95123436]
 [ 0.38355905  0.94740356]
 [ 0.38984417  0.94545478]
 [ 0.39600271  0.94277417]
 [ 0.40465355  0.93932936]
 [ 0.40496171  0.93873572]
 [ 0.41203978  0.93598307]
 [ 0.41684064  0.93421259]
 [ 0.42036634  0.9326208 ]
 [ 0.42463537  0.93070107]
 [ 0.4292888   0.92997634]
 [ 0.43649514  0.92657612]
 [ 0.44590517  0.92308978]
 [ 0.44914905  0.92168406]
 [ 0.45391328  0.91988917]
 [ 0.46205257  0.91642851]
 [ 0.46989917  0.9138742 ]
 [ 0.47781872  0.91090222]
 [ 0.47949474  0.90998481]
 [ 0.48944518  0.90767166]
 [ 0.49584801  0.90448654]
 [ 0.50664633  0.89959665]
 [ 0.51262013  0.89937662]
 [ 0.51555623  0.89496308]
 [ 0.52207011  0.89068526]
 [ 0.52865836  0.88955095]
 [ 0.53677631  0.88517117]
 [ 0.54607926  0.88029117]
 [ 0.55212745  0.87750461]
 [ 0.55897492  0.87533649]
 [ 0.55945888  0.87342462]
 [ 0.56663694  0.86982557]
 [ 0.58406736  0.86380176]
 [ 0.58912941  0.85898041]
 [ 0.60079945  0.85191927]
 [ 0.60461862  0.84978548]
 [ 0.61073412  0.84721173]
 [ 0.61937187  0.8427797 ]
 [ 0.62715588  0.83707259]
 [ 0.62948228  0.83500124]
 [ 0.63894829  0.83067854]
 [ 0.63885317  0.83037504]
 [ 0.64918449  0.82365574]
 [ 0.66040496  0.81611212]
 [ 0.66735049  0.81448243]
 [ 0.66992479  0.8104745 ]
 [ 0.67558841  0.80671996]
 [ 0.67674671  0.80423613]
 [ 0.68787532  0.79720407]
 [ 0.69349706  0.7928338 ]
 [ 0.69865736  0.79050133]
 [ 0.70416955  0.78537105]
 [ 0.70876588  0.78057778]
 [ 0.71528513  0.78049273]
 [ 0.71839153  0.77351388]
 [ 0.72538544  0.77006787]
 [ 0.72729639  0.7668145 ]
 [ 0.73355327  0.76338219]
 [ 0.73553775  0.75945881]
 [ 0.7459138   0.75281146]
 [ 0.75047337  0.74916435]
 [ 0.75455304  0.74422074]
 [ 0.75918711  0.73875948]
 [ 0.76699265  0.73419073]
 [ 0.76978893  0.73052538]
 [ 0.77773396  0.72181547]
 [ 0.78406349  0.71605301]
 [ 0.7911244   0.71109892]
 [ 0.79357929  0.70920761]
 [ 0.80531053  0.70110494]
 [ 0.80654424  0.70043443]
 [ 0.81066231  0.69421368]
 [ 0.81944791  0.68359852]
 [ 0.83119681  0.67666713]
 [ 0.83520641  0.66786538]
 [ 0.84370399  0.6605526 ]
 [ 0.84483305  0.65983508]
 [ 0.85201706  0.65619862]
 [ 0.85501967  0.64794522]
 [ 0.86204428  0.64058448]
 [ 0.86804975  0.63567066]
 [ 0.87874893  0.62322242]
 [ 0.88815372  0.6101691 ]
 [ 0.89285227  0.60560987]
 [ 0.89827912  0.60204966]
 [ 0.89922693  0.60010949]
 [ 0.90175438  0.59170522]
 [ 0.90541943  0.58624517]
 [ 0.91015052  0.58107689]
 [ 0.91116869  0.57983249]
 [ 0.91776057  0.57165833]
 [ 0.92490087  0.56074004]
 [ 0.92947665  0.55330777]
 [ 0.93351522  0.54783904]
 [ 0.93627704  0.54433198]
 [ 0.9437066   0.53751379]
 [ 0.94810101  0.53213531]
 [ 0.94479913  0.52886637]
 [ 0.95072011  0.52127695]
 [ 0.95655832  0.51290792]
 [ 0.96108482  0.50973397]
 [ 0.96471265  0.50340794]
 [ 0.96887616  0.49843262]
 [ 0.97076809  0.49013641]
 [ 0.97935272  0.48401243]
 [ 0.98288638  0.46901059]
 [ 0.98979842  0.45914603]
 [ 0.99144113  0.45194595]
 [ 0.99247671  0.4418505 ]
 [ 0.99388371  0.43612876]
 [ 1.00598351  0.42159307]
 [ 1.00501972  0.41203275]
 [ 1.01032539  0.4029979 ]
 [ 1.00942022  0.4014882 ]
 [ 1.01364351  0.39327786]
 [ 1.01358051  0.39325022]
 [ 1.01437407  0.38314664]
 [ 1.01658411  0.37857384]
 [ 1.02614742  0.36915153]
 [ 1.02293918  0.36315627]
 [ 1.02475588  0.35620705]
 [ 1.03414249  0.34589682]
 [ 1.03433506  0.33457949]
 [ 1.0364561   0.33204803]
 [ 1.03654613  0.32650799]
 [ 1.04128165  0.31356807]
 [ 1.04238228  0.30514955]
 [ 1.04771486  0.2959131 ]
 [ 1.04951527  0.28982999]
 [ 1.05162394  0.28228233]
 [ 1.05469943  0.27499643]
 [ 1.05697337  0.26605283]
 [ 1.05944006  0.26309646]
 [ 1.06155649  0.25571085]
 [ 1.06495817  0.25174033]
 [ 1.06774662  0.23596875]
 [ 1.07112886  0.23033158]
 [ 1.0718134   0.22774361]
 [ 1.07665994  0.22171751]
 [ 1.07806923  0.21724114]
 [ 1.08153898  0.20579164]
 [ 1.08418713  0.19984056]
 [ 1.0873673   0.19207239]
 [ 1.08884713  0.1830049 ]
 [ 1.09091071  0.17777593]
 [ 1.09451123  0.17289448]
 [ 1.09698932  0.16567689]
 [ 1.10211054  0.15764362]
 [ 1.1079441   0.14318419]
 [ 1.11416182  0.13046261]
 [ 1.1184146   0.12492069]
 [ 1.12166917  0.11520334]
 [ 1.12162969  0.11509387]
 [ 1.1273132   0.10575405]
 [ 1.12747079  0.10587159]
 [ 1.1298577   0.09902671]
 [ 1.13685536  0.0863848 ]
 [ 1.14309737  0.08204668]
 [ 1.14276139  0.07359295]
 [ 1.14806872  0.06873965]
 [ 1.15391217  0.06294813]
 [ 1.15349249  0.05662548]
 [ 1.15585439  0.05336171]
 [ 1.16075861  0.04678031]
 [ 1.16953338  0.03664433]
 [ 1.17180392  0.02977742]
 [ 1.1718532   0.02979273]
 [ 1.17619595  0.02196793]
 [ 1.17666349  0.02090705]
 [ 1.18039872  0.01369977]
 [ 1.18347198  0.01242498]
 [ 1.18514774  0.0054903 ]
 [ 1.19323213 -0.006125  ]
 [ 1.1987076  -0.01116095]
 [ 1.20065029 -0.01255142]
 [ 1.20319192 -0.02076425]
 [ 1.20741619 -0.02861393]
 [ 1.20992327 -0.0349931 ]
 [ 1.21199776 -0.038217  ]
 [ 1.21695404 -0.03993381]
 [ 1.21880105 -0.04391577]
 [ 1.22182657 -0.0542359 ]
 [ 1.22607602 -0.06101111]
 [ 1.23245492 -0.06389116]
 [ 1.23601618 -0.06928142]
 [ 1.24048634 -0.07129627]
 [ 1.24972767 -0.07153441]
 [ 1.25529819 -0.07394997]
 [ 1.26382343 -0.07606849]
 [ 1.26833601 -0.07681856]]",15,70
0.019743198134355235,0.022972384517296208,0.13883574456142592,0.59,3.7219986373363962,3.7645552120219694,0.9886954574206644,2000,256,"[[0.99997483 0.4645572  0.48445024 0.53838841 0.5233366  0.42195665]
 [0.99626828 0.4645572  0.48445024 0.53858795 0.5233366  0.41179245]
 [0.9935742  0.4516592  0.47168009 0.55328903 0.51272128 0.3991191 ]
 ...
 [0.01110881 0.49401968 0.69961135 0.4187888  0.72042754 0.57951982]
 [0.01110881 0.4659886  0.70896351 0.4187888  0.73202111 0.56133756]
 [0.01110881 0.3944904  0.70232799 0.4187888  0.73202111 0.56478896]]","[[-0.06254798  1.25354701]
 [-0.05676544  1.25059322]
 [-0.05248587  1.24894053]
 [-0.04651781  1.24837489]
 [-0.0425928   1.24312444]
 [-0.04143821  1.24395975]
 [-0.03551724  1.24120448]
 [-0.02757088  1.23806284]
 [-0.02597404  1.23772721]
 [-0.01556177  1.23568855]
 [-0.00796197  1.23123812]
 [-0.00767339  1.23329203]
 [-0.00197626  1.23151809]
 [ 0.00361197  1.23931917]
 [ 0.01047117  1.23221446]
 [ 0.02412013  1.23290178]
 [ 0.03134331  1.22831775]
 [ 0.03503193  1.23045929]
 [ 0.04090499  1.22883658]
 [ 0.04709619  1.22860534]
 [ 0.05445608  1.22653861]
 [ 0.06248812  1.22707056]
 [ 0.28059295  1.20794686]
 [ 0.28070727  1.20787843]
 [ 0.28666603  1.20395236]
 [ 0.29460927  1.20245458]
 [ 0.3008962   1.19943818]
 [ 0.304382    1.19800726]
 [ 0.31215515  1.19540434]
 [ 0.31749793  1.19456641]
 [ 0.32388262  1.19269501]
 [ 0.32759252  1.18624001]
 [ 0.33401573  1.18076101]
 [ 0.34251671  1.1818175 ]
 [ 0.34649829  1.17377694]
 [ 0.35382978  1.17257779]
 [ 0.35702492  1.1718121 ]
 [ 0.36625571  1.16111691]
 [ 0.36831067  1.16235146]
 [ 0.37452742  1.15784044]
 [ 0.37748667  1.15134819]
 [ 0.38337237  1.14618055]
 [ 0.39347923  1.13662354]
 [ 0.39646531  1.13412156]
 [ 0.4009434   1.12891045]
 [ 0.4067052   1.12459511]
 [ 0.40998725  1.1188436 ]
 [ 0.41518453  1.1174615 ]
 [ 0.42210597  1.11928273]
 [ 0.42503551  1.11728188]
 [ 0.42546407  1.10599741]
 [ 0.43144259  1.09812986]
 [ 0.43292954  1.09635158]
 [ 0.43896075  1.09113163]
 [ 0.43960879  1.09078303]
 [ 0.44391651  1.08937154]
 [ 0.44623637  1.08771532]
 [ 0.4483282   1.08269658]
 [ 0.45787942  1.07506011]
 [ 0.46043125  1.06977954]
 [ 0.46233121  1.06666686]
 [ 0.4648651   1.06544714]
 [ 0.47211583  1.06401394]
 [ 0.47973636  1.05555428]
 [ 0.48511251  1.05079292]
 [ 0.49249686  1.04967825]
 [ 0.50236062  1.04479492]
 [ 0.50237421  1.04479248]
 [ 0.51040414  1.04147415]
 [ 0.51104557  1.04131287]
 [ 0.52474197  1.03804453]
 [ 0.53900778  1.03558898]
 [ 0.55532271  1.03446819]
 [ 0.55532271  1.03446819]
 [ 0.56117045  1.00906301]
 [ 0.56592749  1.0072525 ]
 [ 0.57547985  1.0047353 ]
 [ 0.57539697  0.99854111]
 [ 0.57897698  0.9948534 ]
 [ 0.58177655  0.99073867]
 [ 0.58980988  0.985112  ]
 [ 0.59029838  0.98276578]
 [ 0.59473566  0.97891636]
 [ 0.59690797  0.97462886]
 [ 0.59832097  0.97275094]
 [ 0.60501717  0.96793322]
 [ 0.60503091  0.9679075 ]
 [ 0.60818939  0.95937737]
 [ 0.60933067  0.95815555]
 [ 0.61605784  0.95286354]
 [ 0.61811781  0.94824573]
 [ 0.61862599  0.94421516]
 [ 0.62183145  0.94231754]
 [ 0.62574076  0.93483564]
 [ 0.6278958   0.93125842]
 [ 0.63440259  0.92250952]
 [ 0.64050816  0.91330057]
 [ 0.6414964   0.91103301]
 [ 0.64407322  0.9035992 ]
 [ 0.64967561  0.90371446]
 [ 0.64962107  0.89348754]
 [ 0.65495771  0.88785795]
 [ 0.65644365  0.88034937]
 [ 0.65960365  0.87535337]
 [ 0.66321188  0.87053063]
 [ 0.66549541  0.86639868]
 [ 0.67015902  0.86520323]
 [ 0.67112925  0.85675391]
 [ 0.67143935  0.84786888]
 [ 0.67920829  0.84578152]
 [ 0.6776783   0.84157355]
 [ 0.67911245  0.83288902]
 [ 0.68140764  0.82875778]
 [ 0.68803624  0.82348909]
 [ 0.68688801  0.81836192]
 [ 0.68990527  0.81283541]
 [ 0.69546972  0.80814926]
 [ 0.69813337  0.80290191]
 [ 0.69866673  0.80269256]
 [ 0.69831851  0.79347569]
 [ 0.70424519  0.7878515 ]
 [ 0.70882611  0.7852617 ]
 [ 0.70881977  0.77848904]
 [ 0.71428585  0.77450826]
 [ 0.72236491  0.77275945]
 [ 0.73149421  0.77119282]
 [ 0.73596011  0.76835372]
 [ 0.77706399  0.7340982 ]
 [ 0.78093565  0.72863185]
 [ 0.78767547  0.72311341]
 [ 0.79024002  0.72259157]
 [ 0.79803072  0.71820871]
 [ 0.80598055  0.71765789]
 [ 0.80962961  0.71637254]
 [ 0.82683176  0.70864495]
 [ 0.83209868  0.70521712]
 [ 0.83805079  0.70177986]
 [ 0.84070425  0.6958888 ]
 [ 0.84456995  0.69474837]
 [ 0.8486563   0.68928125]
 [ 0.85527534  0.68075401]
 [ 0.8597514   0.67412033]
 [ 0.86348902  0.67136517]
 [ 0.86566023  0.66529215]
 [ 0.8697921   0.65951307]
 [ 0.87347084  0.65666887]
 [ 0.87839094  0.64732229]
 [ 0.88033558  0.64224407]
 [ 0.8853587   0.6334768 ]
 [ 0.88650036  0.63147763]
 [ 0.89029521  0.62280898]
 [ 0.89554969  0.61815733]
 [ 0.89764375  0.61424152]
 [ 0.90193273  0.60767876]
 [ 0.90288117  0.60210596]
 [ 0.90495297  0.60077801]
 [ 0.91026535  0.59083896]
 [ 0.91304949  0.58417343]
 [ 0.91612422  0.58228406]
 [ 0.91866171  0.57774466]
 [ 0.91993628  0.57239729]
 [ 0.92162787  0.56997647]
 [ 0.92705484  0.56101903]
 [ 0.92856526  0.56055388]
 [ 0.93166869  0.55318596]
 [ 0.93491667  0.5447473 ]
 [ 0.93797639  0.54161317]
 [ 0.93887326  0.53665462]
 [ 0.9435149   0.52717615]
 [ 0.9450684   0.52433813]
 [ 0.94888801  0.51499149]
 [ 0.9538352   0.50887651]
 [ 0.95742261  0.50094272]
 [ 0.9607739   0.49814057]
 [ 0.96475888  0.48860839]
 [ 0.97031475  0.47942994]
 [ 0.97183176  0.47153151]
 [ 0.97758654  0.45887632]
 [ 0.98366452  0.45371933]
 [ 0.98376679  0.44628014]
 [ 0.98586384  0.44446702]
 [ 0.99056037  0.43271641]
 [ 0.99143507  0.43076661]
 [ 0.99659983  0.41848174]
 [ 0.99950835  0.41064664]
 [ 0.99969831  0.40989848]
 [ 1.0028434   0.40247777]
 [ 1.00305374  0.40239079]
 [ 1.00702616  0.39288842]
 [ 1.00858225  0.39138467]
 [ 1.01064125  0.38362124]
 [ 1.0147374   0.3732559 ]
 [ 1.0145806   0.37083803]
 [ 1.01752184  0.36548596]
 [ 1.01994261  0.35718847]
 [ 1.02294092  0.35347522]
 [ 1.02462734  0.35036069]
 [ 1.02624377  0.33911263]
 [ 1.02799982  0.33329163]
 [ 1.03254818  0.32451591]
 [ 1.03372088  0.31918231]
 [ 1.03480948  0.3111994 ]
 [ 1.0372642   0.30799357]
 [ 1.04000649  0.29882362]
 [ 1.04025511  0.29857947]
 [ 1.04073196  0.29025053]
 [ 1.0457946   0.28534703]
 [ 1.04618435  0.27420175]
 [ 1.04774567  0.2674195 ]
 [ 1.0487641   0.26263203]
 [ 1.0503836   0.26098359]
 [ 1.05168804  0.25250973]
 [ 1.05512645  0.25029972]
 [ 1.05599833  0.24125742]
 [ 1.05795107  0.23721147]
 [ 1.05956131  0.23547901]
 [ 1.05989156  0.22551589]
 [ 1.06131834  0.22524438]
 [ 1.06215718  0.2195714 ]
 [ 1.0632276   0.21277892]
 [ 1.06643258  0.20990209]
 [ 1.0669649   0.20575158]
 [ 1.06824672  0.19849298]
 [ 1.07089751  0.19162259]
 [ 1.0712505   0.18539984]
 [ 1.07193986  0.18462915]
 [ 1.07410608  0.1754736 ]
 [ 1.07728281  0.16981572]
 [ 1.07882599  0.16647411]
 [ 1.08424451  0.14956883]
 [ 1.08497714  0.14941307]
 [ 1.0854079   0.1404662 ]
 [ 1.08722061  0.13943657]
 [ 1.08798758  0.13607878]
 [ 1.08960753  0.12974285]
 [ 1.09277193  0.12095773]
 [ 1.0940976   0.11538146]
 [ 1.09438488  0.11228727]
 [ 1.09713915  0.10628548]
 [ 1.10060818  0.10228572]
 [ 1.10492384  0.09200536]
 [ 1.10395059  0.08965857]
 [ 1.10726606  0.0798908 ]
 [ 1.10995326  0.07738658]
 [ 1.11192546  0.06740553]
 [ 1.1146905   0.06125464]
 [ 1.12018065  0.0557819 ]
 [ 1.12382162  0.04888565]
 [ 1.12851871  0.04257782]
 [ 1.13490841  0.03419341]
 [ 1.13832047  0.03082426]
 [ 1.14790866  0.03286371]
 [ 1.16048791  0.03058539]
 [ 1.18394896  0.03024289]
 [ 1.19050525  0.02963255]
 [ 1.19269778  0.02880557]]",16,70
0.0025432187544414953,0.003057902591875478,0.042742780512083,1.0,3.7600471401978552,3.7645552120219694,0.9988024954951605,2000,256,"[[9.99866843e-01 5.47587407e-01 5.07249494e-01 4.98833455e-01
  3.00668288e-01 5.26279997e-01]
 [9.99866843e-01 4.76088899e-01 5.06746889e-01 4.98833455e-01
  3.00668288e-01 4.91854719e-01]
 [9.99828131e-01 5.02881064e-01 4.90156420e-01 5.18289787e-01
  3.42807763e-01 5.47497775e-01]
 ...
 [9.42852762e-07 4.65836338e-01 4.90313351e-01 5.58720087e-01
  4.96114474e-01 5.13965724e-01]
 [2.05020256e-06 4.67195302e-01 4.91185668e-01 6.01887676e-01
  5.07419747e-01 5.29275504e-01]
 [9.42852762e-07 4.65836338e-01 5.01508083e-01 6.21253356e-01
  5.12493431e-01 5.15749862e-01]]","[[-1.40763748e-01  1.15986949e+00]
 [-1.37823230e-01  1.15761068e+00]
 [-1.40149703e-01  1.14683562e+00]
 [-1.39556928e-01  1.13728189e+00]
 [-1.41105609e-01  1.12829988e+00]
 [-1.39571620e-01  1.12631658e+00]
 [-1.30672064e-01  1.12501616e+00]
 [-1.27941511e-01  1.11946851e+00]
 [-1.21174690e-01  1.11823829e+00]
 [-1.06017543e-01  1.12491135e+00]
 [-9.91586895e-02  1.12305817e+00]
 [-9.64368828e-02  1.11694981e+00]
 [-9.03621841e-02  1.11658100e+00]
 [-7.72561528e-02  1.12096493e+00]
 [-7.83308515e-02  1.11569504e+00]
 [-7.07265998e-02  1.11547410e+00]
 [-6.00397701e-02  1.11396213e+00]
 [-5.33081229e-02  1.11278602e+00]
 [-4.66465089e-02  1.11283025e+00]
 [-4.07992447e-02  1.10767526e+00]
 [-2.52133356e-02  1.11085194e+00]
 [-2.10771700e-02  1.10968593e+00]
 [-1.39218323e-02  1.10782086e+00]
 [-7.47398557e-03  1.10731758e+00]
 [ 2.10518457e-03  1.10531069e+00]
 [ 5.10030095e-03  1.10438343e+00]
 [ 9.76608487e-03  1.10262895e+00]
 [ 2.03670373e-02  1.10640501e+00]
 [ 2.41089511e-02  1.10453013e+00]
 [ 2.93833346e-02  1.10268760e+00]
 [ 3.84474599e-02  1.10132080e+00]
 [ 4.73498409e-02  1.09909806e+00]
 [ 5.48375088e-02  1.09798740e+00]
 [ 6.21648227e-02  1.09694260e+00]
 [ 7.12186410e-02  1.09672872e+00]
 [ 8.30105140e-02  1.09472476e+00]
 [ 8.62352504e-02  1.09014683e+00]
 [ 9.55714602e-02  1.09365163e+00]
 [ 9.84934507e-02  1.08997490e+00]
 [ 1.06696733e-01  1.09115404e+00]
 [ 1.09706992e-01  1.08597336e+00]
 [ 1.19204697e-01  1.08644565e+00]
 [ 1.31520318e-01  1.08157361e+00]
 [ 1.39494892e-01  1.08156254e+00]
 [ 1.42985499e-01  1.07890539e+00]
 [ 1.54289501e-01  1.08235945e+00]
 [ 1.60768443e-01  1.07873903e+00]
 [ 1.64937186e-01  1.07533297e+00]
 [ 1.75704123e-01  1.07294368e+00]
 [ 1.84810033e-01  1.06997060e+00]
 [ 1.91165631e-01  1.06830376e+00]
 [ 1.96073915e-01  1.06722315e+00]
 [ 2.01901657e-01  1.06567007e+00]
 [ 2.08332970e-01  1.06440117e+00]
 [ 2.16325072e-01  1.06191749e+00]
 [ 2.26089134e-01  1.06068063e+00]
 [ 2.33499972e-01  1.05798934e+00]
 [ 2.39862931e-01  1.05707159e+00]
 [ 2.45930483e-01  1.05511331e+00]
 [ 2.53171644e-01  1.05208134e+00]
 [ 2.73872298e-01  1.04642476e+00]
 [ 2.83513457e-01  1.04301092e+00]
 [ 2.89852448e-01  1.03958393e+00]
 [ 2.98666553e-01  1.03949745e+00]
 [ 3.05305575e-01  1.03441386e+00]
 [ 3.13877962e-01  1.03167207e+00]
 [ 3.21369343e-01  1.02834454e+00]
 [ 3.26517930e-01  1.02683777e+00]
 [ 3.30411797e-01  1.02545137e+00]
 [ 3.38742301e-01  1.02484334e+00]
 [ 3.40956257e-01  1.02096054e+00]
 [ 3.46384537e-01  1.01974004e+00]
 [ 3.52681040e-01  1.01697852e+00]
 [ 3.60416661e-01  1.01555372e+00]
 [ 3.70614169e-01  1.00940346e+00]
 [ 3.75234430e-01  1.00755601e+00]
 [ 3.81774553e-01  1.00455077e+00]
 [ 3.88652009e-01  1.00169051e+00]
 [ 3.92706090e-01  1.00017115e+00]
 [ 3.99567975e-01  9.98236016e-01]
 [ 4.07043891e-01  9.93054119e-01]
 [ 4.15257516e-01  9.90129729e-01]
 [ 4.23193919e-01  9.87550264e-01]
 [ 4.26318436e-01  9.83906914e-01]
 [ 4.28036930e-01  9.83181361e-01]
 [ 4.35723317e-01  9.82522944e-01]
 [ 4.35644668e-01  9.79658757e-01]
 [ 4.44335528e-01  9.75321995e-01]
 [ 4.53347445e-01  9.70886678e-01]
 [ 4.67096613e-01  9.64789277e-01]
 [ 4.75874376e-01  9.60849447e-01]
 [ 4.82346275e-01  9.54979211e-01]
 [ 4.93626552e-01  9.48907808e-01]
 [ 5.02411306e-01  9.42594700e-01]
 [ 5.08215828e-01  9.40052788e-01]
 [ 5.13681083e-01  9.38492341e-01]
 [ 5.18222052e-01  9.33318116e-01]
 [ 5.27729184e-01  9.26697951e-01]
 [ 5.34005336e-01  9.23808696e-01]
 [ 5.39933695e-01  9.22008886e-01]
 [ 5.44757148e-01  9.15888874e-01]
 [ 5.52502312e-01  9.11834466e-01]
 [ 5.58197851e-01  9.07886815e-01]
 [ 5.64922859e-01  9.04342972e-01]
 [ 5.71945283e-01  8.99639426e-01]
 [ 5.78957604e-01  8.91231242e-01]
 [ 5.86354492e-01  8.87352763e-01]
 [ 5.97912927e-01  8.77281907e-01]
 [ 6.02072456e-01  8.75123391e-01]
 [ 6.04805650e-01  8.73694589e-01]
 [ 6.10407128e-01  8.67098097e-01]
 [ 6.17216469e-01  8.61719093e-01]
 [ 6.23954427e-01  8.56474500e-01]
 [ 6.27997727e-01  8.55267997e-01]
 [ 6.35153633e-01  8.46435990e-01]
 [ 6.43255006e-01  8.40884420e-01]
 [ 6.43696802e-01  8.39782701e-01]
 [ 6.48162813e-01  8.35409859e-01]
 [ 6.55777591e-01  8.32509796e-01]
 [ 6.59576724e-01  8.25038617e-01]
 [ 6.64336726e-01  8.22215801e-01]
 [ 6.67858723e-01  8.18541792e-01]
 [ 6.71516157e-01  8.14635196e-01]
 [ 6.73756272e-01  8.13238603e-01]
 [ 6.82154312e-01  8.05891477e-01]
 [ 6.88124158e-01  8.03286455e-01]
 [ 6.88679220e-01  7.96466573e-01]
 [ 7.01433397e-01  7.84776466e-01]
 [ 7.06041497e-01  7.79723667e-01]
 [ 7.14327615e-01  7.69685590e-01]
 [ 7.18945755e-01  7.65994924e-01]
 [ 7.25815819e-01  7.58560783e-01]
 [ 7.31882311e-01  7.50815602e-01]
 [ 7.38371189e-01  7.42407401e-01]
 [ 7.43197407e-01  7.37837650e-01]
 [ 7.45217112e-01  7.35094607e-01]
 [ 7.50080080e-01  7.29021742e-01]
 [ 7.52721151e-01  7.25592303e-01]
 [ 7.55982410e-01  7.21318121e-01]
 [ 7.60335019e-01  7.17351863e-01]
 [ 7.65839573e-01  7.09289030e-01]
 [ 7.75230540e-01  6.96989431e-01]
 [ 7.78660083e-01  6.91573056e-01]
 [ 7.83409944e-01  6.85926925e-01]
 [ 7.86807847e-01  6.81144494e-01]
 [ 7.90762516e-01  6.75283015e-01]
 [ 7.96115679e-01  6.69808877e-01]
 [ 8.01553166e-01  6.60013149e-01]
 [ 8.03970704e-01  6.57506651e-01]
 [ 8.06934698e-01  6.50528821e-01]
 [ 8.09721041e-01  6.47499460e-01]
 [ 8.12864803e-01  6.41685314e-01]
 [ 8.15306446e-01  6.38683148e-01]
 [ 8.18121721e-01  6.34699388e-01]
 [ 8.19480768e-01  6.32482588e-01]
 [ 8.22594681e-01  6.27509149e-01]
 [ 8.24674972e-01  6.24084912e-01]
 [ 8.31804770e-01  6.12192609e-01]
 [ 8.36752673e-01  6.03655038e-01]
 [ 8.38983248e-01  6.00576984e-01]
 [ 8.40555160e-01  5.97171644e-01]
 [ 8.43170939e-01  5.93072380e-01]
 [ 8.47873092e-01  5.87165804e-01]
 [ 8.49550968e-01  5.83820800e-01]
 [ 8.52153979e-01  5.76642218e-01]
 [ 8.54799877e-01  5.73980759e-01]
 [ 8.56051125e-01  5.69427174e-01]
 [ 8.61038079e-01  5.61474829e-01]
 [ 8.64503547e-01  5.55838422e-01]
 [ 8.67625693e-01  5.49526797e-01]
 [ 8.71320661e-01  5.42150935e-01]
 [ 8.75594025e-01  5.32994418e-01]
 [ 8.78356762e-01  5.27512128e-01]
 [ 8.82201759e-01  5.19678889e-01]
 [ 8.83831785e-01  5.16592120e-01]
 [ 8.85428859e-01  5.11865778e-01]
 [ 8.88933542e-01  5.05200236e-01]
 [ 8.94612900e-01  4.98918263e-01]
 [ 8.93900403e-01  4.93970153e-01]
 [ 8.98025556e-01  4.88231488e-01]
 [ 9.04783176e-01  4.73801129e-01]
 [ 9.05302335e-01  4.72686757e-01]
 [ 9.07594164e-01  4.65435693e-01]
 [ 9.09227913e-01  4.61973762e-01]
 [ 9.10266817e-01  4.57351113e-01]
 [ 9.12946211e-01  4.52401663e-01]
 [ 9.18757053e-01  4.41277359e-01]
 [ 9.20518001e-01  4.33165588e-01]
 [ 9.24546177e-01  4.22716608e-01]
 [ 9.26834411e-01  4.15657312e-01]
 [ 9.30335633e-01  4.06542137e-01]
 [ 9.34138919e-01  3.97449174e-01]
 [ 9.38347639e-01  3.90421488e-01]
 [ 9.40187822e-01  3.80616877e-01]
 [ 9.41355564e-01  3.77846953e-01]
 [ 9.46261409e-01  3.67790334e-01]
 [ 9.49100371e-01  3.59137765e-01]
 [ 9.50996621e-01  3.48028906e-01]
 [ 9.54437533e-01  3.39025785e-01]
 [ 9.58298819e-01  3.31754897e-01]
 [ 9.58753519e-01  3.24708422e-01]
 [ 9.60202378e-01  3.20328351e-01]
 [ 9.60513833e-01  3.17037543e-01]
 [ 9.63672700e-01  3.11301745e-01]
 [ 9.65974743e-01  3.02240590e-01]
 [ 9.68070483e-01  2.98326023e-01]
 [ 9.70430689e-01  2.83562074e-01]
 [ 9.73080505e-01  2.75512893e-01]
 [ 9.74292188e-01  2.71151918e-01]
 [ 9.77175027e-01  2.59616796e-01]
 [ 9.77473490e-01  2.58876782e-01]
 [ 9.81005410e-01  2.49432255e-01]
 [ 9.80813144e-01  2.47917374e-01]
 [ 9.84446026e-01  2.40595194e-01]
 [ 9.87127991e-01  2.28711963e-01]
 [ 9.87205869e-01  2.25723422e-01]
 [ 9.89028984e-01  2.12639409e-01]
 [ 9.90026773e-01  2.06969201e-01]
 [ 9.92779840e-01  1.96090916e-01]
 [ 9.94761063e-01  1.90302302e-01]
 [ 9.95884889e-01  1.85772264e-01]
 [ 9.96861658e-01  1.81337002e-01]
 [ 9.98407879e-01  1.73233328e-01]
 [ 1.00047817e+00  1.66362666e-01]
 [ 1.00188569e+00  1.58086000e-01]
 [ 1.00370027e+00  1.50260230e-01]
 [ 1.00463948e+00  1.40216128e-01]
 [ 1.00595078e+00  1.38238222e-01]
 [ 1.00804627e+00  1.28810322e-01]
 [ 1.00901172e+00  1.17598688e-01]
 [ 1.01106130e+00  1.11276626e-01]
 [ 1.01180762e+00  1.05342144e-01]
 [ 1.01187504e+00  1.01564828e-01]
 [ 1.01425879e+00  8.83826301e-02]
 [ 1.01541068e+00  7.99369318e-02]
 [ 1.01736031e+00  7.83961769e-02]
 [ 1.01809311e+00  6.29754460e-02]
 [ 1.02008093e+00  5.66771467e-02]
 [ 1.02270814e+00  3.95391099e-02]
 [ 1.02365615e+00  3.36557161e-02]
 [ 1.02464551e+00  2.11507291e-02]
 [ 1.02535446e+00  2.00894743e-02]
 [ 1.02716858e+00  8.06860430e-03]
 [ 1.02837475e+00 -7.63224632e-04]
 [ 1.02886934e+00 -2.73751759e-03]
 [ 1.02928743e+00 -1.07156202e-02]
 [ 1.03298944e+00 -2.41455925e-02]
 [ 1.03297932e+00 -2.41790750e-02]
 [ 1.03308467e+00 -3.68254340e-02]
 [ 1.03451237e+00 -3.79063200e-02]
 [ 1.03476288e+00 -4.96918863e-02]
 [ 1.03557920e+00 -5.65599966e-02]
 [ 1.03719268e+00 -5.88488659e-02]
 [ 1.04263724e+00 -6.24835133e-02]
 [ 1.05176399e+00 -6.52869687e-02]
 [ 1.05612061e+00 -6.57740556e-02]]",17,70
0.029509631435518654,0.0220149859491391,0.07866217909126498,0.1665,3.7322098050206614,3.7645552120219694,0.991407907393945,2000,256,"[[9.99991914e-01 4.02784571e-01 3.98731772e-01 5.16352716e-01
  4.32698084e-01 4.65665166e-01]
 [9.99991914e-01 3.78762886e-01 4.40068110e-01 5.28537837e-01
  4.47748163e-01 4.99424979e-01]
 [9.99991914e-01 3.78762886e-01 4.40068110e-01 4.90684778e-01
  5.29427752e-01 4.99424979e-01]
 ...
 [3.70449449e-05 4.93263794e-01 4.79732276e-01 5.24149658e-01
  5.56525068e-01 4.53422002e-01]
 [3.17466559e-04 5.01835275e-01 4.83203819e-01 5.52844066e-01
  5.64110223e-01 5.01970597e-01]
 [3.70449449e-05 5.19186560e-01 5.10972304e-01 5.24149658e-01
  5.50866191e-01 5.29651342e-01]]","[[-4.11873661e-02  1.10278365e+00]
 [-4.05283145e-02  1.09520605e+00]
 [-3.45924479e-02  1.08888663e+00]
 [-3.81725814e-02  1.07896574e+00]
 [-3.46103318e-02  1.07815239e+00]
 [-2.20076794e-02  1.07649019e+00]
 [-4.49474564e-03  1.07323638e+00]
 [ 1.31659907e-02  1.07223374e+00]
 [ 1.31873116e-02  1.07039732e+00]
 [ 2.40004967e-02  1.07111000e+00]
 [ 2.91133997e-02  1.06962782e+00]
 [ 4.42436272e-02  1.06973202e+00]
 [ 4.98014970e-02  1.06646268e+00]
 [ 5.42287407e-02  1.06599627e+00]
 [ 5.97556853e-02  1.06875507e+00]
 [ 7.21325577e-02  1.06564691e+00]
 [ 7.93513169e-02  1.06477671e+00]
 [ 8.62727102e-02  1.06378696e+00]
 [ 9.41204589e-02  1.06475753e+00]
 [ 1.05969656e-01  1.06277406e+00]
 [ 1.13968249e-01  1.06243859e+00]
 [ 1.25718370e-01  1.06276401e+00]
 [ 1.41330580e-01  1.06072816e+00]
 [ 1.53512845e-01  1.05978662e+00]
 [ 1.63189592e-01  1.05722461e+00]
 [ 1.80895362e-01  1.05688573e+00]
 [ 1.89311309e-01  1.05428035e+00]
 [ 1.93416289e-01  1.05396527e+00]
 [ 2.06649298e-01  1.05319951e+00]
 [ 2.13887992e-01  1.05060192e+00]
 [ 2.19972746e-01  1.04722129e+00]
 [ 2.32439575e-01  1.04840505e+00]
 [ 2.35493427e-01  1.04803606e+00]
 [ 2.42713285e-01  1.04577845e+00]
 [ 2.49831550e-01  1.04594375e+00]
 [ 2.65129622e-01  1.04075122e+00]
 [ 2.75247469e-01  1.03986978e+00]
 [ 2.89567165e-01  1.03836188e+00]
 [ 2.97655815e-01  1.03381742e+00]
 [ 2.98439626e-01  1.03362069e+00]
 [ 3.18491362e-01  1.03016866e+00]
 [ 3.28949650e-01  1.03012548e+00]
 [ 3.39876701e-01  1.02538607e+00]
 [ 3.47492303e-01  1.02249260e+00]
 [ 3.55916206e-01  1.02122555e+00]
 [ 3.57711770e-01  1.02075454e+00]
 [ 3.70885867e-01  1.02084665e+00]
 [ 3.73166958e-01  1.01632691e+00]
 [ 3.78383455e-01  1.01633713e+00]
 [ 3.83453280e-01  1.01386625e+00]
 [ 4.06203187e-01  1.01622268e+00]
 [ 4.07509096e-01  1.00690093e+00]
 [ 4.15633819e-01  1.00466140e+00]
 [ 4.33324028e-01  1.00445459e+00]
 [ 4.33738703e-01  9.98292161e-01]
 [ 4.52225057e-01  1.00299933e+00]
 [ 4.54273934e-01  9.96621250e-01]
 [ 4.59623396e-01  9.91488744e-01]
 [ 4.62988818e-01  9.88491784e-01]
 [ 4.70912492e-01  9.91171304e-01]
 [ 4.81859639e-01  9.83227984e-01]
 [ 4.91951098e-01  9.81254532e-01]
 [ 4.97382456e-01  9.78452917e-01]
 [ 5.01949314e-01  9.77529788e-01]
 [ 5.09387642e-01  9.73522566e-01]
 [ 5.12672521e-01  9.75060732e-01]
 [ 5.17364511e-01  9.68881310e-01]
 [ 5.31414209e-01  9.73818171e-01]
 [ 5.35307387e-01  9.69224915e-01]
 [ 5.41405402e-01  9.67908344e-01]
 [ 5.42229926e-01  9.57625973e-01]
 [ 5.48766119e-01  9.58759858e-01]
 [ 5.61190229e-01  9.59310872e-01]
 [ 5.60759749e-01  9.55477887e-01]
 [ 5.66750697e-01  9.46884298e-01]
 [ 5.72352931e-01  9.45151972e-01]
 [ 5.78628963e-01  9.43423724e-01]
 [ 5.94875973e-01  9.40758905e-01]
 [ 5.94926575e-01  9.35925114e-01]
 [ 6.00657632e-01  9.30849323e-01]
 [ 6.08821607e-01  9.29898400e-01]
 [ 6.16929950e-01  9.28547884e-01]
 [ 6.24060873e-01  9.23807932e-01]
 [ 6.28344215e-01  9.15345902e-01]
 [ 6.39934438e-01  9.23247850e-01]
 [ 6.41269377e-01  9.10953690e-01]
 [ 6.62025404e-01  9.02897455e-01]
 [ 6.67471239e-01  9.06563615e-01]
 [ 6.68779289e-01  8.95772401e-01]
 [ 6.78563838e-01  8.92835177e-01]
 [ 6.85233955e-01  8.88126407e-01]
 [ 6.86669079e-01  8.87407854e-01]
 [ 6.95029773e-01  8.80627124e-01]
 [ 7.00204898e-01  8.77532304e-01]
 [ 7.09873357e-01  8.74495039e-01]
 [ 7.15159140e-01  8.69456863e-01]
 [ 7.23805970e-01  8.67379866e-01]
 [ 7.24576972e-01  8.66582825e-01]
 [ 7.31985006e-01  8.63742807e-01]
 [ 7.36329037e-01  8.57272639e-01]
 [ 7.41348697e-01  8.53922671e-01]
 [ 7.47146168e-01  8.46651490e-01]
 [ 7.52103985e-01  8.45392532e-01]
 [ 7.56265050e-01  8.40760723e-01]
 [ 7.60742370e-01  8.37315766e-01]
 [ 7.66498521e-01  8.36141011e-01]
 [ 7.76286920e-01  8.28606745e-01]
 [ 7.79749718e-01  8.25644198e-01]
 [ 7.83909793e-01  8.23326282e-01]
 [ 7.86193349e-01  8.18740411e-01]
 [ 7.93729828e-01  8.13983684e-01]
 [ 8.00032066e-01  8.07160011e-01]
 [ 8.06594843e-01  8.07119637e-01]
 [ 8.11713568e-01  8.00578835e-01]
 [ 8.20464972e-01  8.02412839e-01]
 [ 8.24480263e-01  7.89844979e-01]
 [ 8.29581418e-01  7.86202547e-01]
 [ 8.29620536e-01  7.80933973e-01]
 [ 8.36115830e-01  7.78239056e-01]
 [ 8.42477927e-01  7.76067745e-01]
 [ 8.47161930e-01  7.68676214e-01]
 [ 8.48428900e-01  7.63736244e-01]
 [ 8.55369127e-01  7.61851070e-01]
 [ 8.60170405e-01  7.58277855e-01]
 [ 8.62842634e-01  7.52768820e-01]
 [ 8.69717062e-01  7.49787835e-01]
 [ 8.72092887e-01  7.48557210e-01]
 [ 8.79308067e-01  7.38387679e-01]
 [ 8.82949171e-01  7.31714941e-01]
 [ 8.92507668e-01  7.22767458e-01]
 [ 8.94379504e-01  7.21613929e-01]
 [ 8.97200299e-01  7.13219052e-01]
 [ 9.00171055e-01  7.07071081e-01]
 [ 9.07835207e-01  7.03386067e-01]
 [ 9.06969986e-01  6.98536086e-01]
 [ 9.09543354e-01  6.98473518e-01]
 [ 9.17894240e-01  6.94540122e-01]
 [ 9.23273914e-01  6.85753662e-01]
 [ 9.26126129e-01  6.83881764e-01]
 [ 9.28052590e-01  6.80642353e-01]
 [ 9.29959641e-01  6.71910331e-01]
 [ 9.34779258e-01  6.69073200e-01]
 [ 9.38283887e-01  6.64374935e-01]
 [ 9.42562636e-01  6.55405157e-01]
 [ 9.50645000e-01  6.51497289e-01]
 [ 9.52327908e-01  6.42076895e-01]
 [ 9.59983283e-01  6.24722984e-01]
 [ 9.63442916e-01  6.17863023e-01]
 [ 9.69962056e-01  6.15318439e-01]
 [ 9.71266725e-01  6.08847182e-01]
 [ 9.72998698e-01  5.96991427e-01]
 [ 9.79944523e-01  5.93056473e-01]
 [ 9.83226643e-01  5.80144192e-01]
 [ 9.83433550e-01  5.79030843e-01]
 [ 9.89701662e-01  5.73829540e-01]
 [ 9.95190807e-01  5.59773417e-01]
 [ 1.00209959e+00  5.50199564e-01]
 [ 1.00632920e+00  5.46420972e-01]
 [ 1.00696844e+00  5.35647106e-01]
 [ 1.01098348e+00  5.32816477e-01]
 [ 1.01478444e+00  5.30734803e-01]
 [ 1.01551661e+00  5.14726562e-01]
 [ 1.01986636e+00  5.05871893e-01]
 [ 1.01996169e+00  5.02246419e-01]
 [ 1.02364586e+00  4.97624433e-01]
 [ 1.02665451e+00  4.89054591e-01]
 [ 1.02836053e+00  4.80770151e-01]
 [ 1.03213328e+00  4.82568404e-01]
 [ 1.03420420e+00  4.74386055e-01]
 [ 1.03430650e+00  4.70186907e-01]
 [ 1.03801194e+00  4.63505765e-01]
 [ 1.04244882e+00  4.60671792e-01]
 [ 1.04337761e+00  4.50302092e-01]
 [ 1.05178404e+00  4.44742643e-01]
 [ 1.05080226e+00  4.36066738e-01]
 [ 1.05415474e+00  4.24655261e-01]
 [ 1.05767320e+00  4.17650822e-01]
 [ 1.06071668e+00  4.15872046e-01]
 [ 1.06722363e+00  4.04356171e-01]
 [ 1.06793839e+00  4.01683885e-01]
 [ 1.06938939e+00  3.88805886e-01]
 [ 1.07907133e+00  3.91554199e-01]
 [ 1.08030200e+00  3.80359746e-01]
 [ 1.08161308e+00  3.69401361e-01]
 [ 1.08479852e+00  3.62221097e-01]
 [ 1.08779096e+00  3.57029136e-01]
 [ 1.08698328e+00  3.51826010e-01]
 [ 1.08999009e+00  3.41362871e-01]
 [ 1.08982730e+00  3.35404288e-01]
 [ 1.09576439e+00  3.29823603e-01]
 [ 1.09482937e+00  3.27656064e-01]
 [ 1.10252336e+00  3.26994579e-01]
 [ 1.10344797e+00  3.15906914e-01]
 [ 1.10183197e+00  3.08675089e-01]
 [ 1.10662504e+00  2.99426234e-01]
 [ 1.11119828e+00  2.92797876e-01]
 [ 1.11601591e+00  2.72351206e-01]
 [ 1.11851196e+00  2.68326618e-01]
 [ 1.12443711e+00  2.59757614e-01]
 [ 1.12383098e+00  2.57296104e-01]
 [ 1.12578149e+00  2.51508521e-01]
 [ 1.13169380e+00  2.42831208e-01]
 [ 1.13501521e+00  2.34800044e-01]
 [ 1.13432259e+00  2.27787791e-01]
 [ 1.13673163e+00  2.20776458e-01]
 [ 1.13970013e+00  2.14667548e-01]
 [ 1.14786576e+00  1.98053943e-01]
 [ 1.15074430e+00  1.92098992e-01]
 [ 1.15234713e+00  1.83043226e-01]
 [ 1.15328365e+00  1.78235461e-01]
 [ 1.15524566e+00  1.71459920e-01]
 [ 1.16030235e+00  1.61630322e-01]
 [ 1.16268773e+00  1.53629526e-01]
 [ 1.16561613e+00  1.43169473e-01]
 [ 1.17078050e+00  1.38257266e-01]
 [ 1.17193985e+00  1.28014391e-01]
 [ 1.17439598e+00  1.14539417e-01]
 [ 1.17500695e+00  1.10556741e-01]
 [ 1.17698232e+00  1.04948973e-01]
 [ 1.17837614e+00  9.95596671e-02]
 [ 1.18123348e+00  8.97420830e-02]
 [ 1.18388735e+00  9.00069748e-02]
 [ 1.18575972e+00  8.08518353e-02]
 [ 1.18796461e+00  7.06334664e-02]
 [ 1.19306634e+00  6.53278689e-02]
 [ 1.19187619e+00  5.47205811e-02]
 [ 1.19335324e+00  4.60690558e-02]
 [ 1.19767886e+00  3.62760335e-02]
 [ 1.19895825e+00  2.79076318e-02]
 [ 1.20107244e+00  2.05977967e-02]
 [ 1.20174772e+00  1.78768832e-02]
 [ 1.20390238e+00  9.10320411e-03]
 [ 1.20407056e+00  7.82395663e-03]
 [ 1.20568845e+00 -6.30569915e-04]
 [ 1.20602559e+00 -1.01867096e-03]
 [ 1.21269166e+00 -1.80075682e-02]
 [ 1.21275832e+00 -2.38020644e-02]
 [ 1.21470121e+00 -3.10960041e-02]
 [ 1.21559057e+00 -3.41541102e-02]
 [ 1.21784312e+00 -4.30310093e-02]
 [ 1.22222565e+00 -4.91759629e-02]
 [ 1.22346235e+00 -5.73248273e-02]
 [ 1.22499602e+00 -6.27270232e-02]
 [ 1.22614807e+00 -6.66274509e-02]
 [ 1.22785375e+00 -7.26391554e-02]
 [ 1.23300688e+00 -7.96656208e-02]
 [ 1.23125077e+00 -8.18084395e-02]
 [ 1.23160365e+00 -8.49977656e-02]
 [ 1.23930415e+00 -9.56190143e-02]
 [ 1.24217203e+00 -1.07647965e-01]
 [ 1.24983130e+00 -1.11877632e-01]
 [ 1.25666619e+00 -1.23773066e-01]
 [ 1.26421486e+00 -1.28948918e-01]
 [ 1.27270451e+00 -1.31003018e-01]
 [ 1.28103548e+00 -1.31630779e-01]
 [ 1.28727113e+00 -1.34229927e-01]]",18,70
0.007668256228407036,0.007159007313177807,0.024461908088134643,0.9955,3.752853592933839,3.7645552120219694,0.9968916330269885,2000,256,"[[9.99884127e-01 4.36478107e-01 4.86141534e-01 4.71164096e-01
  4.96402703e-01 6.39246819e-01]
 [9.99884127e-01 4.54017929e-01 4.86141534e-01 4.71164096e-01
  4.96402703e-01 6.39246819e-01]
 [9.99884127e-01 4.69547493e-01 4.83393851e-01 4.62172660e-01
  5.12774619e-01 5.55331423e-01]
 ...
 [1.71421860e-04 4.14902383e-01 5.24816724e-01 4.86967768e-01
  5.23557858e-01 5.08152047e-01]
 [7.49234805e-04 4.48587015e-01 5.18469330e-01 4.11496019e-01
  4.72621830e-01 5.01870169e-01]
 [7.45212130e-05 4.49974025e-01 5.43654358e-01 3.95894381e-01
  5.54971724e-01 5.70039478e-01]]","[[-0.09730832  1.12444137]
 [-0.09662867  1.12306449]
 [-0.09610691  1.10476841]
 [-0.09467762  1.10019385]
 [-0.08753119  1.09558107]
 [-0.08659338  1.09558279]
 [-0.07821503  1.09418776]
 [-0.07811276  1.0941748 ]
 [-0.06365741  1.09630897]
 [-0.05967558  1.09460219]
 [-0.05387679  1.09191242]
 [-0.05267811  1.09160037]
 [-0.04314323  1.0895897 ]
 [-0.0363155   1.08972536]
 [-0.03136189  1.09016181]
 [-0.02810358  1.08815572]
 [-0.01599143  1.08586688]
 [-0.0140937   1.0844795 ]
 [-0.00230057  1.08550209]
 [-0.00222623  1.08545345]
 [ 0.0054123   1.08145063]
 [ 0.00505941  1.07968353]
 [ 0.02393154  1.07886768]
 [ 0.03129295  1.07575043]
 [ 0.04075745  1.07586101]
 [ 0.04488297  1.072289  ]
 [ 0.05364355  1.07405578]
 [ 0.06105917  1.06833898]
 [ 0.06692666  1.0681579 ]
 [ 0.07961115  1.06482784]
 [ 0.08343695  1.06194117]
 [ 0.09662324  1.06075043]
 [ 0.10534562  1.05675326]
 [ 0.11188151  1.05878722]
 [ 0.11773397  1.0558309 ]
 [ 0.12738867  1.05309548]
 [ 0.13295853  1.05195304]
 [ 0.1392382   1.048669  ]
 [ 0.14512758  1.0484778 ]
 [ 0.15349361  1.04555729]
 [ 0.16928116  1.04554633]
 [ 0.17596968  1.03946611]
 [ 0.18581177  1.03671244]
 [ 0.19811373  1.03226554]
 [ 0.20396456  1.03128596]
 [ 0.21428067  1.02885504]
 [ 0.2213867   1.02618768]
 [ 0.22948685  1.02514055]
 [ 0.23902706  1.02225207]
 [ 0.24714827  1.01739239]
 [ 0.25498896  1.01567239]
 [ 0.26278335  1.01300502]
 [ 0.26953359  1.01029949]
 [ 0.27509946  1.00880235]
 [ 0.28745894  1.00524478]
 [ 0.2946574   1.00186741]
 [ 0.29815658  1.00114311]
 [ 0.30749271  0.9999338 ]
 [ 0.3118652   0.99475969]
 [ 0.31695129  0.99409832]
 [ 0.32837674  0.99201144]
 [ 0.33280738  0.98783719]
 [ 0.33612556  0.987977  ]
 [ 0.34279258  0.98567361]
 [ 0.34911545  0.98231328]
 [ 0.35261871  0.98007334]
 [ 0.35725912  0.97740873]
 [ 0.36702711  0.97580905]
 [ 0.37374954  0.97316039]
 [ 0.37652952  0.96954971]
 [ 0.38361832  0.96849059]
 [ 0.39084471  0.96500427]
 [ 0.3955118   0.96154809]
 [ 0.40176101  0.95861565]
 [ 0.41012907  0.95520515]
 [ 0.41357678  0.95437262]
 [ 0.42554543  0.94958126]
 [ 0.42894336  0.94860154]
 [ 0.4368173   0.94574498]
 [ 0.44633367  0.94356096]
 [ 0.44992982  0.93944676]
 [ 0.45192321  0.93648678]
 [ 0.45652397  0.9344403 ]
 [ 0.46088316  0.93138805]
 [ 0.46665068  0.92932952]
 [ 0.47713503  0.92275257]
 [ 0.47941377  0.92305713]
 [ 0.48494439  0.91876827]
 [ 0.49221653  0.91517091]
 [ 0.49871681  0.91173948]
 [ 0.5027386   0.91296549]
 [ 0.50803687  0.90770232]
 [ 0.51272222  0.90542528]
 [ 0.51435464  0.90451827]
 [ 0.52000498  0.90211914]
 [ 0.52184602  0.9003287 ]
 [ 0.52725091  0.89612246]
 [ 0.52922254  0.89575707]
 [ 0.5350751   0.89184066]
 [ 0.53902918  0.88881148]
 [ 0.54535739  0.88588893]
 [ 0.55300071  0.88172558]
 [ 0.55973285  0.87640503]
 [ 0.57085073  0.86755805]
 [ 0.57298088  0.86804375]
 [ 0.57898685  0.86474531]
 [ 0.58083953  0.86425906]
 [ 0.58588994  0.86029027]
 [ 0.59110174  0.85449684]
 [ 0.59752525  0.85174241]
 [ 0.60393559  0.84749007]
 [ 0.6080845   0.84393273]
 [ 0.6124804   0.84102131]
 [ 0.61705973  0.83738716]
 [ 0.62436259  0.83597575]
 [ 0.62991412  0.8274356 ]
 [ 0.63407809  0.82494081]
 [ 0.63911114  0.82432244]
 [ 0.64369466  0.81899609]
 [ 0.64499118  0.81821808]
 [ 0.65348679  0.81007676]
 [ 0.65495946  0.80873859]
 [ 0.65919255  0.80527693]
 [ 0.66463559  0.79971287]
 [ 0.6697602   0.79559272]
 [ 0.67195919  0.79581966]
 [ 0.68050707  0.79088113]
 [ 0.68988345  0.78014657]
 [ 0.69503956  0.77389533]
 [ 0.70372786  0.76948054]
 [ 0.70968585  0.76229601]
 [ 0.71607522  0.75645724]
 [ 0.72069513  0.75098423]
 [ 0.72460915  0.7467055 ]
 [ 0.73164422  0.74189659]
 [ 0.73412876  0.73691461]
 [ 0.74023753  0.73135572]
 [ 0.74082708  0.73076316]
 [ 0.75063006  0.7227    ]
 [ 0.7542673   0.71777929]
 [ 0.76069285  0.71054209]
 [ 0.76990916  0.70148322]
 [ 0.77618213  0.69428551]
 [ 0.77964688  0.6910329 ]
 [ 0.78398298  0.68696131]
 [ 0.78767258  0.68071033]
 [ 0.7902055   0.6776882 ]
 [ 0.79738273  0.67177564]
 [ 0.80277453  0.66588492]
 [ 0.81133247  0.66335861]
 [ 0.81289913  0.65373814]
 [ 0.81650492  0.64774108]
 [ 0.81699985  0.64439328]
 [ 0.82214637  0.63957641]
 [ 0.82612677  0.63309383]
 [ 0.83108483  0.62966404]
 [ 0.83327918  0.62360478]
 [ 0.83906836  0.62042885]
 [ 0.84168029  0.6155521 ]
 [ 0.84416913  0.61093549]
 [ 0.84753184  0.60466512]
 [ 0.84944174  0.60172904]
 [ 0.85685086  0.59189635]
 [ 0.8627511   0.58277543]
 [ 0.86876328  0.57888861]
 [ 0.87594488  0.562219  ]
 [ 0.87944832  0.55724202]
 [ 0.88400673  0.55195125]
 [ 0.89000279  0.54346093]
 [ 0.89143038  0.53670388]
 [ 0.89466207  0.53069331]
 [ 0.89600066  0.52865225]
 [ 0.89955805  0.52285191]
 [ 0.90391287  0.51566012]
 [ 0.9057147   0.51142498]
 [ 0.91052251  0.50316688]
 [ 0.9115808   0.50033732]
 [ 0.91853653  0.48887033]
 [ 0.92089376  0.48231276]
 [ 0.92776806  0.47548196]
 [ 0.9283478   0.46689411]
 [ 0.93266232  0.46009091]
 [ 0.93330314  0.4599537 ]
 [ 0.93596724  0.45082461]
 [ 0.93904882  0.44539844]
 [ 0.94165649  0.43798863]
 [ 0.94621751  0.43320806]
 [ 0.94858144  0.42311446]
 [ 0.94992417  0.41939946]
 [ 0.95379703  0.41187631]
 [ 0.95638812  0.40440975]
 [ 0.9585784   0.40462417]
 [ 0.9592695   0.39695229]
 [ 0.96137417  0.39415622]
 [ 0.96427203  0.38646813]
 [ 0.96891943  0.37798761]
 [ 0.97058789  0.37225173]
 [ 0.97428657  0.35858241]
 [ 0.97639029  0.35468077]
 [ 0.97733141  0.34946167]
 [ 0.98022361  0.34037837]
 [ 0.98315366  0.3346337 ]
 [ 0.98781178  0.31786668]
 [ 0.98895433  0.31270057]
 [ 0.99200517  0.30203679]
 [ 0.99516094  0.29346119]
 [ 0.99571659  0.29161842]
 [ 0.99820353  0.28308268]
 [ 1.00020441  0.27518708]
 [ 1.0022679   0.26762016]
 [ 1.00366671  0.26112362]
 [ 1.00688757  0.25116036]
 [ 1.00881933  0.24290495]
 [ 1.01068086  0.23504481]
 [ 1.01201218  0.22748161]
 [ 1.01358111  0.22229382]
 [ 1.01516782  0.21388541]
 [ 1.01594926  0.21314584]
 [ 1.01702369  0.2027734 ]
 [ 1.01888625  0.19602884]
 [ 1.0193495   0.19302953]
 [ 1.02118506  0.18409568]
 [ 1.02223413  0.17865154]
 [ 1.02376892  0.17003756]
 [ 1.02463087  0.16423479]
 [ 1.02537573  0.16061076]
 [ 1.02760083  0.14524807]
 [ 1.02856552  0.13984451]
 [ 1.03035391  0.13238755]
 [ 1.03158821  0.12790813]
 [ 1.03210472  0.11671572]
 [ 1.03315304  0.10852609]
 [ 1.0335108   0.10668058]
 [ 1.03421797  0.098637  ]
 [ 1.03590171  0.08428657]
 [ 1.03675582  0.07687369]
 [ 1.03800531  0.06438981]
 [ 1.03898457  0.05293723]
 [ 1.04032738  0.03845647]
 [ 1.04082709  0.02710165]
 [ 1.04145847  0.02511145]
 [ 1.04163931  0.01498767]
 [ 1.04185925  0.01297696]
 [ 1.04222023  0.00320302]
 [ 1.04265201  0.0016504 ]
 [ 1.04328791 -0.02006762]
 [ 1.04383984 -0.02972311]
 [ 1.04367436 -0.04269371]
 [ 1.04402422 -0.04864404]
 [ 1.04480254 -0.05905897]
 [ 1.04697961 -0.06430851]
 [ 1.05059484 -0.06716978]
 [ 1.05469935 -0.06534087]
 [ 1.05780463 -0.070335  ]
 [ 1.06538459 -0.07179284]
 [ 1.08041621 -0.07352649]]",19,70
