GD,IGD,Hausdorff,Recall,HV_pred,HV_gt,HV_ratio,n_pf_gt,n_pareto_x,pareto_X,pareto_Y,seed,n_train
0.006536406576535756,0.006027465674604462,0.042845905986975234,0.9975,3.75396687805525,3.7645552120219694,0.9971873612229399,2000,256,"[[9.99916168e-01 4.90571702e-01 3.88556361e-01 6.12999460e-01
  3.79715820e-01 4.44322755e-01]
 [9.99706276e-01 4.50175372e-01 3.88556361e-01 6.14410633e-01
  3.82890381e-01 4.77954580e-01]
 [9.99614977e-01 4.51570667e-01 4.04875988e-01 6.12475543e-01
  4.42464910e-01 4.24821322e-01]
 ...
 [6.51630629e-03 4.96263429e-01 4.88409408e-01 5.36411647e-01
  5.77433027e-01 4.77879928e-01]
 [2.79674630e-04 4.94540535e-01 4.89074778e-01 4.94408852e-01
  5.97505548e-01 4.56833065e-01]
 [1.64036132e-04 5.04376715e-01 4.77378701e-01 4.26156010e-01
  5.55624484e-01 4.29409602e-01]]","[[-1.40836386e-01  1.16277337e+00]
 [-1.35554651e-01  1.15796881e+00]
 [-1.33168744e-01  1.14476957e+00]
 [-1.35059580e-01  1.13260173e+00]
 [-1.28381341e-01  1.12672901e+00]
 [-1.19580618e-01  1.12821990e+00]
 [-1.14537169e-01  1.12266845e+00]
 [-1.10987972e-01  1.12066974e+00]
 [-1.02151024e-01  1.11523584e+00]
 [-8.79114492e-02  1.11692611e+00]
 [-8.61115781e-02  1.11399897e+00]
 [-8.00219261e-02  1.11163787e+00]
 [-7.40105940e-02  1.11253589e+00]
 [-6.56176239e-02  1.11303092e+00]
 [-5.99548296e-02  1.10775851e+00]
 [-5.62517555e-02  1.10608626e+00]
 [-4.69705193e-02  1.10837895e+00]
 [-4.07380062e-02  1.10237409e+00]
 [-3.09041589e-02  1.09936711e+00]
 [-2.33928469e-02  1.09970639e+00]
 [-1.47391124e-02  1.09540411e+00]
 [-5.67568352e-03  1.09254093e+00]
 [-1.30791469e-03  1.09976425e+00]
 [ 2.77900417e-03  1.08985775e+00]
 [ 1.14432540e-02  1.08712697e+00]
 [ 1.87188503e-02  1.08942221e+00]
 [ 2.44889320e-02  1.08879993e+00]
 [ 3.14952333e-02  1.08407406e+00]
 [ 3.70061983e-02  1.08428566e+00]
 [ 4.23873451e-02  1.08270119e+00]
 [ 5.12334514e-02  1.08555118e+00]
 [ 5.64147691e-02  1.07942206e+00]
 [ 6.80185017e-02  1.07666343e+00]
 [ 7.39233415e-02  1.07666836e+00]
 [ 8.38089888e-02  1.07561834e+00]
 [ 8.91564717e-02  1.07403322e+00]
 [ 9.42373235e-02  1.06957522e+00]
 [ 9.57003913e-02  1.06619489e+00]
 [ 1.04591205e-01  1.06578835e+00]
 [ 1.15477205e-01  1.05881610e+00]
 [ 1.22832255e-01  1.05887603e+00]
 [ 1.23651749e-01  1.05832460e+00]
 [ 1.32607851e-01  1.05671101e+00]
 [ 1.41336970e-01  1.05351764e+00]
 [ 1.51211537e-01  1.04902423e+00]
 [ 1.59903002e-01  1.04934120e+00]
 [ 1.66197212e-01  1.04359473e+00]
 [ 1.73373253e-01  1.04223725e+00]
 [ 1.85883432e-01  1.03687093e+00]
 [ 1.96360084e-01  1.03335374e+00]
 [ 2.07354138e-01  1.03079647e+00]
 [ 2.07354138e-01  1.03079647e+00]
 [ 2.16064352e-01  1.03073792e+00]
 [ 2.22644283e-01  1.02868931e+00]
 [ 2.29033703e-01  1.02594823e+00]
 [ 2.35163859e-01  1.02361486e+00]
 [ 2.36955265e-01  1.02176032e+00]
 [ 2.45230028e-01  1.02280097e+00]
 [ 2.51379995e-01  1.01719948e+00]
 [ 2.54465468e-01  1.01732916e+00]
 [ 2.64969853e-01  1.01170968e+00]
 [ 2.82718864e-01  1.00508298e+00]
 [ 2.93216723e-01  1.00262161e+00]
 [ 2.99756679e-01  1.00009515e+00]
 [ 3.06288234e-01  9.99131268e-01]
 [ 3.09550008e-01  9.95081809e-01]
 [ 3.22075926e-01  9.91152376e-01]
 [ 3.28748055e-01  9.89837366e-01]
 [ 3.29820570e-01  9.87685586e-01]
 [ 3.36582671e-01  9.85755925e-01]
 [ 3.42326835e-01  9.83358398e-01]
 [ 3.49034797e-01  9.81917871e-01]
 [ 3.58366162e-01  9.76658845e-01]
 [ 3.66636483e-01  9.76538241e-01]
 [ 3.75309918e-01  9.70412529e-01]
 [ 3.88004111e-01  9.64406099e-01]
 [ 3.93888163e-01  9.61813127e-01]
 [ 3.99746163e-01  9.57805213e-01]
 [ 4.03390988e-01  9.58012312e-01]
 [ 4.15809981e-01  9.50918775e-01]
 [ 4.21944759e-01  9.47889632e-01]
 [ 4.25560001e-01  9.47990184e-01]
 [ 4.30952531e-01  9.43642410e-01]
 [ 4.40471992e-01  9.42702691e-01]
 [ 4.49595351e-01  9.36085982e-01]
 [ 4.55310904e-01  9.32364489e-01]
 [ 4.59626628e-01  9.30580161e-01]
 [ 4.64705079e-01  9.26861554e-01]
 [ 4.67008224e-01  9.27581252e-01]
 [ 4.73621290e-01  9.24365066e-01]
 [ 4.74185590e-01  9.22760514e-01]
 [ 4.80734201e-01  9.19459939e-01]
 [ 4.80764135e-01  9.19445198e-01]
 [ 4.88313284e-01  9.16325860e-01]
 [ 4.98951217e-01  9.09839722e-01]
 [ 5.02931878e-01  9.06873204e-01]
 [ 5.06606539e-01  9.05089752e-01]
 [ 5.16197149e-01  8.99686620e-01]
 [ 5.22070495e-01  8.96095002e-01]
 [ 5.27876809e-01  8.92726115e-01]
 [ 5.34883387e-01  8.87854627e-01]
 [ 5.40200821e-01  8.89922223e-01]
 [ 5.47595146e-01  8.81079778e-01]
 [ 5.53108545e-01  8.78843341e-01]
 [ 5.57317243e-01  8.74482086e-01]
 [ 5.63735275e-01  8.73404860e-01]
 [ 5.69267240e-01  8.67363520e-01]
 [ 5.73790686e-01  8.66832531e-01]
 [ 5.77177160e-01  8.62599137e-01]
 [ 5.86195926e-01  8.57001357e-01]
 [ 5.92912697e-01  8.51050126e-01]
 [ 5.98596105e-01  8.48064883e-01]
 [ 6.01139416e-01  8.47424804e-01]
 [ 6.07592007e-01  8.44267189e-01]
 [ 6.11492674e-01  8.37650323e-01]
 [ 6.20557747e-01  8.33528824e-01]
 [ 6.21446559e-01  8.33836490e-01]
 [ 6.28727206e-01  8.27667931e-01]
 [ 6.36954733e-01  8.19249716e-01]
 [ 6.44357020e-01  8.16201998e-01]
 [ 6.48674086e-01  8.09571615e-01]
 [ 6.52118153e-01  8.08778718e-01]
 [ 6.59140486e-01  8.03623394e-01]
 [ 6.59647637e-01  8.02572435e-01]
 [ 6.69896549e-01  7.94359606e-01]
 [ 6.70510636e-01  7.93016862e-01]
 [ 6.80365998e-01  7.92622458e-01]
 [ 6.80580622e-01  7.85076146e-01]
 [ 6.86236414e-01  7.79814780e-01]
 [ 6.90209582e-01  7.76523653e-01]
 [ 6.99596661e-01  7.70255669e-01]
 [ 7.04134552e-01  7.66372717e-01]
 [ 7.06758115e-01  7.64727972e-01]
 [ 7.15813106e-01  7.53184584e-01]
 [ 7.22843524e-01  7.52373380e-01]
 [ 7.28125059e-01  7.39238169e-01]
 [ 7.30138403e-01  7.38093723e-01]
 [ 7.36274791e-01  7.30893800e-01]
 [ 7.40543318e-01  7.27941028e-01]
 [ 7.45273928e-01  7.21517481e-01]
 [ 7.57409937e-01  7.10002726e-01]
 [ 7.63762517e-01  7.01631086e-01]
 [ 7.70188701e-01  6.96301141e-01]
 [ 7.72817809e-01  6.93250691e-01]
 [ 7.77018617e-01  6.86972550e-01]
 [ 7.85851894e-01  6.79255873e-01]
 [ 7.87463074e-01  6.75261643e-01]
 [ 7.91360351e-01  6.71605938e-01]
 [ 7.95995106e-01  6.63989224e-01]
 [ 8.01295972e-01  6.58102654e-01]
 [ 8.05738604e-01  6.52271899e-01]
 [ 8.06050818e-01  6.51927163e-01]
 [ 8.11718898e-01  6.44345298e-01]
 [ 8.16942679e-01  6.37238767e-01]
 [ 8.24402019e-01  6.31693337e-01]
 [ 8.25943723e-01  6.28910070e-01]
 [ 8.30836651e-01  6.28004827e-01]
 [ 8.35900969e-01  6.16392904e-01]
 [ 8.36353990e-01  6.11172529e-01]
 [ 8.41103097e-01  6.08896771e-01]
 [ 8.44064722e-01  6.04541099e-01]
 [ 8.42931896e-01  6.01087952e-01]
 [ 8.47289037e-01  5.93917332e-01]
 [ 8.48911799e-01  5.93982531e-01]
 [ 8.52741786e-01  5.87611588e-01]
 [ 8.54750940e-01  5.88245232e-01]
 [ 8.63253129e-01  5.79650861e-01]
 [ 8.67437467e-01  5.72750225e-01]
 [ 8.68819935e-01  5.62859437e-01]
 [ 8.74203000e-01  5.57847302e-01]
 [ 8.75743340e-01  5.49628217e-01]
 [ 8.80410125e-01  5.45267231e-01]
 [ 8.82179416e-01  5.35998946e-01]
 [ 8.87260830e-01  5.35881233e-01]
 [ 8.92156447e-01  5.32872347e-01]
 [ 8.94430681e-01  5.18056110e-01]
 [ 8.98771671e-01  5.13516892e-01]
 [ 9.00283712e-01  5.06401761e-01]
 [ 9.02535239e-01  5.03746971e-01]
 [ 9.06574686e-01  4.97823775e-01]
 [ 9.09373411e-01  4.96654105e-01]
 [ 9.08898410e-01  4.90003183e-01]
 [ 9.15305764e-01  4.82035331e-01]
 [ 9.21717940e-01  4.77210494e-01]
 [ 9.22879673e-01  4.62126711e-01]
 [ 9.30268414e-01  4.48327551e-01]
 [ 9.34855089e-01  4.34860803e-01]
 [ 9.39177422e-01  4.31053653e-01]
 [ 9.42446457e-01  4.26023274e-01]
 [ 9.46726657e-01  4.11935359e-01]
 [ 9.49079921e-01  4.08678236e-01]
 [ 9.51547896e-01  3.96195542e-01]
 [ 9.57052165e-01  3.92001948e-01]
 [ 9.63367289e-01  3.70404893e-01]
 [ 9.65386149e-01  3.61766936e-01]
 [ 9.66616920e-01  3.57153189e-01]
 [ 9.68533879e-01  3.51698094e-01]
 [ 9.70637510e-01  3.46562246e-01]
 [ 9.74209309e-01  3.38700651e-01]
 [ 9.75891968e-01  3.34993555e-01]
 [ 9.77430809e-01  3.29495606e-01]
 [ 9.83000749e-01  3.23213085e-01]
 [ 9.84558230e-01  3.13730594e-01]
 [ 9.87072361e-01  3.03764488e-01]
 [ 9.89927862e-01  2.95505211e-01]
 [ 9.89927862e-01  2.95505211e-01]
 [ 9.95849146e-01  2.85686320e-01]
 [ 9.95597311e-01  2.77261169e-01]
 [ 9.98082875e-01  2.64573378e-01]
 [ 1.00373380e+00  2.55601493e-01]
 [ 1.00488337e+00  2.45482414e-01]
 [ 1.00369981e+00  2.45152128e-01]
 [ 1.00978950e+00  2.36356459e-01]
 [ 1.00948559e+00  2.32242197e-01]
 [ 1.01203808e+00  2.25744622e-01]
 [ 1.01766143e+00  2.09957194e-01]
 [ 1.01879932e+00  2.09079615e-01]
 [ 1.01812875e+00  2.00521225e-01]
 [ 1.01934860e+00  1.89931683e-01]
 [ 1.02193535e+00  1.88482122e-01]
 [ 1.02360417e+00  1.77387741e-01]
 [ 1.02610886e+00  1.69741056e-01]
 [ 1.02804538e+00  1.56939782e-01]
 [ 1.03051846e+00  1.51582938e-01]
 [ 1.03166147e+00  1.42925758e-01]
 [ 1.03297677e+00  1.39186359e-01]
 [ 1.03404973e+00  1.34782991e-01]
 [ 1.03640433e+00  1.22842864e-01]
 [ 1.03765312e+00  1.17104086e-01]
 [ 1.03960921e+00  1.11050671e-01]
 [ 1.04035865e+00  1.07237840e-01]
 [ 1.04297798e+00  9.57420633e-02]
 [ 1.04398461e+00  9.28980565e-02]
 [ 1.04661547e+00  8.21938864e-02]
 [ 1.04737259e+00  7.39741024e-02]
 [ 1.05068548e+00  6.80367410e-02]
 [ 1.05112648e+00  6.52075679e-02]
 [ 1.05255317e+00  5.71022490e-02]
 [ 1.05635568e+00  3.72602837e-02]
 [ 1.05868165e+00  3.00137688e-02]
 [ 1.06167533e+00  2.42991429e-02]
 [ 1.06125092e+00  1.56664993e-02]
 [ 1.06323026e+00  8.88046822e-03]
 [ 1.06530657e+00  3.68339912e-04]
 [ 1.06616455e+00 -1.05741446e-02]
 [ 1.06974672e+00 -1.54782708e-02]
 [ 1.06984182e+00 -1.57114281e-02]
 [ 1.07150929e+00 -2.49530949e-02]
 [ 1.07285718e+00 -3.38958368e-02]
 [ 1.07195098e+00 -3.61495587e-02]
 [ 1.07588436e+00 -5.00920883e-02]
 [ 1.07903621e+00 -5.16110583e-02]
 [ 1.08066760e+00 -6.73509100e-02]
 [ 1.08262375e+00 -8.40396967e-02]
 [ 1.08912583e+00 -9.44335385e-02]
 [ 1.09973827e+00 -9.84489521e-02]]",0,70
0.003195458191850324,0.0035514641045175706,0.03467083252713933,1.0,3.758020550181495,3.7645552120219694,0.998264160976945,2000,256,"[[0.99999015 0.39104179 0.51281914 0.36958252 0.51911253 0.52835938]
 [0.9999571  0.35446433 0.47050044 0.38768208 0.5021131  0.50036193]
 [0.99993582 0.3886471  0.48872137 0.41589083 0.51911924 0.52835938]
 ...
 [0.00141766 0.39194098 0.55426689 0.41725228 0.49060572 0.49405587]
 [0.00141766 0.34088011 0.55423586 0.48367153 0.49104174 0.49402433]
 [0.00159966 0.34955004 0.50960034 0.44156534 0.41855696 0.51473166]]","[[-0.08533707  1.07866752]
 [-0.08185862  1.07799888]
 [-0.0840105   1.06613814]
 [-0.0840105   1.06613814]
 [-0.07659983  1.06224765]
 [-0.08091387  1.05304828]
 [-0.07767533  1.04624031]
 [-0.07652425  1.04221408]
 [-0.07261596  1.03751299]
 [-0.06477554  1.03862262]
 [-0.06281423  1.03469543]
 [-0.05401552  1.03277947]
 [-0.03776787  1.03177625]
 [-0.02954918  1.03184372]
 [-0.02410472  1.02885197]
 [-0.01087637  1.02835087]
 [-0.0034623   1.02872385]
 [ 0.0098207   1.02914604]
 [ 0.01626255  1.02654156]
 [ 0.02338835  1.02683141]
 [ 0.03538383  1.02784516]
 [ 0.03699752  1.02661466]
 [ 0.04596838  1.02584726]
 [ 0.05242372  1.02364793]
 [ 0.06108307  1.02276505]
 [ 0.06281141  1.02317158]
 [ 0.07155658  1.01902078]
 [ 0.0844675   1.01997068]
 [ 0.08757124  1.01882598]
 [ 0.10394944  1.01765164]
 [ 0.11041475  1.01464763]
 [ 0.11808596  1.01480793]
 [ 0.12602635  1.01341823]
 [ 0.12981092  1.01280634]
 [ 0.13951596  1.01326566]
 [ 0.15017943  1.01118223]
 [ 0.15788725  1.00729778]
 [ 0.16641531  1.00505124]
 [ 0.16690988  1.00517501]
 [ 0.17604011  1.00299936]
 [ 0.18447719  1.003208  ]
 [ 0.18947529  1.00341267]
 [ 0.19362782  1.00201415]
 [ 0.20294033  0.99716691]
 [ 0.21100521  0.99631138]
 [ 0.21783295  0.99519888]
 [ 0.22365835  0.99355232]
 [ 0.23408776  0.99378049]
 [ 0.23896801  0.99002208]
 [ 0.24095742  0.98872499]
 [ 0.25730074  0.98531191]
 [ 0.25945464  0.98386834]
 [ 0.2671739   0.98197923]
 [ 0.27194471  0.9813533 ]
 [ 0.28166407  0.97881881]
 [ 0.28617     0.97637321]
 [ 0.29194071  0.97459214]
 [ 0.30240266  0.97265173]
 [ 0.30534554  0.97071035]
 [ 0.3190716   0.9700418 ]
 [ 0.32198282  0.96865171]
 [ 0.32641313  0.96476312]
 [ 0.33161584  0.96199101]
 [ 0.34194424  0.95886028]
 [ 0.35147698  0.95676846]
 [ 0.3564035   0.95404004]
 [ 0.36207063  0.9515734 ]
 [ 0.36878218  0.94918994]
 [ 0.3754617   0.94733949]
 [ 0.3826942   0.94429805]
 [ 0.38557305  0.94288807]
 [ 0.39351361  0.94230145]
 [ 0.40874205  0.93490573]
 [ 0.41324735  0.93175981]
 [ 0.42006211  0.92869688]
 [ 0.42156809  0.92827517]
 [ 0.42940158  0.92545417]
 [ 0.43734953  0.92232062]
 [ 0.44061144  0.92013628]
 [ 0.44554948  0.91747755]
 [ 0.44894474  0.91632065]
 [ 0.4544155   0.91378366]
 [ 0.46155687  0.91113081]
 [ 0.46587387  0.90839725]
 [ 0.4771845   0.90283248]
 [ 0.48684491  0.89785865]
 [ 0.48884225  0.89725401]
 [ 0.49787302  0.89294127]
 [ 0.5037087   0.89008008]
 [ 0.50723153  0.8873454 ]
 [ 0.5122374   0.88447266]
 [ 0.51821521  0.88145619]
 [ 0.5251407   0.87882951]
 [ 0.53015441  0.87451585]
 [ 0.53698988  0.8713672 ]
 [ 0.54285881  0.86736377]
 [ 0.55376952  0.86158152]
 [ 0.55629257  0.86118488]
 [ 0.56158586  0.8560371 ]
 [ 0.56726846  0.85269995]
 [ 0.57248337  0.84998263]
 [ 0.57450734  0.84822325]
 [ 0.58071351  0.84391358]
 [ 0.58656266  0.84049019]
 [ 0.59199474  0.83656832]
 [ 0.60069563  0.83055051]
 [ 0.60491089  0.82898238]
 [ 0.60724194  0.82625416]
 [ 0.61566137  0.82082908]
 [ 0.62374249  0.81644655]
 [ 0.6250227   0.8150129 ]
 [ 0.62961517  0.81336203]
 [ 0.63106806  0.80870606]
 [ 0.63709136  0.80418268]
 [ 0.63953051  0.80347792]
 [ 0.64434535  0.79874584]
 [ 0.64666632  0.79726205]
 [ 0.65235107  0.79359156]
 [ 0.65795952  0.78979936]
 [ 0.65877578  0.78764918]
 [ 0.66242544  0.7847504 ]
 [ 0.67069272  0.7799345 ]
 [ 0.67407858  0.775549  ]
 [ 0.67863649  0.77150191]
 [ 0.68523381  0.76635213]
 [ 0.68646845  0.764213  ]
 [ 0.69124318  0.76076155]
 [ 0.69234526  0.76032806]
 [ 0.69794732  0.7554497 ]
 [ 0.70330758  0.75003231]
 [ 0.70545361  0.74832376]
 [ 0.71175167  0.74603735]
 [ 0.71228154  0.74160932]
 [ 0.71946691  0.73566861]
 [ 0.72276694  0.73309042]
 [ 0.72477094  0.7289577 ]
 [ 0.73196715  0.72206317]
 [ 0.73704169  0.71674912]
 [ 0.74224246  0.71214648]
 [ 0.74308776  0.71172957]
 [ 0.74986691  0.70654421]
 [ 0.75119884  0.70566507]
 [ 0.7531516   0.70004456]
 [ 0.75915877  0.69485596]
 [ 0.76017212  0.69380784]
 [ 0.76295227  0.68959563]
 [ 0.76806676  0.68397771]
 [ 0.77175046  0.68026331]
 [ 0.77389888  0.67739337]
 [ 0.77615819  0.67494899]
 [ 0.78001522  0.66996765]
 [ 0.78272763  0.66728808]
 [ 0.78632877  0.66308424]
 [ 0.79086229  0.65883052]
 [ 0.79374435  0.65432726]
 [ 0.79739857  0.65196908]
 [ 0.79881089  0.64778626]
 [ 0.80156844  0.64581667]
 [ 0.80732177  0.63728096]
 [ 0.80895169  0.63438612]
 [ 0.81148863  0.63133955]
 [ 0.81844279  0.62152666]
 [ 0.82098614  0.61770238]
 [ 0.82711722  0.6111966 ]
 [ 0.83114805  0.60505811]
 [ 0.83759647  0.59420143]
 [ 0.84111428  0.5896596 ]
 [ 0.85221068  0.57735946]
 [ 0.8548929   0.57203305]
 [ 0.85547752  0.5676717 ]
 [ 0.85938976  0.56178084]
 [ 0.86292396  0.55761018]
 [ 0.86414771  0.55309174]
 [ 0.86679873  0.54853961]
 [ 0.86971528  0.5429404 ]
 [ 0.87166538  0.53969564]
 [ 0.87461885  0.53554377]
 [ 0.88019643  0.52776219]
 [ 0.88251008  0.52278565]
 [ 0.89034263  0.51065447]
 [ 0.89288753  0.50625055]
 [ 0.89391874  0.50065795]
 [ 0.89688779  0.49297574]
 [ 0.89688779  0.49297574]
 [ 0.90133249  0.48320955]
 [ 0.90334948  0.47915373]
 [ 0.90522462  0.47603745]
 [ 0.9116405   0.46280268]
 [ 0.91518613  0.45563155]
 [ 0.91518613  0.45563155]
 [ 0.91896356  0.44658256]
 [ 0.92506578  0.43390014]
 [ 0.92734605  0.43389102]
 [ 0.93092342  0.41895354]
 [ 0.93582823  0.40662855]
 [ 0.93827324  0.40089935]
 [ 0.94212041  0.38976436]
 [ 0.94354202  0.38458132]
 [ 0.94397347  0.38081743]
 [ 0.94636173  0.37394769]
 [ 0.9486175   0.36924073]
 [ 0.94932086  0.36536244]
 [ 0.95282172  0.35850785]
 [ 0.95413075  0.35085235]
 [ 0.95748398  0.34487315]
 [ 0.95954599  0.34267609]
 [ 0.96101949  0.33363179]
 [ 0.96349714  0.32498096]
 [ 0.96380329  0.32238795]
 [ 0.96458331  0.31655075]
 [ 0.96655638  0.31056726]
 [ 0.96853613  0.30516121]
 [ 0.96994539  0.30262382]
 [ 0.97119306  0.29667712]
 [ 0.97180024  0.29182768]
 [ 0.97793964  0.27594157]
 [ 0.97754127  0.26643952]
 [ 0.98107143  0.26086757]
 [ 0.98170745  0.25075181]
 [ 0.98425557  0.24495496]
 [ 0.98468095  0.24438238]
 [ 0.98475864  0.23428249]
 [ 0.98674637  0.22559452]
 [ 0.98803092  0.22251148]
 [ 0.98904451  0.21349521]
 [ 0.99062784  0.21245169]
 [ 0.99144958  0.20077425]
 [ 0.99211292  0.19880349]
 [ 0.99648266  0.18048807]
 [ 0.9975893   0.1696318 ]
 [ 1.00062856  0.1552475 ]
 [ 1.0008517   0.14777457]
 [ 1.00238642  0.141969  ]
 [ 1.00291918  0.13828598]
 [ 1.00360544  0.12742207]
 [ 1.00486038  0.12414875]
 [ 1.00656045  0.11227774]
 [ 1.00720054  0.11195339]
 [ 1.00649473  0.10295936]
 [ 1.00779697  0.09950148]
 [ 1.00760098  0.09237209]
 [ 1.01012863  0.08060464]
 [ 1.01113162  0.06680516]
 [ 1.01479592  0.05258322]
 [ 1.01474971  0.05087554]
 [ 1.01605805  0.03321016]
 [ 1.01567648  0.02546261]
 [ 1.01524698  0.02058901]
 [ 1.01841991  0.01528334]
 [ 1.01888123  0.01468328]
 [ 1.01884657  0.00449931]
 [ 1.02651461  0.0048407 ]
 [ 1.02914463  0.00123302]
 [ 1.0352937   0.00120338]
 [ 1.04159161  0.00115338]
 [ 1.05140143 -0.00341685]]",1,70
0.02776741418069744,0.033696533494223586,0.16406501476705246,0.3405,3.726098929186739,3.7645552120219694,0.9897846410345075,2000,256,"[[9.99986191e-01 5.94958726e-01 4.96185453e-01 5.90781218e-01
  5.10362792e-01 2.86773692e-01]
 [9.99985283e-01 6.12285853e-01 4.68001546e-01 5.64280616e-01
  5.36197158e-01 3.35383274e-01]
 [9.99912871e-01 6.06800150e-01 5.41805410e-01 5.02487932e-01
  5.46803923e-01 3.43643264e-01]
 ...
 [4.71572602e-04 4.75191288e-01 5.15379397e-01 5.77903359e-01
  5.27434442e-01 4.25717736e-01]
 [1.80195291e-05 4.72718427e-01 5.21460615e-01 5.78611920e-01
  5.33451375e-01 4.25724054e-01]
 [4.71572602e-04 4.59628474e-01 4.75728682e-01 5.11319814e-01
  4.78045228e-01 4.53087051e-01]]","[[-3.01002459e-02  1.23068616e+00]
 [-3.37518082e-02  1.21772175e+00]
 [-3.31727023e-02  1.20618042e+00]
 [-3.25618041e-02  1.20608452e+00]
 [-3.42415847e-02  1.19644406e+00]
 [-2.59939397e-02  1.17841185e+00]
 [-3.16320985e-02  1.17419682e+00]
 [-2.73285085e-02  1.16832091e+00]
 [-1.34716175e-02  1.17629666e+00]
 [-1.30272183e-02  1.16597568e+00]
 [-6.10828387e-03  1.16271713e+00]
 [ 7.88443964e-04  1.16027405e+00]
 [ 1.14042266e-02  1.16377637e+00]
 [ 1.54212133e-02  1.15451222e+00]
 [ 1.86170203e-02  1.15158493e+00]
 [ 2.04180639e-02  1.15281871e+00]
 [ 3.19866799e-02  1.14840683e+00]
 [ 3.38174231e-02  1.14692470e+00]
 [ 3.97402295e-02  1.14370508e+00]
 [ 4.68422037e-02  1.14064133e+00]
 [ 5.36332920e-02  1.14066720e+00]
 [ 5.64162366e-02  1.14122599e+00]
 [ 6.49219266e-02  1.14007242e+00]
 [ 7.39080558e-02  1.13618587e+00]
 [ 8.09275687e-02  1.13335900e+00]
 [ 8.57832832e-02  1.13072520e+00]
 [ 9.85615459e-02  1.12591393e+00]
 [ 1.01164293e-01  1.12307107e+00]
 [ 1.10277301e-01  1.12336065e+00]
 [ 1.17992145e-01  1.12098591e+00]
 [ 1.27926306e-01  1.11569071e+00]
 [ 1.30020865e-01  1.11498487e+00]
 [ 1.37877643e-01  1.11291158e+00]
 [ 1.46326991e-01  1.11015428e+00]
 [ 1.46049853e-01  1.10885367e+00]
 [ 1.57876851e-01  1.10408168e+00]
 [ 1.70396057e-01  1.09904618e+00]
 [ 1.84624530e-01  1.10220153e+00]
 [ 1.88277909e-01  1.09398994e+00]
 [ 1.98650207e-01  1.08903920e+00]
 [ 1.99496007e-01  1.09226456e+00]
 [ 2.07553758e-01  1.08667135e+00]
 [ 2.07558706e-01  1.08696611e+00]
 [ 2.16565655e-01  1.08496714e+00]
 [ 2.26884360e-01  1.07945778e+00]
 [ 2.32548927e-01  1.07940364e+00]
 [ 2.44538881e-01  1.07482421e+00]
 [ 2.44043139e-01  1.07570909e+00]
 [ 2.52466134e-01  1.07234191e+00]
 [ 2.59804091e-01  1.07158792e+00]
 [ 2.67726287e-01  1.06640510e+00]
 [ 2.68180925e-01  1.06730806e+00]
 [ 2.74928876e-01  1.06576991e+00]
 [ 2.78877808e-01  1.06268873e+00]
 [ 2.90510187e-01  1.06104358e+00]
 [ 2.96187000e-01  1.05801624e+00]
 [ 3.00767660e-01  1.05914186e+00]
 [ 3.10893885e-01  1.05072756e+00]
 [ 3.15312593e-01  1.06002147e+00]
 [ 3.17385765e-01  1.05108312e+00]
 [ 3.25683691e-01  1.05008202e+00]
 [ 3.33276024e-01  1.04439644e+00]
 [ 3.42756143e-01  1.04168899e+00]
 [ 3.42746582e-01  1.04164257e+00]
 [ 3.51516441e-01  1.04625131e+00]
 [ 3.51418605e-01  1.03763534e+00]
 [ 3.56445845e-01  1.03552229e+00]
 [ 3.67354095e-01  1.03831754e+00]
 [ 3.66534409e-01  1.03427943e+00]
 [ 3.76640501e-01  1.02949590e+00]
 [ 3.81931249e-01  1.02928265e+00]
 [ 3.87083269e-01  1.02988532e+00]
 [ 3.90857321e-01  1.02500152e+00]
 [ 3.98848985e-01  1.02672313e+00]
 [ 4.02901100e-01  1.01952681e+00]
 [ 4.06693393e-01  1.02049972e+00]
 [ 4.14708165e-01  1.01555362e+00]
 [ 4.21039352e-01  1.01550617e+00]
 [ 4.23910471e-01  1.01525575e+00]
 [ 4.28751701e-01  1.00836131e+00]
 [ 4.30743032e-01  1.00857679e+00]
 [ 4.37468170e-01  1.00510548e+00]
 [ 4.44048698e-01  1.00291558e+00]
 [ 4.52957885e-01  9.98543109e-01]
 [ 4.59363973e-01  1.00365304e+00]
 [ 4.66120615e-01  1.00594142e+00]
 [ 4.68490699e-01  9.93592978e-01]
 [ 4.75281720e-01  9.93630423e-01]
 [ 4.88212448e-01  9.89826783e-01]
 [ 4.95505150e-01  9.87042274e-01]
 [ 5.06170717e-01  9.81440987e-01]
 [ 5.08267519e-01  9.78087114e-01]
 [ 5.14976433e-01  9.77284804e-01]
 [ 5.13389372e-01  9.76011750e-01]
 [ 5.19257320e-01  9.74021993e-01]
 [ 5.28617288e-01  9.72580211e-01]
 [ 5.33273851e-01  9.67366205e-01]
 [ 5.41008808e-01  9.59230231e-01]
 [ 5.48216747e-01  9.59626097e-01]
 [ 5.55672839e-01  9.56971348e-01]
 [ 5.55974875e-01  9.54959363e-01]
 [ 5.63867719e-01  9.53112257e-01]
 [ 5.69187571e-01  9.48609340e-01]
 [ 5.71550422e-01  9.43597794e-01]
 [ 5.82820288e-01  9.44632311e-01]
 [ 5.83122336e-01  9.41331692e-01]
 [ 5.86770272e-01  9.36822471e-01]
 [ 5.90681195e-01  9.39811255e-01]
 [ 5.96626696e-01  9.37884116e-01]
 [ 6.04203031e-01  9.33125851e-01]
 [ 6.09551303e-01  9.24429824e-01]
 [ 6.21595339e-01  9.34608447e-01]
 [ 6.13855215e-01  9.20509737e-01]
 [ 6.30124000e-01  9.27922431e-01]
 [ 6.25178816e-01  9.16969724e-01]
 [ 6.26790209e-01  9.14787307e-01]
 [ 6.31541502e-01  9.18477010e-01]
 [ 6.35535241e-01  9.16141881e-01]
 [ 6.37281106e-01  9.13156547e-01]
 [ 6.44864894e-01  9.07596825e-01]
 [ 6.53276758e-01  9.07356544e-01]
 [ 6.58388111e-01  9.03128574e-01]
 [ 6.58187669e-01  9.00673698e-01]
 [ 6.61986219e-01  8.91667372e-01]
 [ 6.69519657e-01  8.94917337e-01]
 [ 6.72410464e-01  8.84089337e-01]
 [ 6.77698447e-01  8.83523161e-01]
 [ 6.82332169e-01  8.76049728e-01]
 [ 6.88954037e-01  8.69042080e-01]
 [ 6.99173139e-01  8.76929481e-01]
 [ 7.05904120e-01  8.63921161e-01]
 [ 7.12037502e-01  8.60816784e-01]
 [ 7.22763296e-01  8.61248011e-01]
 [ 7.20185584e-01  8.45679694e-01]
 [ 7.33029837e-01  8.52201565e-01]
 [ 7.30679362e-01  8.46392141e-01]
 [ 7.30735507e-01  8.41693050e-01]
 [ 7.40100563e-01  8.33911239e-01]
 [ 7.45567105e-01  8.26923374e-01]
 [ 7.52606055e-01  8.24269995e-01]
 [ 7.56402065e-01  8.26237715e-01]
 [ 7.57434486e-01  8.18054317e-01]
 [ 7.58172734e-01  8.15123864e-01]
 [ 7.69091897e-01  8.08974016e-01]
 [ 7.75566779e-01  8.01728058e-01]
 [ 7.80880531e-01  7.93209593e-01]
 [ 7.83556619e-01  7.90689640e-01]
 [ 7.88632599e-01  7.89660433e-01]
 [ 7.89104906e-01  7.86008419e-01]
 [ 8.02595615e-01  7.94111927e-01]
 [ 8.00566838e-01  7.84775117e-01]
 [ 8.09905165e-01  7.82031105e-01]
 [ 8.09061595e-01  7.77252427e-01]
 [ 8.19483975e-01  7.73100261e-01]
 [ 8.24737655e-01  7.68373994e-01]
 [ 8.23209193e-01  7.62921780e-01]
 [ 8.27886335e-01  7.57708716e-01]
 [ 8.33320328e-01  7.52451743e-01]
 [ 8.39372657e-01  7.53361232e-01]
 [ 8.42493482e-01  7.50954589e-01]
 [ 8.38363540e-01  7.40582899e-01]
 [ 8.46143581e-01  7.36989027e-01]
 [ 8.51548416e-01  7.25290147e-01]
 [ 8.62114777e-01  7.29827054e-01]
 [ 8.65038668e-01  7.24201469e-01]
 [ 8.72024665e-01  7.25194971e-01]
 [ 8.72992411e-01  7.22870333e-01]
 [ 8.79951823e-01  7.10667422e-01]
 [ 8.80918194e-01  7.00159624e-01]
 [ 8.87777041e-01  6.98477418e-01]
 [ 8.92493410e-01  6.89324767e-01]
 [ 8.97879258e-01  6.83908294e-01]
 [ 9.01972092e-01  6.83885119e-01]
 [ 9.01295608e-01  6.80626144e-01]
 [ 9.07573299e-01  6.74562035e-01]
 [ 9.10932992e-01  6.74022329e-01]
 [ 9.11463660e-01  6.70333455e-01]
 [ 9.19589894e-01  6.64422151e-01]
 [ 9.25799375e-01  6.69261675e-01]
 [ 9.35073455e-01  6.45309839e-01]
 [ 9.40973816e-01  6.41451659e-01]
 [ 9.46154543e-01  6.36221852e-01]
 [ 9.47042510e-01  6.33256905e-01]
 [ 9.53458974e-01  6.26791547e-01]
 [ 9.53248129e-01  6.26304164e-01]
 [ 9.60829037e-01  6.24929160e-01]
 [ 9.64674515e-01  6.16323789e-01]
 [ 9.66898588e-01  6.16542237e-01]
 [ 9.73592642e-01  6.05133667e-01]
 [ 9.73439740e-01  6.04872916e-01]
 [ 9.80691504e-01  6.11397780e-01]
 [ 9.86093386e-01  5.95601744e-01]
 [ 9.86074669e-01  5.91064398e-01]
 [ 9.96659138e-01  5.82783417e-01]
 [ 1.00370304e+00  5.88209094e-01]
 [ 1.00831061e+00  5.83227674e-01]
 [ 1.01120738e+00  5.70585897e-01]
 [ 1.01085880e+00  5.63435857e-01]
 [ 1.01761798e+00  5.56359065e-01]
 [ 1.02148817e+00  5.61467644e-01]
 [ 1.02732146e+00  5.62481929e-01]
 [ 1.02647391e+00  5.47648178e-01]
 [ 1.03487459e+00  5.34785872e-01]
 [ 1.03991486e+00  5.27072288e-01]
 [ 1.04417863e+00  5.38224076e-01]
 [ 1.04523064e+00  5.28582917e-01]
 [ 1.04302290e+00  5.24327220e-01]
 [ 1.05122785e+00  5.18220128e-01]
 [ 1.05235056e+00  5.11670567e-01]
 [ 1.05897089e+00  5.02312661e-01]
 [ 1.06625213e+00  4.91091030e-01]
 [ 1.06657325e+00  4.87972267e-01]
 [ 1.07171733e+00  4.82403813e-01]
 [ 1.07088156e+00  4.77824187e-01]
 [ 1.07498556e+00  4.76039644e-01]
 [ 1.08470961e+00  4.68215667e-01]
 [ 1.08519140e+00  4.56469554e-01]
 [ 1.09017458e+00  4.54628438e-01]
 [ 1.09051471e+00  4.48644766e-01]
 [ 1.09047095e+00  4.48679913e-01]
 [ 1.09833127e+00  4.36754474e-01]
 [ 1.10360481e+00  4.26924283e-01]
 [ 1.10499432e+00  4.20852766e-01]
 [ 1.10827727e+00  4.24332398e-01]
 [ 1.11140684e+00  4.17600726e-01]
 [ 1.11524731e+00  4.07808697e-01]
 [ 1.11546089e+00  4.07928309e-01]
 [ 1.14939069e+00  9.22241956e-02]
 [ 1.14985194e+00  7.90195587e-02]
 [ 1.14916968e+00  7.33468895e-02]
 [ 1.15068074e+00  5.83479849e-02]
 [ 1.15287966e+00  5.24719962e-02]
 [ 1.14976725e+00  4.72622271e-02]
 [ 1.14972244e+00  4.04873015e-02]
 [ 1.15215145e+00  3.22355568e-02]
 [ 1.15420302e+00  2.45520462e-02]
 [ 1.15806551e+00  1.28402529e-02]
 [ 1.15380335e+00  4.09524472e-03]
 [ 1.15441933e+00 -4.70202277e-04]
 [ 1.15874737e+00 -7.86818528e-03]
 [ 1.16021272e+00 -1.35890249e-02]
 [ 1.15894755e+00 -1.63594401e-02]
 [ 1.15960813e+00 -1.91638760e-02]
 [ 1.15993710e+00 -2.82656698e-02]
 [ 1.16122937e+00 -3.47997899e-02]
 [ 1.16253926e+00 -3.95689573e-02]
 [ 1.16231321e+00 -4.40570843e-02]
 [ 1.16560299e+00 -5.20420688e-02]
 [ 1.16598852e+00 -5.93857443e-02]
 [ 1.16819581e+00 -6.91336255e-02]
 [ 1.17093663e+00 -7.37191600e-02]
 [ 1.17381973e+00 -7.56456200e-02]
 [ 1.17501930e+00 -8.14206875e-02]
 [ 1.18614981e+00 -8.50251304e-02]
 [ 1.18749978e+00 -8.55558398e-02]
 [ 1.18940663e+00 -9.05573161e-02]]",2,70
0.020271090278192926,0.019255758208346276,0.07556347143944421,0.5465,3.7354970375505303,3.7645552120219694,0.9922811134819765,2000,256,"[[9.99717946e-01 5.22866168e-01 5.01303025e-01 4.87360564e-01
  5.25899178e-01 6.08385109e-01]
 [9.99478508e-01 5.22946696e-01 4.78580759e-01 4.69945556e-01
  5.33921665e-01 5.50923611e-01]
 [9.99478508e-01 5.22946696e-01 5.11314963e-01 4.69945556e-01
  5.33921665e-01 5.50923611e-01]
 ...
 [8.57986093e-03 5.52653452e-01 5.80035013e-01 4.85876436e-01
  5.35221803e-01 5.87104024e-01]
 [3.40698038e-04 5.46556851e-01 5.63505428e-01 4.99413755e-01
  5.14892980e-01 6.03500300e-01]
 [3.40698038e-04 6.03645187e-01 5.52020511e-01 4.95949829e-01
  5.50473531e-01 6.03500300e-01]]","[[-1.35050289e-01  1.19538763e+00]
 [-1.36096975e-01  1.18586338e+00]
 [-1.35038069e-01  1.18465195e+00]
 [-1.30499921e-01  1.17409306e+00]
 [-1.21526885e-01  1.17406597e+00]
 [-1.15025981e-01  1.17329281e+00]
 [-1.08418172e-01  1.18156786e+00]
 [-1.00574845e-01  1.16851582e+00]
 [-9.56242273e-02  1.17631091e+00]
 [-8.99753634e-02  1.17018180e+00]
 [-8.29631092e-02  1.16828625e+00]
 [-7.35519315e-02  1.17435342e+00]
 [-7.27775856e-02  1.16707971e+00]
 [-6.63059799e-02  1.16347119e+00]
 [-6.15904713e-02  1.15387514e+00]
 [-5.85797955e-02  1.16614427e+00]
 [-5.30902513e-02  1.15616714e+00]
 [-5.20877969e-02  1.15815987e+00]
 [-4.44852055e-02  1.15871855e+00]
 [-3.80039921e-02  1.15847981e+00]
 [-3.34345552e-02  1.15274633e+00]
 [-3.19063569e-02  1.15244362e+00]
 [-2.07925438e-02  1.15123577e+00]
 [-2.02761424e-02  1.15147901e+00]
 [-1.22389693e-02  1.14970484e+00]
 [-7.88604427e-03  1.14866776e+00]
 [-4.18549793e-04  1.14499644e+00]
 [ 5.82624147e-03  1.14580709e+00]
 [ 1.40728210e-02  1.14575149e+00]
 [ 1.61334692e-02  1.14630568e+00]
 [ 2.77117148e-02  1.14247006e+00]
 [ 3.70197165e-02  1.13939241e+00]
 [ 3.72395841e-02  1.13940010e+00]
 [ 4.88193846e-02  1.13792113e+00]
 [ 5.75867096e-02  1.13488259e+00]
 [ 6.36756888e-02  1.13398351e+00]
 [ 6.46032909e-02  1.13563435e+00]
 [ 7.82179790e-02  1.13165646e+00]
 [ 8.83906151e-02  1.13151147e+00]
 [ 9.61559246e-02  1.12722728e+00]
 [ 1.05287884e-01  1.12221559e+00]
 [ 1.08236777e-01  1.12461109e+00]
 [ 1.17112958e-01  1.12294704e+00]
 [ 1.29367447e-01  1.12050226e+00]
 [ 1.34589046e-01  1.11840188e+00]
 [ 1.38711068e-01  1.11864758e+00]
 [ 1.50830435e-01  1.11613297e+00]
 [ 1.52118918e-01  1.11598689e+00]
 [ 1.65876501e-01  1.11177523e+00]
 [ 1.65254578e-01  1.11170631e+00]
 [ 1.77833173e-01  1.11144610e+00]
 [ 1.98881628e-01  1.10349495e+00]
 [ 2.04573693e-01  1.10120547e+00]
 [ 2.52344606e-01  1.09018404e+00]
 [ 2.53607944e-01  1.08590911e+00]
 [ 3.02340379e-01  1.06868812e+00]
 [ 3.17125734e-01  1.06206173e+00]
 [ 3.30629645e-01  1.05378043e+00]
 [ 3.35113848e-01  1.05317299e+00]
 [ 3.39657794e-01  1.05523197e+00]
 [ 3.48624341e-01  1.04589951e+00]
 [ 3.55156747e-01  1.04083243e+00]
 [ 3.68431003e-01  1.03364026e+00]
 [ 3.73286202e-01  1.03034814e+00]
 [ 3.76488519e-01  1.03039617e+00]
 [ 3.80888439e-01  1.02837134e+00]
 [ 3.88073632e-01  1.03219850e+00]
 [ 3.93690056e-01  1.02678526e+00]
 [ 3.95378691e-01  1.01895608e+00]
 [ 3.99613069e-01  1.01631381e+00]
 [ 4.10506680e-01  1.01092240e+00]
 [ 4.14088762e-01  1.00588131e+00]
 [ 4.21052018e-01  1.00618923e+00]
 [ 4.25803804e-01  1.00263364e+00]
 [ 4.28132130e-01  9.99949362e-01]
 [ 4.32796797e-01  9.97972466e-01]
 [ 4.38228791e-01  9.95044038e-01]
 [ 4.42129862e-01  9.92612614e-01]
 [ 4.44819261e-01  9.87636487e-01]
 [ 4.50150386e-01  9.87519914e-01]
 [ 4.54239972e-01  9.85135941e-01]
 [ 4.57483831e-01  9.83339341e-01]
 [ 4.62512809e-01  9.86220468e-01]
 [ 4.62513523e-01  9.76353188e-01]
 [ 4.73220138e-01  9.79743839e-01]
 [ 4.74454087e-01  9.75711060e-01]
 [ 4.80145637e-01  9.71005424e-01]
 [ 4.84267556e-01  9.66040336e-01]
 [ 4.84673890e-01  9.64228307e-01]
 [ 4.89843945e-01  9.60994124e-01]
 [ 5.01296011e-01  9.51710561e-01]
 [ 5.08341252e-01  9.49132986e-01]
 [ 5.21043112e-01  9.45055311e-01]
 [ 5.16252259e-01  9.41457381e-01]
 [ 5.20902209e-01  9.38056949e-01]
 [ 5.27113471e-01  9.37382413e-01]
 [ 5.35509482e-01  9.33815724e-01]
 [ 5.37870608e-01  9.29136109e-01]
 [ 5.41152898e-01  9.23481162e-01]
 [ 5.41207639e-01  9.23450183e-01]
 [ 5.49775665e-01  9.19834834e-01]
 [ 5.52814655e-01  9.19603885e-01]
 [ 5.54357414e-01  9.16558599e-01]
 [ 5.58117391e-01  9.12346634e-01]
 [ 5.62280246e-01  9.10751093e-01]
 [ 5.72464379e-01  9.10571378e-01]
 [ 5.72706974e-01  9.02854931e-01]
 [ 5.79018557e-01  8.99928080e-01]
 [ 5.82138606e-01  8.97462634e-01]
 [ 5.86971804e-01  8.93745278e-01]
 [ 5.89722483e-01  8.89034483e-01]
 [ 5.94944233e-01  8.87596841e-01]
 [ 5.98387904e-01  8.85851141e-01]
 [ 6.03213194e-01  8.82132772e-01]
 [ 6.12437010e-01  8.77580262e-01]
 [ 6.22894522e-01  8.73150368e-01]
 [ 6.29306518e-01  8.62085838e-01]
 [ 6.32681459e-01  8.67109748e-01]
 [ 6.40803708e-01  8.64232121e-01]
 [ 6.43734212e-01  8.52263074e-01]
 [ 6.47441024e-01  8.50800677e-01]
 [ 6.52813540e-01  8.53695205e-01]
 [ 6.59812450e-01  8.54043641e-01]
 [ 6.68001509e-01  8.38464409e-01]
 [ 6.70885146e-01  8.37149028e-01]
 [ 6.76276153e-01  8.35165285e-01]
 [ 6.86928615e-01  8.30294916e-01]
 [ 6.88867285e-01  8.26282806e-01]
 [ 6.97555791e-01  8.24063150e-01]
 [ 7.03283272e-01  8.21602777e-01]
 [ 7.10800629e-01  8.18252931e-01]
 [ 7.13536430e-01  8.14471811e-01]
 [ 7.21470011e-01  8.08282720e-01]
 [ 7.23199724e-01  7.98952018e-01]
 [ 7.34205144e-01  7.99162259e-01]
 [ 7.37849864e-01  7.94481380e-01]
 [ 7.42646191e-01  7.95859028e-01]
 [ 7.48402922e-01  7.89320839e-01]
 [ 7.57950402e-01  7.85498957e-01]
 [ 7.63146176e-01  7.79730618e-01]
 [ 7.68034660e-01  7.77574715e-01]
 [ 7.75043270e-01  7.82611464e-01]
 [ 7.72798609e-01  7.61066187e-01]
 [ 7.87746011e-01  7.58568486e-01]
 [ 7.88802256e-01  7.41557237e-01]
 [ 7.94414241e-01  7.39458474e-01]
 [ 7.99089767e-01  7.34597462e-01]
 [ 8.07547923e-01  7.38802449e-01]
 [ 8.06285675e-01  7.29109790e-01]
 [ 8.10496932e-01  7.30021718e-01]
 [ 8.19651466e-01  7.24359451e-01]
 [ 8.22273186e-01  7.18941429e-01]
 [ 8.33397098e-01  7.20334507e-01]
 [ 8.35148002e-01  7.09933822e-01]
 [ 8.39049508e-01  7.06122490e-01]
 [ 8.44019423e-01  6.91430895e-01]
 [ 8.50283619e-01  6.88728682e-01]
 [ 8.58196524e-01  6.83212302e-01]
 [ 8.60722210e-01  6.80313416e-01]
 [ 8.68426102e-01  6.68261237e-01]
 [ 8.70432840e-01  6.61960731e-01]
 [ 8.76164881e-01  6.41637284e-01]
 [ 8.83153135e-01  6.48839162e-01]
 [ 8.90198548e-01  6.47715917e-01]
 [ 8.86945518e-01  6.25188506e-01]
 [ 8.91989283e-01  6.16571111e-01]
 [ 9.00149052e-01  6.14615792e-01]
 [ 9.01891763e-01  5.96646722e-01]
 [ 9.07320107e-01  6.02531127e-01]
 [ 9.05654536e-01  5.89538390e-01]
 [ 9.13066630e-01  5.83636777e-01]
 [ 9.14551139e-01  5.72452452e-01]
 [ 9.17931569e-01  5.63470998e-01]
 [ 9.24554687e-01  5.67102631e-01]
 [ 9.24917110e-01  5.49146532e-01]
 [ 9.25185883e-01  5.46127427e-01]
 [ 9.29962754e-01  5.35928509e-01]
 [ 9.31513815e-01  5.35008657e-01]
 [ 9.36433734e-01  5.29604989e-01]
 [ 9.36077989e-01  5.26331371e-01]
 [ 9.36452535e-01  5.19767167e-01]
 [ 9.43244091e-01  5.10557644e-01]
 [ 9.43909167e-01  4.98925071e-01]
 [ 9.46346626e-01  4.96352206e-01]
 [ 9.47153591e-01  4.90387227e-01]
 [ 9.47723301e-01  4.84116145e-01]
 [ 9.51597385e-01  4.84721602e-01]
 [ 9.53637350e-01  4.81456447e-01]
 [ 9.53061122e-01  4.71275623e-01]
 [ 9.55324243e-01  4.67120961e-01]
 [ 9.56363250e-01  4.61434125e-01]
 [ 9.57070655e-01  4.56420356e-01]
 [ 9.60389844e-01  4.46080095e-01]
 [ 9.62512786e-01  4.46790642e-01]
 [ 9.63020000e-01  4.32847387e-01]
 [ 9.63686520e-01  4.32328142e-01]
 [ 9.65493998e-01  4.24288804e-01]
 [ 9.69209058e-01  4.19553422e-01]
 [ 9.69324051e-01  4.19408485e-01]
 [ 9.69751893e-01  4.09683809e-01]
 [ 9.73340985e-01  4.05254218e-01]
 [ 9.73448757e-01  3.95917634e-01]
 [ 9.75126821e-01  3.86493183e-01]
 [ 9.76945463e-01  3.79242142e-01]
 [ 9.78788015e-01  3.74166050e-01]
 [ 9.80468867e-01  3.65178634e-01]
 [ 9.82774577e-01  3.58264498e-01]
 [ 9.84043722e-01  3.50250487e-01]
 [ 9.84058215e-01  3.49564003e-01]
 [ 9.87275377e-01  3.38283026e-01]
 [ 9.88266464e-01  3.32131386e-01]
 [ 9.88398475e-01  3.32138894e-01]
 [ 9.89075783e-01  3.23969700e-01]
 [ 9.90765151e-01  3.23094369e-01]
 [ 9.92295186e-01  3.15426859e-01]
 [ 9.94325882e-01  3.03384288e-01]
 [ 9.95546584e-01  3.03847070e-01]
 [ 9.95765248e-01  2.96650634e-01]
 [ 9.98552608e-01  2.84357536e-01]
 [ 9.99568566e-01  2.75038570e-01]
 [ 1.00361232e+00  2.61676122e-01]
 [ 1.00428037e+00  2.53155424e-01]
 [ 1.01135461e+00  2.49583044e-01]
 [ 1.00956375e+00  2.35511088e-01]
 [ 1.01162819e+00  2.28333038e-01]
 [ 1.01148369e+00  2.23344292e-01]
 [ 1.01230029e+00  2.15383191e-01]
 [ 1.01233866e+00  2.15602390e-01]
 [ 1.01458474e+00  2.07172579e-01]
 [ 1.01888531e+00  1.94647968e-01]
 [ 1.01851593e+00  1.87546290e-01]
 [ 1.02834857e+00  1.62336601e-01]
 [ 1.02657906e+00  1.52423927e-01]
 [ 1.02888969e+00  1.40709833e-01]
 [ 1.03502373e+00  1.38894999e-01]
 [ 1.03702355e+00  1.33797693e-01]
 [ 1.03667450e+00  1.23123811e-01]
 [ 1.04076968e+00  1.12438944e-01]
 [ 1.04136761e+00  1.10406533e-01]
 [ 1.04005899e+00  1.00514917e-01]
 [ 1.04279482e+00  8.91704580e-02]
 [ 1.04348399e+00  7.68690431e-02]
 [ 1.04923783e+00  7.54597493e-02]
 [ 1.04705822e+00  7.07926917e-02]
 [ 1.05261929e+00  6.06104615e-02]
 [ 1.05192733e+00  5.44093209e-02]
 [ 1.06370359e+00  4.81746238e-02]
 [ 1.06335309e+00  3.83584430e-02]
 [ 1.06039433e+00  3.20410314e-02]
 [ 1.06262475e+00  1.98729540e-02]
 [ 1.06359007e+00  1.31186052e-02]
 [ 1.06681858e+00 -2.07498742e-03]
 [ 1.08061182e+00 -1.53430632e-02]
 [ 1.08286118e+00 -1.74657465e-02]
 [ 1.08953945e+00 -3.04601320e-02]
 [ 1.09617588e+00 -2.82379843e-02]]",3,70
0.011280280096939144,0.009827662750276514,0.05087560426751279,0.814,3.747953246334322,3.7645552120219694,0.9955899263648398,2000,256,"[[9.98846496e-01 4.48136620e-01 3.64560293e-01 6.37482725e-01
  5.66251172e-01 4.19064436e-01]
 [9.98846496e-01 4.48136620e-01 3.72352992e-01 6.37482725e-01
  5.66251172e-01 4.32167596e-01]
 [9.99493582e-01 5.06741869e-01 4.25411160e-01 6.37482725e-01
  5.07569837e-01 4.33969473e-01]
 ...
 [5.96292864e-05 4.60927332e-01 5.59015504e-01 4.47491334e-01
  5.11541513e-01 5.09279066e-01]
 [5.96292864e-05 4.81659527e-01 5.02119362e-01 4.47491334e-01
  5.11541513e-01 5.09083613e-01]
 [5.96292864e-05 4.81659527e-01 4.47923370e-01 4.43538258e-01
  5.11864644e-01 5.09083613e-01]]","[[-0.08593732  1.21896221]
 [-0.08578524  1.21414292]
 [-0.08735913  1.19978159]
 [-0.0865168   1.19201884]
 [-0.08549778  1.18386393]
 [-0.08345862  1.17846599]
 [-0.07698541  1.17452149]
 [-0.06518327  1.17507589]
 [-0.06184963  1.16979127]
 [-0.05465501  1.16732817]
 [-0.05262962  1.16546478]
 [-0.04366197  1.16158509]
 [-0.03405898  1.15782368]
 [-0.02695348  1.15387534]
 [-0.01561788  1.14985466]
 [-0.01193324  1.14700027]
 [-0.00502159  1.14471232]
 [ 0.00435195  1.14375213]
 [ 0.01249075  1.14036466]
 [ 0.01938697  1.13742918]
 [ 0.0205402   1.13336596]
 [ 0.02972573  1.1318542 ]
 [ 0.03619699  1.12967794]
 [ 0.04407977  1.12755348]
 [ 0.05221888  1.12499381]
 [ 0.05820841  1.11926311]
 [ 0.07011972  1.11593209]
 [ 0.07173271  1.11591542]
 [ 0.08074752  1.11323186]
 [ 0.09390367  1.10904222]
 [ 0.0991416   1.10729084]
 [ 0.10286514  1.10247884]
 [ 0.11078781  1.10266574]
 [ 0.11983268  1.09621669]
 [ 0.1283952   1.09603814]
 [ 0.13249113  1.0911452 ]
 [ 0.14040953  1.08895795]
 [ 0.14509698  1.08812165]
 [ 0.15467354  1.08480075]
 [ 0.15781496  1.084188  ]
 [ 0.16536826  1.08227966]
 [ 0.16608781  1.07993869]
 [ 0.17786864  1.07578937]
 [ 0.18835867  1.07387907]
 [ 0.19595539  1.07121077]
 [ 0.20177357  1.06851871]
 [ 0.2129107   1.06472872]
 [ 0.22012431  1.06158682]
 [ 0.22958189  1.06144681]
 [ 0.2390612   1.05693459]
 [ 0.25449677  1.05208369]
 [ 0.26872898  1.04663492]
 [ 0.27427073  1.04377068]
 [ 0.28174862  1.04085567]
 [ 0.2958172   1.03734605]
 [ 0.30209907  1.03403815]
 [ 0.30932441  1.03199108]
 [ 0.3198832   1.02979577]
 [ 0.32395276  1.02706223]
 [ 0.33062697  1.02457553]
 [ 0.33446994  1.02280331]
 [ 0.34385312  1.02063688]
 [ 0.34724962  1.01931471]
 [ 0.3568951   1.01716666]
 [ 0.36662109  1.01310685]
 [ 0.37964084  1.00867647]
 [ 0.38585049  1.00600978]
 [ 0.39012628  1.00395825]
 [ 0.39723932  1.00126531]
 [ 0.40922597  1.00019146]
 [ 0.41635343  0.99551151]
 [ 0.42432985  0.99418072]
 [ 0.43027073  0.98926548]
 [ 0.43751578  0.98834148]
 [ 0.44170351  0.98668673]
 [ 0.44968862  0.985494  ]
 [ 0.46420027  0.98213047]
 [ 0.46404181  0.97773813]
 [ 0.47725646  0.97427399]
 [ 0.48382078  0.9709759 ]
 [ 0.48736009  0.9669801 ]
 [ 0.49161133  0.96632529]
 [ 0.49692084  0.9638237 ]
 [ 0.50625831  0.95963106]
 [ 0.51164795  0.95690679]
 [ 0.51803424  0.95473965]
 [ 0.52600067  0.95085327]
 [ 0.53335605  0.94730667]
 [ 0.5465603   0.94741104]
 [ 0.54406298  0.94145133]
 [ 0.55067178  0.93774839]
 [ 0.55764643  0.93558176]
 [ 0.56496261  0.931348  ]
 [ 0.57324129  0.92805888]
 [ 0.57707405  0.92342165]
 [ 0.58322731  0.92311806]
 [ 0.59272439  0.92180326]
 [ 0.59887707  0.91342305]
 [ 0.60321025  0.91042143]
 [ 0.61795919  0.90374001]
 [ 0.62235742  0.89820166]
 [ 0.63126208  0.89574402]
 [ 0.63444321  0.89064666]
 [ 0.64495454  0.8828854 ]
 [ 0.64809957  0.88081093]
 [ 0.6555673   0.87829131]
 [ 0.65560781  0.87619009]
 [ 0.66333988  0.87288066]
 [ 0.67023463  0.87010967]
 [ 0.68488619  0.85657141]
 [ 0.69236247  0.85186097]
 [ 0.69849385  0.84929571]
 [ 0.70049074  0.84500142]
 [ 0.70925496  0.83703316]
 [ 0.7153093   0.83444284]
 [ 0.71653701  0.83155449]
 [ 0.72504425  0.82624971]
 [ 0.73560902  0.81527374]
 [ 0.74218919  0.81135829]
 [ 0.74754162  0.80722883]
 [ 0.75295428  0.80728494]
 [ 0.75434517  0.79945824]
 [ 0.7551844   0.79893736]
 [ 0.76060163  0.79144086]
 [ 0.7664813   0.78832188]
 [ 0.77091419  0.78419783]
 [ 0.7733829   0.7799122 ]
 [ 0.77740184  0.77895744]
 [ 0.78107449  0.77376466]
 [ 0.78801253  0.76608159]
 [ 0.7938652   0.76077348]
 [ 0.80398437  0.74912318]
 [ 0.80651501  0.74663372]
 [ 0.813037    0.73965462]
 [ 0.81966558  0.73478419]
 [ 0.82053568  0.72816637]
 [ 0.82672672  0.72350741]
 [ 0.82791336  0.72058301]
 [ 0.8353099   0.71332972]
 [ 0.84133574  0.70944549]
 [ 0.84411256  0.7079985 ]
 [ 0.84609435  0.70089764]
 [ 0.85244642  0.69016703]
 [ 0.85606124  0.68669701]
 [ 0.8585615   0.68351453]
 [ 0.863613    0.67848608]
 [ 0.86529855  0.67565165]
 [ 0.87144013  0.66894227]
 [ 0.87535672  0.66724115]
 [ 0.87958153  0.65818309]
 [ 0.88199173  0.65620762]
 [ 0.88788326  0.64684883]
 [ 0.8934308   0.63762271]
 [ 0.90072878  0.63522499]
 [ 0.9015253   0.62898109]
 [ 0.90827177  0.61865553]
 [ 0.91474631  0.60808542]
 [ 0.91588353  0.60556835]
 [ 0.91984035  0.6011937 ]
 [ 0.92390655  0.59557171]
 [ 0.92778554  0.58634491]
 [ 0.93213781  0.57894602]
 [ 0.93436917  0.57636972]
 [ 0.93927393  0.56751572]
 [ 0.94508831  0.55877144]
 [ 0.94947146  0.55444334]
 [ 0.95286705  0.54597743]
 [ 0.95796979  0.53970808]
 [ 0.95917162  0.53395367]
 [ 0.96375992  0.5286396 ]
 [ 0.9686411   0.52126639]
 [ 0.97593679  0.51942994]
 [ 0.97466584  0.51645617]
 [ 0.97740407  0.50639999]
 [ 0.98018144  0.50071322]
 [ 0.98167693  0.49285217]
 [ 0.98381883  0.49155543]
 [ 0.98758491  0.48280105]
 [ 0.99214787  0.47491609]
 [ 0.99783366  0.46608525]
 [ 1.00160561  0.46230486]
 [ 1.00485287  0.45246456]
 [ 1.00540345  0.44996765]
 [ 1.00747476  0.4434983 ]
 [ 1.013454    0.43758472]
 [ 1.01484926  0.42832013]
 [ 1.01811584  0.42307763]
 [ 1.02518815  0.4116251 ]
 [ 1.02650805  0.40846134]
 [ 1.02912817  0.4016418 ]
 [ 1.03319516  0.38787747]
 [ 1.04226435  0.37690295]
 [ 1.04333427  0.37107444]
 [ 1.04423938  0.36474685]
 [ 1.04877716  0.35587595]
 [ 1.05515998  0.34892334]
 [ 1.06053338  0.33429778]
 [ 1.05955628  0.3288129 ]
 [ 1.06274399  0.32231078]
 [ 1.06391699  0.3182535 ]
 [ 1.06792277  0.30712223]
 [ 1.07188523  0.30173583]
 [ 1.07415877  0.29406181]
 [ 1.07383073  0.29122509]
 [ 1.08047781  0.27729149]
 [ 1.07995458  0.27660552]
 [ 1.08267386  0.26829115]
 [ 1.08800036  0.25975832]
 [ 1.08850637  0.25219977]
 [ 1.09329969  0.24014039]
 [ 1.09337278  0.23786045]
 [ 1.09685089  0.22988911]
 [ 1.09933159  0.22212621]
 [ 1.10175143  0.21323276]
 [ 1.10742159  0.20043049]
 [ 1.10926955  0.19168368]
 [ 1.11090803  0.18903029]
 [ 1.11451746  0.17564262]
 [ 1.11514017  0.17506844]
 [ 1.12089044  0.16543223]
 [ 1.11876928  0.16027724]
 [ 1.12391403  0.15167455]
 [ 1.13049469  0.13582111]
 [ 1.13234732  0.13359971]
 [ 1.13073336  0.12624508]
 [ 1.13489764  0.11359068]
 [ 1.13984096  0.09879571]
 [ 1.14224447  0.0882408 ]
 [ 1.14503731  0.07912869]
 [ 1.14549993  0.07513922]
 [ 1.14813345  0.07080547]
 [ 1.15000733  0.05592194]
 [ 1.15610473  0.03307623]
 [ 1.15940823  0.02359442]
 [ 1.16138943  0.0162686 ]
 [ 1.16454853  0.00493851]
 [ 1.16845582 -0.01279637]
 [ 1.17425709 -0.01942056]
 [ 1.17540274 -0.02927085]
 [ 1.17548718 -0.03277884]
 [ 1.17693393 -0.0414107 ]
 [ 1.18032779 -0.04983611]
 [ 1.1794836  -0.05156779]
 [ 1.18066723 -0.06272399]
 [ 1.18237658 -0.06304128]
 [ 1.18512939 -0.07105146]
 [ 1.18593422 -0.08069472]
 [ 1.18882441 -0.08859675]
 [ 1.18889099 -0.09493467]
 [ 1.19109261 -0.10280759]
 [ 1.19303793 -0.11060077]
 [ 1.19437434 -0.11781814]
 [ 1.19744338 -0.1270141 ]
 [ 1.20427033 -0.12921726]
 [ 1.20700301 -0.13436333]
 [ 1.21422687 -0.1370983 ]]",4,70
0.005091618567240039,0.005261402602045884,0.02849988646873478,1.0,3.756252115091767,3.7645552120219694,0.9977944016056175,2000,256,"[[9.99975296e-01 4.95945143e-01 4.73439735e-01 4.99222368e-01
  4.97633920e-01 4.92305402e-01]
 [9.99952062e-01 5.18270786e-01 4.11005234e-01 4.94105543e-01
  5.01615246e-01 4.82785579e-01]
 [9.86200600e-01 5.04856394e-01 4.17956963e-01 4.86104329e-01
  5.07459056e-01 4.65464540e-01]
 ...
 [7.27890839e-05 4.84657347e-01 4.60795481e-01 3.76085662e-01
  4.96727869e-01 4.72424376e-01]
 [8.84922479e-05 4.32281419e-01 4.27716204e-01 4.29368133e-01
  4.47188786e-01 4.87976049e-01]
 [1.27611549e-04 4.54994710e-01 4.10223488e-01 3.76085662e-01
  4.47411343e-01 5.17132813e-01]]","[[-0.05664013  1.03732592]
 [-0.04819537  1.03749138]
 [-0.03013867  1.03550103]
 [-0.02157684  1.03436515]
 [-0.01610674  1.03370875]
 [-0.00430689  1.03272163]
 [ 0.00473815  1.03236255]
 [ 0.00841758  1.0313805 ]
 [ 0.02333291  1.02850395]
 [ 0.03447051  1.02874289]
 [ 0.04092394  1.0272439 ]
 [ 0.04262394  1.02606177]
 [ 0.04993621  1.02510427]
 [ 0.05495042  1.02386058]
 [ 0.06352816  1.02256492]
 [ 0.06889584  1.02341578]
 [ 0.08068186  1.02118453]
 [ 0.08268291  1.02105822]
 [ 0.09155885  1.02038881]
 [ 0.09972905  1.01892848]
 [ 0.10950748  1.01597125]
 [ 0.11687068  1.01437261]
 [ 0.12319224  1.01314099]
 [ 0.12689607  1.01242442]
 [ 0.13422833  1.01077708]
 [ 0.13468338  1.00919811]
 [ 0.14572954  1.00871728]
 [ 0.14478819  1.00804508]
 [ 0.15558212  1.0068266 ]
 [ 0.16004923  1.00485759]
 [ 0.17318905  1.00282633]
 [ 0.17634301  1.00261544]
 [ 0.18511565  1.00037488]
 [ 0.19308753  0.99778447]
 [ 0.20090415  0.99504973]
 [ 0.20025934  0.99464285]
 [ 0.21111218  0.99243691]
 [ 0.21852974  0.99106048]
 [ 0.22513712  0.9892258 ]
 [ 0.22970287  0.9878999 ]
 [ 0.23537896  0.9852359 ]
 [ 0.23886389  0.98498051]
 [ 0.24952147  0.98465883]
 [ 0.25136957  0.98328013]
 [ 0.25729017  0.98207342]
 [ 0.26085927  0.97854981]
 [ 0.26989722  0.97668733]
 [ 0.28207611  0.97381993]
 [ 0.28838043  0.96980726]
 [ 0.29612706  0.96903204]
 [ 0.30530162  0.96543827]
 [ 0.31133062  0.96338052]
 [ 0.31603372  0.96028791]
 [ 0.33604229  0.95519911]
 [ 0.34113701  0.95189457]
 [ 0.34928804  0.94985906]
 [ 0.36256309  0.94462777]
 [ 0.37172166  0.94229586]
 [ 0.37307151  0.93976825]
 [ 0.38891178  0.93490924]
 [ 0.39731414  0.931719  ]
 [ 0.40548064  0.92818905]
 [ 0.41228196  0.92549449]
 [ 0.41519283  0.9230439 ]
 [ 0.42328768  0.91905292]
 [ 0.4229837   0.9188957 ]
 [ 0.43372532  0.91637747]
 [ 0.440657    0.91174196]
 [ 0.44823507  0.90806109]
 [ 0.46335077  0.90117374]
 [ 0.47115253  0.89660246]
 [ 0.47714168  0.89316878]
 [ 0.49244456  0.88675763]
 [ 0.50404428  0.88168701]
 [ 0.50881248  0.87829267]
 [ 0.51404913  0.87603167]
 [ 0.51986808  0.87283786]
 [ 0.5237275   0.86994142]
 [ 0.52989859  0.86689844]
 [ 0.53641147  0.86566898]
 [ 0.54203824  0.85809949]
 [ 0.54907097  0.85797224]
 [ 0.54948503  0.85483922]
 [ 0.55350173  0.8522229 ]
 [ 0.5593447   0.84879369]
 [ 0.56240618  0.8485018 ]
 [ 0.56737221  0.84673018]
 [ 0.56924663  0.84422962]
 [ 0.57194004  0.83933953]
 [ 0.58001199  0.83544965]
 [ 0.58001199  0.83544965]
 [ 0.58616622  0.8317043 ]
 [ 0.59291601  0.82711717]
 [ 0.60172616  0.82238308]
 [ 0.60421338  0.81925429]
 [ 0.61214047  0.8146314 ]
 [ 0.62169271  0.80834769]
 [ 0.63163599  0.8010409 ]
 [ 0.63854601  0.79736742]
 [ 0.64446814  0.79475512]
 [ 0.64747679  0.79307155]
 [ 0.65616167  0.78379613]
 [ 0.66201685  0.78191475]
 [ 0.66689648  0.77328101]
 [ 0.67368686  0.76916229]
 [ 0.67531164  0.76879213]
 [ 0.67909437  0.76481626]
 [ 0.68161067  0.76307353]
 [ 0.68856061  0.76284424]
 [ 0.68760843  0.75817259]
 [ 0.6929137   0.75493826]
 [ 0.69918815  0.74673824]
 [ 0.70331844  0.74551718]
 [ 0.70864385  0.74073763]
 [ 0.70900635  0.73917073]
 [ 0.71816415  0.7348932 ]
 [ 0.71770045  0.7315883 ]
 [ 0.72232883  0.72715107]
 [ 0.72444499  0.72663431]
 [ 0.73055136  0.72313214]
 [ 0.73318792  0.7183468 ]
 [ 0.73714515  0.71504964]
 [ 0.74070808  0.71085566]
 [ 0.74850456  0.70472162]
 [ 0.75213537  0.70082631]
 [ 0.76127398  0.69253475]
 [ 0.76502113  0.6894721 ]
 [ 0.76679017  0.68528009]
 [ 0.7731156   0.6793351 ]
 [ 0.77881716  0.67635329]
 [ 0.78121289  0.6705719 ]
 [ 0.78516928  0.66783273]
 [ 0.7893349   0.66191261]
 [ 0.79826031  0.65375845]
 [ 0.8012073   0.65077202]
 [ 0.8033378   0.64705037]
 [ 0.80881231  0.64104167]
 [ 0.81223106  0.63998875]
 [ 0.81554428  0.63653501]
 [ 0.81734111  0.63381932]
 [ 0.81874326  0.62790069]
 [ 0.82343649  0.62405327]
 [ 0.82613109  0.61912309]
 [ 0.83718335  0.61534802]
 [ 0.83969876  0.60679498]
 [ 0.8421783   0.60159028]
 [ 0.84619538  0.59598757]
 [ 0.84918084  0.59379514]
 [ 0.85088715  0.58845873]
 [ 0.85839456  0.58242218]
 [ 0.86211582  0.57486045]
 [ 0.86920898  0.56642173]
 [ 0.87115585  0.56369288]
 [ 0.87846506  0.55741873]
 [ 0.87884002  0.55201628]
 [ 0.88425081  0.54337643]
 [ 0.89085425  0.5352623 ]
 [ 0.89556862  0.53187604]
 [ 0.89766573  0.52873643]
 [ 0.90075163  0.52379935]
 [ 0.90170317  0.51736272]
 [ 0.90629033  0.51213085]
 [ 0.90891501  0.50690816]
 [ 0.91236725  0.5006778 ]
 [ 0.91236725  0.5006778 ]
 [ 0.91738581  0.49501004]
 [ 0.92157471  0.48653525]
 [ 0.92355913  0.48032798]
 [ 0.92960475  0.47525708]
 [ 0.93276296  0.46760114]
 [ 0.93366719  0.46435527]
 [ 0.93761658  0.45842601]
 [ 0.94065365  0.45296803]
 [ 0.94348733  0.44938318]
 [ 0.94811064  0.43983786]
 [ 0.95433956  0.42431897]
 [ 0.95691488  0.41808158]
 [ 0.96453052  0.41416768]
 [ 0.96258492  0.40805206]
 [ 0.96695961  0.39700423]
 [ 0.97062007  0.38980115]
 [ 0.9750946   0.38174646]
 [ 0.97887819  0.3789989 ]
 [ 0.97976773  0.37277575]
 [ 0.98184678  0.36910823]
 [ 0.98225378  0.36498547]
 [ 0.98393767  0.35779932]
 [ 0.98655814  0.35479809]
 [ 0.99032691  0.35209555]
 [ 0.98941984  0.34682684]
 [ 0.99222856  0.33920299]
 [ 0.99489062  0.33413113]
 [ 0.9992835   0.32859791]
 [ 0.9997471   0.32111416]
 [ 1.00183937  0.3148899 ]
 [ 1.00355056  0.30982558]
 [ 1.00608453  0.30146978]
 [ 1.0127323   0.29524288]
 [ 1.01103474  0.2892112 ]
 [ 1.02029808  0.27527941]
 [ 1.01910137  0.26291724]
 [ 1.02203457  0.25812782]
 [ 1.02330004  0.25510645]
 [ 1.02513058  0.24796627]
 [ 1.02631796  0.24308843]
 [ 1.03532708  0.23729162]
 [ 1.0315495   0.22804084]
 [ 1.03103301  0.22326014]
 [ 1.03623593  0.21479623]
 [ 1.04153453  0.20420238]
 [ 1.04186062  0.19874565]
 [ 1.04566556  0.19025055]
 [ 1.04846061  0.18353582]
 [ 1.04496134  0.17622365]
 [ 1.05101545  0.17256561]
 [ 1.05305692  0.16382562]
 [ 1.05416733  0.15607133]
 [ 1.05238798  0.1496056 ]
 [ 1.05214581  0.1442365 ]
 [ 1.05643101  0.13480438]
 [ 1.05684633  0.13056551]
 [ 1.06115946  0.12421442]
 [ 1.05854614  0.11432963]
 [ 1.06086758  0.10579692]
 [ 1.06316124  0.09801125]
 [ 1.06339731  0.08943141]
 [ 1.06458226  0.08429041]
 [ 1.06577709  0.07656582]
 [ 1.06805752  0.06672555]
 [ 1.07152864  0.05855478]
 [ 1.07154717  0.05853235]
 [ 1.07142653  0.04200284]
 [ 1.07612431  0.03383281]
 [ 1.07405158  0.02691724]
 [ 1.07613445  0.02245169]
 [ 1.07924611  0.00792901]
 [ 1.07921963  0.00304708]
 [ 1.07804921 -0.00422864]
 [ 1.08024389 -0.00985927]
 [ 1.08080465 -0.01189303]
 [ 1.08271302 -0.02353987]
 [ 1.08296076 -0.03769618]
 [ 1.08466864 -0.04788129]
 [ 1.08702424 -0.0524834 ]
 [ 1.08537637 -0.05712562]
 [ 1.08774221 -0.07357949]
 [ 1.08868855 -0.08761626]
 [ 1.08941708 -0.09953759]
 [ 1.09092778 -0.10477453]
 [ 1.09061405 -0.11343545]
 [ 1.09578936 -0.11536877]
 [ 1.09608872 -0.11860619]
 [ 1.09892047 -0.12481539]
 [ 1.10795821 -0.12557422]
 [ 1.11135643 -0.12804417]
 [ 1.12120376 -0.12940155]]",5,70
0.005155143690375144,0.0051983992260608404,0.029248782569994698,0.984,3.75673210481244,3.7645552120219694,0.9979219039780465,2000,256,"[[9.99956236e-01 5.82733629e-01 5.00065127e-01 5.51137600e-01
  5.05782555e-01 5.41769416e-01]
 [9.99956236e-01 5.88519635e-01 4.99983954e-01 5.26250638e-01
  5.05238366e-01 5.41686512e-01]
 [9.99957658e-01 5.85882749e-01 5.01780653e-01 5.26250638e-01
  5.14619541e-01 4.74371104e-01]
 ...
 [6.15665381e-05 5.32530298e-01 4.69113753e-01 5.20729316e-01
  4.75044466e-01 4.04762575e-01]
 [3.52328859e-04 5.41273550e-01 4.65170914e-01 4.99929277e-01
  4.39422333e-01 4.09411939e-01]
 [3.52328859e-04 5.41273550e-01 4.19939164e-01 4.83150196e-01
  4.39422333e-01 3.68923612e-01]]","[[-1.76822665e-01  1.13231173e+00]
 [-1.75084249e-01  1.12871705e+00]
 [-1.70999242e-01  1.12279226e+00]
 [-1.67233517e-01  1.11406326e+00]
 [-1.61353650e-01  1.11239314e+00]
 [-1.54139241e-01  1.10994098e+00]
 [-1.47608976e-01  1.10896644e+00]
 [-1.27834563e-01  1.11196748e+00]
 [-1.24301774e-01  1.10729775e+00]
 [-1.15312214e-01  1.10730199e+00]
 [-1.07528691e-01  1.10360170e+00]
 [-9.81878363e-02  1.10254024e+00]
 [-8.73713879e-02  1.10399956e+00]
 [-7.92225514e-02  1.09963862e+00]
 [-7.25627075e-02  1.10036514e+00]
 [-6.42997598e-02  1.09677785e+00]
 [-5.73987718e-02  1.09965745e+00]
 [-4.44957584e-02  1.09379689e+00]
 [-2.74930552e-02  1.09430037e+00]
 [-2.05271992e-02  1.08974603e+00]
 [-4.27466664e-03  1.08950696e+00]
 [-9.00474184e-04  1.08715493e+00]
 [ 6.98718712e-03  1.08464577e+00]
 [ 1.56162717e-02  1.08308903e+00]
 [ 2.42850770e-02  1.08432231e+00]
 [ 2.88749545e-02  1.07863443e+00]
 [ 3.52481052e-02  1.07785101e+00]
 [ 4.04892187e-02  1.07785470e+00]
 [ 4.88065684e-02  1.07435524e+00]
 [ 5.08391352e-02  1.07144376e+00]
 [ 6.15646093e-02  1.07159319e+00]
 [ 6.50423746e-02  1.07227058e+00]
 [ 7.72295855e-02  1.07242723e+00]
 [ 9.97107762e-02  1.06278048e+00]
 [ 1.06388232e-01  1.06077740e+00]
 [ 1.14163040e-01  1.05687026e+00]
 [ 1.21698031e-01  1.05595989e+00]
 [ 1.31757796e-01  1.05610108e+00]
 [ 1.31882481e-01  1.05444802e+00]
 [ 1.40007944e-01  1.04974553e+00]
 [ 1.46986740e-01  1.04981313e+00]
 [ 1.55672872e-01  1.04569839e+00]
 [ 1.62520487e-01  1.04324590e+00]
 [ 1.72263870e-01  1.04033662e+00]
 [ 1.79736988e-01  1.03894188e+00]
 [ 1.95023029e-01  1.03369010e+00]
 [ 1.99010960e-01  1.03292286e+00]
 [ 2.02543083e-01  1.03176742e+00]
 [ 2.11089978e-01  1.03091112e+00]
 [ 2.22836737e-01  1.02471577e+00]
 [ 2.31199934e-01  1.02471859e+00]
 [ 2.40498606e-01  1.02110897e+00]
 [ 2.52778613e-01  1.01691477e+00]
 [ 2.55210205e-01  1.01521628e+00]
 [ 2.61199346e-01  1.01415709e+00]
 [ 2.64715353e-01  1.01355064e+00]
 [ 2.77484178e-01  1.00731266e+00]
 [ 2.79730559e-01  1.00616906e+00]
 [ 2.87946573e-01  1.00413776e+00]
 [ 2.93858195e-01  1.00132244e+00]
 [ 3.03981492e-01  9.98128237e-01]
 [ 3.09420037e-01  9.94599816e-01]
 [ 3.19699179e-01  9.93471253e-01]
 [ 3.27531985e-01  9.87848817e-01]
 [ 3.33380637e-01  9.87204506e-01]
 [ 3.34956800e-01  9.86807442e-01]
 [ 3.40650049e-01  9.81602665e-01]
 [ 3.48018117e-01  9.79203413e-01]
 [ 3.57756433e-01  9.75333628e-01]
 [ 3.64830947e-01  9.71050343e-01]
 [ 3.70302426e-01  9.68861680e-01]
 [ 3.76683064e-01  9.66952243e-01]
 [ 3.83199415e-01  9.64999564e-01]
 [ 3.93509742e-01  9.63863834e-01]
 [ 3.99029931e-01  9.55702733e-01]
 [ 4.10414589e-01  9.52674816e-01]
 [ 4.16062760e-01  9.48024095e-01]
 [ 4.24675722e-01  9.43308313e-01]
 [ 4.28857911e-01  9.41314696e-01]
 [ 4.32494200e-01  9.39278248e-01]
 [ 4.39433232e-01  9.36929515e-01]
 [ 4.46141429e-01  9.33793040e-01]
 [ 4.51971386e-01  9.31259018e-01]
 [ 4.53576500e-01  9.30907039e-01]
 [ 4.57006690e-01  9.26517986e-01]
 [ 4.64347815e-01  9.23301983e-01]
 [ 4.79159537e-01  9.15668001e-01]
 [ 4.80140394e-01  9.14922076e-01]
 [ 4.86899063e-01  9.11549498e-01]
 [ 4.95915408e-01  9.06509578e-01]
 [ 5.00452304e-01  9.03223223e-01]
 [ 5.06509305e-01  9.00682764e-01]
 [ 5.10451223e-01  8.96843253e-01]
 [ 5.12262951e-01  8.94492476e-01]
 [ 5.19006203e-01  8.92055302e-01]
 [ 5.24861166e-01  8.87757328e-01]
 [ 5.29017158e-01  8.87100136e-01]
 [ 5.36367146e-01  8.80915907e-01]
 [ 5.39673032e-01  8.78469154e-01]
 [ 5.46293679e-01  8.74210145e-01]
 [ 5.49987743e-01  8.72491617e-01]
 [ 5.55817382e-01  8.68083461e-01]
 [ 5.64786494e-01  8.64809120e-01]
 [ 5.77256825e-01  8.57254299e-01]
 [ 5.81413885e-01  8.50227785e-01]
 [ 5.82788162e-01  8.49273733e-01]
 [ 5.91628744e-01  8.45174241e-01]
 [ 5.96634464e-01  8.39961209e-01]
 [ 5.97280636e-01  8.38598205e-01]
 [ 6.03128527e-01  8.33771106e-01]
 [ 6.07410809e-01  8.31211948e-01]
 [ 6.10608726e-01  8.28136727e-01]
 [ 6.17659921e-01  8.24218404e-01]
 [ 6.32291746e-01  8.11427430e-01]
 [ 6.37032960e-01  8.07204192e-01]
 [ 6.44743555e-01  8.01357570e-01]
 [ 6.50413416e-01  7.96706632e-01]
 [ 6.59047095e-01  7.92403878e-01]
 [ 6.67379070e-01  7.85216170e-01]
 [ 6.72007109e-01  7.79546239e-01]
 [ 6.77757263e-01  7.73318847e-01]
 [ 6.84256058e-01  7.66914011e-01]
 [ 6.85421559e-01  7.66452912e-01]
 [ 6.96006669e-01  7.59626037e-01]
 [ 7.01809928e-01  7.51152369e-01]
 [ 7.08351810e-01  7.44942310e-01]
 [ 7.14758160e-01  7.37747709e-01]
 [ 7.24517184e-01  7.30484463e-01]
 [ 7.31897724e-01  7.21576429e-01]
 [ 7.36890873e-01  7.15519925e-01]
 [ 7.42314777e-01  7.11936008e-01]
 [ 7.45624980e-01  7.05917744e-01]
 [ 7.54614103e-01  7.02354326e-01]
 [ 7.59537001e-01  6.91985875e-01]
 [ 7.66209392e-01  6.88108247e-01]
 [ 7.65917843e-01  6.83221140e-01]
 [ 7.74535146e-01  6.78374845e-01]
 [ 7.75708090e-01  6.73086067e-01]
 [ 7.81892228e-01  6.69246442e-01]
 [ 7.91254558e-01  6.64429896e-01]
 [ 7.88855718e-01  6.56467760e-01]
 [ 7.91439738e-01  6.53256738e-01]
 [ 7.97300043e-01  6.47402105e-01]
 [ 8.02968535e-01  6.38981698e-01]
 [ 8.10055140e-01  6.29802601e-01]
 [ 8.15862089e-01  6.22423163e-01]
 [ 8.19444941e-01  6.17186892e-01]
 [ 8.23110900e-01  6.12302345e-01]
 [ 8.28065881e-01  6.05515910e-01]
 [ 8.31311057e-01  6.01591057e-01]
 [ 8.37678024e-01  5.92554489e-01]
 [ 8.41049505e-01  5.88499841e-01]
 [ 8.43841294e-01  5.83332516e-01]
 [ 8.48482303e-01  5.76553315e-01]
 [ 8.51193927e-01  5.72461405e-01]
 [ 8.55525311e-01  5.67125876e-01]
 [ 8.59298358e-01  5.61497998e-01]
 [ 8.60488353e-01  5.58094239e-01]
 [ 8.70774473e-01  5.51603778e-01]
 [ 8.73827971e-01  5.41865501e-01]
 [ 8.73842218e-01  5.41869654e-01]
 [ 8.78500212e-01  5.32229664e-01]
 [ 8.79987920e-01  5.27472450e-01]
 [ 8.84157424e-01  5.22470987e-01]
 [ 8.87634350e-01  5.15152234e-01]
 [ 8.90801612e-01  5.15637468e-01]
 [ 8.93108610e-01  5.07049669e-01]
 [ 8.97136657e-01  5.01379349e-01]
 [ 9.01290043e-01  4.94201186e-01]
 [ 9.08245546e-01  4.83087488e-01]
 [ 9.11590958e-01  4.72925801e-01]
 [ 9.14934896e-01  4.67210293e-01]
 [ 9.17482678e-01  4.64752824e-01]
 [ 9.20160044e-01  4.57830351e-01]
 [ 9.25758626e-01  4.47848652e-01]
 [ 9.28796600e-01  4.41778322e-01]
 [ 9.32867371e-01  4.35116285e-01]
 [ 9.35625646e-01  4.27076637e-01]
 [ 9.37404203e-01  4.23547710e-01]
 [ 9.41830622e-01  4.15794279e-01]
 [ 9.45650748e-01  4.08391384e-01]
 [ 9.48927181e-01  4.02231344e-01]
 [ 9.50886049e-01  3.96562932e-01]
 [ 9.56720637e-01  3.84952027e-01]
 [ 9.58888426e-01  3.79839398e-01]
 [ 9.64138177e-01  3.68034932e-01]
 [ 9.65729594e-01  3.65274437e-01]
 [ 9.69564960e-01  3.53729655e-01]
 [ 9.69867688e-01  3.53742848e-01]
 [ 9.73840281e-01  3.44388302e-01]
 [ 9.73812749e-01  3.44246499e-01]
 [ 9.78029918e-01  3.35684505e-01]
 [ 9.80336017e-01  3.28941679e-01]
 [ 9.83634926e-01  3.20713600e-01]
 [ 9.90814099e-01  3.21143921e-01]
 [ 9.89574117e-01  3.08837417e-01]
 [ 9.91715089e-01  3.02590517e-01]
 [ 9.95119972e-01  2.94089231e-01]
 [ 9.98132951e-01  2.87874832e-01]
 [ 1.00007323e+00  2.79321151e-01]
 [ 1.00589806e+00  2.70839832e-01]
 [ 1.00852764e+00  2.68725787e-01]
 [ 1.00910405e+00  2.61818178e-01]
 [ 1.01138903e+00  2.49697573e-01]
 [ 1.01290740e+00  2.47554843e-01]
 [ 1.01585703e+00  2.37724044e-01]
 [ 1.01810240e+00  2.29236787e-01]
 [ 1.02329430e+00  2.18317882e-01]
 [ 1.02711744e+00  2.04086101e-01]
 [ 1.02798507e+00  2.01866615e-01]
 [ 1.02951204e+00  1.95665405e-01]
 [ 1.03089012e+00  1.93865630e-01]
 [ 1.03354074e+00  1.86839663e-01]
 [ 1.03477759e+00  1.84332851e-01]
 [ 1.03612744e+00  1.75383278e-01]
 [ 1.03954098e+00  1.65118813e-01]
 [ 1.04460788e+00  1.50821775e-01]
 [ 1.04614717e+00  1.44911977e-01]
 [ 1.04682060e+00  1.41683752e-01]
 [ 1.05113772e+00  1.26444499e-01]
 [ 1.05231306e+00  1.26080209e-01]
 [ 1.05447371e+00  1.14965745e-01]
 [ 1.05506326e+00  1.13348220e-01]
 [ 1.05690145e+00  1.06264945e-01]
 [ 1.05790703e+00  1.02463341e-01]
 [ 1.05943598e+00  9.71005279e-02]
 [ 1.06245294e+00  9.15089488e-02]
 [ 1.06389219e+00  8.30789374e-02]
 [ 1.06683803e+00  7.57731524e-02]
 [ 1.07105563e+00  6.78308229e-02]
 [ 1.07252903e+00  5.74605853e-02]
 [ 1.08059834e+00  4.86164426e-02]
 [ 1.08100229e+00  4.50652284e-02]
 [ 1.07859130e+00  2.73282619e-02]
 [ 1.08437181e+00  2.63414678e-02]
 [ 1.08323310e+00  1.53306640e-02]
 [ 1.08734383e+00  9.10198477e-03]
 [ 1.09096691e+00  7.78846223e-03]
 [ 1.09232403e+00 -3.08172723e-04]
 [ 1.09246175e+00 -4.55048696e-03]
 [ 1.09293025e+00 -2.17638383e-02]
 [ 1.09504408e+00 -2.44331990e-02]
 [ 1.09736362e+00 -3.96156781e-02]
 [ 1.09666099e+00 -4.59048624e-02]
 [ 1.10073533e+00 -5.08916743e-02]
 [ 1.10447433e+00 -5.86936607e-02]
 [ 1.10577276e+00 -6.86317749e-02]
 [ 1.10581968e+00 -7.81664233e-02]
 [ 1.10854462e+00 -8.49810908e-02]
 [ 1.11361713e+00 -8.97735297e-02]
 [ 1.11121415e+00 -9.69510961e-02]
 [ 1.11106560e+00 -1.07810955e-01]
 [ 1.11891364e+00 -1.06487780e-01]
 [ 1.12266008e+00 -1.14746737e-01]
 [ 1.12705048e+00 -1.16069071e-01]
 [ 1.13937935e+00 -1.13809336e-01]]",6,70
0.009473053165833781,0.007646037389061217,0.03613295248407123,0.925,3.7514844300612102,3.7645552120219694,0.9965279345830778,2000,256,"[[9.99982079e-01 3.76290801e-01 6.08403330e-01 5.45604049e-01
  5.42434102e-01 5.61474005e-01]
 [9.99982079e-01 3.76290801e-01 6.11389235e-01 5.28824995e-01
  5.66499535e-01 5.56288055e-01]
 [9.99982079e-01 3.76290801e-01 5.07557294e-01 5.23297097e-01
  5.42434102e-01 5.56288055e-01]
 ...
 [5.77420890e-05 5.10953843e-01 5.48287804e-01 5.10326800e-01
  5.73291616e-01 5.06899678e-01]
 [5.77420890e-05 4.70054624e-01 5.81682170e-01 5.10326800e-01
  5.72924389e-01 5.06899678e-01]
 [5.77420890e-05 4.88696063e-01 6.11511133e-01 5.34349210e-01
  5.77339629e-01 5.20088287e-01]]","[[-6.15325712e-02  1.11634695e+00]
 [-6.05258959e-02  1.11590114e+00]
 [-5.92116944e-02  1.10004811e+00]
 [-5.79855487e-02  1.08552788e+00]
 [-5.51684703e-02  1.07734466e+00]
 [-3.42857026e-02  1.06971575e+00]
 [-2.60459838e-02  1.06588716e+00]
 [-1.97296538e-02  1.06455133e+00]
 [-6.55297421e-03  1.06157914e+00]
 [ 1.54684101e-03  1.06064925e+00]
 [ 1.14964289e-02  1.05903535e+00]
 [ 2.24505938e-02  1.05798430e+00]
 [ 2.22340618e-02  1.05498027e+00]
 [ 3.41735743e-02  1.05398166e+00]
 [ 4.09580465e-02  1.05147197e+00]
 [ 5.22985352e-02  1.05022271e+00]
 [ 5.90171214e-02  1.04736248e+00]
 [ 7.25315356e-02  1.04436131e+00]
 [ 8.08411188e-02  1.04216801e+00]
 [ 8.97418241e-02  1.04016721e+00]
 [ 9.96151252e-02  1.03873028e+00]
 [ 1.15487613e-01  1.03567921e+00]
 [ 1.17105556e-01  1.03588564e+00]
 [ 1.42686055e-01  1.02851790e+00]
 [ 1.53082344e-01  1.02756568e+00]
 [ 1.63703759e-01  1.02513289e+00]
 [ 1.65594440e-01  1.02455193e+00]
 [ 1.79840357e-01  1.02055688e+00]
 [ 1.81067391e-01  1.01953244e+00]
 [ 1.94069787e-01  1.01599181e+00]
 [ 2.03317417e-01  1.01391020e+00]
 [ 2.22170442e-01  1.00910033e+00]
 [ 2.27514842e-01  1.00775988e+00]
 [ 2.33184723e-01  1.00732173e+00]
 [ 2.47313927e-01  1.00313541e+00]
 [ 2.61314079e-01  9.99568772e-01]
 [ 2.71565357e-01  9.98829519e-01]
 [ 2.78412802e-01  9.96318268e-01]
 [ 2.81668821e-01  9.93896421e-01]
 [ 2.90986011e-01  9.91365287e-01]
 [ 3.09107659e-01  9.89061847e-01]
 [ 3.17139764e-01  9.84045614e-01]
 [ 3.25212643e-01  9.82442639e-01]
 [ 3.29619846e-01  9.80269384e-01]
 [ 3.34940499e-01  9.79715715e-01]
 [ 3.47021852e-01  9.76448745e-01]
 [ 3.50838001e-01  9.75712893e-01]
 [ 3.61365153e-01  9.72107535e-01]
 [ 3.69593210e-01  9.67701774e-01]
 [ 3.79654301e-01  9.64600910e-01]
 [ 3.88380188e-01  9.62420743e-01]
 [ 3.93581721e-01  9.61931687e-01]
 [ 4.06724244e-01  9.61590740e-01]
 [ 4.06726879e-01  9.61270633e-01]
 [ 4.13655426e-01  9.54656045e-01]
 [ 4.27886674e-01  9.53953152e-01]
 [ 4.37530500e-01  9.46302146e-01]
 [ 4.47321988e-01  9.42502770e-01]
 [ 4.63493319e-01  9.40983205e-01]
 [ 4.72722687e-01  9.37612068e-01]
 [ 4.75368009e-01  9.33698773e-01]
 [ 4.84207301e-01  9.31052663e-01]
 [ 4.87764563e-01  9.27053841e-01]
 [ 4.96503406e-01  9.24640917e-01]
 [ 5.05270002e-01  9.21837060e-01]
 [ 5.15620723e-01  9.19952517e-01]
 [ 5.34096757e-01  9.11650355e-01]
 [ 5.36327150e-01  9.07217857e-01]
 [ 5.43309028e-01  9.05669349e-01]
 [ 5.44664829e-01  9.02901048e-01]
 [ 5.54419323e-01  9.00724430e-01]
 [ 5.60658629e-01  8.96488221e-01]
 [ 5.68561982e-01  8.91779757e-01]
 [ 5.77657654e-01  8.87090367e-01]
 [ 5.89677726e-01  8.84730877e-01]
 [ 5.98254127e-01  8.81545785e-01]
 [ 5.99006087e-01  8.78185885e-01]
 [ 6.05842657e-01  8.76047947e-01]
 [ 6.11472594e-01  8.71528404e-01]
 [ 6.23751454e-01  8.66406458e-01]
 [ 6.32956394e-01  8.58161841e-01]
 [ 6.42052644e-01  8.54418503e-01]
 [ 6.48599221e-01  8.48153325e-01]
 [ 6.53053730e-01  8.43311198e-01]
 [ 6.64910889e-01  8.41017630e-01]
 [ 6.66496280e-01  8.39494468e-01]
 [ 6.73039282e-01  8.29536431e-01]
 [ 6.77875876e-01  8.25792721e-01]
 [ 6.85037063e-01  8.19595037e-01]
 [ 6.93944842e-01  8.16324318e-01]
 [ 6.98514829e-01  8.10857760e-01]
 [ 7.01705220e-01  8.07973347e-01]
 [ 7.05052414e-01  8.03485196e-01]
 [ 7.14744353e-01  7.98945230e-01]
 [ 7.19611092e-01  7.94309151e-01]
 [ 7.25637431e-01  7.88389208e-01]
 [ 7.30446252e-01  7.86674630e-01]
 [ 7.33484145e-01  7.80311399e-01]
 [ 7.40728203e-01  7.77493069e-01]
 [ 7.46346733e-01  7.69611783e-01]
 [ 7.46550836e-01  7.68407231e-01]
 [ 7.52073995e-01  7.63723487e-01]
 [ 7.55254578e-01  7.58639814e-01]
 [ 7.61854354e-01  7.53710078e-01]
 [ 7.61873198e-01  7.53594274e-01]
 [ 7.72417140e-01  7.43727863e-01]
 [ 7.80058993e-01  7.38605572e-01]
 [ 7.81908846e-01  7.33676502e-01]
 [ 7.86226353e-01  7.26762795e-01]
 [ 7.92501604e-01  7.22447988e-01]
 [ 7.96122698e-01  7.15459855e-01]
 [ 8.02139148e-01  7.11685497e-01]
 [ 8.07149514e-01  7.05432054e-01]
 [ 8.12346966e-01  7.00732037e-01]
 [ 8.16019789e-01  6.95202714e-01]
 [ 8.23834571e-01  6.82998565e-01]
 [ 8.26591740e-01  6.79382826e-01]
 [ 8.30792516e-01  6.76525568e-01]
 [ 8.35773187e-01  6.69461596e-01]
 [ 8.39461346e-01  6.63236165e-01]
 [ 8.44453824e-01  6.58589559e-01]
 [ 8.51280131e-01  6.48289300e-01]
 [ 8.55104445e-01  6.43818034e-01]
 [ 8.64721388e-01  6.29240248e-01]
 [ 8.72557443e-01  6.20166882e-01]
 [ 8.75842343e-01  6.15539855e-01]
 [ 8.84025082e-01  6.06573511e-01]
 [ 8.83737521e-01  6.06516351e-01]
 [ 8.88569922e-01  5.98752441e-01]
 [ 8.92180477e-01  5.94157127e-01]
 [ 9.00533629e-01  5.81946298e-01]
 [ 9.07779420e-01  5.80159872e-01]
 [ 9.10130048e-01  5.70718259e-01]
 [ 9.14588442e-01  5.66350855e-01]
 [ 9.18492616e-01  5.55643810e-01]
 [ 9.25217662e-01  5.50325486e-01]
 [ 9.30111336e-01  5.43401902e-01]
 [ 9.36970131e-01  5.36266870e-01]
 [ 9.37385083e-01  5.30215945e-01]
 [ 9.41925591e-01  5.27965641e-01]
 [ 9.45234695e-01  5.20550509e-01]
 [ 9.52557062e-01  5.10131402e-01]
 [ 9.52493760e-01  5.06092809e-01]
 [ 9.58243087e-01  4.97456530e-01]
 [ 9.60950880e-01  4.95303792e-01]
 [ 9.65100418e-01  4.89026208e-01]
 [ 9.66491469e-01  4.86988653e-01]
 [ 9.72005170e-01  4.77823305e-01]
 [ 9.74724406e-01  4.73848812e-01]
 [ 9.80930227e-01  4.69831640e-01]
 [ 9.82727767e-01  4.60031563e-01]
 [ 9.90038939e-01  4.54755095e-01]
 [ 9.90163486e-01  4.54158864e-01]
 [ 9.96304086e-01  4.42716770e-01]
 [ 1.00120069e+00  4.33064747e-01]
 [ 1.00443599e+00  4.28450801e-01]
 [ 1.00848328e+00  4.21852604e-01]
 [ 1.01673133e+00  4.15083697e-01]
 [ 1.02122935e+00  4.09353607e-01]
 [ 1.02414381e+00  3.96543237e-01]
 [ 1.03050710e+00  3.84767510e-01]
 [ 1.03328142e+00  3.80321425e-01]
 [ 1.04310191e+00  3.71296825e-01]
 [ 1.04677442e+00  3.64444916e-01]
 [ 1.04859781e+00  3.59701611e-01]
 [ 1.05373236e+00  3.52831477e-01]
 [ 1.05600952e+00  3.48200668e-01]
 [ 1.05743590e+00  3.41059481e-01]
 [ 1.06528526e+00  3.26026876e-01]
 [ 1.06589548e+00  3.25466020e-01]
 [ 1.07356184e+00  3.12482431e-01]
 [ 1.07360667e+00  3.12390862e-01]
 [ 1.08238210e+00  3.02919268e-01]
 [ 1.08489825e+00  3.00070994e-01]
 [ 1.08816122e+00  2.97262050e-01]
 [ 1.09260615e+00  2.88445406e-01]
 [ 1.09563531e+00  2.80747516e-01]
 [ 1.09898604e+00  2.73438210e-01]
 [ 1.09970502e+00  2.68753347e-01]
 [ 1.10643747e+00  2.65573778e-01]
 [ 1.10752488e+00  2.55714887e-01]
 [ 1.11258928e+00  2.48756765e-01]
 [ 1.11842106e+00  2.43806801e-01]
 [ 1.11870966e+00  2.37283390e-01]
 [ 1.12504855e+00  2.31718199e-01]
 [ 1.12759676e+00  2.23469472e-01]
 [ 1.13149584e+00  2.15290016e-01]
 [ 1.13710880e+00  2.11804186e-01]
 [ 1.13910462e+00  2.05232963e-01]
 [ 1.14001064e+00  2.00126633e-01]
 [ 1.14567084e+00  1.96048990e-01]
 [ 1.15150381e+00  1.83401039e-01]
 [ 1.16118490e+00  1.67597651e-01]
 [ 1.16847142e+00  1.65004026e-01]
 [ 1.16738551e+00  1.58891117e-01]
 [ 1.16872372e+00  1.54461298e-01]
 [ 1.17738415e+00  1.39614298e-01]
 [ 1.18476464e+00  1.31489362e-01]
 [ 1.19000177e+00  1.16503743e-01]
 [ 1.19626323e+00  1.09732565e-01]
 [ 1.19787491e+00  1.02373229e-01]
 [ 1.20195656e+00  9.55859341e-02]
 [ 1.21200640e+00  8.42393452e-02]
 [ 1.21624293e+00  7.26092840e-02]
 [ 1.21815666e+00  6.76291265e-02]
 [ 1.22315070e+00  6.17661254e-02]
 [ 1.22815984e+00  5.53000909e-02]
 [ 1.22971751e+00  5.46612408e-02]
 [ 1.23222114e+00  4.67700733e-02]
 [ 1.23337586e+00  4.45231182e-02]
 [ 1.24063475e+00  3.79515353e-02]
 [ 1.24344018e+00  2.71961541e-02]
 [ 1.24853098e+00  2.07601137e-02]
 [ 1.25132275e+00  1.79553798e-02]
 [ 1.25344116e+00  1.45521735e-02]
 [ 1.25280345e+00  7.43668739e-03]
 [ 1.25940085e+00  1.71883265e-03]
 [ 1.26331829e+00 -1.23785515e-03]
 [ 1.26536598e+00 -8.47810337e-03]
 [ 1.27235666e+00 -1.84750357e-02]
 [ 1.27894013e+00 -3.28753359e-02]
 [ 1.28274833e+00 -4.08134257e-02]
 [ 1.29446913e+00 -5.02492365e-02]
 [ 1.29876815e+00 -6.18218656e-02]
 [ 1.29941260e+00 -6.57919184e-02]
 [ 1.30250607e+00 -7.00135234e-02]
 [ 1.30285576e+00 -7.29893804e-02]
 [ 1.30915144e+00 -8.56616374e-02]
 [ 1.31071023e+00 -8.97694137e-02]
 [ 1.31750565e+00 -9.81356138e-02]
 [ 1.31926631e+00 -9.99442334e-02]
 [ 1.32428940e+00 -1.04470388e-01]
 [ 1.32625790e+00 -1.13460884e-01]
 [ 1.32625836e+00 -1.13461144e-01]
 [ 1.33367588e+00 -1.22254732e-01]
 [ 1.34059908e+00 -1.26093325e-01]
 [ 1.33832254e+00 -1.33138002e-01]
 [ 1.34239445e+00 -1.39002890e-01]
 [ 1.34330584e+00 -1.42295473e-01]
 [ 1.34883606e+00 -1.48826452e-01]
 [ 1.34893238e+00 -1.51741771e-01]
 [ 1.35738331e+00 -1.64000602e-01]
 [ 1.36114400e+00 -1.70250261e-01]
 [ 1.36405178e+00 -1.78334315e-01]
 [ 1.36594345e+00 -1.79249149e-01]
 [ 1.37027244e+00 -1.85665591e-01]
 [ 1.37349895e+00 -1.93082955e-01]
 [ 1.37913551e+00 -2.00694375e-01]
 [ 1.38054922e+00 -2.05728826e-01]
 [ 1.38517858e+00 -2.12109846e-01]
 [ 1.39347590e+00 -2.15080207e-01]
 [ 1.39780984e+00 -2.22201508e-01]
 [ 1.40358653e+00 -2.22988470e-01]
 [ 1.40977747e+00 -2.26877557e-01]
 [ 1.41400857e+00 -2.27472890e-01]
 [ 1.42580850e+00 -2.29734248e-01]]",7,70
0.02221356670965495,0.017305408874128347,0.07370125127138374,0.485,3.7366675271281773,3.7645552120219694,0.9925920372197686,2000,256,"[[9.99993488e-01 6.18394205e-01 4.93925655e-01 4.58087728e-01
  4.40507998e-01 7.33133499e-01]
 [9.99993488e-01 5.42120745e-01 4.84808531e-01 4.51116192e-01
  4.38328733e-01 7.09472858e-01]
 [9.99993488e-01 5.42120745e-01 4.43755468e-01 4.51116192e-01
  4.38328733e-01 7.09472858e-01]
 ...
 [6.09015351e-05 5.80518156e-01 4.61685947e-01 5.35639413e-01
  5.46100718e-01 5.07953976e-01]
 [9.49209283e-05 5.00644898e-01 4.50085254e-01 4.92040137e-01
  5.46103846e-01 5.07953976e-01]
 [6.47879802e-06 4.84827439e-01 4.53790964e-01 4.90755017e-01
  5.17266877e-01 4.79164985e-01]]","[[-0.09159583  1.24606299]
 [-0.09269502  1.22552155]
 [-0.0916298   1.22235927]
 [-0.0890636   1.22157141]
 [-0.08707536  1.20926295]
 [-0.08210957  1.20012275]
 [-0.08273181  1.19920589]
 [-0.07388824  1.19500557]
 [-0.07123567  1.1958349 ]
 [-0.06147937  1.19171327]
 [-0.04962969  1.19423322]
 [-0.03411962  1.18806777]
 [-0.02765032  1.18851638]
 [-0.02118221  1.18096192]
 [-0.00899576  1.17913637]
 [-0.00134289  1.18027989]
 [ 0.00752418  1.17585713]
 [ 0.0140711   1.17142583]
 [ 0.02882921  1.18169687]
 [ 0.02867984  1.17333066]
 [ 0.04030632  1.16950079]
 [ 0.03795826  1.16543931]
 [ 0.05509195  1.16760755]
 [ 0.06334818  1.16730044]
 [ 0.07115201  1.16198028]
 [ 0.0741797   1.1619972 ]
 [ 0.07979345  1.15406508]
 [ 0.0826126   1.15721227]
 [ 0.09331464  1.1544143 ]
 [ 0.10111864  1.15114284]
 [ 0.10746337  1.14937689]
 [ 0.11044494  1.14396467]
 [ 0.12456565  1.15166137]
 [ 0.12932737  1.14310826]
 [ 0.13396829  1.1414616 ]
 [ 0.14580508  1.13294407]
 [ 0.15571131  1.13012041]
 [ 0.16567645  1.13620268]
 [ 0.17164394  1.12782905]
 [ 0.17346866  1.12489127]
 [ 0.18362349  1.12661342]
 [ 0.19431659  1.12527474]
 [ 0.19790377  1.12395563]
 [ 0.20190628  1.11913348]
 [ 0.20584433  1.11793157]
 [ 0.21091855  1.11479865]
 [ 0.21904368  1.11169687]
 [ 0.22636969  1.10576385]
 [ 0.23068082  1.10886304]
 [ 0.2377877   1.10453327]
 [ 0.24094334  1.1050648 ]
 [ 0.25179751  1.10299344]
 [ 0.24950005  1.09977978]
 [ 0.25925751  1.09555056]
 [ 0.27134153  1.09437558]
 [ 0.27872361  1.08653514]
 [ 0.28199985  1.08495118]
 [ 0.29233458  1.08404151]
 [ 0.29103528  1.08114676]
 [ 0.30019162  1.07663159]
 [ 0.30742419  1.07183152]
 [ 0.31548703  1.07431787]
 [ 0.32693144  1.0694879 ]
 [ 0.33031867  1.06691347]
 [ 0.34219022  1.06778133]
 [ 0.34205234  1.06004882]
 [ 0.35865034  1.05735652]
 [ 0.36138886  1.05037584]
 [ 0.37187228  1.04742263]
 [ 0.37803873  1.04517555]
 [ 0.38464589  1.04057395]
 [ 0.38873283  1.04076002]
 [ 0.39564361  1.03810051]
 [ 0.4057044   1.03797004]
 [ 0.40603378  1.03263746]
 [ 0.41406822  1.02791694]
 [ 0.42228864  1.0274719 ]
 [ 0.42700814  1.02319426]
 [ 0.42533224  1.01883441]
 [ 0.43923961  1.02055325]
 [ 0.44345355  1.01430531]
 [ 0.44338583  1.00789294]
 [ 0.45593084  1.00471737]
 [ 0.46072874  0.99859818]
 [ 0.46166766  0.99842977]
 [ 0.48660053  0.99353329]
 [ 0.48611968  0.98590212]
 [ 0.49300392  0.98354714]
 [ 0.500179    0.97933217]
 [ 0.51046259  0.97672322]
 [ 0.5197825   0.97288013]
 [ 0.52270042  0.95965427]
 [ 0.53457198  0.9660763 ]
 [ 0.53139786  0.95739874]
 [ 0.53757971  0.95046005]
 [ 0.5407778   0.9486365 ]
 [ 0.55159688  0.94497242]
 [ 0.56051014  0.94429357]
 [ 0.55848897  0.93587919]
 [ 0.57391588  0.94016952]
 [ 0.5690994   0.93024917]
 [ 0.57566604  0.9263668 ]
 [ 0.57965767  0.9232644 ]
 [ 0.5864136   0.92551575]
 [ 0.59125325  0.92079002]
 [ 0.59954352  0.91559783]
 [ 0.599546    0.90829119]
 [ 0.60594054  0.90412467]
 [ 0.61719535  0.89982075]
 [ 0.61994585  0.89270579]
 [ 0.62170143  0.89310598]
 [ 0.63059178  0.88568448]
 [ 0.63751982  0.8787757 ]
 [ 0.64731718  0.87293195]
 [ 0.65230521  0.86505309]
 [ 0.65845376  0.86432033]
 [ 0.66603814  0.85276602]
 [ 0.66603814  0.85276602]
 [ 0.67285561  0.84786647]
 [ 0.67523694  0.84809753]
 [ 0.67975301  0.83954906]
 [ 0.68084712  0.84011071]
 [ 0.6840042   0.8325958 ]
 [ 0.68748019  0.83083884]
 [ 0.69415722  0.82625516]
 [ 0.69420031  0.82439762]
 [ 0.70045883  0.82098648]
 [ 0.70498798  0.81366927]
 [ 0.70815836  0.81154772]
 [ 0.71766887  0.80276813]
 [ 0.72350409  0.79745967]
 [ 0.72925386  0.79115207]
 [ 0.73339816  0.78284895]
 [ 0.7416956   0.77448104]
 [ 0.74657478  0.76550838]
 [ 0.75513372  0.75639662]
 [ 0.75894315  0.74883539]
 [ 0.76826476  0.74330187]
 [ 0.76842794  0.74071582]
 [ 0.77258538  0.73083564]
 [ 0.7790913   0.72506585]
 [ 0.78260007  0.7175737 ]
 [ 0.78516478  0.71293891]
 [ 0.79092904  0.70538997]
 [ 0.79257037  0.70286367]
 [ 0.79966555  0.69142316]
 [ 0.80418937  0.68374349]
 [ 0.80691505  0.68036107]
 [ 0.81070948  0.67448922]
 [ 0.81156268  0.67310441]
 [ 0.81874027  0.66163374]
 [ 0.81895812  0.66135801]
 [ 0.82360096  0.65427305]
 [ 0.82726089  0.64765526]
 [ 0.83295949  0.63904336]
 [ 0.83528758  0.63496048]
 [ 0.83929276  0.6284623 ]
 [ 0.84798635  0.61585054]
 [ 0.84798636  0.61585387]
 [ 0.85076328  0.60697407]
 [ 0.85894216  0.59599506]
 [ 0.86948241  0.59331035]
 [ 0.86256739  0.58703738]
 [ 0.86831967  0.58117285]
 [ 0.86959897  0.57310575]
 [ 0.87684106  0.56536862]
 [ 0.87925595  0.56386143]
 [ 0.88353963  0.55734173]
 [ 0.88392353  0.55726324]
 [ 0.88541722  0.54818608]
 [ 0.89236007  0.54505424]
 [ 0.89514134  0.5402051 ]
 [ 0.89673892  0.53046558]
 [ 0.90521609  0.51630104]
 [ 0.91143564  0.50980164]
 [ 0.9153538   0.4954594 ]
 [ 0.91708713  0.49641548]
 [ 0.92179298  0.4878309 ]
 [ 0.92316423  0.47907629]
 [ 0.92734832  0.47243893]
 [ 0.92944165  0.46963506]
 [ 0.93629852  0.45780188]
 [ 0.93976689  0.45444059]
 [ 0.94260305  0.44821865]
 [ 0.95019498  0.43427497]
 [ 0.955805    0.42167024]
 [ 0.96052528  0.42098708]
 [ 0.96247465  0.4151393 ]
 [ 0.96498534  0.40392104]
 [ 0.96781909  0.3967839 ]
 [ 0.97341657  0.38986768]
 [ 0.97649497  0.38022131]
 [ 0.98473816  0.36836201]
 [ 0.98754939  0.35731395]
 [ 0.99673778  0.35821714]
 [ 0.99572924  0.34374279]
 [ 0.99780991  0.34125188]
 [ 1.00130462  0.33826276]
 [ 1.0038787   0.32525087]
 [ 1.00695462  0.31972906]
 [ 1.01265719  0.31299687]
 [ 1.01726556  0.30477729]
 [ 1.02674169  0.29905928]
 [ 1.02517999  0.28321521]
 [ 1.02633979  0.27776963]
 [ 1.02998954  0.27200848]
 [ 1.03257448  0.26121066]
 [ 1.03612514  0.25554491]
 [ 1.0368542   0.25361714]
 [ 1.04078873  0.2502098 ]
 [ 1.04390896  0.24196464]
 [ 1.04490105  0.23363661]
 [ 1.0478073   0.2248828 ]
 [ 1.05039533  0.21274813]
 [ 1.05482917  0.20787642]
 [ 1.05694173  0.2018649 ]
 [ 1.06159999  0.19312281]
 [ 1.06282542  0.18003489]
 [ 1.06561911  0.17313345]
 [ 1.06650878  0.16387566]
 [ 1.06744121  0.16323367]
 [ 1.07094955  0.15552165]
 [ 1.07347228  0.14437488]
 [ 1.07456666  0.13641032]
 [ 1.07687056  0.13327738]
 [ 1.07786454  0.1279471 ]
 [ 1.08011634  0.12105149]
 [ 1.08236095  0.11214612]
 [ 1.0869814   0.1057705 ]
 [ 1.08584355  0.1010059 ]
 [ 1.08762979  0.09082375]
 [ 1.08931067  0.08169165]
 [ 1.09320227  0.0764775 ]
 [ 1.0927812   0.06836276]
 [ 1.09408056  0.06516398]
 [ 1.09611958  0.05438993]
 [ 1.09873964  0.04762418]
 [ 1.10032366  0.03494213]
 [ 1.10044637  0.03392722]
 [ 1.10495178  0.02349305]
 [ 1.10421669  0.01837377]
 [ 1.10635355  0.00847541]
 [ 1.10749535  0.00381577]
 [ 1.10965424 -0.00799395]
 [ 1.11221112 -0.01925707]
 [ 1.11383515 -0.02744177]
 [ 1.11359666 -0.0331612 ]
 [ 1.1141429  -0.05221898]
 [ 1.11910902 -0.05981949]
 [ 1.12064312 -0.07332141]
 [ 1.12541201 -0.0806995 ]
 [ 1.13112219 -0.08564292]
 [ 1.13120218 -0.08560713]
 [ 1.14040412 -0.09412725]
 [ 1.14388044 -0.09689718]
 [ 1.15264319 -0.09997519]]",8,70
0.007547529819690953,0.007203837825264299,0.02812422080262535,0.8845,3.752659951669971,3.7645552120219694,0.9968401950076311,2000,256,"[[9.99509440e-01 4.39747203e-01 5.08984090e-01 5.02396622e-01
  5.37548639e-01 5.47849894e-01]
 [9.99980491e-01 4.55490394e-01 5.24450486e-01 5.02490507e-01
  5.12161280e-01 5.47311406e-01]
 [9.99980491e-01 4.54782259e-01 5.25397088e-01 5.02428567e-01
  4.70078281e-01 5.47311406e-01]
 ...
 [8.37403160e-04 4.81854587e-01 4.98480923e-01 5.00807205e-01
  4.92318002e-01 5.58456683e-01]
 [1.55117683e-04 4.41507774e-01 4.98480923e-01 4.97302001e-01
  4.70325721e-01 5.81771332e-01]
 [2.92282974e-05 4.75451589e-01 5.15101393e-01 5.35806751e-01
  4.68169822e-01 6.32177388e-01]]","[[-0.08582671  1.17635101]
 [-0.08407272  1.16943764]
 [-0.08034229  1.16458201]
 [-0.0793316   1.16051204]
 [-0.06999283  1.15098281]
 [-0.06265486  1.14639202]
 [-0.05727904  1.1444167 ]
 [-0.04618727  1.14294527]
 [-0.05026425  1.14024765]
 [-0.03754255  1.1397837 ]
 [-0.04071277  1.13559297]
 [-0.03296106  1.13228458]
 [-0.02423066  1.12984987]
 [-0.02227032  1.12926572]
 [-0.00561166  1.12239094]
 [-0.00300992  1.12028181]
 [ 0.00223099  1.1176537 ]
 [ 0.01298116  1.1145737 ]
 [ 0.02187254  1.11408968]
 [ 0.02023535  1.11119611]
 [ 0.03183055  1.10896457]
 [ 0.03433616  1.10426046]
 [ 0.03979991  1.10182393]
 [ 0.051116    1.10020712]
 [ 0.06110573  1.09477407]
 [ 0.06368791  1.09367633]
 [ 0.06769473  1.09103664]
 [ 0.07562821  1.09155332]
 [ 0.07847055  1.08845362]
 [ 0.09210309  1.08518026]
 [ 0.10648652  1.08121563]
 [ 0.1064991   1.07748578]
 [ 0.11011624  1.07502089]
 [ 0.11889812  1.07492837]
 [ 0.12309292  1.07201457]
 [ 0.12896643  1.06812666]
 [ 0.13777608  1.06490699]
 [ 0.14377367  1.06286995]
 [ 0.16055566  1.05873457]
 [ 0.16261319  1.05829098]
 [ 0.17301459  1.05695111]
 [ 0.17891735  1.05261212]
 [ 0.18283499  1.0488662 ]
 [ 0.19803921  1.04607904]
 [ 0.20142854  1.04555   ]
 [ 0.20605868  1.04423748]
 [ 0.21253382  1.04030158]
 [ 0.21684899  1.03691594]
 [ 0.2293355   1.03567336]
 [ 0.22861883  1.03228188]
 [ 0.23789137  1.02936584]
 [ 0.24483273  1.02946711]
 [ 0.25591177  1.02876214]
 [ 0.26269136  1.02494051]
 [ 0.26791587  1.02030664]
 [ 0.2769468   1.01692359]
 [ 0.2863943   1.01449153]
 [ 0.28760517  1.01092495]
 [ 0.30101792  1.00901517]
 [ 0.30971547  1.00552201]
 [ 0.31012483  1.00235974]
 [ 0.32147576  1.00249033]
 [ 0.32023071  0.99856622]
 [ 0.33576577  0.99064135]
 [ 0.34085625  0.99024441]
 [ 0.34183469  0.98791945]
 [ 0.35256121  0.98800653]
 [ 0.35545513  0.98450495]
 [ 0.35801798  0.98331526]
 [ 0.36052352  0.97943757]
 [ 0.36987623  0.97698927]
 [ 0.37212958  0.9751014 ]
 [ 0.37990886  0.97368261]
 [ 0.38643144  0.9709795 ]
 [ 0.39408777  0.96824329]
 [ 0.39655968  0.96419487]
 [ 0.40140964  0.9616498 ]
 [ 0.4111434   0.96184802]
 [ 0.41454205  0.95519611]
 [ 0.42309645  0.95436525]
 [ 0.42603393  0.95043544]
 [ 0.43606986  0.94915189]
 [ 0.43969615  0.94822703]
 [ 0.44031226  0.94260153]
 [ 0.45123586  0.93894704]
 [ 0.47040472  0.93335705]
 [ 0.47279742  0.93019957]
 [ 0.4813967   0.92421934]
 [ 0.48483634  0.92231588]
 [ 0.49199691  0.92116641]
 [ 0.49394767  0.91494466]
 [ 0.50054845  0.91197537]
 [ 0.50307535  0.91000776]
 [ 0.50986259  0.90646501]
 [ 0.51617036  0.90163173]
 [ 0.52216472  0.89893777]
 [ 0.52829363  0.89821893]
 [ 0.52852772  0.89769074]
 [ 0.53607067  0.89135392]
 [ 0.54257052  0.88675052]
 [ 0.54788492  0.88207101]
 [ 0.55619865  0.87846607]
 [ 0.56088628  0.87292168]
 [ 0.564221    0.87021871]
 [ 0.56910054  0.86935258]
 [ 0.5734105   0.86511564]
 [ 0.57705433  0.86077085]
 [ 0.58477602  0.85641081]
 [ 0.58502298  0.85511196]
 [ 0.5901146   0.8513618 ]
 [ 0.59460868  0.84914912]
 [ 0.60229514  0.84532143]
 [ 0.60405644  0.84284366]
 [ 0.60614902  0.83960602]
 [ 0.61306865  0.83603276]
 [ 0.61663893  0.832283  ]
 [ 0.62300178  0.82620862]
 [ 0.62804605  0.82230168]
 [ 0.63341298  0.81897207]
 [ 0.63700893  0.81614064]
 [ 0.64871179  0.80631642]
 [ 0.64949914  0.80420325]
 [ 0.65648431  0.79779347]
 [ 0.66397978  0.79342612]
 [ 0.66872681  0.79116597]
 [ 0.67209538  0.78841131]
 [ 0.67975679  0.78147701]
 [ 0.68255637  0.77550222]
 [ 0.68562731  0.77413217]
 [ 0.69389444  0.7662428 ]
 [ 0.69917912  0.756816  ]
 [ 0.70372182  0.75242789]
 [ 0.70857665  0.74968767]
 [ 0.71041721  0.74690882]
 [ 0.71640115  0.74061027]
 [ 0.71645425  0.74059021]
 [ 0.72495043  0.73737427]
 [ 0.73239431  0.72722748]
 [ 0.73500627  0.72310399]
 [ 0.74012585  0.71994524]
 [ 0.74211374  0.7153379 ]
 [ 0.74870784  0.70685542]
 [ 0.7551889   0.70575797]
 [ 0.75815609  0.69849783]
 [ 0.76011197  0.69109184]
 [ 0.76236487  0.68882534]
 [ 0.76973974  0.68386941]
 [ 0.77415181  0.67432137]
 [ 0.78009062  0.67091821]
 [ 0.78218827  0.66536283]
 [ 0.78605479  0.66052106]
 [ 0.7895193   0.65476146]
 [ 0.79404467  0.64900192]
 [ 0.79838523  0.64645258]
 [ 0.80611093  0.64147276]
 [ 0.80831216  0.63303002]
 [ 0.81133262  0.62545736]
 [ 0.81698611  0.61937294]
 [ 0.82077304  0.617791  ]
 [ 0.8227005   0.61164892]
 [ 0.82472421  0.60996708]
 [ 0.82893011  0.60199453]
 [ 0.829717    0.60198324]
 [ 0.83237717  0.59585979]
 [ 0.83642189  0.59139483]
 [ 0.84095     0.58599155]
 [ 0.84319538  0.57905581]
 [ 0.84801409  0.57089512]
 [ 0.85070213  0.56642369]
 [ 0.85476164  0.56189282]
 [ 0.86199436  0.55534743]
 [ 0.86239224  0.54735593]
 [ 0.86913035  0.54401593]
 [ 0.86957582  0.53616646]
 [ 0.87304902  0.53118997]
 [ 0.87717885  0.52660916]
 [ 0.87807604  0.52225532]
 [ 0.88056628  0.5164531 ]
 [ 0.88258123  0.5140977 ]
 [ 0.88704082  0.50824315]
 [ 0.89057922  0.50344928]
 [ 0.89336552  0.49542758]
 [ 0.89670248  0.48917562]
 [ 0.89902177  0.48347519]
 [ 0.90319164  0.47249483]
 [ 0.90848237  0.46923982]
 [ 0.9099026   0.46078839]
 [ 0.91418038  0.45680077]
 [ 0.91509695  0.44687676]
 [ 0.92300431  0.43736845]
 [ 0.92601126  0.42759027]
 [ 0.92692814  0.42058236]
 [ 0.93223615  0.40806271]
 [ 0.93839015  0.39888   ]
 [ 0.9419999   0.3866834 ]
 [ 0.94640964  0.3809227 ]
 [ 0.94594594  0.37349771]
 [ 0.9503063   0.36733244]
 [ 0.95400729  0.36162041]
 [ 0.95552949  0.35077484]
 [ 0.9594126   0.34338097]
 [ 0.95982112  0.33543999]
 [ 0.96431568  0.33196603]
 [ 0.96578847  0.32534161]
 [ 0.96890894  0.32308679]
 [ 0.97071746  0.30627013]
 [ 0.9735939   0.305254  ]
 [ 0.97506381  0.29577938]
 [ 0.9751721   0.29519191]
 [ 0.97838827  0.28362507]
 [ 0.97959115  0.276248  ]
 [ 0.98499542  0.26120842]
 [ 0.98682752  0.25698329]
 [ 0.99001403  0.25174706]
 [ 0.99113045  0.23373954]
 [ 0.99347669  0.2265096 ]
 [ 0.99605153  0.21805001]
 [ 0.99778574  0.2160566 ]
 [ 0.99950411  0.20747223]
 [ 0.99848243  0.20123463]
 [ 1.00213093  0.19516142]
 [ 1.00312818  0.18742688]
 [ 1.00560148  0.17630809]
 [ 1.00548894  0.17508401]
 [ 1.00671611  0.16753433]
 [ 1.00981556  0.16431062]
 [ 1.0095158   0.15691924]
 [ 1.01185861  0.15672838]
 [ 1.01341733  0.13784939]
 [ 1.01333379  0.13271413]
 [ 1.01579239  0.12401352]
 [ 1.01661998  0.11558688]
 [ 1.0199069   0.09582411]
 [ 1.02045227  0.09022887]
 [ 1.02312049  0.08406829]
 [ 1.02217462  0.07836831]
 [ 1.02434188  0.06183772]
 [ 1.02516892  0.05722234]
 [ 1.02635651  0.05038413]
 [ 1.02722924  0.03843948]
 [ 1.02776894  0.0378666 ]
 [ 1.02848299  0.02982497]
 [ 1.02858531  0.02879402]
 [ 1.02955703  0.01412876]
 [ 1.02981913  0.01344594]
 [ 1.03131662  0.00258921]
 [ 1.03176883 -0.00618609]
 [ 1.03163277 -0.01015263]
 [ 1.03255307 -0.019432  ]
 [ 1.03329015 -0.02819323]
 [ 1.03316422 -0.03035787]
 [ 1.03497471 -0.03726114]
 [ 1.03403942 -0.04462633]
 [ 1.03743896 -0.04845818]
 [ 1.04316646 -0.04974311]
 [ 1.05033731 -0.0497604 ]]",9,70
0.02161418601889719,0.018826497174396373,0.07157512246041521,0.581,3.732890473454358,3.7645552120219694,0.9915887171829801,2000,256,"[[9.99597554e-01 5.51885063e-01 3.77185257e-01 3.31512074e-01
  6.18504231e-01 5.79766509e-01]
 [9.99561676e-01 5.51885063e-01 3.85588262e-01 3.32314317e-01
  5.81123970e-01 5.93210193e-01]
 [9.98098059e-01 5.56401694e-01 3.76758343e-01 3.50118948e-01
  5.57887720e-01 5.79766509e-01]
 ...
 [8.98511319e-04 5.78369110e-01 4.73909371e-01 5.12711719e-01
  4.48145999e-01 5.81979137e-01]
 [5.33272220e-05 5.81076436e-01 5.49184391e-01 4.82708112e-01
  4.43294548e-01 5.56653755e-01]
 [1.81498091e-05 5.50678635e-01 5.67012217e-01 4.55591034e-01
  4.27595902e-01 5.86561861e-01]]","[[-4.58460745e-02  1.19640735e+00]
 [-4.24781369e-02  1.18201947e+00]
 [-3.89153163e-02  1.17066010e+00]
 [-3.79959771e-02  1.16143284e+00]
 [-3.61060548e-02  1.15422867e+00]
 [-3.24682955e-02  1.14727057e+00]
 [-3.31810172e-02  1.14120041e+00]
 [-3.38822474e-02  1.13668166e+00]
 [-2.30698541e-02  1.12546397e+00]
 [-2.55192715e-02  1.12186101e+00]
 [-2.45152676e-02  1.11994018e+00]
 [-1.33646937e-02  1.11696132e+00]
 [-1.27811914e-02  1.11457870e+00]
 [ 3.59174707e-03  1.11298731e+00]
 [ 8.41444190e-04  1.11146527e+00]
 [ 5.07847814e-03  1.11078594e+00]
 [ 4.42254631e-03  1.10615317e+00]
 [ 1.34454964e-02  1.10439282e+00]
 [ 1.95777524e-02  1.10399798e+00]
 [ 3.11228934e-02  1.10773135e+00]
 [ 3.76170683e-02  1.09429223e+00]
 [ 3.73173780e-02  1.09494817e+00]
 [ 4.83147187e-02  1.09437923e+00]
 [ 5.10172563e-02  1.08636878e+00]
 [ 5.10172563e-02  1.08636878e+00]
 [ 6.18240547e-02  1.08305994e+00]
 [ 6.27808563e-02  1.08537959e+00]
 [ 8.21277594e-02  1.08057686e+00]
 [ 8.03699136e-02  1.07664702e+00]
 [ 8.57457812e-02  1.07804731e+00]
 [ 9.55178735e-02  1.07700542e+00]
 [ 1.01118436e-01  1.07327516e+00]
 [ 1.14934232e-01  1.06620731e+00]
 [ 1.20306686e-01  1.06379021e+00]
 [ 1.20645965e-01  1.06313515e+00]
 [ 1.27500079e-01  1.06058202e+00]
 [ 1.33335388e-01  1.05901560e+00]
 [ 1.47773842e-01  1.05428032e+00]
 [ 1.55945291e-01  1.05259837e+00]
 [ 1.61452890e-01  1.05087498e+00]
 [ 1.73513777e-01  1.04706652e+00]
 [ 1.78744419e-01  1.04418481e+00]
 [ 1.87156656e-01  1.04208584e+00]
 [ 1.96091317e-01  1.03976163e+00]
 [ 2.00731057e-01  1.03772328e+00]
 [ 2.08729311e-01  1.03630706e+00]
 [ 2.15339228e-01  1.03363796e+00]
 [ 2.20702203e-01  1.02918888e+00]
 [ 2.27447673e-01  1.02741285e+00]
 [ 2.37009122e-01  1.02568437e+00]
 [ 2.45741875e-01  1.02321605e+00]
 [ 2.50653492e-01  1.02175860e+00]
 [ 2.55492348e-01  1.01911220e+00]
 [ 2.60077767e-01  1.01789764e+00]
 [ 2.65579899e-01  1.01615943e+00]
 [ 2.70353833e-01  1.01415086e+00]
 [ 2.75837844e-01  1.01279526e+00]
 [ 2.81582274e-01  1.00733755e+00]
 [ 2.87664810e-01  1.00762863e+00]
 [ 2.93214103e-01  1.00605826e+00]
 [ 3.08001063e-01  9.98683317e-01]
 [ 3.17301476e-01  9.97118278e-01]
 [ 3.25448347e-01  9.92246132e-01]
 [ 3.32280221e-01  9.89212699e-01]
 [ 3.40243554e-01  9.88858916e-01]
 [ 3.48636921e-01  9.87166813e-01]
 [ 3.53058723e-01  9.82345906e-01]
 [ 3.61367366e-01  9.75502263e-01]
 [ 3.64858118e-01  9.74029591e-01]
 [ 3.75684491e-01  9.72217126e-01]
 [ 3.75907343e-01  9.70082594e-01]
 [ 3.77747719e-01  9.70124656e-01]
 [ 3.85860382e-01  9.65380312e-01]
 [ 3.88030601e-01  9.64872195e-01]
 [ 3.95795180e-01  9.61964817e-01]
 [ 4.04856398e-01  9.55962566e-01]
 [ 4.12896431e-01  9.52774080e-01]
 [ 4.16182093e-01  9.52939125e-01]
 [ 4.19849848e-01  9.47817513e-01]
 [ 4.25624964e-01  9.45782514e-01]
 [ 4.37411377e-01  9.39594807e-01]
 [ 4.44270913e-01  9.37187029e-01]
 [ 4.48673824e-01  9.34250289e-01]
 [ 4.59272002e-01  9.28585101e-01]
 [ 4.59850391e-01  9.28044444e-01]
 [ 4.71402926e-01  9.25512023e-01]
 [ 4.73348253e-01  9.24924164e-01]
 [ 4.80613097e-01  9.18137009e-01]
 [ 4.80941302e-01  9.16997092e-01]
 [ 4.87322930e-01  9.14135147e-01]
 [ 4.92576503e-01  9.13378565e-01]
 [ 4.94376413e-01  9.11290215e-01]
 [ 5.11186282e-01  9.03095783e-01]
 [ 5.11186282e-01  9.03095783e-01]
 [ 5.16430731e-01  8.98759308e-01]
 [ 5.19120772e-01  8.97855852e-01]
 [ 5.23294633e-01  8.94787435e-01]
 [ 5.35753433e-01  8.90105668e-01]
 [ 5.37612366e-01  8.89633015e-01]
 [ 5.52100258e-01  8.80675009e-01]
 [ 5.56158425e-01  8.74981716e-01]
 [ 5.63268589e-01  8.73154108e-01]
 [ 5.70267851e-01  8.67597597e-01]
 [ 5.83225951e-01  8.61435672e-01]
 [ 5.85120441e-01  8.59617464e-01]
 [ 5.95488318e-01  8.53725938e-01]
 [ 6.01168413e-01  8.50243921e-01]
 [ 6.03492923e-01  8.47995919e-01]
 [ 6.08144074e-01  8.45954583e-01]
 [ 6.15169422e-01  8.39806570e-01]
 [ 6.23321847e-01  8.35759968e-01]
 [ 6.21608220e-01  8.34669535e-01]
 [ 6.32477936e-01  8.28700507e-01]
 [ 6.34537554e-01  8.27976917e-01]
 [ 6.38837793e-01  8.24441430e-01]
 [ 6.38933400e-01  8.24354968e-01]
 [ 6.49453355e-01  8.18225915e-01]
 [ 6.51961573e-01  8.14717437e-01]
 [ 6.62146969e-01  8.07521204e-01]
 [ 6.73701583e-01  8.00724592e-01]
 [ 6.82802447e-01  7.95190608e-01]
 [ 6.88107541e-01  7.89347748e-01]
 [ 6.92647628e-01  7.88034581e-01]
 [ 6.97588890e-01  7.84957669e-01]
 [ 7.00791532e-01  7.82419402e-01]
 [ 7.06056856e-01  7.78860938e-01]
 [ 7.13107213e-01  7.74492151e-01]
 [ 7.18682195e-01  7.69463831e-01]
 [ 7.20580551e-01  7.68448359e-01]
 [ 7.22828127e-01  7.63592168e-01]
 [ 7.31008447e-01  7.60522840e-01]
 [ 7.37858564e-01  7.55161778e-01]
 [ 7.40806416e-01  7.50248347e-01]
 [ 7.51633962e-01  7.47885183e-01]
 [ 7.54245915e-01  7.39813234e-01]
 [ 7.63595528e-01  7.32154131e-01]
 [ 7.74029828e-01  7.23270418e-01]
 [ 7.79840624e-01  7.18302538e-01]
 [ 7.85838485e-01  7.13530436e-01]
 [ 7.93010904e-01  7.09149982e-01]
 [ 7.92464108e-01  7.05369743e-01]
 [ 7.99865320e-01  6.99172329e-01]
 [ 8.08794570e-01  7.00689262e-01]
 [ 8.08664229e-01  6.94339564e-01]
 [ 8.10720772e-01  6.87104505e-01]
 [ 8.14760283e-01  6.84644217e-01]
 [ 8.20595867e-01  6.76721391e-01]
 [ 8.25160940e-01  6.73753974e-01]
 [ 8.33682974e-01  6.72487345e-01]
 [ 8.33526655e-01  6.64822667e-01]
 [ 8.36485416e-01  6.62932946e-01]
 [ 8.50305771e-01  6.56392621e-01]
 [ 8.48594231e-01  6.46341310e-01]
 [ 8.53271143e-01  6.40910356e-01]
 [ 8.57790656e-01  6.37464562e-01]
 [ 8.65569257e-01  6.32060286e-01]
 [ 8.66801804e-01  6.25877087e-01]
 [ 8.74167923e-01  6.20416716e-01]
 [ 8.79475361e-01  6.17415513e-01]
 [ 8.91085429e-01  6.07914953e-01]
 [ 8.91719973e-01  6.07879008e-01]
 [ 8.91048735e-01  5.99478179e-01]
 [ 8.94572782e-01  5.94109381e-01]
 [ 9.05146146e-01  5.86555822e-01]
 [ 9.06407362e-01  5.81540816e-01]
 [ 9.01962995e-01  5.76817981e-01]
 [ 9.08810105e-01  5.68776203e-01]
 [ 9.16710343e-01  5.66153196e-01]
 [ 9.14834917e-01  5.57758630e-01]
 [ 9.15812094e-01  5.55865489e-01]
 [ 9.23307960e-01  5.47970942e-01]
 [ 9.30187500e-01  5.38069928e-01]
 [ 9.30564813e-01  5.30019180e-01]
 [ 9.36263949e-01  5.26391761e-01]
 [ 9.37909171e-01  5.23042378e-01]
 [ 9.38044697e-01  5.18025384e-01]
 [ 9.38906795e-01  5.09467109e-01]
 [ 9.40731408e-01  5.06894623e-01]
 [ 9.48616478e-01  4.99280910e-01]
 [ 9.47620591e-01  4.94943470e-01]
 [ 9.53426783e-01  4.87728124e-01]
 [ 9.58576111e-01  4.74804414e-01]
 [ 9.60272212e-01  4.67277964e-01]
 [ 9.65255653e-01  4.57011845e-01]
 [ 9.68258358e-01  4.44204427e-01]
 [ 9.76204587e-01  4.33225555e-01]
 [ 9.83145575e-01  4.18793497e-01]
 [ 9.81714573e-01  4.05290213e-01]
 [ 9.81886366e-01  4.05162250e-01]
 [ 9.86306883e-01  3.95699288e-01]
 [ 9.86320505e-01  3.95008792e-01]
 [ 9.90650172e-01  3.81583043e-01]
 [ 1.00083414e+00  3.79945010e-01]
 [ 9.94313338e-01  3.67353212e-01]
 [ 1.00717868e+00  3.62676954e-01]
 [ 9.98906915e-01  3.49613660e-01]
 [ 1.00938457e+00  3.38309550e-01]
 [ 1.01053076e+00  3.28199472e-01]
 [ 1.02244240e+00  3.15518784e-01]
 [ 1.02617635e+00  3.03050112e-01]
 [ 1.02554457e+00  3.02613720e-01]
 [ 1.03871637e+00  2.78554850e-01]
 [ 1.03435061e+00  2.68729836e-01]
 [ 1.04070687e+00  2.69546252e-01]
 [ 1.04499907e+00  2.60777940e-01]
 [ 1.05092078e+00  2.42215172e-01]
 [ 1.04862284e+00  2.33875308e-01]
 [ 1.05273964e+00  2.20635389e-01]
 [ 1.05454080e+00  2.16302088e-01]
 [ 1.05977366e+00  2.08664413e-01]
 [ 1.05779167e+00  2.05589157e-01]
 [ 1.05902046e+00  1.94865993e-01]
 [ 1.05506634e+00  1.89321317e-01]
 [ 1.06841139e+00  1.80918330e-01]
 [ 1.06391080e+00  1.68419589e-01]
 [ 1.06490294e+00  1.65748691e-01]
 [ 1.06324508e+00  1.54157779e-01]
 [ 1.06899244e+00  1.43530309e-01]
 [ 1.07241032e+00  1.39253877e-01]
 [ 1.06953000e+00  1.31747433e-01]
 [ 1.07341858e+00  1.25788546e-01]
 [ 1.07351262e+00  1.12181307e-01]
 [ 1.07685116e+00  1.06293138e-01]
 [ 1.07560837e+00  1.04407997e-01]
 [ 1.08417598e+00  1.00476303e-01]
 [ 1.08801714e+00  9.01063113e-02]
 [ 1.08974743e+00  8.82280613e-02]
 [ 1.09212506e+00  7.92269933e-02]
 [ 1.09657604e+00  6.79846840e-02]
 [ 1.09832370e+00  6.38425243e-02]
 [ 1.09765608e+00  5.88953239e-02]
 [ 1.09999336e+00  5.40508132e-02]
 [ 1.10081260e+00  5.05931583e-02]
 [ 1.10144442e+00  4.25107595e-02]
 [ 1.10464807e+00  4.16431081e-02]
 [ 1.10765485e+00  3.21955072e-02]
 [ 1.10943719e+00  2.51031224e-02]
 [ 1.10745639e+00  1.84742246e-02]
 [ 1.10931050e+00  1.30525786e-02]
 [ 1.11382512e+00  1.02209160e-02]
 [ 1.11577132e+00  5.27920776e-03]
 [ 1.11635372e+00 -4.54307406e-03]
 [ 1.11908167e+00 -8.39900770e-03]
 [ 1.12496898e+00 -1.31776271e-02]
 [ 1.12663088e+00 -2.04999777e-02]
 [ 1.13268009e+00 -2.69738856e-02]
 [ 1.13359361e+00 -3.66102689e-02]
 [ 1.13905032e+00 -4.46046303e-02]
 [ 1.13911600e+00 -4.84528100e-02]
 [ 1.14284234e+00 -5.91300355e-02]
 [ 1.14446388e+00 -6.19014936e-02]
 [ 1.14897011e+00 -7.05750692e-02]
 [ 1.15669957e+00 -7.10829963e-02]
 [ 1.15445876e+00 -7.42081533e-02]
 [ 1.16207483e+00 -8.01416560e-02]
 [ 1.17152831e+00 -8.06569921e-02]]",10,70
0.015392029919049807,0.00940911542106867,0.16366822211978774,0.8675,3.747504983776138,3.7645552120219694,0.9954708518572453,2000,256,"[[9.99848283e-01 4.61447632e-01 4.81176587e-01 4.47413735e-01
  5.18947786e-01 5.31435170e-01]
 [9.99848283e-01 4.31983496e-01 4.90024867e-01 4.47413735e-01
  5.30557415e-01 4.84706218e-01]
 [9.99418350e-01 4.10671144e-01 5.08867374e-01 4.80427794e-01
  5.54700342e-01 4.84300087e-01]
 ...
 [3.97039377e-03 8.27816968e-01 3.57303269e-01 4.04248676e-01
  4.82355716e-01 4.84256891e-01]
 [2.39786732e-03 8.34571209e-01 3.44926467e-01 4.58186608e-01
  4.72974537e-01 5.21788411e-01]
 [9.87294876e-04 8.40803555e-01 3.44926467e-01 4.01926626e-01
  4.72974537e-01 6.14562622e-01]]","[[-1.13119087e-01  1.20423292e+00]
 [-1.11357667e-01  1.20086647e+00]
 [-1.05667278e-01  1.19562385e+00]
 [-9.60082712e-02  1.19196495e+00]
 [-8.36592265e-02  1.18893582e+00]
 [-7.67303768e-02  1.17973403e+00]
 [-7.36656311e-02  1.18171770e+00]
 [-6.34584570e-02  1.17699314e+00]
 [-4.76285600e-02  1.17432328e+00]
 [-4.40901910e-02  1.17121972e+00]
 [-3.43124661e-02  1.16363636e+00]
 [-2.25657228e-02  1.16136951e+00]
 [-1.30078265e-02  1.15659593e+00]
 [-8.41370435e-03  1.15880160e+00]
 [ 3.64595641e-03  1.15033446e+00]
 [ 8.80783454e-03  1.15786335e+00]
 [ 1.50838779e-02  1.14761977e+00]
 [ 1.65180483e-02  1.14859627e+00]
 [ 2.36451142e-02  1.14376318e+00]
 [ 3.57159796e-02  1.13752405e+00]
 [ 3.88049930e-02  1.14373208e+00]
 [ 4.65317043e-02  1.13731298e+00]
 [ 6.54804702e-02  1.13314123e+00]
 [ 7.25575647e-02  1.13081858e+00]
 [ 7.76994710e-02  1.12991003e+00]
 [ 8.97610916e-02  1.12440329e+00]
 [ 9.78405988e-02  1.12112182e+00]
 [ 1.02184432e-01  1.12015993e+00]
 [ 1.19773176e-01  1.11330589e+00]
 [ 1.24616785e-01  1.10990906e+00]
 [ 1.32189273e-01  1.10815349e+00]
 [ 1.39083989e-01  1.11176508e+00]
 [ 1.42947588e-01  1.10367438e+00]
 [ 1.49166131e-01  1.10437536e+00]
 [ 1.52854309e-01  1.10084101e+00]
 [ 1.65772473e-01  1.09587736e+00]
 [ 1.74728464e-01  1.08941264e+00]
 [ 1.88842270e-01  1.09292133e+00]
 [ 1.88842270e-01  1.09292133e+00]
 [ 1.99652575e-01  1.08540624e+00]
 [ 1.99616373e-01  1.07945904e+00]
 [ 2.06378339e-01  1.07813058e+00]
 [ 2.12172349e-01  1.07868322e+00]
 [ 2.19449685e-01  1.07041445e+00]
 [ 2.20731881e-01  1.07043721e+00]
 [ 2.30295093e-01  1.06523342e+00]
 [ 2.30845909e-01  1.06486157e+00]
 [ 2.42906856e-01  1.06217928e+00]
 [ 2.44878612e-01  1.05862351e+00]
 [ 2.54558896e-01  1.05700409e+00]
 [ 2.57035067e-01  1.05473349e+00]
 [ 2.67819827e-01  1.04715283e+00]
 [ 2.73100761e-01  1.04691973e+00]
 [ 2.82224242e-01  1.04114216e+00]
 [ 2.87536582e-01  1.03803334e+00]
 [ 2.99228774e-01  1.03502653e+00]
 [ 3.02873692e-01  1.03028520e+00]
 [ 3.12324975e-01  1.03439197e+00]
 [ 3.16840105e-01  1.02782060e+00]
 [ 3.21139775e-01  1.02307786e+00]
 [ 3.31470005e-01  1.02221976e+00]
 [ 3.37372112e-01  1.01805539e+00]
 [ 3.41394051e-01  1.01622709e+00]
 [ 3.51423905e-01  1.00792127e+00]
 [ 3.54887191e-01  1.01101855e+00]
 [ 3.70126249e-01  1.00061196e+00]
 [ 3.79097284e-01  9.97905988e-01]
 [ 3.87220772e-01  9.92163759e-01]
 [ 3.93155156e-01  9.94076285e-01]
 [ 3.99893824e-01  9.89208208e-01]
 [ 4.12022079e-01  9.86723861e-01]
 [ 4.16755600e-01  9.78839629e-01]
 [ 4.18556661e-01  9.81692810e-01]
 [ 4.25403886e-01  9.76184157e-01]
 [ 4.39454800e-01  9.69507190e-01]
 [ 4.43485903e-01  9.68147566e-01]
 [ 4.52627801e-01  9.62308519e-01]
 [ 4.59408228e-01  9.67606704e-01]
 [ 4.66685560e-01  9.62213861e-01]
 [ 4.69945543e-01  9.56305092e-01]
 [ 4.78685941e-01  9.51637861e-01]
 [ 4.82086481e-01  9.49511333e-01]
 [ 4.89692452e-01  9.46459480e-01]
 [ 5.00456994e-01  9.43913665e-01]
 [ 5.06232118e-01  9.40677997e-01]
 [ 5.14431514e-01  9.37951997e-01]
 [ 5.21126184e-01  9.39169800e-01]
 [ 5.28947679e-01  9.32783918e-01]
 [ 5.29288083e-01  9.30280055e-01]
 [ 5.41726528e-01  9.29565363e-01]
 [ 5.50852958e-01  9.25740367e-01]
 [ 5.57713520e-01  9.16215453e-01]
 [ 5.65535500e-01  9.13615421e-01]
 [ 5.68321790e-01  9.16947136e-01]
 [ 5.80602054e-01  9.06442742e-01]
 [ 5.81942251e-01  9.04872128e-01]
 [ 5.96184943e-01  8.97829950e-01]
 [ 6.07146550e-01  8.90558319e-01]
 [ 6.11849595e-01  8.93818682e-01]
 [ 6.21189607e-01  8.85775816e-01]
 [ 6.21124842e-01  8.85772596e-01]
 [ 6.34371531e-01  8.74529492e-01]
 [ 6.36828318e-01  8.75758750e-01]
 [ 6.44703232e-01  8.68947766e-01]
 [ 6.52116724e-01  8.60937242e-01]
 [ 6.59667037e-01  8.59806415e-01]
 [ 6.61633481e-01  8.54960069e-01]
 [ 6.68000188e-01  8.49710444e-01]
 [ 6.75051515e-01  8.45865059e-01]
 [ 6.78026812e-01  8.40425731e-01]
 [ 6.81970281e-01  8.38355717e-01]
 [ 6.89786032e-01  8.29645810e-01]
 [ 6.95926514e-01  8.22984687e-01]
 [ 6.98880980e-01  8.20072798e-01]
 [ 7.02805349e-01  8.17419292e-01]
 [ 7.05512108e-01  8.12665790e-01]
 [ 7.12432763e-01  8.05376395e-01]
 [ 7.14368314e-01  8.02670222e-01]
 [ 7.20087031e-01  7.99467492e-01]
 [ 7.19617918e-01  7.95857299e-01]
 [ 7.24108235e-01  7.90864748e-01]
 [ 7.27732887e-01  7.87248126e-01]
 [ 7.32190226e-01  7.85733726e-01]
 [ 7.35315500e-01  7.76626134e-01]
 [ 7.38289505e-01  7.72813698e-01]
 [ 7.42001498e-01  7.69208920e-01]
 [ 7.43829414e-01  7.66053275e-01]
 [ 7.50779396e-01  7.56248541e-01]
 [ 7.55942025e-01  7.53846791e-01]
 [ 7.61275370e-01  7.44107010e-01]
 [ 7.63596846e-01  7.37054344e-01]
 [ 7.68216886e-01  7.30460148e-01]
 [ 7.70801724e-01  7.26424974e-01]
 [ 7.76753805e-01  7.19435188e-01]
 [ 7.81702904e-01  7.08710219e-01]
 [ 7.82378461e-01  7.07679848e-01]
 [ 7.87935164e-01  6.98482998e-01]
 [ 7.93837387e-01  6.91161525e-01]
 [ 7.94930232e-01  6.88230008e-01]
 [ 7.98330596e-01  6.80641970e-01]
 [ 8.03379155e-01  6.70677247e-01]
 [ 8.07370426e-01  6.63563048e-01]
 [ 8.13938486e-01  6.63669731e-01]
 [ 8.14245544e-01  6.51930833e-01]
 [ 8.14800405e-01  6.51181689e-01]
 [ 8.19521547e-01  6.42083204e-01]
 [ 8.25058161e-01  6.31572489e-01]
 [ 8.27006418e-01  6.26216928e-01]
 [ 8.31067220e-01  6.20567708e-01]
 [ 8.32833128e-01  6.16706189e-01]
 [ 8.35842481e-01  6.14722009e-01]
 [ 8.37038384e-01  6.08167249e-01]
 [ 8.41905845e-01  5.98705740e-01]
 [ 8.45283750e-01  5.90471415e-01]
 [ 8.49093553e-01  5.82763059e-01]
 [ 8.53269006e-01  5.74989606e-01]
 [ 8.56101501e-01  5.68839266e-01]
 [ 8.64055242e-01  5.54168809e-01]
 [ 8.66610771e-01  5.47654121e-01]
 [ 8.71118743e-01  5.41460821e-01]
 [ 8.72642913e-01  5.36573280e-01]
 [ 8.76658478e-01  5.28239869e-01]
 [ 8.80589820e-01  5.21511767e-01]
 [ 8.84693296e-01  5.13401666e-01]
 [ 8.86758512e-01  5.08867430e-01]
 [ 8.89961632e-01  4.98879518e-01]
 [ 8.93331954e-01  4.94452639e-01]
 [ 8.96391439e-01  4.88306353e-01]
 [ 9.02573152e-01  4.75110805e-01]
 [ 9.07223076e-01  4.62849375e-01]
 [ 9.11432638e-01  4.54127997e-01]
 [ 9.16327566e-01  4.46293477e-01]
 [ 9.17197614e-01  4.44767562e-01]
 [ 9.19429207e-01  4.38405189e-01]
 [ 9.23801233e-01  4.33885659e-01]
 [ 9.24119990e-01  4.26883765e-01]
 [ 9.26036125e-01  4.23051851e-01]
 [ 9.29076731e-01  4.19527650e-01]
 [ 9.31577033e-01  4.12051406e-01]
 [ 9.36231335e-01  4.06252943e-01]
 [ 9.38235552e-01  3.99320363e-01]
 [ 9.49453956e-01  3.83353843e-01]
 [ 9.51750720e-01  3.71897196e-01]
 [ 9.58094733e-01  3.67875781e-01]
 [ 9.59865456e-01  3.62258861e-01]
 [ 9.64473735e-01  3.47628052e-01]
 [ 9.68253467e-01  3.39268300e-01]
 [ 9.73338159e-01  3.30211457e-01]
 [ 9.76159891e-01  3.25823410e-01]
 [ 9.77788252e-01  3.20779108e-01]
 [ 9.80465760e-01  3.15004988e-01]
 [ 9.87086982e-01  3.05684781e-01]
 [ 9.92396073e-01  3.01214170e-01]
 [ 9.93895821e-01  2.92705376e-01]
 [ 9.98430478e-01  2.82186962e-01]
 [ 1.00345506e+00  2.73115014e-01]
 [ 1.00597383e+00  2.69411845e-01]
 [ 1.01060165e+00  2.62307009e-01]
 [ 1.01205346e+00  2.61497250e-01]
 [ 1.01924525e+00  2.46459468e-01]
 [ 1.02549435e+00  2.38156208e-01]
 [ 1.02536328e+00  2.35321152e-01]
 [ 1.03162280e+00  2.25691185e-01]
 [ 1.03769159e+00  2.20628440e-01]
 [ 1.04184469e+00  2.19821646e-01]
 [ 1.04190206e+00  2.10441191e-01]
 [ 1.04435388e+00  2.05631582e-01]
 [ 1.04984876e+00  1.96595868e-01]
 [ 1.05526219e+00  1.95979724e-01]
 [ 1.05670860e+00  1.86664549e-01]
 [ 1.06162892e+00  1.79718498e-01]
 [ 1.06766887e+00  1.72559115e-01]
 [ 1.07277881e+00  1.64286603e-01]
 [ 1.07971382e+00  1.51877412e-01]
 [ 1.08332554e+00  1.49632546e-01]
 [ 1.08438592e+00  1.41068345e-01]
 [ 1.08883720e+00  1.35554993e-01]
 [ 1.09335126e+00  1.34164615e-01]
 [ 1.10025881e+00  1.19672078e-01]
 [ 1.10159533e+00  1.15358272e-01]
 [ 1.11315444e+00  1.02425048e-01]
 [ 1.11715210e+00  1.07526546e-01]
 [ 1.11994533e+00  8.88292528e-02]
 [ 1.12449659e+00  8.53838863e-02]
 [ 1.13308583e+00  8.92750629e-02]
 [ 1.13555843e+00  8.90720207e-02]
 [ 1.13716094e+00  6.81296046e-02]
 [ 1.14442920e+00  6.66590262e-02]
 [ 1.15133739e+00  5.39610850e-02]
 [ 1.15759463e+00  5.23323927e-02]
 [ 1.15707190e+00  4.21232496e-02]
 [ 1.16308832e+00  4.32854711e-02]
 [ 1.16821993e+00  3.08879567e-02]
 [ 1.17510895e+00  2.48171790e-02]
 [ 1.17650955e+00  2.24722451e-02]
 [ 1.18524200e+00  3.19149003e-02]
 [ 1.19328585e+00  2.20909185e-02]
 [ 1.19741537e+00  1.54141245e-02]
 [ 1.20202535e+00 -4.76228272e-04]
 [ 1.20692806e+00 -2.70190687e-03]
 [ 1.21455192e+00 -4.26255903e-03]
 [ 1.22399940e+00 -4.05367417e-03]
 [ 1.22825456e+00 -1.28665868e-02]
 [ 1.23772551e+00 -1.39762759e-02]
 [ 1.24329162e+00 -8.34247377e-03]
 [ 1.24604552e+00 -2.88473463e-02]
 [ 1.26070284e+00 -3.06762201e-02]
 [ 1.26346386e+00 -3.40673704e-02]
 [ 1.27057135e+00 -3.67727716e-02]
 [ 1.28729388e+00 -3.28812252e-02]
 [ 1.29007363e+00 -3.63526221e-02]
 [ 1.30944524e+00 -3.20245743e-02]
 [ 1.31234233e+00 -3.15969523e-02]
 [ 1.32735588e+00 -2.47185625e-02]
 [ 1.33008853e+00 -2.80295586e-02]
 [ 1.34294247e+00 -2.50982670e-02]]",11,70
0.01861311114450698,0.01552917489184566,0.0597982209108635,0.5325,3.739222270753329,3.7645552120219694,0.9932706681552355,2000,256,"[[9.99866958e-01 5.06492142e-01 5.79625604e-01 5.24044841e-01
  4.54060274e-01 5.59630684e-01]
 [9.99866958e-01 5.06712216e-01 5.71356632e-01 5.20091770e-01
  4.54768919e-01 5.28041276e-01]
 [9.99996369e-01 4.78200524e-01 5.53572676e-01 4.58986751e-01
  4.76801261e-01 5.52506116e-01]
 ...
 [1.03184989e-03 3.61817221e-01 5.97705262e-01 4.40731653e-01
  5.79999479e-01 5.42525651e-01]
 [2.71418826e-03 4.45930935e-01 6.45303856e-01 4.37170591e-01
  5.93658454e-01 4.94335810e-01]
 [1.00814042e-04 4.45930935e-01 6.45303856e-01 4.39111284e-01
  5.84769396e-01 4.94335810e-01]]","[[-0.098743    1.13277146]
 [-0.09780897  1.12736707]
 [-0.09621948  1.12251844]
 [-0.09510558  1.11870109]
 [-0.0919866   1.11944861]
 [-0.08794299  1.12009175]
 [-0.08497136  1.11716626]
 [-0.07404497  1.11457114]
 [-0.06790115  1.11418019]
 [-0.05493929  1.11692678]
 [-0.05462205  1.11135037]
 [-0.04778261  1.10744841]
 [-0.04017797  1.10523684]
 [-0.03012107  1.10331046]
 [-0.01853658  1.10088465]
 [-0.01055842  1.10214643]
 [ 0.00174448  1.0999257 ]
 [ 0.00828714  1.09477965]
 [ 0.02300429  1.09350451]
 [ 0.02367619  1.09380238]
 [ 0.03403868  1.0935434 ]
 [ 0.04487653  1.08873906]
 [ 0.05249197  1.08632571]
 [ 0.05698851  1.08638583]
 [ 0.07072469  1.0848268 ]
 [ 0.0847524   1.08150235]
 [ 0.09088422  1.0807931 ]
 [ 0.0934503   1.07769095]
 [ 0.10418483  1.07362932]
 [ 0.11884078  1.0739862 ]
 [ 0.12494422  1.07256503]
 [ 0.13841522  1.06545193]
 [ 0.14793211  1.06293768]
 [ 0.1558144   1.05832568]
 [ 0.15820141  1.05757357]
 [ 0.16734741  1.05902659]
 [ 0.18072986  1.05447428]
 [ 0.18957785  1.05311163]
 [ 0.19581473  1.04897712]
 [ 0.20374895  1.04656049]
 [ 0.21639047  1.04575146]
 [ 0.22169019  1.04520749]
 [ 0.23024136  1.03583167]
 [ 0.23907949  1.03217496]
 [ 0.24061025  1.03350018]
 [ 0.24899749  1.03027671]
 [ 0.25879915  1.02725348]
 [ 0.26174497  1.02384799]
 [ 0.26839812  1.02081994]
 [ 0.28916048  1.01532265]
 [ 0.2977453   1.01415387]
 [ 0.30128755  1.00962196]
 [ 0.30927922  1.00810206]
 [ 0.3137002   1.00622872]
 [ 0.31971286  1.00144961]
 [ 0.32176855  1.00333721]
 [ 0.32850932  0.99430902]
 [ 0.33023026  0.9972892 ]
 [ 0.34237029  0.99174994]
 [ 0.342408    0.99179062]
 [ 0.35325619  0.98207764]
 [ 0.3581453   0.98278794]
 [ 0.36085995  0.98150518]
 [ 0.36553962  0.98244702]
 [ 0.3752452   0.97271651]
 [ 0.37994943  0.97278242]
 [ 0.38739214  0.97039133]
 [ 0.39423096  0.96589372]
 [ 0.40039656  0.96064751]
 [ 0.40755695  0.95988501]
 [ 0.41031135  0.95505048]
 [ 0.41892455  0.94964231]
 [ 0.42305591  0.94753944]
 [ 0.42938283  0.94336038]
 [ 0.43456132  0.94359171]
 [ 0.43910447  0.94076987]
 [ 0.44068683  0.93807458]
 [ 0.44576078  0.93533246]
 [ 0.4501358   0.93338186]
 [ 0.45365647  0.93086764]
 [ 0.4559675   0.93090361]
 [ 0.46458991  0.92305376]
 [ 0.47515098  0.92019016]
 [ 0.48058646  0.91169022]
 [ 0.48608094  0.91025953]
 [ 0.49104833  0.90542776]
 [ 0.4928184   0.90735473]
 [ 0.49938853  0.90310864]
 [ 0.51013144  0.89246015]
 [ 0.51751851  0.88842034]
 [ 0.5273415   0.88268751]
 [ 0.53728099  0.8750066 ]
 [ 0.54696318  0.86824477]
 [ 0.55018894  0.8648577 ]
 [ 0.56017356  0.85862427]
 [ 0.56728941  0.85308088]
 [ 0.5702207   0.8512324 ]
 [ 0.57427255  0.84738765]
 [ 0.58121924  0.84264956]
 [ 0.58701258  0.83754141]
 [ 0.59030833  0.83684963]
 [ 0.60276232  0.82613077]
 [ 0.61139357  0.81986878]
 [ 0.61266547  0.81937217]
 [ 0.62069939  0.81352318]
 [ 0.62736239  0.80717938]
 [ 0.63368868  0.80227889]
 [ 0.6394675   0.79640356]
 [ 0.64599048  0.79292783]
 [ 0.64887916  0.78917412]
 [ 0.65781981  0.78445508]
 [ 0.66261196  0.77687828]
 [ 0.66386909  0.77695182]
 [ 0.67167235  0.76798254]
 [ 0.67181308  0.76761429]
 [ 0.67901044  0.76194703]
 [ 0.68207256  0.75872808]
 [ 0.68836878  0.75301143]
 [ 0.69231063  0.75095948]
 [ 0.69660404  0.74560339]
 [ 0.70538224  0.73760583]
 [ 0.70797497  0.73416832]
 [ 0.71488405  0.72977406]
 [ 0.71494774  0.72760339]
 [ 0.72080588  0.72166958]
 [ 0.72810009  0.71489624]
 [ 0.72911671  0.71473034]
 [ 0.73515616  0.70944214]
 [ 0.74048149  0.70617255]
 [ 0.74683957  0.70122018]
 [ 0.75144271  0.69779301]
 [ 0.7538678   0.69334365]
 [ 0.75748677  0.6886452 ]
 [ 0.76369659  0.68226822]
 [ 0.76791356  0.67724705]
 [ 0.77631578  0.66766715]
 [ 0.7848675   0.66539396]
 [ 0.78855794  0.65365119]
 [ 0.79605558  0.64956733]
 [ 0.80261464  0.64188277]
 [ 0.80565837  0.63425388]
 [ 0.80652834  0.63425626]
 [ 0.81413437  0.62876383]
 [ 0.81885781  0.62091839]
 [ 0.82517969  0.61507581]
 [ 0.83266376  0.60466475]
 [ 0.8327007   0.6047101 ]
 [ 0.83825823  0.59629273]
 [ 0.84035164  0.59607019]
 [ 0.84529824  0.58663305]
 [ 0.85094662  0.5857805 ]
 [ 0.85706912  0.57408435]
 [ 0.86112076  0.5706946 ]
 [ 0.86556245  0.56353363]
 [ 0.86770826  0.55819472]
 [ 0.87321134  0.55290089]
 [ 0.87735177  0.54681006]
 [ 0.88337152  0.53854832]
 [ 0.8882961   0.53487703]
 [ 0.89330237  0.52735724]
 [ 0.89805836  0.52426496]
 [ 0.90027405  0.51833271]
 [ 0.9056848   0.51053046]
 [ 0.90839586  0.50819965]
 [ 0.91343242  0.50140556]
 [ 0.91997039  0.49604585]
 [ 0.92151001  0.48682186]
 [ 0.92762578  0.47758927]
 [ 0.93404623  0.4696577 ]
 [ 0.93597944  0.46538665]
 [ 0.94308173  0.46040506]
 [ 0.94582835  0.45130179]
 [ 0.9490029   0.44886075]
 [ 0.95300378  0.44327163]
 [ 0.95529385  0.4432443 ]
 [ 0.96203057  0.43556444]
 [ 0.96307541  0.42605588]
 [ 0.96514758  0.41761654]
 [ 0.97151557  0.4153369 ]
 [ 0.97635127  0.40788554]
 [ 0.97594783  0.40595469]
 [ 0.9793541   0.4004525 ]
 [ 0.97897221  0.39935799]
 [ 0.98441437  0.39308698]
 [ 0.99040278  0.37635039]
 [ 0.9949296   0.37270766]
 [ 0.99861717  0.35645728]
 [ 1.00443964  0.35793698]
 [ 1.00937934  0.35155483]
 [ 1.01424662  0.34550351]
 [ 1.01571769  0.33193713]
 [ 1.02172917  0.33372859]
 [ 1.02162093  0.32627278]
 [ 1.02790592  0.31748131]
 [ 1.03239368  0.31558848]
 [ 1.03357597  0.30108107]
 [ 1.03960162  0.29255631]
 [ 1.04333845  0.28745666]
 [ 1.04576108  0.28499553]
 [ 1.04661986  0.27676931]
 [ 1.04932015  0.26861688]
 [ 1.05289618  0.2620449 ]
 [ 1.05642242  0.25700066]
 [ 1.06076234  0.24804351]
 [ 1.07254335  0.24218287]
 [ 1.06994585  0.22329343]
 [ 1.0722876   0.21836472]
 [ 1.08351447  0.21718383]
 [ 1.08550361  0.21156554]
 [ 1.08868196  0.20165734]
 [ 1.08967667  0.18569071]
 [ 1.09901974  0.18618174]
 [ 1.09781124  0.17063276]
 [ 1.10863488  0.17067782]
 [ 1.1075546   0.16069403]
 [ 1.11497997  0.15789973]
 [ 1.11103541  0.15234525]
 [ 1.11455635  0.14179481]
 [ 1.11413723  0.13768391]
 [ 1.12238875  0.13162933]
 [ 1.12394819  0.12208488]
 [ 1.12649503  0.11878757]
 [ 1.12978923  0.11316317]
 [ 1.12866424  0.10609713]
 [ 1.13009108  0.09806858]
 [ 1.13775988  0.10146597]
 [ 1.14008093  0.0816112 ]
 [ 1.14340337  0.07003934]
 [ 1.14755082  0.07326838]
 [ 1.151873    0.05991138]
 [ 1.14974434  0.05031749]
 [ 1.15394079  0.04156231]
 [ 1.15439355  0.04052003]
 [ 1.15870899  0.03060423]
 [ 1.16344278  0.0183155 ]
 [ 1.16734656  0.02055467]
 [ 1.16872959  0.00844845]
 [ 1.17139166  0.00227401]
 [ 1.18148459  0.0079287 ]
 [ 1.1774867  -0.00642449]
 [ 1.17905219 -0.01634508]
 [ 1.18134487 -0.0197335 ]
 [ 1.18611914 -0.03278869]
 [ 1.1930068  -0.04037524]
 [ 1.1930068  -0.04037524]
 [ 1.19762569 -0.05770993]
 [ 1.20022848 -0.06895761]
 [ 1.20462189 -0.07306953]
 [ 1.20239136 -0.08289451]
 [ 1.20942775 -0.09206565]
 [ 1.21395938 -0.10137533]
 [ 1.22348642 -0.09493822]
 [ 1.22166637 -0.11024376]
 [ 1.22331688 -0.11866715]
 [ 1.22797421 -0.12186774]
 [ 1.22970286 -0.1281262 ]]",12,70
0.02277852341872661,0.017569793491261032,0.06845455294700832,0.3825,3.734990700436252,3.7645552120219694,0.9921466123030162,2000,256,"[[9.99276277e-01 4.44730864e-01 6.13305347e-01 4.92823544e-01
  4.66808106e-01 5.14346117e-01]
 [9.99276277e-01 4.44730864e-01 6.05512871e-01 4.92823544e-01
  4.66808106e-01 5.01242964e-01]
 [9.99276277e-01 5.13952782e-01 6.05512871e-01 4.92823544e-01
  4.67126054e-01 5.01242964e-01]
 ...
 [1.26642955e-04 4.31009909e-01 5.42192114e-01 5.43613969e-01
  5.18652099e-01 5.67819605e-01]
 [2.88690031e-04 4.38123650e-01 5.45823992e-01 5.74219951e-01
  5.73856607e-01 4.65213993e-01]
 [1.62711979e-04 4.38123650e-01 5.45823992e-01 5.77291268e-01
  5.18559039e-01 4.65213993e-01]]","[[-0.07046728  1.38163101]
 [-0.07043574  1.38108138]
 [-0.06957505  1.36776698]
 [-0.06626814  1.36533057]
 [-0.06219848  1.35969571]
 [-0.05907105  1.35958875]
 [-0.05843869  1.34816342]
 [-0.05417715  1.34319261]
 [-0.04706715  1.33850982]
 [-0.03701215  1.33769916]
 [-0.03497954  1.33385537]
 [-0.02640304  1.3274727 ]
 [-0.02270055  1.31973916]
 [-0.01498876  1.31919845]
 [-0.01060292  1.31576262]
 [ 0.00313383  1.30645422]
 [ 0.00919183  1.30516206]
 [ 0.01508419  1.30031182]
 [ 0.02952167  1.29272696]
 [ 0.03412559  1.28701399]
 [ 0.04426969  1.28343082]
 [ 0.0481389   1.27891048]
 [ 0.05921939  1.27455587]
 [ 0.06140631  1.27174551]
 [ 0.06329095  1.26707742]
 [ 0.07156912  1.26696156]
 [ 0.07596594  1.25873015]
 [ 0.08694467  1.25425044]
 [ 0.08862876  1.25288978]
 [ 0.095425    1.24862854]
 [ 0.09913414  1.24723444]
 [ 0.11040817  1.24182667]
 [ 0.1156633   1.24111344]
 [ 0.12099636  1.23572195]
 [ 0.12662783  1.2296847 ]
 [ 0.12899461  1.22802594]
 [ 0.13426293  1.22497496]
 [ 0.13715798  1.22225374]
 [ 0.14881879  1.22062268]
 [ 0.1505773   1.21476091]
 [ 0.16485492  1.20894828]
 [ 0.1686047   1.20642718]
 [ 0.17192237  1.20305555]
 [ 0.17815314  1.2006108 ]
 [ 0.18589131  1.19370681]
 [ 0.18953517  1.19095827]
 [ 0.19767114  1.18596128]
 [ 0.20386643  1.18356557]
 [ 0.20881097  1.18027036]
 [ 0.21171964  1.17748431]
 [ 0.21679246  1.17584242]
 [ 0.22910536  1.1747048 ]
 [ 0.22861241  1.16746326]
 [ 0.236277    1.16347035]
 [ 0.24346613  1.15812578]
 [ 0.2550877   1.15284361]
 [ 0.26600756  1.14991665]
 [ 0.27156804  1.14496748]
 [ 0.27665868  1.13920953]
 [ 0.29071425  1.13066109]
 [ 0.29743727  1.12608552]
 [ 0.30645053  1.12391755]
 [ 0.31819821  1.11360696]
 [ 0.31819821  1.11360696]
 [ 0.32795533  1.10647173]
 [ 0.34127203  1.09871037]
 [ 0.35003678  1.09401514]
 [ 0.35298755  1.09260081]
 [ 0.35952448  1.0869589 ]
 [ 0.36216275  1.08592234]
 [ 0.37887654  1.07300874]
 [ 0.38842919  1.07032402]
 [ 0.38892637  1.06910709]
 [ 0.39488844  1.06239331]
 [ 0.40197886  1.05858392]
 [ 0.40458197  1.05809317]
 [ 0.41919517  1.04980281]
 [ 0.4203362   1.0461218 ]
 [ 0.4265033   1.04438122]
 [ 0.43704579  1.03349968]
 [ 0.44532826  1.03131239]
 [ 0.45801448  1.02150708]
 [ 0.46563615  1.01403254]
 [ 0.46563706  1.01403271]
 [ 0.47534649  1.01009528]
 [ 0.48342969  1.00461692]
 [ 0.48263088  1.00300284]
 [ 0.48861902  0.99801868]
 [ 0.49577084  0.99630741]
 [ 0.50003774  0.98931051]
 [ 0.5059889   0.98463555]
 [ 0.51280458  0.98276906]
 [ 0.52176121  0.97373892]
 [ 0.53181556  0.96689467]
 [ 0.54285022  0.96030801]
 [ 0.55067568  0.95840852]
 [ 0.55262394  0.95665811]
 [ 0.56075254  0.94578447]
 [ 0.56514677  0.94232445]
 [ 0.57292217  0.93515285]
 [ 0.57771489  0.93459307]
 [ 0.57781744  0.92990414]
 [ 0.58908943  0.92215781]
 [ 0.59504476  0.91767484]
 [ 0.59866883  0.91303852]
 [ 0.60393849  0.90813416]
 [ 0.61153001  0.90387193]
 [ 0.61909611  0.90155851]
 [ 0.62200235  0.89477906]
 [ 0.62734612  0.89373784]
 [ 0.6313461   0.88730439]
 [ 0.63298623  0.88352258]
 [ 0.63921725  0.8785746 ]
 [ 0.64763658  0.87177143]
 [ 0.65364927  0.86645114]
 [ 0.659706    0.86299029]
 [ 0.66872262  0.86008631]
 [ 0.67033474  0.85250036]
 [ 0.67794398  0.8458785 ]
 [ 0.68508265  0.84230502]
 [ 0.68459982  0.83871347]
 [ 0.69449148  0.83105852]
 [ 0.6958804   0.82909544]
 [ 0.7013826   0.82303657]
 [ 0.70242247  0.82211896]
 [ 0.71092875  0.81647956]
 [ 0.71926303  0.81338972]
 [ 0.72196194  0.80803989]
 [ 0.72553706  0.80153043]
 [ 0.73162694  0.79545006]
 [ 0.735411    0.79366466]
 [ 0.73772715  0.78820454]
 [ 0.74319862  0.78368622]
 [ 0.74446142  0.78189426]
 [ 0.7501841   0.77492602]
 [ 0.75091742  0.77431382]
 [ 0.76156033  0.76630038]
 [ 0.76502717  0.76146723]
 [ 0.77665028  0.7488244 ]
 [ 0.78148466  0.74162526]
 [ 0.78357722  0.74188486]
 [ 0.78983656  0.73240393]
 [ 0.79666328  0.72749522]
 [ 0.79909523  0.7236613 ]
 [ 0.80481092  0.71804848]
 [ 0.81063886  0.71196082]
 [ 0.81566223  0.70412732]
 [ 0.82339948  0.69713628]
 [ 0.82741532  0.68960683]
 [ 0.83259222  0.68429563]
 [ 0.83743166  0.67883096]
 [ 0.84341853  0.67357563]
 [ 0.84856393  0.66596268]
 [ 0.85305991  0.65903546]
 [ 0.85937049  0.65250756]
 [ 0.86507712  0.64461536]
 [ 0.86828763  0.64252028]
 [ 0.87398155  0.63292034]
 [ 0.87398155  0.63292034]
 [ 0.88302699  0.62489413]
 [ 0.88457552  0.61942376]
 [ 0.89030112  0.61442282]
 [ 0.89553398  0.61079484]
 [ 0.89997686  0.60090618]
 [ 0.90470629  0.59336395]
 [ 0.90450447  0.5920937 ]
 [ 0.90879901  0.58445388]
 [ 0.91153031  0.58364731]
 [ 0.91804544  0.57472373]
 [ 0.92066416  0.56788691]
 [ 0.92697135  0.55920581]
 [ 0.93718504  0.5434798 ]
 [ 0.93895704  0.53956678]
 [ 0.94441913  0.53203874]
 [ 0.94887135  0.52602378]
 [ 0.95414884  0.51781802]
 [ 0.9616228   0.50242957]
 [ 0.96870796  0.49314967]
 [ 0.97165832  0.48389875]
 [ 0.97471145  0.48058833]
 [ 0.97866448  0.47665324]
 [ 0.98478469  0.46656426]
 [ 0.98579452  0.46444427]
 [ 0.9898871   0.44899858]
 [ 0.99327636  0.44497984]
 [ 0.99678072  0.44077556]
 [ 1.00390042  0.42478766]
 [ 1.0059942   0.41981788]
 [ 1.00827192  0.41312034]
 [ 1.01246598  0.40561921]
 [ 1.0142982   0.3975937 ]
 [ 1.01889398  0.38852394]
 [ 1.025476    0.38296245]
 [ 1.0250109   0.37681398]
 [ 1.02826538  0.36935393]
 [ 1.02998642  0.36799879]
 [ 1.03401823  0.35601124]
 [ 1.03718573  0.3508395 ]
 [ 1.04010215  0.34652703]
 [ 1.04287999  0.33861334]
 [ 1.04598737  0.32809305]
 [ 1.04584078  0.32495469]
 [ 1.05291076  0.31595315]
 [ 1.05638901  0.31379057]
 [ 1.05837099  0.29774568]
 [ 1.065706    0.29094077]
 [ 1.06338108  0.28552838]
 [ 1.06923954  0.27679926]
 [ 1.07119478  0.26477525]
 [ 1.07437808  0.2562064 ]
 [ 1.07776694  0.24643584]
 [ 1.08256554  0.24315714]
 [ 1.08235277  0.23562755]
 [ 1.08761189  0.2305001 ]
 [ 1.09053372  0.21722767]
 [ 1.09297401  0.21198399]
 [ 1.09879435  0.2016852 ]
 [ 1.09951841  0.19116597]
 [ 1.10750681  0.17882422]
 [ 1.10865265  0.17080609]
 [ 1.11409176  0.16455507]
 [ 1.11518054  0.15637643]
 [ 1.12001421  0.14999611]
 [ 1.12540416  0.13716849]
 [ 1.12641125  0.13020023]
 [ 1.13379346  0.11864151]
 [ 1.13381388  0.11856921]
 [ 1.13588413  0.10959729]
 [ 1.1411904   0.10031649]
 [ 1.14343402  0.10018614]
 [ 1.14753984  0.09021379]
 [ 1.15480591  0.07282911]
 [ 1.15471356  0.0693852 ]
 [ 1.16115571  0.06055219]
 [ 1.16663496  0.05031074]
 [ 1.16831464  0.04448967]
 [ 1.16946253  0.03888369]
 [ 1.17388981  0.03004975]
 [ 1.17490471  0.0298585 ]
 [ 1.1795643   0.01946992]
 [ 1.18167231  0.01747064]
 [ 1.1865055   0.00853188]
 [ 1.18984257  0.00444051]
 [ 1.19319435 -0.0056276 ]
 [ 1.19822501 -0.01180974]
 [ 1.19996544 -0.01526858]
 [ 1.20327938 -0.02374772]
 [ 1.20691605 -0.02543099]
 [ 1.20942217 -0.03596831]
 [ 1.22326235 -0.04198896]
 [ 1.22062116 -0.04772936]
 [ 1.22185231 -0.05232623]
 [ 1.22130403 -0.05253158]
 [ 1.22871587 -0.0600911 ]
 [ 1.23793657 -0.05941629]
 [ 1.24200584 -0.06354679]]",13,70
0.02637836052761916,0.021407531679903793,0.07866482963734252,0.282,3.728509106343836,3.7645552120219694,0.9904248699649796,2000,256,"[[9.99962083e-01 6.40033566e-01 5.49385441e-01 2.72255828e-01
  4.31207512e-01 5.04082877e-01]
 [9.99962083e-01 6.40033566e-01 5.49437095e-01 2.89764295e-01
  4.33697849e-01 5.04082877e-01]
 [9.99954141e-01 6.00210886e-01 5.27765175e-01 2.78998251e-01
  4.35249412e-01 4.87807546e-01]
 ...
 [1.47073928e-04 4.63708217e-01 6.49625293e-01 6.12685739e-01
  3.97082082e-01 5.20818991e-01]
 [6.66317849e-04 4.59546580e-01 6.31769993e-01 5.87565070e-01
  3.21008411e-01 5.88977637e-01]
 [6.66317849e-04 4.33379522e-01 6.32897576e-01 5.86434191e-01
  3.18657189e-01 5.88977637e-01]]","[[-0.10520954  1.2080048 ]
 [-0.10545968  1.20024551]
 [-0.10303478  1.19178731]
 [-0.10351679  1.18256205]
 [-0.1023508   1.18055758]
 [-0.10144365  1.17431074]
 [-0.10051385  1.16490274]
 [-0.09850012  1.15788831]
 [-0.09508692  1.14885409]
 [-0.08940157  1.13819549]
 [-0.08576575  1.13581924]
 [-0.08643257  1.12669428]
 [-0.07479287  1.11945944]
 [-0.07096395  1.1156178 ]
 [-0.06867923  1.11320936]
 [-0.05977668  1.10977475]
 [-0.05493268  1.10570091]
 [-0.04509741  1.09133004]
 [-0.03762191  1.09008418]
 [-0.02410132  1.09717426]
 [-0.02495408  1.08449961]
 [-0.01750137  1.0830009 ]
 [-0.01497778  1.0810338 ]
 [-0.01011324  1.07820547]
 [-0.00194889  1.07518794]
 [ 0.00227469  1.07295566]
 [ 0.01344851  1.07675611]
 [ 0.026354    1.07241633]
 [ 0.04419114  1.06508153]
 [ 0.05443821  1.06713787]
 [ 0.05627434  1.06209879]
 [ 0.06817373  1.06180274]
 [ 0.07738646  1.05971075]
 [ 0.08875448  1.05547094]
 [ 0.09689582  1.05295148]
 [ 0.10367678  1.05086356]
 [ 0.1116883   1.04919471]
 [ 0.11409979  1.05000207]
 [ 0.11811287  1.04519965]
 [ 0.12941567  1.04489615]
 [ 0.1316397   1.04545915]
 [ 0.13685679  1.04139941]
 [ 0.14690127  1.04398502]
 [ 0.15942086  1.03840849]
 [ 0.1618277   1.03740472]
 [ 0.16615122  1.03512545]
 [ 0.17949174  1.03487389]
 [ 0.19417     1.03607488]
 [ 0.2019417   1.02819525]
 [ 0.22345103  1.02789631]
 [ 0.22486532  1.02438405]
 [ 0.24339188  1.02092614]
 [ 0.24949092  1.01876382]
 [ 0.26113405  1.01590641]
 [ 0.26866176  1.01439206]
 [ 0.27042173  1.01369129]
 [ 0.27728052  1.01069581]
 [ 0.27865665  1.01009794]
 [ 0.29256274  1.00571075]
 [ 0.30008218  1.00470724]
 [ 0.31127226  1.00200838]
 [ 0.32280746  1.00088689]
 [ 0.32497969  0.99970905]
 [ 0.32934157  0.9956329 ]
 [ 0.33549665  0.9945543 ]
 [ 0.34485352  0.9911962 ]
 [ 0.35177658  0.99039428]
 [ 0.36039725  0.98898381]
 [ 0.37447314  0.98457798]
 [ 0.38340463  0.98366512]
 [ 0.38856679  0.97891144]
 [ 0.38895704  0.97880724]
 [ 0.39554592  0.97637647]
 [ 0.40082265  0.97485543]
 [ 0.40873409  0.97265322]
 [ 0.40746917  0.97173063]
 [ 0.41789138  0.96970824]
 [ 0.42868183  0.96645078]
 [ 0.43342307  0.96403885]
 [ 0.43949154  0.96100549]
 [ 0.45012455  0.95848352]
 [ 0.45930333  0.9530487 ]
 [ 0.46482973  0.95401968]
 [ 0.46882828  0.94918826]
 [ 0.4760211   0.94910708]
 [ 0.48797954  0.94440573]
 [ 0.49554063  0.94007315]
 [ 0.49718     0.93968587]
 [ 0.50741669  0.93726696]
 [ 0.51108908  0.93393861]
 [ 0.52746253  0.9332083 ]
 [ 0.52748624  0.93317519]
 [ 0.5292862   0.92525971]
 [ 0.52917321  0.92521145]
 [ 0.53744108  0.92367178]
 [ 0.54679768  0.92308101]
 [ 0.54830135  0.91751956]
 [ 0.55531952  0.91565056]
 [ 0.57099098  0.91247096]
 [ 0.56327251  0.90567653]
 [ 0.57607474  0.90938733]
 [ 0.57876485  0.90270955]
 [ 0.58096348  0.89637417]
 [ 0.59261579  0.8907824 ]
 [ 0.60211762  0.88924026]
 [ 0.61049613  0.88616386]
 [ 0.60966605  0.88234644]
 [ 0.61772298  0.87751561]
 [ 0.6177188   0.87751451]
 [ 0.62942493  0.87297969]
 [ 0.62864007  0.86973279]
 [ 0.63691928  0.86881859]
 [ 0.64355377  0.86104317]
 [ 0.64886052  0.85734459]
 [ 0.65270272  0.85292363]
 [ 0.66278176  0.85035525]
 [ 0.66509258  0.8484688 ]
 [ 0.67188116  0.84368987]
 [ 0.67188116  0.84368987]
 [ 0.67927694  0.83700455]
 [ 0.68807202  0.83386783]
 [ 0.68677871  0.82996749]
 [ 0.70115529  0.82642164]
 [ 0.69582582  0.82186183]
 [ 0.70801323  0.82106232]
 [ 0.71468491  0.81457953]
 [ 0.71472531  0.80926788]
 [ 0.71760472  0.80480336]
 [ 0.72540616  0.80064643]
 [ 0.73076224  0.79218943]
 [ 0.73059385  0.7905077 ]
 [ 0.7371267   0.78577557]
 [ 0.74232496  0.78351496]
 [ 0.75294554  0.77988179]
 [ 0.75105135  0.76739187]
 [ 0.76557316  0.76614794]
 [ 0.76779437  0.76081751]
 [ 0.76998908  0.75740991]
 [ 0.76813625  0.75086543]
 [ 0.78039997  0.74981397]
 [ 0.77628275  0.7429659 ]
 [ 0.78911896  0.74259918]
 [ 0.7820251   0.73546321]
 [ 0.79137648  0.73273747]
 [ 0.79335977  0.72610754]
 [ 0.80879501  0.72418454]
 [ 0.80903678  0.71904986]
 [ 0.81135137  0.70869389]
 [ 0.81200616  0.70450639]
 [ 0.81403718  0.70339419]
 [ 0.82062338  0.69428078]
 [ 0.8277139   0.69153194]
 [ 0.82888119  0.68734339]
 [ 0.83487746  0.67755091]
 [ 0.8346025   0.67286858]
 [ 0.84945427  0.67311298]
 [ 0.84770394  0.66198722]
 [ 0.84500207  0.6593482 ]
 [ 0.85358937  0.65553129]
 [ 0.855918    0.64904297]
 [ 0.85690505  0.64311438]
 [ 0.86545112  0.63870274]
 [ 0.86524168  0.63389898]
 [ 0.86969036  0.6257938 ]
 [ 0.86969036  0.6257938 ]
 [ 0.87384752  0.6210798 ]
 [ 0.88083325  0.60893739]
 [ 0.88594252  0.60276831]
 [ 0.89306685  0.59458807]
 [ 0.89158216  0.59166876]
 [ 0.8965232   0.5885142 ]
 [ 0.9006316   0.58123396]
 [ 0.90539406  0.5768018 ]
 [ 0.91361334  0.57424168]
 [ 0.91120726  0.56160465]
 [ 0.91744417  0.5583651 ]
 [ 0.9224378   0.55317046]
 [ 0.92181462  0.54586453]
 [ 0.92753395  0.54241218]
 [ 0.92813165  0.5319691 ]
 [ 0.93251474  0.52746462]
 [ 0.93383461  0.51967103]
 [ 0.93880592  0.51243794]
 [ 0.94176171  0.50531402]
 [ 0.94716469  0.49872363]
 [ 0.94638553  0.49114966]
 [ 0.94893264  0.49155599]
 [ 0.95045479  0.48143481]
 [ 0.95296017  0.47273346]
 [ 0.95654377  0.46405308]
 [ 0.9603319   0.45745275]
 [ 0.96296791  0.45215633]
 [ 0.96989082  0.44038158]
 [ 0.9720394   0.43292177]
 [ 0.9737632   0.43001934]
 [ 0.97344653  0.42365311]
 [ 0.98171772  0.41404948]
 [ 0.98250721  0.40503394]
 [ 0.98605886  0.40017112]
 [ 0.98708507  0.38886566]
 [ 0.98733264  0.38346628]
 [ 0.99351247  0.37922121]
 [ 0.99722853  0.37191203]
 [ 0.99373567  0.36152417]
 [ 1.00085549  0.35336162]
 [ 0.9995611   0.34369679]
 [ 1.00264521  0.33569497]
 [ 1.00142437  0.33320648]
 [ 1.0045461   0.3256905 ]
 [ 1.01043092  0.32190714]
 [ 1.00902682  0.31207654]
 [ 1.00908453  0.30782296]
 [ 1.01236042  0.29867541]
 [ 1.0120526   0.29587095]
 [ 1.01826864  0.28676144]
 [ 1.01076036  0.28463041]
 [ 1.01597654  0.27631048]
 [ 1.01732012  0.26526941]
 [ 1.0203778   0.25653326]
 [ 1.02030464  0.25563475]
 [ 1.02165202  0.23840133]
 [ 1.03083429  0.23775577]
 [ 1.02605263  0.22931079]
 [ 1.02654841  0.2205759 ]
 [ 1.02560742  0.21104196]
 [ 1.02584916  0.20972951]
 [ 1.0348182   0.20020994]
 [ 1.0306664   0.19541227]
 [ 1.03060393  0.18652943]
 [ 1.03375666  0.17805971]
 [ 1.02975673  0.17585034]
 [ 1.03883753  0.16653223]
 [ 1.03335443  0.16073849]
 [ 1.03585369  0.15134918]
 [ 1.04018518  0.1398837 ]
 [ 1.04434572  0.13685012]
 [ 1.04202746  0.12620656]
 [ 1.04354404  0.11644525]
 [ 1.04409011  0.10195969]
 [ 1.04500993  0.08408164]
 [ 1.0477655   0.07630267]
 [ 1.05270935  0.06532759]
 [ 1.05123175  0.05545173]
 [ 1.04894739  0.0418699 ]
 [ 1.05014384  0.02817515]
 [ 1.05386646  0.01747112]
 [ 1.05249776  0.00659559]
 [ 1.05788019 -0.00720818]
 [ 1.05479123 -0.01500136]
 [ 1.05898323 -0.01845006]
 [ 1.05510024 -0.03307075]
 [ 1.05899549 -0.04578642]
 [ 1.07428073 -0.05254216]
 [ 1.08583535 -0.05695736]
 [ 1.10859343 -0.05766382]
 [ 1.11455322 -0.05739468]]",14,70
0.008420064728699515,0.007557603565201888,0.038258738041985575,0.8775,3.751839893545588,3.7645552120219694,0.9966223583501254,2000,256,"[[9.99980506e-01 5.02963833e-01 5.59051172e-01 5.07905727e-01
  5.19107300e-01 4.36016024e-01]
 [9.99980506e-01 4.96267777e-01 5.27210278e-01 4.76639573e-01
  5.20027443e-01 4.19207803e-01]
 [9.99980506e-01 5.15240565e-01 4.74212230e-01 4.79943052e-01
  5.19571930e-01 4.19207803e-01]
 ...
 [3.86865904e-05 4.33157389e-01 5.03878117e-01 4.68346929e-01
  4.93903664e-01 6.20528642e-01]
 [8.53762781e-04 4.33057653e-01 4.80546692e-01 4.68165729e-01
  4.92966831e-01 6.50495603e-01]
 [5.97546001e-06 4.33057653e-01 4.80546692e-01 4.68314387e-01
  4.87456624e-01 6.50495603e-01]]","[[-8.35261360e-02  1.17923857e+00]
 [-8.13398035e-02  1.17452641e+00]
 [-7.88001257e-02  1.16997806e+00]
 [-7.76705228e-02  1.15860894e+00]
 [-7.16851531e-02  1.15445073e+00]
 [-6.47246881e-02  1.15121622e+00]
 [-5.93077302e-02  1.14476013e+00]
 [-5.13436784e-02  1.14198224e+00]
 [-3.10282228e-02  1.12742046e+00]
 [-2.09390762e-02  1.12313968e+00]
 [-1.41649693e-02  1.11803654e+00]
 [ 5.73385396e-04  1.11415924e+00]
 [ 1.78504792e-03  1.11205818e+00]
 [ 6.52434608e-03  1.10551925e+00]
 [ 1.28081218e-02  1.10521070e+00]
 [ 2.08385191e-02  1.09897300e+00]
 [ 2.23456025e-02  1.09681565e+00]
 [ 2.95839005e-02  1.09623031e+00]
 [ 3.80892227e-02  1.09038704e+00]
 [ 4.43236619e-02  1.08692958e+00]
 [ 5.34058896e-02  1.08605556e+00]
 [ 6.45111966e-02  1.07964563e+00]
 [ 7.59685214e-02  1.07801193e+00]
 [ 7.61081193e-02  1.07708020e+00]
 [ 8.09591302e-02  1.06923363e+00]
 [ 8.51387783e-02  1.06697527e+00]
 [ 9.56139381e-02  1.06227344e+00]
 [ 1.05793046e-01  1.05985300e+00]
 [ 1.08310109e-01  1.05721960e+00]
 [ 1.15334365e-01  1.05290916e+00]
 [ 1.23038883e-01  1.04938955e+00]
 [ 1.32820764e-01  1.04581018e+00]
 [ 1.41583029e-01  1.04132388e+00]
 [ 1.50212859e-01  1.03834274e+00]
 [ 1.57140727e-01  1.03617085e+00]
 [ 1.67170986e-01  1.03262073e+00]
 [ 1.71386605e-01  1.03195423e+00]
 [ 1.78667322e-01  1.02826546e+00]
 [ 1.90549891e-01  1.02323500e+00]
 [ 2.04104988e-01  1.02338053e+00]
 [ 2.13035980e-01  1.01733277e+00]
 [ 2.26304761e-01  1.00777090e+00]
 [ 2.37602510e-01  1.00470875e+00]
 [ 2.49418828e-01  9.99062533e-01]
 [ 2.52657202e-01  9.98397524e-01]
 [ 2.72122015e-01  9.90549877e-01]
 [ 2.86628773e-01  9.92866162e-01]
 [ 2.85174750e-01  9.85064974e-01]
 [ 2.95091830e-01  9.80685575e-01]
 [ 3.02686712e-01  9.79113449e-01]
 [ 3.12894795e-01  9.75267739e-01]
 [ 3.19970961e-01  9.72322936e-01]
 [ 3.21228627e-01  9.70001369e-01]
 [ 3.31597334e-01  9.68562035e-01]
 [ 3.33725508e-01  9.66795790e-01]
 [ 3.41982529e-01  9.63755593e-01]
 [ 3.45089334e-01  9.63091266e-01]
 [ 3.55424592e-01  9.57989146e-01]
 [ 3.59178423e-01  9.56597869e-01]
 [ 3.66594511e-01  9.53175671e-01]
 [ 3.70676081e-01  9.51723856e-01]
 [ 3.75172031e-01  9.49827674e-01]
 [ 3.84877792e-01  9.46534043e-01]
 [ 3.92674888e-01  9.44002713e-01]
 [ 4.04743463e-01  9.39599949e-01]
 [ 4.15905575e-01  9.34287106e-01]
 [ 4.23858140e-01  9.31724289e-01]
 [ 4.33642133e-01  9.29195799e-01]
 [ 4.39183203e-01  9.25750995e-01]
 [ 4.47079780e-01  9.22768511e-01]
 [ 4.57874155e-01  9.19395034e-01]
 [ 4.57297223e-01  9.18002180e-01]
 [ 4.66547550e-01  9.15052215e-01]
 [ 4.76116191e-01  9.10674992e-01]
 [ 4.85107688e-01  9.08731710e-01]
 [ 4.92942967e-01  9.03572540e-01]
 [ 4.97876441e-01  9.02121024e-01]
 [ 5.05859729e-01  8.99291854e-01]
 [ 5.14108798e-01  8.94132267e-01]
 [ 5.19253736e-01  8.92374688e-01]
 [ 5.34383667e-01  8.87399999e-01]
 [ 5.35460512e-01  8.86785324e-01]
 [ 5.43183783e-01  8.81957497e-01]
 [ 5.46962692e-01  8.81385531e-01]
 [ 5.53187024e-01  8.76241844e-01]
 [ 5.63650392e-01  8.71871650e-01]
 [ 5.70376475e-01  8.69732945e-01]
 [ 5.72462547e-01  8.67981146e-01]
 [ 5.79074054e-01  8.64409912e-01]
 [ 5.86451000e-01  8.60159885e-01]
 [ 5.87194394e-01  8.59980011e-01]
 [ 5.95663478e-01  8.56439126e-01]
 [ 5.95831956e-01  8.54608341e-01]
 [ 6.03059390e-01  8.51350030e-01]
 [ 6.09202547e-01  8.48593776e-01]
 [ 6.18779284e-01  8.45302232e-01]
 [ 6.20020991e-01  8.41350749e-01]
 [ 6.32040800e-01  8.34217286e-01]
 [ 6.32103411e-01  8.34020455e-01]
 [ 6.39394452e-01  8.29623844e-01]
 [ 6.47357315e-01  8.25109191e-01]
 [ 6.55433165e-01  8.22424749e-01]
 [ 6.60439933e-01  8.18118551e-01]
 [ 6.63410199e-01  8.14922195e-01]
 [ 6.73428634e-01  8.13472532e-01]
 [ 6.77844721e-01  8.05234079e-01]
 [ 6.85663418e-01  7.99974971e-01]
 [ 6.92110338e-01  7.95406765e-01]
 [ 6.98311034e-01  7.90847055e-01]
 [ 7.02392524e-01  7.88908625e-01]
 [ 7.10757628e-01  7.82731125e-01]
 [ 7.15653967e-01  7.75925237e-01]
 [ 7.26554188e-01  7.73968881e-01]
 [ 7.32935808e-01  7.63638430e-01]
 [ 7.36221007e-01  7.58704096e-01]
 [ 7.43034155e-01  7.53991238e-01]
 [ 7.59697449e-01  7.52967685e-01]
 [ 7.51046992e-01  7.46833078e-01]
 [ 7.55492755e-01  7.43087050e-01]
 [ 7.60103981e-01  7.38462878e-01]
 [ 7.64733829e-01  7.34966933e-01]
 [ 7.65203929e-01  7.33528112e-01]
 [ 7.71237666e-01  7.27555357e-01]
 [ 7.85336475e-01  7.26106096e-01]
 [ 7.89003751e-01  7.20887514e-01]
 [ 7.92260929e-01  7.14622969e-01]
 [ 7.95986967e-01  7.09749388e-01]
 [ 7.98780690e-01  7.06891985e-01]
 [ 8.02926309e-01  7.03987865e-01]
 [ 8.08953495e-01  7.00584325e-01]
 [ 8.10885211e-01  6.93743483e-01]
 [ 8.14962683e-01  6.90640919e-01]
 [ 8.21495394e-01  6.86215206e-01]
 [ 8.20266192e-01  6.82759526e-01]
 [ 8.26092092e-01  6.79836123e-01]
 [ 8.31365960e-01  6.74399423e-01]
 [ 8.39576726e-01  6.74704657e-01]
 [ 8.40255586e-01  6.66952457e-01]
 [ 8.45325185e-01  6.62299519e-01]
 [ 8.45096816e-01  6.57081746e-01]
 [ 8.56847488e-01  6.49786314e-01]
 [ 8.58620574e-01  6.48900625e-01]
 [ 8.62262481e-01  6.39055298e-01]
 [ 8.73355235e-01  6.35969915e-01]
 [ 8.70517476e-01  6.30732406e-01]
 [ 8.75414402e-01  6.27026298e-01]
 [ 8.77827787e-01  6.21325784e-01]
 [ 8.83743546e-01  6.14597511e-01]
 [ 8.91097267e-01  6.07941547e-01]
 [ 8.95173640e-01  6.02512016e-01]
 [ 9.13073421e-01  5.92881907e-01]
 [ 9.13073421e-01  5.92881907e-01]
 [ 9.10106972e-01  5.85063571e-01]
 [ 9.10285494e-01  5.84813099e-01]
 [ 9.13080234e-01  5.79751715e-01]
 [ 9.14191302e-01  5.74877055e-01]
 [ 9.21917386e-01  5.67421736e-01]
 [ 9.33045575e-01  5.53247476e-01]
 [ 9.33384301e-01  5.48233465e-01]
 [ 9.42633606e-01  5.41407074e-01]
 [ 9.50524232e-01  5.28596456e-01]
 [ 9.53623795e-01  5.17533973e-01]
 [ 9.57325567e-01  5.10893651e-01]
 [ 9.71233256e-01  4.89869182e-01]
 [ 9.74627132e-01  4.84055492e-01]
 [ 9.85784201e-01  4.76951042e-01]
 [ 9.81485522e-01  4.71570688e-01]
 [ 9.92036409e-01  4.63917331e-01]
 [ 9.89050396e-01  4.56698642e-01]
 [ 9.95202117e-01  4.45526923e-01]
 [ 9.93119333e-01  4.41716501e-01]
 [ 9.98921288e-01  4.36380741e-01]
 [ 1.00358000e+00  4.28068989e-01]
 [ 1.00208865e+00  4.21872821e-01]
 [ 1.01040248e+00  4.13768702e-01]
 [ 1.01308665e+00  4.05122764e-01]
 [ 1.01604300e+00  3.98913409e-01]
 [ 1.01610902e+00  3.90002550e-01]
 [ 1.02704446e+00  3.82768475e-01]
 [ 1.02678041e+00  3.73029241e-01]
 [ 1.02578138e+00  3.63008019e-01]
 [ 1.02998923e+00  3.52193291e-01]
 [ 1.03197132e+00  3.44420078e-01]
 [ 1.03497702e+00  3.35998225e-01]
 [ 1.03973361e+00  3.23636625e-01]
 [ 1.03890518e+00  3.21086994e-01]
 [ 1.04449487e+00  3.11108750e-01]
 [ 1.04414004e+00  3.04652939e-01]
 [ 1.04771100e+00  2.96864108e-01]
 [ 1.04944871e+00  2.89385102e-01]
 [ 1.05033262e+00  2.81448631e-01]
 [ 1.05852346e+00  2.70879920e-01]
 [ 1.05660085e+00  2.68547554e-01]
 [ 1.06024171e+00  2.58760320e-01]
 [ 1.06271554e+00  2.56312241e-01]
 [ 1.06667526e+00  2.47186293e-01]
 [ 1.06804438e+00  2.37705673e-01]
 [ 1.06685392e+00  2.34874654e-01]
 [ 1.07216348e+00  2.22716494e-01]
 [ 1.07585511e+00  2.14499769e-01]
 [ 1.07882465e+00  2.06988820e-01]
 [ 1.08075686e+00  2.02056287e-01]
 [ 1.08401404e+00  1.97272923e-01]
 [ 1.08837596e+00  1.89836990e-01]
 [ 1.09008226e+00  1.80081564e-01]
 [ 1.09485917e+00  1.73519382e-01]
 [ 1.09570491e+00  1.67532164e-01]
 [ 1.09582775e+00  1.65748362e-01]
 [ 1.10137844e+00  1.55864705e-01]
 [ 1.10687309e+00  1.49834604e-01]
 [ 1.10561337e+00  1.47094003e-01]
 [ 1.11023945e+00  1.40127562e-01]
 [ 1.11181223e+00  1.36511714e-01]
 [ 1.11278558e+00  1.30583671e-01]
 [ 1.11567424e+00  1.27153722e-01]
 [ 1.11934883e+00  1.19884368e-01]
 [ 1.12390461e+00  1.14543103e-01]
 [ 1.12645312e+00  1.07063887e-01]
 [ 1.12660951e+00  1.06424839e-01]
 [ 1.13342004e+00  9.75915974e-02]
 [ 1.14069013e+00  9.37957304e-02]
 [ 1.13570353e+00  8.58191427e-02]
 [ 1.13925052e+00  8.03728964e-02]
 [ 1.14583656e+00  7.30125470e-02]
 [ 1.14999587e+00  6.69023539e-02]
 [ 1.14866966e+00  6.39990601e-02]
 [ 1.15476940e+00  5.73615834e-02]
 [ 1.15857437e+00  5.33918567e-02]
 [ 1.15964967e+00  4.93190953e-02]
 [ 1.16371301e+00  4.55265999e-02]
 [ 1.16453857e+00  3.96828839e-02]
 [ 1.17009881e+00  3.21404238e-02]
 [ 1.17562083e+00  2.42586974e-02]
 [ 1.17564287e+00  2.40961436e-02]
 [ 1.17920079e+00  1.78365550e-02]
 [ 1.18223765e+00  1.50389872e-02]
 [ 1.18479381e+00  1.07912499e-02]
 [ 1.18732941e+00  3.39572864e-03]
 [ 1.19217081e+00 -2.41324571e-03]
 [ 1.19618341e+00 -7.09226018e-03]
 [ 1.19902160e+00 -1.36441344e-02]
 [ 1.20106256e+00 -1.59634113e-02]
 [ 1.20637378e+00 -2.27610058e-02]
 [ 1.21035061e+00 -3.10513240e-02]
 [ 1.21199486e+00 -3.59297982e-02]
 [ 1.21514932e+00 -3.96994816e-02]
 [ 1.21899706e+00 -4.56917371e-02]
 [ 1.22123112e+00 -5.25536557e-02]
 [ 1.23069430e+00 -5.76052799e-02]
 [ 1.22821415e+00 -6.28480061e-02]
 [ 1.23368704e+00 -6.84004781e-02]
 [ 1.23692805e+00 -7.00551498e-02]
 [ 1.24377802e+00 -7.28914760e-02]
 [ 1.25514176e+00 -7.71990439e-02]
 [ 1.26356064e+00 -7.73872946e-02]
 [ 1.26462417e+00 -7.86141013e-02]]",15,70
0.02223250937326221,0.028593071676505998,0.18323662498411886,0.5425,3.710315114595349,3.7645552120219694,0.9855918974824988,2000,256,"[[0.9999297  0.42498785 0.45947639 0.57545216 0.52028997 0.4502512 ]
 [0.99605859 0.4484724  0.45325576 0.57251689 0.50847977 0.39925867]
 [0.99385974 0.49241454 0.43212119 0.56572211 0.48425077 0.43153015]
 ...
 [0.01214675 0.43211729 0.797659   0.41546532 0.6992439  0.56394617]
 [0.00860131 0.43086459 0.74385053 0.41678018 0.80894253 0.56554168]
 [0.00860131 0.43044213 0.76050253 0.41662788 0.81614367 0.56032375]]","[[-0.06286493  1.25752804]
 [-0.05619558  1.25250122]
 [-0.05378166  1.25105911]
 [-0.04830523  1.24903397]
 [-0.04349895  1.2459462 ]
 [-0.03760441  1.24603055]
 [-0.03328619  1.2425432 ]
 [-0.02329716  1.24059116]
 [-0.02043475  1.24475993]
 [-0.01854105  1.24419252]
 [-0.01449375  1.24089555]
 [-0.00954689  1.23831176]
 [-0.00540912  1.24188739]
 [ 0.00143302  1.24031219]
 [ 0.00439206  1.23879184]
 [ 0.01051773  1.23605268]
 [ 0.01575863  1.23458778]
 [ 0.02199428  1.23171048]
 [ 0.02725512  1.23071414]
 [ 0.03124945  1.23040077]
 [ 0.0372495   1.23008286]
 [ 0.04279397  1.2280207 ]
 [ 0.0457044   1.22684084]
 [ 0.05052063  1.22809467]
 [ 0.05671939  1.22719946]
 [ 0.30024764  1.20101562]
 [ 0.29987948  1.2007157 ]
 [ 0.30655898  1.19751367]
 [ 0.31054763  1.19755518]
 [ 0.31218157  1.19688406]
 [ 0.32088844  1.19365546]
 [ 0.32617508  1.19199838]
 [ 0.33369362  1.18905278]
 [ 0.33832383  1.18396677]
 [ 0.34762909  1.17934178]
 [ 0.35487721  1.17161178]
 [ 0.36073811  1.1685299 ]
 [ 0.36729724  1.16405309]
 [ 0.37303479  1.16013536]
 [ 0.37932526  1.15315675]
 [ 0.3793249   1.15315653]
 [ 0.38400751  1.15251077]
 [ 0.38758144  1.1463796 ]
 [ 0.39264311  1.14318502]
 [ 0.39697315  1.13863954]
 [ 0.40216622  1.13426294]
 [ 0.40710261  1.12780898]
 [ 0.41237228  1.12427581]
 [ 0.41720835  1.11637225]
 [ 0.41846618  1.11743053]
 [ 0.42055219  1.11116225]
 [ 0.42546974  1.11088559]
 [ 0.42856045  1.10912609]
 [ 0.43521901  1.1108773 ]
 [ 0.43727661  1.09784107]
 [ 0.44247522  1.09018593]
 [ 0.44680418  1.08974031]
 [ 0.45218457  1.08258805]
 [ 0.45262724  1.08206728]
 [ 0.45998592  1.07404104]
 [ 0.46284364  1.07143127]
 [ 0.46498819  1.07716129]
 [ 0.4665398   1.06856827]
 [ 0.46886404  1.06645701]
 [ 0.4710169   1.06085201]
 [ 0.47354917  1.0601318 ]
 [ 0.47778098  1.0556305 ]
 [ 0.47947754  1.05450906]
 [ 0.48930334  1.05227984]
 [ 0.4928624   1.05270582]
 [ 0.49704067  1.04795455]
 [ 0.50541717  1.04943829]
 [ 0.51542973  1.04646493]
 [ 0.51542973  1.04646493]
 [ 0.56661681  1.00751962]
 [ 0.57250857  1.00175224]
 [ 0.57640276  0.99796565]
 [ 0.5747008   0.99851161]
 [ 0.5809971   0.99223367]
 [ 0.58498608  0.98829572]
 [ 0.58985358  0.98480366]
 [ 0.59347759  0.97848374]
 [ 0.59408851  0.97788707]
 [ 0.60018866  0.97126834]
 [ 0.60167559  0.9691615 ]
 [ 0.60731825  0.96299349]
 [ 0.60765106  0.95978906]
 [ 0.61186998  0.95458866]
 [ 0.61668494  0.95454267]
 [ 0.61814899  0.94705559]
 [ 0.61982327  0.94461724]
 [ 0.62345283  0.94025597]
 [ 0.62620058  0.93605694]
 [ 0.62994107  0.93142103]
 [ 0.63026523  0.93129262]
 [ 0.63080211  0.92485647]
 [ 0.63526444  0.91809913]
 [ 0.63888941  0.91335359]
 [ 0.64320614  0.90933688]
 [ 0.64515336  0.90285913]
 [ 0.64791271  0.8968097 ]
 [ 0.65094896  0.8910157 ]
 [ 0.6524333   0.88973525]
 [ 0.65424576  0.8831509 ]
 [ 0.65857897  0.88262053]
 [ 0.65798297  0.87834984]
 [ 0.66040163  0.87200712]
 [ 0.66151778  0.86877432]
 [ 0.66590598  0.86303698]
 [ 0.6676605   0.85585418]
 [ 0.66959052  0.85208683]
 [ 0.67010186  0.85078674]
 [ 0.67366945  0.84478092]
 [ 0.67500683  0.84145749]
 [ 0.67618207  0.83781927]
 [ 0.67907006  0.83371914]
 [ 0.68233674  0.82531269]
 [ 0.68415697  0.81877064]
 [ 0.68652004  0.81582362]
 [ 0.6881589   0.81143558]
 [ 0.69032596  0.80605279]
 [ 0.6936892   0.80329712]
 [ 0.69536159  0.80043941]
 [ 0.69677385  0.79552855]
 [ 0.69774426  0.78966338]
 [ 0.70263767  0.78537854]
 [ 0.70668902  0.77934489]
 [ 0.709419    0.77689997]
 [ 0.71787833  0.77297669]
 [ 0.72158577  0.77133536]
 [ 0.72375945  0.76960154]
 [ 0.83848909  0.69807836]
 [ 0.84383874  0.69631053]
 [ 0.843677    0.69258321]
 [ 0.85072006  0.68776172]
 [ 0.85211023  0.68367565]
 [ 0.85560844  0.68442296]
 [ 0.85856146  0.67583575]
 [ 0.86324367  0.67033662]
 [ 0.8652632   0.66950097]
 [ 0.86610337  0.6629204 ]
 [ 0.86973689  0.65913314]
 [ 0.87194521  0.65399232]
 [ 0.87551098  0.65128262]
 [ 0.879166    0.64675677]
 [ 0.88167303  0.6393867 ]
 [ 0.88397663  0.63840074]
 [ 0.88819537  0.63000496]
 [ 0.89364704  0.62235689]
 [ 0.8928948   0.62016489]
 [ 0.8982287   0.61570904]
 [ 0.89888318  0.60829633]
 [ 0.90258409  0.60227708]
 [ 0.9061026   0.59908701]
 [ 0.90926243  0.5923765 ]
 [ 0.91112612  0.58846292]
 [ 0.9147902   0.58323031]
 [ 0.91831031  0.57697962]
 [ 0.92285721  0.56898757]
 [ 0.92672309  0.56418005]
 [ 0.92910553  0.55604191]
 [ 0.93200536  0.5520459 ]
 [ 0.9341522   0.54540489]
 [ 0.94006436  0.53671959]
 [ 0.94329011  0.52911667]
 [ 0.94465935  0.52413063]
 [ 0.94750852  0.52116673]
 [ 0.94799216  0.51894432]
 [ 0.95786267  0.50327796]
 [ 0.96065086  0.49572854]
 [ 0.96211564  0.49165966]
 [ 0.96546428  0.48221056]
 [ 0.96855588  0.47682593]
 [ 0.97226099  0.46830883]
 [ 0.97654424  0.46470074]
 [ 0.98114896  0.45574158]
 [ 0.98184704  0.44911099]
 [ 0.98471583  0.44446206]
 [ 0.98919858  0.43442826]
 [ 0.99150719  0.42871648]
 [ 0.99433419  0.42239718]
 [ 0.99726386  0.41595726]
 [ 1.00209211  0.40540682]
 [ 1.00440696  0.39694589]
 [ 1.00809975  0.39341659]
 [ 1.01129616  0.38113744]
 [ 1.01129616  0.38113744]
 [ 1.01688779  0.37010342]
 [ 1.01637052  0.36543259]
 [ 1.0219435   0.35865164]
 [ 1.02330405  0.35592839]
 [ 1.02492529  0.3418479 ]
 [ 1.0261242   0.33679433]
 [ 1.02983871  0.33436531]
 [ 1.03036807  0.32422516]
 [ 1.0333591   0.31550311]
 [ 1.03559996  0.30736667]
 [ 1.03812694  0.30099484]
 [ 1.0408772   0.2954668 ]
 [ 1.0416659   0.28745644]
 [ 1.04278155  0.28775598]
 [ 1.04346952  0.28057628]
 [ 1.04604809  0.27219445]
 [ 1.04816923  0.26578749]
 [ 1.05022348  0.26403558]
 [ 1.05101896  0.25516429]
 [ 1.05303487  0.24816027]
 [ 1.05555427  0.24224867]
 [ 1.0586017   0.23633292]
 [ 1.05953567  0.23319533]
 [ 1.06082327  0.22169258]
 [ 1.0623066   0.22022233]
 [ 1.06297185  0.21473958]
 [ 1.06635648  0.20421798]
 [ 1.06748312  0.20353242]
 [ 1.06856003  0.19392402]
 [ 1.07174617  0.18308874]
 [ 1.07279746  0.18324259]
 [ 1.07563948  0.17235447]
 [ 1.07729046  0.16898809]
 [ 1.07856705  0.16032432]
 [ 1.08067194  0.15555258]
 [ 1.083052    0.15054654]
 [ 1.08282669  0.14841759]
 [ 1.08464568  0.14300479]
 [ 1.08839738  0.12928258]
 [ 1.09233058  0.12340046]
 [ 1.09397965  0.11911185]
 [ 1.0960332   0.11151485]
 [ 1.09716115  0.1060869 ]
 [ 1.09887617  0.10577972]
 [ 1.1005833   0.10706195]
 [ 1.10262625  0.09799579]
 [ 1.10646856  0.09240931]
 [ 1.10412798  0.08925242]
 [ 1.10823047  0.08245859]
 [ 1.1101298   0.07933271]
 [ 1.11231011  0.07205178]
 [ 1.11459411  0.06528341]
 [ 1.11498108  0.06098885]
 [ 1.11716677  0.05813667]
 [ 1.11930114  0.05245497]
 [ 1.12497695  0.0424963 ]
 [ 1.12782427  0.0365237 ]
 [ 1.14107872  0.03452648]
 [ 1.14399374  0.03306811]
 [ 1.15455566  0.03175052]
 [ 1.16816502  0.03086577]
 [ 1.18628269  0.0284102 ]
 [ 1.18493905  0.03031258]
 [ 1.192709    0.03012458]
 [ 1.19868013  0.03017754]
 [ 1.20201195  0.0298677 ]
 [ 1.20850239  0.03008988]
 [ 1.22871736  0.02656198]
 [ 1.23706123  0.02652524]]",16,70
0.0019888014403368617,0.0027436812971065507,0.030365264348230343,1.0,3.7605028181364144,3.7645552120219694,0.9989235397920018,2000,256,"[[9.99354674e-01 5.42821899e-01 5.23755433e-01 4.99023621e-01
  3.33069633e-01 5.09982328e-01]
 [9.99354674e-01 5.42821899e-01 4.98275533e-01 5.20906209e-01
  3.33069633e-01 5.10428827e-01]
 [9.98295146e-01 5.49067324e-01 4.97749226e-01 5.01969208e-01
  3.73386971e-01 4.92136399e-01]
 ...
 [9.72012343e-05 4.71751226e-01 5.03025655e-01 5.76595567e-01
  5.05184338e-01 5.33690436e-01]
 [9.38399620e-05 4.77001849e-01 4.95633134e-01 6.22903040e-01
  5.14537408e-01 4.97746127e-01]
 [9.38399620e-05 4.77001849e-01 4.96696654e-01 6.39681163e-01
  5.14537408e-01 5.03807207e-01]]","[[-1.42959386e-01  1.14978302e+00]
 [-1.41993434e-01  1.14753019e+00]
 [-1.42187203e-01  1.13690981e+00]
 [-1.38624547e-01  1.12258676e+00]
 [-1.32208509e-01  1.11859951e+00]
 [-1.24819368e-01  1.11618239e+00]
 [-1.07118060e-01  1.11686763e+00]
 [-1.04390569e-01  1.11383119e+00]
 [-9.31744633e-02  1.11567815e+00]
 [-8.43397509e-02  1.11471806e+00]
 [-8.09226183e-02  1.11364736e+00]
 [-7.75048296e-02  1.11326040e+00]
 [-6.84126243e-02  1.11357133e+00]
 [-5.66050725e-02  1.11333132e+00]
 [-5.61641493e-02  1.11268381e+00]
 [-4.99919242e-02  1.10894511e+00]
 [-4.19109271e-02  1.10973358e+00]
 [-3.31866256e-02  1.10754103e+00]
 [-2.53689725e-02  1.10737967e+00]
 [-1.80357000e-02  1.10527000e+00]
 [-8.95464682e-03  1.10757636e+00]
 [-1.16963922e-03  1.10474178e+00]
 [ 1.03499711e-02  1.10320214e+00]
 [ 2.00603802e-02  1.10402116e+00]
 [ 3.34665085e-02  1.10029803e+00]
 [ 4.02923169e-02  1.09932552e+00]
 [ 4.29763286e-02  1.09852614e+00]
 [ 4.91569175e-02  1.09723992e+00]
 [ 5.98422424e-02  1.09485906e+00]
 [ 6.58451654e-02  1.09702170e+00]
 [ 7.49404085e-02  1.09580497e+00]
 [ 8.00592401e-02  1.09322609e+00]
 [ 8.89804434e-02  1.09148710e+00]
 [ 9.58445735e-02  1.08975566e+00]
 [ 9.72565684e-02  1.08950507e+00]
 [ 1.08646487e-01  1.08857945e+00]
 [ 1.12782504e-01  1.08649226e+00]
 [ 1.22454010e-01  1.08632716e+00]
 [ 1.32169235e-01  1.08110269e+00]
 [ 1.45754803e-01  1.08144393e+00]
 [ 1.47996154e-01  1.07913285e+00]
 [ 1.55890779e-01  1.07845669e+00]
 [ 1.65111206e-01  1.07795843e+00]
 [ 1.67886422e-01  1.07338627e+00]
 [ 1.81540940e-01  1.07275411e+00]
 [ 1.90682638e-01  1.06955550e+00]
 [ 1.96971831e-01  1.06769055e+00]
 [ 2.05906146e-01  1.06414407e+00]
 [ 2.09268571e-01  1.06369085e+00]
 [ 2.16833514e-01  1.06170526e+00]
 [ 2.23670718e-01  1.06121051e+00]
 [ 2.27059224e-01  1.06018559e+00]
 [ 2.35679573e-01  1.05931172e+00]
 [ 2.36308391e-01  1.05639161e+00]
 [ 2.46804124e-01  1.05391132e+00]
 [ 2.52003541e-01  1.05266249e+00]
 [ 2.60162909e-01  1.04905784e+00]
 [ 2.63786468e-01  1.04804097e+00]
 [ 2.70231776e-01  1.04853015e+00]
 [ 2.73661689e-01  1.04574722e+00]
 [ 2.80247848e-01  1.04443723e+00]
 [ 2.88443224e-01  1.04125197e+00]
 [ 2.98930303e-01  1.03616080e+00]
 [ 3.10434594e-01  1.03233335e+00]
 [ 3.14968900e-01  1.03100976e+00]
 [ 3.23625283e-01  1.02821704e+00]
 [ 3.29700411e-01  1.02552437e+00]
 [ 3.40173514e-01  1.02504119e+00]
 [ 3.42951527e-01  1.02152755e+00]
 [ 3.48212494e-01  1.01932074e+00]
 [ 3.54069397e-01  1.01672442e+00]
 [ 3.56810262e-01  1.01712107e+00]
 [ 3.64219513e-01  1.01187586e+00]
 [ 3.71046990e-01  1.00997418e+00]
 [ 3.79548264e-01  1.00725770e+00]
 [ 3.90494970e-01  1.00473147e+00]
 [ 3.91736103e-01  1.00214407e+00]
 [ 3.96930253e-01  9.97391225e-01]
 [ 4.06022955e-01  9.93933126e-01]
 [ 4.06689420e-01  9.93048317e-01]
 [ 4.14663358e-01  9.89336938e-01]
 [ 4.21386677e-01  9.86340073e-01]
 [ 4.23260732e-01  9.85949664e-01]
 [ 4.39910544e-01  9.79609589e-01]
 [ 4.41183943e-01  9.76230383e-01]
 [ 4.47241782e-01  9.73344250e-01]
 [ 4.57671259e-01  9.68962157e-01]
 [ 4.61191053e-01  9.65931340e-01]
 [ 4.70090776e-01  9.63962060e-01]
 [ 4.73200972e-01  9.60012834e-01]
 [ 4.84644208e-01  9.53867292e-01]
 [ 4.90500122e-01  9.52535658e-01]
 [ 4.93628715e-01  9.48226812e-01]
 [ 5.00444835e-01  9.45494594e-01]
 [ 5.03663764e-01  9.41640982e-01]
 [ 5.07300513e-01  9.39849712e-01]
 [ 5.13951176e-01  9.36826863e-01]
 [ 5.19604532e-01  9.32821014e-01]
 [ 5.27618716e-01  9.30120175e-01]
 [ 5.28720868e-01  9.26733499e-01]
 [ 5.34981542e-01  9.22068328e-01]
 [ 5.38293742e-01  9.21230201e-01]
 [ 5.42938327e-01  9.17939610e-01]
 [ 5.48598422e-01  9.13284537e-01]
 [ 5.52739075e-01  9.10094215e-01]
 [ 5.59460155e-01  9.05519800e-01]
 [ 5.67430965e-01  9.00647561e-01]
 [ 5.75172520e-01  8.94673113e-01]
 [ 5.79301694e-01  8.93460181e-01]
 [ 5.83748344e-01  8.89047819e-01]
 [ 5.86640283e-01  8.86028531e-01]
 [ 5.94580432e-01  8.79656338e-01]
 [ 6.00077224e-01  8.76030840e-01]
 [ 6.02357051e-01  8.75243742e-01]
 [ 6.05312402e-01  8.71223711e-01]
 [ 6.18218983e-01  8.60823286e-01]
 [ 6.26093825e-01  8.56607119e-01]
 [ 6.30833604e-01  8.53573236e-01]
 [ 6.33061092e-01  8.48497930e-01]
 [ 6.38517063e-01  8.44458765e-01]
 [ 6.46974837e-01  8.35923265e-01]
 [ 6.53323437e-01  8.30227901e-01]
 [ 6.58098167e-01  8.27008089e-01]
 [ 6.62299568e-01  8.22035584e-01]
 [ 6.68086143e-01  8.20689922e-01]
 [ 6.74648063e-01  8.10111870e-01]
 [ 6.79042791e-01  8.07076570e-01]
 [ 6.83339316e-01  8.06212310e-01]
 [ 6.89761054e-01  7.95158896e-01]
 [ 6.93348803e-01  7.91772659e-01]
 [ 6.97097554e-01  7.88757668e-01]
 [ 7.03120838e-01  7.83232601e-01]
 [ 7.13064310e-01  7.79349612e-01]
 [ 7.16096004e-01  7.67384970e-01]
 [ 7.19989368e-01  7.66643275e-01]
 [ 7.23082007e-01  7.61593719e-01]
 [ 7.27294650e-01  7.57193912e-01]
 [ 7.31656534e-01  7.52532149e-01]
 [ 7.33674234e-01  7.47917630e-01]
 [ 7.39065509e-01  7.42114367e-01]
 [ 7.46682833e-01  7.34678836e-01]
 [ 7.47538506e-01  7.33415194e-01]
 [ 7.53581008e-01  7.25818038e-01]
 [ 7.58701674e-01  7.17059633e-01]
 [ 7.63115523e-01  7.14333296e-01]
 [ 7.69169397e-01  7.05081050e-01]
 [ 7.73914469e-01  6.98442589e-01]
 [ 7.80321618e-01  6.89607927e-01]
 [ 7.84688764e-01  6.82854937e-01]
 [ 7.85733151e-01  6.81314640e-01]
 [ 7.90725783e-01  6.74533493e-01]
 [ 7.91221947e-01  6.73760194e-01]
 [ 7.95133296e-01  6.68076502e-01]
 [ 7.98475263e-01  6.66341454e-01]
 [ 7.99339837e-01  6.62059075e-01]
 [ 8.03202869e-01  6.56936758e-01]
 [ 8.06413653e-01  6.55094455e-01]
 [ 8.09188176e-01  6.47822764e-01]
 [ 8.12648692e-01  6.43335742e-01]
 [ 8.19138109e-01  6.33548987e-01]
 [ 8.22791299e-01  6.27454154e-01]
 [ 8.24550391e-01  6.23968527e-01]
 [ 8.28991255e-01  6.16992656e-01]
 [ 8.32164299e-01  6.12333309e-01]
 [ 8.34436603e-01  6.07675848e-01]
 [ 8.37398016e-01  6.03683010e-01]
 [ 8.40102641e-01  6.01319358e-01]
 [ 8.42120145e-01  5.95729109e-01]
 [ 8.51408605e-01  5.79075744e-01]
 [ 8.55989650e-01  5.72254771e-01]
 [ 8.57014965e-01  5.70462863e-01]
 [ 8.59823953e-01  5.62889852e-01]
 [ 8.63094348e-01  5.58506474e-01]
 [ 8.66828956e-01  5.52604845e-01]
 [ 8.70238104e-01  5.43117625e-01]
 [ 8.75257972e-01  5.32439881e-01]
 [ 8.78160676e-01  5.26994077e-01]
 [ 8.81739501e-01  5.20623468e-01]
 [ 8.85290180e-01  5.12861188e-01]
 [ 8.91420414e-01  5.03300914e-01]
 [ 8.93468895e-01  4.95905527e-01]
 [ 8.96278249e-01  4.89074558e-01]
 [ 8.99528720e-01  4.85766586e-01]
 [ 9.01772421e-01  4.77030506e-01]
 [ 9.02104804e-01  4.75589071e-01]
 [ 9.08559267e-01  4.63459453e-01]
 [ 9.10772237e-01  4.55667195e-01]
 [ 9.18206846e-01  4.37501404e-01]
 [ 9.21522326e-01  4.29793222e-01]
 [ 9.24531075e-01  4.23926843e-01]
 [ 9.28451535e-01  4.11745082e-01]
 [ 9.31040533e-01  4.05165805e-01]
 [ 9.33061786e-01  4.00135963e-01]
 [ 9.35726849e-01  3.92540964e-01]
 [ 9.40592082e-01  3.90574742e-01]
 [ 9.41119129e-01  3.86191225e-01]
 [ 9.40852418e-01  3.78934037e-01]
 [ 9.43281111e-01  3.72007907e-01]
 [ 9.47419156e-01  3.61477282e-01]
 [ 9.50974308e-01  3.50728703e-01]
 [ 9.53194134e-01  3.41705335e-01]
 [ 9.55065930e-01  3.38212477e-01]
 [ 9.59612586e-01  3.19525873e-01]
 [ 9.61540163e-01  3.13156229e-01]
 [ 9.65523305e-01  3.10778289e-01]
 [ 9.68291513e-01  2.96071655e-01]
 [ 9.70790809e-01  2.82963692e-01]
 [ 9.74414265e-01  2.83445772e-01]
 [ 9.74470972e-01  2.71387792e-01]
 [ 9.76291766e-01  2.62533165e-01]
 [ 9.78335845e-01  2.54853398e-01]
 [ 9.80730711e-01  2.46841342e-01]
 [ 9.82581977e-01  2.39664426e-01]
 [ 9.83803596e-01  2.32050294e-01]
 [ 9.85436133e-01  2.28123382e-01]
 [ 9.87139346e-01  2.19549822e-01]
 [ 9.89095656e-01  2.14096481e-01]
 [ 9.91297109e-01  2.01069868e-01]
 [ 9.92484849e-01  1.98410420e-01]
 [ 9.93633995e-01  1.92090336e-01]
 [ 9.96087597e-01  1.84507489e-01]
 [ 9.97090980e-01  1.77127220e-01]
 [ 9.98976080e-01  1.69256719e-01]
 [ 1.00116560e+00  1.55750163e-01]
 [ 1.00190038e+00  1.52160514e-01]
 [ 1.00368980e+00  1.44746948e-01]
 [ 1.00428184e+00  1.40757583e-01]
 [ 1.00623339e+00  1.32114503e-01]
 [ 1.00821231e+00  1.23375698e-01]
 [ 1.00915132e+00  1.16417926e-01]
 [ 1.01102739e+00  1.06119007e-01]
 [ 1.01260768e+00  9.80245205e-02]
 [ 1.01442732e+00  8.70527979e-02]
 [ 1.01607825e+00  7.81730315e-02]
 [ 1.01874506e+00  6.05886141e-02]
 [ 1.01954962e+00  5.56810758e-02]
 [ 1.02057822e+00  5.11084722e-02]
 [ 1.02240363e+00  4.01663332e-02]
 [ 1.02245660e+00  3.55469485e-02]
 [ 1.02330283e+00  2.86410951e-02]
 [ 1.02465731e+00  1.94011547e-02]
 [ 1.02586736e+00  1.35257252e-02]
 [ 1.02678181e+00  4.41054909e-03]
 [ 1.02843367e+00  3.43830587e-04]
 [ 1.02914763e+00 -9.92696233e-03]
 [ 1.03133768e+00 -1.71818313e-02]
 [ 1.03209784e+00 -2.63930950e-02]
 [ 1.03289489e+00 -3.41066597e-02]
 [ 1.03333839e+00 -4.35287912e-02]
 [ 1.03422497e+00 -5.16375434e-02]
 [ 1.03816297e+00 -5.85504503e-02]
 [ 1.03899080e+00 -5.86979057e-02]
 [ 1.04380030e+00 -6.34396061e-02]
 [ 1.04711811e+00 -6.43509655e-02]
 [ 1.05570458e+00 -6.56204618e-02]
 [ 1.06019844e+00 -6.61670539e-02]]",17,70
0.06331996898071271,0.050965774887283294,0.12607353797992119,0.0,3.6797168458387604,3.7645552120219694,0.9774639070471703,2000,256,"[[9.99848069e-01 3.67049393e-01 3.26410526e-01 4.49252426e-01
  6.09837899e-01 5.02101250e-01]
 [9.99971535e-01 4.19608779e-01 3.62528885e-01 5.17646501e-01
  5.57200127e-01 4.91657976e-01]
 [9.99848069e-01 4.13423501e-01 4.10648580e-01 4.66449559e-01
  6.08888067e-01 5.46064580e-01]
 ...
 [5.15149082e-04 4.83885713e-01 4.12420465e-01 6.78510676e-01
  4.96891642e-01 4.02266500e-01]
 [2.01900121e-04 5.06798438e-01 5.07353456e-01 6.64752295e-01
  4.80342335e-01 4.04921585e-01]
 [3.72737920e-04 4.83885713e-01 4.98306114e-01 6.78510676e-01
  5.32831117e-01 4.02266500e-01]]","[[-2.49178040e-02  1.11832539e+00]
 [-3.17247201e-02  1.09382434e+00]
 [-2.65609189e-02  1.08869036e+00]
 [-2.80897419e-02  1.08473567e+00]
 [-3.11274623e-02  1.08174993e+00]
 [-2.79916190e-02  1.08090805e+00]
 [-1.26911436e-02  1.07804252e+00]
 [-1.25497332e-02  1.07765233e+00]
 [ 6.03217813e-04  1.07732060e+00]
 [ 1.51678543e-03  1.07412143e+00]
 [ 2.36067306e-02  1.08148312e+00]
 [ 2.36067306e-02  1.08148312e+00]
 [ 2.96387750e-02  1.07448750e+00]
 [ 3.68280522e-02  1.07490724e+00]
 [ 4.04636695e-02  1.07384646e+00]
 [ 5.23003265e-02  1.07317610e+00]
 [ 5.89294844e-02  1.07336528e+00]
 [ 7.09989836e-02  1.07067596e+00]
 [ 7.49992728e-02  1.07065562e+00]
 [ 8.87416278e-02  1.07167518e+00]
 [ 1.03480326e-01  1.07121225e+00]
 [ 1.04218872e-01  1.06881255e+00]
 [ 1.15130907e-01  1.07081825e+00]
 [ 1.14602238e-01  1.06712242e+00]
 [ 1.27804999e-01  1.07035080e+00]
 [ 1.30511987e-01  1.06734266e+00]
 [ 1.42388923e-01  1.06743745e+00]
 [ 1.43764206e-01  1.06510474e+00]
 [ 1.59288328e-01  1.06594039e+00]
 [ 1.68245985e-01  1.06556155e+00]
 [ 1.86056924e-01  1.05976449e+00]
 [ 1.88226169e-01  1.06304489e+00]
 [ 2.02667002e-01  1.06424354e+00]
 [ 2.14970795e-01  1.06790480e+00]
 [ 2.18011636e-01  1.06353802e+00]
 [ 2.36744109e-01  1.06010221e+00]
 [ 2.45050515e-01  1.05732676e+00]
 [ 2.45050515e-01  1.05732676e+00]
 [ 2.82742764e-01  1.06641134e+00]
 [ 2.78697585e-01  1.05400318e+00]
 [ 2.83346985e-01  1.05045807e+00]
 [ 3.08782842e-01  1.06285977e+00]
 [ 3.11156093e-01  1.05860979e+00]
 [ 3.18922460e-01  1.05633073e+00]
 [ 3.46891198e-01  1.05295124e+00]
 [ 3.50984915e-01  1.04932817e+00]
 [ 3.51767803e-01  1.04962911e+00]
 [ 3.64507546e-01  1.04917690e+00]
 [ 3.78042313e-01  1.04485965e+00]
 [ 3.82211482e-01  1.04299996e+00]
 [ 3.89840494e-01  1.04210475e+00]
 [ 4.06304407e-01  1.03702790e+00]
 [ 4.08909047e-01  1.03505564e+00]
 [ 4.18539578e-01  1.03749461e+00]
 [ 4.23593002e-01  1.02988820e+00]
 [ 4.47812708e-01  1.03972973e+00]
 [ 4.52370278e-01  1.02912379e+00]
 [ 4.51254300e-01  1.01919754e+00]
 [ 4.65654624e-01  1.01862541e+00]
 [ 4.65869612e-01  1.01600110e+00]
 [ 4.80464506e-01  1.02036623e+00]
 [ 4.84752217e-01  1.00949806e+00]
 [ 4.97533767e-01  1.00696770e+00]
 [ 5.06757163e-01  1.00926673e+00]
 [ 5.05501475e-01  9.99927239e-01]
 [ 5.18194992e-01  1.00219129e+00]
 [ 5.23760337e-01  9.92706168e-01]
 [ 5.28953274e-01  9.89605348e-01]
 [ 5.34519358e-01  9.90317180e-01]
 [ 5.42498305e-01  9.82152299e-01]
 [ 5.47875598e-01  9.81821279e-01]
 [ 5.52713495e-01  9.73917676e-01]
 [ 5.62357884e-01  9.79988549e-01]
 [ 5.66968918e-01  9.74159297e-01]
 [ 5.75790741e-01  9.64758883e-01]
 [ 5.74626790e-01  9.61435512e-01]
 [ 5.91016338e-01  9.67363038e-01]
 [ 5.93139846e-01  9.65265520e-01]
 [ 6.00447893e-01  9.48455787e-01]
 [ 6.04324436e-01  9.61177082e-01]
 [ 6.11461839e-01  9.42877967e-01]
 [ 6.20816367e-01  9.41982183e-01]
 [ 6.35912118e-01  9.30643670e-01]
 [ 6.45612536e-01  9.40550167e-01]
 [ 6.50365512e-01  9.28499189e-01]
 [ 6.53299126e-01  9.21727088e-01]
 [ 6.59349624e-01  9.18383405e-01]
 [ 6.61146628e-01  9.09143333e-01]
 [ 6.71507269e-01  9.23869262e-01]
 [ 6.70764371e-01  9.19334200e-01]
 [ 6.82683731e-01  9.10891018e-01]
 [ 6.88175046e-01  9.05784325e-01]
 [ 6.94261931e-01  8.91449426e-01]
 [ 7.08576853e-01  8.89121765e-01]
 [ 7.12923520e-01  8.85448297e-01]
 [ 7.19977866e-01  8.87080042e-01]
 [ 7.25785220e-01  8.79040373e-01]
 [ 7.31956331e-01  8.68986523e-01]
 [ 7.31807209e-01  8.67371268e-01]
 [ 7.42337478e-01  8.75868929e-01]
 [ 7.40943468e-01  8.65120052e-01]
 [ 7.47026699e-01  8.72685746e-01]
 [ 7.56374485e-01  8.58355451e-01]
 [ 7.59286799e-01  8.51818700e-01]
 [ 7.68624569e-01  8.45419169e-01]
 [ 7.70850138e-01  8.38962325e-01]
 [ 7.82409228e-01  8.33232970e-01]
 [ 7.88009007e-01  8.44692861e-01]
 [ 7.94790555e-01  8.25292865e-01]
 [ 7.98957573e-01  8.19515468e-01]
 [ 8.05940338e-01  8.19235040e-01]
 [ 8.10246870e-01  8.19945029e-01]
 [ 8.14697621e-01  8.10880573e-01]
 [ 8.23020715e-01  8.15165845e-01]
 [ 8.26612807e-01  8.18238078e-01]
 [ 8.25417287e-01  8.02885646e-01]
 [ 8.25701482e-01  7.96568711e-01]
 [ 8.37290576e-01  8.01814573e-01]
 [ 8.38087973e-01  7.89448921e-01]
 [ 8.42777013e-01  7.97088500e-01]
 [ 8.49163453e-01  7.84184593e-01]
 [ 8.53779866e-01  7.86620968e-01]
 [ 8.58164780e-01  7.70352111e-01]
 [ 8.69262913e-01  7.68496921e-01]
 [ 8.68613687e-01  7.67809637e-01]
 [ 8.74568047e-01  7.67800064e-01]
 [ 8.81123401e-01  7.60645456e-01]
 [ 8.85130774e-01  7.55271126e-01]
 [ 8.85812627e-01  7.49833227e-01]
 [ 8.94652183e-01  7.43114865e-01]
 [ 9.02531537e-01  7.32305650e-01]
 [ 9.14683397e-01  7.28687888e-01]
 [ 9.17709752e-01  7.19505141e-01]
 [ 9.21373228e-01  7.14916167e-01]
 [ 9.21914455e-01  7.02928909e-01]
 [ 9.32200819e-01  7.20380769e-01]
 [ 9.29376873e-01  7.05134532e-01]
 [ 9.30476461e-01  6.90865489e-01]
 [ 9.33154500e-01  6.83765539e-01]
 [ 9.41312522e-01  6.86737992e-01]
 [ 9.39617292e-01  6.71020362e-01]
 [ 9.53738756e-01  6.78027332e-01]
 [ 9.56027806e-01  6.58903042e-01]
 [ 9.65679873e-01  6.60021065e-01]
 [ 9.70703630e-01  6.43419412e-01]
 [ 9.68229699e-01  6.47831166e-01]
 [ 9.72679032e-01  6.43116625e-01]
 [ 9.76400841e-01  6.36540228e-01]
 [ 9.74808223e-01  6.30154333e-01]
 [ 9.81070992e-01  6.31966560e-01]
 [ 9.86682555e-01  6.23134823e-01]
 [ 9.75332606e-01  6.16458924e-01]
 [ 9.87818967e-01  6.15053459e-01]
 [ 9.88560945e-01  6.03514163e-01]
 [ 9.84495026e-01  6.01931473e-01]
 [ 9.96448110e-01  5.95832743e-01]
 [ 9.96349510e-01  5.87961893e-01]
 [ 9.92848392e-01  5.85170679e-01]
 [ 1.00044890e+00  5.79276280e-01]
 [ 1.00076813e+00  5.67325637e-01]
 [ 1.00894305e+00  5.75806022e-01]
 [ 1.00383200e+00  5.59155683e-01]
 [ 1.00740376e+00  5.57756174e-01]
 [ 1.01127556e+00  5.55671110e-01]
 [ 1.02229807e+00  5.52441960e-01]
 [ 1.01785965e+00  5.42726293e-01]
 [ 1.01842428e+00  5.37189132e-01]
 [ 1.01889063e+00  5.25395865e-01]
 [ 1.02538729e+00  5.26626993e-01]
 [ 1.03356012e+00  5.15399919e-01]
 [ 1.03285507e+00  5.09137913e-01]
 [ 1.03420686e+00  5.12860549e-01]
 [ 1.03493132e+00  5.06284058e-01]
 [ 1.03672394e+00  4.94252129e-01]
 [ 1.03705293e+00  4.90033814e-01]
 [ 1.03889933e+00  4.82468637e-01]
 [ 1.04511811e+00  4.68872337e-01]
 [ 1.04905548e+00  4.56126699e-01]
 [ 1.04905548e+00  4.56126699e-01]
 [ 1.05261748e+00  4.49825928e-01]
 [ 1.05248644e+00  4.50135596e-01]
 [ 1.05892810e+00  4.42808733e-01]
 [ 1.05923104e+00  4.39571327e-01]
 [ 1.06203887e+00  4.34007888e-01]
 [ 1.06812925e+00  4.25576387e-01]
 [ 1.06598961e+00  4.20646423e-01]
 [ 1.06849104e+00  4.15190234e-01]
 [ 1.07145601e+00  4.10094233e-01]
 [ 1.07685651e+00  4.08359410e-01]
 [ 1.07932004e+00  4.05808014e-01]
 [ 1.07767044e+00  3.94985358e-01]
 [ 1.07886711e+00  3.88600074e-01]
 [ 1.08326016e+00  3.82396549e-01]
 [ 1.08890288e+00  3.72341151e-01]
 [ 1.08823168e+00  3.68750473e-01]
 [ 1.09078558e+00  3.58076151e-01]
 [ 1.09814354e+00  3.53621103e-01]
 [ 1.09902468e+00  3.48235250e-01]
 [ 1.10399423e+00  3.27283209e-01]
 [ 1.10323826e+00  3.18525930e-01]
 [ 1.11137303e+00  3.22794369e-01]
 [ 1.11427326e+00  3.14836085e-01]
 [ 1.11494437e+00  3.13111321e-01]
 [ 1.11694505e+00  3.04364614e-01]
 [ 1.11344468e+00  2.93910172e-01]
 [ 1.11796859e+00  2.80967629e-01]
 [ 1.12726759e+00  2.84333348e-01]
 [ 1.12377394e+00  2.77273636e-01]
 [ 1.13226773e+00  2.61116797e-01]
 [ 1.13651702e+00  2.55064583e-01]
 [ 1.14057682e+00  2.48418337e-01]
 [ 1.14294134e+00  2.42017646e-01]
 [ 1.14444909e+00  2.31059316e-01]
 [ 1.14671378e+00  2.29594451e-01]
 [ 1.14377157e+00  2.21218562e-01]
 [ 1.14831858e+00  2.11868581e-01]
 [ 1.14817667e+00  2.08566611e-01]
 [ 1.15320797e+00  2.03914402e-01]
 [ 1.15328459e+00  1.91248404e-01]
 [ 1.16219772e+00  1.90343883e-01]
 [ 1.16097682e+00  1.89236215e-01]
 [ 1.16527644e+00  1.74379792e-01]
 [ 1.16875632e+00  1.70831596e-01]
 [ 1.17218792e+00  1.59361099e-01]
 [ 1.17140498e+00  1.58200540e-01]
 [ 1.17276313e+00  1.41885403e-01]
 [ 1.18323834e+00  1.28930966e-01]
 [ 1.18247473e+00  1.17425101e-01]
 [ 1.19148434e+00  1.02943392e-01]
 [ 1.19239467e+00  9.44548478e-02]
 [ 1.18831424e+00  8.44506838e-02]
 [ 1.19452897e+00  7.44171853e-02]
 [ 1.19373018e+00  6.42962656e-02]
 [ 1.19790194e+00  5.74111953e-02]
 [ 1.19952206e+00  5.15529547e-02]
 [ 1.19950789e+00  4.68797936e-02]
 [ 1.20255011e+00  3.56172912e-02]
 [ 1.20508331e+00  2.79211586e-02]
 [ 1.20777932e+00  1.84353353e-02]
 [ 1.20751178e+00  5.90173759e-03]
 [ 1.21113074e+00 -1.72384757e-03]
 [ 1.21020111e+00 -1.01004651e-02]
 [ 1.21493647e+00 -2.67172424e-02]
 [ 1.22034766e+00 -2.62755706e-02]
 [ 1.21876623e+00 -3.83298559e-02]
 [ 1.22024896e+00 -4.32370209e-02]
 [ 1.22628302e+00 -4.67495710e-02]
 [ 1.22313226e+00 -5.46428810e-02]
 [ 1.22540450e+00 -5.18847941e-02]
 [ 1.22628315e+00 -6.66455797e-02]
 [ 1.23142539e+00 -7.03124277e-02]
 [ 1.24680807e+00 -7.73896809e-02]
 [ 1.23792621e+00 -9.78862062e-02]
 [ 1.24519951e+00 -1.02606665e-01]
 [ 1.24847246e+00 -1.10372196e-01]
 [ 1.25651312e+00 -1.11158344e-01]]",18,70
0.007965890725596236,0.007596936741653542,0.021108715462002468,0.999,3.7512563907992775,3.7645552120219694,0.9964673592297918,2000,256,"[[9.99773504e-01 3.78324181e-01 4.60824778e-01 4.65471030e-01
  5.58618246e-01 5.11730402e-01]
 [9.99613069e-01 4.04220173e-01 5.06251143e-01 5.45921242e-01
  4.92352200e-01 5.22320240e-01]
 [9.99773504e-01 4.09242011e-01 5.03440499e-01 5.45921242e-01
  4.92307884e-01 5.10974840e-01]
 ...
 [3.07693784e-04 4.33516288e-01 5.27367632e-01 5.11315864e-01
  4.86388809e-01 5.06106222e-01]
 [3.07693784e-04 4.03015429e-01 5.03020957e-01 4.91258614e-01
  4.88680112e-01 5.00479924e-01]
 [1.50768096e-04 4.74956737e-01 5.30607302e-01 4.02400865e-01
  4.99390968e-01 5.04233594e-01]]","[[-0.09268358  1.11043829]
 [-0.09029795  1.10422132]
 [-0.08951757  1.10252336]
 [-0.08071665  1.1016072 ]
 [-0.07506563  1.09569788]
 [-0.06918355  1.09385543]
 [-0.05562197  1.09357544]
 [-0.05522618  1.0935036 ]
 [-0.04763253  1.08928911]
 [-0.0475429   1.08928992]
 [-0.03585275  1.08727982]
 [-0.03003529  1.08573902]
 [-0.00773394  1.08391783]
 [-0.00452957  1.08123544]
 [ 0.01209368  1.07932634]
 [ 0.02380459  1.07619677]
 [ 0.02613562  1.07606353]
 [ 0.03135689  1.07385803]
 [ 0.04321937  1.07295883]
 [ 0.054229    1.06853003]
 [ 0.06354351  1.06820791]
 [ 0.0702644   1.06715201]
 [ 0.08383423  1.06374932]
 [ 0.08982041  1.06202387]
 [ 0.09747676  1.06045561]
 [ 0.10961663  1.05759436]
 [ 0.11660909  1.05653683]
 [ 0.12455829  1.05402292]
 [ 0.12824251  1.05387217]
 [ 0.14074292  1.0503966 ]
 [ 0.14579125  1.0501563 ]
 [ 0.15287859  1.04689499]
 [ 0.16518843  1.04473949]
 [ 0.17144181  1.04154833]
 [ 0.17776639  1.04272612]
 [ 0.18480454  1.03872639]
 [ 0.18598484  1.03636116]
 [ 0.19654589  1.03763652]
 [ 0.20638615  1.03615816]
 [ 0.20938567  1.03160363]
 [ 0.21522354  1.02979376]
 [ 0.22098826  1.0269002 ]
 [ 0.22376716  1.02544485]
 [ 0.22983821  1.02364048]
 [ 0.23481131  1.02153289]
 [ 0.23979179  1.02025602]
 [ 0.24865656  1.01780144]
 [ 0.26040708  1.01301652]
 [ 0.26705577  1.01066702]
 [ 0.27239733  1.00960263]
 [ 0.2778262   1.00921796]
 [ 0.28196419  1.00836913]
 [ 0.28934602  1.00520396]
 [ 0.29338556  1.0017187 ]
 [ 0.29744529  1.00182841]
 [ 0.30206827  0.99998593]
 [ 0.30616879  0.99784467]
 [ 0.3136407   0.99486076]
 [ 0.31717976  0.99400189]
 [ 0.32289494  0.99142923]
 [ 0.32739815  0.99039758]
 [ 0.34050253  0.985896  ]
 [ 0.35094484  0.9824205 ]
 [ 0.35723086  0.97922862]
 [ 0.36009929  0.97846027]
 [ 0.36412847  0.97558536]
 [ 0.37119898  0.97382723]
 [ 0.38678457  0.96648515]
 [ 0.395915    0.96402826]
 [ 0.40103033  0.96152495]
 [ 0.40716778  0.95823145]
 [ 0.40952762  0.95770104]
 [ 0.41415165  0.95464285]
 [ 0.42873448  0.95363605]
 [ 0.43168245  0.94650564]
 [ 0.44147854  0.94149396]
 [ 0.44807847  0.9377434 ]
 [ 0.45620964  0.93492756]
 [ 0.46379715  0.93065695]
 [ 0.4693051   0.92861178]
 [ 0.4733468   0.92449167]
 [ 0.47691384  0.92401093]
 [ 0.48219907  0.92177541]
 [ 0.48988067  0.91723792]
 [ 0.49299997  0.91437519]
 [ 0.50275174  0.91013568]
 [ 0.50750627  0.90608701]
 [ 0.51306386  0.90471067]
 [ 0.51673385  0.90244433]
 [ 0.52170123  0.89836682]
 [ 0.53161852  0.89418467]
 [ 0.53282589  0.89195357]
 [ 0.5386642   0.88930446]
 [ 0.54616601  0.8852406 ]
 [ 0.5522627   0.88276661]
 [ 0.56044506  0.87661124]
 [ 0.56329007  0.87331604]
 [ 0.57136494  0.86886121]
 [ 0.57719381  0.86479828]
 [ 0.58252169  0.86110904]
 [ 0.58837929  0.85720426]
 [ 0.59625875  0.85178801]
 [ 0.60350687  0.84890782]
 [ 0.60603561  0.84440583]
 [ 0.61009674  0.8414239 ]
 [ 0.61794097  0.83971338]
 [ 0.6200132   0.83539513]
 [ 0.62516886  0.83154833]
 [ 0.63246238  0.82625504]
 [ 0.63723771  0.82214714]
 [ 0.64649141  0.81478083]
 [ 0.6526573   0.81059022]
 [ 0.66078568  0.80426341]
 [ 0.66531857  0.79887177]
 [ 0.67118412  0.79494344]
 [ 0.6755654   0.79169819]
 [ 0.68139669  0.78629225]
 [ 0.68400133  0.78695315]
 [ 0.68775721  0.78163206]
 [ 0.69207302  0.7783736 ]
 [ 0.6962737   0.77581611]
 [ 0.70143955  0.77056999]
 [ 0.70549739  0.76613174]
 [ 0.71417461  0.76066119]
 [ 0.71873528  0.75504066]
 [ 0.7225809   0.75065256]
 [ 0.72934734  0.74391383]
 [ 0.73397504  0.73956106]
 [ 0.73734444  0.73609476]
 [ 0.73985189  0.7334081 ]
 [ 0.74498794  0.73010613]
 [ 0.74925476  0.72623631]
 [ 0.7523593   0.71948171]
 [ 0.75269095  0.71910966]
 [ 0.75904668  0.71458105]
 [ 0.76449658  0.70985259]
 [ 0.77266635  0.70320792]
 [ 0.77542497  0.69955122]
 [ 0.77645903  0.69363104]
 [ 0.7789105   0.69026302]
 [ 0.78583086  0.69010402]
 [ 0.78718304  0.68500344]
 [ 0.78948268  0.68348713]
 [ 0.79148079  0.67710417]
 [ 0.79574032  0.67463264]
 [ 0.80053409  0.66698452]
 [ 0.80834222  0.66524936]
 [ 0.80694281  0.65669408]
 [ 0.81654555  0.65075154]
 [ 0.8163375   0.6466087 ]
 [ 0.82345134  0.6384883 ]
 [ 0.83338629  0.62483586]
 [ 0.83745253  0.61862112]
 [ 0.84657435  0.61023062]
 [ 0.84656917  0.60603117]
 [ 0.85064535  0.59916527]
 [ 0.85552735  0.59664068]
 [ 0.8596442   0.58980196]
 [ 0.86483198  0.58309344]
 [ 0.86635834  0.57764996]
 [ 0.87136472  0.57141723]
 [ 0.87605159  0.56425123]
 [ 0.8760521   0.56425097]
 [ 0.88189815  0.55687478]
 [ 0.88468457  0.55592655]
 [ 0.88569608  0.54911565]
 [ 0.89015469  0.54671091]
 [ 0.89035924  0.53806345]
 [ 0.89269243  0.53710462]
 [ 0.89579981  0.53143437]
 [ 0.89728183  0.53154847]
 [ 0.90002055  0.52173092]
 [ 0.90225328  0.51755149]
 [ 0.90755113  0.5114152 ]
 [ 0.90981178  0.50437258]
 [ 0.91396534  0.49627179]
 [ 0.91905823  0.49528237]
 [ 0.91928968  0.48589721]
 [ 0.9192827   0.48583731]
 [ 0.92543505  0.47727075]
 [ 0.92725209  0.47358474]
 [ 0.93066022  0.46533757]
 [ 0.93322669  0.46048927]
 [ 0.9330957   0.45711215]
 [ 0.93815927  0.45543353]
 [ 0.93682664  0.4485331 ]
 [ 0.93965862  0.4440288 ]
 [ 0.94266116  0.43574499]
 [ 0.94567681  0.43091682]
 [ 0.9466584   0.42875018]
 [ 0.94849282  0.42342507]
 [ 0.95149774  0.42071644]
 [ 0.95390438  0.41913837]
 [ 0.95464508  0.40991245]
 [ 0.95612905  0.40970106]
 [ 0.95857869  0.39989532]
 [ 0.95918617  0.39602625]
 [ 0.96285322  0.38699034]
 [ 0.96999299  0.37147525]
 [ 0.97252688  0.36364916]
 [ 0.9755041   0.35419239]
 [ 0.97578179  0.35300153]
 [ 0.97876344  0.34404277]
 [ 0.98176362  0.33758659]
 [ 0.98438036  0.32924242]
 [ 0.98465451  0.32632771]
 [ 0.98740245  0.31796159]
 [ 0.98751429  0.31699979]
 [ 0.99063482  0.30687063]
 [ 0.99377987  0.3005407 ]
 [ 0.99613324  0.29209807]
 [ 0.99656723  0.28724696]
 [ 1.00025267  0.27760189]
 [ 1.00033753  0.27458362]
 [ 1.00334862  0.26559382]
 [ 1.00555086  0.25456699]
 [ 1.00614881  0.25221479]
 [ 1.00790849  0.24359223]
 [ 1.01019268  0.2350758 ]
 [ 1.01304463  0.22836632]
 [ 1.01358094  0.22131881]
 [ 1.01501672  0.21253581]
 [ 1.01590408  0.20745388]
 [ 1.01860513  0.19945397]
 [ 1.01828798  0.19875536]
 [ 1.02027531  0.19031414]
 [ 1.02150515  0.17916442]
 [ 1.0216022   0.17859037]
 [ 1.02315572  0.17025702]
 [ 1.02656262  0.15398877]
 [ 1.02815825  0.14507799]
 [ 1.02936241  0.13581924]
 [ 1.02988345  0.13234319]
 [ 1.03105303  0.12273596]
 [ 1.03254657  0.11386561]
 [ 1.03272793  0.11062965]
 [ 1.03439437  0.0962046 ]
 [ 1.03613766  0.08707628]
 [ 1.03640998  0.08038115]
 [ 1.03749266  0.06968407]
 [ 1.03796617  0.06237767]
 [ 1.03938758  0.0484651 ]
 [ 1.04030372  0.03713922]
 [ 1.04127852  0.03277519]
 [ 1.04125382  0.02378178]
 [ 1.04222422  0.00662044]
 [ 1.04290994 -0.01011817]
 [ 1.04335559 -0.02206963]
 [ 1.04405891 -0.03023766]
 [ 1.04383336 -0.03722074]
 [ 1.04392596 -0.04779143]
 [ 1.04444813 -0.05909074]
 [ 1.04671431 -0.06537125]
 [ 1.05172807 -0.06725921]
 [ 1.05839611 -0.06909876]
 [ 1.0663402  -0.07353685]]",19,70
