repeat,partition_seed,calibration_method,observation_id,outer_fold,T_true,T_mean,T_std,T_lower,T_upper,P_true,P_mean,P_std,P_lower,P_upper,TD_true,TD_mean,TD_std,TD_lower,TD_upper
0,0,uncalibrated,0,2,312.33,312.07521508371275,1.5219804276739215,309.57178005710415,314.57865011032135,84.06,72.74441813802548,173.98672789574866,-213.43828228271548,358.92711855876644,0.31,2.7159772683574124,1.403020945257052,0.4082131778624687,5.023741358852356
0,0,uncalibrated,1,2,311.68,309.8428760994924,2.5758389935082704,305.6059979885773,314.0797542104075,204.84,207.20690533303025,269.8427410240169,-236.6449059468506,651.0587166129111,9.2,7.148015456550048,1.6034322171308628,4.5106041586315095,9.785426754468588
0,0,uncalibrated,2,0,301.44,305.34132875278203,1.4632806115801302,302.9344463315767,307.7482111739874,220.66,527.5868350513163,290.5764900315167,49.63104151614789,1005.5426285864846,4.44,8.305571229238938,1.7885515370402465,5.363665746548659,11.247476711929217
0,0,uncalibrated,3,1,314.31,312.3498562394855,2.0514549665990547,308.9755130971474,315.7241993818236,12.81,174.25013929970135,373.7422939654497,-440.5012284745317,789.0015070739344,2.87,1.4032430402961058,2.6842776158162236,-3.012000731823858,5.81848681241607
0,0,uncalibrated,4,2,306.89,304.6780861683048,2.844472083250285,299.9993459454083,309.35682639120125,422.12,488.9095617061323,330.1153522764238,-54.08187279810602,1031.9009962103705,12.1,10.126261471340978,1.9383339575443213,6.937985831031002,13.314537111650955
0,0,uncalibrated,5,2,307.84,307.5676346040244,1.1741062894693233,305.63640161536426,309.4988675926846,2201.12,1860.364601178738,292.1751350912161,1379.779270518915,2340.949931838561,5.77,6.476251514042899,1.3498014302173003,4.256025735885689,8.69647729220011
0,0,uncalibrated,6,1,314.22,311.93501583327406,2.058820860616893,308.548556873445,315.3214747931031,87.66,193.51051298470878,418.53401951803346,-494.9166870221065,881.937712991524,3.45,1.5616810699635053,2.830800565884188,-3.0945715080073795,6.21793364793439
0,0,uncalibrated,7,0,301.14,304.1764707187596,1.902766020798769,301.04669912820873,307.3062423093105,965.47,1318.9672967041988,342.6721950629536,755.3216937994774,1882.61289960892,6.46,8.750062235086919,2.5779004477185503,4.509793333737239,12.990331136436598
0,0,uncalibrated,8,0,306.32,306.5234818130117,1.0730128303376396,304.75853276726536,308.28843085875803,331.97,569.5207251996862,207.53690016592353,228.15290223550147,910.8885481638711,10.22,7.395248578703246,1.6609341829537072,4.663254963744162,10.12724219366233
0,0,uncalibrated,9,4,304.34,305.18826252101087,2.052520807560079,301.81216622630234,308.5643588157194,421.99,401.14887220471314,431.9437320227371,-309.3353420518405,1111.6330864612669,3.37,8.370185414400128,2.570137657769731,4.142685166253026,12.59768566254723
0,0,uncalibrated,10,3,303.31,303.2718195951252,1.5220878659515773,300.7682078482759,305.77543134197447,1035.72,305.35806779507055,307.6384148966035,-200.66209473720926,811.3782303273504,5.86,7.198571393938308,1.9407393717329222,4.006339199375891,10.390803588500725
0,0,uncalibrated,11,2,308.31,308.22986717503204,1.7058143650343587,305.4240522297994,311.0356821202647,374.66,405.01816250294337,232.33913210202147,22.854298382176296,787.1820266237105,8.57,8.305964975916016,1.3143701602103826,6.144018450737182,10.46791150109485
0,0,uncalibrated,12,4,307.47,306.80386064093994,0.9951891238873616,305.1669202010112,308.4408010808687,850.87,1046.0027081733604,229.5225232742272,668.4717532986942,1423.5336630480265,10.63,10.859741653882137,1.3118014694012508,8.70202024909722,13.017463058667055
0,0,uncalibrated,13,0,306.43,307.3147138876204,0.989873386782855,305.6865170571479,308.94291071809295,2256.33,1143.2458547306414,150.22438350228785,896.1487326703544,1390.3429767909283,4.77,7.273850595361902,1.510158458455498,4.7898609776999335,9.757840213023872
0,0,uncalibrated,14,3,313.31,313.55552635198325,1.4896695581650066,311.1052379762763,316.00581472769017,0.85,167.56940023063862,445.24586782631854,-564.794880348637,899.9336808099142,0.42,1.4467865263958917,1.960509460469386,-1.7779645703298503,4.671537623121633
0,0,uncalibrated,15,2,311.83,314.0890085639283,1.4346158183174464,311.7292755318869,316.4487415959697,194.23,145.52642820121378,194.8736277782873,-175.01216524709315,466.0650216495207,3.51,3.6072165581838287,1.395185942856731,1.312339899804226,5.902093216563431
0,0,uncalibrated,16,0,307.32,306.8932429018573,0.6260024843873487,305.86356044493215,307.9229253587825,1604.24,1664.0721150115796,135.16169393620598,1441.7509125157064,1886.3933175074528,11.92,11.270391504505843,1.079971677620368,9.493996173567115,13.046786835444571
0,0,uncalibrated,17,2,311.08,310.92194597424105,1.3188023474509445,308.7527091498043,313.09118279867783,560.59,412.60261372391085,219.98712235742644,50.75599763168083,774.4492298161408,3.19,3.2030463682120405,1.5404246802455288,0.6692732458646216,5.736819490559459
0,0,uncalibrated,18,1,311.14,309.4490650219074,1.6410523152645289,306.7497741691274,312.1483558746874,68.07,122.94812562074185,251.69934831787833,-291.06046036124206,536.9567116027258,5.46,4.911248633590995,2.488494651461193,0.8180391804857132,9.004458086696278
0,0,uncalibrated,19,3,312.39,311.9143077757897,1.2730483343730483,309.82032960571166,314.0082859458678,59.84,132.2197100333101,348.4758502372295,-440.9720561343946,705.4114762010148,5.02,4.854796840417863,1.8004151265866686,1.893377489433488,7.816216191402237
0,0,uncalibrated,20,3,308.85,309.8471826815644,1.0708248252841395,308.0858325838661,311.6085327792627,484.91,312.9632032014965,261.3670985047129,-116.94741673976301,742.873823142756,7.06,7.302432113842234,1.5092610367210297,4.81991862357511,9.784945604109357
0,0,uncalibrated,21,4,311.28,310.1425980732595,1.1626544217410615,308.23020173076753,312.0549944157514,410.23,690.7344119922338,221.42094972653518,326.529359751503,1054.9394642329646,5.16,5.629330987944251,1.7121214634530006,2.8131417890021218,8.44552018688638
0,0,uncalibrated,22,0,312.03,313.6116730620732,1.3403740856636606,311.4069538857975,315.81639223834884,122.49,194.58644742336998,206.51574825119317,-145.10173011020214,534.274624956942,3.07,5.1923769994311915,1.5869465347967424,2.5820822358927003,7.802671762969682
0,0,uncalibrated,23,2,307.93,307.7990986937307,1.9684795528870564,304.5612379615846,311.0369594258768,117.49,217.19181549705348,284.1981645328906,-250.27256620782265,684.6561972019297,6.42,7.5728786340407455,1.6380265943455252,4.878564649288542,10.267192618792949
0,0,uncalibrated,24,0,306.65,306.64437250043807,0.945998193392202,305.08834394094737,308.20040105992877,1388.31,1332.7275774841564,151.60471828903727,1083.3600067434775,1582.0951482248354,11.47,11.75602833078703,1.284451628899627,9.643293410347754,13.868763251226307
0,0,uncalibrated,25,4,308.18,308.37686905616334,0.7473040233703986,307.1476633228871,309.60607478943956,1252.74,1146.3371188262001,212.72528019585204,796.4351701517849,1496.2390675006154,7.11,7.3255250751453085,0.880873720131353,5.876616741701017,8.7744334085896
0,0,uncalibrated,26,0,310.29,309.8651550068507,1.2208457041447365,307.8570425224401,311.87326749126134,785.56,772.1655982834374,242.91486909258765,372.60619481605266,1171.725001750822,5.06,4.686035038393397,1.7192842133460584,1.8580641643107256,7.514005912476069
0,0,uncalibrated,27,1,303.33,304.98270489645296,1.6340410290722824,302.2949465831959,307.67046320971,1918.36,1994.2436119777358,492.32266309369896,1184.4448939576578,2804.042329997814,8.91,7.827915146821307,3.397735888843564,2.2391369466337885,13.416693347008826
0,0,uncalibrated,28,2,302.73,303.44395259952415,3.465949961122948,297.7429722351388,309.1449329639095,2026.87,1583.5281527744887,580.8313577525794,628.1455873280108,2538.9107182209664,13.02,5.89127211678848,2.209340005299306,2.2572311959029334,9.525313037674026
0,0,uncalibrated,29,3,310.24,310.23690826404925,1.4436210280376545,307.8623629801381,312.6114535479604,305.92,341.3258390272869,360.09147111679937,-250.97192327347153,933.6236013280454,5.99,6.504924103156999,2.07858473805474,3.0859564578416854,9.923891748472313
0,0,uncalibrated,30,0,305.2,305.04953869572256,1.009480248789294,303.38909144716564,306.7099859442795,2372.98,2137.923808284436,193.91117684212804,1818.9683057492334,2456.8793108196382,10.28,9.123617582306945,1.686862775233411,6.348975228294844,11.898259936319047
0,0,uncalibrated,31,3,307.79,306.8141300812074,1.5729750969011342,304.2268162879652,309.40144387444957,1236.45,1231.3334483211693,274.6025263861576,779.6524868248607,1683.0144098174778,12.82,10.756611056907861,1.7824542237060996,7.824734762169913,13.688487351645808
0,0,uncalibrated,32,3,309.58,309.6177761798643,1.2433821485267613,307.5725945431733,311.66295781655526,717.28,607.1512451125616,271.17480502424405,161.10838353057562,1053.1941066945476,6.31,6.391154941257745,1.790362686157976,3.446270383372219,9.33603949914327
0,0,uncalibrated,33,0,311.54,311.0879981386495,0.9533392238879057,309.51989465852233,312.65610161877663,686.14,690.7988501348077,187.59139389286497,382.2384655052466,999.3592347643688,4.98,3.2217418949933707,1.4830881498765776,0.7822789725801345,5.661204817406607
0,0,uncalibrated,34,2,308.55,309.6133334194267,1.4171226137006814,307.28237414844614,311.9442926904072,367.47,445.4712903711451,206.01636326349222,106.60452804583798,784.3380526964522,5.43,5.094490342017119,1.3985485168013772,2.794082741688773,7.394897942345465
0,0,uncalibrated,35,2,306.8,305.8817161577733,2.2134809870598176,302.24086392801985,309.5225683875268,554.95,602.7451441032284,262.0366770494036,171.7331654642055,1033.7571227422513,12.78,11.184427113708093,1.4573792224964033,8.78725161374117,13.581602613675017
0,0,uncalibrated,36,4,307.12,307.34281147136215,1.252625633901996,305.2824256542261,309.40319728849823,2075.38,2117.9120633267225,424.86430573543316,1419.0724690755765,2816.7516575778686,5.9,6.361287020763538,1.5035498329600565,3.8881676247169104,8.834406416810166
0,0,uncalibrated,37,4,309.05,308.71221189436704,1.205246847349733,306.729757246132,310.6946665426021,1337.07,1357.4448531899038,295.9089738696689,870.7179042728908,1844.1718021069169,4.68,4.937058042216678,1.7914279742475308,1.9904212413532996,7.883694843080056
0,0,uncalibrated,38,2,307.56,308.44111537200575,2.3237009310837076,304.6189674675622,312.2632632764493,316.18,485.9186461609415,362.8068915654689,-110.84558531350928,1082.6828776353923,8.14,6.1557822831678575,1.708348595714281,3.345798899409769,8.965765666925947
0,0,uncalibrated,39,4,312.34,311.84320900323195,2.0721788060680746,308.4347781783789,315.251639828085,106.38,258.65128959623894,352.55738502707965,-321.25400387407944,838.5565830665573,5.13,4.872069534044067,2.3599345019035,0.9903227092201807,8.753816358867955
0,0,uncalibrated,40,2,309.58,308.00730002806836,1.7647650919632685,305.1045197658352,310.9100802903015,435.02,373.0907516990157,176.63992679436885,82.54392744685566,663.6375759511757,7.83,8.372735986977942,1.3557752255529665,6.142684189896196,10.602787784059688
0,0,uncalibrated,41,2,307.48,307.59698822288516,0.7658180570182456,306.3373296142138,308.85664683155653,1296.42,985.015258030886,143.7953984036621,748.4928754276906,1221.5376406340815,8.74,8.43420637923849,1.2401612828556288,6.394322595128618,10.474090163348361
0,0,uncalibrated,42,2,304.47,304.8900250341837,2.152389802050647,301.3496588616673,308.43039120670005,451.73,731.4689015858386,303.2070368371629,232.73770732702275,1230.2000958446545,7.37,7.824832834023522,1.7741678481882395,4.906586414110409,10.743079253936635
0,0,uncalibrated,43,1,311.63,311.7175244271922,1.581591158440102,309.1160384738776,314.31901038050677,91.86,119.28718611563522,316.56586615945173,-401.417327005773,639.9916992370435,2.46,2.609461536268277,2.0972682523549326,-0.8402377553079079,6.059160827844462
0,0,uncalibrated,44,4,312.52,311.9484437861316,1.573923518726583,309.35956997780994,314.5373175944532,220.1,338.4743675730541,305.9964146306182,-164.84494486626454,841.7936800123728,1.31,2.708801196256552,2.0620252137810997,-0.6829284554966732,6.100530848009777
0,0,uncalibrated,45,1,312.59,312.41683777950215,1.2322503001954492,310.3899664039136,314.4437091550907,188.63,197.3962955627117,226.90204591430077,-175.8243576221352,570.6169487475586,1.23,1.2439940052381955,1.7783097669311903,-1.681065264741799,4.1690532752181895
0,0,uncalibrated,46,4,306.36,306.5594535399637,1.5672123659227775,303.98161859567244,309.137288484255,947.21,923.3838075941542,308.7840376604893,415.4792633035786,1431.2883518847298,7.22,7.016407890275882,1.667007955540054,4.2744238084488675,9.758391972102897
0,0,uncalibrated,47,4,302.67,307.3440521990195,2.5453721184894826,303.1572876379809,311.53081676005803,1366.98,1096.6885471406295,327.28317843331683,558.3556240543826,1635.0214702268763,10.28,11.680164181954812,2.055777870387658,8.2987104956411,15.061617868268524
0,0,uncalibrated,48,1,312.73,311.8054097427039,1.5932284018436327,309.1847822273693,314.4260372580385,46.91,47.57324284801223,311.2468903246019,-464.3823335797761,559.5288192758005,1.25,2.445312011408814,2.209056028404393,-1.188261809051165,6.078885831868792
0,0,uncalibrated,49,3,310.89,309.7256776255995,1.1699560460829743,307.8012711798261,311.6500840713729,93.48,136.16175087972965,301.8039358570126,-360.2615476429068,632.5850494023662,4.63,3.9767316457167494,1.6963839099116564,1.1864284187964431,6.767034872637056
0,0,uncalibrated,50,2,307.08,304.5539781413921,3.6350525662422664,298.5748487436493,310.53310753913496,130.32,475.93255048264496,447.8617060990845,-260.7344011671081,1212.599502132398,7.26,8.721420197411291,2.1489719930999405,5.186675820343721,12.256164574478861
0,0,uncalibrated,51,1,306.76,306.60226793657984,0.5876898520633088,305.6356041518909,307.56893172126877,1543.82,1732.314825819356,165.68002078075983,1459.795442724728,2004.834208913984,10.96,10.258950216713021,1.078419679856837,8.485107694924658,12.032792738501385
0,0,uncalibrated,52,2,310.33,310.0610106359,1.5825989326745211,307.45786704148077,312.66415423031924,570.52,686.9271584322246,272.7571222752235,238.28161658097724,1135.572700283472,5.7,5.826072303951911,1.5122781050406875,3.3385961779164375,8.313548429987383
0,0,uncalibrated,53,0,312.69,312.9773010056034,1.1997121399549084,311.0039501409009,314.95065187030593,95.36,44.88243030987894,210.06198555757837,-300.6387885191315,390.40364913888936,1.39,1.7960304375680876,1.608525135519768,-0.8497579656342102,4.441818840770385
0,0,uncalibrated,54,0,311.54,311.662926408197,0.9267602552795012,310.13854144098605,313.18731137540794,223.41,225.20849972758913,157.2637051622437,-33.46727609635428,483.88427555153254,4.71,4.937202623000095,1.4481551876864949,2.555199310145375,7.319205935854815
0,0,uncalibrated,55,0,308.42,304.36740755478587,1.5951918676160983,301.74355042565406,306.9912646839177,709.64,794.4116820773526,169.21244471555625,516.0819786616446,1072.7413854930605,12.53,10.353266381527108,1.459535941365253,7.952543394706441,12.753989368347774
0,0,uncalibrated,56,1,308.18,307.8072540451988,0.9553659021465241,306.23581697598735,309.3786911144103,1523.36,1688.81543684451,337.21157273649015,1134.151758378884,2243.479115310136,7.59,6.317061612319635,1.4355958279920162,3.955716607810566,8.678406616828703
0,0,uncalibrated,57,3,308.44,309.2583946584728,1.3021077608325542,307.11661798538574,311.4001713315599,1059.82,1103.290750927543,300.75202025825024,608.5976995927776,1597.9838022623085,5.32,5.880615146833079,1.8422682225260625,2.8503535791936443,8.910876714472513
0,0,uncalibrated,58,4,309.87,310.54417350434784,1.3798089206395365,308.2745897967339,312.8137572119618,261.82,245.13957053822247,263.97091647841637,-189.05394884100468,679.3330899174496,2.03,3.9622276933921885,1.7529673972407864,1.0788529121130002,6.845602474671377
0,0,uncalibrated,59,2,308.33,308.84939426948756,1.3948769546957762,306.55502585140516,311.14376268756996,1098.75,1206.2649944154614,228.7962557000039,829.9286433943937,1582.601345436529,2.44,4.758062037704923,1.4088693137559827,2.4406782370727647,7.075445838337082
0,0,uncalibrated,60,1,306.45,307.0167436486812,2.1300570061727493,303.51311165646456,310.52037564089784,268.91,361.8758333132553,422.67222920967845,-333.358115913948,1057.1097825404586,8.27,6.048623982975456,3.5426728291461305,0.2214457308520119,11.875802235098899
0,0,uncalibrated,61,2,303.98,304.18016848943046,1.7781729232451842,301.2553343072837,307.1050026715772,704.72,1125.2659655330674,387.0143236360237,488.6840516181833,1761.8478794479515,7.93,6.05193596165579,1.578843411975758,3.454969649079028,8.648902274232551
0,0,uncalibrated,62,1,308.91,308.52849488221256,1.172684636490147,306.59960030461144,310.45738945981367,671.26,872.2005046672004,286.66139518107354,400.68446909664254,1343.7165402377584,8.35,7.428069310999118,1.5306252503631999,4.910414816435704,9.945723805562531
0,0,uncalibrated,63,1,309.65,309.9898593750546,1.106141470013881,308.17041856618084,311.80930018392837,616.92,583.3062946761293,222.40952283817742,217.47518436720696,949.1374049850515,2.11,4.141989174251763,1.9923493101970398,0.8648661852198996,7.419112163283627
0,0,uncalibrated,64,4,311.97,312.25979460138075,1.6529548017119697,309.540925900598,314.9786633021635,177.02,243.80929236319798,290.9032388638568,-234.68395517394714,722.3025399003432,2.3,1.8610095926930956,1.8341721285854922,-1.1559350854640518,4.877954270850243
0,0,uncalibrated,65,4,306.98,307.9069465696007,1.381425331592093,305.6347041025688,310.1791890366326,2215.59,1750.1144502480824,408.73099346219277,1077.8117932043165,2422.4171072918484,6.68,7.4088335615873895,1.645150429538764,4.702801910679782,10.114865212494998
0,0,uncalibrated,66,3,306.01,306.68094573624103,1.266408958674549,304.59788836736135,308.7640031051207,1493.56,1378.9027748175715,343.46578988887154,813.9518245851091,1943.853725050034,12.0,11.682081834306508,1.7991580777716365,8.722730144624794,14.641433523988223
0,0,uncalibrated,67,4,311.22,312.44010575611463,1.5039559840066252,309.966318301046,314.9138932111833,462.07,495.3881611611631,251.71659581669675,81.35120556819186,909.4251167541344,3.64,6.169070157047506,2.520108728202135,2.023860175152164,10.314280138942848
0,0,uncalibrated,68,1,304.88,309.5630221373107,1.7945216952628094,306.61129661821457,312.5147476564069,395.97,398.99909149281655,256.64624994738887,-23.14642357663996,821.1446065622731,8.3,9.712538970936155,1.937157936060933,6.526197713828502,12.898880228043808
0,0,uncalibrated,69,3,310.04,309.71036046722315,1.4356561022151817,307.3489163204395,312.0718046140068,990.55,813.7851311133343,336.8117123789986,259.77916440700255,1367.791097819666,2.36,2.60742080191389,1.943795959398803,-0.5898390319568465,5.804680635784626
0,0,uncalibrated,70,4,312.89,312.2933907189105,1.3321470861303852,310.10220375265607,314.4845776851649,164.97,375.1168891390794,233.47778063907862,-8.919885157689123,759.1536634358479,0.86,4.253630810722687,1.6734149716473683,1.501108125213619,7.006153496231754
0,0,uncalibrated,71,1,312.89,311.6229837855573,1.5340102553204473,309.09976145331274,314.1462061178019,42.42,142.03645205477812,307.6891823592056,-364.0672155224939,648.1401196320501,0.86,2.5502303820210583,2.1307748283638617,-0.9545823226301389,6.0550430866722555
0,0,uncalibrated,72,3,311.83,311.01002011065134,1.0055261254103607,309.3560768162757,312.663963405027,492.81,377.1775903895625,175.61378244730662,88.31862338844354,666.0365573906815,6.49,3.51921556290445,1.4374233313871887,1.1548645828075657,5.883566543001335
0,0,uncalibrated,73,0,307.38,307.7719572349546,1.010342588334579,306.1100915640689,309.43382290584026,663.32,595.3878293253365,211.03775312622864,248.26161567197005,942.514042978703,9.56,9.696413954539292,1.572513505942053,7.109859410860332,12.282968498218253
0,0,uncalibrated,74,1,313.21,312.2446035011798,1.4966487057437035,309.78283544926506,314.7063715530946,15.08,88.87906790434317,292.28313004363133,-391.88389864465245,569.6420344533387,0.39,1.0645752307670069,2.1260636477517063,-2.432488271367063,4.561638732901077
0,0,uncalibrated,75,0,307.86,308.3490676608129,0.8116383217505767,307.0140414235087,309.68409389811717,946.9,1110.7404911557976,141.769857890711,877.549826211867,1343.9311560997282,8.0,6.7873569327465715,1.2848959231311192,4.673891213329191,8.900822652163953
0,0,uncalibrated,76,1,307.58,307.60072945453675,0.8663910508304311,306.17564299222,309.0258159168535,1109.01,1221.247768218619,279.0628780378496,762.230181130546,1680.265355306692,8.19,7.997253814705219,1.2439648233148928,5.9511137632756705,10.043393866134767
0,0,uncalibrated,77,3,312.31,312.23159633190113,1.236723181394523,310.1973677214494,314.2658249423529,65.54,91.30463936531567,212.49074086512917,-258.2115264402973,440.8208051709286,2.01,2.072100972747007,1.8028515689888853,-0.8933259693595117,5.037527914853526
0,0,uncalibrated,78,0,312.73,313.0540240340434,1.1039137995267128,311.2382474170501,314.86980065103666,68.26,54.716281627786316,199.81918119390812,-273.9570232934867,383.38958654905935,1.34,2.703582237520837,1.6544817178443272,-0.01779801680030557,5.424962491841979
0,0,uncalibrated,79,3,306.53,307.1486726700354,1.285992752946735,305.03340282611765,309.26394251395317,466.58,561.3930689256358,298.9528925346762,69.65931935234016,1053.1268184989315,7.25,8.177299242637016,1.8506535438014153,5.133245048884664,11.221353436389368
0,0,uncalibrated,80,1,315.92,311.9595520404777,1.6355651134125004,309.26928683156586,314.64981724938957,84.11,290.0730817903261,288.94622473959413,-185.20116396653032,765.3473275471825,3.9,4.344071810201028,2.689084728054666,-0.07907895791950104,8.767222578321556
0,0,uncalibrated,81,4,309.26,306.9530325960667,2.7712577542254917,302.3947192278115,311.5113459643219,613.05,748.8420014584722,437.95565446735196,28.469054763942836,1469.2149481530014,8.86,9.140125055062073,3.202942314309778,3.871753772453295,14.40849633767085
0,0,uncalibrated,82,1,310.16,308.1894840533127,1.0809346995370392,306.4115046922815,309.9674634143439,517.94,811.1043642932726,355.46005119663766,226.4246098461274,1395.7841187404179,7.35,6.910247590785215,1.5969018356520706,4.283577814527444,9.536917367042987
0,0,uncalibrated,83,4,304.65,305.70162146842034,2.118550393848243,302.2169161692196,309.1863267676211,2419.87,1409.3303511462332,461.56392548877443,650.1252542360638,2168.5354480564024,12.79,10.604599663950694,2.552190628424685,6.406619652114795,14.802579675786593
0,0,uncalibrated,84,3,315.33,313.68082930707163,1.2659704593878234,311.59849320533414,315.76316540880913,96.59,58.93853451229245,297.8249306673949,-430.9398828925426,548.8169519171274,6.91,3.7395676765496484,1.8540839054653533,0.6898710399726129,6.789264313126684
0,0,uncalibrated,85,3,311.02,310.887884445401,1.5472657745263152,308.34285872431354,313.4329101664885,146.83,232.2294824165569,432.1100745156787,-478.5283408928279,942.9873057259417,5.0,6.182056227705083,2.2265954744048373,2.5196325858765536,9.844479869533611
0,0,uncalibrated,86,0,309.61,309.724019189261,1.4302297445651082,307.3715006065392,312.0765377719828,540.43,469.9515125276122,204.01625494944258,134.37463561696546,805.528389438259,7.42,8.12881472999971,1.738647352770495,5.268994325805587,10.988635134193835
0,0,uncalibrated,87,4,311.04,312.42031379214643,1.5919028518271685,309.80186661256414,315.0387609717287,153.39,164.22325675457586,274.24415114961784,-286.8682299341006,615.3147434432524,1.96,1.306111265456038,1.778339702733468,-1.6189972445369083,4.231219775448984
0,0,uncalibrated,88,4,312.29,312.1886916511184,1.7930156099025463,309.2394434219896,315.1379398802472,42.84,100.66919869439471,340.5677227477377,-459.5148552898248,660.8532526786142,3.51,2.646412313135027,2.021452646443193,-0.6785814040777094,5.971406030347763
0,0,uncalibrated,89,3,311.14,311.16329953699324,1.4251858205496986,308.8190774709823,313.5075216030042,504.12,637.6752717084278,350.94206630822356,60.426941091502385,1214.9236023253532,4.26,5.0762269989349385,2.022818464499615,1.7489867109383401,8.403467286931537
0,0,uncalibrated,90,1,308.79,307.6382672404109,0.9219613939679908,306.12177569763344,309.1547587831884,843.81,871.6427970804546,247.66419400225308,464.2714493098357,1279.0141448510735,7.69,7.3175953269824525,1.3421591836266134,5.109939925847991,9.525250728116914
0,0,uncalibrated,91,2,302.53,304.2662083426511,2.495694246177149,300.1611566100647,308.3712600752375,2030.6,2107.1337595999676,513.283319332501,1262.8578301422128,2951.409689057722,2.36,6.4106003326535195,2.0044576729762875,3.1135608591877664,9.707639806119273
0,0,uncalibrated,92,0,312.07,311.21883557388753,0.836377603856896,309.84311683868253,312.59455430909253,81.77,78.18261701763777,118.95559743093798,-117.48192886281973,273.84716289809523,5.71,4.42866072904033,1.423239538590448,2.087640011969093,6.7696814461115675
0,0,uncalibrated,93,0,306.81,306.8587118807563,1.0370928638396895,305.1528459221841,308.5645778393285,673.45,809.387711378813,151.18014113598613,560.7185079082509,1058.056914849375,7.15,7.0570933334182895,1.639952395576506,4.3596116875265185,9.75457497931006
0,0,uncalibrated,94,3,309.96,309.9997399561596,1.3212618138767187,307.826457669452,312.1730222428672,659.22,514.5688148568113,283.33306699670453,48.52739197199759,980.610237741625,4.79,4.938267105001756,1.7997327396712315,1.9779701806102228,7.89856402939329
0,0,uncalibrated,95,0,314.36,313.33665373159243,1.2911541049606032,311.2128942190947,315.46041324409015,139.42,27.587780443734005,186.873994532989,-279.7925872467624,334.96814813423043,5.84,3.286813573011565,1.6308022715583692,0.6043825417980826,5.969244604225047
0,0,uncalibrated,96,4,310.35,311.18105304447977,1.1963675513747314,309.213203538434,313.1489025505255,94.55,100.16808312572107,195.35735131693653,-221.1661647395748,421.50233099101695,3.98,5.6353179839296965,1.1334591743313585,3.770943550029341,7.499692417830052
0,0,uncalibrated,97,3,313.16,313.42985057630733,1.3640075236090485,311.18625785390986,315.6734432987048,15.39,110.84505637826408,333.6189974372949,-437.9093615763842,659.5994743329123,0.53,1.5844668988490493,1.8239084564322043,-1.415595540940922,4.584529338639021
0,0,uncalibrated,98,3,306.83,306.7288084072364,1.123614171765439,304.8806275615139,308.57698925295887,1407.27,1501.274416420793,200.024886322754,1172.2627566722551,1830.2860761693307,10.88,11.348840939799858,1.5054957607820776,8.872520777317394,13.825161102282323
0,0,uncalibrated,99,1,309.81,309.51729270316275,1.208470800148149,307.52953512447414,311.50505028185137,533.37,759.5787612756893,436.7985134548777,41.109142172422594,1478.0483803789562,7.02,4.714067484050232,1.9090686381232673,1.5739290105338695,7.854205957566594
0,0,holdout,0,2,312.33,313.35909654871585,1.5985156775052516,311.297425312715,315.4207677847167,84.06,80.69752803421954,256.366184763567,-358.75910388700385,520.154159955443,0.31,2.6832321833808743,1.4636678465167732,0.7539161556968095,4.612548211064939
0,0,holdout,1,2,311.68,308.9002611686034,1.4677533005406724,307.00723953368725,310.7932828035195,204.84,298.8547622933459,323.58652129515247,-255.82932334227934,853.5388479289711,9.2,7.28764728027518,1.7536225187676766,4.976131016515124,9.599163544035235
0,0,holdout,2,0,301.44,305.3343848872364,1.822620833358969,301.0033528219361,309.6654169525367,220.66,684.6022130883789,423.089164046738,373.75481204599333,995.4496141307645,4.44,7.7747965292936545,2.201498151374247,3.4691097181522457,12.080483340435062
0,0,holdout,3,1,314.31,312.6070499925431,1.8505467491489735,306.52064366314437,318.6934563219419,12.81,190.22739157073926,433.85228860475235,-215.86424221245733,596.3190253539358,2.87,1.9777530489882302,3.092727722415716,-4.334013205626401,8.289519303602862
0,0,holdout,4,2,306.89,305.0690462170039,1.4238610710703237,303.23263419077443,306.9054582432334,422.12,513.6178090516407,317.7005617939091,-30.97670903658502,1058.2123271398664,12.1,8.971475745933896,2.5571910609845148,5.60074534999819,12.342206141869601
0,0,holdout,5,2,307.84,308.1207837065446,1.0426663041438897,306.7760142067824,309.4655532063068,2201.12,1705.787534063663,298.413582899356,1194.2542825880869,2217.3207855392393,5.77,5.914560403750834,1.4399485997051655,4.016509613700522,7.812611193801147
0,0,holdout,6,1,314.22,312.30503317604445,1.9066245288637862,306.0341882997396,318.5758780523493,87.66,181.48363588604468,461.5949252217396,-250.57548251150524,613.5427542835946,3.45,1.465074521380001,3.170007519186039,-5.004407528868073,7.934556571628075
0,0,holdout,7,0,301.14,305.6821678972241,2.237075650192992,300.3662809084682,310.99805488597997,965.47,1181.1396158356015,648.0406711978973,705.018326212177,1657.260905459026,6.46,8.25226479808312,2.664029637990036,3.0419595931374444,13.462570003028794
0,0,holdout,8,0,306.32,306.07626722966245,1.4794045969133425,302.560808265564,309.5917261937609,331.97,658.3192443059355,346.4171348587374,403.8034703318884,912.8350182799827,10.22,7.393791204171786,1.7444140897871574,3.982068721063063,10.80551368728051
0,0,holdout,9,4,304.34,304.59722549475435,3.0598203773251105,302.14048473009194,307.05396625941677,421.99,588.4238578030241,601.9813631827235,125.52923287484703,1051.3184827312011,3.37,5.663005910294139,3.090488642300055,-1.629544455984644,12.95555627657292
0,0,holdout,10,3,303.31,306.14706908424404,3.3168403689092485,303.4750139600563,308.8191242084318,1035.72,481.81649217770166,323.1304732230586,-4.714053127182353,968.3470374825856,5.86,7.853631566704631,2.418993546883833,3.7150087203925652,11.992254413016695
0,0,holdout,11,2,308.31,307.64327964149726,1.123513005068558,306.1942388354429,309.09232044755163,374.66,387.830548261062,263.2263764254411,-63.38565610471608,839.0467526268401,8.57,8.450687691133167,1.5050147338028146,6.466870765225748,10.434504617040586
0,0,holdout,12,4,307.47,306.6944758700647,1.0339558695817328,305.8643089908298,307.52464274929963,850.87,1014.2110618116603,246.71299121616016,824.5006745496405,1203.9214490736802,10.63,10.697291929363004,1.149932673908574,7.9838239594348615,13.410759899291147
0,0,holdout,13,0,306.43,307.1028695616556,1.1603622686439206,304.3455400607085,309.8601990626027,2256.33,1212.7508111178313,270.8746319934971,1013.7367910986618,1411.7648311370008,4.77,7.890973990170555,1.3658907200999006,5.219566950685461,10.562381029655649
0,0,holdout,14,3,313.31,312.43604474138994,2.670513912777033,310.2846718710708,314.58741761170904,0.85,-29.038628759036897,391.9181437773752,-619.1412777136492,561.0640201955754,0.42,1.6507888238154473,2.1473935958745094,-2.0231573954124187,5.324735043043313
0,0,holdout,15,2,311.83,313.1068940045691,1.2528568727312406,311.49103310706,314.7227549020782,194.23,163.48345404599627,267.6903641714147,-295.38480872831326,622.3517168203058,3.51,3.7697923525635475,1.6806114431510795,1.5545147530064223,5.985069952120673
0,0,holdout,16,0,307.32,306.8349432002805,0.7675751375371079,305.01098043613615,308.6589059644249,1604.24,1675.0085894665258,194.16973365619475,1532.3503457742984,1817.6668331587532,11.92,11.070665479709227,0.8951198189206747,9.319991468780724,12.82133949063773
0,0,holdout,17,2,311.08,311.6241193580794,1.198602581481236,310.07823244535746,313.1700062708013,560.59,423.1784130888575,300.2206750421216,-91.4525114568371,937.8093376345521,3.19,2.88790268609875,1.85455204553548,0.4433473902091736,5.332457981988326
0,0,holdout,18,1,311.14,309.9512455955232,1.0702955312921556,306.4310678432024,313.47142334784394,68.07,41.89138843449939,237.3018664923381,-180.22638112616116,264.00915799515997,5.46,5.731533482476337,1.7894924753744215,2.0794634547492556,9.383603510203418
0,0,holdout,19,3,312.39,311.5551994615501,2.021619088105517,309.9265779293946,313.1838209937056,59.84,21.70209662384616,342.62093311912474,-494.1748114269931,537.5790046746854,5.02,4.434471998559231,2.0962662441703843,0.8479988633777054,8.020945133740756
0,0,holdout,20,3,308.85,310.2175295460227,1.508214031637826,309.0025084466097,311.43255064543575,484.91,339.1020038189153,308.6600308527352,-125.6407102516909,803.8447178895215,7.06,6.861984841596534,1.6050625634777298,4.115905339430691,9.608064343762377
0,0,holdout,21,4,311.28,309.78814043280084,1.5363991931320278,308.55456000548776,311.02172086011393,410.23,727.2115897361873,284.1547265727116,508.7103144092986,945.712865063076,5.16,4.822120795888325,1.6631721772842452,0.8975741385635376,8.746667453213112
0,0,holdout,22,0,312.03,312.39073556581104,1.6561019304088822,308.45539672147885,316.32607441014324,122.49,324.67600968312064,377.3277164836978,47.44995433262579,601.9020650336155,3.07,7.413174828548121,2.5037252238539587,2.516392758419798,12.309956898676445
0,0,holdout,23,2,307.93,307.03235056692733,1.2453346138165418,305.42619143528293,308.63850969857174,117.49,220.77624036050798,344.1810439481061,-369.21047135834687,810.7629520793628,6.42,8.789309792319589,2.153049861633469,5.951293218861434,11.627326365777744
0,0,holdout,24,0,306.65,306.9501082521426,0.7488721151287216,305.17058884576426,308.729627658521,1388.31,1340.0232504576124,166.95685660393502,1217.3585514491397,1462.6879494660852,11.47,11.951136262786685,0.9225388481476353,10.14683615526431,13.75543637030906
0,0,holdout,25,4,308.18,308.479290155107,1.101376008656979,307.5949914041933,309.36358890602065,1252.74,1157.6951823065228,293.01148138585677,932.3834898337677,1383.006874779278,7.11,7.284846674048973,1.1290973812767595,4.620543233908775,9.949150114189171
0,0,holdout,26,0,310.29,309.66826484622413,1.5793871416305658,305.9152207523965,313.42130894005174,785.56,846.3190124343316,432.1348188868253,528.8256877032529,1163.8123371654103,5.06,4.49686543274571,2.103068666209791,0.383686862338223,8.610044003153197
0,0,holdout,27,1,303.33,305.30548954607514,1.6392583086058754,299.91400611037886,310.6969729817714,1918.36,1825.0715693518193,537.9705452730786,1321.5238334167261,2328.6193052869125,8.91,9.112254838667479,2.866157953094201,3.2628815111619787,14.961628166172979
0,0,holdout,28,2,302.73,302.54185233900546,1.8945593074837717,300.0983614905248,304.98534318748614,2026.87,1651.9959790610105,470.8337558629396,844.904292077526,2459.087666044495,13.02,5.88704133875137,2.4289803537868218,2.685310332196173,9.088772345306566
0,0,holdout,29,3,310.24,309.8555713982686,2.322601742924211,307.98447746598237,311.7266653305548,305.92,371.6342997417202,336.3487142993007,-134.798664467357,878.0672639507975,5.99,6.327983891082097,2.0345978438276737,2.847018375332892,9.808949406831301
0,0,holdout,30,0,305.2,305.49043453745986,1.4417222852894742,302.0645187723365,308.9163503025832,2372.98,2036.5283307790896,391.7641643407878,1748.6956877917519,2324.3609737664274,10.28,8.28367182970268,2.0058651209550833,4.360603808576428,12.206739850828932
0,0,holdout,31,3,307.79,307.0688087846588,1.3946970115605217,305.9452372883148,308.19238028100284,1236.45,1468.5887120094976,289.6815457179282,1032.421491390802,1904.7559326281932,12.82,10.76476747597901,1.5980731555512944,8.030646055869154,13.498888896088866
0,0,holdout,32,3,309.58,309.77811571611323,1.47785984152038,308.5875480302573,310.96868340196914,717.28,584.0517264373628,306.7000229330795,122.26015378167887,1045.8432990930469,6.31,6.2176065330851715,1.8441142192023232,3.0625368353460454,9.372676230824297
0,0,holdout,33,0,311.54,311.0231039011719,1.3074794586797502,307.9161848115731,314.1300229907707,686.14,656.4722943153963,333.8499942261795,411.18971120542255,901.7548774253701,4.98,2.891272647257004,1.97995739563408,-0.9811250832075529,6.76367037772156
0,0,holdout,34,2,308.55,309.59291549565154,1.252142902769532,307.9779754344872,311.2078555568159,367.47,512.4185149687552,243.39277253765806,95.20058838451502,929.6364415529954,5.43,4.985478527937609,1.4967857255445816,3.0125085695046314,6.958448486370586
0,0,holdout,35,2,306.8,306.1441479989218,1.133989869557936,304.68159475100333,307.6067012468403,554.95,629.8007038491877,282.154285415621,146.13874170218293,1113.4626659961925,12.78,10.114577956011567,1.9619615000367696,7.528442189807434,12.700713722215701
0,0,holdout,36,4,307.12,307.2690738408282,0.9846061968955149,306.47852999094147,308.0596176907149,2075.38,2120.809588857197,463.31653143676624,1764.5415294798383,2477.077648234556,5.9,6.035807717061929,1.5918495097357677,2.279559411730933,9.792056022392925
0,0,holdout,37,4,309.05,308.47442272949803,1.2875142629821799,307.440672906014,309.50817255298205,1337.07,1377.4051939906187,329.1167425991735,1124.3302975892411,1630.4800903919963,4.68,4.489075240211589,1.7230931524030229,0.4231345253033991,8.555015955119778
0,0,holdout,38,2,307.56,307.18105325495105,1.48302490355047,305.268335207234,309.09377130266813,316.18,430.65954860913723,297.2417635282213,-78.86499881471781,940.1840960329923,8.14,6.48213008536226,1.7658033570524134,4.154557797286785,8.809702373437736
0,0,holdout,39,4,312.34,311.47121952621217,2.242553578229739,309.67066520825153,313.2717738441728,106.38,373.5342416749163,423.2265678026204,48.09343014074261,698.97505320909,5.13,5.2676938176102395,2.2817393896227802,-0.11647074258126988,10.651858377801748
0,0,holdout,40,2,309.58,307.8994004624627,1.2762622642592896,306.25335267147506,309.5454482534504,435.02,469.62349311882906,259.69585146904916,24.45922812126645,914.7877581163916,7.83,8.506209133107323,1.3903755096946167,6.6735025106745365,10.338915755540109
0,0,holdout,41,2,307.48,307.26273667350415,1.1099385177172587,305.83120344057494,308.69426990643336,1296.42,957.2880011011646,210.50305083485125,596.4488295296873,1318.1271726726418,8.74,8.685612359604267,1.2463612308915724,7.042736412875192,10.328488306333343
0,0,holdout,42,2,304.47,304.7061879768796,1.4995301600881574,302.7721824228056,306.64019353095364,451.73,610.6019329422999,284.59853304579383,122.75010140153006,1098.4537644830698,7.37,8.091593255994084,1.8662122585637033,5.631668191659367,10.551518320328801
0,0,holdout,43,1,311.63,311.8509561207183,1.5904063685795464,306.62014560891134,317.0817666325253,91.86,131.8673819496331,387.7799271468487,-231.09989585319232,494.83465975245855,2.46,2.944374094276334,2.333829539196616,-1.81860145729211,7.707349645844778
0,0,holdout,44,4,312.52,312.3854895909503,1.9343790657052213,310.8323696953367,313.93860948656396,220.1,364.0336066801571,391.00166974879005,63.37218701803505,664.6950263422791,1.31,3.802482275247028,2.3694021151701046,-1.7885378716465752,9.393502422140632
0,0,holdout,45,1,312.59,312.4779365672747,1.2408434885151958,308.3968304478183,316.5590426867311,188.63,191.550073522817,307.66006299660995,-96.42392341962062,479.5240704652546,1.23,1.4933430476237834,2.217475798156353,-3.03217299175635,6.018859087003917
0,0,holdout,46,4,306.36,306.8443590949117,1.8078584331983896,305.3928230693036,308.2958951205198,947.21,1019.3512330259346,447.8643372767293,674.9651654468112,1363.737300605058,7.22,6.943555760511049,1.9421734095449013,2.3606567278801887,11.526454793141909
0,0,holdout,47,4,302.67,307.44482941140274,2.364256960403868,305.54655901102103,309.34309981178444,1366.98,1116.663651812053,353.7982479291944,844.6098686026216,1388.7174350214846,10.28,11.786448699134297,2.1799779379738005,6.642408144363345,16.93048925390525
0,0,holdout,48,1,312.73,311.0099272798503,1.5015644445497354,306.07131584325157,315.948538716449,46.91,155.20197345601844,370.66934439629136,-191.7495665331324,502.15351344516927,1.25,2.4339537634627844,2.241632379284385,-2.140862022702585,7.008769549628154
0,0,holdout,49,3,310.89,310.1119522592813,1.9861758862691445,308.5118838616005,311.71202065696207,93.48,151.18687334090134,365.7601935841251,-399.53031733539285,701.9040640171955,4.63,3.4709950573251294,1.8158169708968754,0.3643387331874153,6.577651381462843
0,0,holdout,50,2,307.08,304.97381522738084,1.5652369191621793,302.9550649710183,306.99256548374336,130.32,444.9534120248384,409.0941902103692,-256.3058243841677,1146.2126484338446,7.26,7.543964246339062,2.3845152409131964,4.40084438926291,10.687084103415213
0,0,holdout,51,1,306.76,306.72296841559256,0.7905848458082463,304.12275277031534,309.3231840608698,1543.82,1877.9602888752077,260.2155969222846,1634.3949564670872,2121.5256212833283,10.96,10.686543322946136,0.9895197190683416,8.667090680599436,12.705995965292836
0,0,holdout,52,2,310.33,310.02287343273343,1.350507900976934,308.2810679987189,311.76467886674794,570.52,699.4246134834958,334.6227333519696,125.82252357156517,1273.0267033954265,5.7,5.894878689056934,1.8665087634314257,3.434562790425388,8.35519458768848
0,0,holdout,53,0,312.69,313.31201287125657,1.4645683280774342,309.83180882956526,316.7922169129479,95.36,28.308456966777044,319.33650491066965,-206.3109354563175,262.9278493898716,1.39,1.4794878047343243,1.8146873281328573,-2.069674973444554,5.028650582913203
0,0,holdout,54,0,311.54,312.0461733136709,1.2178028353772636,309.1523497423073,314.93999688503453,223.41,89.25517685645116,289.33551028270546,-123.32221590966557,301.8325696225679,4.71,4.004562687901213,1.9826627324567614,0.12687386370130938,7.882251512101117
0,0,holdout,55,0,308.42,303.80434136596654,1.9569981281808457,299.1539930928901,308.45468963904295,709.64,768.8450621352222,252.55065936039023,583.2938290503545,954.3962952200899,12.53,9.60904079111479,1.5519439109584163,6.5737511975833876,12.644330384646192
0,0,holdout,56,1,308.18,307.4841741669752,0.5550299260755921,305.65869331563994,309.3096550183105,1523.36,1947.6516784940525,326.0061975715175,1642.5054504517395,2252.797906536365,7.59,6.0682407908904334,0.9576600487346936,4.113808677391969,8.022672904388898
0,0,holdout,57,3,308.44,309.22155425939445,1.5688406647212203,307.9576921885825,310.4854163302064,1059.82,1128.6342210401915,306.7574318253407,666.7562090605447,1590.5122330198383,5.32,5.961049211578896,1.9772984760713734,2.5781163973972285,9.343982025760564
0,0,holdout,58,4,309.87,310.689134402971,1.482475813422863,309.4988492507929,311.87941955514907,261.82,225.76525963671833,252.5095306178381,31.59761323625122,419.93290603718543,2.03,4.078252792241374,1.6034658803861723,0.2945936215598448,7.861911962922903
0,0,holdout,59,2,308.33,309.8488155755189,1.128980511726473,308.3927231018658,311.30490804917207,1098.75,1241.9466102724034,301.2223777648966,725.598591465065,1758.2946290797418,2.44,4.568727945501193,1.6446721292369417,2.4008233168838373,6.736632574118548
0,0,holdout,60,1,306.45,306.6053119369298,1.6455555016650092,301.19311717593996,312.01750669791966,268.91,280.24507794020866,489.12800413380234,-177.58537621412302,738.0755320945403,8.27,5.485180833107324,2.5940868948670923,0.19106133920920776,10.77930032700544
0,0,holdout,61,2,303.98,303.4700315204214,1.4395016160216751,301.61344724183596,305.32661579900685,704.72,919.2839552860507,303.62966038058676,398.80943160698234,1439.7584789651191,7.93,6.682173319607735,2.0629248804650198,3.9629538974819742,9.401392741733495
0,0,holdout,62,1,308.91,308.8411752273911,0.9085629553058597,305.8529322530518,311.8294182017304,671.26,875.7661117204809,231.53428280692444,659.0468788122909,1092.485344628671,8.35,7.908787823288712,1.591704852996853,4.660370930448037,11.157204716129387
0,0,holdout,63,1,309.65,309.9244180397425,1.5159715904706275,304.93842182663826,314.9104142528467,616.92,641.3427446808399,410.1474992213258,257.4391156680227,1025.2463736936572,2.11,3.3975746469063473,2.123703326056747,-0.93656666500577,7.731715958818464
0,0,holdout,64,4,311.97,312.1057169554427,1.458467179922757,310.9347084212846,313.2767254896008,177.02,225.93039434744645,273.44605427085736,15.663571367118095,436.1972173277748,2.3,1.793770485702657,1.6195823585857916,-2.0279183439101818,5.615459315315496
0,0,holdout,65,4,306.98,307.96251433830844,1.128252606678841,307.05663627036523,308.86839240625164,2215.59,1770.5946672038147,443.3807303700863,1429.656277018561,2111.5330573890683,6.68,7.27688684314155,1.6853921663935019,3.2999082216608207,11.25386546462228
0,0,holdout,66,3,306.01,306.32966634462116,1.35147935096964,305.2409111067018,307.41842158254053,1493.56,1502.7325709427432,285.0051877473989,1073.606441096913,1931.8587007885735,12.0,11.799220779528294,1.433687124967213,9.34634516210619,14.2520963969504
0,0,holdout,67,4,311.22,311.5656311238566,1.7586415403305726,310.15361151820383,312.9776507295093,462.07,534.2633175369723,322.62438064934634,286.18073424272154,782.345900831223,3.64,4.607154371960762,1.7316624775265117,0.5209928304128244,8.6933159135087
0,0,holdout,68,1,304.88,309.6998300681569,1.1634043580149467,305.8734194943475,313.52624064196635,395.97,331.38383064822455,280.39793166270573,68.92755884998468,593.8401024464645,8.3,9.802752336538314,1.7276127399801693,6.276969024216251,13.328535648860377
0,0,holdout,69,3,310.04,309.50254083893014,1.9202853705400513,307.9555540100338,311.0495276678265,990.55,988.4372201389328,351.01000105015197,459.92907445095227,1516.9453658269135,2.36,2.8448020725728655,2.1036562318575416,-0.7543144910772615,6.4439186362229925
0,0,holdout,70,4,312.89,312.1673199568546,1.6548136073934552,310.8386641712638,313.4959757424454,164.97,467.05113041050856,286.2818719808301,246.9141828916224,687.1880779293947,0.86,4.723669709922345,1.5524956734527988,1.060283688332425,8.387055731512266
0,0,holdout,71,1,312.89,310.9023551768851,1.5924599194747098,305.6647905827121,316.13991977105815,42.42,220.61820814320248,402.89379118483396,-156.49585164318881,597.7322679295937,0.86,2.6742395521803837,2.26588832404845,-1.950078766175579,7.298557870536346
0,0,holdout,72,3,311.83,311.32405933849145,1.4177976311825788,310.1818779236203,312.4662407533626,492.81,430.491207810997,250.40573544022823,53.46072289258797,807.5216927294061,6.49,3.52637421992591,1.6162606754509738,0.7611360217363714,6.291612418115449
0,0,holdout,73,0,307.38,308.0613417816066,1.1693368823506085,305.2826862105159,310.83999735269725,663.32,587.1798591009507,354.28592036777457,326.8828178842049,847.4769003176965,9.56,9.87003895603137,1.5468959553667363,6.844622146540581,12.895455765522161
0,0,holdout,74,1,313.21,312.0272035460709,1.6454550016912701,306.6153393272176,317.4390677649242,15.08,118.64241603351127,398.6378790503505,-254.48805220035365,491.7728842673762,0.39,1.7991444185164491,2.603312451171723,-3.5138029710743837,7.112091808107282
0,0,holdout,75,0,307.86,307.36784971252484,1.1800745326560331,304.563678627221,310.1720207978287,946.9,1171.215498798184,364.6855086251694,903.2777868755229,1439.153210720845,8.0,7.093280359306437,1.5644169434673167,4.033596027339763,10.152964691273112
0,0,holdout,76,1,307.58,307.6435100359918,0.5810405168961827,305.7324809407796,309.554539131204,1109.01,1250.7399727253278,204.42586261072378,1059.3945892490706,1442.085356201585,8.19,7.9800121759099945,1.0218295568662035,5.8946202843928805,10.065404067427108
0,0,holdout,77,3,312.31,311.7928011326348,1.988294754964517,310.1910257688883,313.39457649638126,65.54,48.42170124689676,305.2249476400146,-411.1488825322438,507.99228502603734,2.01,2.701747987901597,1.8553108168107766,-0.4724778149552966,5.875973790758491
0,0,holdout,78,0,312.73,313.67452510527204,1.5228460768712595,310.05583762583007,317.293212584714,68.26,-29.191838157700204,334.0341270649959,-274.60970531476505,216.22602899936464,1.34,1.3221773246219826,2.03849734931175,-2.6647127602047314,5.309067409448696
0,0,holdout,79,3,306.53,307.25625889431785,2.252322041286023,305.441782470263,309.0707353183727,466.58,629.5925796602213,306.1393894627363,168.64514066151355,1090.540018658929,7.25,7.923767872464566,1.7496462219445301,4.930322174177649,10.917213570751484
0,0,holdout,80,1,315.92,311.7045646169491,1.7197855359448007,306.0482289550716,317.3609002788266,84.11,232.43051561942332,353.1680691144829,-98.1395930412557,563.0006242801023,3.9,3.8316503972449287,2.1693699720305974,-0.5956892886883076,8.258990083178166
0,0,holdout,81,4,309.26,308.11218774168356,2.210935556302815,306.33701964702595,309.88735583634116,613.05,799.5523302998212,476.35027524421207,433.26195076414507,1165.8427098354973,8.86,10.500270632112972,3.3600485800640247,2.5716462819441475,18.428894982281797
0,0,holdout,82,1,310.16,308.55569056339635,1.0290907976613473,305.1710342463957,311.940346880397,517.94,863.0108636665227,452.099370186492,439.83971373018073,1286.1820136028646,7.35,6.557265376141032,1.6471240980213278,3.195746603019581,9.918784149262484
0,0,holdout,83,4,304.65,305.7777473314593,2.505417517160782,303.76613861333936,307.7893560495792,2419.87,1357.4973537411774,522.0138697133812,956.0938731571182,1758.9008343252367,12.79,9.836571317202964,2.524559427124293,3.879430260937485,15.793712373468441
0,0,holdout,84,3,315.33,314.2718389589233,2.02103248241615,312.6436899978185,315.8999879200281,96.59,92.98154126844827,286.1272123547303,-337.8339966935693,523.7970792304659,6.91,3.506926090560207,1.9599477329209536,0.15367842460695247,6.860173756513461
0,0,holdout,85,3,311.02,310.88671731935636,2.5554699743883917,308.8280241414215,312.9454104972912,146.83,152.14357106730256,329.5569883305934,-344.063238653289,648.3503807878941,5.0,5.890326890321652,2.189008681644425,2.1451819922298108,9.635471788413493
0,0,holdout,86,0,309.61,309.9666694508981,1.6312924726317242,306.09028447957616,313.84305442222006,540.43,546.4052794713065,327.1547447461579,306.0417561649187,786.7688027776942,7.42,7.717255983841318,1.8181558481508306,4.161309479368487,11.27320248831415
0,0,holdout,87,4,311.04,312.0213456182271,1.7982279613236143,310.5775419330573,313.46514930339686,153.39,175.50391567683988,350.49510867163804,-94.00991280770086,445.0177441613806,1.96,1.264843692295197,2.074019634450424,-3.629169648463864,6.158857033054258
0,0,holdout,88,4,312.29,312.33196307071233,1.9163320056183069,310.7933332244252,313.87059291699944,42.84,103.3350317945908,377.9729414824029,-187.3079244183068,393.9779880074884,3.51,2.335066002403554,2.0765838116783746,-2.5649979645661816,7.23512996937329
0,0,holdout,89,3,311.14,311.1026223728994,2.190915151704495,309.3376154968833,312.86762924891553,504.12,552.9981224622459,310.4954977847816,85.49178564064903,1020.5044592838427,4.26,4.7463292078634725,2.0364195645713536,1.2622469351063352,8.23041148062061
0,0,holdout,90,1,308.79,307.63700431617076,0.9678379129273816,304.4538073492299,310.8202012831116,843.81,981.1286773764492,318.171225440236,683.3160896467647,1278.9412651061339,7.69,7.255939169771404,1.4834451909820139,4.228463058910565,10.283415280632243
0,0,holdout,91,2,302.53,304.2282667224991,1.3478114124125637,302.4899390603886,305.96659438460955,2030.6,1988.3291681446783,411.1100590804685,1283.6143787154263,2693.04395757393,2.36,6.165145307129115,2.521149370156431,2.8419228290211715,9.488367785237058
0,0,holdout,92,0,312.07,311.3411441611423,0.9621639015642791,309.05478671724677,313.6275016050379,81.77,51.51312668740559,190.38635394857474,-88.36543402258351,191.3916873973947,5.71,4.1307117566273615,1.1710385607342753,1.8403962807119592,6.421027232542764
0,0,holdout,93,0,306.81,305.794037744481,1.1748886174311417,303.00218977362636,308.5858857153356,673.45,997.3629017522735,313.322688014877,767.1619145053404,1227.5638889992065,7.15,7.685488288324388,1.5033839297492866,4.745172233839979,10.625804342808797
0,0,holdout,94,3,309.96,310.17603220038313,1.7806457211740263,308.74153943183586,311.6105249689304,659.22,468.47334000009516,345.75815867226726,-52.12722052427978,989.0739005244701,4.79,4.795448393913169,2.04108096412723,1.3033909966574195,8.287505791168918
0,0,holdout,95,0,314.36,312.34493644726007,1.5339450619413908,308.69987482605956,315.9899980684606,139.42,218.1988661360072,327.0129419916901,-22.06047341567185,458.45820568768625,5.84,3.253810985493609,1.8556075616328822,-0.37538352452201895,6.883005495509237
0,0,holdout,96,4,310.35,311.09233908804026,1.461914060145109,309.91856304137855,312.266115134702,94.55,119.58754211462133,313.8987983616222,-121.78548937722584,360.96057360646853,3.98,5.507858961722621,1.5802012663505374,1.7790967310539951,9.236621192391247
0,0,holdout,97,3,313.16,312.8188821789031,2.451753519762714,310.8437432433258,314.7940211144804,15.39,4.114507806904044,345.3863059341159,-515.9261621145781,524.1551777283862,0.53,1.746250592772518,2.075670170815109,-1.8049850032918537,5.29748618883689
0,0,holdout,98,3,306.83,306.3239675985056,0.986022009189558,305.529625734208,307.11830946280315,1407.27,1504.9473362080794,230.27565421244103,1158.2262780023473,1851.6683944138115,10.88,11.480702066641843,1.2143253950719584,9.403129421036486,13.5582747122472
0,0,holdout,99,1,309.81,310.100983118684,0.995108322595173,306.82809439222194,313.373871845146,533.37,706.6966204361175,407.0846586950055,325.6598517488521,1087.733389123383,7.02,4.693651249165639,1.8581839839327994,0.9013927584985724,8.485909739832707
0,0,cross_fitted,0,2,312.33,312.07521508371275,1.5219804276739215,309.97785475850367,314.17257540892183,84.06,72.74441813802548,173.98672789574866,-155.7976579781938,301.28649425424476,0.31,2.7159772683574124,1.403020945257052,-0.05185460334730374,5.483809140062128
0,0,cross_fitted,1,2,311.68,309.8428760994924,2.5758389935082704,306.2932493034583,313.3925028955265,204.84,207.20690533303025,269.8427410240169,-147.24783385530884,561.6616445213693,9.2,7.148015456550048,1.6034322171308628,3.9848190625861273,10.31121185051397
0,0,cross_fitted,2,0,301.44,305.34132875278203,1.4632806115801302,302.769992437309,307.9126650682551,220.66,527.5868350513163,290.5764900315167,66.9099533876041,988.2637167150284,4.44,8.305571229238938,1.7885515370402465,5.443618265847816,11.16752419263006
0,0,cross_fitted,3,1,314.31,312.3498562394855,2.0514549665990547,309.5987106219246,315.1010018570464,12.81,174.25013929970135,373.7422939654497,-322.0981706541295,670.5984492535322,2.87,1.4032430402961058,2.6842776158162236,-2.619140967768905,5.425627048361116
0,0,cross_fitted,4,2,306.89,304.6780861683048,2.844472083250285,300.75827039071834,308.59790194589124,422.12,488.9095617061323,330.1153522764238,55.28310709347289,922.5360163187918,12.1,10.126261471340978,1.9383339575443213,6.302382345491027,13.95014059719093
0,0,cross_fitted,5,2,307.84,307.5676346040244,1.1741062894693233,305.94966113712843,309.1856080709204,2201.12,1860.364601178738,292.1751350912161,1476.5749134774212,2244.1542888800545,5.77,6.476251514042899,1.3498014302173003,3.8134092865923575,9.139093741493442
0,0,cross_fitted,6,1,314.22,311.93501583327406,2.058820860616893,309.1739920329714,314.69603963357673,87.66,193.51051298470878,418.53401951803346,-362.32343088561964,749.3444568550372,3.45,1.5616810699635053,2.830800565884188,-2.680267251306372,5.8036293912333825
0,0,cross_fitted,7,0,301.14,304.1764707187596,1.902766020798769,300.8328527343426,307.5200887031766,965.47,1318.9672967041988,342.6721950629536,775.6984374880292,1862.2361559203684,6.46,8.750062235086919,2.5779004477185503,4.62503163189587,12.875092838277968
0,0,cross_fitted,8,0,306.32,306.5234818130117,1.0730128303376396,304.6379399451151,308.4090236809083,331.97,569.5207251996862,207.53690016592353,240.49392751133587,898.5475228880366,10.22,7.395248578703246,1.6609341829537072,4.737502682955535,10.052994474450957
0,0,cross_fitted,9,4,304.34,305.18826252101087,2.052520807560079,301.64885761925933,308.7276674227624,421.99,401.14887220471314,431.9437320227371,-59.70571100172066,862.0034554111469,3.37,8.370185414400128,2.570137657769731,4.1610656128187165,12.579305215981538
0,0,cross_fitted,10,3,303.31,303.2718195951252,1.5220878659515773,300.78765388699134,305.755985303259,1035.72,305.35806779507055,307.6384148966035,-65.79989317494739,676.5160287650885,5.86,7.198571393938308,1.9407393717329222,3.4725083805834025,10.924634407293214
0,0,cross_fitted,11,2,308.31,308.22986717503204,1.7058143650343587,305.87917507259635,310.5805592774677,374.66,405.01816250294337,232.33913210202147,99.82667890050942,710.2096461053773,8.57,8.305964975916016,1.3143701602103826,5.713020349575167,10.898909602256865
0,0,cross_fitted,12,4,307.47,306.80386064093994,0.9951891238873616,305.08773808068,308.51998320119986,850.87,1046.0027081733604,229.5225232742272,801.1177869251803,1290.8876294215404,10.63,10.859741653882137,1.3118014694012508,8.711401651972757,13.008081655791518
0,0,cross_fitted,13,0,306.43,307.3147138876204,0.989873386782855,305.5752680376501,309.05415973759074,2256.33,1143.2458547306414,150.22438350228785,905.0817123591047,1381.4099971021783,4.77,7.273850595361902,1.510158458455498,4.8573686624347285,9.690332528289076
0,0,cross_fitted,14,3,313.31,313.55552635198325,1.4896695581650066,311.12426984201113,315.98678286195536,0.85,167.56940023063862,445.24586782631854,-369.6084697316833,704.7472701929605,0.42,1.4467865263958917,1.960509460469386,-2.3172334622667834,5.210806515058566
0,0,cross_fitted,15,2,311.83,314.0890085639283,1.4346158183174464,312.112040762933,316.0659763649236,194.23,145.52642820121378,194.8736277782873,-110.4518525066986,401.5047089091262,3.51,3.6072165581838287,1.395185942856731,0.8548413120069074,6.3595918043607504
0,0,cross_fitted,16,0,307.32,306.8932429018573,0.6260024843873487,305.7932058283507,307.9932799753639,1604.24,1664.0721150115796,135.16169393620598,1449.7882007273822,1878.356029295777,11.92,11.270391504505843,1.079971677620368,9.542273483227632,12.998509525784055
0,0,cross_fitted,17,2,311.08,310.92194597424105,1.3188023474509445,309.104574561283,312.7393173871991,560.59,412.60261372391085,219.98712235742644,123.63624099849164,701.56898644933,3.19,3.2030463682120405,1.5404246802455288,0.16414909418526813,6.241943642238812
0,0,cross_fitted,18,1,311.14,309.4490650219074,1.6410523152645289,307.2482982691218,311.64983177469304,68.07,122.94812562074185,251.69934831787833,-211.32109724010093,457.2173484815846,5.46,4.911248633590995,2.488494651461193,1.1822449600461806,8.64025230713581
0,0,cross_fitted,19,3,312.39,311.9143077757897,1.2730483343730483,309.83659394087306,313.9920216107064,59.84,132.2197100333101,348.4758502372295,-288.2075830432524,552.6470031098726,5.02,4.854796840417863,1.8004151265866686,1.3981450562737776,8.311448624561947
0,0,cross_fitted,20,3,308.85,309.8471826815644,1.0708248252841395,308.09951333218277,311.594852030946,484.91,312.9632032014965,261.3670985047129,-2.369585710003264,628.2959921129964,7.06,7.302432113842234,1.5092610367210297,4.404772691700202,10.200091535984265
0,0,cross_fitted,21,4,311.28,310.1425980732595,1.1626544217410615,308.13769525122905,312.1475008952899,410.23,690.7344119922338,221.42094972653518,454.49331868699824,926.9755052974695,5.16,5.629330987944251,1.7121214634530006,2.825386096997779,8.433275878890724
0,0,cross_fitted,22,0,312.03,313.6116730620732,1.3403740856636606,311.25631310205557,315.9670330220908,122.49,194.58644742336998,206.51574825119317,-132.82142686298084,521.9943217097208,3.07,5.1923769994311915,1.5869465347967424,2.653022530775134,7.731731468087249
0,0,cross_fitted,23,2,307.93,307.7990986937307,1.9684795528870564,305.08644165810733,310.51175572935404,117.49,217.19181549705348,284.1981645328906,-156.11963955648315,590.5032705505901,6.42,7.5728786340407455,1.6380265943455252,4.341435632526019,10.804321635555471
0,0,cross_fitted,24,0,306.65,306.64437250043807,0.945998193392202,304.9820259280916,308.3067190727845,1388.31,1332.7275774841564,151.60471828903727,1092.3750669994847,1573.0800879688281,11.47,11.75602833078703,1.284451628899627,9.700711461503479,13.811345200070582
0,0,cross_fitted,25,4,308.18,308.37686905616334,0.7473040233703986,307.0882041550947,309.665533957232,1252.74,1146.3371188262001,212.72528019585204,919.373713470035,1373.3005241823653,7.11,7.3255250751453085,0.880873720131353,5.882916346819463,8.768133803471155
0,0,cross_fitted,26,0,310.29,309.8651550068507,1.2208457041447365,307.7198351893027,312.0104748243987,785.56,772.1655982834374,242.91486909258765,387.05094433746746,1157.2802522294073,5.06,4.686035038393397,1.7192842133460584,1.934920269042133,7.437149807744662
0,0,cross_fitted,27,1,303.33,304.98270489645296,1.6340410290722824,302.7913407723359,307.17406902057,1918.36,1994.2436119777358,492.32266309369896,1340.4146883474957,2648.0725356079756,8.91,7.827915146821307,3.397735888843564,2.736415511170878,12.919414782471737
0,0,cross_fitted,28,2,302.73,303.44395259952415,3.465949961122948,298.6677111936283,308.22019400542,2026.87,1583.5281527744887,580.8313577525794,820.5710813953644,2346.4852241536128,13.02,5.89127211678848,2.209340005299306,1.5327615024089338,10.249782731168025
0,0,cross_fitted,29,3,310.24,310.23690826404925,1.4436210280376545,307.8808065345673,312.5930099935312,305.92,341.3258390272869,360.09147111679937,-93.1154066387495,775.7670846933233,5.99,6.504924103156999,2.07858473805474,2.5142091079363045,10.495639098377694
0,0,cross_fitted,30,0,305.2,305.04953869572256,1.009480248789294,303.2756388689069,306.8234385225382,2372.98,2137.923808284436,193.91117684212804,1830.4990876620511,2445.3485289068203,10.28,9.123617582306945,1.686862775233411,6.424382017419335,11.822853147194555
0,0,cross_fitted,31,3,307.79,306.8141300812074,1.5729750969011342,304.2469124567325,309.3813477056823,1236.45,1231.3334483211693,274.6025263861576,900.0324506711938,1562.6344459711447,12.82,10.756611056907861,1.7824542237060996,7.334442757194759,14.178779356620964
0,0,cross_fitted,32,3,309.58,309.6177761798643,1.2433821485267613,307.58847986618207,311.6470724935465,717.28,607.1512451125616,271.17480502424405,279.9857065270492,934.316783698074,6.31,6.391154941257745,1.790362686157976,2.9538030316979835,9.828506850817506
0,0,cross_fitted,33,0,311.54,311.0879981386495,0.9533392238879057,309.4127516083884,312.76324466891054,686.14,690.7988501348077,187.59139389286497,393.3934462903985,988.2042539792169,4.98,3.2217418949933707,1.4830881498765776,0.8485765499603097,5.594907240026432
0,0,cross_fitted,34,2,308.55,309.6133334194267,1.4171226137006814,307.66047207384753,311.56619476500583,367.47,445.4712903711451,206.01636326349222,174.8563535676684,716.0862271746217,5.43,5.094490342017119,1.3985485168013772,2.3354815246405534,7.853499159393685
0,0,cross_fitted,35,2,306.8,305.8817161577733,2.2134809870598176,302.83143566897684,308.9319966465698,554.95,602.7451441032284,262.0366770494036,258.5441414419831,946.9461467644737,12.78,11.184427113708093,1.4573792224964033,8.309359086518562,14.059495140897624
0,0,cross_fitted,36,4,307.12,307.34281147136215,1.252625633901996,305.1827606244415,309.5028623182828,2075.38,2117.9120633267225,424.86430573543316,1664.6107464582394,2571.213380195206,5.9,6.361287020763538,1.5035498329600565,3.8989203240052266,8.82365371752185
0,0,cross_fitted,37,4,309.05,308.71221189436704,1.205246847349733,306.6338619046287,310.7905618841054,1337.07,1357.4448531899038,295.9089738696689,1041.73010446293,1673.1596019168776,4.68,4.937058042216678,1.7914279742475308,2.0032327131658687,7.870883371267487
0,0,cross_fitted,38,2,307.56,308.44111537200575,2.3237009310837076,305.2389466371851,311.6432841068264,316.18,485.9186461609415,362.8068915654689,9.3498800805354,962.4874122413476,8.14,6.1557822831678575,1.708348595714281,2.785610435638046,9.52595413069767
0,0,cross_fitted,39,4,312.34,311.84320900323195,2.0721788060680746,308.2699054847056,315.4165125217583,106.38,258.65128959623894,352.55738502707965,-117.50346086661148,634.8060400590894,5.13,4.872069534044067,2.3599345019035,1.0071998791568326,8.736939188931302
0,0,cross_fitted,40,2,309.58,308.00730002806836,1.7647650919632685,305.5753710624281,310.43922899370864,435.02,373.0907516990157,176.63992679436885,141.06353857278694,605.1179648252445,7.83,8.372735986977942,1.3557752255529665,5.698108859821524,11.04736311413436
0,0,cross_fitted,41,2,307.48,307.59698822288516,0.7658180570182456,306.5416550662206,308.65232137954973,1296.42,985.015258030886,143.7953984036621,796.1313167981776,1173.8991992635945,8.74,8.43420637923849,1.2401612828556288,5.987658495298576,10.880754263178403
0,0,cross_fitted,42,2,304.47,304.8900250341837,2.152389802050647,301.9239310600942,307.85611900827314,451.73,731.4689015858386,303.2070368371629,333.1881445999754,1129.7496585717017,7.37,7.824832834023522,1.7741678481882395,4.324815009935017,11.324850658112027
0,0,cross_fitted,43,1,311.63,311.7175244271922,1.581591158440102,309.596499274235,313.8385495801494,91.86,119.28718611563522,316.56586615945173,-301.1279908507692,539.7023630820397,2.46,2.609461536268277,2.0972682523549326,-0.5332902525886087,5.752213325125163
0,0,cross_fitted,44,4,312.52,311.9484437861316,1.573923518726583,309.2343409148505,314.66254665741263,220.1,338.4743675730541,305.9964146306182,11.99700565630917,664.951729489799,1.31,2.708801196256552,2.0620252137810997,-0.6681817962488958,6.085784188762
0,0,cross_fitted,45,1,312.59,312.41683777950215,1.2322503001954492,310.76430332550876,314.0693722334955,188.63,197.3962955627117,226.90204591430077,-103.94087936521072,498.73347049063415,1.23,1.2439940052381955,1.7783097669311903,-1.4207992060685894,3.9087872165449804
0,0,cross_fitted,46,4,306.36,306.5594535399637,1.5672123659227775,303.8569235048959,309.26198357503154,947.21,923.3838075941542,308.7840376604893,593.9322415060652,1252.8353736822432,7.22,7.016407890275882,1.667007955540054,4.286345485312656,9.74647029523911
0,0,cross_fitted,47,4,302.67,307.3440521990195,2.5453721184894826,302.95476536705166,311.7333390309873,1366.98,1096.6885471406295,327.28317843331683,747.4996560759396,1445.8774382053193,10.28,11.680164181954812,2.055777870387658,8.313412476752251,15.046915887157372
0,0,cross_fitted,48,1,312.73,311.8054097427039,1.5932284018436327,309.6687782265989,313.9420412588089,46.91,47.57324284801223,311.2468903246019,-365.77807030383275,460.9245559998572,1.25,2.445312011408814,2.209056028404393,-0.8649535100177093,5.755577532835337
0,0,cross_fitted,49,3,310.89,309.7256776255995,1.1699560460829743,307.8162184184688,311.63513683273015,93.48,136.16175087972965,301.8039358570126,-227.95705880489152,500.2805605643508,4.63,3.9767316457167494,1.6963839099116564,0.7198114042686594,7.233651887164839
0,0,cross_fitted,50,2,307.08,304.5539781413921,3.6350525662422664,299.5447054241746,309.56325085860965,130.32,475.93255048264496,447.8617060990845,-112.36085190933034,1064.2259528746204,7.26,8.721420197411291,2.1489719930999405,4.482001538687653,12.960838856134929
0,0,cross_fitted,51,1,306.76,306.60226793657984,0.5876898520633088,305.8141344472694,307.3904014258903,1543.82,1732.314825819356,165.68002078075983,1512.28353785587,1952.346113782842,10.96,10.258950216713021,1.078419679856837,8.642940736665368,11.874959696760675
0,0,cross_fitted,52,2,310.33,310.0610106359,1.5825989326745211,307.8801151711779,312.2419061006221,570.52,686.9271584322246,272.7571222752235,328.64420343799924,1045.2101134264499,5.7,5.826072303951911,1.5122781050406875,2.8427016335689776,8.809442974334843
0,0,cross_fitted,53,0,312.69,312.9773010056034,1.1997121399549084,310.86911794818644,315.0854840630204,95.36,44.88243030987894,210.06198555757837,-288.14761094451484,377.9124715642727,1.39,1.7960304375680876,1.608525135519768,-0.7778530558357244,4.369913930971899
0,0,cross_fitted,54,0,311.54,311.662926408197,0.9267602552795012,310.03438552459716,313.29146729179683,223.41,225.20849972758913,157.2637051622437,-24.115708453072642,474.5327079082509,4.71,4.937202623000095,1.4481551876864949,2.61993530080253,7.254469945197661
0,0,cross_fitted,55,0,308.42,304.36740755478587,1.5951918676160983,301.5642714051726,307.17054370439917,709.64,794.4116820773526,169.21244471555625,526.1440690925552,1062.6792950621498,12.53,10.353266381527108,1.459535941365253,8.017788132195486,12.68874463085873
0,0,cross_fitted,56,1,308.18,307.8072540451988,0.9553659021465241,306.52604107311254,309.0884670172851,1523.36,1688.81543684451,337.21157273649015,1240.9817371880752,2136.649136500945,7.59,6.317061612319635,1.4355958279920162,4.165824472563491,8.468298752075778
0,0,cross_fitted,57,3,308.44,309.2583946584728,1.3021077608325542,307.13325358080385,311.38353573614177,1059.82,1103.290750927543,300.75202025825024,740.4410507879065,1466.1404510671796,5.32,5.880615146833079,1.8422682225260625,2.343608795225913,9.417621498440244
0,0,cross_fitted,58,4,309.87,310.54417350434784,1.3798089206395365,308.16480544181525,312.92354156688043,261.82,245.13957053822247,263.97091647841637,-36.49944323470402,526.778584311149,2.03,3.9622276933921885,1.7529673972407864,1.0913893315063259,6.833066055278051
0,0,cross_fitted,59,2,308.33,308.84939426948756,1.3948769546957762,306.92718848409606,310.77160005487906,1098.75,1206.2649944154614,228.7962557000039,905.7272929614303,1506.8026958694925,2.44,4.758062037704923,1.4088693137559827,1.978692704080244,7.537431371329603
0,0,cross_fitted,60,1,306.45,307.0167436486812,2.1300570061727493,304.16018715921456,309.87330013814784,268.91,361.8758333132553,422.67222920967845,-199.45385834865823,923.2055249751688,8.27,6.048623982975456,3.5426728291461305,0.7399366662089504,11.357311299741962
0,0,cross_fitted,61,2,303.98,304.18016848943046,1.7781729232451842,301.7297629042053,306.6305740746556,704.72,1125.2659655330674,387.0143236360237,616.8992752675366,1633.632655798598,7.93,6.05193596165579,1.578843411975758,2.9372475239169753,9.166624399394605
0,0,cross_fitted,62,1,308.91,308.52849488221256,1.172684636490147,306.9558421791365,310.10114758528863,671.26,872.2005046672004,286.66139518107354,491.4999488979184,1252.9010604364826,8.35,7.428069310999118,1.5306252503631999,5.134430794206094,9.721707827792141
0,0,cross_fitted,63,1,309.65,309.9898593750546,1.106141470013881,308.50644574561676,311.47327300449246,616.92,583.3062946761293,222.40952283817742,287.9354132939636,878.6771760582949,2.11,4.141989174251763,1.9923493101970398,1.1564581857295244,7.127520162774001
0,0,cross_fitted,64,4,311.97,312.25979460138075,1.6529548017119697,309.4094087217327,315.1101804810288,177.02,243.80929236319798,290.9032388638568,-66.56467758006164,554.1832623064577,2.3,1.8610095926930956,1.8341721285854922,-1.142817927050444,4.864837112436636
0,0,cross_fitted,65,4,306.98,307.9069465696007,1.381425331592093,305.52479113807885,310.2891020011225,2215.59,1750.1144502480824,408.73099346219277,1314.0262802601103,2186.202620236055,6.68,7.4088335615873895,1.645150429538764,4.714567272535497,10.103099850639282
0,0,cross_fitted,66,3,306.01,306.68094573624103,1.266408958674549,304.61406787853866,308.7478235939434,1493.56,1378.9027748175715,343.46578988887154,964.5199927422059,1793.2855568929372,12.0,11.682081834306508,1.7991580777716365,8.227843482467602,15.136320186145415
0,0,cross_fitted,67,4,311.22,312.44010575611463,1.5039559840066252,309.8466561977935,315.0335553144358,462.07,495.3881611611631,251.71659581669675,226.8236740507453,763.952648271581,3.64,6.169070157047506,2.520108728202135,2.041882837743181,10.296257476351832
0,0,cross_fitted,68,1,304.88,309.5630221373107,1.7945216952628094,307.15644213535,311.96960213927144,395.97,398.99909149281655,256.64624994738887,58.160137822908894,739.8380451627243,8.3,9.712538970936155,1.937157936060933,6.809712133206719,12.61536580866559
0,0,cross_fitted,69,3,310.04,309.71036046722315,1.4356561022151817,307.36725811579197,312.05346281865434,990.55,813.7851311133343,336.8117123789986,407.43032513299227,1220.1399370936763,2.36,2.60742080191389,1.943795959398803,-1.1245106131516205,6.3393522169794
0,0,cross_fitted,70,4,312.89,312.2933907189105,1.3321470861303852,309.99621160670023,314.5905698311207,164.97,375.1168891390794,233.47778063907862,126.0119773013453,624.2218009768135,0.86,4.253630810722687,1.6734149716473683,1.5130756221201005,6.994185999325273
0,0,cross_fitted,71,1,312.89,311.6229837855573,1.5340102553204473,309.5657679753488,313.6801995957658,42.42,142.03645205477812,307.6891823592056,-266.5900484000672,550.6629525096234,0.86,2.5502303820210583,2.1307748283638617,-0.6427309360995688,5.7431917001416855
0,0,cross_fitted,72,3,311.83,311.01002011065134,1.0055261254103607,309.36892331508926,312.6511169062134,492.81,377.1775903895625,175.61378244730662,165.30400680839097,589.051173970734,6.49,3.51921556290445,1.4374233313871887,0.7594787390810707,6.27895238672783
0,0,cross_fitted,73,0,307.38,307.7719572349546,1.010342588334579,305.99654206995194,309.5473723999572,663.32,595.3878293253365,211.03775312622864,260.81081652928214,929.9648421213908,9.56,9.696413954539292,1.572513505942053,7.18015451493101,12.212673394147574
0,0,cross_fitted,74,1,313.21,312.2446035011798,1.4966487057437035,310.23749216075345,314.2517148416062,15.08,88.87906790434317,292.28313004363133,-299.28743068996215,477.0455664986485,0.39,1.0645752307670069,2.1260636477517063,-2.121326393735575,4.250476855269589
0,0,cross_fitted,75,0,307.86,308.3490676608129,0.8116383217505767,306.9228237297236,309.77531159190227,946.9,1110.7404911557976,141.769857890711,885.9800639102326,1335.5009184013627,8.0,6.7873569327465715,1.2848959231311192,4.731329125496682,8.843384739996461
0,0,cross_fitted,76,1,307.58,307.60072945453675,0.8663910508304311,306.4388380255781,308.7626208834954,1109.01,1221.247768218619,279.0628780378496,850.6384202229563,1591.8571162142819,8.19,7.997253814705219,1.2439648233148928,6.1331753071713635,9.861332322239074
0,0,cross_fitted,77,3,312.31,312.23159633190113,1.236723181394523,310.21316797017596,314.2500246936263,65.54,91.30463936531567,212.49074086512917,-165.06006115824226,347.6693398888736,2.01,2.072100972747007,1.8028515689888853,-1.3892285842352532,5.533430529729268
0,0,cross_fitted,78,0,312.73,313.0540240340434,1.1039137995267128,311.1141817239552,314.99386634413156,68.26,54.716281627786316,199.81918119390812,-262.07492635680205,371.5074896123747,1.34,2.703582237520837,1.6544817178443272,0.05616126183191694,5.351003213209758
0,0,cross_fitted,79,3,306.53,307.1486726700354,1.285992752946735,305.04983253784525,309.2475128022256,466.58,561.3930689256358,298.9528925346762,200.71397084696355,922.0721670043081,7.25,8.177299242637016,1.8506535438014153,4.62419375071546,11.730404734558572
0,0,cross_fitted,80,1,315.92,311.9595520404777,1.6355651134125004,309.7661440119018,314.1529600690536,84.11,290.0730817903261,288.94622473959413,-93.6618409965916,673.8080045772438,3.9,4.344071810201028,2.689084728054666,0.3144843551903831,8.373659265211671
0,0,cross_fitted,81,4,309.26,306.9530325960667,2.7712577542254917,302.1742243894972,311.73184080263616,613.05,748.8420014584722,437.95565446735196,281.5731059074468,1216.1108970094974,8.86,9.140125055062073,3.202942314309778,3.894659747891298,14.385590362232849
0,0,cross_fitted,82,1,310.16,308.1894840533127,1.0809346995370392,306.7398744786844,309.639093627941,517.94,811.1043642932726,355.46005119663766,339.03577982671663,1283.1729487598286,7.35,6.910247590785215,1.5969018356520706,4.517293759061904,9.303201422508527
0,0,cross_fitted,83,4,304.65,305.70162146842034,2.118550393848243,302.0483539249318,309.3548890119089,2419.87,1409.3303511462332,461.56392548877443,916.8730361433209,1901.7876661491455,12.79,10.604599663950694,2.552190628424685,6.424871749752213,14.784327578149174
0,0,cross_fitted,84,3,315.33,313.68082930707163,1.2659704593878234,311.61466711428943,315.74699149985383,96.59,58.93853451229245,297.8249306673949,-300.379706123226,418.2567751478109,6.91,3.7395676765496484,1.8540839054653533,0.1798761669975968,7.2992591861017
0,0,cross_fitted,85,3,311.02,310.887884445401,1.5472657745263152,308.36262643341075,313.4131424573913,146.83,232.2294824165569,432.1100745156787,-289.10038539512556,753.5593502282393,5.0,6.182056227705083,2.2265954744048373,1.9071725603143177,10.456939895095847
0,0,cross_fitted,86,0,309.61,309.724019189261,1.4302297445651082,307.21076120404194,312.2372771744801,540.43,469.9515125276122,204.01625494944258,146.506308379733,793.3967166754913,7.42,8.12881472999971,1.738647352770495,5.346716009049251,10.91091345095017
0,0,cross_fitted,87,4,311.04,312.42031379214643,1.5919028518271685,309.6752070258149,315.16542055847793,153.39,164.22325675457586,274.24415114961784,-128.37659967349816,456.8231131826499,1.96,1.306111265456038,1.778339702733468,-1.6062793740435035,4.21850190495558
0,0,cross_fitted,88,4,312.29,312.1886916511184,1.7930156099025463,309.09678231931963,315.2806009829172,42.84,100.66919869439471,340.5677227477377,-262.69339759907615,464.03179498786557,3.51,2.646412313135027,2.021452646443193,-0.6641249012360424,5.956949527506096
0,0,cross_fitted,89,3,311.14,311.16329953699324,1.4251858205496986,308.8372854990883,313.4893135748982,504.12,637.6752717084278,350.94206630822356,214.2725513643399,1061.0779920525156,4.26,5.0762269989349385,2.022818464499615,1.1925787496734626,8.959875248196415
0,0,cross_fitted,90,1,308.79,307.6382672404109,0.9219613939679908,306.40185206685226,308.8746824139696,843.81,871.6427970804546,247.66419400225308,542.7324593586554,1200.5531348022537,7.69,7.3175953269824525,1.3421591836266134,5.306372789981312,9.328817863983593
0,0,cross_fitted,91,2,302.53,304.2662083426511,2.495694246177149,300.8270247627516,307.70539192255063,2030.6,2107.1337595999676,513.283319332501,1432.9051166751844,2781.362402524751,2.36,6.4106003326535195,2.0044576729762875,2.456274596104825,10.364926069202214
0,0,cross_fitted,92,0,312.07,311.21883557388753,0.836377603856896,309.74911876822085,312.6885523795542,81.77,78.18261701763777,118.95559743093798,-110.40832395967473,266.77355799495024,5.71,4.42866072904033,1.423239538590448,2.151262213689252,6.706059244391408
0,0,cross_fitted,93,0,306.81,306.8587118807563,1.0370928638396895,305.03629004163326,308.6811337198793,673.45,809.387711378813,151.18014113598613,569.708321004003,1049.067101753623,7.15,7.0570933334182895,1.639952395576506,4.432921470801764,9.681265196034815
0,0,cross_fitted,94,3,309.96,309.9997399561596,1.3212618138767187,307.8433379750905,312.1561419372287,659.22,514.5688148568113,283.33306699670453,172.7346409379826,856.40298877564,4.79,4.938267105001756,1.7997327396712315,1.4829254486797998,8.393608761323712
0,0,cross_fitted,95,0,314.36,313.33665373159243,1.2911541049606032,311.0677851272499,315.60552233593495,139.42,27.587780443734005,186.873994532989,-268.6802660735929,323.8558269610609,5.84,3.286813573011565,1.6308022715583692,0.6772832927071937,5.896343853315936
0,0,cross_fitted,96,4,310.35,311.18105304447977,1.1963675513747314,309.1180146772021,313.24409141175744,94.55,100.16808312572107,195.35735131693653,-108.26492340472325,308.6010896561654,3.98,5.6353179839296965,1.1334591743313585,3.7790495305495706,7.491586437309822
0,0,cross_fitted,97,3,313.16,313.42985057630733,1.3640075236090485,311.2036842743588,315.65601687825585,15.39,110.84505637826408,333.6189974372949,-291.65781983537596,513.347932591904,0.53,1.5844668988490493,1.8239084564322043,-1.9172901831382148,5.086223980836314
0,0,cross_fitted,98,3,306.83,306.7288084072364,1.123614171765439,304.89498274111565,308.5626340733571,1407.27,1501.274416420793,200.024886322754,1259.949453880711,1742.599378960875,10.88,11.348840939799858,1.5054957607820776,8.458410543675203,14.239271335924514
0,0,cross_fitted,99,1,309.81,309.51729270316275,1.208470800148149,307.89664823379394,311.13793717253157,533.37,759.5787612756893,436.7985134548777,179.48866324756386,1339.6688593038148,7.02,4.714067484050232,1.9090686381232673,1.8533323965021138,7.57480257159835
1,1,uncalibrated,0,3,312.33,312.90255036156606,1.080320012971073,311.1255820699623,314.6795186531698,84.06,82.9420908544954,116.81726195390951,-109.20520616093279,275.0893878699236,0.31,2.042202949568817,1.6586452691543174,-0.6860257372255618,4.770431636363195
1,1,uncalibrated,1,4,311.68,310.3519209816576,1.698121232122253,307.558760113998,313.1450818493172,204.84,289.5776835815415,363.422846849916,-308.19970417657197,887.3550713396551,9.2,6.753391274592925,1.6490730306111503,4.040907519084319,9.46587503010153
1,1,uncalibrated,2,1,301.44,304.9792745321627,1.181086043226023,303.0365608702206,306.9219881941048,220.66,544.1196704467064,342.16134414638225,-18.68565747506102,1106.924998368474,4.44,8.485462275349608,1.936679825362634,5.299907440358137,11.67101711034108
1,1,uncalibrated,3,2,314.31,313.1644358795536,2.072425183660469,309.7555997996241,316.57327195948307,12.81,159.60339854535027,415.01830025904445,-523.0409578869738,842.2477549776744,2.87,3.095579001918746,3.180814932531432,-2.1363959765169804,8.327553980354473
1,1,uncalibrated,4,2,306.89,305.6384359976845,1.9206349962301745,302.47927255808537,308.7975994372836,422.12,429.8379888358803,365.44061290313135,-171.25832873320405,1030.9343064049647,12.1,9.61114398431856,2.8747780568153467,4.882554870885333,14.339733097751786
1,1,uncalibrated,5,4,307.84,307.66208343286513,1.3356822648620021,305.4650816150521,309.85908525067816,2201.12,1624.9912643271991,492.0188863542258,815.6922145788269,2434.2903140755716,5.77,5.265048277278974,1.7471459367569377,2.3912489463907987,8.13884760816715
1,1,uncalibrated,6,4,314.22,312.65266585447506,1.8859780958218613,309.5505079432114,315.7548237657387,87.66,165.63904660776694,376.6284965996237,-453.859702037404,785.1377952529378,3.45,2.5773661862367985,2.0195872317893557,-0.7445591969168057,5.899291569390403
1,1,uncalibrated,7,3,301.14,303.9048201037997,1.3434710245874133,301.6950069163029,306.1146332912965,965.47,1406.542241057688,374.976368292889,789.7610016500388,2023.323480465337,6.46,8.250002687895131,3.170058123131005,3.0357210864161237,13.464284289374138
1,1,uncalibrated,8,3,306.32,305.64969349670724,1.1250065864963577,303.7992223325644,307.5001646608501,331.97,444.81520746165376,183.02387220163197,143.76772745209678,745.8626874712107,10.22,6.995735793691111,1.9445183693809445,3.7972877011411033,10.194183886241118
1,1,uncalibrated,9,4,304.34,305.76825334070736,2.187281425126744,302.17049555542405,309.36601112599067,421.99,491.8068853360774,452.30359282378015,-252.1663198032989,1235.7800904754538,3.37,8.647186927313749,2.799750916724196,4.042006477379248,13.25236737724825
1,1,uncalibrated,10,0,303.31,302.5715540805238,1.6156956853427453,299.9139711724379,305.2291369886097,1035.72,441.4261411733757,239.1006364986028,48.14059202224348,834.7116903245079,5.86,6.760442005908316,1.7411540210450602,3.89649849931121,9.624385512505421
1,1,uncalibrated,11,4,308.31,308.38638507181304,1.608436841537545,305.7407418992876,311.03202824433845,374.66,513.4594698310746,377.7333614403578,-107.85661975466905,1134.7755594168182,8.57,8.171443932467483,1.88951681321833,5.063465349059527,11.279422515875439
1,1,uncalibrated,12,4,307.47,306.9456062227535,1.2645131092386428,304.86566724869465,309.02554519681235,850.87,883.4961641045089,288.157821505778,409.5187262662953,1357.4736019427226,10.63,11.21625420891004,1.8216443952536345,8.21991581836128,14.212592599458802
1,1,uncalibrated,13,3,306.43,307.48472759675286,0.9522087321788687,305.9184836100136,309.0509715834921,2256.33,1171.2114495132316,166.9901708811938,896.5370612740539,1445.8858377524093,4.77,7.698464973545079,1.4937192123283374,5.241515509499718,10.15541443759044
1,1,uncalibrated,14,3,313.31,313.4749023793349,1.089183256218332,311.68335534992934,315.2664494087404,0.85,13.131497099216062,282.9699487558215,-452.31264943006903,478.57564362850115,0.42,2.019777531562891,2.5674643004607667,-2.2033254351184235,6.242880498244205
1,1,uncalibrated,15,2,311.83,314.27609320270386,1.2792450159741107,312.17192239841927,316.38026400698845,194.23,184.00006755756976,251.145910041624,-229.09819346842346,597.098328583563,3.51,5.761907210957619,2.65931436113158,1.3877243388462048,10.136090083069034
1,1,uncalibrated,16,4,307.32,306.74480201237,0.7758612432807239,305.4686238323486,308.02098019239133,1604.24,1563.622657126349,138.30712915297468,1336.127674105833,1791.117640146865,11.92,10.779001278017105,0.9347505844896948,9.241473388824224,12.316529167209987
1,1,uncalibrated,17,0,311.08,311.38370133146555,0.9549144633482247,309.8130068129988,312.95439584993227,560.59,468.1936087317732,248.14730756549352,60.02760986442888,876.3596075991176,3.19,2.8639347105357884,1.767426222607352,-0.043222722089053534,5.77109214316063
1,1,uncalibrated,18,4,311.14,309.88893952338583,1.8313218287430133,306.87668317126247,312.9011958755092,68.07,42.83501420416201,404.3285173923894,-622.2262141086209,707.8962425169449,5.46,4.902913593827296,2.2961063085028908,1.1261548044201612,8.67967238323443
1,1,uncalibrated,19,1,312.39,312.02885222805395,1.3359226501617962,309.8314550116087,314.2262494444992,59.84,8.360701042999153,291.25021442792,-470.70327050915887,487.4246725951572,5.02,4.9066442603893154,1.9301676018150244,1.7318010799196486,8.081487440858982
1,1,uncalibrated,20,4,308.85,309.8957671271309,1.6300548507401895,307.2145654937611,312.57696876050073,484.91,288.75687562378266,411.678207233169,-388.39351668057486,965.9072679281402,7.06,7.213299084878747,1.6771956553898597,4.454557728003486,9.972040441754007
1,1,uncalibrated,21,2,311.28,310.77637255791734,1.0329273724813959,309.07735822291386,312.4753868929208,410.23,622.2506100795943,226.46218224261438,249.75346825048484,994.7477519087037,5.16,5.9670661267772465,1.7990974903650485,3.0078140945110063,8.926318159043486
1,1,uncalibrated,22,3,312.03,313.0957880034919,1.1349646597780518,311.22893726639427,314.96263874058957,122.49,159.51682358678818,185.34924962353807,-145.3555619092221,464.38920908279846,3.07,5.536655517094608,2.025016370871101,2.205799994831171,8.867511039358044
1,1,uncalibrated,23,1,307.93,307.77668918099045,1.3274572817452013,305.5932162564887,309.9601621054922,117.49,181.42658349125054,325.28802508551234,-353.6246043745357,716.4777713570368,6.42,7.764571691268788,1.9442395563359989,4.566582205367,10.962561177170576
1,1,uncalibrated,24,2,306.65,307.0210664927283,1.027565605983766,305.33087147879536,308.7112615066613,1388.31,1378.006735080759,286.02746109831685,907.5334282854716,1848.4800418760465,11.47,12.37053609993608,1.3899553063497783,10.084263072986204,14.656809126885957
1,1,uncalibrated,25,4,308.18,308.9512060378401,1.1702204133215584,307.0263647466555,310.87604732902474,1252.74,1077.8017356322136,300.89419254457226,582.8748316966396,1572.7286395677877,7.11,7.59514363937427,1.3937709969085172,5.302594359969527,9.887692918779013
1,1,uncalibrated,26,2,310.29,309.6209923427713,1.5429885892354809,307.08300196542257,312.15898272012,785.56,776.4172996621512,349.5153873717973,201.51564706830186,1351.3189522560006,5.06,5.029530029854879,2.1074846609538866,1.5630262415402862,8.496033818169472
1,1,uncalibrated,27,1,303.33,304.2834742794096,1.2518157082180925,302.2244206714722,306.34252788734693,1918.36,1943.3470826559785,353.1081356371263,1362.5358850471791,2524.158280264778,8.91,7.133188805897091,2.022991452245559,3.8056639783791586,10.460713633415024
1,1,uncalibrated,28,4,302.73,304.7044077933668,3.091954219115792,299.61859568168626,309.7902199050473,2026.87,1125.8762347461502,599.0990948551829,140.44591567025896,2111.3065538220417,13.02,5.897631471575708,2.755013497331539,1.3660375281896675,10.42922541496175
1,1,uncalibrated,29,4,310.24,310.21118641314337,1.317549414772091,308.0440104795677,312.37836234671903,305.92,454.4727679478283,318.32039682595894,-69.11769130398193,978.0632271996385,5.99,5.904813178585327,1.5055003908898001,3.428485400253381,8.381140956917273
1,1,uncalibrated,30,3,305.2,305.33690881978157,1.1009230024863839,303.52605162614753,307.1477660134156,2372.98,2084.293275715032,264.5640612790169,1649.1241199592296,2519.4624314708344,10.28,8.550773888776176,1.8950561035852744,5.4336839835174136,11.667863794034938
1,1,uncalibrated,31,0,307.79,305.8285953356989,1.600961698909556,303.1952476786371,308.46194299276067,1236.45,1368.9786785541496,255.7257465125056,948.3472568981822,1789.610100210117,12.82,10.658172525101776,1.7838611967507272,7.723981965648349,13.592363084555203
1,1,uncalibrated,32,0,309.58,309.30856624997443,0.8789497272608628,307.86282260318137,310.7543098967675,717.28,586.818165968907,214.26317701027503,234.386602141411,939.249729796403,6.31,5.956622631130632,1.682013397053119,3.1899567944068434,8.72328846785442
1,1,uncalibrated,33,0,311.54,310.9915905408295,1.0518436919454588,309.261461629147,312.72171945251205,686.14,602.4579796332375,240.0000448862816,207.69303533352132,997.2229239329538,4.98,2.9656904406690123,1.7446664617193883,0.09596948328928567,5.835411398048739
1,1,uncalibrated,34,1,308.55,309.52059451161665,1.1824774082294374,307.57559225790226,311.46559676533104,367.47,514.4693250223272,230.54162298028098,135.2621002999333,893.6765497447211,5.43,4.745981775419148,1.5715382449703514,2.161031393286715,7.330932157551581
1,1,uncalibrated,35,1,306.8,306.83292028944413,1.0494976879588591,305.1066502109278,308.55919036796047,554.95,648.4670766997897,267.58009143322516,208.3369928058429,1088.5971605937366,12.78,11.09936749790902,1.5245938403534853,8.591633789975717,13.607101205842323
1,1,uncalibrated,36,0,307.12,307.23470988324453,0.6956742747179411,306.09042752929787,308.3789922371912,2075.38,1875.798741207104,317.19589263629103,1354.0579267501912,2397.539555664017,5.9,7.183975265502687,1.424828158431552,4.840341501323962,9.527609029681411
1,1,uncalibrated,37,4,309.05,309.382142810838,1.2899985618132195,307.26028399767733,311.50400162399865,1337.07,1025.7913454680865,317.6423201989647,503.31622301553887,1548.266467920634,4.68,4.670766749364889,1.5777702271387117,2.0755656687597317,7.265967829970046
1,1,uncalibrated,38,1,307.56,307.5004752477997,1.4212408118569153,305.1627421436454,309.83820835195405,316.18,342.5288139361246,251.1978891783036,-70.65494516136187,755.7125730336111,8.14,5.8797492930053545,1.8932980658977718,2.7655511024131982,8.99394748359751
1,1,uncalibrated,39,0,312.34,311.96732450612745,1.5824252420468439,309.36446660736715,314.57018240488776,106.38,212.53051005445195,274.7524952486176,-239.39712826920368,664.4581483781076,5.13,3.8799196785996037,1.9798966937637714,0.6232794208730374,7.1365599363261705
1,1,uncalibrated,40,1,309.58,308.76894145796683,1.31213937679413,306.61066424498114,310.9272186709525,435.02,464.48886679094824,235.58486568423325,76.98624601536193,851.9914875665345,7.83,8.834671327141576,1.6001123763313694,6.202720681402985,11.466621972880167
1,1,uncalibrated,41,2,307.48,307.6855387024218,0.776613329440808,306.4081234507522,308.9629539540914,1296.42,992.7222643187264,196.17177957205422,670.0484011841083,1315.3961274533444,8.74,8.786603921746087,0.8811917627394742,7.3371724547643025,10.236035388727872
1,1,uncalibrated,42,3,304.47,305.2407005705823,1.1200056318628762,303.3984552448066,307.082945896358,451.73,692.3829557502918,215.26455861650845,338.3042657558202,1046.4616457447632,7.37,7.307872195239603,2.417417926985619,3.3315735501798,11.284170840299407
1,1,uncalibrated,43,2,311.63,311.41990760684797,1.8882969154164373,308.313935576764,314.52587963693196,91.86,182.468533831095,406.5029130497279,-486.1692570650886,851.1063247272785,2.46,3.5342989802024083,2.7801786864096947,-1.0386880157117555,8.107285976116572
1,1,uncalibrated,44,0,312.52,312.31664814842213,1.012853852643463,310.65065181532975,313.9826444815145,220.1,366.84923086936436,269.32245238934775,-76.14678176271929,809.8452435014481,1.31,1.6570815935643024,1.5925805182917003,-0.9624802481600554,4.27664343528866
1,1,uncalibrated,45,2,312.59,312.49029334511266,1.4080256557787505,310.17429723836426,314.80628945186106,188.63,209.75039953502397,319.00521027731594,-314.966477606036,734.4672766760839,1.23,1.8353712384973786,2.193004851799159,-1.7718007459066425,5.442543222901399
1,1,uncalibrated,46,1,306.36,306.8283301413295,1.205094226965669,304.84612653128676,308.81053375137225,947.21,822.7159937494986,279.5084707671292,362.96547184452675,1282.4665156544704,7.22,8.248626013162111,1.6849337017331856,5.477156702693512,11.02009532363071
1,1,uncalibrated,47,3,302.67,306.37410386418276,1.0943857405914206,304.573999509487,308.1742082188785,1366.98,1358.8983603598117,205.0625541013037,1021.60047449435,1696.1962462252734,10.28,10.807155674852421,2.169715848693073,7.238290691675529,14.376020658029312
1,1,uncalibrated,48,1,312.73,312.28682813310263,1.0967805589916098,310.48278465267543,314.0908716135298,46.91,35.32161507499984,269.87645114034285,-408.5856444119847,479.22887456198436,1.25,1.3012977916266353,1.484698467308549,-1.1408138672551225,3.743409450508393
1,1,uncalibrated,49,2,310.89,309.56400504815775,1.9459135162207521,306.3632621432682,312.76474795304733,93.48,315.79816032945075,446.18412397035274,-418.109414271349,1049.7057349302504,4.63,5.359193415563221,2.6452769423245175,1.0081000426896392,9.710286788436802
1,1,uncalibrated,50,4,307.08,306.46437896124087,2.690839944548721,302.038341118904,310.89041680357775,130.32,467.0407562972549,483.80478543887705,-328.74729976836045,1262.8288123628704,7.26,6.789348803727071,2.699255703453323,2.3494682698324265,11.229229337621716
1,1,uncalibrated,51,0,306.76,307.1743621364744,0.7133982643778595,306.0009264138516,308.34779785909717,1543.82,1658.663807155593,221.004066731196,1295.1444664217602,2022.183147889426,10.96,10.57543637892581,1.4956204878389516,8.115359594960982,13.035513162890638
1,1,uncalibrated,52,0,310.33,310.52493414479824,1.1885705616874351,308.5699095455189,312.4799587440776,570.52,654.7924541732785,263.2172176859632,221.83865898644694,1087.7462493601101,5.7,5.938277119649732,1.8687272807685804,2.8644942740943717,9.012059965205093
1,1,uncalibrated,53,2,312.69,312.44562801837384,1.8493908385666291,309.4036507899067,315.487605246841,95.36,143.046080585313,379.91800677866854,-481.8634308087537,767.9555919793797,1.39,2.4489458610114268,2.583685035818599,-1.8008378410550385,6.698729563077892
1,1,uncalibrated,54,1,311.54,311.794527012439,1.1898365039557277,309.83742012342816,313.75163390144985,223.41,156.0192239529241,243.21073448377047,-244.02683477623708,556.0652826820854,4.71,4.64491671238201,1.8472873817611106,1.606399362470559,7.68343406229346
1,1,uncalibrated,55,2,308.42,303.96209356002765,2.123844393284777,300.46868040665265,307.45550671340266,709.64,760.4174169030834,299.52606511490666,267.7408823323266,1253.0939514738402,12.53,9.506825483613357,1.9437436038592084,6.309651766941814,12.7039992002849
1,1,uncalibrated,56,0,308.18,307.82379629863584,0.7433811693865907,306.6010430859629,309.0465495113088,1523.36,1553.77592518626,346.28266362917947,984.1916299653878,2123.360220407132,7.59,7.001446162100472,1.6136268226416448,4.347266230332184,9.655626093868761
1,1,uncalibrated,57,3,308.44,309.2638297823246,0.992317244854681,307.6316131630389,310.8960464016103,1059.82,1262.1282258327997,199.3759426024147,934.1839835163494,1590.07246814925,5.32,5.90154078842011,1.5615487192287603,3.333021713935259,8.47005986290496
1,1,uncalibrated,58,2,309.87,310.88234036578723,1.4573516201114647,308.4852102677033,313.2794704638712,261.82,237.77104686637205,297.66195201066483,-251.83929450382487,727.3813882365689,2.03,3.8696240165664246,2.1083718181188775,0.4016609845713206,7.337587048561529
1,1,uncalibrated,59,1,308.33,309.5014215021347,1.045000869190874,307.78254803227867,311.2202949719907,1098.75,1286.764181555914,265.3504655579418,850.301505869672,1723.2268572421563,2.44,4.435587177490243,1.5578034280800208,1.8732285587353847,6.9979457962451015
1,1,uncalibrated,60,3,306.45,305.91636011084046,1.1661986896956849,303.99813396634846,307.83458625533245,268.91,307.8596564084642,254.50220123970084,-110.75921236779101,726.4785251847195,8.27,5.509279666246817,2.2588046352036777,1.7938766694572523,9.224682663036383
1,1,uncalibrated,61,3,303.98,303.44178589289476,1.1757889895343083,301.5077851089296,305.3757866768599,704.72,1090.26493488892,275.4946717663833,637.1165248281792,1543.4133449496608,7.93,6.929389546399605,2.236652573807584,3.2504234481418566,10.608355644657355
1,1,uncalibrated,62,1,308.91,308.97235695213254,1.2191360821818413,306.96705654560833,310.97765735865676,671.26,1004.3385291445215,297.06193548079574,515.7151271397106,1492.9619311493325,8.35,8.795315868303478,1.6027547902937709,6.159018838374923,11.431612898232032
1,1,uncalibrated,63,3,309.65,310.4501588348409,0.9731776321918253,308.84942407686214,312.0508935928197,616.92,608.0673217769172,159.46682194786504,345.76774131754684,870.3669022362876,2.11,3.6890571604016347,1.6966681177848668,0.8982864531302699,6.4798278676729995
1,1,uncalibrated,64,4,311.97,311.2467556431728,1.4006469208754202,308.94289647529246,313.5506148110531,177.02,235.73826872012762,285.51016131066854,-233.8841556432252,705.3606930834804,2.3,2.779449873851368,1.7222007704231332,-0.05331830971774121,5.612218057420478
1,1,uncalibrated,65,0,306.98,307.6421216191849,0.8597183594828051,306.2280107574328,309.05623248093696,2215.59,1702.022989857121,316.48248364816396,1181.4556287618288,2222.5903509524132,6.68,7.582003683012157,1.6548880136255626,4.859955131601634,10.30405223442268
1,1,uncalibrated,66,3,306.01,306.8288852866217,0.8662563023159241,305.40402046588775,308.25375010735564,1493.56,1355.9985851036495,179.8166144352102,1060.2265746637597,1651.7705955435392,12.0,12.304236070729555,1.2515719078642753,10.24558347868843,14.36288866277068
1,1,uncalibrated,67,1,311.22,312.0885041093444,1.0714435724722207,310.3261362630896,313.8508719555992,462.07,507.9764834591143,262.6512752401353,75.95358075694855,939.9993861612801,3.64,4.145193547039145,1.8459955016823157,1.108801150760887,7.181585943317404
1,1,uncalibrated,68,3,304.88,308.6296144494472,1.0561266357388617,306.8924407221321,310.3667881767623,395.97,396.2976458939731,152.04473832782816,146.2063065965575,646.3889851913887,8.3,8.828985340039104,1.8762442494409086,5.742838181299383,11.915132498778824
1,1,uncalibrated,69,0,310.04,309.2767169249082,1.5230648139114975,306.7714982416637,311.7819356081527,990.55,1078.8808695245436,300.9688447304248,583.8311736703101,1573.9305653787771,2.36,3.1934466587273467,2.0744693667183305,-0.21875180311902165,6.6056451205737154
1,1,uncalibrated,70,3,312.89,311.8009664132345,0.9090264845143841,310.3057509031861,313.2961819232829,164.97,362.9168362583897,144.66104519007555,124.9705913989032,600.8630811178762,0.86,3.634232488556679,1.4817180804606624,1.1970231297913863,6.071441847321972
1,1,uncalibrated,71,4,312.89,311.6039394436992,1.841619405159972,308.5747450856576,314.63313380174077,42.42,176.11451975164158,368.18547065246946,-429.49668704190736,781.7257265451906,0.86,2.148737116265143,2.224709400405406,-1.5105842099047226,5.808058442435009
1,1,uncalibrated,72,4,311.83,311.2118270178701,1.2872181098114874,309.0945416412691,313.32911239447117,492.81,402.34872949914,187.2102995668992,94.41518925385435,710.2822697444257,6.49,3.3911768434154594,0.9740430865179772,1.7890185397493585,4.99333514708156
1,1,uncalibrated,73,1,307.38,307.5853404873034,1.2376596535537763,305.549571517224,309.62110945738283,663.32,732.702681096353,266.6865358498738,294.0423653445645,1171.3629968481414,9.56,9.504221616822997,1.7210823241027837,6.673293113740465,12.33515011990553
1,1,uncalibrated,74,2,313.21,312.13805659710755,2.072838572478765,308.72854055308096,315.54757264113414,15.08,166.8250314971388,446.7435011101327,-568.0026366208617,901.6526996151392,0.39,1.9900708584044784,2.802173078797233,-2.619093693600922,6.599235410409879
1,1,uncalibrated,75,4,307.86,308.6912214588713,1.4575392396996494,306.2937827540273,311.08866016371536,946.9,1043.5445396986402,340.49744083943926,483.47608916619436,1603.6129902310859,8.0,7.426296316238396,1.5816134236794483,4.824773739864121,10.027818892612672
1,1,uncalibrated,76,4,307.58,308.2049493407628,1.193708847450844,306.2414730135092,310.1684256680164,1109.01,1226.0709908886754,285.5984797434927,756.303295630765,1695.8386861465858,8.19,8.237012933876663,1.1850003356501413,6.287860833843817,10.186165033909509
1,1,uncalibrated,77,2,312.31,312.05551436679997,1.4643477820601412,309.64687660636,314.4641521272399,65.54,137.54424445358654,271.48504104855186,-309.0089099781931,584.0973988853661,2.01,2.2357004947603922,2.570138547719418,-1.9918012172236796,6.463202206744464
1,1,uncalibrated,78,0,312.73,312.9131954854158,1.0214473798439463,311.23306405793943,314.5933269128922,68.26,46.936774398977036,219.38756656655173,-313.923660176073,407.79720897402706,1.34,2.0755731488063445,1.700129139785578,-0.7208904330558488,4.872036730668538
1,1,uncalibrated,79,4,306.53,307.18592603956483,1.479376228847044,304.75256868392,309.61928339520966,466.58,737.0621932777378,469.1319087684137,-34.591128378654275,1508.71551493413,7.25,7.280685884821648,1.6738937034091153,4.527375755637934,10.033996014005362
1,1,uncalibrated,80,0,315.92,312.31413345783074,1.150285810191699,310.4220816709061,314.2061852447554,84.11,132.63202168495087,260.8154237299904,-296.37117400220876,561.6352173721104,3.9,2.477679808085589,1.8164653723537554,-0.510139847862241,5.465499464033419
1,1,uncalibrated,81,0,309.26,305.87465184861964,2.655301207095036,301.5070700274807,310.24223366975855,613.05,782.7310678604862,286.81871143976537,310.9562700712406,1254.5058656497317,8.86,8.962627017789524,2.4862596083264883,4.873093883490755,13.052160152088293
1,1,uncalibrated,82,0,310.16,308.39164050096923,0.8496347035499343,306.9941157772513,309.78916522468717,517.94,640.0329796120348,247.75239819673624,232.51654885220796,1047.5494103718615,7.35,6.873147104681062,1.5945257893754625,4.250385576759175,9.49590863260295
1,1,uncalibrated,83,2,304.65,304.5187627844733,2.038930645843754,301.1650203165547,307.87250525239193,2419.87,1609.8677684807603,432.692769548207,898.1514971337148,2321.584039827806,12.79,10.750792008319547,2.4051757712142408,6.794629917582,14.706954099057093
1,1,uncalibrated,84,0,315.33,313.3721632807805,1.2214791743531868,311.3630088306,315.38131773096103,96.59,102.26532111238964,253.6381752585767,-314.9323513950332,519.4629936198126,6.91,3.391422212241514,1.8736434416174474,0.30955300168321775,6.473291422799811
1,1,uncalibrated,85,3,311.02,310.86761347373636,1.0752104295443412,309.0990496989643,312.63617724850843,146.83,135.9250413493196,224.2163695000906,-232.87806724479572,504.7281499434349,5.0,5.4149071787881295,1.908357911609869,2.2759377463551007,8.553876611221158
1,1,uncalibrated,86,2,309.61,309.69183530328064,1.4376893857702837,307.32704670266673,312.05662390389455,540.43,518.1376375764283,320.1601462025649,-8.47894011017388,1044.7542152630306,7.42,8.149452562011238,1.880632785169473,5.056086904361383,11.242818219661093
1,1,uncalibrated,87,2,311.04,312.1699818448823,1.3718182058678594,309.9135416934425,314.42642199632206,153.39,157.8601110539547,301.46352144458666,-338.00325558773636,653.7234776956458,1.96,1.9320451030009602,1.7492801024062954,-0.9452646179960764,4.809354823997997
1,1,uncalibrated,88,1,312.29,313.19697923795553,1.2072007251308066,311.21131074676566,315.1826477291454,42.84,4.864769711298095,298.16576513592116,-485.57427050528247,495.30380992787866,3.51,3.016573822650784,1.9626466634438153,-0.2116926601389797,6.2448403054405475
1,1,uncalibrated,89,3,311.14,311.10859017015474,1.084378609217606,309.32494608179456,312.8922342585149,504.12,587.4155138398254,198.8473614026645,260.3407102269227,914.490317452728,4.26,4.802403608763065,2.0684433659834016,1.4001170360815567,8.204690181444573
1,1,uncalibrated,90,3,308.79,307.4829762024299,0.9224568613456889,305.9656696883392,309.0002827165206,843.81,966.6760389317017,178.48118093355728,673.1006211305581,1260.2514567328453,7.69,7.0286771647033985,1.3358402630757875,4.831415462955381,9.225938866451415
1,1,uncalibrated,91,2,302.53,304.68141141730314,2.179962384482745,301.0956923825689,308.26713045203735,2030.6,1891.6529750373563,724.6545632626505,699.702288367851,3083.6036617068617,2.36,7.944644806980394,3.2503980909790124,2.5982157179974266,13.291073895963361
1,1,uncalibrated,92,0,312.07,311.0634854523198,0.8632411739552267,309.6435800764057,312.4833908282339,81.77,81.08789864883272,199.92948082285673,-247.76683301716787,409.9426303148333,5.71,4.2152311922940715,1.5586533383120367,1.6514745956114991,6.778987788976644
1,1,uncalibrated,93,0,306.81,306.5909598684464,0.9847613561467045,304.97117158010684,308.210748156786,673.45,1011.3587058405969,242.86024508094164,611.8891508768868,1410.828260804307,7.15,6.78670213945207,1.9569717459827445,3.5677700652307993,10.005634213673341
1,1,uncalibrated,94,1,309.96,309.97129879336717,1.2078617719305769,307.9845429769511,311.95805460978323,659.22,505.0653784830554,293.2764863163119,22.668486266086177,987.4622707000246,4.79,4.811351006798374,1.6573192070622973,2.085303498045617,7.53739851555113
1,1,uncalibrated,95,1,314.36,313.99343068506533,1.213946740487429,311.9966659860487,315.99019538408197,139.42,140.33520252028495,274.90921701054714,-311.85022016190266,592.5206252024725,5.84,3.2427605418847714,1.7800937183627876,0.3147669329222089,6.170754150847333
1,1,uncalibrated,96,3,310.35,311.0394254045076,0.9628569154930254,309.45566671482356,312.62318409419163,94.55,95.89971289154937,107.04692444616373,-80.17680903772319,271.9762348208219,3.98,5.373159924779163,1.3565142301862203,3.141892573246075,7.604427276312251
1,1,uncalibrated,97,1,313.16,313.388962280982,1.14453698814356,311.50636646485395,315.2715580971101,15.39,1.6789592232721589,300.82615683614017,-493.1360359305252,496.49395437706954,0.53,1.461648854671898,1.6888989861323047,-1.3163427682224866,4.239640477566283
1,1,uncalibrated,98,2,306.83,306.8037216037666,0.7249982415004799,305.61120561670106,307.9962375908321,1407.27,1474.0378032800404,215.26741857571218,1119.9544090712998,1828.121197488781,10.88,11.807950458523738,0.9918130872941211,10.176563104630066,13.43933781241741
1,1,uncalibrated,99,1,309.81,310.14427419355826,1.1057041006443187,308.32555279327835,311.9629955938382,533.37,674.1437521045576,273.0075794181574,225.08624491335956,1123.2012592957558,7.02,5.33530177092533,1.5284143893461224,2.821283819124542,7.849319722726118
1,1,holdout,0,3,312.33,311.8257806477398,0.8947241407872624,310.2492352975496,313.40232599793,84.06,114.06632784650606,184.7834452548238,-172.40760203695845,400.54025772997056,0.31,1.4776604378994564,1.243589638790411,-1.0899321721390245,4.045253047937937
1,1,holdout,1,4,311.68,310.5541739304525,1.653505304434545,305.9572748062302,315.15107305467484,204.84,342.2061416805846,242.98962208389074,-646.108794523403,1330.5210778845724,9.2,6.3562013892632505,1.6578612314940189,1.6947630388858608,11.01763973964064
1,1,holdout,2,1,301.44,304.99898749699395,1.2771687373548208,301.3392487034632,308.65872629052467,220.66,489.3175060382622,336.2450220296346,-38.30977031596558,1016.94478239249,4.44,9.07919761829606,2.143460902502737,6.852730525962806,11.305664710629316
1,1,holdout,3,2,314.31,314.77816051888567,1.8287194556940847,312.93301598550215,316.6233050522692,12.81,0.4924070222627961,319.4783453294487,-263.22532417767025,264.21013822219584,2.87,3.7845002811380066,2.245376855115709,-0.5410466272156746,8.110047189491688
1,1,holdout,4,2,306.89,304.8359463301355,1.406276872602472,303.41703864813616,306.2548540121349,422.12,448.8961230067943,237.22043375706772,253.07930005384483,644.7129459597438,12.1,10.21157129689691,2.020812957970539,6.318629574087501,14.104513019706319
1,1,holdout,5,4,307.84,307.6108005123971,0.9191753765556069,305.0554071476687,310.16619387712547,2201.12,1834.7939376907957,180.0393966370731,1102.517294451513,2567.0705809300784,5.77,5.225034925301473,0.9442965018717687,2.5699394056447917,7.880130444958153
1,1,holdout,6,4,314.22,312.37207639686216,1.8134225957796157,307.3305922721801,317.4135605215442,87.66,173.59909494360443,274.0058762277006,-940.8686661116564,1288.0668559988653,3.45,2.8674456570507125,2.0426652777316328,-2.875953176168741,8.610844490270166
1,1,holdout,7,3,301.14,304.72583058175127,2.24578287674922,300.7686572023,308.68300396120253,965.47,1565.9374561636841,524.7754143606347,752.3663321336215,2379.5085801937466,6.46,10.155613833115245,3.1713068057494103,3.607936315854065,16.703291350376425
1,1,holdout,8,3,306.32,305.33884277948187,1.0939198042157086,303.4113054501551,307.2663801088086,331.97,509.5169824611564,253.43277007476243,116.61446078531702,902.4195041369958,10.22,6.4691754200385105,1.346338314480238,3.6894414957244908,9.24890934435253
1,1,holdout,9,4,304.34,305.72058553995294,1.994469573402517,300.17577391420645,311.2653971656994,421.99,480.3396588168472,299.46813907885917,-737.6911041046579,1698.3704217383524,3.37,8.871269767274132,2.3909093797953087,2.1487067061841305,15.593832828364134
1,1,holdout,10,0,303.31,303.46721417086064,2.4847029842501165,300.5463048746612,306.3881234670601,1035.72,451.60843242927695,270.2735764704819,217.16159030230136,686.0552745562525,5.86,6.9097412706283015,1.8341400427524086,3.305004595760303,10.5144779454963
1,1,holdout,11,4,308.31,308.50478845353416,1.5877657672197814,304.090651380476,312.9189255265923,374.66,607.4102821238351,307.8694019523676,-644.7910495226084,1859.6116137702788,8.57,8.814486156184357,2.0584880651348745,3.0265981060086258,14.602374206360087
1,1,holdout,12,4,307.47,307.16575702199486,1.1394906597188919,303.9978666005531,310.33364744343663,850.87,943.5013132533024,212.82391019559563,77.87978002162527,1809.1228464849796,10.63,11.566465523042964,1.4175161547935617,7.580809763254459,15.55212128283147
1,1,holdout,13,3,306.43,307.3650805304879,1.0418441177777829,305.5293029710936,309.20085808988216,2256.33,1115.502468622202,216.69323572527853,779.5580731068037,1451.4468641376004,4.77,8.13227866514144,1.3008408146975863,5.446481712134764,10.818075618148116
1,1,holdout,14,3,313.31,312.21351170951846,2.1117998337413697,308.49242265352416,315.93460076551276,0.85,216.57815296830006,430.57988508192307,-450.95952411140024,884.1158300480004,0.42,2.031254957606592,2.8328591848118956,-3.817642525390629,7.880152440603813
1,1,holdout,15,2,311.83,313.50578147667045,1.2309369773810706,312.2637885467641,314.7477744065768,194.23,185.4326349060965,268.54511299527985,-36.24156918092726,407.1068389931203,3.51,3.992978741331978,1.6522112496570038,0.8101200391865251,7.17583744347743
1,1,holdout,16,4,307.32,307.0180155419263,0.934322510232302,304.42051173137946,309.6155193524731,1604.24,1694.4907613785024,202.75129388205485,869.8377150474197,2519.143807709585,11.92,11.228384087933012,1.2219934164455173,7.792483140907113,14.664285034958912
1,1,holdout,17,0,311.08,311.42739256196717,1.3072911249727432,309.89059769192585,312.9641874320085,560.59,492.0142092041863,290.4929852950097,240.02818840318085,744.0002300051917,3.19,3.044945537199126,1.779301579758112,-0.4520140791339715,6.541905153532223
1,1,holdout,18,4,311.14,310.39814265512376,1.457404627515156,306.3464217214839,314.4498635887636,68.07,64.31555961057268,224.81233147081724,-850.066639637189,978.6977588583344,5.46,6.09353602423172,1.9192026429882338,0.6972793097243848,11.489792738739055
1,1,holdout,19,1,312.39,312.35737660031157,1.3417970363862848,308.51244481997537,316.20230838064776,59.84,4.18248555422997,315.6781609553087,-491.17178694614165,499.5367580546016,5.02,4.862332365848887,2.1289737054749986,2.650913491752198,7.073751239945575
1,1,holdout,20,4,308.85,310.1056549489774,1.301179255765829,306.4882551346287,313.72305476332616,484.91,353.08569018688064,195.91918742315002,-443.7790382680575,1149.9504186418187,7.06,7.546785419882687,1.5274407884436247,3.25205258342847,11.841518256336904
1,1,holdout,21,2,311.28,310.25742584910876,1.0622404199829119,309.18564466475726,311.32920703346025,410.23,706.330690218777,258.6097954752064,492.85772866805985,919.8036517694942,5.16,4.698711958084941,1.6739117662885745,1.4740488691117224,7.923375047058158
1,1,holdout,22,3,312.03,312.4405366803256,1.7089500048215602,309.42928766961006,315.4517856910411,122.49,387.58813068740056,419.2590727091629,-262.39863643158566,1037.5748978063868,3.07,7.702478502525612,2.8345547580743724,1.8500802333826112,13.554876771668614
1,1,holdout,23,1,307.93,307.99414292226896,1.2956469642065178,304.2814545993089,311.706831245229,117.49,159.79184596332016,326.386191240605,-352.3651997660676,671.9488916927079,6.42,8.093276261118794,1.925195244508809,6.093527232241947,10.09302528999564
1,1,holdout,24,2,306.65,306.91346570244946,1.0488697566519185,305.85517527321406,307.97175613168486,1388.31,1454.2874562509942,224.9565004202568,1268.5940633284458,1639.9808491735425,11.47,11.985559776698164,1.4226950678176533,9.244846458081742,14.726273095314586
1,1,holdout,25,4,308.18,308.31434077325224,0.8842720356474822,305.8559819549645,310.77269959154,1252.74,1207.802597390376,161.65494577869126,550.3012767406896,1865.3039180400624,7.11,7.081447665733259,1.1831781184517094,3.754684392725232,10.408210938741284
1,1,holdout,26,2,310.29,310.22679709625714,1.4116031781055374,308.80251526927805,311.65107892323624,785.56,977.8378323133617,263.0099294917021,760.7327204877665,1194.9429441389568,5.06,4.9596681425439915,1.9508565027204607,1.201492184348632,8.71784410073935
1,1,holdout,27,1,303.33,304.6356876233117,1.4771740559387476,300.4028317451504,308.86854350147297,1918.36,1669.961447831921,371.92192806767264,1086.3508630915348,2253.5720325723073,8.91,6.913841334338897,2.337788678275385,4.485521062701587,9.342161605976205
1,1,holdout,28,4,302.73,302.99854461694696,3.160979473323501,294.2107265593722,311.78636267452174,2026.87,1398.6499262312022,444.5785551365863,-409.59037057366186,3206.8902230360663,13.02,4.646650005004221,3.0676474315429774,-3.978709651874106,13.27200966188255
1,1,holdout,29,4,310.24,310.3774170534534,0.9584299404155477,307.7128923362307,313.04194177067615,305.92,386.9711156927399,164.64803986822812,-282.7040565345743,1056.646287920054,5.99,5.898255249803183,1.168799625215765,2.6119202457705235,9.184590253835843
1,1,holdout,30,3,305.2,305.2028734210335,1.0507346965180708,303.35143025038036,307.0543165916866,2372.98,2054.8778246410784,315.5127702066054,1565.7312829427215,2544.0243663394353,10.28,9.32351270227035,1.682278503693277,5.850175743375484,12.796849661165215
1,1,holdout,31,0,307.79,305.3552009955234,2.2469394982744366,302.71379616359405,307.9966058274527,1236.45,1463.2248975089906,291.86728808839206,1210.0467477760992,1716.403047241882,12.82,10.444984291112227,2.0044304529179175,6.505566472714564,14.38440210950989
1,1,holdout,32,0,309.58,309.4151206814774,1.0766312446224213,308.14947958436034,310.68076177859444,717.28,598.2085528187313,249.72982986178778,381.5822338104525,814.83487182701,6.31,5.8860199250603005,1.7006343944027498,2.5436692707198576,9.228370579400742
1,1,holdout,33,0,311.54,311.1292102535553,1.173590908141188,309.7495875721911,312.5088329349195,686.14,632.8172865750743,293.73316463943115,378.0205958404964,887.6139773096521,4.98,3.185706788460839,1.7999775089957666,-0.3518883729629718,6.72330194988465
1,1,holdout,34,1,308.55,309.0359610134797,1.2236986981669362,305.5294411102836,312.54248091667586,367.47,521.5518072263183,251.17667520623442,127.41165245818081,915.6919619944557,5.43,4.514412838137834,1.970995538486758,2.467089884659878,6.56173579161579
1,1,holdout,35,1,306.8,307.025674153919,0.9479952229494494,304.3091851011917,309.7421632066463,554.95,596.0539374455054,251.40043792897308,201.5626598109667,990.5452150800442,12.78,11.458445602064678,1.5643075915728282,9.833559712680213,13.083331491449144
1,1,holdout,36,0,307.12,307.43135047257374,1.0421556474821478,306.20623739543225,308.6564635497152,2075.38,1858.688328667592,402.78226258878294,1509.297793485135,2208.078863850049,5.9,6.8452335873245715,1.6382422812037722,3.625505597245557,10.064961577403587
1,1,holdout,37,4,309.05,308.61152609003074,0.9100104896293976,306.08161196662786,311.1414402134336,1337.07,1239.2248659036447,199.93310040255128,426.03429556235756,2052.4154362449317,4.68,4.158553810636267,1.0454338930393214,1.2190884626190446,7.098019158653489
1,1,holdout,38,1,307.56,307.84276600865786,1.4155243851399861,303.7865678306357,311.89896418668,316.18,392.5810913416637,300.96713111553584,-79.68900117628709,864.8511838596145,8.14,6.562854817157791,1.9380549029338232,4.54974813558548,8.575961498730102
1,1,holdout,39,0,312.34,311.43859572285135,1.6837598053466403,309.4592405648391,313.4179508808636,106.38,207.77290418603548,282.8379065539576,-37.57277440871283,453.11858278078375,5.13,3.752691630895404,1.9055249960518137,0.0076581666906703205,7.4977250951001375
1,1,holdout,40,1,309.58,309.1025195701164,1.1936639583606823,305.6820644907823,312.5229746494505,435.02,496.367857628292,278.1252642283437,59.940651169403225,932.7950640871807,7.83,8.891092437669633,1.7976025622123784,7.023877157378467,10.758307717960797
1,1,holdout,41,2,307.48,307.3557845106347,1.0278947373157683,306.31865749284833,308.39291152842105,1296.42,941.1199453473002,211.8901416603215,766.2123553988506,1116.0275352957499,8.74,8.35530930850877,1.414516419006122,5.630351531774162,11.08026708524338
1,1,holdout,42,3,304.47,306.37704076553905,1.5428776884602775,303.65841886324637,309.09566266783173,451.73,757.551312313706,324.29988852435355,254.7819035161624,1260.3207211112497,7.37,8.290809390761547,2.2124644478221764,3.722817515462167,12.858801266060926
1,1,holdout,43,2,311.63,312.4233119456184,1.2782653501419756,311.1335655519416,313.71305833929523,91.86,103.19591428595311,272.550776327726,-121.78481890210918,328.1766474740154,2.46,3.623215712526048,1.8349334913276591,0.0883565763575822,7.158074848694514
1,1,holdout,44,0,312.52,312.34135847182137,1.2107060880308802,310.9181047912363,313.7646121524064,220.1,410.50762499562006,315.91004285510127,136.47376304439456,684.5414869468456,1.31,1.6350821797953659,1.6267597163879104,-1.5620784917864357,4.832242851377167
1,1,holdout,45,2,312.59,312.7785946220445,1.0050163680450643,311.7645514610308,313.79263778305824,188.63,186.80830338371857,251.83314675597117,-21.070781613228576,394.6873883806657,1.23,1.6968661735212978,1.4475342758930372,-1.0916979811147618,4.485430328157357
1,1,holdout,46,1,306.36,306.9852134921596,1.2244896730372525,303.47642704317906,310.4939999411401,947.21,832.7826791762417,289.92452631070705,377.84036585293546,1287.7249924995479,7.22,8.105018768446172,1.8334866796517164,6.200529747111808,10.009507789780535
1,1,holdout,47,3,302.67,306.1688319634014,1.1310859580784536,304.1758061506576,308.16185777614515,1366.98,1287.2495080278343,286.30619709423036,843.3825733115448,1731.1164427441238,10.28,11.131839057540992,2.272168152006107,6.440579196667458,15.823098918414527
1,1,holdout,48,1,312.73,312.33472673986853,1.1389793616949149,309.0709708765212,315.59848260321587,46.91,25.791084204113645,287.18496765419707,-424.8523822139747,476.434550622202,1.25,1.5775414011366609,1.7323037185390622,-0.22184631745916517,3.3769291197324867
1,1,holdout,49,2,310.89,309.8281854404377,1.2849430765634555,308.5317013427552,311.12466953812026,93.48,129.09026389674693,318.38971153265044,-133.72883977742015,391.909367570914,4.63,4.4999897314963295,1.7765982933415312,1.0775088959780201,7.9224705670146385
1,1,holdout,50,4,307.08,304.1036753456934,2.4261988823294054,297.3586159331484,310.8487347582383,130.32,559.3720644825345,423.9435768803831,-1164.9393095808914,2283.68343854596,7.26,5.810244248603109,3.2193513274283707,-3.241663990718733,14.86215248792495
1,1,holdout,51,0,306.76,306.9106766344767,1.1285898055320798,305.5839553017982,308.23739796715523,1543.82,1797.372877137456,331.94551694420386,1509.4291601745267,2085.3165941003854,10.96,10.181312666261235,1.796528937192315,6.650495173372026,13.712130159150444
1,1,holdout,52,0,310.33,310.69228115112156,1.4414483803727873,308.9977768176416,312.38678548460155,570.52,637.9228169147016,300.95772116814055,376.85923732608615,898.986396503317,5.7,5.977140330958955,1.8083926668885852,2.423006395191868,9.531274266726042
1,1,holdout,53,2,312.69,312.9245894165632,1.2793547835820527,311.6337438044414,314.215435028685,95.36,77.83077236481108,299.6066966804935,-169.48363706537688,325.1451817949991,1.39,2.084973147638502,1.8253322183642853,-1.43138986994374,5.601336165220744
1,1,holdout,54,1,311.54,311.93533313364804,1.2336482847859502,308.400302598251,315.47036366904507,223.41,153.9359168678876,255.5801229848887,-247.1140179885768,554.985851724352,4.71,4.564855369320831,1.949634136759758,2.5397210444928047,6.5899896941488585
1,1,holdout,55,2,308.42,305.257494563346,1.274237482691416,303.97181221436693,306.543176912325,709.64,894.9210075735214,270.7781593612396,671.4035050911466,1118.4385100558961,12.53,10.236962211750429,1.8035960338866848,6.762472292375412,13.711452131125446
1,1,holdout,56,0,308.18,308.22435267423685,1.1194473977532988,306.90837876048124,309.54032658799247,1523.36,1541.7014450741194,397.3865822821228,1196.9913534094596,1886.4115367387792,7.59,6.955548584840013,1.7443272653442485,3.5273259192889435,10.383771250391083
1,1,holdout,57,3,308.44,309.21857248883464,0.9921176672574926,307.47041523694685,310.9667297407224,1059.82,1062.4645135544715,346.87758771896773,524.6923900543834,1600.2366370545597,5.32,6.304712554785631,1.6955344330814184,2.8040065785923507,9.805418530978912
1,1,holdout,58,2,309.87,310.74869660927493,1.1265479667899543,309.61203028462654,311.8853629339233,261.82,297.54110044060815,266.08372573641054,77.89868183451915,517.1835190466971,2.03,3.6723084065611635,1.7669920705635045,0.2683332250687167,7.07628358805361
1,1,holdout,59,1,308.33,309.25869816341026,1.0485784155807452,306.2539870447308,312.2634092820897,1098.75,1350.3198975064674,296.210816960719,885.5132941662683,1815.1265008466667,2.44,4.394221466576111,1.6679963398467312,2.6616314499050135,6.1268114832472085
1,1,holdout,60,3,306.45,306.9339162211302,1.7652288325105259,303.8235013110469,310.0443311312134,268.91,308.91935328777015,355.89634155581757,-242.83474706490358,860.6734536404439,8.27,5.196531709785088,2.299036373889276,0.44979804485252384,9.943265374717651
1,1,holdout,61,3,303.98,304.7958648039789,1.8257484832352233,301.5788114680438,308.01291813991395,704.72,1152.4193116513113,395.5682709953235,539.160927097626,1765.6776962049967,7.93,8.465448669640896,2.4012747333789117,3.5076273210385205,13.423270018243272
1,1,holdout,62,1,308.91,308.7919827981279,1.1614580279152886,305.4638141094526,312.1201514868032,671.26,944.058384214812,325.262215391649,433.6650532678555,1454.4517151617686,8.35,8.616003959514035,1.8075922954261172,6.738412090484719,10.493595828543352
1,1,holdout,63,3,309.65,309.5480608749184,1.2683260521445037,307.3132116639939,311.7829100858429,616.92,596.1214281578325,301.87174486457707,128.12287475454042,1064.1199815611246,2.11,4.444013157561905,2.573209232554057,-0.8687948648777972,9.756821180001607
1,1,holdout,64,4,311.97,311.0816596600369,1.1965729734739716,307.755075076922,314.4082442431518,177.02,254.87871623892994,159.47534249309987,-393.75747484812206,903.514907325982,2.3,2.6014986664448694,1.2250498947599626,-0.8429962358297525,6.045993568719491
1,1,holdout,65,0,306.98,307.9612945879205,1.1053733335326554,306.6618655349704,309.26072364087065,2215.59,1702.113398793704,370.2028120538153,1380.9836702942462,2023.2431272931617,6.68,7.513666411165287,1.7890656352962546,3.9975169574842346,11.02981586484634
1,1,holdout,66,3,306.01,307.6310435413002,1.1436511170910835,305.61587733677226,309.6462097458281,1493.56,1153.5054324353914,303.8759045438907,682.3997852193652,1624.6110796514176,12.0,11.998346039563206,1.7660396508528757,8.352070600202616,15.644621478923796
1,1,holdout,67,1,311.22,311.99759718612825,1.0972506782380242,308.85341525000246,315.14177912225404,462.07,522.5561214771274,279.9383960132244,83.28379398253281,961.8284489717219,3.64,3.856956964853028,1.7886290175124222,1.9990627325701122,5.7148511971359435
1,1,holdout,68,3,304.88,309.4208062289051,1.024222291406724,307.61607914323866,311.2255333145716,395.97,389.49464373371967,202.6998640745353,75.24448691800603,703.7448005494333,8.3,9.136874551531617,1.670614763159066,5.687619277677305,12.58612982538593
1,1,holdout,69,0,310.04,309.47461472067397,1.5836978788032001,307.612888033062,311.33634140828593,990.55,1120.513111224272,407.23148161521044,767.263133456642,1473.7630889919021,2.36,3.011742912716934,1.9369671861088142,-0.7950856232897077,6.818571448723576
1,1,holdout,70,3,312.89,312.55087559578305,0.9974351802381443,310.79334863989146,314.30840255167465,164.97,310.7094200403762,231.30282389433742,-47.88454849817708,669.3033885789295,0.86,3.656676287633404,1.4560577729665203,0.6504087367922167,6.662943838474591
1,1,holdout,71,4,312.89,311.3940881267331,1.6599373139896278,306.7793074154294,316.0088688380368,42.42,138.18587956397596,235.7128111353235,-820.5319862518832,1096.903745379835,0.86,1.6177360649627026,1.8300463812528844,-3.5278383790780516,6.763310509003457
1,1,holdout,72,4,311.83,310.7197418091476,1.1277278761445666,307.5845530242632,313.854930594032,492.81,482.37192591602695,119.51511843686337,-3.733512004942895,968.4773638369968,6.49,3.519910265346996,0.9778595164877248,0.7704450116540684,6.269375519039923
1,1,holdout,73,1,307.38,307.47086000032573,1.3295739588106275,303.6609535614903,311.28076643916114,663.32,747.5940131844688,308.1316686605623,264.0815075940451,1231.1065187748927,9.56,9.1036569065262,2.0318600480409015,6.993112446439435,11.214201366612967
1,1,holdout,74,2,313.21,313.3086099811159,1.521632033690736,311.77331104827874,314.8439089139531,15.08,27.718094973080156,330.79934922151403,-245.34471236414902,300.78090231030933,0.39,1.9638849615715568,2.0245135386791704,-1.9361856471559844,5.8639555702990975
1,1,holdout,75,4,307.86,307.9782454936811,1.3568585165521634,304.20605213590693,311.7504388514552,946.9,1137.8326834869583,219.5045545695919,245.0388761405942,2030.6264908333224,8.0,6.739947669598033,1.51934804499131,2.467969345989496,11.011925993206571
1,1,holdout,76,4,307.58,307.80322743572503,0.8933298648710329,305.3196870065205,310.2867678649296,1109.01,1278.094913713829,208.00109949284652,432.0892628854168,2124.1005645422415,8.19,8.091183378633179,1.061665912323267,5.106078168993726,11.076288588272632
1,1,holdout,77,2,312.31,313.1075637568331,1.4267446600409153,311.668004451106,314.54712306256016,65.54,63.9567906727209,276.9202542172823,-164.6307872746436,292.5443686200854,2.01,3.943747254788525,1.9095299268731967,0.2651837865775093,7.622310722999541
1,1,holdout,78,0,312.73,312.82358731100567,1.0824661515122334,311.55108694986995,314.0960876721414,68.26,42.13116382445537,230.10701063577676,-157.47348380460429,241.73581145351503,1.34,1.9887287812713468,1.5948441242176286,-1.1457064152024041,5.123163977745097
1,1,holdout,79,4,306.53,307.3984463753369,1.5253601328554558,303.15780279225214,311.63908995842166,466.58,526.3150135809072,211.14669845722614,-332.48477394002134,1385.1148011018358,7.25,7.370670819427297,1.391546535698135,3.4580343064228085,11.283307332431786
1,1,holdout,80,0,315.92,312.2280757195138,1.2474202323269405,310.76166247979586,313.69448895923176,84.11,122.62561891497205,295.76316577818636,-133.93198149753465,379.18321932747875,3.9,2.0810040509673895,1.7833022639220744,-1.4238183308003238,5.585826432735103
1,1,holdout,81,0,309.26,305.633026009747,3.1236899914094503,301.9609512417817,309.30510077771237,613.05,849.2527950212008,335.8721614679522,557.9029389130023,1140.6026511293992,8.86,9.07420173315732,2.659850295343912,3.846651117722131,14.301752348592508
1,1,holdout,82,0,310.16,308.530864258781,0.829848432852874,307.5553303550021,309.50639816255983,517.94,568.5982785188119,258.8928238899506,344.02358718947596,793.1729698481478,7.35,6.812252464648035,1.7222672409082855,3.427385582886226,10.197119346409844
1,1,holdout,83,2,304.65,302.9948068312661,1.6550180169945345,301.32492387726774,304.66468978526444,2419.87,1616.801070965526,282.0738295481389,1383.9594043962238,1849.642737534828,12.79,9.827939198222646,2.5067804013952837,4.998818335739099,14.657060060706193
1,1,holdout,84,0,315.33,312.72862749090575,1.3481845719181387,311.1437600544074,314.3134949274041,96.59,96.60265311785611,293.138483121064,-157.67818547211635,350.88349170782857,6.91,2.591041578690856,1.8808765707643236,-1.1055489746452918,6.287632132027003
1,1,holdout,85,3,311.02,310.8551088088227,1.3309401547748572,308.5099306508427,313.2002869668027,146.83,193.52464336076486,309.07230356969563,-285.6370981017565,672.6863848232863,5.0,5.326146684781234,1.882490793118454,1.4394389653620374,9.212854404200431
1,1,holdout,86,2,309.61,309.7464206468751,1.2996335836423791,308.4351140958387,311.0577271979115,540.43,673.9412026660042,251.7644315058021,466.1188396038559,881.7635657281525,7.42,8.233116749299505,1.7908196658532172,4.783239526506463,11.682993972092547
1,1,holdout,87,2,311.04,312.22090870472135,1.1448552329180164,311.06577068289045,313.37604672655226,153.39,135.64338899077234,256.14754145682207,-75.79707160061807,347.08384958216277,1.96,2.065036461921105,1.6441104727064872,-1.102216712531419,5.232289636373629
1,1,holdout,88,1,312.29,313.19758939071346,1.2618156313656248,309.5818450639642,316.81333371746274,42.84,-8.177673796208751,324.96828946286723,-518.1097835291919,501.7544359367743,3.51,2.891749197534909,2.0535480099631562,0.7586769024578728,5.024821492611945
1,1,holdout,89,3,311.14,310.6762218344271,1.4518443151862237,308.1180049495078,313.23443871934643,504.12,685.0268835054894,375.84687624006983,102.34302066033456,1267.7107463506443,4.26,4.764038420719107,1.9028333614038002,0.8353301680295773,8.692746673408637
1,1,holdout,90,3,308.79,307.4252394227824,0.9939718547549777,305.6738150066992,309.1766638388656,843.81,1153.641508361632,259.7758784277239,750.9051231865836,1556.3778935366804,7.69,6.348460647721786,1.6336721628105546,2.9754793670656663,9.721441928377905
1,1,holdout,91,2,302.53,304.1402630696826,1.323339243564224,302.8050379407152,305.47548819865,2030.6,2036.099767206564,320.0178183683351,1771.936720673249,2300.2628137398788,2.36,7.9982874208984835,2.7277291550524327,2.7435256705128346,13.253049171284133
1,1,holdout,92,0,312.07,310.7541905213237,0.9130221471919336,309.6808811985301,311.82749984411737,81.77,76.80495876360862,229.6997128787421,-122.44638139755432,276.05629892477157,5.71,4.37852971794854,1.5858766229639294,1.261718846715857,7.4953405891812235
1,1,holdout,93,0,306.81,306.55220757188164,1.043442662343077,305.3255815357686,307.77883360799467,673.45,997.7236463606923,258.23471317304177,773.7198283714887,1221.727464349896,7.15,7.02452583493829,1.9736614941245891,3.1455799497760895,10.903471720100491
1,1,holdout,94,1,309.96,309.83170457732655,1.1504538496974703,306.5350684628028,313.12834069185027,659.22,560.7176934391302,315.21187867999885,66.095099419674,1055.3402874585865,4.79,4.3796251390669045,1.755021322499389,2.5566400702347067,6.202610207899102
1,1,holdout,95,1,314.36,313.36151103610416,1.2011085707851374,309.91972335122176,316.80329872098656,139.42,138.6242542258533,299.3006089000733,-331.0307733248285,608.2792817765351,5.84,2.9429651282907323,1.8801779385218294,0.9899767145706531,4.895953542010812
1,1,holdout,96,3,310.35,311.190986897345,1.1828156396287313,309.1068109912963,313.2751628033937,94.55,105.9232761346027,205.72323645370457,-213.0140828585968,424.8606351278022,3.98,4.879449130767889,1.466917182097292,1.850760567589647,7.908137693946131
1,1,holdout,97,1,313.16,313.74527794641716,1.5215931354391292,309.3851387863638,318.1054171064705,15.39,-10.662986892938989,341.02093180264217,-545.7845013787381,524.4585275928602,0.53,2.2170760856356777,2.2034550402814963,-0.07170843611341127,4.505860607384767
1,1,holdout,98,2,306.83,306.635081579242,0.9497585148926044,305.67679258289985,307.5933705755842,1407.27,1451.212692222546,216.78337289828804,1272.2659182130217,1630.1594662320701,10.88,11.542622866061393,1.306987804498629,9.02481074729629,14.060434984826497
1,1,holdout,99,1,309.81,310.0595697759174,1.0752746447366004,306.97836036642866,313.14077918540613,533.37,663.5719056045588,291.7523708262723,205.7613843966413,1121.3824268124763,7.02,5.345188880118707,1.6552777035421935,3.6258100328971405,7.064567727340274
1,1,cross_fitted,0,3,312.33,312.90255036156606,1.080320012971073,311.0344934975388,314.7706072255933,84.06,82.9420908544954,116.81726195390951,-120.46746465537217,286.351646364363,0.31,2.042202949568817,1.6586452691543174,-0.9888783257783351,5.0732842249159695
1,1,cross_fitted,1,4,311.68,310.3519209816576,1.698121232122253,307.72479299565725,312.97904896765795,204.84,289.5776835815415,363.422846849916,-44.30992802240286,623.465295185486,9.2,6.753391274592925,1.6490730306111503,4.2009724516041524,9.305810097581698
1,1,cross_fitted,2,1,301.44,304.9792745321627,1.181086043226023,302.8115564546564,307.14699260966904,220.66,544.1196704467064,342.16134414638225,2.063316608610535,1086.1760242848022,4.44,8.485462275349608,1.936679825362634,5.175551072496825,11.795373478202391
1,1,cross_fitted,3,2,314.31,313.1644358795536,2.072425183660469,310.24906704675954,316.07980471234765,12.81,159.60339854535027,415.01830025904445,-259.6804010180488,578.8871981087493,2.87,3.095579001918746,3.180814932531432,-1.9217649617912933,8.112922965628785
1,1,cross_fitted,4,2,306.89,305.6384359976845,1.9206349962301745,302.93659689085945,308.34027510450954,422.12,429.8379888358803,365.44061290313135,60.641429076554175,799.0345485952064,12.1,9.61114398431856,2.8747780568153467,5.076535515636132,14.145752453000988
1,1,cross_fitted,5,4,307.84,307.66208343286513,1.3356822648620021,305.59567722343456,309.7284896422957,2201.12,1624.9912643271991,492.0188863542258,1172.9585639816212,2077.0239646727773,5.77,5.265048277278974,1.7471459367569377,2.5608331863111244,7.969263368246824
1,1,cross_fitted,6,4,314.22,312.65266585447506,1.8859780958218613,309.7349084277423,315.5704232812078,87.66,165.63904660776694,376.6284965996237,-180.38099666035674,511.65908987589063,3.45,2.5773661862367985,2.0195872317893557,-0.5485308294802969,5.703263201953893
1,1,cross_fitted,7,3,301.14,303.9048201037997,1.3434710245874133,301.5817304276211,306.2279097799783,965.47,1406.542241057688,374.976368292889,753.6098308522944,2059.474651263082,6.46,8.250002687895131,3.170058123131005,2.456899124718146,14.043106251072118
1,1,cross_fitted,8,3,306.32,305.64969349670724,1.1250065864963577,303.70436595417596,307.59502103923853,331.97,444.81520746165376,183.02387220163197,126.122542785799,763.5078721375085,10.22,6.995735793691111,1.9445183693809445,3.442237448620444,10.549234138761777
1,1,cross_fitted,9,4,304.34,305.76825334070736,2.187281425126744,302.38435580941757,309.15215087199715,421.99,491.8068853360774,452.30359282378015,76.2618318623712,907.3519388097836,3.37,8.647186927313749,2.799750916724196,4.313760325292045,12.980613529335454
1,1,cross_fitted,10,0,303.31,302.5715540805238,1.6156956853427453,299.6312941658244,305.51181399522324,1035.72,441.4261411733757,239.1006364986028,172.136113104863,710.7161692418883,5.86,6.760442005908316,1.7411540210450602,3.7301416076716283,9.790742404145004
1,1,cross_fitted,11,4,308.31,308.38638507181304,1.608436841537545,305.8980059383419,310.8747642052842,374.66,513.4594698310746,377.7333614403578,166.42435366366715,860.494585998482,8.57,8.171443932467483,1.88951681321833,5.246868615979,11.096019248955965
1,1,cross_fitted,12,4,307.47,306.9456062227535,1.2645131092386428,304.98930433151963,308.90190811398736,850.87,883.4961641045089,288.157821505778,618.7568181291222,1148.2355100798957,10.63,11.21625420891004,1.8216443952536345,8.39673114538979,14.035777272430291
1,1,cross_fitted,13,3,306.43,307.48472759675286,0.9522087321788687,305.83819690512803,309.1312582883777,2256.33,1171.2114495132316,166.9901708811938,880.4376728871165,1461.9852261393467,4.77,7.698464973545079,1.4937192123283374,4.9687768242380415,10.428153122852116
1,1,cross_fitted,14,3,313.31,313.4749023793349,1.089183256218332,311.59151946174313,315.3582852969266,0.85,13.131497099216062,282.9699487558215,-479.59355514333356,505.8565493417657,0.42,2.019777531562891,2.5674643004607667,-2.6721195913323257,6.711674654458108
1,1,cross_fitted,15,2,311.83,314.27609320270386,1.2792450159741107,312.4765247172009,316.0756616882068,194.23,184.00006755756976,251.145910041624,-69.72708457363296,437.7272196887725,3.51,5.761907210957619,2.65931436113158,1.5671661963295689,9.95664822558567
1,1,cross_fitted,16,4,307.32,306.74480201237,0.7758612432807239,305.5444832442403,307.9451207804996,1604.24,1563.622657126349,138.30712915297468,1436.5556952637237,1690.6896189889742,11.92,10.779001278017105,0.9347505844896948,9.332203627238083,12.225798928796127
1,1,cross_fitted,17,0,311.08,311.38370133146555,0.9549144633482247,309.6459379989145,313.12146466401657,560.59,468.1936087317732,248.14730756549352,188.7146562789298,747.6725611846166,3.19,2.8639347105357884,1.767426222607352,-0.21208976603888718,5.939959187110464
1,1,cross_fitted,18,4,311.14,309.88893952338583,1.8313218287430133,307.0557396689494,312.72213937782226,68.07,42.83501420416201,404.3285173923894,-328.63387980089846,414.30390820922247,5.46,4.902913593827296,2.2961063085028908,1.349023103462486,8.456804084192106
1,1,cross_fitted,19,1,312.39,312.02885222805395,1.3359226501617962,309.5769532360076,314.4807512201003,59.84,8.360701042999153,291.25021442792,-453.0415934833539,469.7629955693522,5.02,4.9066442603893154,1.9301676018150244,1.6078628691829557,8.205425651595675
1,1,cross_fitted,20,4,308.85,309.8957671271309,1.6300548507401895,307.37394322192995,312.41759103233187,484.91,288.75687562378266,411.678207233169,-89.46440175023287,666.9781529977981,7.06,7.213299084878747,1.6771956553898597,4.617352343171646,9.809245826585848
1,1,cross_fitted,21,2,311.28,310.77637255791734,1.0329273724813959,309.32330959959467,312.22943551624,410.23,622.2506100795943,226.46218224261438,393.4608816053666,851.0403385538219,5.16,5.9670661267772465,1.7990974903650485,3.129211323880833,8.80492092967366
1,1,cross_fitted,22,3,312.03,313.0957880034919,1.1349646597780518,311.1332412602396,315.05833474674426,122.49,159.51682358678818,185.34924962353807,-163.22493434695537,482.2585815205317,3.07,5.536655517094608,2.025016370871101,1.8360515855810453,9.237259448608171
1,1,cross_fitted,23,1,307.93,307.77668918099045,1.3274572817452013,305.3403271875012,310.2130511744797,117.49,181.42658349125054,325.28802508551234,-333.8988436546441,696.7520106371452,6.42,7.764571691268788,1.9442395563359989,4.441740418762979,11.087402963774597
1,1,cross_fitted,24,2,306.65,307.0210664927283,1.027565605983766,305.5755461598568,308.46658682559985,1388.31,1378.006735080759,286.02746109831685,1089.039524251937,1666.9739459095808,11.47,12.37053609993608,1.3899553063497783,10.17805272254239,14.563019477329771
1,1,cross_fitted,25,4,308.18,308.9512060378401,1.1702204133215584,307.14078241232323,310.761629663357,1252.74,1077.8017356322136,300.89419254457226,801.3610986028805,1354.2423726615468,7.11,7.59514363937427,1.3937709969085172,5.437878763041466,9.752408515707074
1,1,cross_fitted,26,2,310.29,309.6209923427713,1.5429885892354809,307.4504045319879,311.79158015355466,785.56,776.4172996621512,349.5153873717973,423.3096426464247,1129.5249566778778,5.06,5.029530029854879,2.1074846609538866,1.7052324311155367,8.353827628594221
1,1,cross_fitted,27,1,303.33,304.2834742794096,1.2518157082180925,301.9859418041304,306.58100675468876,1918.36,1943.3470826559785,353.1081356371263,1383.9486824902879,2502.745482821669,8.91,7.133188805897091,2.022991452245559,3.6757654448574217,10.59061216693676
1,1,cross_fitted,28,4,302.73,304.7044077933668,3.091954219115792,299.9209098270177,309.4879057597159,2026.87,1125.8762347461502,599.0990948551829,575.4656933365461,1676.2867761557543,13.02,5.897631471575708,2.755013497331539,1.633449002003034,10.161813941148381
1,1,cross_fitted,29,4,310.24,310.21118641314337,1.317549414772091,308.17283315837585,312.2495396679109,305.92,454.4727679478283,318.32039682595894,162.0221475691613,746.9233883264953,5.99,5.904813178585327,1.5055003908898001,3.574614658329387,8.235011698841266
1,1,cross_fitted,30,3,305.2,305.33690881978157,1.1009230024863839,303.433225886144,307.24059175341915,2372.98,2084.293275715032,264.5640612790169,1623.6177110892922,2544.9688403407717,10.28,8.550773888776176,1.8950561035852744,5.087665062475812,12.013882715076539
1,1,cross_fitted,31,0,307.79,305.8285953356989,1.600961698909556,302.91514848368587,308.7420421877119,1236.45,1368.9786785541496,255.7257465125056,1080.964416172224,1656.9929409360752,12.82,10.658172525101776,1.7838611967507272,7.553544657850733,13.762800392352819
1,1,cross_fitted,32,0,309.58,309.30856624997443,0.8789497272608628,307.7090443390442,310.90808816090464,717.28,586.818165968907,214.26317701027503,345.5016316589582,828.1347002788558,6.31,5.956622631130632,1.682013397053119,3.029250436986526,8.883994825274737
1,1,cross_fitted,33,0,311.54,310.9915905408295,1.0518436919454588,309.07743438381743,312.9057466978416,686.14,602.4579796332375,240.0000448862816,332.15498182315537,872.7609774433197,4.98,2.9656904406690123,1.7446664617193883,-0.07072300112703278,6.002103882465057
1,1,cross_fitted,34,1,308.55,309.52059451161665,1.1824774082294374,307.35032277844095,311.69086624479235,367.47,514.4693250223272,230.54162298028098,149.24235330706142,879.696296737593,5.43,4.745981775419148,1.5715382449703514,2.0601211728464004,7.431842377991895
1,1,cross_fitted,35,1,306.8,306.83292028944413,1.0494976879588591,304.90671421535023,308.75912636353803,554.95,648.4670766997897,267.58009143322516,224.56329211591117,1072.370861283668,12.78,11.09936749790902,1.5245938403534853,8.493737922023156,13.704997073794884
1,1,cross_fitted,36,0,307.12,307.23470988324453,0.6956742747179411,305.96871455863186,308.5007052078572,2075.38,1875.798741207104,317.19589263629103,1518.5529718854364,2233.0445105287718,5.9,7.183975265502687,1.424828158431552,4.704207660955863,9.66374287004951
1,1,cross_fitted,37,4,309.05,309.382142810838,1.2899985618132195,307.3864129067932,311.37787271488276,1337.07,1025.7913454680865,317.6423201989647,733.9636946892506,1317.6189962469225,4.68,4.670766749364889,1.5777702271387117,2.228709695889425,7.112823802840353
1,1,cross_fitted,38,1,307.56,307.5004752477997,1.4212408118569153,304.8919867147061,310.10896378089336,316.18,342.5288139361246,251.1978891783036,-55.42207744675579,740.479705319005,8.14,5.8797492930053545,1.8932980658977718,2.643980325627826,9.115518260382883
1,1,cross_fitted,39,0,312.34,311.96732450612745,1.5824252420468439,309.08761049227724,314.8470385199777,106.38,212.53051005445195,274.7524952486176,-96.91286174446208,521.973881853366,5.13,3.8799196785996037,1.9798966937637714,0.43411208945893653,7.325727267740271
1,1,cross_fitted,40,1,309.58,308.76894145796683,1.31213937679413,306.3606933344724,311.1771895814613,435.02,464.48886679094824,235.58486568423325,91.27232583183638,837.7054077500601,7.83,8.834671327141576,1.6001123763313694,6.099975684173904,11.569366970109249
1,1,cross_fitted,41,2,307.48,307.6855387024218,0.776613329440808,306.5930436325708,308.7780337722728,1296.42,992.7222643187264,196.17177957205422,794.5342589831906,1190.9102696542623,8.74,8.786603921746087,0.8811917627394742,7.396632400160803,10.176575443331371
1,1,cross_fitted,42,3,304.47,305.2407005705823,1.1200056318628762,303.304020528345,307.1773806128196,451.73,692.3829557502918,215.26455861650845,317.550782381188,1067.2151291193954,7.37,7.307872195239603,2.417417926985619,2.890176410950171,11.725567979529036
1,1,cross_fitted,43,2,311.63,311.41990760684797,1.8882969154164373,308.76355985655533,314.0762553571406,91.86,182.468533831095,406.5029130497279,-228.21235857942128,593.1494262416113,2.46,3.5342989802024083,2.7801786864096947,-0.8510906278599735,7.9196885882647905
1,1,cross_fitted,44,0,312.52,312.31664814842213,1.012853852643463,310.47344610895846,314.1598501878858,220.1,366.84923086936436,269.32245238934775,63.521511522904405,670.1769502158243,1.31,1.6570815935643024,1.5925805182917003,-1.1146418269213316,4.428805014049937
1,1,cross_fitted,45,2,312.59,312.49029334511266,1.4080256557787505,310.5095636449546,314.4710230452707,188.63,209.75039953502397,319.00521027731594,-112.53350110769048,532.0343001777385,1.23,1.8353712384973786,2.193004851799159,-1.6238239328496764,5.294566409844434
1,1,cross_fitted,46,1,306.36,306.8283301413295,1.205094226965669,304.61654840377145,309.04011187888756,947.21,822.7159937494986,279.5084707671292,379.91511889066624,1265.516868608331,7.22,8.248626013162111,1.6849337017331856,5.36896523372139,11.128286792602832
1,1,cross_fitted,47,3,302.67,306.37410386418276,1.0943857405914206,304.4817249671345,308.26648276123103,1366.98,1358.8983603598117,205.0625541013037,1001.8305581892575,1715.9661625303659,10.28,10.807155674852421,2.169715848693073,6.84212155688777,14.772189792817072
1,1,cross_fitted,48,1,312.73,312.28682813310263,1.0967805589916098,310.27384096894167,314.2998152972636,46.91,35.32161507499984,269.87645114034285,-392.22009176759065,462.8633219175903,1.25,1.3012977916266353,1.484698467308549,-1.2361480088854648,3.8387435921387354
1,1,cross_fitted,49,2,310.89,309.56400504815775,1.9459135162207521,306.82660556988924,312.30140452642627,93.48,315.79816032945075,446.18412397035274,-134.97178086684528,766.5681015257468,4.63,5.359193415563221,2.6452769423245175,1.1865947009468325,9.531792130179609
1,1,cross_fitted,50,4,307.08,306.46437896124087,2.690839944548721,302.3014365337813,310.6273213887004,130.32,467.0407562972549,483.80478543887705,22.55460003901709,911.5269125554928,7.26,6.789348803727071,2.699255703453323,2.611467692542596,10.967229914911545
1,1,cross_fitted,51,0,306.76,307.1743621364744,0.7133982643778595,305.8761125100162,308.47261176293256,1543.82,1658.663807155593,221.004066731196,1409.7552630177483,1907.5723512934378,10.96,10.57543637892581,1.4956204878389516,7.972461969350568,13.17841078850105
1,1,cross_fitted,52,0,310.33,310.52493414479824,1.1885705616874351,308.3619609995305,312.687907290066,570.52,654.7924541732785,263.2172176859632,358.3408303852212,951.244077961336,5.7,5.938277119649732,1.8687272807685804,2.685948517663153,9.190605721636311
1,1,cross_fitted,53,2,312.69,312.44562801837384,1.8493908385666291,309.84401110456616,315.0472449321815,95.36,143.046080585313,379.91800677866854,-240.77666965313722,526.8688308237632,1.39,2.4489458610114268,2.583685035818599,-1.6264992037147037,6.524390925737557
1,1,cross_fitted,54,1,311.54,311.794527012439,1.1898365039557277,309.61074868934844,313.97830533552957,223.41,156.0192239529241,243.21073448377047,-229.27831536278876,541.316763268637,4.71,4.64491671238201,1.8472873817611106,1.4877829829413147,7.802050441822704
1,1,cross_fitted,55,2,308.42,303.96209356002765,2.123844393284777,300.974391133564,306.9497959864913,709.64,760.4174169030834,299.52606511490666,457.8128653176133,1063.0219684885537,12.53,9.506825483613357,1.9437436038592084,6.440809244164434,12.572841723062279
1,1,cross_fitted,56,0,308.18,307.82379629863584,0.7433811693865907,306.470983467904,309.1766091293677,1523.36,1553.77592518626,346.28266362917947,1163.770822841474,1943.7810275310462,7.59,7.001446162100472,1.6136268226416448,4.19309380259957,9.809798521601374
1,1,cross_fitted,57,3,308.44,309.2638297823246,0.992317244854681,307.5479446572815,310.9797149073677,1059.82,1262.1282258327997,199.3759426024147,914.9623088631047,1609.2941428024947,5.32,5.90154078842011,1.5615487192287603,3.0478980165633534,8.755183560276867
1,1,cross_fitted,58,2,309.87,310.88234036578723,1.4573516201114647,308.8322217293255,312.93245900224895,261.82,237.77104686637205,297.66195201066483,-62.950232524415185,538.4923262571592,2.03,3.8696240165664246,2.1083718181188775,0.5439270366178506,7.195320996514999
1,1,cross_fitted,59,1,308.33,309.5014215021347,1.045000869190874,307.58346870932417,311.4193742949452,1098.75,1286.764181555914,265.3504655579418,866.3925986454722,1707.135764466356,2.44,4.435587177490243,1.5578034280800208,1.773200266179769,7.097974088800717
1,1,cross_fitted,60,3,306.45,305.91636011084046,1.1661986896956849,303.8998044227585,307.9329157989224,268.91,307.8596564084642,254.50220123970084,-135.29556538466136,751.0148782015898,8.27,5.509279666246817,2.2588046352036777,1.3814407836603895,9.637118548833245
1,1,cross_fitted,61,3,303.98,303.44178589289476,1.1757889895343083,301.4086469468647,305.47492483892484,704.72,1090.26493488892,275.4946717663833,610.5563045715367,1569.9735652063032,7.93,6.929389546399605,2.236652573807584,2.8420323145655866,11.016746778233625
1,1,cross_fitted,62,1,308.91,308.97235695213254,1.2191360821818413,306.7348033552181,311.209910549047,671.26,1004.3385291445215,297.06193548079574,533.7292321985785,1474.9478260904646,8.35,8.795315868303478,1.6027547902937709,6.0561041688032855,11.53452756780367
1,1,cross_fitted,63,3,309.65,310.4501588348409,0.9731776321918253,308.76736935218196,312.1329483174999,616.92,608.0673217769172,159.46682194786504,330.3936729647704,885.740970589064,2.11,3.6890571604016347,1.6966681177848668,0.5884912600640049,6.789623060739265
1,1,cross_fitted,64,4,311.97,311.2467556431728,1.4006469208754202,309.079843967651,313.41366731869454,177.02,235.73826872012762,285.51016131066854,-26.56859138777321,498.04512882802845,2.3,2.779449873851368,1.7222007704231332,0.11384466304715923,5.445055084655577
1,1,cross_fitted,65,0,306.98,307.6421216191849,0.8597183594828051,306.0775971525727,309.20664608579705,2215.59,1702.022989857121,316.48248364816396,1345.5807061691614,2058.465273545081,6.68,7.582003683012157,1.6548880136255626,4.7018404429349125,10.462166923089402
1,1,cross_fitted,66,3,306.01,306.8288852866217,0.8662563023159241,305.33098095075945,308.32678962248394,1493.56,1355.9985851036495,179.8166144352102,1042.8905991453187,1669.1065710619803,12.0,12.304236070729555,1.2515719078642753,10.017058549877166,14.591413591581944
1,1,cross_fitted,67,1,311.22,312.0885041093444,1.0714435724722207,310.12201943670186,314.05498878198694,462.07,507.9764834591143,262.6512752401353,91.8809921850185,924.0719747332101,3.64,4.145193547039145,1.8459955016823157,0.9902677242898648,7.300119369788426
1,1,cross_fitted,68,3,304.88,308.6296144494472,1.0561266357388617,306.8033920454503,310.4558368534441,395.97,396.2976458939731,152.04473832782816,131.54779537033983,661.0474964176063,8.3,8.828985340039104,1.8762442494409086,5.400254122930983,12.257716557147225
1,1,cross_fitted,69,0,310.04,309.2767169249082,1.5230648139114975,306.50502763932155,312.0484062104949,990.55,1078.8808695245436,300.9688447304248,739.9110121788166,1417.8507268702706,2.36,3.1934466587273467,2.0744693667183305,-0.4169549899006588,6.803848307355352
1,1,cross_fitted,70,3,312.89,311.8009664132345,0.9090264845143841,310.2291051650942,313.3728276613748,164.97,362.9168362583897,144.66104519007555,111.02393610365056,614.8097364131288,0.86,3.634232488556679,1.4817180804606624,0.9264757351686916,6.341989241944667
1,1,cross_fitted,71,4,312.89,311.6039394436992,1.841619405159972,308.75480842328875,314.4530704641096,42.42,176.11451975164158,368.18547065246946,-162.14865904678732,514.3776985500705,0.86,2.148737116265143,2.224709400405406,-1.2946459503843673,5.592120182914654
1,1,cross_fitted,72,4,311.83,311.2118270178701,1.2872181098114874,309.22039869319985,313.2032553425404,492.81,402.34872949914,187.2102995668992,230.35293910827136,574.3445198900087,6.49,3.3911768434154594,0.9740430865179772,1.8835626490888517,4.898791037742067
1,1,cross_fitted,73,1,307.38,307.5853404873034,1.2376596535537763,305.3137894684795,309.85689150612734,663.32,732.702681096353,266.6865358498738,310.2144786340361,1155.1908835586698,9.56,9.504221616822997,1.7210823241027837,6.562780501478574,12.44566273216742
1,1,cross_fitted,74,2,313.21,312.13805659710755,2.072838572478765,309.22210623264414,315.05400696157096,15.08,166.8250314971388,446.7435011101327,-284.5100360379463,618.1600990322239,0.39,1.9900708584044784,2.802173078797233,-2.4300121959041645,6.410153912713121
1,1,cross_fitted,75,4,307.86,308.6912214588713,1.4575392396996494,306.4362928619754,310.94615005576725,946.9,1043.5445396986402,340.49744083943926,730.7191951597324,1356.369884237548,8.0,7.426296316238396,1.5816134236794483,4.9782908014098375,9.874301831066955
1,1,cross_fitted,76,4,307.58,308.2049493407628,1.193708847450844,306.3581872480734,310.0517114334522,1109.01,1226.0709908886754,285.5984797434927,963.6829899530807,1488.45899182427,8.19,8.237012933876663,1.1850003356501413,6.402881209073363,10.071144658679962
1,1,cross_fitted,77,2,312.31,312.05551436679997,1.4643477820601412,309.99555393114804,314.1154748024519,65.54,137.54424445358654,271.48504104855186,-136.73108139207545,411.81957029924854,2.01,2.2357004947603922,2.570138547719418,-1.8183766527069354,6.28977764222772
1,1,cross_fitted,78,0,312.73,312.9131954854158,1.0214473798439463,311.0543548552307,314.77203611560094,68.26,46.936774398977036,219.38756656655173,-200.15116657743542,294.0247153753895,1.34,2.0755731488063445,1.700129139785578,-0.8833276417473854,5.034473939360074
1,1,cross_fitted,79,4,306.53,307.18592603956483,1.479376228847044,304.8972138916279,309.47463818750174,466.58,737.0621932777378,469.1319087684137,306.05645463585154,1168.0679319196242,7.25,7.280685884821648,1.6738937034091153,4.6898498715248795,9.871521898118417
1,1,cross_fitted,80,0,315.92,312.31413345783074,1.150285810191699,310.22083130394356,314.4074356117179,84.11,132.63202168495087,260.8154237299904,-161.11455216559835,426.3785955355001,3.9,2.477679808085589,1.8164653723537554,-0.6836922903591622,5.63905190653034
1,1,cross_fitted,81,0,309.26,305.87465184861964,2.655301207095036,301.0425069270849,310.70679677015437,613.05,782.7310678604862,286.81871143976537,459.6979719003238,1105.7641638206485,8.86,8.962627017789524,2.4862596083264883,4.635546592871406,13.289707442707641
1,1,cross_fitted,82,0,310.16,308.39164050096923,0.8496347035499343,306.8454663769383,309.93781462500016,517.94,640.0329796120348,247.75239819673624,360.998798685334,919.0671605387355,7.35,6.873147104681062,1.5945257893754625,4.098038138937195,9.64825607042493
1,1,cross_fitted,83,2,304.65,304.5187627844733,2.038930645843754,301.6505121455661,307.38701342338055,2419.87,1609.8677684807603,432.692769548207,1172.7278439363636,2047.007693025157,12.79,10.750792008319547,2.4051757712142408,6.956923332105967,14.544660684533126
1,1,cross_fitted,84,0,315.33,313.3721632807805,1.2214791743531868,311.1493026978305,315.59502386373055,96.59,102.26532111238964,253.6381752585767,-183.39778850893333,387.9284307337126,6.91,3.391422212241514,1.8736434416174474,0.13053753537697776,6.65230688910605
1,1,cross_fitted,85,3,311.02,310.86761347373636,1.0752104295443412,309.00839194764416,312.72683499982855,146.83,135.9250413493196,224.2163695000906,-254.4945875240595,526.3446702226987,5.0,5.4149071787881295,1.908357911609869,1.9274900437846232,8.902324313791636
1,1,cross_fitted,86,2,309.61,309.69183530328064,1.4376893857702837,307.6693763698728,311.7142942366885,540.43,518.1376375764283,320.1601462025649,194.68693074061736,841.5883444122394,7.42,8.149452562011238,1.880632785169473,5.182985869428201,11.115919254594274
1,1,cross_fitted,87,2,311.04,312.1699818448823,1.3718182058678594,310.2401867076785,314.09977698208604,153.39,157.8601110539547,301.46352144458666,-146.70180976291886,462.4220318708283,1.96,1.9320451030009602,1.7492801024062954,-0.8272289034441083,4.691319109446029
1,1,cross_fitted,88,1,312.29,313.19697923795553,1.2072007251308066,310.9813313179301,315.412627157981,42.84,4.864769711298095,298.16576513592116,-467.4932282154889,477.2227676380851,3.51,3.016573822650784,1.9626466634438153,-0.3377163875846332,6.370864032886201
1,1,cross_fitted,89,3,311.14,311.10859017015474,1.084378609217606,309.2335153036045,312.98366503670496,504.12,587.4155138398254,198.8473614026645,241.16999566302877,933.661032016622,4.26,4.802403608763065,2.0684433659834016,1.0224392774235644,8.582367940102564
1,1,cross_fitted,90,3,308.79,307.4829762024299,0.9224568613456889,305.8878915507379,309.0780608541219,843.81,966.6760389317017,178.48118093355728,655.8933936845012,1277.458684178902,7.69,7.0286771647033985,1.3358402630757875,4.587503947281031,9.469850382125767
1,1,cross_fitted,91,2,302.53,304.68141141730314,2.179962384482745,301.6147654208677,307.7480574137386,2030.6,1891.6529750373563,724.6545632626505,1159.5505148179573,2623.7554352567554,2.36,7.944644806980394,3.2503980909790124,2.817541977250759,13.071747636710029
1,1,cross_fitted,92,0,312.07,311.0634854523198,0.8632411739552267,309.4925501310683,312.6344207735713,81.77,81.08789864883272,199.92948082285673,-144.0851343088812,306.26093160654665,5.71,4.2152311922940715,1.5586533383120367,1.5025545567342853,6.927907827853858
1,1,cross_fitted,93,0,306.81,306.5909598684464,0.9847613561467045,304.7988808480652,308.3830388888276,673.45,1011.3587058405969,242.86024508094164,737.834372437349,1284.883039243845,7.15,6.78670213945207,1.9569717459827445,3.380793075973541,10.1926112029306
1,1,cross_fitted,94,1,309.96,309.97129879336717,1.2078617719305769,307.7544376144889,312.18815997224544,659.22,505.0653784830554,293.2764863163119,40.45303825605055,969.6777187100602,4.79,4.811351006798374,1.6573192070622973,1.978885186521942,7.643816827074805
1,1,cross_fitted,95,1,314.36,313.99343068506533,1.213946740487429,311.7654013983109,316.22145997181974,139.42,140.33520252028495,274.90921701054714,-295.17947603285813,575.849881073428,5.84,3.2427605418847714,1.7800937183627876,0.20046513333234417,6.285055950437199
1,1,cross_fitted,96,3,310.35,311.0394254045076,0.9628569154930254,309.37448219465614,312.70436861435905,94.55,95.89971289154937,107.04692444616373,-90.49711713245568,282.2965429155544,3.98,5.373159924779163,1.3565142301862203,2.8942061910758636,7.8521136584824625
1,1,cross_fitted,97,1,313.16,313.388962280982,1.14453698814356,311.28832487712555,315.4895996848385,15.39,1.6789592232721589,300.82615683614017,-474.8936650763435,478.2515835228878,0.53,1.461648854671898,1.6888989861323047,-1.4247888525207726,4.3480865618645685
1,1,cross_fitted,98,2,306.83,306.8037216037666,0.7249982415004799,305.78383567796067,307.8236075295725,1407.27,1474.0378032800404,215.26741857571218,1256.557896667989,1691.5177098920917,10.88,11.807950458523738,0.9918130872941211,10.243487416122386,13.37241350092509
1,1,cross_fitted,99,1,309.81,310.14427419355826,1.1057041006443187,308.1149091180107,312.1736392691058,533.37,674.1437521045576,273.0075794181574,241.64167201493723,1106.645832194178,7.02,5.33530177092533,1.5284143893461224,2.723142629467413,7.947460912383248
2,2,uncalibrated,0,0,312.33,313.05673501165256,1.1664559724344823,311.1380856747145,314.97538434859064,84.06,88.18399988583161,176.87725636879497,-202.7531967776061,379.1211965492693,0.31,2.8278075887676564,1.3370826348424654,0.6285023673131973,5.027112810222116
2,2,uncalibrated,1,1,311.68,309.58596529562794,1.8455800969506602,306.5502561793292,312.6216744119267,204.84,238.21869359315485,244.8671877159947,-164.55198824290585,640.9893754292156,9.2,6.679501793372924,1.6651189813969178,3.9406247975164637,9.418378789229385
2,2,uncalibrated,2,0,301.44,305.03118996092246,1.3583376810026153,302.79692329970044,307.2654566221445,220.66,514.3643915916057,270.91468533379935,68.74938882588918,959.9793943573222,4.44,8.250593890803717,1.5843285272839691,5.644605366417997,10.856582415189438
2,2,uncalibrated,3,0,314.31,314.558906854222,1.5007305438772052,312.09042477604874,317.0273889323953,12.81,3.4577365628773578,202.14255079218321,-329.03717126886727,335.952644394622,2.87,4.029991173566465,1.7648071136780352,1.1271417917633908,6.932840555369539
2,2,uncalibrated,4,4,306.89,304.7810237309507,1.8897960189613616,301.6725858949637,307.88946156693777,422.12,353.72703451606037,307.6225254593573,-152.26699221773487,859.7210612498557,12.1,8.954292569923409,2.5618397697511086,4.740441132979775,13.168144006867042
2,2,uncalibrated,5,1,307.84,308.210337537132,1.3342184910084023,306.0157434130511,310.40493166121286,2201.12,1538.0132307875658,259.509028953833,1111.158863286199,1964.8675982889326,5.77,6.705943673419152,1.607970824000227,4.061067031530232,9.350820315308072
2,2,uncalibrated,6,1,314.22,312.69774493474216,1.8970370613846745,309.57739664386224,315.8180932256221,87.66,100.21031614614992,247.44233714196264,-306.79610956315616,507.216741855456,3.45,2.6601120580824875,2.1383242053546185,-0.8571182666931798,6.177342382858155
2,2,uncalibrated,7,4,301.14,305.40513594321993,2.422671405424421,301.42019609509595,309.3900757913439,965.47,1377.6956398194493,579.7473786218422,424.09606137770413,2331.2952182611943,6.46,9.009791163772688,3.5613446664941817,3.1519004722654547,14.86768185527992
2,2,uncalibrated,8,2,306.32,305.62963977769937,1.2318457085828922,303.6034338960922,307.6558456593065,331.97,395.01332115389533,282.25373807210354,-69.25276363461484,859.2794059424054,10.22,6.820047078247769,1.6770059636839374,4.061617736462997,9.57847642003254
2,2,uncalibrated,9,2,304.34,303.7463314753046,1.4761895290256262,301.318215774419,306.1744471761902,421.99,559.1737766714057,274.21207422626674,108.13505182644474,1010.2125015163666,3.37,5.8440351659402054,2.960043144697817,0.9751974634511615,10.71287286842925
2,2,uncalibrated,10,1,303.31,303.9658180252372,2.2174663484566093,300.3184104593355,307.61322559113887,1035.72,439.35005183771887,243.13098416214348,39.43517071433638,839.2649329611013,5.86,6.881466141967732,1.6697338754261297,4.134998320929326,9.62793396300614
2,2,uncalibrated,11,1,308.31,308.42850045476985,1.4170868199473037,306.0976000592744,310.7594008502653,374.66,423.725763786225,247.03154047196492,17.3950384695043,830.0564891029458,8.57,8.465035150041524,1.441325319086619,6.094265971324912,10.835804328758137
2,2,uncalibrated,12,2,307.47,306.88160546513836,1.0567960171984099,305.1433307033017,308.61988022697506,850.87,852.7081397624338,252.020574815717,438.17118321040704,1267.2450963144606,10.63,10.445700350773311,1.5071455798272118,7.9666664774506435,12.924734224095978
2,2,uncalibrated,13,0,306.43,307.8715470690288,0.9556229614908375,306.2996871748225,309.4434069632351,2256.33,1240.3901255411238,215.75891583297062,885.4982902861448,1595.2819607961028,4.77,7.190770019458969,1.1586655725065707,5.284934750097733,9.096605288820205
2,2,uncalibrated,14,0,313.31,313.4249256004158,1.2601954575619312,311.3520885313773,315.4977626694543,0.85,-52.482719773592635,271.9106599276855,-499.7359549624143,394.77051541522906,0.42,1.1012632295965403,1.6588300573007166,-1.6272694066506608,3.8297958658437414
2,2,uncalibrated,15,4,311.83,314.51759779336686,1.258120038135473,312.4481744854994,316.5870211012343,194.23,27.23446349837093,257.04898409193066,-395.57349028943236,450.0424172861742,3.51,4.878487426131647,2.0824345292695368,1.453187437773669,8.303787414489625
2,2,uncalibrated,16,0,307.32,306.67825447107197,0.7469812159340258,305.4495797087783,307.90692923336564,1604.24,1581.2060723698728,152.3430504856711,1330.6240532376655,1831.78809150208,11.92,10.914831298537372,0.9051935328432782,9.42592043294709,12.403742164127655
2,2,uncalibrated,17,2,311.08,311.48489283201263,1.1951000112174277,309.51912824399193,313.45065742003334,560.59,482.06532537899034,294.9157621898396,-3.027935704124957,967.1585864621056,3.19,3.2810997505492216,1.707641850904699,0.47227885855450324,6.08992064254394
2,2,uncalibrated,18,1,311.14,310.15881591403456,1.461280198423568,307.7552238796652,312.5624079484039,68.07,56.79726829274978,231.6354197579285,-324.20909202650546,437.803628612005,5.46,6.097720101397557,1.6351104387624313,3.4082027657329594,8.787237437062155
2,2,uncalibrated,19,2,312.39,311.9949392293475,1.2564401214050946,309.92827913860697,314.061599320088,59.84,15.908923848799304,278.1277685579639,-441.5705450196871,473.3883927172857,5.02,4.65409611329975,2.014102166466079,1.3411928597372036,7.9669993668622965
2,2,uncalibrated,20,4,308.85,309.8683806325126,1.314564556049144,307.7061143546333,312.03064691039185,484.91,547.5157509941624,359.75156442527214,-44.22291455221239,1139.2544165405372,7.06,7.956015985179107,2.1345183959957432,4.445045659730871,11.466986310627343
2,2,uncalibrated,21,0,311.28,310.184257646349,0.9884151481739867,308.55845940494123,311.8100558877568,410.23,644.6748111474479,183.144602737884,343.42874707745307,945.9208752174428,5.16,4.676848014652165,1.3636452524397908,2.4338511753014203,6.9198448540029105
2,2,uncalibrated,22,4,312.03,313.5734703702472,2.0135185081718983,310.26152714914673,316.8854135913477,122.49,190.2613346209277,400.51193404561377,-468.5221727313487,849.044841973204,3.07,4.623182033095362,2.7542230654505113,0.09288823445568806,9.153475831735037
2,2,uncalibrated,23,0,307.93,307.71682402194455,1.1632755329355857,305.80340604245157,309.6302420014375,117.49,177.83441861636805,251.16386024294556,-235.29336786337348,590.9622050961095,6.42,8.458734811181499,1.5284692646870517,5.9446265974771535,10.972843024885844
2,2,uncalibrated,24,0,306.65,306.8440782918556,0.9619607375115092,305.2617936837749,308.42636289993635,1388.31,1406.6269803373543,172.94841429941812,1122.1521538014508,1691.1018068732578,11.47,11.139379885556094,1.3274388699844326,8.955937245705837,13.322822525406352
2,2,uncalibrated,25,1,308.18,308.4220758117337,0.8334105201011098,307.05123749500586,309.7929141284615,1252.74,1156.7531426572893,240.64987774584824,760.9193184216026,1552.586966892976,7.11,7.178711284944054,1.393287887190751,4.886956650310795,9.470465919577313
2,2,uncalibrated,26,2,310.29,310.3953985961255,1.3361554551407335,308.1976184495663,312.59317874268476,785.56,958.6159857084918,259.2416497704243,532.2014178267264,1385.0305535902573,5.06,4.8629489611900585,1.847731138646681,1.8237016961558927,7.902196226224224
2,2,uncalibrated,27,0,303.33,304.55085210139146,1.4838066418578606,302.11020736483687,306.99149683794604,1918.36,1582.7203556211466,275.36047390428394,1129.7926814006091,2035.648029841684,8.91,6.626270588898426,1.8903497984953783,3.5169218666363196,9.735619311160532
2,2,uncalibrated,28,0,302.73,302.42646741123394,2.4355113552307417,298.42040772510114,306.43252709736674,2026.87,1506.3151076047648,284.08468271770136,1039.0373868751958,1973.5928283343337,13.02,5.096222976860872,2.3035341577478783,1.3072464626826714,8.885199491039073
2,2,uncalibrated,29,0,310.24,310.1530673461508,1.0669366726581313,308.39811269040155,311.90802200190006,305.92,397.2872749469234,184.46185154428147,93.8745294001281,700.7000204937187,5.99,5.8690541635572355,1.3364867287538065,3.6707291203940295,8.067379206720442
2,2,uncalibrated,30,0,305.2,305.862676286024,1.269142202920751,303.77512313043263,307.95022944161536,2372.98,1741.4716784354791,259.74037829780974,1314.2367751265795,2168.7065817443786,10.28,8.572204845108276,1.5704528573998053,5.989039766657903,11.155369923558649
2,2,uncalibrated,31,4,307.79,307.6066456176565,0.8777339157418617,306.1629018028502,309.05038943246285,1236.45,1260.3281675941066,237.4976027117806,869.6793743813547,1650.9769608068586,12.82,11.1351746028309,0.9953071062135941,9.498040099244896,12.772309106416905
2,2,uncalibrated,32,2,309.58,309.57763056283477,1.1289179334274806,307.720725805506,311.43453532016355,717.28,527.3095015086626,212.90300427454795,177.11522273880774,877.5037802785175,6.31,6.080296604029233,1.56895398112789,3.499596957651073,8.660996250407393
2,2,uncalibrated,33,3,311.54,311.1270626526299,0.9134837720446641,309.6245155570209,312.62960974823886,686.14,633.316679504225,284.8565132824534,164.76941047083147,1101.8639485376186,4.98,3.7723563859163995,1.7274819332520213,0.9309014625136727,6.613811309319127
2,2,uncalibrated,34,4,308.55,309.2383187391633,1.5989270681921657,306.6083177518165,311.86831972651004,367.47,457.4122162618279,319.6974854315557,-68.44335217753178,983.2677847011876,5.43,4.9724090402928205,1.8727099330163959,1.8920753147427543,8.052742765842886
2,2,uncalibrated,35,1,306.8,307.189733545128,1.602622544630265,304.5536540399587,309.82581305029726,554.95,586.9863121132912,214.69004637442177,233.85261066394395,940.1200135626384,12.78,11.392396300563194,1.4475611092504845,9.01137015977864,13.773422441347748
2,2,uncalibrated,36,1,307.12,307.87127737658074,1.1324325443921088,306.0085915986595,309.73396315450196,2075.38,1660.653470307654,259.8843831872124,1233.1817000341216,2088.1252405811865,5.9,7.311787982006633,1.5578674542525128,4.749324049569732,9.874251914443533
2,2,uncalibrated,37,4,309.05,308.9460268502802,0.9836542288489816,307.32805962429177,310.5639940762686,1337.07,1329.3414147717647,314.8630538817089,811.4377786014193,1847.24505094211,4.68,4.503875788689054,1.552745114742401,1.9498373549738375,7.057914222404271
2,2,uncalibrated,38,3,307.56,307.91740266355214,1.3834127070521542,305.64189125478663,310.19291407231765,316.18,433.5814507024646,340.4014486721589,-126.32910676547112,993.4920081704004,8.14,6.387804994307456,1.899459975473951,3.2634713643999747,9.512138624214938
2,2,uncalibrated,39,4,312.34,312.30754629292676,2.018937326081559,308.9866899095338,315.6284026763197,106.38,290.6464923105368,453.51309988682056,-455.316174908305,1036.6091595293788,5.13,4.926167353025198,2.909782219332368,0.14000151591744991,9.712333190132945
2,2,uncalibrated,40,4,309.58,308.50302961556224,1.5002793923607012,306.0352896155972,310.9707696155273,435.02,396.0058369781539,217.84820397054241,37.67742855234326,754.3342454039646,7.83,8.657174519542647,1.3612516913869739,6.418114737770957,10.896234301314337
2,2,uncalibrated,41,2,307.48,307.3785781306582,0.9367354942259036,305.8377853554865,308.91937090582985,1296.42,947.3414426347179,214.78607322602412,594.0497910702277,1300.633094199208,8.74,8.579498459174406,1.2968475401067066,6.446374079226796,10.712622839122016
2,2,uncalibrated,42,3,304.47,304.57637388105434,1.3826142951293139,302.30217574303595,306.85057201907273,451.73,682.3908041185407,378.93463608183237,59.09879358180274,1305.6828146552787,7.37,8.034718079122829,2.0904127552453464,4.596295076831902,11.473141081413756
2,2,uncalibrated,43,4,311.63,311.7096719229935,1.6979309871236135,308.91682398050995,314.50251986547704,91.86,149.2997253430715,359.6724974162385,-442.3088865467222,740.9083372328652,2.46,2.146017811071074,2.27504783085226,-1.5961028649943443,5.888138487136493
2,2,uncalibrated,44,1,312.52,312.20650862845156,1.4452261985522328,309.8293230739976,314.5836941829055,220.1,414.90347696901483,272.08137134857697,-32.6305535196222,862.4375074576519,1.31,1.933992198181886,1.639912704052336,-0.7634241609623942,4.631408557326166
2,2,uncalibrated,45,2,312.59,312.84926832687034,1.0541708880341396,311.11531151826074,314.58322513547995,188.63,228.75222952329318,276.2150148166975,-225.5810394164061,683.0854984629925,1.23,1.7577642384296803,1.573484867362159,-0.830388052604222,4.345916529463583
2,2,uncalibrated,46,3,306.36,306.4762213771111,1.0745534411628408,304.7087382520612,308.24370450216094,947.21,1029.7492886241187,375.30641934673315,412.4251635434747,1647.0734137047625,7.22,8.119371225956407,1.8761590522288465,5.033364204159954,11.20537824775286
2,2,uncalibrated,47,4,302.67,306.7344666196702,1.7701418110987546,303.8228424414659,309.6460907978744,1366.98,1384.4827594359663,347.58907236890974,812.7496130612676,1956.215905810665,10.28,11.825448000120275,1.9339272802115601,8.644420699003895,15.006475301236655
2,2,uncalibrated,48,1,312.73,312.26127663864185,1.2772373314986865,310.1604081814484,314.3621450958353,46.91,44.15695208531827,233.67747475739836,-340.20828980624935,428.5221939768859,1.25,1.5117448574433467,1.6213859840957692,-1.1551977591848601,4.178687474071554
2,2,uncalibrated,49,4,310.89,310.2475630161533,2.0521749895718617,306.87203554141695,313.6230904908897,93.48,239.0269995342088,437.5289689990837,-480.6441120202719,958.6981110886895,4.63,4.583446301205134,2.699277539615684,0.1435298500196316,9.023362752390636
2,2,uncalibrated,50,3,307.08,305.74965679338317,1.9965432907528025,302.4656353202228,309.0336782665435,130.32,325.8517239673381,397.18429112738124,-327.45829786168406,979.1617457963603,7.26,9.76702847690515,2.2838442520554745,6.010438975519432,13.523617978290869
2,2,uncalibrated,51,3,306.76,307.1404494886688,0.6992977274932632,305.9902070852826,308.29069189205507,1543.82,1799.3792200080247,207.50795481139656,1458.059007915217,2140.6994321008324,10.96,10.603441571559566,1.5186322199951094,8.105513856495245,13.101369286623887
2,2,uncalibrated,52,3,310.33,310.44430090245567,0.9499370082553742,308.8817935690514,312.0068082358599,570.52,646.7150552666362,272.5990595348625,198.32950348715758,1095.1006070461149,5.7,6.075944282216707,1.8132994130473057,3.0933321659168715,9.058556398516542
2,2,uncalibrated,53,2,312.69,312.9254205887122,1.1368163299740381,311.05552412517676,314.79531705224764,95.36,77.51207418638137,253.1327006766876,-338.85416662168944,493.8783149944522,1.39,1.8610896250862998,1.729215780214357,-0.9832172227810041,4.705396472953604
2,2,uncalibrated,54,2,311.54,311.7127274246265,1.141805405600921,309.834624661951,313.590830187302,223.41,151.78634751160496,226.1811338595589,-220.2485108652868,523.8212058884967,4.71,4.385133447129563,1.9200021133572138,1.2270110072194598,7.543255887039667
2,2,uncalibrated,55,2,308.42,305.4059553485672,1.4280450268078517,303.0570303067723,307.75488039036213,709.64,822.4408077027435,263.3581399281457,389.25521605473995,1255.626399350747,12.53,9.854137184003905,1.6953813831658462,7.0654829668375605,12.64279140117025
2,2,uncalibrated,56,0,308.18,307.89782893206154,0.8704835214756431,306.46601095456083,309.32964690956226,1523.36,1591.0781946549682,244.9165268112507,1188.2263572291251,1993.9300320808113,7.59,6.582694035171842,1.0427582861260198,4.867509286203759,8.297878784139927
2,2,uncalibrated,57,2,308.44,309.2560573872685,1.203084187104574,307.2771599985816,311.23495477595543,1059.82,1230.8522108527668,266.38729581011427,792.6841011657059,1669.0203205398277,5.32,5.798881598651286,1.6895335005875078,3.019846292353907,8.577916904948664
2,2,uncalibrated,58,3,309.87,310.80544000047865,0.8166264107486877,309.4622090868943,312.148670914063,261.82,247.63426589172002,197.32561228816033,-76.93748317088034,572.2060149543204,2.03,3.2131490339592563,1.6509167999704795,0.49763254773269594,5.928665520185817
2,2,uncalibrated,59,2,308.33,309.38984940195434,1.0190861735504377,307.7136018132138,311.06609699069486,1098.75,1312.8976009860048,262.56950443453474,881.0091992900099,1744.786002682,2.44,4.5422040873139675,1.578738642449651,1.9454101052722166,7.1389980693557185
2,2,uncalibrated,60,2,306.45,306.08188460633744,1.404993148740043,303.7708765297904,308.39289268288445,268.91,430.63910633746167,274.9115249243914,-21.55011252518341,882.8283252001067,8.27,6.222936206988052,2.289073736816798,2.457744968625584,9.988127445350521
2,2,uncalibrated,61,0,303.98,303.66521409792387,1.4843156462552627,301.2237321236401,306.1066960722076,704.72,803.3900420209264,198.06055866499815,477.60941374476954,1129.1706702970832,7.93,5.8465765053293515,1.7938679791042953,2.895926253627545,8.797226757031158
2,2,uncalibrated,62,1,308.91,309.02754843900567,1.539048662775083,306.49603866398525,311.5590582140261,671.26,904.9953986173737,271.0976611651215,459.07942739186245,1350.9113698428848,8.35,8.219322144688343,1.4594772640777531,5.8186956734168405,10.619948615959846
2,2,uncalibrated,63,4,309.65,310.7685447723374,1.3714297664810775,308.5127435468318,313.024345997843,616.92,539.4195143257305,313.19370695668977,24.26170949964296,1054.5773191518178,2.11,3.069923612810168,1.8608810534562346,0.009046662707405506,6.130800562912931
2,2,uncalibrated,64,2,311.97,312.24030867389666,1.1907285581763172,310.28173448626563,314.1988828615277,177.02,177.61824912526401,263.3681131487299,-255.58374701078986,610.820245261318,2.3,2.5354386708585865,1.6716523311863587,-0.21418472909517794,5.2850620708123515
2,2,uncalibrated,65,1,306.98,308.1573094480901,1.272853963791998,306.06365098916723,310.2509679070129,2215.59,1567.3031406762616,272.77846098402165,1118.622499772453,2015.9837815800702,6.68,7.7729724379557865,1.5338206429721808,5.250061990269957,10.295882885641616
2,2,uncalibrated,66,3,306.01,306.3075876112864,0.9409894945222524,304.75979762829826,307.85537759427456,1493.56,1385.2192378843388,214.1352254438649,1032.9981356549265,1737.440340113751,12.0,12.128157731610983,1.3455157519407601,9.914981266910887,14.34133419631108
2,2,uncalibrated,67,4,311.22,312.6956917231509,1.5241960946699615,310.18861224864776,315.20277119765404,462.07,410.37839317305946,345.2308071446515,-157.47575209420455,978.2325384403234,3.64,4.479758511906013,2.509988374505381,0.35119503049480905,8.608321993317217
2,2,uncalibrated,68,3,304.88,308.9685474893021,1.1090835951264317,307.14426731526606,310.7928276633382,395.97,411.1471618882512,206.27140302977148,71.86089647836286,750.4334272981396,8.3,10.71885009700537,1.7371676174804274,7.861463640770044,13.576236553240697
2,2,uncalibrated,69,3,310.04,308.77627449135105,1.3716743216591158,306.52007100837386,311.03247797432823,990.55,936.3781430349035,357.4585936979633,348.4110787058361,1524.345207363971,2.36,2.8192933313724167,2.0438449784899695,-0.5425324944233618,6.181119157168196
2,2,uncalibrated,70,3,312.89,312.0892650997764,0.9707744499259003,310.492483224864,313.68604697468885,164.97,271.33739963388905,230.01645635962134,-107.00600286775898,649.6808021355371,0.86,4.355552738471366,1.7541676874795535,1.4702036554395472,7.240901821503185
2,2,uncalibrated,71,3,312.89,312.2369873057997,1.1183518623715905,310.39746218876985,314.0765124228295,42.42,117.81199908536803,277.4063500821507,-338.4808419866272,574.1048401573632,0.86,1.0767435065597146,1.6989666645947936,-1.717807973768676,3.8712949868881052
2,2,uncalibrated,72,4,311.83,312.6624436731774,1.2971548667825297,310.52881378583237,314.7960735605224,492.81,302.61695998992235,295.6217610825739,-183.63756593253072,788.8714859123754,6.49,4.211743309088925,2.029849064011497,0.8729387139855649,7.550547904192285
2,2,uncalibrated,73,1,307.38,307.8278848984538,1.6331187915332812,305.1416435309577,310.5141262659499,663.32,760.3578891429311,246.77273098537776,354.4528675489127,1166.2629107369494,9.56,9.52383998425847,1.6701110540604593,6.776751759575378,12.27092820894156
2,2,uncalibrated,74,1,313.21,312.38783687818204,1.556015494024898,309.8284191492425,314.9472546071216,15.08,46.45463622352622,241.74908023377634,-351.18721521118306,444.0964876582355,0.39,1.0701425728392824,1.7036086899215632,-1.7320443596842456,3.8723295053628104
2,2,uncalibrated,75,4,307.86,307.9055360122218,1.0875972910131069,306.11659766343627,309.6944743610073,946.9,1138.309269842,361.5797066508634,543.5635779252783,1733.0549617587217,8.0,6.79561789066696,1.3991012595469094,4.494301109428854,9.096934671905066
2,2,uncalibrated,76,0,307.58,307.7662129742645,0.8845770575804053,306.31121319278526,309.2212127557437,1109.01,1117.7639073626701,175.09243633179938,829.7624784105403,1405.7653363148,8.19,7.639274948824179,1.0990365822970751,5.831520640280486,9.447029257367872
2,2,uncalibrated,77,1,312.31,312.0280580335414,1.3232361769105014,309.85152820863675,314.2045878584461,65.54,63.79184545923715,215.70654788313195,-291.0138521835137,418.597543101988,2.01,2.2462944036042924,1.751813209025016,-0.6351819070020013,5.127770714210586
2,2,uncalibrated,78,1,312.73,312.835751546197,1.20423414148357,310.854962650879,314.81654044151503,68.26,51.063435381148224,216.8552382330083,-305.63168974984086,407.7585605121373,1.34,2.239598825357742,1.564120601332442,-0.33315061873344165,4.8123482694489255
2,2,uncalibrated,79,0,306.53,306.65775583773416,1.1860774734131911,304.70683200374503,308.6086796717233,466.58,595.4343636932747,229.53607866697504,217.8811121816825,972.9876152048669,7.25,8.367016482448314,1.537562076934696,5.837951923539242,10.896081041357386
2,2,uncalibrated,80,3,315.92,312.4230958775381,1.1765870853118467,310.48778234283867,314.35840941223756,84.11,228.87462196935093,256.7335868483602,-193.4145495184349,651.1637934571368,3.9,2.5849291430809385,2.001075985882351,-0.7065479501031384,5.876406236265016
2,2,uncalibrated,81,3,309.26,308.10544445976626,1.8625390125739982,305.0418404095953,311.1690485099372,613.05,701.8343614188449,366.99349688086136,98.18377700675649,1305.4849458309332,8.86,10.720160913498491,2.4481912392055323,6.693244674220454,14.747077152776528
2,2,uncalibrated,82,4,310.16,309.0446476383527,1.027435148301085,307.3546672082123,310.7346280684932,517.94,886.5472336745337,418.33094213205857,198.454066242591,1574.6404011064765,7.35,8.063694348638275,2.095606052313504,4.6167291328289535,11.510659564447597
2,2,uncalibrated,83,0,304.65,303.9808874089742,1.9087400922940971,300.84128934525654,307.1204854726918,2419.87,1516.9381604518626,225.8503628279615,1145.4473720059843,1888.4289488977408,12.79,9.25215141835983,1.5860944848915575,6.643258152198225,11.861044684521435
2,2,uncalibrated,84,1,315.33,314.24909264065747,1.6524159379664125,311.531110291861,316.9670749894539,96.59,75.88535750291737,207.66889768972837,-265.6995820670464,417.4702970728811,6.91,3.6250543409279796,1.7591034264568344,0.7315866897376946,6.518521992118265
2,2,uncalibrated,85,4,311.02,310.8290696812606,1.5216119665073145,308.3262407193383,313.3318986431829,146.83,235.4286329003167,385.2175754157507,-398.19789318773286,869.0551589883662,5.0,5.764550665843283,2.037093581290116,2.4138299002186727,9.115271431467892
2,2,uncalibrated,86,3,309.61,309.97881644710003,1.32833978396427,307.79389193562247,312.1637409585776,540.43,508.66250826921066,281.0927389589449,46.30609708286693,971.0189194555544,7.42,8.380473796564504,2.1117647992429296,4.906929807261324,11.854017785867683
2,2,uncalibrated,87,2,311.04,312.3379940980327,1.1968621598639908,310.3693310334194,314.306657162646,153.39,127.25825920286559,262.2549773515471,-304.1127914799027,558.6293098856338,1.96,1.9288551208411944,1.633374855847398,-0.7578074349707351,4.615517676653123
2,2,uncalibrated,88,3,312.29,313.29271836799006,1.1886913343936674,311.33749511528686,315.24794162069327,42.84,75.17998074165541,274.91217186648663,-377.0103022460414,527.3702637293522,3.51,3.529346365042217,1.969722380338059,0.28944136365567497,6.76925136642876
2,2,uncalibrated,89,1,311.14,311.2462626191408,1.646562740800126,308.53790792293256,313.954617315349,504.12,515.475588295598,231.96457285466104,133.92781931135988,897.0233572798361,4.26,4.756525286585738,1.779212773537048,1.8299807029149378,7.6830698702565385
2,2,uncalibrated,90,3,308.79,307.57530351435213,0.768382263476639,306.31142716138737,308.8391798673169,843.81,952.1551281337513,249.00378568696115,542.5803481219064,1361.7299081455963,7.69,6.779387591338631,1.6379534974856769,4.085193840221468,9.473581342455795
2,2,uncalibrated,91,1,302.53,303.9659299601359,1.6910949127799588,301.1843263593306,306.7475335609412,2030.6,2003.2536591428134,299.05129232070504,1511.3580563245769,2495.14926196105,2.36,7.359804704338589,2.2820662830158467,3.60613970177631,11.113469706900867
2,2,uncalibrated,92,0,312.07,310.814791919852,1.1564829816096114,308.91254669304374,312.71703714666023,81.77,85.99760822698704,188.3686123879218,-223.84118706310198,395.83640351707606,5.71,4.18377536646727,1.3212033868106066,2.0105891837312755,6.356961549203264
2,2,uncalibrated,93,4,306.81,306.77355383711745,1.1118534024987448,304.9447177353791,308.6023899388558,673.45,1139.407384285776,379.2516194403528,515.5939825220926,1763.2207860494595,7.15,7.844771647093791,1.68779987613271,5.068587899268659,10.620955394918923
2,2,uncalibrated,94,3,309.96,309.83304205671385,0.951508935089104,308.2679491337558,311.3981349796719,659.22,531.5200117687184,260.71426965947603,102.68319972132525,960.3568238161115,4.79,4.916117764404314,1.7018462991300032,2.116829706766389,7.715405822042239
2,2,uncalibrated,95,2,314.36,313.5481231044781,1.2751431765676389,311.4506992256184,315.64554698333785,139.42,135.68447897897454,278.38786997511784,-322.2228186488927,593.5917766068418,5.84,3.0056605904328624,1.752553431067011,0.12296672291604338,5.888354457949681
2,2,uncalibrated,96,2,310.35,310.9491342301484,1.176205547435727,309.0144482694083,312.88382019088846,94.55,93.2630043546369,216.6142909623071,-263.0357977842353,449.5618064935091,3.98,5.031468487286556,1.6178609677353315,2.3703240066038784,7.692612967969234
2,2,uncalibrated,97,2,313.16,313.4853011093439,1.1591063120268785,311.5787408879841,315.39186133070365,15.39,-5.394679665179638,288.63982710367685,-480.16494615930816,469.3755868289489,0.53,1.8566858628108847,1.9358445071811936,-1.3274949960401856,5.0408667216619545
2,2,uncalibrated,98,3,306.83,307.1854711409533,0.5921302188853684,306.21150360279216,308.1594386791145,1407.27,1534.5684479842478,145.30716481689214,1295.5594309131475,1773.577465055348,10.88,11.799697930652133,1.2332110648533454,9.771246237831422,13.828149623472845
2,2,uncalibrated,99,0,309.81,309.54845128248667,1.0173789207793156,307.8750118746588,311.2218906903145,533.37,622.284171790646,205.06001883630705,284.9904560650093,959.5778875162828,7.02,5.087566526131281,1.3251160064234253,2.90794465683426,7.267188395428301
2,2,holdout,0,0,312.33,312.4571123292544,1.5047051921313117,310.69627071965937,314.21795393884946,84.06,131.63974923504372,201.48835423699595,-242.16140473510723,505.4409032051947,0.31,2.4212609034271804,1.4312341556896873,-0.5766573159052859,5.419179122759647
2,2,holdout,1,1,311.68,309.603156886418,1.663107803721428,304.65704600324074,314.54926776959525,204.84,259.05003244886325,335.8075038832987,-167.60550709036988,685.7055719880964,9.2,5.957613473737968,2.1611333462321207,3.4769148543969965,8.43831209307894
2,2,holdout,2,0,301.44,305.6377749884745,2.076871667438494,303.2073706348916,308.0681793420574,220.66,557.9384775990948,328.5874881775683,-51.6569639143969,1167.5339191125863,4.44,8.78391975309927,2.0305873201780953,4.530573297589394,13.037266208609143
2,2,holdout,3,0,314.31,313.4476309103451,2.3310529183499518,310.71977764429454,316.1754841763956,12.81,145.87910988198308,319.5019980410455,-446.860932170446,738.6191519344122,2.87,4.179352353791349,2.514709794501756,-1.0880556935227208,9.446760401105418
2,2,holdout,4,4,306.89,305.42389628436234,1.1789723852278438,301.6907956205361,309.1569969481886,422.12,442.472206413595,262.21705725590056,17.922317505127012,867.022095322063,12.1,9.461554279854616,2.094133395531005,3.7746582451209543,15.148450314588278
2,2,holdout,5,1,307.84,307.8829972945807,1.437491659747373,303.6078726593385,312.1581219298229,2201.12,1459.377867275618,302.010538215052,1075.662590998,1843.093143553236,5.77,6.34970843085428,1.9461046966765194,4.115834596759133,8.583582264949428
2,2,holdout,6,1,314.22,311.93339274406395,2.0249659452433035,305.9111095959603,317.9556758921676,87.66,160.24152992176198,376.62792357348644,-318.2778244093751,638.7608842528991,3.45,2.198436662900072,2.750336677570044,-0.9585903713947528,5.355463697194896
2,2,holdout,7,4,301.14,304.0368623957857,1.297888576768645,299.9272252505771,308.1464995409943,965.47,1149.285317630725,350.88042331505255,581.1825164724314,1717.3881187890188,6.46,9.91775471956626,2.460628010383458,3.2355941155346306,16.599915323597887
2,2,holdout,8,2,306.32,305.36493972295546,1.177789016901483,302.4449192149692,308.2849602309417,331.97,421.34821556607716,278.6053075724453,-33.56699364770617,876.2634247798605,10.22,5.628728287718368,1.5685980948033797,3.6660679687425635,7.5913886066941725
2,2,holdout,9,2,304.34,303.4638205741413,1.3213825928595337,300.1877972671855,306.73984388109716,421.99,612.4915918908816,319.3896133073617,90.98252939519716,1134.000654386566,3.37,6.721050850660077,3.2345508446790014,2.6739181825836846,10.768183518736468
2,2,holdout,10,1,303.31,304.5891824623481,2.6712712347721026,296.64477639518867,312.53358852950754,1035.72,364.5493349065653,326.06210578120914,-49.72432502250689,778.8229948356375,5.86,7.673153123868955,3.089990198631994,4.126248240425353,11.220058007312558
2,2,holdout,11,1,308.31,309.08004145032095,1.9689179498413587,303.2244459934286,314.9356369072133,374.66,477.5818093006435,349.5340151815816,33.486242316414575,921.6773762848725,8.57,9.465817421111817,2.7646054307241883,6.292411723135311,12.639223119088323
2,2,holdout,12,2,307.47,306.98136958307947,1.079432840905744,304.3051975461464,309.6575416200125,850.87,876.9257509895074,271.4839561545577,433.63850069144155,1320.2130012875732,10.63,10.534400962468554,1.6419631718533148,8.479944838052505,12.588857086884603
2,2,holdout,13,0,306.43,306.58212126438997,1.3821909482134453,304.9646487210989,308.199593807681,2256.33,1153.7413747132387,307.08256482455727,584.0418626485528,1723.4408867779246,4.77,6.876956220596777,1.4357641853534895,3.869549226552471,9.884363214641084
2,2,holdout,14,0,313.31,312.21947808623855,1.891553798223784,310.0059370869002,314.4330190855769,0.85,108.4770630300024,307.9547125003443,-462.84045722615514,679.7945832861599,0.42,1.2233743085646678,2.149886673587006,-3.279861170147572,5.7266097872769075
2,2,holdout,15,4,311.83,313.6018715431429,1.1180146220278768,310.06178767014103,317.1419554161448,194.23,168.96962641741368,290.816554388039,-301.8850813207386,639.824334155566,3.51,3.320645947183102,1.7674565233111037,-1.4791158614161835,8.120407755782388
2,2,holdout,16,0,307.32,306.5731039662307,0.8911019841841687,305.53031534534364,307.61589258711774,1604.24,1511.918096943109,153.74654397028326,1226.6875397099304,1797.1486541762877,11.92,11.065029678617947,0.6981276174981262,9.602704666601829,12.527354690634064
2,2,holdout,17,2,311.08,311.2249807230061,1.4192698388804321,307.7062715344963,314.74368991151596,560.59,609.2994050923999,322.6300389019205,82.4992772536508,1136.099532931149,3.19,3.9047673999269548,2.1139631655754907,1.2597357410229186,6.549799058830991
2,2,holdout,18,1,311.14,309.56833349550874,1.28574465717978,305.7445070257911,313.39215996522637,68.07,136.42429651825034,239.21580059928587,-167.50800186918298,440.35659490568366,5.46,5.094057154498043,1.8704324925531033,2.9470451203092884,7.241069188686797
2,2,holdout,19,2,312.39,312.0834309929098,1.2607999046858487,308.9576066514372,315.2092553343825,59.84,-12.159140890818776,313.11129714664713,-523.4167780470234,499.0984962653859,5.02,4.324597957501279,2.325464078288958,1.4149322599705925,7.234263655031965
2,2,holdout,20,4,308.85,309.08360461236845,1.075522516012123,305.67806783407576,312.48914139066113,484.91,348.6700652174511,276.3720504352856,-98.79786283270136,796.1379932676036,7.06,7.161137500809488,1.5840896910789848,2.8593325622681833,11.462942439350794
2,2,holdout,21,0,311.28,309.95290153719196,1.2011498030172587,308.54728762453317,311.35851544985076,410.23,698.8030763072244,159.79009260919094,402.3605288632308,995.245623751218,5.16,4.1896173371029075,1.646809485153644,0.7401467248447955,7.63908794936102
2,2,holdout,22,4,312.03,313.48236229444757,1.3151221123385723,309.31815684561946,317.6465677432757,122.49,240.3116653616396,342.74184171564,-314.6141367483767,795.2374674716559,3.07,3.757010871436403,1.9682814095307928,-1.5881174604014818,9.102139203274287
2,2,holdout,23,0,307.93,308.4613392420371,1.8148256475779732,306.3375873395869,310.58509114448736,117.49,116.7392154694312,256.2962286540394,-358.7414960181945,592.2199269570569,6.42,7.676183053371115,1.786683064141921,3.9337278521237,11.418638254618529
2,2,holdout,24,0,306.65,306.52682965328006,1.513360856098997,304.7558589809605,308.2978003255996,1388.31,1318.50076641734,232.1967327940916,887.7294347678732,1749.2720980668068,11.47,11.673824027827656,1.3737552269997446,8.796303387649004,14.551344668006308
2,2,holdout,25,1,308.18,308.34244890470444,0.9300778992868729,305.5763814197394,311.1085163896695,1252.74,1248.84312046774,240.27648835783782,943.5631800452885,1554.1230608901915,7.11,7.000240520201942,1.478162887278304,5.30350272286729,8.696978317536592
2,2,holdout,26,2,310.29,310.5051120715049,1.4991142381644604,306.7884495314088,314.22177461160106,785.56,971.8021652830416,299.8682472666933,482.16818224620886,1461.4361483198745,5.06,5.155321839566214,2.5485509130377784,1.966525573346226,8.344118105786201
2,2,holdout,27,0,303.33,306.6688208267752,2.550229996215412,303.6844813595783,309.65316029397206,1918.36,1094.1659816309127,426.2643202766324,303.36050099112583,1884.9714622706997,8.91,7.361567356093515,2.4098162165412527,2.3138734395585763,12.409261272628452
2,2,holdout,28,0,302.73,304.88331706785857,3.8404115439324356,300.3891766343116,309.37745750140556,2026.87,953.1522095216492,509.78280331836214,7.4032560590407,1898.9011629842576,13.02,5.846315976666757,2.883433547027877,-0.19343505254465132,11.886067005878164
2,2,holdout,29,0,310.24,310.0834653860064,1.7727549252276584,308.0089456380324,312.15798513398045,305.92,319.33004054468165,258.96905476704103,-161.10929740641888,799.7693784957821,5.99,5.898920560836151,1.6073663994614082,2.532068955924509,9.265772165747794
2,2,holdout,30,0,305.2,306.8647499085624,2.020618660231217,304.50017415467687,309.2293256624479,2372.98,1652.6708967064244,417.85176037541885,877.4723954914526,2427.8693979213963,10.28,8.471915130691341,1.9697241100164937,4.346055100729074,12.597775160653608
2,2,holdout,31,4,307.79,307.4057231906758,1.1353947604684607,303.81060681041345,311.0008395709382,1236.45,1351.3326411294947,306.7520689012769,854.6770911917749,1847.9881910672145,12.82,10.878064276333461,1.5273811806038526,6.730258793626682,15.02586975904024
2,2,holdout,32,2,309.58,309.5603118163187,1.1637212877567125,306.6751685715893,312.44545506104805,717.28,527.6181916103303,238.7073194116169,137.84962942039363,917.386753800267,6.31,6.679576776569347,1.7889454347391298,4.4412135978766445,8.91793995526205
2,2,holdout,33,3,311.54,311.0497089576995,0.9703983716675987,307.9449054713725,314.1545124440265,686.14,679.765154411827,292.56026356285656,318.62136518729903,1040.908943636355,4.98,3.5385042326715994,1.6039639129648704,-0.181710872724973,7.258719338068172
2,2,holdout,34,4,308.55,309.48080524231864,1.151255254395067,305.83546816041144,313.12614232422584,367.47,548.5219757650968,268.44016177436026,113.89639475777551,983.1475567724182,5.43,5.597951922337691,1.7615596889221778,0.8142037469555774,10.381700097719804
2,2,holdout,35,1,306.8,307.98695112375043,1.5261156909040523,303.44825711312905,312.5256451343718,554.95,584.86668094766,270.2901150693519,241.45334579743508,928.280016097885,12.78,12.14117463186617,2.4171252802036816,9.366630730709131,14.915718533023208
2,2,holdout,36,1,307.12,307.44586180241,1.2738711577854034,303.65734732175554,311.2343762830644,2075.38,1700.4068245136796,280.94095427033807,1343.4612141960074,2057.3524348313517,5.9,7.081683960515514,1.806490078008754,5.0080694608907645,9.155298460140264
2,2,holdout,37,4,309.05,309.04592723774823,1.0016521392884925,305.87429377715773,312.21756069833873,1337.07,1371.7670825925834,271.7217175720913,931.8284065335774,1811.7057586515893,4.68,4.459381667713349,1.510728980098311,0.35679743654032947,8.561965898886369
2,2,holdout,38,3,307.56,307.9846047083982,1.268202661225866,303.92697213305,312.0422372837464,316.18,455.3659206902182,323.28373455735044,56.2963017649746,854.4355396154618,8.14,6.5820634968646266,1.6754096230303988,2.696138048702142,10.46798894502711
2,2,holdout,39,4,312.34,312.63600589764985,1.2900281976047194,308.55125787371543,316.7207539215843,106.38,258.7558949048767,367.0742452311453,-335.56596830616223,853.0777581159157,5.13,3.5732600129887073,1.9599352574780122,-1.7492032397689572,8.895723265746373
2,2,holdout,40,4,309.58,309.2929938621529,0.9074219618521431,306.41973103547014,312.1662566888357,435.02,423.3025475741969,255.5634678857746,9.52533935054339,837.0797557978505,7.83,8.887311665616082,1.4812370108063249,4.864816775256308,12.909806555975855
2,2,holdout,41,2,307.48,307.31336999704615,0.9709307252532396,304.9062006408298,309.7205393532625,1296.42,964.8699344615284,222.45025052181938,601.6464081851019,1328.093460737955,8.74,8.739948343352548,1.2103603273344297,7.225522057873974,10.254374628831123
2,2,holdout,42,3,304.47,306.2018628924731,1.3699267402183244,301.8187626696922,310.584963115254,451.73,751.2966952947836,394.04581101467664,264.8765793677351,1237.7168112218321,7.37,9.589260751973235,1.8527008438289279,5.292128123688031,13.88639338025844
2,2,holdout,43,4,311.63,312.41947941764954,1.1034167161393482,308.9256183848479,315.9133404504512,91.86,130.1309358331489,297.8412430996193,-352.09729139808314,612.3591630643809,2.46,2.9784390409488033,1.9281400382437388,-2.2576800913374777,8.214558173235083
2,2,holdout,44,1,312.52,311.5118948135578,1.576033194095557,306.824745299785,316.19904432733057,220.1,362.3004249552071,294.2878779238783,-11.60293302068635,736.2037829311006,1.31,2.4976888753092608,2.0294754495560205,0.16811631354320156,4.82726143707532
2,2,holdout,45,2,312.59,312.698536575898,1.442308205912444,309.122709768495,316.274363383301,188.63,439.86070611980807,364.4213238969753,-155.17750132514044,1034.8989135647566,1.23,2.838254654609402,2.6852616358542862,-0.5215967159992556,6.19810602521806
2,2,holdout,46,3,306.36,307.4122334927798,1.2347695093859523,303.46157076550867,311.36289622005097,947.21,1032.2874627345127,410.9283727279305,525.0270856090001,1539.5478398600253,7.22,8.616681901569628,1.7215762044064575,4.623678225517176,12.609685577622079
2,2,holdout,47,4,302.67,306.01946646104085,1.2321076341118036,302.1181182323296,309.9208146897521,1366.98,1258.118605148964,302.080884903139,769.0260668178655,1747.2111434800624,10.28,11.074128410798291,1.9517078013987723,5.774007902515656,16.374248919080927
2,2,holdout,48,1,312.73,311.1552429627906,2.148628780640381,304.7651844397934,317.54530148578783,46.91,210.25766552789344,413.94965654570024,-315.68029599235786,736.1956270481447,1.25,3.931896983073782,2.873938551583549,0.6329911522910678,7.230802813856496
2,2,holdout,49,4,310.89,310.4785421026884,1.152772323365722,306.8284013703714,314.12868283500535,93.48,168.3103504315045,341.1836602784077,-384.0926342729658,720.7133351359748,4.63,4.789424509075291,1.931815199160614,-0.4566750084575979,10.03552402660818
2,2,holdout,50,3,307.08,306.26808258689425,1.5857449072110086,301.1944690482881,311.3416961255004,130.32,470.369910204556,430.0682797899423,-60.517252314165546,1001.2570727232776,7.26,10.756946964891453,1.9226659110311326,6.2975381795482015,15.216355750234705
2,2,holdout,51,3,306.76,307.0855991232497,0.9391754324348247,304.08069387811275,310.0905043683867,1543.82,1697.2733225770478,279.3156913433568,1352.4789683022884,2042.0676768518072,10.96,10.299888805594048,1.488231211061221,6.848102772903019,13.751674838285076
2,2,holdout,52,3,310.33,310.71632457907083,1.0597513012796813,307.32563511490935,314.1070140432323,570.52,726.7462455339723,311.4962141852472,342.2274399040827,1111.265051163862,5.7,6.043249743300421,1.553272803621836,2.4406070029445797,9.645892483656262
2,2,holdout,53,2,312.69,312.8097349215012,1.131582751840257,310.00427078960615,315.6151990533963,95.36,89.1880782631116,277.36249424832886,-363.69782760293447,542.0739841291577,1.39,1.69906427930749,1.9502730183608927,-0.7411550968265166,4.1392836554414965
2,2,holdout,54,2,311.54,311.77503706493064,1.170243658706873,308.8737233035282,314.6763508263331,223.41,138.4629630378323,250.8119549371932,-271.07041573278735,547.9963418084519,4.71,4.113137656510549,2.1969902487060047,1.364220903011271,6.8620544100098275
2,2,holdout,55,2,308.42,306.19852711718204,1.3408187132366731,302.8743170218604,309.52273721250367,709.64,820.2758715565205,292.2520490633955,343.07784829825704,1297.473894814784,12.53,9.492658091485293,2.153031404042653,6.798743495883954,12.186572687086631
2,2,holdout,56,0,308.18,307.2924876262477,0.8782283217758645,306.264764069637,308.3202111828584,1523.36,1789.184475139664,258.38060891434264,1309.8368218153032,2268.532128464025,7.59,6.557326877257509,0.9126087364056292,4.6457414479159205,8.468912306599098
2,2,holdout,57,2,308.44,309.3932314104568,1.304520244424462,306.1590138959957,312.62744892491787,1059.82,1246.8944555707874,292.7625969436692,768.8627942250371,1724.9261169165377,5.32,5.783462172183972,1.9384885773582168,3.3579877168897188,8.208936627478225
2,2,holdout,58,3,309.87,310.74946099234495,0.8844407001700704,307.91968030689446,313.57924167779544,261.82,354.2073259093667,270.88268035292174,19.822893701837984,688.5917581168954,2.03,3.140326938484032,1.367727606279714,-0.03196444526926889,6.312618322237333
2,2,holdout,59,2,308.33,309.36450907309893,0.9909136493418194,306.9077972714099,311.82122087478797,1098.75,1225.116705461342,279.4914191317023,768.7546263767781,1681.478784545906,2.44,3.4497043369260787,1.8891008776290052,1.0860247281416737,5.813383945710484
2,2,holdout,60,2,306.45,305.9256138487455,1.3895101028188044,302.4806861596088,309.3705415378822,268.91,482.35551954984265,329.8159787368954,-56.17802913400368,1020.8890682336889,8.27,6.8287080547379615,2.6296809268447605,3.5384003438053737,10.11901576567055
2,2,holdout,61,0,303.98,303.44642306559484,1.9093636033028898,301.2120406110624,305.6808055201273,704.72,842.3011511438581,301.0747959210819,283.74725073206014,1400.855051555656,7.93,6.945754632172536,2.045869787390825,2.6603969318839775,11.231112332461095
2,2,holdout,62,1,308.91,309.0600391625026,1.1638935915747173,305.59859983351475,312.5214784914905,671.26,719.0092838932584,241.2194889580834,412.53122721303737,1025.4873405734793,8.35,8.233553271269148,1.4956769186801648,6.516711654985315,9.950394887552982
2,2,holdout,63,4,309.65,311.11117897873237,1.0980583179063814,307.63428478947276,314.588073167992,616.92,668.6726905097557,305.7810939854569,173.58922477189031,1163.7561562476212,2.11,3.767823910962667,1.8552557867901396,-1.2703684027787503,8.806016224704084
2,2,holdout,64,2,311.97,312.1036746314916,1.375905778009703,308.69247531549286,315.5148739474903,177.02,208.94875557755495,266.50422199483836,-226.20743351842418,644.1049446735341,2.3,2.620745751149427,2.3415871150729552,-0.30909340229847126,5.550584904597326
2,2,holdout,65,1,306.98,307.84089428690174,1.1393447410927324,304.4524636566084,311.2293249171951,2215.59,1475.8476564838768,290.28582238224226,1107.0290543476744,1844.6662586200791,6.68,8.015738538328549,1.727828361830535,6.032417407717106,9.999059668939992
2,2,holdout,66,3,306.01,306.55825029042035,0.8503870881687376,303.8374246242184,309.2790759566223,1493.56,1472.8983227443873,315.44264432584504,1083.5079439297847,1862.28870155899,12.0,12.176417093801186,1.136322692840004,9.540843554809179,14.811990632793194
2,2,holdout,67,4,311.22,312.4789183353848,1.0086853350852998,309.2850149486901,315.67282172207945,462.07,509.46872698700116,324.12383266656786,-15.313064827885626,1034.250518801888,3.64,3.2388795160184305,1.836378491257225,-1.7480490065329288,8.22580803856979
2,2,holdout,68,3,304.88,308.4212678358453,1.1885717640458497,304.6184154563449,312.2241202153457,395.97,494.02075002507564,278.0694103540096,150.76483652641508,837.2766635237363,8.3,10.887196394435144,1.4494438390510735,7.525373337896152,14.249019450974135
2,2,holdout,69,3,310.04,309.589665499969,1.2383458804447962,305.6275601222811,313.55177087765685,990.55,1062.125258945889,343.59288430372334,637.9855118835833,1486.2650060081949,2.36,2.52177184907772,1.5443318613523533,-1.060133374543144,6.103677072698584
2,2,holdout,70,3,312.89,312.1454010869882,1.0045638811097062,308.93128456394857,315.35951761002786,164.97,420.9922091151113,285.63669949911895,68.39504249225376,773.5893757379688,0.86,4.67330706009042,1.5950789392454614,0.9736996586295912,8.372914461551249
2,2,holdout,71,3,312.89,312.5948565432578,1.0630124450592349,309.19373300287384,315.9959800836417,42.42,90.9413962038891,294.0950240524386,-272.09694018849325,453.97973259627145,0.86,0.9643678148500019,1.3338455683405415,-2.129337967117575,4.058073596817579
2,2,holdout,72,4,311.83,312.20447640467916,1.0191646066118034,308.97739143037296,315.43156137898535,492.81,455.4244689681285,294.19463418010986,-20.899613704881688,931.7485516411386,6.49,3.843425823139468,1.8290951154770536,-1.1237237297759912,8.810575376054928
2,2,holdout,73,1,307.38,308.64496806522857,2.1332982261466764,302.3005028719342,314.9894332585229,663.32,669.6177121241459,370.5797812833569,198.78274060805762,1140.4526836402342,9.56,10.187968745339633,3.0221051900719234,6.718986979089388,13.656950511589878
2,2,holdout,74,1,313.21,312.04432202061224,2.4978504407600157,304.61567234321484,319.47297169800964,15.08,180.68688548526808,464.6991657444996,-409.73015699110687,771.103927961643,0.39,3.2206026855930583,3.3230470778312236,-0.593821034420912,7.035026405607029
2,2,holdout,75,4,307.86,308.07590512536086,0.9672558283396736,305.0131842167903,311.1386260339314,946.9,1075.1122976390807,272.1853553706488,634.4229557846026,1515.801639493559,8.0,6.82511934922782,1.3824300586321856,3.0709477976402404,10.5792909008154
2,2,holdout,76,0,307.58,307.76395423902204,0.7914951808057943,306.83772785564474,308.69018062239934,1109.01,1256.6151166040622,169.44970953670816,942.2520497926394,1570.978183415485,8.19,8.27571959201304,0.9689164033164837,6.24618995357814,10.30524923044794
2,2,holdout,77,1,312.31,312.180708160716,1.2506461145196812,308.46126535358854,315.90015096784344,65.54,121.77968504859052,226.88903687956758,-166.49101565329266,410.0503857504737,2.01,2.173521099811337,1.8847504737065557,0.010073894631840385,4.336968304990833
2,2,holdout,78,1,312.73,312.8678201761188,1.9961592087096127,306.93120875221683,318.8044316000208,68.26,72.24754912315052,356.39088833187054,-380.5599223886952,525.0550206349963,1.34,2.5689487468106784,2.521037983836507,-0.32487335663006567,5.462770850251422
2,2,holdout,79,0,306.53,306.779035980579,1.964568938532302,304.48005093688033,309.0780210242777,466.58,581.5983165130905,296.02925071836506,32.40491053942617,1130.7917224867547,7.25,7.075783774504577,1.5767074368984972,3.7731516141106574,10.378415934898497
2,2,holdout,80,3,315.92,313.07372898301486,1.1108229574807678,309.51963502348815,316.62782294254157,84.11,123.13864498551573,298.8317377119582,-245.7468105563986,492.02410052743005,3.9,2.3980438520948657,1.8435731411732756,-1.8779180896040315,6.6740057937937625
2,2,holdout,81,3,309.26,307.2476836962045,1.6045912159628462,302.1137711228663,312.3815962695427,613.05,927.6285812308606,386.21126384994983,450.8796284873243,1404.377533974397,8.86,11.365031583641306,2.0110754767631662,6.700566687472033,16.02949647981058
2,2,holdout,82,4,310.16,308.4842525757258,1.0602967696888006,305.12692663291915,311.84157851853246,517.94,562.1422825640863,298.11000784510924,79.4789042254688,1044.8056609027037,7.35,6.705151474203079,1.6532587611860374,2.215508783130127,11.194794165276033
2,2,holdout,83,0,304.65,303.2765996856775,3.538624952789213,299.13561705984046,307.4175823115146,2419.87,1461.1279161466778,366.30557390008175,781.5578896403636,2140.697942652992,12.79,8.685133348755096,2.3084923391375862,3.8496763306440105,13.520590366866182
2,2,holdout,84,1,315.33,313.1283125489509,2.089404877733174,306.91438692008,319.34223817782174,96.59,196.76311433773247,385.3272035145466,-292.8089887674336,686.3352174428985,6.91,6.229874821071226,3.0223673466600616,2.7605921333219072,9.699157508820544
2,2,holdout,85,4,311.02,310.80608126734194,1.0488672391113851,307.48494581442327,314.1272167202606,146.83,130.3863290601888,285.50199945652906,-331.8636992975197,592.6363574178973,5.0,5.814897960738862,1.6819673085964841,1.2472934145234218,10.382502506954303
2,2,holdout,86,3,309.61,309.7559246824073,1.0862605747868475,306.28041841804486,313.2314309467697,540.43,598.6100086344998,273.7684913492808,260.66325834071114,936.5567589282884,7.42,8.426871830619573,1.800190699159536,4.251530616596636,12.602213044642511
2,2,holdout,87,2,311.04,312.3098022455386,1.2317717600660905,309.2559456133773,315.3636588776999,153.39,166.7949498325337,275.3799170678379,-282.8537437897686,616.443643454836,1.96,2.1488601063270067,2.02836452993806,-0.3890688816757799,4.686789094329793
2,2,holdout,88,3,312.29,313.4977099259586,1.07247147255065,310.06632209166185,316.92909776025533,42.84,10.259095902059016,299.16023806427165,-359.03186878368535,379.5500605878034,3.51,3.1320148951768534,1.7108455325182734,-0.8361001862340349,7.100129976587741
2,2,holdout,89,1,311.14,310.764567767067,1.8822197704865373,305.16681416955316,316.3623213645808,504.12,448.67721003469785,361.99999202730214,-11.256829930298238,908.6112499996939,4.26,5.818243826392434,2.9407977946402926,2.4425923231456794,9.19389532963919
2,2,holdout,90,3,308.79,307.3686044482713,0.9840360845075046,304.22016690441995,310.51704199212264,843.81,1021.2190968521672,271.919331407807,685.554996361921,1356.8831973424135,7.69,6.120387289229744,1.5151768743586114,2.606103800820659,9.63467077763883
2,2,holdout,91,1,302.53,304.43883365997027,2.137612261806891,298.08153845127845,310.7961288686621,2030.6,2239.395397248334,470.63355933486514,1641.4384937805994,2837.352300716069,2.36,8.665075915726952,3.2683971553475852,4.913383163928624,12.416768667525279
2,2,holdout,92,0,312.07,310.84122821956095,1.4971010394925153,309.0892851692598,312.59317126986207,81.77,76.57683038787377,207.71279269491575,-308.77190054868527,461.9255613244328,5.71,3.6017595308403685,1.3899820005312065,0.6902496654761907,6.513269396204546
2,2,holdout,93,4,306.81,306.67705345343745,1.0084378356781216,303.48393374939116,309.87017315748375,673.45,918.1862247062339,292.41219528772257,444.74804976809185,1391.624399644376,7.15,7.3295454642373565,1.741350790972131,2.6006772224180787,12.058413706056633
2,2,holdout,94,3,309.96,309.7394537905469,1.055662418935038,306.36184676400023,313.1170608170936,659.22,572.7127658528095,295.7835270301525,207.59009867653214,937.835433029087,4.79,4.901642258004464,1.401514590468446,1.6509857390204243,8.152298776988504
2,2,holdout,95,2,314.36,313.29936708776927,1.3492764091383675,309.95418834260556,316.644545832933,139.42,182.97010787671968,289.3974805026316,-289.56688912418394,655.5071048776233,5.84,3.447031858530509,2.024112394450169,0.9144232248113595,5.979640492249658
2,2,holdout,96,2,310.35,310.78787666038306,1.2345791691207864,307.7270597901007,313.8486935306654,94.55,107.1594091280333,220.42639759544542,-252.75950861296553,467.07832686903214,3.98,5.189507707827774,1.4914864078170436,3.3233310252141157,7.055684390441432
2,2,holdout,97,2,313.16,313.3096536209365,1.4578694597632107,309.69524674552287,316.92406049635014,15.39,-24.466390179623545,323.3462982650176,-552.4360480637754,503.5032677045283,0.53,3.9139977774512564,2.9970383472458333,0.16404534663082915,7.663950208271684
2,2,holdout,98,3,306.83,307.26320821153405,0.7375518925420222,304.90340036954814,309.62301605351996,1407.27,1492.832899168041,238.8129551185514,1198.036146946457,1787.629651389625,10.88,11.673957908238231,1.125331498446812,9.063877216733246,14.284038599743216
2,2,holdout,99,0,309.81,309.081850296367,1.3743408821771352,307.47356408604475,310.69013650668927,533.37,575.4418964647039,212.49286056609688,181.22518458170526,969.6586083477025,7.02,4.858714464427822,1.7511926345882718,1.1905988846517448,8.5268300442039
2,2,cross_fitted,0,0,312.33,313.05673501165256,1.1664559724344823,311.2731868440327,314.84028317927243,84.06,88.18399988583161,176.87725636879497,-101.26476740157355,277.63276717323674,0.31,2.8278075887676564,1.3370826348424654,0.7783171214920546,4.877298056043259
2,2,cross_fitted,1,1,311.68,309.58596529562794,1.8455800969506602,306.91570371189005,312.25622687936584,204.84,238.21869359315485,244.8671877159947,-21.486828251786505,497.9242154380962,9.2,6.679501793372924,1.6651189813969178,3.8504179675387884,9.508585619207059
2,2,cross_fitted,2,0,301.44,305.03118996092246,1.3583376810026153,302.9542485767526,307.1081313450923,220.66,514.3643915916057,270.91468533379935,224.1945063830159,804.5342768001955,4.44,8.250593890803717,1.5843285272839691,5.822123032617861,10.679064748989575
2,2,cross_fitted,3,0,314.31,314.558906854222,1.5007305438772052,312.2642422677507,316.8535714406933,12.81,3.4577365628773578,202.14255079218321,-213.05205022431178,219.9675233500665,2.87,4.029991173566465,1.7648071136780352,1.324881360746668,6.7351009863862625
2,2,cross_fitted,4,4,306.89,304.7810237309507,1.8897960189613616,302.32190447714845,307.240142984753,422.12,353.72703451606037,307.6225254593573,-51.82247417633005,759.2765432084508,12.1,8.954292569923409,2.5618397697511086,4.66128446242747,13.247300677419346
2,2,cross_fitted,5,1,307.84,308.210337537132,1.3342184910084023,306.27993506544357,310.1407400088204,2201.12,1538.0132307875658,259.509028953833,1262.7786090460147,1813.247852529117,5.77,6.705943673419152,1.607970824000227,3.9739561689731526,9.437931177865151
2,2,cross_fitted,6,1,314.22,312.69774493474216,1.8970370613846745,309.9530332875413,315.442456581943,87.66,100.21031614614992,247.44233714196264,-162.2264026865862,362.64703497888604,3.45,2.6601120580824875,2.1383242053546185,-0.9729607080950249,6.29318482426
2,2,cross_fitted,7,4,301.14,305.40513594321993,2.422671405424421,302.25260633741107,308.5576655490288,965.47,1377.6956398194493,579.7473786218422,613.3944423869725,2141.996837251926,6.46,9.009791163772688,3.5613446664941817,3.0418607305854826,14.977721596959892
2,2,cross_fitted,8,2,306.32,305.62963977769937,1.2318457085828922,303.34523833999987,307.91404121539887,331.97,395.01332115389533,282.25373807210354,-167.57935725881038,957.605999566601,10.22,6.820047078247769,1.6770059636839374,3.918007362190729,9.722086794304808
2,2,cross_fitted,9,2,304.34,303.7463314753046,1.4761895290256262,301.00880561559086,306.48385733501834,421.99,559.1737766714057,274.21207422626674,12.609871634123692,1105.7376817086877,3.37,5.8440351659402054,2.960043144697817,0.7217142242274344,10.966356107652977
2,2,cross_fitted,10,1,303.31,303.9658180252372,2.2174663484566093,300.75749603840035,307.174140012074,1035.72,439.35005183771887,243.13098416214348,181.48594310405537,697.2141605713823,5.86,6.881466141967732,1.6697338754261297,4.04454148181374,9.718390802121725
2,2,cross_fitted,11,1,308.31,308.42850045476985,1.4170868199473037,306.37820065885273,310.47880025068696,374.66,423.725763786225,247.03154047196492,161.72473486584113,685.7267927066089,8.57,8.465035150041524,1.441325319086619,6.016183029833074,10.913887270249976
2,2,cross_fitted,12,2,307.47,306.88160546513836,1.0567960171984099,304.921825661367,308.84138526890973,850.87,852.7081397624338,252.020574815717,350.3766873284397,1355.039592196428,10.63,10.445700350773311,1.5071455798272118,7.837602093966691,13.053798607579932
2,2,cross_fitted,13,0,306.43,307.8715470690288,0.9556229614908375,306.4103692601954,309.3327248778622,2256.33,1240.3901255411238,215.75891583297062,1009.2961936531426,1471.484057429105,4.77,7.190770019458969,1.1586655725065707,5.41475858700743,8.966781451910508
2,2,cross_fitted,14,0,313.31,313.4249256004158,1.2601954575619312,311.498046787762,315.3518044130696,0.85,-52.482719773592635,271.9106599276855,-343.71936824465575,238.75392869747049,0.42,1.1012632295965403,1.6588300573007166,-1.4414041423932376,3.643930601586318
2,2,cross_fitted,15,4,311.83,314.51759779336686,1.258120038135473,312.88045432479623,316.1547412619375,194.23,27.23446349837093,257.04898409193066,-311.64218102788766,366.1111080246295,3.51,4.878487426131647,2.0824345292695368,1.3888436072474737,8.368131245015821
2,2,cross_fitted,16,0,307.32,306.67825447107197,0.7469812159340258,305.53609650676833,307.8204124353756,1604.24,1581.2060723698728,152.3430504856711,1418.035274089642,1744.3768706501037,11.92,10.914831298537372,0.9051935328432782,9.527343742975482,12.302318854099262
2,2,cross_fitted,17,2,311.08,311.48489283201263,1.1951000112174277,309.2686346068162,313.7011510572091,560.59,482.06532537899034,294.9157621898396,-105.76550261919101,1069.8961533771717,3.19,3.2810997505492216,1.707641850904699,0.3260449806542156,6.236154520444227
2,2,cross_fitted,18,1,311.14,310.15881591403456,1.461280198423568,308.0445753111074,312.27305651696173,68.07,56.79726829274978,231.6354197579285,-188.87467382052756,302.4692104060271,5.46,6.097720101397557,1.6351104387624313,3.319621630695736,8.875818572099378
2,2,cross_fitted,19,2,312.39,311.9949392293475,1.2564401214050946,309.6649285796997,314.3249498789953,59.84,15.908923848799304,278.1277685579639,-538.4598059428398,570.2776536404384,5.02,4.65409611329975,2.014102166466079,1.1687152584570137,8.139476968142485
2,2,cross_fitted,20,4,308.85,309.8683806325126,1.314564556049144,308.15778807241014,311.578973192615,484.91,547.5157509941624,359.75156442527214,73.24271137807068,1021.7887906102542,7.06,7.956015985179107,2.1345183959957432,4.37909252267106,11.532939447687154
2,2,cross_fitted,21,0,311.28,310.184257646349,0.9884151481739867,308.6729395443086,311.69557574838944,410.23,644.6748111474479,183.144602737884,448.5132472678599,840.836375027036,5.16,4.676848014652165,1.3636452524397908,2.586642164397994,6.7670538649063365
2,2,cross_fitted,22,4,312.03,313.5734703702472,2.0135185081718983,310.95335577499367,316.19358496550075,122.49,190.2613346209277,400.51193404561377,-337.7475224518534,718.2701916937087,3.07,4.623182033095362,2.7542230654505113,0.007787233841349384,9.238576832349374
2,2,cross_fitted,23,0,307.93,307.71682402194455,1.1632755329355857,305.93813884716326,309.49550919672583,117.49,177.83441861636805,251.16386024294556,-91.18085608328391,446.84969331602,6.42,8.458734811181499,1.5284692646870517,6.11588545702102,10.801584165341978
2,2,cross_fitted,24,0,306.65,306.8440782918556,0.9619607375115092,305.3732098225296,308.31494676118166,1388.31,1406.6269803373543,172.94841429941812,1221.3862966791887,1591.86766399552,11.47,11.139379885556094,1.3274388699844326,9.104671454655914,13.174088316456274
2,2,cross_fitted,25,1,308.18,308.4220758117337,0.8334105201011098,307.2162630166207,309.6278886068467,1252.74,1156.7531426572893,240.64987774584824,901.5204891324966,1411.9857961820821,7.11,7.178711284944054,1.393287887190751,4.811476108106939,9.545946461781169
2,2,cross_fitted,26,2,310.29,310.3953985961255,1.3361554551407335,307.91755951169597,312.87323768055506,785.56,958.6159857084918,259.2416497704243,441.8913708401001,1475.3406005768836,5.06,4.8629489611900585,1.847731138646681,1.6654712747251534,8.060426647654964
2,2,cross_fitted,27,0,303.33,304.55085210139146,1.4838066418578606,302.2820646977276,306.8196395050553,1918.36,1582.7203556211466,275.36047390428394,1287.7886984267757,1877.6520128155175,8.91,6.626270588898426,1.8903497984953783,3.728727990651238,9.523813187145613
2,2,cross_fitted,28,0,302.73,302.42646741123394,2.4355113552307417,298.70249332434815,306.15044149811973,2026.87,1506.3151076047648,284.08468271770136,1202.039170432341,1810.5910447771885,13.02,5.096222976860872,2.3035341577478783,1.5653482393363332,8.62709771438541
2,2,cross_fitted,29,0,310.24,310.1530673461508,1.0669366726581313,308.5216873434283,311.7844473488733,305.92,397.2872749469234,184.46185154428147,199.71483910049247,594.8597107933543,5.99,5.8690541635572355,1.3364867287538065,3.820477105682274,7.917631221432197
2,2,cross_fitted,30,0,305.2,305.862676286024,1.269142202920751,303.9221176160348,307.80323495601317,2372.98,1741.4716784354791,259.74037829780974,1463.2703116035273,2019.673045267431,10.28,8.572204845108276,1.5704528573998053,6.165002719619713,10.97940697059684
2,2,cross_fitted,31,4,307.79,307.6066456176565,0.8777339157418617,306.4644840561657,308.7488071791473,1236.45,1260.3281675941066,237.4976027117806,947.2267913162877,1573.4295438719255,12.82,11.1351746028309,0.9953071062135941,9.46728673299804,12.803062472663761
2,2,cross_fitted,32,2,309.58,309.57763056283477,1.1289179334274806,307.4841039692054,311.6711571564641,717.28,527.3095015086626,212.90300427454795,102.94781816992258,951.6711848474026,6.31,6.080296604029233,1.56895398112789,3.3652396128800524,8.795353595178415
2,2,cross_fitted,33,3,311.54,311.1270626526299,0.9134837720446641,309.7923474493468,312.461777855913,686.14,633.316679504225,284.8565132824534,250.17978751278457,1016.4535714956655,4.98,3.7723563859163995,1.7274819332520213,0.9997714517742349,6.544941320058564
2,2,cross_fitted,34,4,308.55,309.2383187391633,1.5989270681921657,307.1576961220313,311.3189413562952,367.47,457.4122162618279,319.6974854315557,35.94386652587957,878.8805659977762,5.43,4.9724090402928205,1.8727099330163959,1.8342116321822286,8.110606448403413
2,2,cross_fitted,35,1,306.8,307.189733545128,1.602622544630265,304.8709929923722,309.5084740978838,554.95,586.9863121132912,214.69004637442177,359.2865902818313,814.6860339447511,12.78,11.392396300563194,1.4475611092504845,8.932949398065318,13.851843203061069
2,2,cross_fitted,36,1,307.12,307.87127737658074,1.1324325443921088,306.2328271546364,309.50972759852505,2075.38,1660.653470307654,259.8843831872124,1385.020748812658,1936.2861918026501,5.9,7.311787982006633,1.5578674542525128,4.66492750725441,9.958648456758857
2,2,cross_fitted,37,4,309.05,308.9460268502802,0.9836542288489816,307.6660352379706,310.22601846258976,1337.07,1329.3414147717647,314.8630538817089,914.2464648280445,1744.4363647154848,4.68,4.503875788689054,1.552745114742401,1.9018600634388143,7.105891513939294
2,2,cross_fitted,38,3,307.56,307.91740266355214,1.3834127070521542,305.89606191396814,309.93874341313614,316.18,433.5814507024646,340.4014486721589,-24.264331269579316,891.4272326745086,8.14,6.387804994307456,1.899459975473951,3.3391976487643475,9.436412339850564
2,2,cross_fitted,39,4,312.34,312.30754629292676,2.018937326081559,309.6803803972573,314.9347121885962,106.38,290.6464923105368,453.51309988682056,-307.235650975367,888.5286355964406,5.13,4.926167353025198,2.909782219332368,0.050093991163461915,9.802240714886935
2,2,cross_fitted,40,4,309.58,308.50302961556224,1.5002793923607012,306.55077344462126,310.4552857865032,435.02,396.0058369781539,217.84820397054241,108.80894865585975,683.202725300448,7.83,8.657174519542647,1.3612516913869739,6.376054280693911,10.938294758391383
2,2,cross_fitted,41,2,307.48,307.3785781306582,0.9367354942259036,305.6414450669602,309.11571119435615,1296.42,947.3414426347179,214.78607322602412,519.2263960552184,1375.4564892142173,8.74,8.579498459174406,1.2968475401067066,6.3353185644332335,10.823678353915579
2,2,cross_fitted,42,3,304.47,304.57637388105434,1.3826142951293139,302.5561997121634,306.5965480499453,451.73,682.3908041185407,378.93463608183237,172.71722473177851,1192.0643835053029,7.37,8.034718079122829,2.0904127552453464,4.679634127291822,11.389802030953836
2,2,cross_fitted,43,4,311.63,311.7096719229935,1.6979309871236135,309.50021929415476,313.9191245518322,91.86,149.2997253430715,359.6724974162385,-324.8690774762529,623.4685281623958,2.46,2.146017811071074,2.27504783085226,-1.6663981323892307,5.958433754531379
2,2,cross_fitted,44,1,312.52,312.20650862845156,1.4452261985522328,310.1154956162383,314.2975216406648,220.1,414.90347696901483,272.08137134857697,126.33466058547987,703.4722933525497,1.31,1.933992198181886,1.639912704052336,-0.8522654558640803,4.720249852227852
2,2,cross_fitted,45,2,312.59,312.84926832687034,1.0541708880341396,310.8943567048812,314.8041799488595,188.63,228.75222952329318,276.2150148166975,-321.80396882839693,779.3084278749833,1.23,1.7577642384296803,1.573484867362159,-0.9651333997330038,4.4806618765923645
2,2,cross_fitted,46,3,306.36,306.4762213771111,1.0745534411628408,304.90616303721305,308.0462797170091,947.21,1029.7492886241187,375.30641934673315,524.9557229233305,1534.5428543249068,7.22,8.119371225956407,1.8761590522288465,5.10816154431787,11.130580907594943
2,2,cross_fitted,47,4,302.67,306.7344666196702,1.7701418110987546,304.43104880845806,309.0378844308823,1366.98,1384.4827594359663,347.58907236890974,926.2439574641023,1842.7215614078302,10.28,11.825448000120275,1.9339272802115601,8.584665500259872,15.066230499980678
2,2,cross_fitted,48,1,312.73,312.26127663864185,1.2772373314986865,310.41331686423166,314.10923641305203,46.91,44.15695208531827,233.67747475739836,-203.68078841123813,291.9946925818747,1.25,1.5117448574433467,1.6213859840957692,-1.2430353800573402,4.266525094944034
2,2,cross_fitted,49,4,310.89,310.2475630161533,2.0521749895718617,307.57714622069346,312.9179798116132,93.48,239.0269995342088,437.5289689990837,-337.78270629375277,815.8367053621704,4.63,4.583446301205134,2.699277539615684,0.06012657653803011,9.106766025872238
2,2,cross_fitted,50,3,307.08,305.74965679338317,1.9965432907528025,302.8324547962245,308.6668587905418,130.32,325.8517239673381,397.18429112738124,-208.36795420261876,860.071402137295,7.26,9.76702847690515,2.2838442520554745,6.101489611757207,13.432567342053094
2,2,cross_fitted,51,3,306.76,307.1404494886688,0.6992977274932632,306.1186871573934,308.1622118199442,1543.82,1799.3792200080247,207.50795481139656,1520.277464693392,2078.4809753226573,10.96,10.603441571559566,1.5186322199951094,8.166057577774527,13.040825565344605
2,2,cross_fitted,52,3,310.33,310.44430090245567,0.9499370082553742,309.0563229154556,311.8322788894557,570.52,646.7150552666362,272.5990595348625,280.064648623432,1013.3654619098404,5.7,6.075944282216707,1.8132994130473057,3.16562346384533,8.986265100588083
2,2,cross_fitted,53,2,312.69,312.9254205887122,1.1368163299740381,310.81724678050006,315.03359439692434,95.36,77.51207418638137,253.1327006766876,-427.03608535352765,582.0602337262903,1.39,1.8610896250862998,1.729215780214357,-1.13129858371342,4.85347783388602
2,2,cross_fitted,54,2,311.54,311.7127274246265,1.141805405600921,309.5953016042059,313.83015324504714,223.41,151.78634751160496,226.1811338595589,-299.04151671305124,602.6142117362612,4.71,4.385133447129563,1.9200021133572138,1.0625916622237725,7.7076752320353545
2,2,cross_fitted,55,2,308.42,305.4059553485672,1.4280450268078517,302.7577112627942,308.0541994343402,709.64,822.4408077027435,263.3581399281457,297.5111386185582,1347.370476786929,12.53,9.854137184003905,1.6953813831658462,6.920299013862323,12.787975354145487
2,2,cross_fitted,56,0,308.18,307.89782893206154,0.8704835214756431,306.5668320265968,309.2288258375263,1523.36,1591.0781946549682,244.9165268112507,1328.7542811951143,1853.402108114822,7.59,6.582694035171842,1.0427582861260198,4.984346175886603,8.181041894457081
2,2,cross_fitted,57,2,308.44,309.2560573872685,1.203084187104574,307.0249928736316,311.48712190090544,1059.82,1230.8522108527668,266.38729581011427,699.8847796733601,1761.8196420321735,5.32,5.798881598651286,1.6895335005875078,2.875163122693674,8.722600074608897
2,2,cross_fitted,58,3,309.87,310.80544000047865,0.8166264107486877,309.61224563930335,311.99863436165396,261.82,247.63426589172002,197.32561228816033,-17.772064232909486,513.0405960163496,2.03,3.2131490339592563,1.6509167999704795,0.5634500941252125,5.862847973793301
2,2,cross_fitted,59,2,308.33,309.38984940195434,1.0190861735504377,307.50000077580097,311.2796980281077,1098.75,1312.8976009860048,262.56950443453474,789.539852818341,1836.2553491536687,2.44,4.5422040873139675,1.578738642449651,1.810214851212276,7.274193323415659
2,2,cross_fitted,60,2,306.45,306.08188460633744,1.404993148740043,303.4763891724718,308.6873800402031,268.91,430.63910633746167,274.9115249243914,-117.31895505134781,978.5971677262712,8.27,6.222936206988052,2.289073736816798,2.261720182071495,10.184152231904608
2,2,cross_fitted,61,0,303.98,303.66521409792387,1.4843156462552627,301.395648410397,305.93477978545076,704.72,803.3900420209264,198.06055866499815,591.2523740264422,1015.5277100154107,7.93,5.8465765053293515,1.7938679791042953,3.096921976192214,8.596231034466488
2,2,cross_fitted,62,1,308.91,309.02754843900567,1.539048662775083,306.80078920677204,311.2543076712393,671.26,904.9953986173737,271.0976611651215,617.46990277393,1192.5208944608173,8.35,8.219322144688343,1.4594772640777531,5.739629361106536,10.69901492827015
2,2,cross_fitted,63,4,309.65,310.7685447723374,1.3714297664810775,308.98395568962536,312.55313385504945,616.92,539.4195143257305,313.19370695668977,126.52532267910743,952.3137059723535,2.11,3.069923612810168,1.8608810534562346,-0.0484515267674861,6.188298752387823
2,2,cross_fitted,64,2,311.97,312.24030867389666,1.1907285581763172,310.0321571081157,314.4484602396776,177.02,177.61824912526401,263.3681131487299,-347.33129874217207,702.5677969927001,2.3,2.5354386708585865,1.6716523311863587,-0.35733664514884467,5.428213986866018
2,2,cross_fitted,65,1,306.98,308.1573094480901,1.272853963791998,306.31569171129394,309.9989271848862,2215.59,1567.3031406762616,272.77846098402165,1277.9949927831256,1856.6112885693976,6.68,7.7729724379557865,1.5338206429721808,5.166968169646541,10.378976706265032
2,2,cross_fitted,66,3,306.01,306.3075876112864,0.9409894945222524,304.93268307230665,307.68249215026617,1493.56,1385.2192378843388,214.1352254438649,1097.2036899965576,1673.23478577212,12.0,12.128157731610983,1.3455157519407601,9.968623307155923,14.287692156066043
2,2,cross_fitted,67,4,311.22,312.6956917231509,1.5241960946699615,310.7123136625742,314.6790697837276,462.07,410.37839317305946,345.2308071446515,-44.75142547049927,865.5082118166182,3.64,4.479758511906013,2.509988374505381,0.27364048348653114,8.685876540325495
2,2,cross_fitted,68,3,304.88,308.9685474893021,1.1090835951264317,307.3480362318183,310.58905874678595,395.97,411.1471618882512,206.27140302977148,133.70858991086777,688.5857338656347,8.3,10.71885009700537,1.7371676174804274,7.930719771822281,13.50698042218846
2,2,cross_fitted,69,3,310.04,308.77627449135105,1.3716743216591158,306.77208500588966,310.7804639768124,990.55,936.3781430349035,357.4585936979633,455.5902086924348,1417.1660773773722,2.36,2.8192933313724167,2.0438449784899695,-0.4610499741090246,6.099636636853858
2,2,cross_fitted,70,3,312.89,312.0892650997764,0.9707744499259003,310.6708409778298,313.507689221723,164.97,271.33739963388905,230.01645635962134,-38.038675994495065,580.7134752622732,0.86,4.355552738471366,1.7541676874795535,1.5401375328784366,7.170967944064296
2,2,cross_fitted,71,3,312.89,312.2369873057997,1.1183518623715905,310.6029339388895,313.87104067270985,42.42,117.81199908536803,277.4063500821507,-255.30429572716002,490.9282938978961,0.86,1.0767435065597146,1.6989666645947936,-1.6500748104328213,3.8035618235522506
2,2,cross_fitted,72,4,311.83,312.6624436731774,1.2971548667825297,310.9745056756038,314.350381670751,492.81,302.61695998992235,295.6217610825739,-87.11152230113373,692.3454422809784,6.49,4.211743309088925,2.029849064011497,0.8102196885695165,7.613266929608335
2,2,cross_fitted,73,1,307.38,307.8278848984538,1.6331187915332812,305.4650211149112,310.1907486819964,663.32,760.3578891429311,246.77273098537776,498.63135291141856,1022.0844253744435,9.56,9.52383998425847,1.6701110540604593,6.686274487031719,12.36140548148522
2,2,cross_fitted,74,1,313.21,312.38783687818204,1.556015494024898,310.1365293330581,314.639144423306,15.08,46.45463622352622,241.74908023377634,-209.94382868826102,302.85310113531347,0.39,1.0701425728392824,1.7036086899215632,-1.824336346717701,3.9646214923962657
2,2,cross_fitted,75,4,307.86,307.9055360122218,1.0875972910131069,306.4902872700938,309.32078475434975,946.9,1138.309269842,361.5797066508634,661.6261265434772,1614.9924131405228,8.0,6.79561789066696,1.3991012595469094,4.451071162427902,9.140164618906017
2,2,cross_fitted,76,0,307.58,307.7662129742645,0.8845770575804053,306.4136666052203,309.1187593433086,1109.01,1117.7639073626701,175.09243633179938,930.2268157919759,1305.3009989333643,8.19,7.639274948824179,1.0990365822970751,5.954663287653067,9.323886609995292
2,2,cross_fitted,77,1,312.31,312.0280580335414,1.3232361769105014,310.1135452279177,313.9425708391651,65.54,63.79184545923715,215.70654788313195,-164.98597530919398,292.5696662276683,2.01,2.2462944036042924,1.751813209025016,-0.7300853451734848,5.222674152382069
2,2,cross_fitted,78,1,312.73,312.835751546197,1.20423414148357,311.0934158051787,314.5780872872153,68.26,51.063435381148224,216.8552382330083,-178.93268347587323,281.05955423816965,1.34,2.239598825357742,1.564120601332442,-0.41788592157084414,4.897083572286329
2,2,cross_fitted,79,0,306.53,306.65775583773416,1.1860774734131911,304.84420577296294,308.4713059025054,466.58,595.4343636932747,229.53607866697504,349.58406024456605,841.2846671419834,7.25,8.367016482448314,1.537562076934696,6.010229596278476,10.723803368618151
2,2,cross_fitted,80,3,315.92,312.4230958775381,1.1765870853118467,310.7039534922966,314.14223826277964,84.11,228.87462196935093,256.7335868483602,-116.43645202164811,574.1856959603499,3.9,2.5849291430809385,2.001075985882351,-0.6267705127797569,5.796628798941634
2,2,cross_fitted,81,3,309.26,308.10544445976626,1.8625390125739982,305.3840396435361,310.82684927599644,613.05,701.8343614188449,366.99349688086136,208.22181889438775,1195.446903943302,8.86,10.720160913498491,2.4481912392055323,6.79084737622642,14.649474450770562
2,2,cross_fitted,82,4,310.16,309.0446476383527,1.027435148301085,307.70768559066624,310.3816096860392,517.94,886.5472336745337,418.33094213205857,335.0469565113269,1438.0475108377404,7.35,8.063694348638275,2.095606052313504,4.551978323723311,11.57541037355324
2,2,cross_fitted,83,0,304.65,303.9808874089742,1.9087400922940971,301.06236328588307,306.8994115320653,2419.87,1516.9381604518626,225.8503628279615,1275.0355342602961,1758.840786643429,12.79,9.25215141835983,1.5860944848915575,6.820973686875307,11.683329149844353
2,2,cross_fitted,84,1,315.33,314.24909264065747,1.6524159379664125,311.858308947878,316.6398763334369,96.59,75.88535750291737,207.66889768972837,-144.36775173778537,296.13846674362014,6.91,3.6250543409279796,1.7591034264568344,0.6362883083749322,6.613820373481027
2,2,cross_fitted,85,4,311.02,310.8290696812606,1.5216119665073145,308.8490542477904,312.8090851147308,146.83,235.4286329003167,385.2175754157507,-272.417137549194,743.2744033498275,5.0,5.764550665843283,2.037093581290116,2.3508870310344445,9.17821430065212
2,2,cross_fitted,86,3,309.61,309.97881644710003,1.32833978396427,308.0379441962285,311.91968869797154,540.43,508.66250826921066,281.0927389589449,130.58795724322454,886.7370592951968,7.42,8.380473796564504,2.1117647992429296,4.991120105431857,11.76982748769715
2,2,cross_fitted,87,2,311.04,312.3379940980327,1.1968621598639908,310.1184680488924,314.557520147173,153.39,127.25825920286559,262.2549773515471,-395.4725685375969,649.9890869433281,1.96,1.9288551208411944,1.633374855847398,-0.8976814601410861,4.755391701823475
2,2,cross_fitted,88,3,312.29,313.29271836799006,1.1886913343936674,311.5558901455522,315.0295465904279,42.84,75.17998074165541,274.91217186648663,-294.581601627718,444.9415631110288,3.51,3.529346365042217,1.969722380338059,0.3679688183103229,6.6907239117741115
2,2,cross_fitted,89,1,311.14,311.2462626191408,1.646562740800126,308.8639475740028,313.6285776642788,504.12,515.475588295598,231.96457285466104,269.4545472379045,761.4966293532914,4.26,4.756525286585738,1.779212773537048,1.733592909640298,7.779457663531178
2,2,cross_fitted,90,3,308.79,307.57530351435213,0.768382263476639,306.45259994765405,308.6980070810502,843.81,952.1551281337513,249.00378568696115,617.2407691715348,1287.0694870959678,7.69,6.779387591338631,1.6379534974856769,4.150494575129173,9.40828060754809
2,2,cross_fitted,91,1,302.53,303.9659299601359,1.6910949127799588,301.51918392754055,306.41267599273124,2030.6,2003.2536591428134,299.05129232070504,1686.0806125824402,2320.4267057031866,2.36,7.359804704338589,2.2820662830158467,3.482510118851794,11.237099289825384
2,2,cross_fitted,92,0,312.07,310.814791919852,1.1564829816096114,309.04649277142505,312.5830910682789,81.77,85.99760822698704,188.3686123879218,-115.75926060483098,287.75447705880504,5.71,4.18377536646727,1.3212033868106066,2.158624731765018,6.208926001169521
2,2,cross_fitted,93,4,306.81,306.77355383711745,1.1118534024987448,305.32674154517866,308.22036612905623,673.45,1139.407384285776,379.2516194403528,639.4267417591641,1639.388026812388,7.15,7.844771647093791,1.68779987613271,5.016437635879532,10.67310565830805
2,2,cross_fitted,94,3,309.96,309.83304205671385,0.951508935089104,308.4427672860077,311.22331682742,659.22,531.5200117687184,260.71426965947603,180.85485117924162,882.1851723581951,4.79,4.916117764404314,1.7018462991300032,2.184677673270773,7.647557855537855
2,2,cross_fitted,95,2,314.36,313.5481231044781,1.2751431765676389,311.1834284957882,315.91281771316807,139.42,135.68447897897454,278.38786997511784,-419.20268912967344,690.5716470876225,5.84,3.0056605904328624,1.752553431067011,-0.027113157309781588,6.038434338175506
2,2,cross_fitted,96,2,310.35,310.9491342301484,1.176205547435727,308.76791492251016,313.1303535377866,94.55,93.2630043546369,216.6142909623071,-338.4960751436199,525.0220838528937,3.98,5.031468487286556,1.6178609677353315,2.2317785129512675,7.831158461621845
2,2,cross_fitted,97,2,313.16,313.4853011093439,1.1591063120268785,311.33579155048295,315.6348106682048,15.39,-5.394679665179638,288.63982710367685,-580.7162131761198,569.9268538457605,0.53,1.8566858628108847,1.9358445071811936,-1.4932710041340962,5.206642729755865
2,2,cross_fitted,98,3,306.83,307.1854711409533,0.5921302188853684,306.320294079624,308.0506482022827,1407.27,1534.5684479842478,145.30716481689214,1339.127821155999,1730.0090748124965,10.88,11.799697930652133,1.2332110648533454,9.820410996754585,13.778984864549681
2,2,cross_fitted,99,0,309.81,309.54845128248667,1.0173789207793156,307.9928466537548,311.10405591121855,533.37,622.284171790646,205.06001883630705,402.64955857915254,841.9187850021395,7.02,5.087566526131281,1.3251160064234253,3.0564185982254624,7.118714454037098
3,3,uncalibrated,0,4,312.33,313.082014412208,1.2210867630630502,311.0735054211613,315.09052340325474,84.06,84.127759460216,209.8294496871377,-261.01097189890373,429.26649081933573,0.31,3.0405396997568452,1.725863854069969,0.2017462797654117,5.879333119748279
3,3,uncalibrated,1,3,311.68,309.44628024549894,2.306126554580047,305.65303961798884,313.23952087300904,204.84,291.4503359972458,341.3335704683159,-269.99342538785925,852.8940973823509,9.2,6.610264319140767,1.8500480973115043,3.56720599624327,9.653322642038264
3,3,uncalibrated,2,3,301.44,306.12136251077635,1.8397483601467932,303.0952457479109,309.1474792736418,220.66,512.9456877317065,323.5408736200284,-19.231691709244842,1045.1230671726578,4.44,9.319730948290443,1.912350419876618,6.174194424154219,12.465267472426667
3,3,uncalibrated,3,4,314.31,314.67543286927753,1.6622459686984539,311.9412815587784,317.40958417977663,12.81,8.20951235393693,243.38594416424377,-392.1247406536278,408.54376536150164,2.87,4.175712088787266,2.250221222486895,0.4744275495365229,7.876996628038009
3,3,uncalibrated,4,1,306.89,305.3196977364535,1.2882981860218468,303.2006357925805,307.43875968032654,422.12,667.4897988337955,478.2861420284588,-119.22089660234167,1454.2004942699327,12.1,9.487606083264318,2.585031930069416,5.235606937304276,13.73960522922436
3,3,uncalibrated,5,1,307.84,307.8437945187081,0.9106167074976511,306.34596332461797,309.3416257127982,2201.12,1794.7544115281391,244.18492325382007,1393.1059548672265,2196.402868189052,5.77,6.216712071427026,1.502569899848392,3.7452045219132892,8.688219620940764
3,3,uncalibrated,6,0,314.22,312.767438703246,1.735798177407084,309.9123047754822,315.6225726310098,87.66,121.21071044367261,291.35793591068995,-358.0304471801201,600.4518680674653,3.45,3.2650453442531004,2.182523062185086,-0.3248856304872705,6.854976318993471
3,3,uncalibrated,7,3,301.14,306.43001215484094,2.8212433325814743,301.7894798267316,311.07054448295025,965.47,1069.022745163239,535.9254933158194,187.5037537069569,1950.541736619521,6.46,7.257223831335241,2.9707433325627886,2.370785886027437,12.143661776643047
3,3,uncalibrated,8,1,306.32,305.61043434425346,1.1044405250133715,303.793791340933,307.4270773475739,331.97,480.42116231313196,268.2396712617968,39.20616614589511,921.6361584803687,10.22,6.8965685261123255,1.8273224076152212,3.8908906363367337,9.902246415887918
3,3,uncalibrated,9,0,304.34,304.1117621193364,1.8847101829635053,301.0116897391365,307.2118344995363,421.99,541.2742846938479,249.36392853615507,131.10712241028568,951.4414469774101,3.37,6.226841221911497,2.907718937384275,1.4440691815994926,11.0096132622235
3,3,uncalibrated,10,4,303.31,302.8629501873345,1.3737572149069968,300.60332064984397,305.122579724825,1035.72,446.5713398337113,238.9052522797726,53.607169123571,839.5355105438516,5.86,6.7641885200253,1.8961382006643672,3.6453187234612785,9.883058316589322
3,3,uncalibrated,11,1,308.31,307.8741300661419,0.9256413975913822,306.3515854560573,309.3966746762265,374.66,644.7635468408996,341.87166387218537,82.43470056880119,1207.092393112998,8.57,8.074390209673933,1.7444519696611083,5.205022060334221,10.943758359013644
3,3,uncalibrated,12,1,307.47,306.9384391305239,1.0827448215705464,305.15748238370065,308.7193958773471,850.87,1101.344126274908,287.7491607956802,628.0388754878911,1574.6493770619247,10.63,10.057982506368333,1.8284318793079533,7.050479698054951,13.065485314681716
3,3,uncalibrated,13,1,306.43,307.84207373596115,1.0532795228650114,306.1095830925829,309.5745643793394,2256.33,1193.699303670719,185.97751445350164,887.7935144904571,1499.6050928509808,4.77,7.386907156631958,1.5417413490813923,4.850968306774375,9.922846006489541
3,3,uncalibrated,14,4,313.31,313.37582270835964,1.4290449905464404,311.0252528725825,315.7263925441368,0.85,-54.24355088896846,322.32243653335934,-584.4167796687001,475.9296778907632,0.42,1.531761799339864,2.159836099055712,-2.0208524418126417,5.084376040492369
3,3,uncalibrated,15,0,311.83,313.3293714226296,1.1624064636422085,311.4173829349159,315.2413599103433,194.23,157.52149167413472,234.33953763934113,-227.93274675006643,542.9757300983358,3.51,3.4250949156504777,1.7254633247204312,0.586960307812332,6.263229523488624
3,3,uncalibrated,16,2,307.32,306.9003448870651,0.7333677337377166,305.6940623103374,308.1066274637928,1604.24,1510.6579013960854,292.36699983116733,1029.7569813228697,1991.5588214693012,11.92,11.133724255151558,1.4503929490337955,8.748040152428478,13.519408357874637
3,3,uncalibrated,17,1,311.08,311.4860682436628,1.052407557549078,309.7550118555971,313.21712463172855,560.59,353.2288014483589,200.73223247515003,23.053660815542457,683.4039420811754,3.19,3.333997378659358,1.704172872605598,0.5308824482017322,6.137112309116985
3,3,uncalibrated,18,2,311.14,309.6257307126022,1.5526244393130775,307.0718907723046,312.1795706528998,68.07,179.22721325984065,372.875022293647,-434.0976195594755,792.5520460791568,5.46,5.347114484603097,2.019533228081485,2.025277929644253,8.66895103956194
3,3,uncalibrated,19,4,312.39,311.8262897818223,1.2767651586795907,309.7261979798029,313.9263815838417,59.84,17.616536195959043,249.45918001960416,-392.70730083562694,427.940373227545,5.02,4.61906839337699,1.8634260006481376,1.5540053776552258,7.684131409098754
3,3,uncalibrated,20,4,308.85,309.8222526017709,1.15698459283914,307.91918229791247,311.72532290562935,484.91,309.98500138310925,217.19313990826447,-47.26592254397798,667.2359253101965,7.06,7.153701084736641,1.5487114283944927,4.606297474640765,9.701104694832516
3,3,uncalibrated,21,4,311.28,310.18777496062046,1.093887596026885,308.3884899808184,311.9870599404225,410.23,679.8856692502172,226.1535663419513,307.8961554046484,1051.875183095786,5.16,4.179955645321432,1.6570801795037995,1.4543013019152125,6.905609988727653
3,3,uncalibrated,22,4,312.03,312.54637469929855,1.4066027949173336,310.2327189903987,314.8600304081984,122.49,212.12378489723437,281.80958649756445,-251.41173556297895,675.6593053574477,3.07,4.079243908629939,1.9870119475461816,0.8109000999126952,7.347587717347183
3,3,uncalibrated,23,0,307.93,307.6494715337733,1.4304764476475504,305.29654716059156,310.00239590695503,117.49,128.95062804496308,292.1077458616912,-351.5238571962584,609.4251132861846,6.42,7.928407323913021,2.004758908680141,4.630872361807217,11.225942286018824
3,3,uncalibrated,24,4,306.65,307.04456512607226,1.168917570877805,305.1218668200066,308.96726343213794,1388.31,1534.14787545652,261.78407600903967,1103.5513885549115,1964.7443623581287,11.47,11.638054781954047,1.6442971174792582,8.93342670448244,14.342682859425654
3,3,uncalibrated,25,0,308.18,308.43936743988525,0.9039765016793218,306.9524584124191,309.9262764673514,1252.74,1205.405703242356,246.56665083130824,799.8396533372015,1610.9717531475103,7.11,6.422676415340831,1.3980135507978861,4.123148755783623,8.72220407489804
3,3,uncalibrated,26,4,310.29,310.05325549948213,1.3110816471445368,307.8967180969469,312.20979290201734,785.56,980.1942789521447,233.39660825751565,596.2910213415983,1364.0975365626912,5.06,4.703940053884828,1.838314630285607,1.6801815667815942,7.7276985409880625
3,3,uncalibrated,27,2,303.33,305.3251646993666,1.793078172824829,302.3758135633882,308.274515835345,1918.36,1831.0803123645965,584.2734634522756,870.035986873623,2792.1246378555697,8.91,7.750955434749279,2.5284842316902836,3.591968975563911,11.909941893934647
3,3,uncalibrated,28,3,302.73,305.3742518898964,2.84857078575593,300.68876990131776,310.0597338784751,2026.87,1460.7062895706388,587.3331023158497,494.6293059977537,2426.7832731435237,13.02,5.653126213685325,3.586888879721458,-0.24678096959641582,11.553033396967066
3,3,uncalibrated,29,3,310.24,310.19492532252985,1.5147053850168937,307.7034566762219,312.6863939688378,305.92,402.01796017412136,324.2876761091416,-131.38780004966424,935.4237203979069,5.99,6.174834362445844,1.642135595623232,3.4737616720388558,8.875907052852831
3,3,uncalibrated,30,1,305.2,305.35558717936846,1.2507409927002875,303.29830132114853,307.4128730375884,2372.98,2058.0822824043025,319.31903784752586,1532.8492048461453,2583.3153599624598,10.28,8.357234750591324,2.0014516273679104,5.065139782147291,11.649329719035357
3,3,uncalibrated,31,1,307.79,307.12969083704195,1.2677418303851629,305.0444410892948,309.2149405847891,1236.45,1163.9126851259948,187.2270484247554,855.9515954611171,1471.8737747908726,12.82,11.032890204665689,1.542787420401723,8.49523072060281,13.570549688728567
3,3,uncalibrated,32,1,309.58,309.38120078281264,1.0245534030341834,307.69596040182637,311.0664411637989,717.28,698.9193893696167,164.86525567789468,427.74017560954996,970.0986031296835,6.31,6.163834755444284,1.5203816161480181,3.663029539772876,8.66463997111569
3,3,uncalibrated,33,3,311.54,311.2868153387244,1.449655883401098,308.9023436010806,313.67128707636823,686.14,544.9441763653841,325.42816943824954,9.66247155270139,1080.2258811780669,4.98,2.223044573433841,1.916689429081194,-0.9296289857299063,5.375718132597589
3,3,uncalibrated,34,0,308.55,309.8270498577838,1.3760180137760287,307.56370163707373,312.0903980784938,367.47,504.0100551372345,231.59712237655106,123.06668840464067,884.9534218698283,5.43,5.204976517979503,1.7839519298669126,2.2706367158308347,8.139316320128172
3,3,uncalibrated,35,2,306.8,306.9586498612224,1.7691584811611893,304.04864311683247,309.86865660561233,554.95,597.0593819681584,369.2738822297674,-10.342102555925067,1204.4608664922418,12.78,10.418962444121206,2.419321031028181,6.43953347147453,14.398391416767883
3,3,uncalibrated,36,2,307.12,307.2759282284334,0.9494552315873758,305.7142133471288,308.83764310973794,2075.38,2063.1005280582663,390.92977381422685,1420.0782717166169,2706.122784399916,5.9,6.4168526837982185,1.2987155230752632,4.280655745289694,8.553049622306743
3,3,uncalibrated,37,3,309.05,308.87327662741774,1.1549788698092,306.9735054443598,310.7730478104757,1337.07,1345.9343445703967,285.632160123495,876.1112500172824,1815.757439123511,4.68,3.964991015172288,1.5996098502493348,1.3338669512823693,6.596115079062207
3,3,uncalibrated,38,4,307.56,307.7694749731315,1.336217679182251,305.5715924771319,309.96735746913106,316.18,313.38174670515036,194.32686077954517,-6.2574950621781795,633.0209884724788,8.14,6.07406656507767,1.883771137973792,2.9755387764349774,9.172594353720363
3,3,uncalibrated,39,4,312.34,312.4409993734746,1.4969394725641132,309.9787530527007,314.9032456942485,106.38,233.3209657053044,299.4792544098172,-259.2785721074059,725.9205035180147,5.13,4.416604051302008,2.03595475937525,1.0677564810345177,7.765451621569499
3,3,uncalibrated,40,1,309.58,308.56255077365506,1.2133764375787832,306.56672413944614,310.558377407864,435.02,401.40490336258085,148.49256175518983,157.1563745842415,645.6534321409202,7.83,8.949123073107113,1.6144682052629657,6.293559190082491,11.604686956131737
3,3,uncalibrated,41,4,307.48,307.5122751296744,0.9434423969346591,305.9604504812566,309.06409977809216,1296.42,950.7119591006867,189.537453182146,638.9505917908891,1262.4733264104843,8.74,8.508202271210434,1.4146328016596257,6.181338376596077,10.835066165824792
3,3,uncalibrated,42,0,304.47,304.78201282253843,1.3782026042313111,302.5150712702946,307.0489543747823,451.73,505.9665834979148,232.00047425049632,124.3597619725245,887.5734050233052,7.37,7.211802539481453,1.952854722246085,3.9996423666856713,10.423962712277234
3,3,uncalibrated,43,3,311.63,311.5342360866631,1.7881851493687466,308.59293325806317,314.47553891526303,91.86,178.63625555470986,343.605923911134,-386.54519463253035,743.81770574195,2.46,3.068291104248172,2.1425164663933605,-0.4558348763021973,6.592417084798542
3,3,uncalibrated,44,4,312.52,312.462373504248,1.0230615628583872,310.77958698198574,314.1451600265102,220.1,352.80062024821865,252.6104716005845,-62.70663016992444,768.3078706663617,1.31,1.794438615440451,1.5714836773488479,-0.7904220109418376,4.379299241822739
3,3,uncalibrated,45,0,312.59,312.51872319779005,1.136527685962262,310.64930151140425,314.38814488417586,188.63,230.94938968691218,254.57076552336383,-187.78225730000543,649.6810366738298,1.23,1.9411958885493439,1.6433152090295684,-0.7618170932474571,4.644208870346144
3,3,uncalibrated,46,2,306.36,306.5993541350522,1.6264328150696523,303.92411022019195,309.2745980499124,947.21,1013.0131208974552,455.1456628521709,264.36512656383024,1761.6611152310802,7.22,7.410760695487253,1.8964995749394418,4.291296491136189,10.530224899838318
3,3,uncalibrated,47,1,302.67,305.8383246907748,1.517330083798191,303.3425387991568,308.33411058239284,1366.98,1230.9230332809766,248.37157010597673,822.388155360529,1639.4579112014242,10.28,10.954479767691216,2.2415251970807084,7.267498917369901,14.641460618012532
3,3,uncalibrated,48,3,312.73,312.408084140302,1.762418950749463,309.5091629369537,315.30700534365025,46.91,55.64243749444415,332.6595208038008,-491.53378183962604,602.8186568285143,1.25,1.5416084159374384,1.997296608319424,-1.7436521543546388,4.826868986229515
3,3,uncalibrated,49,3,310.89,309.65515524088266,1.9901054628493606,306.381723052299,312.92858742946635,93.48,274.8292567964047,373.8655616617681,-340.12486829520356,889.783381888013,4.63,4.8309629219501975,2.4236003797462176,0.8444950470436678,8.817430796856726
3,3,uncalibrated,50,1,307.08,305.69114206816573,1.5358756883664761,303.16485137160953,308.21743276472193,130.32,298.57965037956427,427.12624341636763,-403.98050027000517,1001.1398010291337,7.26,8.80473675584888,2.5102030723180886,4.675820127961745,12.933653383736015
3,3,uncalibrated,51,3,306.76,306.9597311086545,0.7996856835253503,305.6443652116867,308.27509700562234,1543.82,1742.390192836262,222.02032700383745,1377.1992527070483,2107.5811329654757,10.96,10.556178545166755,1.026218198315126,8.868199819624516,12.244157270708994
3,3,uncalibrated,52,3,310.33,309.9826265066145,2.1389802224824823,306.4643171296867,313.5009358835423,570.52,689.0711599903591,462.19993283485826,-71.18007590978402,1449.3223958905023,5.7,6.754385889527795,2.409161022134146,2.79166864436033,10.71710313469526
3,3,uncalibrated,53,2,312.69,312.88151145532873,1.523566887557055,310.3754669344273,315.38755597623015,95.36,69.5334128664515,336.1463721233694,-483.37816650725176,622.4449922401548,1.39,2.062960773774146,2.052602512410085,-1.313269913453285,5.4391914610015775
3,3,uncalibrated,54,2,311.54,311.98637467386686,1.314391000015937,309.8243938702583,314.14835547747543,223.41,92.91210344335195,318.8490718277659,-431.547948802659,617.3721556893629,4.71,4.57892754419787,2.2090922496258916,0.9452941451303367,8.212560943265403
3,3,uncalibrated,55,2,308.42,305.3170473334345,2.039311204941602,301.9626789015035,308.6714157653655,709.64,803.1404260320985,334.3347718321846,253.208663967937,1353.07218809626,12.53,9.362367337660112,2.167500677524619,5.7971459868139705,12.927588688506255
3,3,uncalibrated,56,4,308.18,308.08848702418067,1.0006834821205914,306.4425091691842,309.73446487917715,1523.36,1758.2101637285186,318.4058698556542,1234.4791138538076,2281.9412136032297,7.59,6.586182053782552,1.376525521582716,4.321999057015955,8.850365050549147
3,3,uncalibrated,57,2,308.44,309.42688965197254,1.332366906213872,307.2353411138565,311.61843819008857,1059.82,1136.3287108127404,388.88831575868835,496.66435415801277,1775.9930674674679,5.32,6.330204365155133,2.0148457795608965,3.0160779768965273,9.644330753413739
3,3,uncalibrated,58,1,309.87,310.7491180184538,0.9079556808673083,309.25566382366804,312.2425722132396,261.82,220.32233618301615,186.27517585403814,-86.07306243152163,526.7177347975539,2.03,3.0688050033438037,1.4174407765728703,0.7373224010090076,5.400287605678599
3,3,uncalibrated,59,0,308.33,309.1918674841264,1.0393482237637253,307.4822917886031,310.90144317964973,1098.75,1292.5326055614842,248.5405935143432,883.7197088747454,1701.345502248223,2.44,4.91342887486678,1.7183462610822409,2.0870007949671554,7.739856954766404
3,3,uncalibrated,60,3,306.45,307.2060010261895,2.0241603455026933,303.87655354035803,310.53544851202093,268.91,282.4660440156244,429.06061772555114,-423.2758692322872,988.207957263536,8.27,5.842801590469896,2.469511644672353,1.7808164049316826,9.904786776008109
3,3,uncalibrated,61,2,303.98,304.3229607497821,1.9848728489815322,301.0581354450973,307.5877860544669,704.72,1257.1503732167257,460.4566009420102,499.7666631035139,2014.5340833299374,7.93,7.744540468788994,2.211109621254148,4.107588788681814,11.381492148896175
3,3,uncalibrated,62,3,308.91,310.20815539287383,1.6273780867422651,307.5313566444745,312.88495414127317,671.26,746.8991434576344,252.61999894729286,331.37622194870283,1162.422064966566,8.35,8.53442797791566,1.4971198758742763,6.07188492010272,10.9969710357286
3,3,uncalibrated,63,3,309.65,310.29101209708006,1.4518924610173816,307.90286151663213,312.679162677528,616.92,591.8982270637804,274.00314928557725,141.20315316527314,1042.5933009622877,2.11,4.430750653871857,2.3813069758951113,0.5138492376859425,8.347652070057771
3,3,uncalibrated,64,0,311.97,311.3623009836143,1.1069587413184847,309.541515883071,313.18308608415765,177.02,222.47694862049775,256.55737172675265,-199.52237478538825,644.4762720263838,2.3,2.538265408090206,1.5712804251545587,-0.04626089818312007,5.122791714363532
3,3,uncalibrated,65,1,306.98,308.0319940079202,0.8842884368117174,306.57746896535923,309.4865190504812,2215.59,1704.042849103191,191.6378811016328,1388.8265853118755,2019.2591128945064,6.68,7.776352977701416,1.378529777463238,5.508873273380404,10.043832682022428
3,3,uncalibrated,66,4,306.01,306.87846690868963,1.1594243882525304,304.9713834984965,308.78555031888277,1493.56,1557.2725652553204,284.29938722252933,1089.6416870422622,2024.9034434683786,12.0,12.091729119560075,1.644495680767438,9.386774434543725,14.796683804576425
3,3,uncalibrated,67,0,311.22,312.3156845472471,1.1353587026169916,310.4481856673566,314.1831834271376,462.07,510.444931219086,241.33049076515397,113.49159819004393,907.398264248128,3.64,4.132354810925943,1.8119819215967357,1.1519097752170553,7.112799846634831
3,3,uncalibrated,68,2,304.88,308.3258841037467,1.3267812613605787,306.14352313382653,310.5082450736669,395.97,523.0414335364601,316.30392560562996,2.767774285051246,1043.315092787869,8.3,8.211924211524504,1.9964151576009521,4.928113498643684,11.495734924405324
3,3,uncalibrated,69,3,310.04,309.19239457271766,2.0681662148495144,305.79056387308395,312.59422527235137,990.55,827.632688947054,429.4040848305466,121.32582258575212,1533.939555308356,2.36,3.2436172080520502,2.518784855615646,-0.8994151972177833,7.386649613321884
3,3,uncalibrated,70,2,312.89,312.0832102938422,1.2670630572676358,309.9990770285193,314.16734355916515,164.97,329.004957160814,295.4007680700714,-156.88606760349342,814.8959819251214,0.86,3.499787614777941,1.9405839309997364,0.30781109746928026,6.691764132086602
3,3,uncalibrated,71,0,312.89,312.11948190843736,1.540221301911955,309.58604331367957,314.65292050319516,42.42,137.11309551402246,320.91028699089424,-390.7373539689876,664.9635449970325,0.86,1.4328293041000748,1.8743945342865713,-1.6502753439592062,4.515933952159356
3,3,uncalibrated,72,4,311.83,310.9748840580656,1.1037566188759858,309.15936598023575,312.7904021358954,492.81,443.02067252779807,194.6238588865538,122.89291234695867,763.1484327086375,6.49,3.447343226403049,1.6188305134909418,0.7846039848677604,6.110082467938337
3,3,uncalibrated,73,1,307.38,307.40416689623515,1.260962780601693,305.33006769311163,309.4782660993587,663.32,806.4618692443062,401.46753124004647,146.1065443808625,1466.8171941077499,9.56,9.204985110704888,1.9829145043610206,5.9433809962719835,12.466589225137792
3,3,uncalibrated,74,4,313.21,313.13292843302025,1.3378243320568706,310.9324032282126,315.3334536378279,15.08,45.07755673787142,247.55973534648757,-362.12197183394505,452.2770853096879,0.39,1.2531254407526315,1.8279861323191464,-1.753644179009509,4.259895060514772
3,3,uncalibrated,75,0,307.86,308.25284020731976,1.0522319976379693,306.52207258961056,309.98360782502897,946.9,1121.4712680902283,248.92772148591612,712.0216025553534,1530.920933625103,8.0,6.579400892992071,1.5820527468739043,3.9771556942679913,9.18164609171615
3,3,uncalibrated,76,2,307.58,307.74326837205206,0.6507737886264975,306.6728407455048,308.8136959985993,1109.01,1265.5998326635518,202.07278477153102,933.2196797239149,1597.9799856031887,8.19,8.153874412372476,1.02155576880434,6.473564700921458,9.834184123823494
3,3,uncalibrated,77,0,312.31,311.9559148671482,1.4360538474653692,309.59381648764713,314.31801324664923,65.54,64.04832274351179,235.87950629159974,-323.9389387037485,452.03558419077206,2.01,2.174976399202717,1.8120689480693408,-0.805611782315276,5.155564580720711
3,3,uncalibrated,78,2,312.73,313.33039268378695,1.6648457183877905,310.59196516558217,316.06882020199174,68.26,-38.83796262342378,357.9627675201023,-627.6343190924505,549.9583938456029,1.34,2.194806756465918,2.097062849374052,-1.254554677272179,5.644168190204015
3,3,uncalibrated,79,1,306.53,307.0482622239763,1.2142418543415676,305.0510121058663,309.0455123420863,466.58,503.18903603146464,237.08161502757756,113.22448166984123,893.153590393088,7.25,8.783976176638673,1.9447965502676816,5.585070517248166,11.98288183602918
3,3,uncalibrated,80,2,315.92,311.7973506863026,1.5638837485300285,309.22499083040253,314.36971054220265,84.11,276.20258448808255,368.95083314082166,-330.66753157036516,883.0727005465303,3.9,3.7087218411290603,2.7838047042582157,-0.8702294233946342,8.287673105652754
3,3,uncalibrated,81,4,309.26,306.5372957267861,2.0680126558190794,303.13571760928056,309.93887384429166,613.05,776.5427175784871,254.9968618844826,357.1102044465525,1195.9752307104218,8.86,9.968308738870233,2.4607737299638575,5.920696144032281,14.015921333708185
3,3,uncalibrated,82,0,310.16,308.4756980811596,0.9732084635306217,306.8749126101414,310.07648355217776,517.94,601.3908500603978,239.84063819531306,206.88810643448153,995.8935936863141,7.35,6.617484548656388,1.6669744558580941,3.875555568902746,9.35941352841003
3,3,uncalibrated,83,0,304.65,303.7653833467232,2.1931040605629533,300.1580481784242,307.37271851502214,2419.87,1633.7324583171512,245.31558367694112,1230.2242307584174,2037.240685875885,12.79,8.755353702234682,2.2289928627618067,5.088986707471981,12.421720696997383
3,3,uncalibrated,84,3,315.33,313.78200943550854,1.8424327094605075,310.7514773109384,316.81254156007867,96.59,93.22899412736365,304.1722059004226,-407.0897619657763,593.5477502205035,6.91,4.127386186013047,1.848292116418617,1.0872161946560737,7.16755617737002
3,3,uncalibrated,85,1,311.02,310.6477013192163,1.151274203552339,308.75402376988757,312.54137886854505,146.83,206.58688532657789,317.27419938109733,-315.2827322635444,728.4565029167002,5.0,5.637788335817454,1.773333211786926,2.720914770616227,8.554661901018681
3,3,uncalibrated,86,1,309.61,309.04050223589076,1.4920358133881135,306.58632171669785,311.49468275508366,540.43,565.2473344198061,244.90275847358575,162.4181438941083,968.0765249455038,7.42,8.188434586810796,2.081578814891102,4.764542123351822,11.612327050269771
3,3,uncalibrated,87,3,311.04,312.11917775897905,1.58944767582775,309.50476898454417,314.7335865334139,153.39,154.1512154510632,306.80135969383997,-350.49211379499246,658.7945446971189,1.96,1.5574534537043219,1.711376028446214,-1.2575096137632382,4.372416521171882
3,3,uncalibrated,88,1,312.29,313.534097880806,1.1045104833080244,311.71733980633087,315.3508559552811,42.84,96.0669016612186,231.37608001995844,-284.51288274942397,476.64668607186115,3.51,3.20671581175106,1.8895840545018663,0.09862662627399832,6.314804997228122
3,3,uncalibrated,89,3,311.14,310.5136042293999,2.2722533869562374,306.77608000451215,314.25112845428765,504.12,633.230215803407,432.08534671623596,-77.48693389537789,1343.9473655021918,4.26,5.769154523949536,2.4796955190498453,1.690418355705086,9.847890692193985
3,3,uncalibrated,90,2,308.79,307.67402372281657,0.9624984258571264,306.0908546961104,309.25719274952274,843.81,931.5469612037093,318.15773444732895,408.2240577553572,1454.8698646520616,7.69,7.358315781399324,1.3817592314169547,5.0855240980294685,9.63110746476918
3,3,uncalibrated,91,2,302.53,304.6558140104917,2.151836073825398,301.116358639855,308.19526938112847,2030.6,2051.136720261448,820.7943018248985,701.0502359236627,3401.223204599233,2.36,7.533275746908429,3.287128106600776,2.1264311585120197,12.940120335304838
3,3,uncalibrated,92,2,312.07,311.0198425240904,1.171523117146516,309.09285847579446,312.9468265723863,81.77,83.46965190820674,273.6638141900327,-366.6672654276422,533.6065692440557,5.71,4.301686404564194,1.5384971073443756,1.77108385749445,6.832288951633938
3,3,uncalibrated,93,0,306.81,306.6653807039001,1.1624885536452545,304.7532571901471,308.5775042176531,673.45,976.579495170309,259.17063028442715,550.2817439476701,1402.8772463929479,7.15,7.0265065813296275,1.8045745947539118,4.058245514044174,9.994767648615081
3,3,uncalibrated,94,4,309.96,309.7860462450256,1.249729108802931,307.7304247877043,311.8416677023469,659.22,486.7591761061356,259.00517493060994,60.73357472232152,912.7847774899496,4.79,4.674725988314883,1.7818641591883606,1.7438202633390736,7.605631713290692
3,3,uncalibrated,95,2,314.36,313.01823117538396,1.6816713396543088,310.2521279730132,315.7843343777547,139.42,216.94653626842467,349.4726593965711,-357.88483506040154,791.7779075972509,5.84,4.266538796611249,2.6219413731354932,-0.04617098064478853,8.579248573867286
3,3,uncalibrated,96,0,310.35,311.1290636418197,1.4330339415960163,308.7719325654409,313.4861947181985,94.55,97.12851908555854,211.153996262966,-250.18889751287855,444.44593568399563,3.98,5.248138839997694,1.843625980809746,2.2156439587208188,8.280633721274569
3,3,uncalibrated,97,0,313.16,313.16440695542036,1.3400526637149617,310.96021647120284,315.3685974396379,15.39,-6.093522501960592,277.20090383892386,-462.0484345756406,449.8613895717194,0.53,1.3949680775030098,1.7108303935600924,-1.4190975004431214,4.209033655449141
3,3,uncalibrated,98,0,306.83,306.71038672030227,0.7454481746086609,305.48423358659284,307.9365398540117,1407.27,1413.6887741750174,172.29621378742337,1130.286722016768,1697.090826333267,10.88,11.642962409730192,1.200774767002966,9.667863679073555,13.618061140386828
3,3,uncalibrated,99,3,309.81,309.9776563513631,1.398898202275656,307.67667356961414,312.2786391331121,533.37,620.3287163706691,312.7757368845609,105.85841113367997,1134.7990216076582,7.02,5.049447837336273,1.8644864970770538,1.9826404602170369,8.11625521445551
3,3,holdout,0,4,312.33,313.1416799084621,1.3518637386187524,311.31354157521736,314.96981824170683,84.06,82.06998659328235,224.9469985046404,-867.1377869471805,1031.2777601337452,0.31,2.9495907197575857,1.6919307025384775,-1.1324880772808932,7.031669516796065
3,3,holdout,1,3,311.68,310.30956020819536,1.628295426501849,305.01656313512024,315.6025572812705,204.84,187.82600471318193,202.4077131500295,-937.0073553395034,1312.6593647658672,9.2,6.661159930610771,1.4355052582747556,3.5214707653611947,9.800849095860347
3,3,holdout,2,3,301.44,305.958352912515,1.4669560503956376,301.18981155650624,310.7268942685238,220.66,292.5903109902284,261.56064629161745,-1160.9715916022624,1746.152213582719,4.44,9.868328131607011,1.5127178170258722,6.559762236206387,13.176894027007636
3,3,holdout,3,4,314.31,314.6053144343085,1.7665533925261874,312.2163872944325,316.99424157418457,12.81,-1.671538046378373,277.55567632129817,-1172.8718977125332,1169.5288216197764,2.87,3.832186736005656,2.154446817333846,-1.365793098032801,9.030166570044113
3,3,holdout,4,1,306.89,305.52414747835337,1.1913518461554684,302.03355624219694,309.0147387145098,422.12,661.5931306115128,336.94354674911955,-479.50917635528003,1802.6954375783057,12.1,9.206945734864547,3.05367699385733,4.601874574172553,13.812016895556543
3,3,holdout,5,1,307.84,307.8726229046585,0.9593092346432952,305.06190294983094,310.68334285948606,2201.12,1888.378328709173,222.35720569377568,1135.337284190281,2641.419373228065,5.77,5.8180447561300115,1.7009984602521193,3.2528687504668214,8.3832207617932
3,3,holdout,6,0,314.22,313.2127106671485,1.441787626227099,308.0570193141268,318.36840202017015,87.66,34.32056242425017,239.1794097451394,-1128.7970654602832,1197.4381903087838,3.45,4.182450637752503,2.89237077379681,0.11770627853953464,8.24719499696547
3,3,holdout,7,3,301.14,305.91232687288857,2.821496902608365,296.74066514361596,315.0839886021612,965.47,1195.7659311891593,440.03569542215,-1249.6291682452957,3641.1610306236144,6.46,8.034473641495136,1.9153813111393143,3.845215597861687,12.223731685128586
3,3,holdout,8,1,306.32,305.58208088677964,1.1117943618000319,302.32458842707445,308.8395733464848,331.97,376.54209304657,173.3619006360396,-210.57010027057242,963.6542863637125,10.22,6.709955331142841,1.8960188295269678,3.8506805455164597,9.569230116769223
3,3,holdout,9,0,304.34,304.12211159868906,1.4329467362138202,298.99803440254135,309.24618879483677,421.99,505.95969451289733,215.06250670291658,-539.878627898471,1551.7980169242658,3.37,5.79575465879786,3.719680174333876,0.5683650226992603,11.023144294896461
3,3,holdout,10,4,303.31,303.02776480377,1.4758809225049696,301.03191684020777,305.0236127673323,1035.72,453.3038651698604,252.30312546623642,-611.3384264505186,1517.9461567902395,5.86,7.069235459887126,1.7437602595439403,2.8621087897918684,11.276362129982383
3,3,holdout,11,1,308.31,307.74010618241243,0.9438668134485142,304.9746316185762,310.50558074624865,374.66,674.2183010919415,268.17351936478633,-233.98553473463437,1582.4221369185175,8.57,7.8850556897400494,1.9177648671839522,4.992986980239289,10.77712439924081
3,3,holdout,12,1,307.47,306.9366863055714,1.0523312344416897,303.8534173314816,310.01995527966125,850.87,1048.8851615662995,226.11208679940964,283.12773315056677,1814.6425899820324,10.63,9.581387269050209,2.3414115148553365,6.050441899234771,13.112332638865647
3,3,holdout,13,1,306.43,307.8328013606465,1.0031330036929906,304.8936803254212,310.7719223958718,2256.33,1099.6032143738755,148.8447767768319,595.521388801877,1603.685039945874,4.77,7.360399486221348,1.6943656818081188,4.80522598468324,9.915572987759456
3,3,holdout,14,4,313.31,313.72494039073314,1.860748162273774,311.2086327579513,316.24124802351497,0.85,-66.33117720630412,355.8068545923575,-1567.7276595029098,1435.0653050903015,0.42,2.2357504838864717,2.1978491635882955,-3.0669451030614825,7.538446070834426
3,3,holdout,15,0,311.83,312.4089967371172,1.1409810553448712,308.3289602227266,316.4890332515078,194.23,161.39716627891028,169.5374307486379,-663.0549657006544,985.849298258475,3.51,3.220297475661298,1.6612554104356583,0.8856802751437209,5.554914676178875
3,3,holdout,16,2,307.32,306.9694386120544,0.5874866805159664,305.2935074398892,308.64536978421955,1604.24,1644.261290910814,173.33074432899076,1361.1651114341348,1927.3574703874933,11.92,11.299853611247986,0.8131126141049467,9.70199692847463,12.897710294021342
3,3,holdout,17,1,311.08,311.53827007171236,1.0259948240563619,308.5321652398358,314.5443749035889,560.59,424.9857692550862,136.66277586787498,-37.840156108107806,887.8116946182802,3.19,3.097321204915053,1.7615810789941413,0.4407841054068742,5.753858304423232
3,3,holdout,18,2,311.14,309.7780528383168,1.0690427998375103,306.72838003373016,312.82772564290343,68.07,109.34361336927088,270.7602798346405,-332.8814579644985,551.5686847030403,5.46,5.581282968314241,1.539481987734664,2.5560297137957306,8.606536222832752
3,3,holdout,19,4,312.39,311.83265567490287,1.2490594352940625,310.1435405896095,313.52177076019626,59.84,14.22148225668002,268.4157656767524,-1118.4112401840814,1146.8542046974414,5.02,4.566194825968124,1.796712547962192,0.2313114968782033,8.901078155058045
3,3,holdout,20,4,308.85,309.5937238581124,1.1973706394727426,307.9745080284472,311.21293968777763,484.91,305.2848078675067,225.5166679094114,-646.3267969352153,1256.8964126702288,7.06,7.205616432188881,1.5895857174664163,3.3704628153123717,11.04077004906539
3,3,holdout,21,4,311.28,310.0949433311847,1.0916936806588384,308.6186354691123,311.5712511932571,410.23,645.4197603249527,235.78428077473728,-349.5180413697467,1640.357562019652,5.16,4.159038643875613,1.5687972159300174,0.3740409235831752,7.944036364168051
3,3,holdout,22,4,312.03,312.83559829302766,1.5212440534131901,310.7784053313267,314.8927912547286,122.49,222.4265071925069,286.15155859680203,-985.0458557925924,1429.8988701776063,3.07,4.3832047322068775,1.886860729058159,-0.16917685381006642,8.935586318223821
3,3,holdout,23,0,307.93,307.48632941713356,1.217377733603908,303.1331058630328,311.8395529712343,117.49,86.91310489862121,222.28613721906245,-994.0533750728262,1167.8795848700686,6.42,7.619379737106244,1.9257927567696214,4.91299945003921,10.325760024173277
3,3,holdout,24,4,306.65,306.7736878932247,1.2079176928331155,305.14020918187987,308.4071666045695,1388.31,1576.86705540419,214.2263619104812,672.8971008171922,2480.837009991188,11.47,11.134505440403846,1.6654333446766707,7.116356154510793,15.152654726296898
3,3,holdout,25,0,308.18,308.04195665715804,0.9477362683869607,304.6529445759169,311.4309687383992,1252.74,1236.724465936352,186.19747536759067,331.25536180899724,2142.193570063707,7.11,6.179641129817568,1.2546646646857333,4.416419358706063,7.942862900929073
3,3,holdout,26,4,310.29,310.13214609654426,1.3425241816613815,308.3166377359821,311.9476544571064,785.56,952.7513532340135,248.52322973472002,-95.94093044947908,2001.4436369175062,5.06,4.803255388473775,1.7833877717809865,0.5005204128849599,9.10599036406259
3,3,holdout,27,2,303.33,305.36527163923597,1.8978969045801954,299.9511155580322,310.77942772043974,1918.36,1913.7723875134434,645.3434558336484,859.7512586938515,2967.7935163330353,8.91,8.391730315723564,2.528782544435007,3.4223914839137626,13.361069147533364
3,3,holdout,28,3,302.73,305.3426912894857,2.9339446463688703,295.8055027836152,314.87987979535615,2026.87,1674.8886007135684,498.04867282287194,-1092.9000047823179,4442.677206209455,13.02,5.780349699350888,2.353796661001021,0.6322042424492915,10.928495156252485
3,3,holdout,29,3,310.24,310.2429298997959,0.9351568949744158,307.2030744611551,313.2827853384367,305.92,324.0789828063857,188.93664098076167,-725.8920553720427,1374.0500209848142,5.99,5.691746582146756,1.2848608947709157,2.88154173830424,8.501951425989272
3,3,holdout,30,1,305.2,305.26513834835185,1.239157756324832,301.63447859120214,308.89579810550157,2372.98,2142.2310696135623,236.00410928094507,1342.9730450797147,2941.48909414741,10.28,8.343571509593492,2.070747290987207,5.22079897995515,11.466344039231833
3,3,holdout,31,1,307.79,307.54312147136636,1.2119482139666615,303.9921840820476,311.09405886068515,1236.45,1280.9796348264413,176.14309524186731,684.4485711630547,1877.510698489828,12.82,11.09708101310856,1.9226926818867296,8.19758095529603,13.996581070921092
3,3,holdout,32,1,309.58,309.3686006344021,1.06451342145351,306.2496385648108,312.48756270399343,717.28,600.5892466187597,166.9572367076411,35.16726477637269,1166.0112284611469,6.31,6.214422496696084,1.7043862459361525,3.6441375701537284,8.78470742323844
3,3,holdout,33,3,311.54,310.9985913731717,1.371631550166854,306.5399153477972,315.45726739854615,686.14,786.3469998975911,299.42188860170063,-877.6198706708622,2450.313870466044,4.98,3.4661588771759106,1.3958965314488723,0.4131005965906063,6.519217157761215
3,3,holdout,34,0,308.55,309.3848375473075,1.1906291408610636,305.12726434128933,313.64241075332563,367.47,517.0414714458173,166.08903456255285,-290.64128060995245,1324.724223501587,5.43,5.313927791431853,2.0633339781568893,2.4142562746034044,8.213599308260301
3,3,holdout,35,2,306.8,307.1898681084791,1.3538840008174549,303.3276249705192,311.05211124643904,554.95,530.4449651684356,444.9040851018374,-196.2042349690579,1257.094165305929,12.78,10.372569001738743,1.8601814291066925,6.717105691849182,14.028032311628305
3,3,holdout,36,2,307.12,307.2700285805295,0.6854203511307212,305.3147207061663,309.2253364548927,2075.38,2143.9390160594357,260.86306428579394,1717.878785649776,2569.9992464690954,5.9,6.598470325222416,0.9896832079485867,4.6536327956878925,8.54330785475694
3,3,holdout,37,3,309.05,308.764471362986,0.8747315932692377,305.92103663514473,311.60790609082727,1337.07,1303.5631547063467,245.7849484339625,-62.32900965216231,2669.4553190648558,4.68,5.087898885842969,1.4504442582219106,1.9155356387651468,8.26026213292079
3,3,holdout,38,4,307.56,307.97231731985823,1.4667969181889395,305.98875374268425,309.9558808970322,316.18,321.1058426209253,198.2736359320565,-515.5484704658851,1157.7601557077355,8.14,6.718726853901288,1.9176221867017396,2.09212787007694,11.345325837725635
3,3,holdout,39,4,312.34,312.72311720835256,1.6122544688412879,310.5428499867128,314.90338442999234,106.38,248.80271731940212,305.907417876933,-1042.0333505665428,1539.638785205347,5.13,4.584794992439911,2.0245777594421206,-0.2998530208473831,9.469443005727205
3,3,holdout,40,1,309.58,308.87019493238483,1.338270895821017,304.94913947288256,312.7912503918871,435.02,440.6759124802798,125.1834502030484,16.72618796716472,864.6256369933949,7.83,8.767614067331667,1.7625669001575488,6.109590308750397,11.425637825912938
3,3,holdout,41,4,307.48,307.4329747407874,1.08305810457282,305.9683448512958,308.89760463027903,1296.42,943.2565704987452,199.3398563732671,102.10313211649782,1784.4100088809926,8.74,8.7029135252367,1.3945433017126863,5.3383338560265585,12.06749319444684
3,3,holdout,42,0,304.47,304.85676591654027,1.1852818944790173,300.61831393991326,309.0952178931673,451.73,571.2639019850683,211.10552616512055,-455.3318199800044,1597.859623950141,7.37,6.527993421304294,2.11107276918439,3.56123300173121,9.494753840877378
3,3,holdout,43,3,311.63,311.84130855467396,1.4412778319998167,307.1562377609469,316.526379348401,91.86,124.19527584691093,241.39591092693564,-1217.305842688325,1465.6963943821465,2.46,3.470943185054529,1.47738766089342,0.23965022737128372,6.702236142737775
3,3,holdout,44,4,312.52,312.6439172201168,1.5161828718842059,310.5935685428658,314.6942658973678,220.1,483.77261617814247,351.8370477257223,-1000.8724910731689,1968.4177234294539,1.31,2.6825272215314975,2.078832539172792,-2.333019938892427,7.698074381955422
3,3,holdout,45,0,312.59,312.4557094249794,1.2235968219681952,308.080247019941,316.83117183001775,188.63,180.79796779405513,198.7706359353938,-785.8137936808423,1147.4097292689526,1.23,2.0072125811691253,1.8778872991920383,-0.6318445811353173,4.646269743473567
3,3,holdout,46,2,306.36,306.97314839811384,1.5801256246832789,302.46550273027015,311.4807940659575,947.21,980.6056405762196,394.68941147462766,335.9706400117085,1625.2406411407305,7.22,7.7273673857012355,1.9807692744194916,3.8349355536760346,11.619799217726436
3,3,holdout,47,1,302.67,306.28870967576523,1.1799629814507637,302.8314871471458,309.74593220438464,1366.98,1446.822947043085,187.85571758511364,810.6255935651002,2083.0203005210697,10.28,11.847415859821416,1.9664624588971655,8.881909168620306,14.812922551022526
3,3,holdout,48,3,312.73,312.62544741040097,1.2984516944389468,308.40465251880084,316.8462423020011,46.91,51.5400253684586,221.98074316078413,-1182.06585511229,1285.145905849207,1.25,1.2183938837640893,1.3283356376272524,-1.6868974659071125,4.123685233435291
3,3,holdout,49,3,310.89,310.4992675806004,1.8104959675063979,304.6140027196573,316.3845324415435,93.48,127.84111783560286,292.92598128106886,-1500.026272409978,1755.708508081184,4.63,4.203516453472769,1.47490345008897,0.9776568787060738,7.4293760282394645
3,3,holdout,50,1,307.08,306.01338755763146,1.369811987816921,301.999918543179,310.02685657208394,130.32,25.83075549173202,277.8032160051193,-914.9852765252522,966.6467875087162,7.26,8.598352369831128,2.6350462130978345,4.62459373477019,12.572111004892065
3,3,holdout,51,3,306.76,306.5396447120482,0.8321732464460306,303.8345517135417,309.24473771055466,1543.82,1761.549458026578,180.89372271514296,756.275050409057,2766.823865644099,10.96,10.367585845250405,1.1625079885655492,7.824987192144851,12.910184498355958
3,3,holdout,52,3,310.33,310.4665513049053,1.859015175632188,304.4235681193769,316.5095344904337,570.52,686.4594298192188,265.499603181124,-788.9923012001271,2161.9111608385647,5.7,5.644211835948911,1.5047361530076764,2.3531031695581683,8.935320502339653
3,3,holdout,53,2,312.69,313.36042053000875,1.7748944416650192,308.2971552326975,318.42368582732,95.36,82.13582644477151,423.55769708685654,-609.6489247107354,773.9205776002784,1.39,3.333949701854784,2.569045956888679,-1.7145112116253132,8.382410615334882
3,3,holdout,54,2,311.54,312.3177739238753,1.2217527898769989,308.83246327234474,315.8030845754058,223.41,150.7807301046164,303.5855372454547,-345.05690142044836,646.6183616296812,4.71,3.4226391843436383,1.7986526064627797,-0.11191314871527247,6.957191517402549
3,3,holdout,55,2,308.42,305.4268791676505,2.0504015433667346,299.57767104779003,311.27608728751096,709.64,731.604310577488,334.8745092428668,184.66329017290855,1278.5453309820675,12.53,9.96132283421652,1.861650225110187,6.302973176889836,13.619672491543206
3,3,holdout,56,4,308.18,308.17953797269655,1.0718414726499759,306.73007644241324,309.62899950297987,1523.36,1510.7304311813618,301.54071551203987,238.32051637613267,2783.140345986591,7.59,6.960893393984812,1.4024137649853785,3.5773248553132193,10.344461932656404
3,3,holdout,57,2,308.44,309.1969309337723,1.206514405394289,305.75509102705183,312.6387708404928,1059.82,1163.405411670085,353.1097811001945,586.6812399006807,1740.1295834394891,5.32,6.537486924816303,1.6584571708187064,3.2784342087259364,9.79653964090667
3,3,holdout,58,1,309.87,311.12680777359645,1.01629372242146,308.1491266021668,314.1044889450261,261.82,232.34076359026426,133.29693202220358,-219.0863021887592,683.7678293692877,2.03,3.7762804499082594,1.8055340496863974,1.0534604533651932,6.499100446451326
3,3,holdout,59,0,308.33,309.55304255140334,1.1449334890555265,305.4588725211365,313.64721258167015,1098.75,1348.9528411339247,189.7003239774719,426.44955764177826,2271.456124626071,2.44,5.170536842440848,1.9584862965749457,2.418211242030756,7.92286244285094
3,3,holdout,60,3,306.45,307.05869626566465,1.559102389290529,301.9906206272849,312.1267719040444,268.91,315.5286225737224,254.93954444240356,-1101.2380604868827,1732.2953056343272,8.27,5.249413743758914,1.8651582694196738,1.170001859882861,9.328825627634966
3,3,holdout,61,2,303.98,303.10466900055746,1.9173851924403793,297.6349184178948,308.5744195832201,704.72,977.8306389646553,406.5146561563367,313.88180227875387,1641.7794756505568,7.93,7.844198668186333,2.1536169985600115,3.6121018422486797,12.076295494123986
3,3,holdout,62,3,308.91,309.2956502083622,1.0460484250194841,305.8953266787323,312.69597373799206,671.26,737.0799438868871,148.38280779210888,-87.52268446816413,1561.6825722419385,8.35,8.040285503890077,1.2190714300520276,5.373973180381281,10.706597827398873
3,3,holdout,63,3,309.65,310.19473839112277,1.4187270059266677,305.58297214303155,314.806504639214,616.92,649.2520899982499,253.67641476735224,-760.4950463540877,2058.9992263505874,2.11,3.046997892049538,1.4636458880645813,-0.15423951897978627,6.248235303078863
3,3,holdout,64,0,311.97,311.6587019956599,1.1308400994023808,307.61492854658695,315.70247544473284,177.02,197.16406318734397,161.39496766147008,-587.6916739304074,982.0198003050953,2.3,2.4282052681160375,1.7943601751301697,-0.09346846276682408,4.9498789989989
3,3,holdout,65,1,306.98,308.0164156577225,0.9370016340174245,305.2710556681274,310.7617756473176,2215.59,1640.151199228304,191.37802940730484,992.0250874021101,2288.2773110544977,6.68,7.39380626768318,1.7925664599547504,4.690541932599076,10.097070602767285
3,3,holdout,66,4,306.01,306.4612172950804,1.2796948672256123,304.7306736205959,308.19176096956494,1493.56,1604.1852499536494,263.4788904056666,492.38463647840354,2715.9858634288953,12.0,11.578141347790304,1.7392809347105773,7.381821832444284,15.774460863136323
3,3,holdout,67,0,311.22,312.3103972982433,1.0281276279300613,308.63391358823066,315.9868810082559,462.07,518.3775018169039,160.53570476976702,-262.29968240036237,1299.0546860341701,3.64,3.832605801866646,1.8600629990507536,1.2185977183706926,6.446613885362599
3,3,holdout,68,2,304.88,308.23972323206317,1.3247247181940085,304.46066317267736,312.018783291449,395.97,476.1125684343533,268.26519545424827,37.96264752064036,914.2624893480663,8.3,8.66495712244378,1.4248309233832037,5.865005955462943,11.464908289424619
3,3,holdout,69,3,310.04,309.31154190663676,2.0451559684736225,302.6634826055252,315.95960120774834,990.55,950.2402323451953,390.5015369654958,-1219.8804073018446,3120.360871992235,2.36,2.835132740711799,1.8893638520755414,-1.2972207852551483,6.967486266678747
3,3,holdout,70,2,312.89,312.55268927475896,1.2378877164258713,309.0213503007819,316.08402824873605,164.97,309.2288565313687,336.3875682360721,-240.18340013286854,858.641113195606,0.86,3.9446319134768104,1.767865040826085,0.47058056963581674,7.418683257317804
3,3,holdout,71,0,312.89,312.23026438821205,1.3187271228717765,307.5146253435236,316.9459034329005,42.42,92.08872040311576,252.35556586841497,-1135.1039023610804,1319.281343167312,0.86,1.3237385798956192,1.7381744221111748,-1.1189754530394245,3.766452612830663
3,3,holdout,72,4,311.83,311.0194139094877,1.116065110360404,309.5101483286744,312.528679490301,492.81,446.3793773411171,198.79486738269316,-392.474373604598,1285.2331282868322,6.49,3.5614150820218757,1.5884892201190672,-0.27109304318886585,7.393923207232618
3,3,holdout,73,1,307.38,307.3827515319157,1.2603277497902892,303.69006493198356,311.0754381318478,663.32,886.7724860694352,293.14876245526,-106.01319672397358,1879.558168862844,9.56,8.864631800650791,2.218626410725259,5.518851444400767,12.210412156900816
3,3,holdout,74,4,313.21,313.32433536156645,1.5018969628399161,311.2933056564892,315.3553650666437,15.08,50.368726387074275,265.05303633667273,-1068.074303143202,1168.8117559173506,0.39,1.8169205094356204,1.9123582500616092,-2.7969783063999367,6.430819325271178
3,3,holdout,75,0,307.86,307.73203487900423,1.168859702089942,303.5523070540885,311.91176270392,946.9,1346.3458584732898,208.9527516763595,330.21897226379576,2362.4727446827837,8.0,6.469862381519751,1.7394230343958241,4.025393632423539,8.914331130615963
3,3,holdout,76,2,307.58,307.84441679237926,0.4840242018398285,306.4636344276909,309.2251991570676,1109.01,1262.059907126653,234.60120072928981,878.8924322264995,1645.2273820268063,8.19,8.36425109688462,0.71682904709734,6.955602327401001,9.77289986636824
3,3,holdout,77,0,312.31,311.5574999015515,1.4112800367204568,306.5109007009105,316.60409910219255,65.54,60.26839208936042,221.42773418380938,-1016.5237164209467,1137.0605005996676,2.01,2.8953129333314958,2.108573146681105,-0.06793468402327107,5.858560550686263
3,3,holdout,78,2,312.73,313.75591612397216,1.7782186277258056,308.683167876279,318.8286643716653,68.26,-19.33654508042298,401.1945579703286,-674.5962165710199,635.923126410174,1.34,2.3838920722650934,2.1796304372829467,-1.899324052751584,6.66710819728177
3,3,holdout,79,1,306.53,307.4399106163632,1.2925393212047451,303.65284599599573,311.22697523673065,466.58,513.5303287363174,179.92907875541775,-95.82245109623909,1122.883108568874,7.25,8.482726321426611,1.9480361115585716,5.545007323847499,11.420445319005722
3,3,holdout,80,2,315.92,312.29196669918446,2.200368086666876,306.01494699987194,318.568986398497,84.11,283.61734524948804,510.06242651528726,-549.4531224282471,1116.6878129272231,3.9,5.280744995967686,2.7055207860056814,-0.03590412902478146,10.597394120960153
3,3,holdout,81,4,309.26,306.17060341310315,1.9839145860679857,303.4877366410571,308.8534701851492,613.05,916.5711923603027,364.8814453649913,-623.1172972106514,2456.2596819312566,8.86,8.985978053748454,2.4666392630089953,3.034779331268475,14.937176776228434
3,3,holdout,82,0,310.16,308.5305489954638,1.0966250451415498,304.6091252296499,312.45197276127766,517.94,548.9396007611094,145.7719291421396,-159.94207352943135,1257.8212750516502,7.35,7.140594905256582,1.6813642920193062,4.777718028030987,9.503471782482176
3,3,holdout,83,0,304.65,302.9228855133395,1.4286347169337676,297.81422767584894,308.0315433508301,2419.87,1785.9961032418487,200.7734780969896,809.6446194952695,2762.347586988428,12.79,8.244539088253381,2.166976379524733,5.199215475175109,11.289862701331653
3,3,holdout,84,3,315.33,312.494405824906,1.32211618171436,308.19668627955696,316.792125370255,96.59,52.439418494113966,274.9203582456181,-1475.3659477129077,1580.2447847011354,6.91,3.6357168402019715,1.5653581101129799,0.2120178535720001,7.059415826831943
3,3,holdout,85,1,311.02,310.7011181092689,1.165135484445981,307.2873392797263,314.1148969388115,146.83,149.7599533773673,204.12613703203837,-541.5392512722237,841.0591580269584,5.0,5.7431434565699435,1.8429850340614862,2.9638458271822214,8.522441085957666
3,3,holdout,86,1,309.61,309.34108264026247,1.5778291562714573,304.7181354875751,313.9640297929498,540.43,496.48119771303794,180.594654164622,-115.1256381542193,1108.0880335802951,7.42,8.307717357410237,2.078500952519975,5.173251985606158,11.442182729214316
3,3,holdout,87,3,311.04,312.08810334562,1.1364730873688,308.39384207879647,315.7823646124436,153.39,125.18166868604408,188.33174660835098,-921.4278109884783,1171.7911483605665,1.96,1.80799186209447,1.353560683029758,-1.1524708645442807,4.768454588733221
3,3,holdout,88,1,312.29,313.6524859172472,1.1224715523669409,310.3637099136084,316.941261920886,42.84,60.57499502126518,193.22142339252179,-593.7940057086477,714.943995751178,3.51,2.9883955127325805,2.0510888010705477,-0.10473120133323421,6.081522226798395
3,3,holdout,89,3,311.14,311.4518301170916,1.6906853189603606,305.9560261621708,316.9476340720124,504.12,674.359352338565,339.678901353557,-1213.3264181405352,2562.0451228176653,4.26,4.198302781214469,1.5351129553153327,0.8407549871852105,7.555850575243728
3,3,holdout,90,2,308.79,307.81909261589396,0.7199318278155472,305.7653333868162,309.8728518449717,843.81,859.922944880408,328.58892446103613,323.2479914935502,1396.5978982672657,7.69,7.316962970337148,1.162299894492171,5.032914461453261,9.601011479221034
3,3,holdout,91,2,302.53,304.1861480953166,1.7904621223708588,299.078472665421,309.2938235252122,2030.6,2475.1861682617678,593.2345820938577,1506.272982234873,3444.0993542886627,2.36,8.97713228442916,2.8062604478340782,3.462518524427284,14.491746044431036
3,3,holdout,92,2,312.07,310.94809503264025,1.12678942552126,307.73368765060627,314.16250241467424,81.77,77.97103032716223,270.4738947832157,-363.7862964398169,519.7283570941413,5.71,3.730003037218396,1.5916372202158284,0.602258952627889,6.857747121808902
3,3,holdout,93,0,306.81,306.6481821872182,1.226128996378253,302.2636649744725,311.0326993999639,673.45,930.6042210137404,203.08919977304805,-57.008502592774676,1918.2169446202554,7.15,7.78512401025996,2.0797578922331845,4.862371423500015,10.707876597019904
3,3,holdout,94,4,309.96,309.6822843705904,1.337625781708607,307.8734001633874,311.4911685777935,659.22,504.7261620223039,287.22091405354706,-707.2585550682866,1716.7108791128944,4.79,4.755404436684387,1.7517076670300629,0.5291032557525739,8.9817056176162
3,3,holdout,95,2,314.36,313.8868212673395,1.5703860644112744,309.406959774362,318.36668276031696,139.42,109.00589033748213,423.1677810917094,-582.1420221027101,800.1538027776744,5.84,4.488233175814717,2.0328992301515685,0.4933601853395655,8.483106166289868
3,3,holdout,96,0,310.35,310.64925673251423,1.2819640215712926,306.06507893776114,315.2334345272673,94.55,82.74042641824485,160.38754791530826,-697.2162783509931,862.6971311874828,3.98,5.443260526308613,1.9906969099837308,2.6456682850009297,8.240852767616296
3,3,holdout,97,0,313.16,313.34079230733585,1.133717227105593,309.2867305313615,317.3948540833102,15.39,19.613016554423893,220.67139791704298,-1053.5010661365966,1092.7270992454444,0.53,1.5597927338288322,2.2260879408459537,-1.5686023124216457,4.688187780079311
3,3,holdout,98,0,306.83,307.0990140466407,0.8053047869602722,304.21932299426095,309.9787050990205,1407.27,1404.1551924473424,88.69609074636438,972.8304944665658,1835.479890428119,10.88,11.978366911043686,0.8812981698379043,10.73984943012926,13.216884391958112
3,3,holdout,99,3,309.81,310.26259520126587,1.045237821815089,306.8649066482615,313.6602837542702,533.37,485.51812960523137,167.9188644388622,-447.65154838522017,1418.687807595683,7.02,5.438056041394032,1.2878205221561456,2.621377999365011,8.254734083423052
3,3,cross_fitted,0,4,312.33,313.082014412208,1.2210867630630502,311.01180567381283,315.1522231506032,84.06,84.127759460216,209.8294496871377,-131.79077377899452,300.04629269942654,0.31,3.0405396997568452,1.725863854069969,0.379197951523234,5.7018814479904565
3,3,cross_fitted,1,3,311.68,309.44628024549894,2.306126554580047,306.61311746823986,312.279443022758,204.84,291.4503359972458,341.3335704683159,-162.66244424791103,745.5631162424027,9.2,6.610264319140767,1.8500480973115043,3.6861051261193696,9.534423512162164
3,3,cross_fitted,2,3,301.44,306.12136251077635,1.8397483601467932,303.8611627992126,308.3815622223401,220.66,512.9456877317065,323.5408736200284,82.50444680437681,943.3869286590361,4.44,9.319730948290443,1.912350419876618,6.2970976077373635,12.342364288843523
3,3,cross_fitted,3,4,314.31,314.67543286927753,1.6622459686984539,311.8572906750819,317.49357506347314,12.81,8.20951235393693,243.38594416424377,-242.23929811256286,258.65832282043675,2.87,4.175712088787266,2.250221222486895,0.7057931446925831,7.6456310328819495
3,3,cross_fitted,4,1,306.89,305.3196977364535,1.2882981860218468,302.99369666544624,307.6456988074608,422.12,667.4897988337955,478.2861420284588,-102.97009836944744,1437.9496960370384,12.1,9.487606083264318,2.585031930069416,4.441262688820052,14.533949477708584
3,3,cross_fitted,5,1,307.84,307.8437945187081,0.9106167074976511,306.19969111167217,309.487897925744,2201.12,1794.7544115281391,244.18492325382007,1401.4026617349668,2188.1061613213114,5.77,6.216712071427026,1.502569899848392,3.2834857539528346,9.149938388901218
3,3,cross_fitted,6,0,314.22,312.767438703246,1.735798177407084,309.63583380806523,315.8990435984268,87.66,121.21071044367261,291.35793591068995,-211.22165951112322,453.64308039846844,3.45,3.2650453442531004,2.182523062185086,-0.35425407541133236,6.884344763917533
3,3,cross_fitted,7,3,301.14,306.43001215484094,2.8212433325814743,302.9640091379702,309.89601517171167,965.47,1069.022745163239,535.9254933158194,356.0233896061661,1782.022100720312,6.46,7.257223831335241,2.9707433325627886,2.561710001914066,11.952737660756416
3,3,cross_fitted,8,1,306.32,305.61043434425346,1.1044405250133715,303.61638523984726,307.60448344865966,331.97,480.42116231313196,268.2396712617968,48.32018470651218,912.5221399197517,10.22,6.8965685261123255,1.8273224076152212,3.329379953342378,10.463757098882272
3,3,cross_fitted,9,0,304.34,304.1117621193364,1.8847101829635053,300.7115006651032,307.5120235735696,421.99,541.2742846938479,249.36392853615507,256.7560631962783,825.7925061914175,3.37,6.226841221911497,2.907718937384275,1.4049423632181437,11.04874008060485
3,3,cross_fitted,10,4,303.31,302.8629501873345,1.3737572149069968,300.53390668546245,305.1919936892065,1035.72,446.5713398337113,238.9052522797726,200.73324736239456,692.4094323050281,5.86,6.7641885200253,1.8961382006643672,3.8402778407742018,9.688099199276397
3,3,cross_fitted,11,1,308.31,307.8741300661419,0.9256413975913822,306.20289982959656,309.54536030268724,374.66,644.7635468408996,341.87166387218537,94.05052411653867,1195.4765695652604,8.57,8.074390209673933,1.7444519696611083,4.668976306802632,11.479804112545233
3,3,cross_fitted,12,1,307.47,306.9384391305239,1.0827448215705464,304.9835612599142,308.89331700113354,850.87,1101.344126274908,287.7491607956802,637.815770829126,1564.8724817206898,10.63,10.057982506368333,1.8284318793079533,6.488628089887592,13.627336922849075
3,3,cross_fitted,13,1,306.43,307.84207373596115,1.0532795228650114,305.94039497491343,309.74375249700887,2256.33,1193.699303670719,185.97751445350164,894.1124997121933,1493.2861076292447,4.77,7.386907156631958,1.5417413490813923,4.377212698943168,10.396601614320748
3,3,cross_fitted,14,4,313.31,313.37582270835964,1.4290449905464404,310.9530452968938,315.7986001198255,0.85,-54.24355088896846,322.32243653335934,-385.9195278795214,277.4324261015845,0.42,1.531761799339864,2.159836099055712,-1.798780158650501,4.8623037573302295
3,3,cross_fitted,15,0,311.83,313.3293714226296,1.1624064636422085,311.23223949847386,315.42650334678535,194.23,157.52149167413472,234.33953763934113,-109.8542625783137,424.89724592658314,3.51,3.4250949156504777,1.7254633247204312,0.5637421455401737,6.286447685760782
3,3,cross_fitted,16,2,307.32,306.9003448870651,0.7333677337377166,305.8732365551303,307.9274532189999,1604.24,1510.6579013960854,292.36699983116733,1108.2531746289474,1913.0626281632235,11.92,11.133724255151558,1.4503929490337955,8.502341617447195,13.76510689285592
3,3,cross_fitted,17,1,311.08,311.4860682436628,1.052407557549078,309.5859638015738,313.38617268575183,560.59,353.2288014483589,200.73223247515003,29.873969250483412,676.5836336462344,3.19,3.333997378659358,1.704172872605598,0.007213899264023826,6.660780858054693
3,3,cross_fitted,18,2,311.14,309.6257307126022,1.5526244393130775,307.4512234025296,311.8002380226748,68.07,179.22721325984065,372.875022293647,-333.9862190051303,692.4406455248115,5.46,5.347114484603097,2.019533228081485,1.6831662585855978,9.011062710620596
3,3,cross_fitted,19,4,312.39,311.8262897818223,1.2767651586795907,309.6616848836849,313.9908946799597,59.84,17.616536195959043,249.45918001960416,-239.08175059457642,274.3148229864945,5.02,4.61906839337699,1.8634260006481376,1.7456010578313976,7.492535728922583
3,3,cross_fitted,20,4,308.85,309.8222526017709,1.15698459283914,307.86072154047605,311.7837836630658,484.91,309.98500138310925,217.19313990826447,86.48908949593351,533.480913270285,7.06,7.153701084736641,1.5487114283944927,4.765534503326984,9.541867666146297
3,3,cross_fitted,21,4,311.28,310.18777496062046,1.093887596026885,308.3332174233359,312.042332497905,410.23,679.8856692502172,226.1535663419513,447.1693064890377,912.6020320113968,5.16,4.179955645321432,1.6570801795037995,1.6246807020030363,6.735230588639828
3,3,cross_fitted,22,4,312.03,312.54637469929855,1.4066027949173336,310.16164538638355,314.93110401221355,122.49,212.12378489723437,281.80958649756445,-77.86369140806352,502.11126120253226,3.07,4.079243908629939,1.9870119475461816,1.015202769015667,7.143285048244211
3,3,cross_fitted,23,0,307.93,307.6494715337733,1.4304764476475504,305.0687066129427,310.23023645460387,117.49,128.95062804496308,292.1077458616912,-204.3372569595531,462.23851304947925,6.42,7.928407323913021,2.004758908680141,4.6038959451013834,11.252918702724658
3,3,cross_fitted,24,4,306.65,307.04456512607226,1.168917570877805,305.06280310645565,309.02632714568887,1388.31,1534.14787545652,261.78407600903967,1264.7670340087016,1803.5287169043386,11.47,11.638054781954047,1.6442971174792582,9.102491762351965,14.173617801556128
3,3,cross_fitted,25,0,308.18,308.43936743988525,0.9039765016793218,306.80847666316134,310.07025821660915,1252.74,1205.405703242356,246.56665083130824,924.0791080649597,1486.7322984197522,7.11,6.422676415340831,1.3980135507978861,4.104336819872808,8.741016010808854
3,3,cross_fitted,26,4,310.29,310.05325549948213,1.3110816471445368,307.8304710383193,312.276039960645,785.56,980.1942789521447,233.39660825751565,740.0246869663229,1220.3638709379666,5.06,4.703940053884828,1.838314630285607,1.8691953198605313,7.538684787909125
3,3,cross_fitted,27,2,303.33,305.3251646993666,1.793078172824829,302.81389314160066,307.83643625713256,1918.36,1831.0803123645965,584.2734634522756,1026.9047263594266,2635.2558983697663,8.91,7.750955434749279,2.5284842316902836,3.1636403134151934,12.338270556083364
3,3,cross_fitted,28,3,302.73,305.3742518898964,2.84857078575593,301.8746760740926,308.87382770570025,2026.87,1460.7062895706388,587.3331023158497,679.3138597058435,2242.098719435434,13.02,5.653126213685325,3.586888879721458,-0.016258332168287204,11.322510759538936
3,3,cross_fitted,29,3,310.24,310.19492532252985,1.5147053850168937,308.3340530703888,312.0557975746709,305.92,402.01796017412136,324.2876761091416,-29.416832469085307,833.452752817328,5.99,6.174834362445844,1.642135595623232,3.5792986544242913,8.770370070467397
3,3,cross_fitted,30,1,305.2,305.35558717936846,1.2507409927002875,303.09739499984124,307.61377935889567,2372.98,2058.0822824043025,319.31903784752586,1543.6987545194313,2572.4658102891735,10.28,8.357234750591324,2.0014516273679104,4.450121619189282,12.264347881993366
3,3,cross_fitted,31,1,307.79,307.12969083704195,1.2677418303851629,304.8408039262079,309.418577747876,1236.45,1163.9126851259948,187.2270484247554,862.3130362814325,1465.5123339705572,12.82,11.032890204665689,1.542787420401723,8.021153669648545,14.044626739682833
3,3,cross_fitted,32,1,309.58,309.38120078281264,1.0245534030341834,307.53138655609195,311.23101500953334,717.28,698.9193893696167,164.86525567789468,433.3418265256172,964.4969522136163,6.31,6.163834755444284,1.5203816161480181,3.195837479883737,9.13183203100483
3,3,cross_fitted,33,3,311.54,311.2868153387244,1.449655883401098,309.50585883374436,313.06777184370446,686.14,544.9441763653841,325.42816943824954,111.99206271615492,977.8962900146133,4.98,2.223044573433841,1.916689429081194,-0.8064469421432308,5.252536089010913
3,3,cross_fitted,34,0,308.55,309.8270498577838,1.3760180137760287,307.3445350102138,312.30956470535375,367.47,504.0100551372345,231.59712237655106,239.76333048324176,768.2567797912272,5.43,5.204976517979503,1.7839519298669126,2.2466315197771367,8.16332151618187
3,3,cross_fitted,35,2,306.8,306.9586498612224,1.7691584811611893,304.480878706426,309.4364210160188,554.95,597.0593819681584,369.2738822297674,88.80244542360902,1105.3163185127078,12.78,10.418962444121206,2.419321031028181,6.02969720374514,14.808227684497272
3,3,cross_fitted,36,2,307.12,307.2759282284334,0.9494552315873758,305.9461814529756,308.6056750038911,2075.38,2063.1005280582663,390.92977381422685,1525.0371046633695,2601.163951453163,5.9,6.4168526837982185,1.2987155230752632,4.060651572220864,8.773053795375574
3,3,cross_fitted,37,3,309.05,308.87327662741774,1.1549788698092,307.4543418616889,310.2922113931466,1337.07,1345.9343445703967,285.632160123495,965.9271446247636,1725.9415445160298,4.68,3.964991015172288,1.5996098502493348,1.4366708835759523,6.493311146768623
3,3,cross_fitted,38,4,307.56,307.7694749731315,1.336217679182251,305.50407533117465,310.0348746150883,316.18,313.38174670515036,194.32686077954517,113.41567515960944,513.3478182506913,8.14,6.07406656507767,1.883771137973792,3.1692263241834757,8.978906805971864
3,3,cross_fitted,39,4,312.34,312.4409993734746,1.4969394725641132,309.9031148670721,314.9788838798771,106.38,233.3209657053044,299.4792544098172,-74.84893820549007,541.4908696160988,5.13,4.416604051302008,2.03595475937525,1.27709140326633,7.556116699337687
3,3,cross_fitted,40,1,309.58,308.56255077365506,1.2133764375787832,306.37181968052334,310.7532818667868,435.02,401.40490336258085,148.49256175518983,162.20172808316346,640.6080786419982,7.83,8.949123073107113,1.6144682052629657,5.797455633954716,12.100790512259511
3,3,cross_fitted,41,4,307.48,307.5122751296744,0.9434423969346591,305.91277970200525,309.1117705573435,1296.42,950.7119591006867,189.537453182146,755.6742799474295,1145.7496382539439,8.74,8.508202271210434,1.4146328016596257,6.32678956904441,10.68961497337646
3,3,cross_fitted,42,0,304.47,304.78201282253843,1.3782026042313111,302.29555669063444,307.2684689544424,451.73,505.9665834979148,232.00047425049632,241.25964409479496,770.6735229010346,7.37,7.211802539481453,1.952854722246085,3.973364382572386,10.45024069639052
3,3,cross_fitted,43,3,311.63,311.5342360866631,1.7881851493687466,309.33738370925244,313.73108846407376,91.86,178.63625555470986,343.605923911134,-278.49968100701443,635.7721921164341,2.46,3.068291104248172,2.1425164663933605,-0.31813935153741957,6.454721560033764
3,3,cross_fitted,44,4,312.52,312.462373504248,1.0230615628583872,310.7278931614811,314.19685384701484,220.1,352.80062024821865,252.6104716005845,92.85959390425597,612.7416465921813,1.31,1.794438615440451,1.5714836773488479,-0.6288435613856551,4.217720792266557
3,3,cross_fitted,45,0,312.59,312.51872319779005,1.136527685962262,310.4682799428118,314.5691664527683,188.63,230.94938968691218,254.57076552336383,-59.50970709251925,521.4084864663437,1.23,1.9411958885493439,1.6433152090295684,-0.7839298548697515,4.666321631968439
3,3,cross_fitted,46,2,306.36,306.5993541350522,1.6264328150696523,304.3214754954015,308.87723277470286,947.21,1013.0131208974552,455.1456628521709,386.56497112323063,1639.4612706716798,7.22,7.410760695487253,1.8964995749394418,3.9700268879809473,10.85149450299356
3,3,cross_fitted,47,1,302.67,305.8383246907748,1.517330083798191,303.0988103157027,308.57783906584694,1366.98,1230.9230332809766,248.37157010597673,830.827112540976,1631.0189540209772,10.28,10.954479767691216,2.2415251970807084,6.578709495691186,15.330250039691247
3,3,cross_fitted,48,3,312.73,312.408084140302,1.762418950749463,310.24288650217466,314.5732817784293,46.91,55.64243749444415,332.6595208038008,-386.93032105365796,498.21519604254627,1.25,1.5416084159374384,1.997296608319424,-1.6152896381699153,4.6985064700447925
3,3,cross_fitted,49,3,310.89,309.65515524088266,1.9901054628493606,307.21023620165346,312.10007428011187,93.48,274.8292567964047,373.8655616617681,-222.5643321529779,772.2228457457873,4.63,4.8309629219501975,2.4236003797462176,1.0002553090271107,8.661670534873284
3,3,cross_fitted,50,1,307.08,305.69114206816573,1.5358756883664761,302.9181439107237,308.46414022560776,130.32,298.57965037956427,427.12624341636763,-389.46796939822326,986.6272701573519,7.26,8.80473675584888,2.5102030723180886,3.9044697435315783,13.705003768166183
3,3,cross_fitted,51,3,306.76,306.9597311086545,0.7996856835253503,305.9772873188411,307.94217489846795,1543.82,1742.390192836262,222.02032700383745,1447.012659860758,2037.767725811766,10.96,10.556178545166755,1.026218198315126,8.934152943232492,12.178204147101019
3,3,cross_fitted,52,3,310.33,309.9826265066145,2.1389802224824823,307.35480925365624,312.6104437595728,570.52,689.0711599903591,462.19993283485826,74.1568512665259,1303.9854687141924,5.7,6.754385889527795,2.409161022134146,2.9465009158452875,10.562270863210301
3,3,cross_fitted,53,2,312.69,312.88151145532873,1.523566887557055,310.7477003091876,315.01532260146985,95.36,69.5334128664515,336.1463721233694,-393.12786253802824,532.1946882709312,1.39,2.062960773774146,2.052602512410085,-1.6609835661803074,5.786905113728599
3,3,cross_fitted,54,2,311.54,311.98637467386686,1.314391000015937,310.1455220082391,313.82722733949464,223.41,92.91210344335195,318.8490718277659,-345.9417128317427,531.7659197184466,4.71,4.57892754419787,2.2090922496258916,0.5710709184294869,8.586784169966254
3,3,cross_fitted,55,2,308.42,305.3170473334345,2.039311204941602,302.46091740891757,308.17317725795147,709.64,803.1404260320985,334.3347718321846,342.9725801891167,1263.3082718750802,12.53,9.362367337660112,2.167500677524619,5.429968428902161,13.294766246418064
3,3,cross_fitted,56,4,308.18,308.08848702418067,1.0006834821205914,306.39194608072046,309.7850279676409,1523.36,1758.2101637285186,318.4058698556542,1430.5644090620701,2085.855918394967,7.59,6.586182053782552,1.376525521582716,4.463532095352743,8.70883201221236
3,3,cross_fitted,57,2,308.44,309.42688965197254,1.332366906213872,307.56086107229703,311.29291823164806,1059.82,1136.3287108127404,388.88831575868835,601.0750859639174,1671.5823356615633,5.32,6.330204365155133,2.0148457795608965,2.674760365982108,9.985648364328158
3,3,cross_fitted,58,1,309.87,310.7491180184538,0.9079556808673083,309.10981905099516,312.3884169859125,261.82,220.32233618301615,186.27517585403814,-79.74396352482421,520.3886358908564,2.03,3.0688050033438037,1.4174407765728703,0.3017626249998049,5.8358473816878025
3,3,cross_fitted,59,0,308.33,309.1918674841264,1.0393482237637253,307.31674857473917,311.0669863935137,1098.75,1292.5326055614842,248.5405935143432,1008.9537894441462,1576.1114216788221,2.44,4.91342887486678,1.7183462610822409,2.0638784012552938,7.762979348478265
3,3,cross_fitted,60,3,306.45,307.2060010261895,2.0241603455026933,304.7192442891437,309.69275776323525,268.91,282.4660440156244,429.06061772555114,-288.35946764362376,853.2915556748726,8.27,5.842801590469896,2.469511644672353,1.9395272980144793,9.746075882925313
3,3,cross_fitted,61,2,303.98,304.3229607497821,1.9848728489815322,301.54307373371495,307.1028477658493,704.72,1257.1503732167257,460.4566009420102,623.3924155908862,1890.9083308425652,7.93,7.744540468788994,2.211109621254148,3.733023816487851,11.756057121090137
3,3,cross_fitted,62,3,308.91,310.20815539287383,1.6273780867422651,308.2088605099766,312.20745027577107,671.26,746.8991434576344,252.61999894729286,410.81157401613876,1082.98671289913,8.35,8.53442797791566,1.4971198758742763,6.168102013496316,10.900753942335005
3,3,cross_fitted,63,3,309.65,310.29101209708006,1.4518924610173816,308.5073078727962,312.0747163213639,616.92,591.8982270637804,274.00314928557725,227.3623516522751,956.4341024752857,2.11,4.430750653871857,2.3813069758951113,0.6668913817325044,8.194609926011209
3,3,cross_fitted,64,0,311.97,311.3623009836143,1.1069587413184847,309.3652039373123,313.35939802991635,177.02,222.47694862049775,256.55737172675265,-70.24881786983485,515.2027151108304,2.3,2.538265408090206,1.5712804251545587,-0.06740434606962609,5.143935162250038
3,3,cross_fitted,65,1,306.98,308.0319940079202,0.8842884368117174,306.4354258582321,309.6285621576083,2215.59,1704.042849103191,191.6378811016328,1395.337893639468,2012.747804566914,6.68,7.776352977701416,1.378529777463238,5.085270304552566,10.467435650850266
3,3,cross_fitted,66,4,306.01,306.87846690868963,1.1594243882525304,304.9127994617279,308.84413435565136,1493.56,1557.2725652553204,284.29938722252933,1264.7230361905365,1849.8220943201043,12.0,12.091729119560075,1.644495680767438,9.55585990850074,14.62759833061941
3,3,cross_fitted,67,0,311.22,312.3156845472471,1.1353587026169916,310.2673502897399,314.36401880475427,462.07,510.444931219086,241.33049076515397,235.09266824861442,785.7971941895576,3.64,4.132354810925943,1.8119819215967357,1.1275274022699708,7.137182219581915
3,3,cross_fitted,68,2,304.88,308.3258841037467,1.3267812613605787,306.4676784239673,310.18408978352613,395.97,523.0414335364601,316.30392560562996,87.6906763299076,958.3921907430126,8.3,8.211924211524504,1.9964151576009521,4.589918060115286,11.833930362933723
3,3,cross_fitted,69,3,310.04,309.19239457271766,2.0681662148495144,306.65157497829455,311.7332141671408,990.55,827.632688947054,429.4040848305466,256.3502260369862,1398.9151518571218,2.36,3.2436172080520502,2.518784855615646,-0.7375376070551254,7.224772023159225
3,3,cross_fitted,70,2,312.89,312.0832102938422,1.2670630572676358,310.30864214291813,313.8577784447663,164.97,329.004957160814,295.4007680700714,-77.57535262340878,735.5852669450368,0.86,3.499787614777941,1.9405839309997364,-0.020926455462483506,7.020501685018365
3,3,cross_fitted,71,0,312.89,312.11948190843736,1.540221301911955,309.3407230460826,314.89824077079214,42.42,137.11309551402246,320.91028699089424,-229.03779347345858,503.2639845015035,0.86,1.4328293041000748,1.8743945342865713,-1.6754975528787517,4.541156161078901
3,3,cross_fitted,72,4,311.83,310.9748840580656,1.1037566188759858,309.1035947553081,312.84617336082306,492.81,443.02067252779807,194.6238588865538,242.74898422666948,643.2923608289267,6.49,3.447343226403049,1.6188305134909418,0.951050590858209,5.943635861947889
3,3,cross_fitted,73,1,307.38,307.40416689623515,1.260962780601693,305.1275194476839,309.6808143447864,663.32,806.4618692443062,401.46753124004647,159.74726543451982,1453.1764730540926,9.56,9.204985110704888,1.9829145043610206,5.334059032603696,13.07591118880608
3,3,cross_fitted,74,4,313.21,313.13292843302025,1.3378243320568706,310.86480490041026,315.40105196563024,15.08,45.07755673787142,247.55973534648757,-209.6661650075768,299.82127848331965,0.39,1.2531254407526315,1.8279861323191464,-1.5656923922186854,4.0719432737239485
3,3,cross_fitted,75,0,307.86,308.25284020731976,1.0522319976379693,306.3544772999504,310.1512031146891,946.9,1121.4712680902283,248.92772148591612,837.4507483046393,1405.4917878758172,8.0,6.579400892992071,1.5820527468739043,3.9558672919740836,9.202934494010059
3,3,cross_fitted,76,2,307.58,307.74326837205206,0.6507737886264975,306.8318358808837,308.6547008632204,1109.01,1265.5998326635518,202.07278477153102,987.4732185449286,1543.726446782175,8.19,8.153874412372476,1.02155576880434,6.300511766567283,10.007237058177669
3,3,cross_fitted,77,0,312.31,311.9559148671482,1.4360538474653692,309.3650875941391,314.5467421401573,65.54,64.04832274351179,235.87950629159974,-205.08449855818753,333.1811440452111,2.01,2.174976399202717,1.8120689480693408,-0.8299953263071074,5.179948124712542
3,3,cross_fitted,78,2,312.73,313.33039268378695,1.6648457183877905,310.9987153681967,315.6620699993772,68.26,-38.83796262342378,357.9627675201023,-531.5266372683642,453.85071202151664,1.34,2.194806756465918,2.097062849374052,-1.609799971451332,5.999413484383169
3,3,cross_fitted,79,1,306.53,307.0482622239763,1.2142418543415676,304.85596863519027,309.2405558127623,466.58,503.18903603146464,237.08161502757756,121.27983839458739,885.0982336683419,7.25,8.783976176638673,1.9447965502676816,4.987461669091459,12.580490684185886
3,3,cross_fitted,80,2,315.92,311.7973506863026,1.5638837485300285,309.6070743018945,313.9876270707107,84.11,276.20258448808255,368.95083314082166,-231.60971746896325,784.0148864451284,3.9,3.7087218411290603,2.7838047042582157,-1.3418097202830683,8.759253402541189
3,3,cross_fitted,81,4,309.26,306.5372957267861,2.0680126558190794,303.0312239219872,310.04336753158503,613.05,776.5427175784871,254.9968618844826,514.146049804764,1038.9393853522101,8.86,9.968308738870233,2.4607737299638575,6.173710546744324,13.762906930996142
3,3,cross_fitted,82,0,310.16,308.4756980811596,0.9732084635306217,306.71990387184866,310.2314922904705,517.94,601.3908500603978,239.84063819531306,327.7384728992054,875.0432272215903,7.35,6.617484548656388,1.6669744558580941,3.8531244439607386,9.381844653352037
3,3,cross_fitted,83,0,304.65,303.7653833467232,2.1931040605629533,299.80873936524426,307.7220273282021,2419.87,1633.7324583171512,245.31558367694112,1353.8333005555196,1913.6316160787828,12.79,8.755353702234682,2.2289928627618067,5.058992956083801,12.451714448385562
3,3,cross_fitted,84,3,315.33,313.78200943550854,1.8424327094605075,311.51851190035325,316.04550697066384,96.59,93.22899412736365,304.1722059004226,-311.44402383927945,497.90201209400675,6.91,4.127386186013047,1.848292116418617,1.2060024709255308,7.048769901100563
3,3,cross_fitted,85,1,311.02,310.6477013192163,1.151274203552339,308.56909478266994,312.7263078557627,146.83,206.58688532657789,317.27419938109733,-304.5026603660432,717.676431019199,5.0,5.637788335817454,1.773333211786926,2.175994214299859,9.09958245733505
3,3,cross_fitted,86,1,309.61,309.04050223589076,1.4920358133881135,306.34665624776704,311.73434822401447,540.43,565.2473344198061,244.90275847358575,170.7392407541479,959.7554280854642,7.42,8.188434586810796,2.081578814891102,4.124901993517544,12.25196718010405
3,3,cross_fitted,87,3,311.04,312.11917775897905,1.58944767582775,310.16648180540585,314.07187371255225,153.39,154.1512154510632,306.80135969383997,-254.0196487344055,562.322079636532,1.96,1.5574534537043219,1.711376028446214,-1.1475226783053065,4.26242958571395
3,3,cross_fitted,88,1,312.29,313.534097880806,1.1045104833080244,311.53992246785566,315.5282732937563,42.84,96.0669016612186,231.37608001995844,-276.65138382249376,468.78518714493094,3.51,3.20671581175106,1.8895840545018663,-0.4820161922001054,6.895447815702226
3,3,cross_fitted,89,3,311.14,310.5136042293999,2.2722533869562374,307.7220559062431,313.3051525525567,504.12,633.230215803407,432.08534671623596,58.380581671928894,1208.079849934885,4.26,5.769154523949536,2.4796955190498453,1.849783747340656,9.688525300558416
3,3,cross_fitted,90,2,308.79,307.67402372281657,0.9624984258571264,306.3260094767664,309.02203796886675,843.81,931.5469612037093,318.15773444732895,493.6446799166239,1369.4492424907949,7.69,7.358315781399324,1.3817592314169547,4.8514522080067195,9.865179354791929
3,3,cross_fitted,91,2,302.53,304.6558140104917,2.151836073825398,301.6420888918266,307.6695391291569,2030.6,2051.136720261448,820.7943018248985,921.421304538726,3180.8521359841698,2.36,7.533275746908429,3.287128106600776,1.5695871938294585,13.4969642999874
3,3,cross_fitted,92,2,312.07,311.0198425240904,1.171523117146516,309.379081553407,312.6606034947738,81.77,83.46965190820674,273.6638141900327,-293.1925994361169,460.1319032525304,5.71,4.301686404564194,1.5384971073443756,1.5104603584631904,7.092912450665198
3,3,cross_fitted,93,0,306.81,306.6653807039001,1.1624885536452545,304.5681006787389,308.7626607290613,673.45,976.579495170309,259.17063028442715,680.8720637635327,1272.2869265770853,7.15,7.0265065813296275,1.8045745947539118,4.033962815494206,10.019050347165049
3,3,cross_fitted,94,4,309.96,309.7860462450256,1.249729108802931,307.6672777840681,311.9048147059831,659.22,486.7591761061356,259.00517493060994,220.2378772333277,753.2804749789435,4.79,4.674725988314883,1.7818641591883606,1.9270298329396325,7.422422143690133
3,3,cross_fitted,95,2,314.36,313.01823117538396,1.6816713396543088,310.66298896186083,315.3734733889071,139.42,216.94653626842467,349.4726593965711,-264.0566210587407,697.94969359559,5.84,4.266538796611249,2.6219413731354932,-0.49033140945503284,9.02340900267753
3,3,cross_fitted,96,0,310.35,311.1290636418197,1.4330339415960163,308.54368467041996,313.71444261321943,94.55,97.12851908555854,211.153996262966,-143.79309227786288,338.05013044898,3.98,5.248138839997694,1.843625980809746,2.190835777301754,8.305441902693634
3,3,cross_fitted,97,0,313.16,313.16440695542036,1.3400526637149617,310.7467782609609,315.5820356498798,15.39,-6.093522501960592,277.20090383892386,-322.3730606883921,310.18601568447093,0.53,1.3949680775030098,1.7108303935600924,-1.4421187592138662,4.232054914219885
3,3,cross_fitted,98,0,306.83,306.71038672030227,0.7454481746086609,305.36550159304903,308.0552718475555,1407.27,1413.6887741750174,172.29621378742337,1217.1029543841044,1610.2745939659305,10.88,11.642962409730192,1.200774767002966,9.651705825705617,13.634218993754766
3,3,cross_fitted,99,3,309.81,309.9776563513631,1.398898202275656,308.25905755721163,311.6962551455146,533.37,620.3287163706691,312.7757368845609,204.20949529610454,1036.4479374452337,7.02,5.049447837336273,1.8644864970770538,2.102467519032617,7.996428155639929
4,4,uncalibrated,0,4,312.33,313.1104978966355,1.2570834896453429,311.0427795593115,315.17821623395946,84.06,87.01650430773509,229.41325779598677,-290.3347248487467,464.3677334642169,0.31,3.0489241080273075,1.5022812762871722,0.5778913020250664,5.519956914029549
4,4,uncalibrated,1,4,311.68,309.6863053031244,1.2261948264139062,307.6693942955484,311.70321631070044,204.84,239.54185119064402,289.61844923516344,-236.83810546587517,715.9218078471632,9.2,6.881033287003125,1.6450655936853953,4.175141178656626,9.586925395349624
4,4,uncalibrated,2,0,301.44,305.4872674189064,1.1242904889500465,303.6379741304099,307.33656070740295,220.66,322.8552382588775,250.97503965218215,-89.9619659873037,735.6724425050586,4.44,10.269125471817604,1.7635016875535188,7.368423324910158,13.169827618725051
4,4,uncalibrated,3,4,314.31,314.7351700219524,1.6722857901423795,311.9845046747373,317.4858353691675,12.81,14.427698124894505,257.2438064848701,-408.7007099825466,437.5561062323356,2.87,3.543878287200126,2.0645848807912777,0.14793835788142173,6.93981821651883
4,4,uncalibrated,4,1,306.89,305.0008724600962,1.7277404048702916,302.1589923887147,307.84275253147774,422.12,405.7379185696847,256.208567163706,-15.687672385576775,827.1635095249462,12.1,9.949254390055437,2.481002657144084,5.868368170975752,14.03014060913512
4,4,uncalibrated,5,1,307.84,307.79886250615135,1.1527834754173665,305.9027024255214,309.6950225867813,2201.12,1693.8599574977202,318.7340704041949,1169.5890657603745,2218.130849235066,5.77,5.237417863840722,1.5448398227678395,2.696382478301973,7.778453249379472
4,4,uncalibrated,6,2,314.22,312.7620319248982,1.8155639415890414,309.7756949906132,315.74836885918324,87.66,62.762684060848756,297.25681743354306,-426.18127023076596,551.7066383524634,3.45,3.1392429270116122,2.137560900490203,-0.37673187298935185,6.655217727012577
4,4,uncalibrated,7,1,301.14,304.9460269216315,2.204486777497333,301.31996885009846,308.5720849931646,965.47,1584.9419435378118,500.99791857645175,760.873700072197,2409.0101870034264,6.46,11.23731237306173,3.443679689461715,5.572963345791511,16.90166140033195
4,4,uncalibrated,8,3,306.32,304.93185416262,1.5803345208474038,302.33243519420756,307.5312731310325,331.97,426.1176937646321,289.02813606685424,-49.291284135956516,901.5266716652208,10.22,6.389294949109643,1.6566649266609708,3.6643236358480515,9.114266262371235
4,4,uncalibrated,9,4,304.34,304.0971242104709,1.4294208446709298,301.74593614967387,306.4483122712679,421.99,562.5054985720813,261.9185603408957,131.68780462945114,993.3231925147113,3.37,7.364093950633493,2.8237710600355395,2.7194038808534344,12.008784020413552
4,4,uncalibrated,10,0,303.31,304.41038108011185,1.162753070111624,302.4978224754898,306.3229396847339,1035.72,423.97150659000613,209.68649874223868,79.06790861107964,768.8751045689326,5.86,8.954215419919088,1.616197885042743,6.295806466835234,11.61262437300294
4,4,uncalibrated,11,2,308.31,308.5125166398202,1.505704819008927,306.03585260715505,310.98918067248536,374.66,454.84472850514135,293.8801334948426,-28.545074962833155,938.2345319731158,8.57,8.220891647481587,1.6031835238243015,5.583889413650343,10.85789388131283
4,4,uncalibrated,12,2,307.47,307.07884942129925,1.0753790322533439,305.3100083197498,308.8476905228487,850.87,971.6664015523191,254.78088790218712,552.5891340084904,1390.7436690961479,10.63,10.114591811795599,1.6815744907294345,7.348647911730215,12.880535711860983
4,4,uncalibrated,13,0,306.43,307.7136091246166,0.9735056249905828,306.1123348664932,309.31488338274,2256.33,1135.7361289974087,172.78706024669575,851.5267062603489,1419.9455517344686,4.77,7.500046705130103,1.4486142417072732,5.117288315604339,9.882805094655867
4,4,uncalibrated,14,0,313.31,313.5764720082816,1.3512678238050653,311.35383422731303,315.79910978925017,0.85,150.42799672924355,373.3573248940777,-463.69015327167904,764.5461467301661,0.42,1.9964805125682892,2.134553863589221,-1.5145481518797177,5.507509177016296
4,4,uncalibrated,15,2,311.83,314.2763143058033,0.9999590015632231,312.63152811527925,315.9211004963273,194.23,129.21755267395054,218.33823147008604,-229.91687926179043,488.3519846096915,3.51,3.800660971558518,1.714822457669121,0.9800290324836278,6.621292910633407
4,4,uncalibrated,16,0,307.32,306.59401243285527,0.7528170187357414,305.355738629157,307.83228623655356,1604.24,1662.094286682372,227.8473847047129,1287.3186895594179,2036.8698838053263,11.92,11.101949643574782,1.1067536323363285,9.281501917284658,12.922397369864907
4,4,uncalibrated,17,2,311.08,311.07380174675933,1.1017758630165326,309.261541722389,312.8860617711297,560.59,310.7336711717305,271.7501080325247,-136.25547965002193,757.722821993483,3.19,3.4951686030007125,1.7973216038872102,0.5388376440485989,6.451499561952826
4,4,uncalibrated,18,1,311.14,309.7294241189342,1.6380556235964594,307.0350623853133,312.4237858525551,68.07,91.62858562772476,308.8393533547779,-416.3669448832288,599.6241161386783,5.46,4.922663679728265,2.2325503214273605,1.2504451861767971,8.594882173279732
4,4,uncalibrated,19,1,312.39,311.4062266474745,2.060946120972903,308.0162719454407,314.79618134950834,59.84,262.9422881064436,395.2456110740145,-387.17888880529983,913.063465018187,5.02,5.013702313571756,2.61166225933177,0.7179001739376192,9.309504453205893
4,4,uncalibrated,20,0,308.85,309.8783360147686,1.0244954360780012,308.19319098094047,311.5634810485967,484.91,389.03414414754735,175.67735029115155,100.07061734792256,677.9976709471721,7.06,7.319720584979095,1.3820739550260097,5.046411227339398,9.593029942618791
4,4,uncalibrated,21,3,311.28,310.4326694928545,1.386081309686817,308.15276862336646,312.7125703623425,410.23,845.7071466749984,329.5474534824288,303.64982256180406,1387.7644707881927,5.16,4.444451369278276,1.8265078853429437,1.440113249416473,7.448789489140079
4,4,uncalibrated,22,2,312.03,313.46053292967395,1.4878462739935328,311.01324358954946,315.90782226979843,122.49,187.72652272930497,256.73164888856445,-234.559461098282,610.0125065568919,3.07,4.9578154716760405,1.8664358210833152,1.887801741895002,8.02782920145708
4,4,uncalibrated,23,2,307.93,308.4900936538064,1.675036787381372,305.73490331880504,311.2452839888078,117.49,128.70285152954023,299.64759612817727,-364.17358376918185,621.5792868282623,6.42,8.31844495966415,1.8167154323410324,5.330213991639292,11.306675927689009
4,4,uncalibrated,24,0,306.65,306.94078227998796,0.9169379323502101,305.4325535962723,308.4490109637036,1388.31,1358.6151906118328,226.3769689672435,986.2582121477816,1730.9721690758838,11.47,11.575312251710715,1.3919942695158662,9.285685428801878,13.864939074619551
4,4,uncalibrated,25,2,308.18,308.12038419327223,0.5022854376444323,307.2941981693979,308.9465702171466,1252.74,1164.9463136243244,228.35582356588404,789.3344089964896,1540.5582182521591,7.11,6.954531735865165,1.3789186397733426,4.686412409962992,9.222651061767337
4,4,uncalibrated,26,0,310.29,310.015862825571,1.1520274985685737,308.12094621620264,311.91077943493934,785.56,750.3038257487925,271.8587460109015,303.1359813542823,1197.4716701433026,5.06,5.009237422379969,1.7652398657967454,2.105676226684863,7.912798618075074
4,4,uncalibrated,27,1,303.33,304.7300940585133,1.7382010000965407,301.8710078391338,307.5891802778928,1918.36,2010.2140325254725,472.1119587473293,1233.6589648527643,2786.7691001981807,8.91,6.764103595386235,2.721602440404833,2.2874659501663697,11.2407412406061
4,4,uncalibrated,28,3,302.73,305.43609594216406,3.300402893679753,300.0074162720938,310.8647756122343,2026.87,1221.6706366548508,655.4057961195348,143.62403578261728,2299.7172375270843,13.02,6.386930832976484,3.230432923051995,1.0733415228709662,11.700520143082002
4,4,uncalibrated,29,0,310.24,310.2032794033951,1.0179755018762533,308.52885870698617,311.877700099804,305.92,398.64900672946555,172.23943982803016,115.34033942424043,681.9576740346906,5.99,5.956493117893302,1.586052127876057,3.3476695228222706,8.565316712964334
4,4,uncalibrated,30,3,305.2,305.3746838785041,1.7166406477636318,302.55106128285775,308.1983064741504,2372.98,1879.7139443488995,519.294998727663,1025.5496822339433,2733.878206463856,10.28,8.890933950670107,2.059194971270222,5.503859633576051,12.278008267764163
4,4,uncalibrated,31,2,307.79,306.78013171095756,1.2284586218408822,304.7594970912628,308.8007663306523,1236.45,1145.2816186378689,211.3994513039205,797.5604644250643,1493.0027728506734,12.82,10.826989708861497,1.5418222620612307,8.290917768995559,13.363061648727435
4,4,uncalibrated,32,3,309.58,309.2231005716672,1.1671793247824085,307.3032614259961,311.1429397173383,717.28,636.2214934955167,217.32796618999276,278.7488000699203,993.6941869211131,6.31,6.241021950578492,1.3092821764735547,4.087444413903049,8.394599487253934
4,4,uncalibrated,33,3,311.54,311.46569711176187,1.3902527570271357,309.1789348219865,313.75245940153724,686.14,657.3336583484536,306.9353149478277,152.469992317027,1162.1973243798802,4.98,3.1958957375352233,1.7878035663469074,0.25522055715273684,6.13657091791771
4,4,uncalibrated,34,2,308.55,309.53350748267707,1.066476068449224,307.77931045343144,311.2877045119227,367.47,432.48488076764215,242.4681098330998,33.660330888600186,831.3094306466842,5.43,4.919552659556889,1.6093404078931441,2.27242325263429,7.566682066479487
4,4,uncalibrated,35,0,306.8,307.0888258505674,0.9616752193668628,305.5070108780425,308.6706408230923,554.95,624.757659573027,167.68897121991492,348.93384706218905,900.581472083865,12.78,11.498171047000671,1.338644829199517,9.296296244492012,13.70004584950933
4,4,uncalibrated,36,4,307.12,307.45069653640866,0.858602643124907,306.0384208647545,308.8629722080628,2075.38,2050.1524729965495,299.87886002944987,1556.8956424310363,2543.4093035620626,5.9,6.974672222090748,1.1991091440933226,5.002313197318172,8.947031246863325
4,4,uncalibrated,37,0,309.05,308.7946929773238,0.974558738339086,307.1916865018895,310.3976994527581,1337.07,1326.738348155097,247.559549139779,919.5391258660604,1733.9375704441334,4.68,4.721769567555786,1.4931907043722128,2.2656894217389287,7.177849713372643
4,4,uncalibrated,38,4,307.56,307.505885788788,1.3476739001162066,305.28915948623404,309.722612091342,316.18,392.26629786103786,268.00321883710336,-48.559768677840566,833.0923643999163,8.14,5.921255978251057,1.8313196542654355,2.909003202825041,8.933508753677074
4,4,uncalibrated,39,1,312.34,311.95878712971546,2.082755680936071,308.53295889387397,315.38461536555695,106.38,325.3880009746197,382.91608166265877,-304.4529047662504,955.2289067154898,5.13,5.44005022994683,2.9000873285685844,0.6698310690747897,10.210269390818869
4,4,uncalibrated,40,3,309.58,308.59159541993597,1.6734766610523961,305.8389712643853,311.34421957548665,435.02,419.5914589209955,193.54315964171596,101.24129081267131,737.9416270293196,7.83,8.646862681640965,1.302058133894204,6.505167637603418,10.788557725678512
4,4,uncalibrated,41,0,307.48,307.5512840247726,0.8599333607670411,306.13681951737834,308.96574853216686,1296.42,1023.0372966849673,101.48185418497783,856.1145007590461,1189.9600926108883,8.74,8.614027867137574,1.1807889248316132,6.671802921464167,10.556252812810982
4,4,uncalibrated,42,3,304.47,305.1925634960497,1.9453879890363297,301.9926850064554,308.3924419856439,451.73,782.5924015048571,441.6536211518465,56.1368408969912,1509.0479621127229,7.37,8.166577796355526,1.8773951529178485,5.07853756985749,11.254618022853561
4,4,uncalibrated,43,0,311.63,312.08596585762683,1.1305554756009444,310.2263675831148,313.9455641321389,91.86,71.26195117244629,182.2395960731106,-228.4955094025808,371.0194117474734,2.46,2.88391955723681,1.6545603113798393,0.1624100280537255,5.605429086419894
4,4,uncalibrated,44,4,312.52,312.4565496371484,1.0345007207899555,310.7549473744731,314.1581518998237,220.1,419.55510199700825,292.5283438663874,-61.61120539772628,900.7214093917428,1.31,1.8303732945190179,1.5125586673302986,-0.6575643154161082,4.318310904454144
4,4,uncalibrated,45,3,312.59,312.69220274650263,1.2249612895345816,310.67732072653655,314.7070847664687,188.63,180.68081369212365,242.87216105906052,-218.80834131141398,580.1699686956613,1.23,1.192908670253681,1.4131363478008132,-1.1314937768034428,3.517311117310805
4,4,uncalibrated,46,4,306.36,306.8442405094333,1.073285684245931,305.07884265894626,308.6096383599203,947.21,828.9409220910665,274.97938150447544,376.6400890865576,1281.2417550955752,7.22,7.858102682304512,1.6621910946833411,5.124041631528182,10.592163733080842
4,4,uncalibrated,47,0,302.67,306.31713286646107,1.0770701108225373,304.5455101881936,308.08875554472854,1366.98,1250.5858378620221,209.5328043713613,905.9350446264754,1595.236631097569,10.28,12.221811672972251,1.5896561779739764,9.607059943025941,14.83656340291856
4,4,uncalibrated,48,2,312.73,312.1821707512692,1.2856164517082833,310.06751986780836,314.29682163473007,46.91,70.01747299375063,249.57941342764184,-340.5041303951268,480.5390763826281,1.25,1.3022186244232392,1.5067058379542067,-1.176091937884694,3.7805291867311723
4,4,uncalibrated,49,3,310.89,309.7683512921485,1.5755735148559447,307.17676348170903,312.359939102588,93.48,196.20776866424325,277.5642716646363,-260.3448302954773,652.7603676239638,4.63,4.8906106846002135,1.707786475106664,2.081551906962348,7.699669462238079
4,4,uncalibrated,50,4,307.08,304.6423111072178,1.4429995224759993,302.26878810898387,307.0158341054517,130.32,361.01209650978217,381.025517400592,-265.7191077476426,987.743300767207,7.26,7.9455876590971,2.2355145008887756,4.268493524207589,11.622681793986612
4,4,uncalibrated,51,2,306.76,306.8130942200451,0.6470778413791564,305.74874588573266,307.8774425543576,1543.82,1724.6914061838042,152.8508175459539,1473.2741845608443,1976.1086278067642,10.96,10.241142586300452,1.5468329727989032,7.696828760704049,12.785456411896854
4,4,uncalibrated,52,4,310.33,310.29109315193745,1.2356521239981468,308.2586262741288,312.3235600297461,570.52,619.078061775544,305.54712035374496,116.49777265710884,1121.6583508939793,5.7,5.926606747012534,1.7122043246273966,3.110281253567166,8.742932240457902
4,4,uncalibrated,53,0,312.69,312.6822152908205,0.9679553389691719,311.09007044079004,314.274360140851,95.36,57.98403441122127,203.44842893065538,-276.6588518129459,392.62692063538844,1.39,1.6465575789086433,1.5175766751721578,-0.8496339194252358,4.142749077242522
4,4,uncalibrated,54,0,311.54,311.80801108468745,0.9959946467470392,310.1697456775613,313.4462764918136,223.41,221.2933894990618,180.68855166832714,-75.91283006119448,518.4996090593181,4.71,4.798893852369419,1.5377054552635532,2.2695934570961,7.328194247642738
4,4,uncalibrated,55,4,308.42,305.30443676050857,1.2364500765415187,303.2706573675648,307.3382161534523,709.64,832.82200884051,251.67089715224523,418.86022086150865,1246.7837968195113,12.53,10.244266212121635,1.7696170103809818,7.333505254281458,13.155027169961812
4,4,uncalibrated,56,3,308.18,307.6869114953895,0.9383361153714125,306.14348593272126,309.2303370580577,1523.36,1847.095577803963,269.3546655684059,1404.04657920747,2290.144576400456,7.59,6.425099356197107,1.0241265563943995,4.740561075454458,8.109637636939755
4,4,uncalibrated,57,4,308.44,309.3321011477508,1.1105403903076052,307.5054247588772,311.15877753662437,1059.82,1208.2469795012744,257.08323738438526,785.3826840611421,1631.1112749414067,5.32,5.7848123483030855,1.5439082779618658,3.24530921761711,8.32431547898906
4,4,uncalibrated,58,4,309.87,310.73770271996483,1.002865105887625,309.0881364132025,312.38726902672715,261.82,278.0216044717742,250.8597510174909,-134.6059668454888,690.6491757890371,2.03,3.560918801735494,1.5932671768525646,0.9402275071868216,6.1816100962841665
4,4,uncalibrated,59,2,308.33,308.540593737201,1.0820057353097667,306.76085267909446,310.32033479530753,1098.75,1332.3579548175808,242.91493435392997,932.7984440048405,1731.9174656303212,2.44,4.752177306406631,1.6919917648923533,1.9690985151514226,7.53525609766184
4,4,uncalibrated,60,1,306.45,307.18366749315703,2.058941050268555,303.79701083894355,310.5703241473705,268.91,231.54478492419042,389.79227672572034,-409.6064552057823,872.6960250541631,8.27,5.450914743626952,2.868522943594997,0.7326143758612105,10.169215111392694
4,4,uncalibrated,61,1,303.98,303.9658517854489,1.9284530059234197,300.79382886425026,307.1378747066475,704.72,1064.91350840322,386.5316968522786,429.12544490404287,1700.701571902397,7.93,7.170376266059016,2.3197277423399707,3.3547636755311663,10.985988856586864
4,4,uncalibrated,62,1,308.91,309.7799636678163,1.5478785241474964,307.23393006329195,312.3259972723406,671.26,716.0135666220369,218.42244546338384,356.74061499398005,1075.2865182500939,8.35,8.397994632242835,1.6528239874003885,5.679341101854913,11.116648162630757
4,4,uncalibrated,63,0,309.65,310.4589857958575,1.0307534259340152,308.7635472847173,312.15442430699767,616.92,631.5377926108152,307.8940380145171,125.09716746590254,1137.978417755728,2.11,3.8639455564054748,1.622560017346988,1.195071826925839,6.532819285885111
4,4,uncalibrated,64,3,311.97,312.11021607776394,1.446735340119636,309.7305482063293,314.4898839491986,177.02,175.27206494641757,251.03027466003283,-237.6359928027615,588.1801226955967,2.3,2.0930941648523382,1.6344529842491475,-0.5953417543715283,4.781530084076205
4,4,uncalibrated,65,1,306.98,307.67946719031295,1.0430572738287858,305.96379065033756,309.39514373028834,2215.59,1637.7030830837475,259.6776442010555,1210.5713681814277,2064.8347979860673,6.68,7.387068746341081,1.4401035730637646,5.018309161001374,9.755828331680787
4,4,uncalibrated,66,3,306.01,306.3094042669024,1.4168658670010892,303.9788673066619,308.63994122714286,1493.56,1295.6882012785645,305.3135829216163,793.4920470523952,1797.8843555047338,12.0,11.802255784064972,1.5534670241322508,9.24702991507153,14.357481653058414
4,4,uncalibrated,67,3,311.22,311.49563423367016,1.7048626600925287,308.6913847037628,314.2998837635775,462.07,582.7521312478599,365.97348981966263,-19.220690850099572,1184.7249533458194,3.64,4.859851700219832,2.526241450124898,0.704554288426749,9.015149112012915
4,4,uncalibrated,68,2,304.88,309.66719031591504,1.5366069628067083,307.13969677994356,312.1946838518865,395.97,393.9386251016039,235.10029761890812,7.233047865772505,780.6442023374353,8.3,10.284598125021773,1.772981683067955,7.368302773108923,13.200893476934624
4,4,uncalibrated,69,4,310.04,309.625203804688,1.3309507629770172,307.43598461491143,311.81442299446456,990.55,1102.734610826002,288.43846584590113,628.2955541270533,1577.1736675249506,2.36,2.8603029111311877,1.7580817208544222,-0.03148418389329288,5.752090006155669
4,4,uncalibrated,70,1,312.89,312.40012298373836,1.2165423764480654,310.39908884349757,314.40115712397915,164.97,336.9851939420562,231.95746448741994,-44.55088281854364,718.521270702656,0.86,3.6125615929305916,1.7588380168481283,0.7195305016978142,6.5055926841633696
4,4,uncalibrated,71,1,312.89,311.97116685562185,1.5310910133735691,309.45274624908154,314.48958746216215,42.42,133.72509602553203,277.76564617430626,-323.1587345267948,590.6089265778588,0.86,1.9131084095348703,1.938449291497897,-1.275356938246956,5.101573757316697
4,4,uncalibrated,72,4,311.83,311.1506962170332,0.9959964713175824,309.5124278087556,312.7889646253108,492.81,411.04773742126457,226.6239002302605,38.284593173632175,783.810881668897,6.49,3.8012863414290545,1.3544576999185773,1.5734016811656346,6.029171001692474
4,4,uncalibrated,73,3,307.38,307.9538778389075,1.718744738320468,305.1267943222773,310.78096135553767,663.32,647.5625950396706,349.88391693412376,72.05476525858967,1223.0704248207514,9.56,8.917475043901648,2.0033706118243795,5.622223626914328,12.212726460888968
4,4,uncalibrated,74,3,313.21,312.2955914388306,1.99493761630277,309.0142110651131,315.57697181254815,15.08,124.58070560741908,325.8615077799365,-411.4137773482846,660.5751885631228,0.39,1.6452278618659761,2.269484180012783,-2.087741422937037,5.378197146668989
4,4,uncalibrated,75,1,307.86,308.121365015712,1.1666005515649442,306.2024778672668,310.0402521641572,946.9,1169.080840398308,250.60825961478398,756.8669356269347,1581.2947451696814,8.0,6.92984781774261,1.3658870196105188,4.683163599530312,9.176532035954908
4,4,uncalibrated,76,1,307.58,307.8633352243136,0.8513843716482664,306.4629325526781,309.263737895949,1109.01,1240.2774161587556,218.3672593896521,881.0952375442336,1599.4595947732778,8.19,7.866710575287277,1.1577740614781997,5.962341711074524,9.77107943950003
4,4,uncalibrated,77,2,312.31,311.72410766676853,1.2106719257716165,309.7327295586148,313.7154857749223,65.54,81.33956416093486,225.15404415043872,-289.005881982706,451.6850103045757,2.01,1.9306122098338596,1.7640768625095653,-0.9710360156861713,4.8322604353538905
4,4,uncalibrated,78,1,312.73,313.5401815818032,1.4639049897265797,311.13227214993907,315.94809101366735,68.26,-11.92027569750519,249.0632174577268,-421.5928122730502,397.7522608780398,1.34,1.698410402487612,1.9932043978472924,-1.5801190805671306,4.976939885542355
4,4,uncalibrated,79,3,306.53,307.5433796807102,1.9943528638559684,304.2629611391757,310.8237982222447,466.58,684.0350466221231,463.3571398486461,-78.11962543178265,1446.1897186760289,7.25,7.75419898158456,1.8797089041549002,4.662352972972396,10.846044990196724
4,4,uncalibrated,80,1,315.92,312.0413292497501,1.992220566018437,308.7644180260474,315.3182404734528,84.11,268.66962654528714,336.31090073333013,-284.5125783092472,821.8518313998215,3.9,4.694084128181412,2.687078378512113,0.2742335113828842,9.11393474497994
4,4,uncalibrated,81,1,309.26,308.06943648192726,2.3721203588448434,304.1676457061159,311.97122725773863,613.05,741.290325206894,362.17322911248385,145.56837571649862,1337.0122746972893,8.86,10.6699098626693,3.272990305782405,5.286319887226106,16.053499838112494
4,4,uncalibrated,82,2,310.16,308.3786066536021,0.7571236930741618,307.1332490009982,309.623964306206,517.94,722.4360209458576,269.811932400488,278.63488534212973,1166.2371565495855,7.35,6.867425241455069,1.6035582476749048,4.229806641739056,9.505043841171084
4,4,uncalibrated,83,2,304.65,303.1456880954014,1.9190711060774195,299.98909702619216,306.30227916461064,2419.87,1646.5602744021512,287.16139815194987,1174.221807131461,2118.8987416728414,12.79,8.674218101854319,1.9008673989699754,5.547569466304745,11.800866737403892
4,4,uncalibrated,84,3,315.33,313.65394059664874,1.9717959747780005,310.41062483592685,316.8972563573706,96.59,72.22374478120912,306.5784164907699,-432.05287552867253,576.5003650910908,6.91,4.746845526586967,2.3418770735987517,0.8948005282035623,8.598890524970372
4,4,uncalibrated,85,1,311.02,310.2083866723062,1.7823456686585157,307.27668893473196,313.1400844098804,146.83,299.1916273822386,389.02216453825275,-340.6928909230186,939.0761456874958,5.0,5.646017110132779,2.3061399901630644,1.8527543830552315,9.439279837210327
4,4,uncalibrated,86,2,309.61,310.4338537917411,1.316512111409958,308.2683840703629,312.5993235131193,540.43,548.4494196422254,275.83399816627485,94.74286732190268,1002.1559719625482,7.42,8.181158017784698,1.9948252070360097,4.899962540857297,11.462353494712099
4,4,uncalibrated,87,4,311.04,312.2326407912456,1.0483254081515097,310.5082989414222,313.95698264106903,153.39,134.7501480809692,248.29069085891445,-273.6516953166028,543.1519914785413,1.96,2.1000635892214845,1.5032526536590611,-0.3725669903740463,4.572694168817016
4,4,uncalibrated,88,1,312.29,312.2477360040473,1.9385607602430186,309.05908730649577,315.4363847015988,42.84,138.29628690244738,362.3218559909124,-457.67013204799366,734.2627058528884,3.51,2.9972398071351263,2.4687036267447953,-1.0634163071843021,7.057895921454555
4,4,uncalibrated,89,4,311.14,311.1871981438465,1.272915155872596,309.09343903290795,313.28095725478505,504.12,499.45859904684266,281.99189884772244,35.623201456233915,963.2939966374514,4.26,4.794919607720924,1.7531306130515334,1.9112763603234528,7.678562855118396
4,4,uncalibrated,90,4,308.79,307.5020743996972,1.0122621000605638,305.8370514129871,309.16709738640736,843.81,949.5176402603872,224.64346942746798,580.0120148016545,1319.02326571912,7.69,7.176385596695482,1.46922873016821,4.759719391056997,9.593051802333967
4,4,uncalibrated,91,3,302.53,305.1568598453897,2.7302576967196597,300.6659855704282,309.64773412035123,2030.6,1707.8881820694269,781.4279545131761,422.5535768871596,2993.222787251694,2.36,5.698251047327491,2.8209643640045248,1.0581775816937977,10.338324512961185
4,4,uncalibrated,92,2,312.07,311.04107555434473,1.2240451926156888,309.0277003797183,313.0544507289712,81.77,96.89553260779621,223.3179563016559,-270.4298177783727,464.2208829939651,5.71,4.635822245414853,1.6402230321480171,1.9378954419768468,7.333749048852859
4,4,uncalibrated,93,4,306.81,306.53945552270216,1.1608607786316916,304.6300094605841,308.4489015848202,673.45,992.2837044202424,270.42881667513785,547.4678844799473,1437.0995243605375,7.15,7.054605787375559,1.711302629337699,4.239763450697855,9.869448124053264
4,4,uncalibrated,94,2,309.96,310.27627785159194,1.0707454353802224,308.515058338665,312.03749736451886,659.22,459.07107137793173,280.4129129938257,-2.1671256039899163,920.3092683598534,4.79,4.891134978682506,1.6550606235528185,2.1688025092070884,7.613467448157923
4,4,uncalibrated,95,0,314.36,313.74623718915376,1.1495862855347263,311.8553360178983,315.6371383604092,139.42,-30.23086811847338,213.7901145218628,-381.88431339612987,321.4225771591831,5.84,3.074878826814117,1.6250475382560763,0.4019134895450498,5.747844164083185
4,4,uncalibrated,96,0,310.35,310.88331025100916,1.1086297406512002,309.05977660115275,312.7068439008656,94.55,102.3504480921655,127.24490790152721,-106.9488001807675,311.6496963650985,3.98,5.3803402782626595,1.5081395893293261,2.899671404805215,7.861009151720104
4,4,uncalibrated,97,0,313.16,313.486548576269,1.2252801998991782,311.471141995433,315.501955157105,15.39,113.28170380079996,285.25910589562926,-355.9277711525597,582.4911787541596,0.53,2.388170321262999,2.0732363819743203,-1.0220000611552083,5.798340703681206
4,4,uncalibrated,98,4,306.83,306.7709418198463,0.8298380468215537,305.40597969874955,308.1359039409431,1407.27,1467.127892998155,194.3294954524912,1147.4843175794754,1786.7714684168345,10.88,11.460687474934169,1.1496274965883164,9.569718517527736,13.3516564323406
4,4,uncalibrated,99,3,309.81,309.7994052418514,1.3656746055228175,307.5530704137217,312.0457400699811,533.37,803.7989522144038,341.2617159210334,242.47338104200935,1365.1245233867983,7.02,4.525181528130391,1.6301575982443228,1.8438108901557166,7.206552166105065
4,4,holdout,0,4,312.33,312.2830324711275,1.0775448702059085,309.3644249149886,315.2016400272664,84.06,107.09780232431285,237.7419789728669,-427.35056349598335,641.546168144609,0.31,2.436483544502914,1.3657899607852473,-2.473274507763964,7.346241596769792
4,4,holdout,1,4,311.68,309.5812983908356,1.1979560309059742,306.3365485707597,312.82604821091155,204.84,228.6251599022168,323.32303366988486,-498.2109997170816,955.4613195215152,9.2,6.42880421007882,1.3547911274273263,1.5585848952423635,11.299023524915276
4,4,holdout,2,0,301.44,307.8660063365429,2.5173974935898054,305.0682968032561,310.66371586982973,220.66,413.70699796723665,362.6305531772963,-23.99254188356298,851.4065378180362,4.44,9.600938172019905,2.3741515477985637,2.715305815150466,16.486570528889345
4,4,holdout,3,4,314.31,314.01222903544965,1.4625047244494545,310.0509301070334,317.9735279638659,12.81,120.65029786730554,309.44756576625787,-574.9935532748613,816.2941490094723,2.87,3.7805223831852413,2.318329831759121,-4.5534373661935295,12.114482132564012
4,4,holdout,4,1,306.89,305.26967855396293,1.1027124863002962,302.779008728401,307.7603483795249,422.12,366.98143059469425,235.84496614593846,-1289.7307513237163,2023.6936125131049,12.1,9.85149409599107,2.2260134333947152,6.115595742211355,13.587392449770785
4,4,holdout,5,1,307.84,308.0877035806458,0.8843456886391844,306.0902535205223,310.08515364076925,2201.12,1872.0386685545152,224.39889173789174,295.7303689696437,3448.3469681393867,5.77,5.851450559006275,1.5555900157112645,3.240717806154384,8.462183311858166
4,4,holdout,6,2,314.22,313.7345395294473,1.279669913540853,309.243926584597,318.22515247429766,87.66,83.96653394982593,267.81395688762944,-394.2314809603419,562.1645488599938,3.45,2.301145498199566,2.25314956566999,-0.8429339426717362,5.445224939070869
4,4,holdout,7,1,301.14,303.6607890214352,1.245472006961053,300.84767174484784,306.4739062980226,965.47,1489.1686504247696,436.8323314493484,-1579.3956560109027,4557.732956860442,6.46,9.033261237452866,3.105148992071298,3.821917570928413,14.244604903977319
4,4,holdout,8,3,306.32,305.150053133589,1.6245173452668962,302.6487327608532,307.6513735063248,331.97,399.4006959626554,257.8190862380255,-360.54721137500053,1159.3486033003114,10.22,6.223936729115171,1.793462096496136,3.233965038899525,9.213908419330817
4,4,holdout,9,4,304.34,304.48534725347906,1.2886392824587596,300.9949753433025,307.97571916365564,421.99,510.35735401111197,434.7027387927128,-466.86244271602584,1487.5771507382497,3.37,9.39066897929846,2.0238611060042433,2.1152689198624595,16.666069038734463
4,4,holdout,10,0,303.31,306.13757937334765,2.399466947878409,303.47093194401646,308.80422680267884,1035.72,485.5073128568762,292.76487773777745,132.13650295810447,838.8781227556478,5.86,8.816673072639901,2.026827372497536,2.9383675572239136,14.69497858805589
4,4,holdout,11,2,308.31,308.3598113649093,0.7964745429225397,305.56482583399605,311.1547968958226,374.66,400.67121403434396,252.84894273896674,-50.80586316907198,852.1482912377598,8.57,8.184345615430928,1.5351982515801827,6.042106443208225,10.32658478765363
4,4,holdout,12,2,307.47,307.1203669513114,0.6965869417972148,304.67590662216855,309.5648272804542,850.87,906.5127981608026,249.74710025895385,460.5742482759183,1352.451348045687,10.63,9.558822392783817,2.083787609486586,6.651073221600425,12.466571563967209
4,4,holdout,13,0,306.43,307.924827672306,1.0575197481788021,306.7495531720919,309.10010217252005,2256.33,1048.654139603749,254.17273652409645,741.8645190258521,1355.4437601816458,4.77,8.274821971287254,1.4496878115621563,4.07036530469094,12.479278637883569
4,4,holdout,14,0,313.31,311.7535938515148,2.585157733856242,308.8805789798164,314.62660872321317,0.85,277.20292510765194,438.2294336619062,-251.74539373163873,806.1512439469426,0.42,4.778919606261312,3.320906725481752,-4.852539187649939,14.410378400172565
4,4,holdout,15,2,311.83,312.9559256434362,1.071365937989493,309.19629224196393,316.7155590449085,194.23,176.34271457085788,253.14571004841963,-275.6642586093019,628.3496877510177,3.51,3.9446025018247837,1.8466582417509825,1.3677472851679422,6.521457718481625
4,4,holdout,16,0,307.32,306.4855602051662,0.7790148124595807,305.61980214632194,307.3513182640105,1604.24,1693.3243329499367,257.77747931862905,1382.1837434627103,2004.464922437163,11.92,11.007995363783348,0.9775753242012479,8.172782805495405,13.84320792207129
4,4,holdout,17,2,311.08,311.41979427542066,0.7587001511014029,308.7573665010827,314.0822220497586,560.59,411.67194859329015,288.10690017448695,-102.7603436832793,926.1042408698596,3.19,3.306434790036397,1.9045358008528976,0.6488163402445926,5.964053239828202
4,4,holdout,18,1,311.14,309.9457365125993,1.1310008786725563,307.39117238442395,312.50030064077464,68.07,96.70372148009528,266.71003808787214,-1776.8226732561889,1970.2301162163794,5.46,6.324003858387046,1.754596696409878,3.379279980567275,9.268727736206817
4,4,holdout,19,1,312.39,311.8810770387508,1.0716280182249003,309.4606169438674,314.30153713363416,59.84,121.23703800807442,287.90166343899773,-1901.1516557527987,2143.6257317689474,5.02,4.344729988379986,1.6889549065661011,1.5101721369361374,7.179287839823834
4,4,holdout,20,0,308.85,310.600066530064,1.6550156432695604,308.76076500747797,312.43936805265,484.91,303.80067278447495,293.2212558150079,-50.12099106924222,657.7223366381921,7.06,6.707160427575175,1.636505266752947,1.9608864892539408,11.45343436589641
4,4,holdout,21,3,311.28,310.76754326915056,1.3744903010560057,308.65119738821795,312.8838891500832,410.23,752.2930054645938,244.29972053812236,32.19479979987216,1472.3912111293153,5.16,4.762427622757238,1.97321794711614,1.472775830266511,8.052079415247967
4,4,holdout,22,2,312.03,312.6220306665617,1.3016261267753695,308.0543690591403,317.18969227398316,122.49,220.43965339751134,310.98174778033143,-334.83706253647466,775.7163693314974,3.07,5.572473072359355,1.7147497153049505,3.1796850354377724,7.965261109280938
4,4,holdout,23,2,307.93,308.0433029817662,1.0215926577798948,304.4583337917845,311.6282721717479,117.49,112.55910940524768,311.92651495625324,-444.4045454520434,669.5227642625388,6.42,7.755144491020444,2.037045449798037,4.912620045943946,10.597668936096943
4,4,holdout,24,0,306.65,306.77277056476277,1.1537832276921722,305.49051365313863,308.0550274763869,1388.31,1379.3481999579312,287.0216207047788,1032.9095719687166,1725.7868279471459,11.47,11.809061591921251,1.3367303258118648,7.932209841512375,15.685913342330128
4,4,holdout,25,2,308.18,308.15472465045497,0.45622077091228974,306.5537564024014,309.7556928985085,1252.74,1198.9426772000488,242.25855227605646,766.3753825760829,1631.5099718240149,7.11,6.802904824053607,1.472945251996735,4.747534441681829,8.858275206425386
4,4,holdout,26,0,310.29,309.3527791287231,1.749627043067802,307.40833123340605,311.2972270240402,785.56,927.4156984223548,366.53449029206087,485.0040584361221,1369.8273384085876,5.06,4.852138357328558,2.0208149061154166,-1.0087295041585138,10.713006218815629
4,4,holdout,27,1,303.33,304.09156713156705,1.4324773546036587,300.8560654325861,307.327068830548,1918.36,1836.5862203200184,390.33236680614516,-905.3352955483099,4578.507736188347,8.91,6.748739348858188,2.3045173230491214,2.8810886221029257,10.61639007561345
4,4,holdout,28,3,302.73,303.675730164818,3.1783180128766886,298.7819741087166,308.5694862209194,2026.87,1145.9924827999264,626.1138223329484,-699.5415153999625,2991.5264809998152,13.02,6.646789022534758,2.9396091388087107,1.74601742412246,11.547560620947056
4,4,holdout,29,0,310.24,310.49480083259385,2.076930816630329,308.1866039107888,312.8029977543989,305.92,415.83036467346784,377.947682913455,-40.357139246023564,872.0178685929593,5.99,5.832507647010488,1.9730729046530546,0.11010351179892197,11.554911782222055
4,4,holdout,30,3,305.2,305.31543605658214,1.9451956047683294,302.3203572971345,308.3105148160298,2372.98,1925.1531853935317,372.0980115753323,828.3565542856581,3021.949816501405,10.28,9.841931727264749,1.902250154627008,6.67059394368124,13.013269510848257
4,4,holdout,31,2,307.79,305.77412471091867,1.185620373525915,301.6135500653042,309.93469935653314,1236.45,1308.9610114910902,288.41712058276835,793.9748019163009,1823.9472210658796,12.82,9.986133507425356,2.441755502653598,6.578870451080173,13.393396563770537
4,4,holdout,32,3,309.58,309.4617255117405,1.2292665172691022,307.5689852513021,311.3544657721789,717.28,615.9878938885067,222.9967502353263,-41.31764604339219,1273.2934338204057,6.31,6.202898905054278,1.25380484944364,4.112617202298677,8.29318060780988
4,4,holdout,33,3,311.54,311.20812567048245,1.4133450341243274,309.03195393685326,313.38429740411163,686.14,601.5859228694177,271.34964101524673,-198.2446670814786,1401.416512820314,4.98,2.8372877079585206,1.8037081641243906,-0.1697657216506525,5.844341137567694
4,4,holdout,34,2,308.55,309.65364218754706,0.8793053728517558,306.5679870134884,312.73929736160574,367.47,477.60238432429634,236.07885227119036,56.06931774956996,899.1354508990228,5.43,5.056095303329545,1.587564052460529,2.8407840898800982,7.271406516778991
4,4,holdout,35,0,306.8,307.43193848172086,1.202464119529084,306.09558006426465,308.7682968991771,554.95,580.6347067895314,200.28941127029256,338.8829228268245,822.3864907522383,12.78,11.602677392589204,1.3886511928048488,7.5752421623282915,15.630112622850117
4,4,holdout,36,4,307.12,307.46994739989105,0.8389433156369575,305.19760926540357,309.74228553437854,2075.38,2161.20702091113,271.6249883956045,1550.5890232349361,2771.8250185873235,5.9,6.885287006840339,0.9244291442933539,3.56213808551207,10.208435928168608
4,4,holdout,37,0,309.05,309.03312191913574,1.0030719766354015,307.9183579461233,310.14788589214817,1337.07,1374.692431867799,243.61956431483412,1080.6406200031743,1668.744243732424,4.68,4.268887226248751,1.113081397248717,1.040673217824596,7.497101234672906
4,4,holdout,38,4,307.56,307.66528186586345,1.2912120069044355,304.16794154702507,311.16262218470183,316.18,480.23941192745804,526.3306095812193,-702.9615330095188,1663.4403568644348,8.14,6.532500735982559,1.7044012095424763,0.4054989252258254,12.659502546739294
4,4,holdout,39,1,312.34,312.3226396346809,1.3148879573760333,309.3527342421892,315.29254502717265,106.38,236.50422511418054,302.9226126936183,-1891.40035062956,2364.408800857921,5.13,3.9018842986654114,1.8934185828783654,0.724176895523736,7.079591701807087
4,4,holdout,40,3,309.58,308.7419775159525,2.192556925111302,305.3660287634553,312.1179262684497,435.02,407.36225540195085,183.4793529983025,-133.46174791484452,948.1862587187462,7.83,8.69138706777631,1.4773088871845232,6.228490439508916,11.154283696043702
4,4,holdout,41,0,307.48,307.65054062151864,0.7007075219040664,306.87180936470736,308.4292718783299,1296.42,975.2265643001292,111.70659319916882,840.3953317600747,1110.0577968401838,8.74,9.053838734327812,0.6400843701474821,7.197434220344425,10.910243248311199
4,4,holdout,42,3,304.47,305.0062274661132,1.9376028356211383,302.0228395317643,307.9896154004621,451.73,661.9928551342679,295.9867670712762,-210.4581628163154,1534.443873084851,7.37,8.110107020809973,2.003852229414081,4.7693832614235605,11.450830780196387
4,4,holdout,43,0,311.63,311.2171855779106,1.671616010069985,309.3594352388099,313.07493591701126,91.86,161.18489780869328,277.34080055335403,-173.56886113534375,495.9386567527303,2.46,2.700385446839179,1.6126180078596875,-1.976609475614321,7.377380369292679
4,4,holdout,44,4,312.52,312.45786398030265,0.9929081954242968,309.7685009274547,315.1472270331506,220.1,421.56166918235994,312.81615975209843,-281.6548435428503,1124.7781819075701,1.31,2.191763194768296,1.566535414848445,-3.4396370117402832,7.823163401276876
4,4,holdout,45,3,312.59,312.30976614975555,1.6612128782282116,309.75194451253526,314.86758778697583,188.63,164.99982265440298,248.39864258034487,-567.1803714844045,897.1800167932104,1.23,1.8325097338695393,2.028189097291728,-1.5487872532002722,5.213806720939351
4,4,holdout,46,4,306.36,306.70807012489877,1.0257025204996195,303.92988129076804,309.4862589590295,947.21,839.099031918227,297.53831682867656,170.22739265187636,1507.9706711845774,7.22,8.00356502277967,1.2782740986289978,3.4084100363280383,12.5987200092313
4,4,holdout,47,0,302.67,306.89345870391514,1.8197389737281169,304.8710919192272,308.9158254886031,1366.98,1394.761014339575,324.83830215236645,1002.677186509186,1786.844842169964,10.28,13.113876439364205,1.64161865086679,8.352772410209035,17.874980468519375
4,4,holdout,48,2,312.73,311.9658577698108,0.7797314321454646,309.2296271015359,314.70208843808564,46.91,46.61324958960631,257.0013822172095,-412.27825940297686,505.5047585821895,1.25,1.4800006006865924,1.652906044860003,-0.8264898305382467,3.7864910319114315
4,4,holdout,49,3,310.89,309.7794730869136,1.878649614714386,306.8868572781576,312.67208889566956,93.48,193.95467078068913,288.7972441432099,-657.3044991044028,1045.2138406657812,4.63,4.7836113722034215,2.134582091426133,1.2249412245183717,8.342281519888472
4,4,holdout,50,4,307.08,304.23714696989737,1.318152557770473,300.66683623702033,307.8074577027744,130.32,534.0766610682259,543.9115965824448,-688.6466678116607,1756.7999899481124,7.26,6.671607258129564,2.123804235548857,-0.9630695562536609,14.306284072512788
4,4,holdout,51,2,306.76,306.8706032438871,0.763203006916117,304.1923740645177,309.5488324232565,1543.82,1743.035222763152,254.84182093802892,1287.9997410246463,2198.070704501658,10.96,9.784921714963506,1.9776984681046925,7.02521095782979,12.544632472097222
4,4,holdout,52,4,310.33,310.2992654505598,1.1444871946249182,307.1993398080219,313.3991910930977,570.52,660.6151825849242,409.6515042906165,-260.2889756535038,1581.5193408233522,5.7,5.685064424583492,1.5560816708900114,0.09124346162620167,11.278885387540782
4,4,holdout,53,0,312.69,312.7394386981503,1.5396784577287914,311.02831714887066,314.45056024742996,95.36,108.21866784596017,241.74675595311618,-183.57264128118055,400.0099769731009,1.39,2.6333193932514845,2.1250443631272455,-3.529839921536055,8.796478708039023
4,4,holdout,54,0,311.54,311.9038203993717,1.5591582056888036,310.1710500335215,313.63659076522185,223.41,128.801494584814,232.15518537406217,-151.41267082921598,409.015659998844,4.71,2.9739525532234015,1.8281894968581553,-2.3282535193956124,8.276158625842415
4,4,holdout,55,4,308.42,305.0205654346836,1.1151143832978476,302.0001981580704,308.04093271129676,709.64,807.2206368314895,240.93143842979038,265.60230716228716,1348.8389665006919,12.53,9.93046815860021,1.6635093152303155,3.950465017577544,15.910471299622875
4,4,holdout,56,3,308.18,307.43354348480835,0.94148792012239,305.9839049677755,308.8831820018412,1523.36,1780.3739120532607,252.52042543451722,1036.0443448783676,2524.703479228154,7.59,6.63293520389075,1.078806895986489,4.83440147155772,8.43146893622378
4,4,holdout,57,4,308.44,309.35234236956705,1.0394970362836917,306.5367901001735,312.1678946389606,1059.82,1184.8959877300272,377.5298733402536,336.2018499645228,2033.5901254955315,5.32,6.163283583731457,1.2273414321013119,1.751221954814798,10.575345212648116
4,4,holdout,58,4,309.87,310.5978491314076,0.8945980281824459,308.1747662167617,313.0209320460535,261.82,259.85141172947647,304.9075573983493,-425.58641663319565,945.2892400921486,2.03,3.096163498172258,1.341664875039716,-1.7268694079142728,7.919196404258789
4,4,holdout,59,2,308.33,309.41177260860775,0.7062557179954516,306.93338264566074,311.89016257155475,1098.75,1274.4103108081576,272.03940815851286,788.6674971379912,1760.1531244783241,2.44,5.105898763598529,1.6383503152909205,2.819719620528867,7.392077906668192
4,4,holdout,60,1,306.45,306.0680983885814,1.3591699968267765,302.9981742325003,309.13802254466253,268.91,256.90039229081447,335.0456359673497,-2096.6549779019724,2610.4557624836016,8.27,6.558805289470578,2.319647176406797,2.6657622657040303,10.451848313237125
4,4,holdout,61,1,303.98,303.1467892324477,1.094876992335541,300.67381724619463,305.6197612187008,704.72,1031.3540622470678,313.3704539560048,-1169.9422257600368,3232.6503502541723,7.93,6.728535112461197,2.1438427881983126,3.130543014552591,10.326527210369802
4,4,holdout,62,1,308.91,309.2610831281319,1.078203938178475,306.8257701630696,311.69639609319415,671.26,704.7462620131537,120.26261777378205,-140.04829583182607,1549.5408198581335,8.35,8.486645823495405,1.3471846254416535,6.225677965476025,10.747613681514785
4,4,holdout,63,0,309.65,310.6086935371481,1.4043965407925372,309.0479175370547,312.1694695372415,616.92,525.5086819506503,229.9970475154683,247.8994154878107,803.1179484134898,2.11,5.569506315033207,1.807668048357004,0.3268175676415499,10.812195062424864
4,4,holdout,64,3,311.97,311.59239482492427,1.532951038646997,309.232061970033,313.95272767981555,177.02,117.30903797052781,247.59988101835208,-612.5167254457313,847.1348013867869,2.3,2.2510831718619,1.7420210793298052,-0.6531285876901887,5.155294931413989
4,4,holdout,65,1,306.98,308.44078732897805,1.0200151226330045,306.13690402383605,310.74467063412004,2215.59,1644.8760471432859,192.48126025653622,292.77575062608935,2996.9763436604826,6.68,7.286282887876559,1.7460743572230706,4.355861975376181,10.216703800376937
4,4,holdout,66,3,306.01,306.320926196102,1.3653640899249828,304.2186322290467,308.4232201631573,1493.56,1289.8977542446767,244.23613183376818,569.9869827358564,2009.808525753497,12.0,11.763283592886957,1.514415169966725,9.238525197223044,14.28804198855087
4,4,holdout,67,3,311.22,311.73815380095243,1.588448804085263,309.29236929376793,314.18393830813693,462.07,507.55315223783384,270.4054906425911,-289.4944587242637,1304.6007631999314,3.64,4.102692332927923,2.300940570851772,0.26667752048426996,7.938707145371575
4,4,holdout,68,2,304.88,308.00097566056814,1.1444303732779717,303.9849448120333,312.017006509103,395.97,465.8722185034818,297.4549275197695,-65.25154187949295,996.9959788864566,8.3,9.396513480149284,2.253700697992038,6.251664980787879,12.54136197951069
4,4,holdout,69,4,310.04,309.6429530223713,1.2832568433603535,306.1671598344896,313.11874621025294,990.55,994.0618657712007,388.08756152372024,121.6338497025381,1866.4898818398633,2.36,2.319802852807883,1.7064871579449123,-3.8146975501625358,8.454303255778303
4,4,holdout,70,1,312.89,311.9412137428811,0.9616760874951444,309.7690993949926,314.1133280907695,164.97,297.1829581233283,146.2074956939482,-729.863508724143,1324.2294249707995,0.86,3.812255012145963,1.8162614086501387,0.7640398015747238,6.860470222717202
4,4,holdout,71,1,312.89,312.43553202286836,1.1899479701833688,309.747825535325,315.12323851041174,42.42,120.56341021735182,257.87321578735447,-1690.8880062229919,1932.0148266576957,0.86,1.157124286164808,1.7414225094402682,-1.7654894719792282,4.079738044308844
4,4,holdout,72,4,311.83,311.0124590634057,0.9608117459630048,308.4100315456924,313.614886581119,492.81,456.3840908340611,254.73152715296652,-116.2570935204651,1029.0252751885873,6.49,3.993188766358417,1.4517998373748036,-1.225758616834033,9.212136149550867
4,4,holdout,73,3,307.38,308.0310392326958,1.3905136919511472,305.8900216336045,310.1720568317871,663.32,646.978738856298,251.40716486750486,-94.0693798790428,1388.0268575916389,9.56,9.450136747493332,1.8182472294098657,6.418844504200448,12.481428990786217
4,4,holdout,74,3,313.21,312.3469655949366,1.511100629747088,310.0202765008172,314.673654689056,15.08,117.38578773013069,245.6913477057726,-606.8143801643138,841.5859556245751,0.39,1.280430346569287,1.7040159640122932,-1.5604211562454293,4.121281849384003
4,4,holdout,75,1,307.86,307.89937036095824,0.9790187916016182,305.68808446985406,310.1106562520624,946.9,1204.4846457870653,193.68714031189924,-156.08645343709327,2565.0557450112237,8.0,6.6782817835551445,1.4617595991768195,4.225023776096374,9.131539791013914
4,4,holdout,76,1,307.58,307.9282171096517,0.9815710705965978,305.71116644816703,310.1452677711364,1109.01,1137.6688278940242,135.6090783561143,185.07180722120506,2090.2658485668435,8.19,7.615108846292228,1.540065484841629,5.0304307741754055,10.19978691840905
4,4,holdout,77,2,312.31,311.0357517497445,1.1892560323834733,306.86241886346494,315.2090846360241,65.54,75.07818493343609,260.37399355204985,-389.8353255415451,539.9916954084173,2.01,3.2713098561658844,2.0372344451389766,0.428521684093663,6.114098028238105
4,4,holdout,78,1,312.73,313.12828380871065,1.0838911851417155,310.6801251975005,315.5764424199208,68.26,24.325279498223267,170.34112531318104,-1172.2498350768797,1220.900394073326,1.34,1.9572043937518373,1.5459664546834093,-0.6373772230547354,4.55178601055841
4,4,holdout,79,3,306.53,307.4480648068455,1.9660291771792942,304.42090794170065,310.4752216719903,466.58,614.3258091111087,258.66159901360936,-148.1054900888514,1376.7571083110688,7.25,7.707216264082052,1.9050053634035764,4.5312851321034655,10.88314739606064
4,4,holdout,80,1,315.92,312.929677557088,1.1608321167476898,310.30773433830115,315.5516207758748,84.11,172.77899772628314,255.03617814156718,-1618.7434166024423,1964.3014120550088,3.9,3.0926092908260197,1.9274449506394535,-0.14220425974347828,6.327422841395517
4,4,holdout,81,1,309.26,307.2344172716683,1.7213189333929118,303.3465161362107,311.1223184071259,613.05,848.3778730467085,312.649317943236,-1347.8527362787704,3044.608482372187,8.86,10.683616231428736,2.609563573639876,6.304009121880793,15.06322334097668
4,4,holdout,82,2,310.16,308.41065346457844,0.815964539280262,305.5472737102698,311.2740332188871,517.94,684.2831255529111,302.5474997916053,144.06626942735625,1224.499981678466,7.35,6.645588194296125,1.7050675231463874,4.266310836724074,9.024865551868176
4,4,holdout,83,2,304.65,302.40076870152535,1.0243811273285328,298.8060142244795,305.9955231785712,2419.87,1637.7130783972173,287.91142228092633,1123.629823720278,2151.796333074157,12.79,9.073892642317238,2.628092736008475,5.40661175431706,12.741173530317417
4,4,holdout,84,3,315.33,314.4043621897305,1.9171696635832713,311.45243585205014,317.3562885274108,96.59,58.13504025843224,293.7221968348913,-807.6409272245104,923.9110077413749,6.91,4.85028626913908,2.1220852059511985,1.3124503135224996,8.388122224755659
4,4,holdout,85,1,311.02,310.5745768925445,1.091105008115162,308.1101245951467,313.03902918994226,146.83,176.37240430293087,288.23723369962,-1848.3735300967712,2201.118338702633,5.0,5.816443767866157,1.8160863233923965,2.7685224013105727,8.86436513442174
4,4,holdout,86,2,309.61,310.2801394878593,1.099924480374059,306.42028855469295,314.13999042102563,540.43,750.3377373557569,307.19459670648376,201.82320867565898,1298.8522660358549,7.42,8.159476674424383,1.9777760617555218,5.399657641920921,10.919295706927844
4,4,holdout,87,4,311.04,312.2537346208963,0.9729727720931174,309.61836809179226,314.88910115000033,153.39,113.74289925776282,230.6149949783699,-404.68387472779466,632.1696732433203,1.96,1.9670728225641394,1.0460765901355287,-1.793375788987309,5.727521434115587
4,4,holdout,88,1,312.29,313.31599712173806,1.1529537524241236,310.71184857249494,315.9201456709812,42.84,85.35666778657014,240.81582330517412,-1606.273705284524,1776.9870408576644,3.51,2.959446600395331,1.9327744344395863,-0.28431137497265,6.203204575763312
4,4,holdout,89,4,311.14,311.17766124003117,1.1510943513718637,308.0598396396177,314.29548284044466,504.12,610.2992903930317,397.0264075545271,-282.2234168787743,1502.8219976648377,4.26,4.485012825035486,1.6239126782418352,-1.3526478527396772,10.32267350281065
4,4,holdout,90,4,308.79,307.5699344589022,1.1185161937109658,304.5403531348273,310.5995157829771,843.81,1173.7328749472852,376.50648535376433,327.33933230319064,2020.1264175913798,7.69,6.4602510418170676,1.4867232376132122,1.1157606026231779,11.804741481010957
4,4,holdout,91,3,302.53,304.89777029857873,2.730796422202419,300.69307728957506,309.1024633075824,2030.6,1509.9991963675134,657.7602247258502,-428.81578278755524,3448.814175522582,2.36,7.4039263810167295,2.9900747516794297,2.4190209979498096,12.38883176408365
4,4,holdout,92,2,312.07,310.9531693611945,0.8503727259953096,307.969044524864,313.93729419752503,81.77,83.58914303037238,232.78175946626564,-332.05676496377583,499.2350510245206,5.71,4.583924403519706,1.5918278834931228,2.3626633748901296,6.805185432149283
4,4,holdout,93,4,306.81,306.54588328644394,1.0685352220783855,303.6516790083774,309.44008756451046,673.45,1328.8717978178684,485.991090224074,236.35483848388435,2421.3887571518526,7.15,7.062982663463239,1.95732697902819,0.026760277791519016,14.099205049134959
4,4,holdout,94,2,309.96,309.99975551366174,0.7910514431369469,307.22380070453124,312.77571032279224,659.22,462.41323781624794,298.4597168091037,-70.50463460310675,995.3311102356026,4.79,4.867725897816266,1.6648399629404262,2.5445826943754186,7.190869101257113
4,4,holdout,95,0,314.36,312.4456599208162,1.8030183043855343,310.4418756508649,314.44944419076745,139.42,164.75443288048467,301.47821025468596,-199.13347658367644,528.6423423446458,5.84,3.1596132030066353,1.9523607942406007,-2.5027206398230972,8.821947045836367
4,4,holdout,96,0,310.35,311.2410539374416,1.1331117440361105,309.98177027777274,312.5003375971105,94.55,127.27477541806519,179.521080344956,-89.40937756362902,343.95892839975943,3.98,5.169868668807262,1.0831832076298078,2.0283668763925156,8.311370461222008
4,4,holdout,97,0,313.16,313.2970192207608,2.4609961968909344,310.56199126472427,316.0320471767973,15.39,202.39294189995178,371.03576100958554,-245.45178723043023,650.2376710303338,0.53,5.769659360214376,3.2607015161640933,-3.687189292354315,15.226508012783068
4,4,holdout,98,4,306.83,306.60752562821676,0.8466274717121279,304.31437440593714,308.9006768504964,1407.27,1455.514493470491,219.29659173348986,962.5316993157385,1948.4972876252436,10.88,11.46611540317452,0.8915079821548783,8.261311868428558,14.670918937920481
4,4,holdout,99,3,309.81,310.07575860025594,1.6724174395658273,307.50068494807687,312.650832252435,533.37,582.532272839967,286.06045190161177,-260.65992431952805,1425.7244699994621,7.02,5.7681660385742575,2.070731309967967,2.3159447694749575,9.220387307673558
4,4,cross_fitted,0,4,312.33,313.1104978966355,1.2570834896453429,310.92157264921804,315.2994231440529,84.06,87.01650430773509,229.41325779598677,-207.80563758992474,381.8386462053949,0.31,3.0489241080273075,1.5022812762871722,0.6664828328583492,5.431365383196265
4,4,cross_fitted,1,4,311.68,309.6863053031244,1.2261948264139062,307.5511656438268,311.82144496242205,204.84,239.54185119064402,289.61844923516344,-132.65081263753706,611.734515018825,9.2,6.881033287003125,1.6450655936853953,4.272152891154262,9.489913682851988
4,4,cross_fitted,2,0,301.44,305.4872674189064,1.1242904889500465,303.8182707244261,307.1562641133867,220.66,322.8552382588775,250.97503965218215,42.33812311600644,603.3723534017486,4.44,10.269125471817604,1.7635016875535188,7.257596818120973,13.280654125514236
4,4,cross_fitted,3,4,314.31,314.7351700219524,1.6722857901423795,311.82326431553605,317.64707572836875,12.81,14.427698124894505,257.2438064848701,-316.1598657604532,345.0152620102422,2.87,3.543878287200126,2.0645848807912777,0.2696896823581474,6.818066892042105
4,4,cross_fitted,4,1,306.89,305.0008724600962,1.7277404048702916,302.5638407869961,307.43790413319635,422.12,405.7379185696847,256.208567163706,160.16949019190568,651.3063469474638,12.1,9.949254390055437,2.481002657144084,6.156527421753545,13.741981358357329
4,4,cross_fitted,5,1,307.84,307.79886250615135,1.1527834754173665,306.17282549625145,309.42489951605125,2201.12,1693.8599574977202,318.7340704041949,1388.3626604865754,1999.357254508865,5.77,5.237417863840722,1.5448398227678395,2.87580989028746,7.5990258373939845
4,4,cross_fitted,6,2,314.22,312.7620319248982,1.8155639415890414,310.66784397395577,314.8562198758407,87.66,62.762684060848756,297.25681743354306,-378.99772715829477,504.5230952799923,3.45,3.1392429270116122,2.137560900490203,-0.7095911829259047,6.988077036949129
4,4,cross_fitted,7,1,301.14,304.9460269216315,2.204486777497333,301.83652963572723,308.0555242075358,965.47,1584.9419435378118,500.99791857645175,1104.75007155116,2065.1338155244634,6.46,11.23731237306173,3.443679689461715,5.972933961049245,16.501690785074217
4,4,cross_fitted,8,3,306.32,304.93185416262,1.5803345208474038,302.25854539000267,307.6051629352374,331.97,426.1176937646321,289.02813606685424,15.101794779558134,837.1335927497062,10.22,6.389294949109643,1.6566649266609708,3.7093515950538043,9.06923830316548
4,4,cross_fitted,9,4,304.34,304.0971242104709,1.4294208446709298,301.6081126198663,306.5861358010755,421.99,562.5054985720813,261.9185603408957,225.91034402733305,899.1006531168294,3.37,7.364093950633493,2.8237710600355395,2.885925427037872,11.842262474229114
4,4,cross_fitted,10,0,303.31,304.41038108011185,1.162753070111624,302.684287112773,306.1364750474507,1035.72,423.97150659000613,209.68649874223868,189.60297419292147,658.3400389870908,5.86,8.954215419919088,1.616197885042743,6.1942372043028895,11.714193635535285
4,4,cross_fitted,11,2,308.31,308.5125166398202,1.505704819008927,306.7757400838347,310.2492931958057,374.66,454.84472850514135,293.8801334948426,18.102487426539312,891.5869695837434,8.57,8.220891647481587,1.6031835238243015,5.334242930446318,11.107540364516854
4,4,cross_fitted,12,2,307.47,307.07884942129925,1.0753790322533439,305.8384382408095,308.319260601789,850.87,971.6664015523191,254.78088790218712,593.0304772959757,1350.3023258086625,10.63,10.114591811795599,1.6815744907294345,7.086794448531693,13.142389175059504
4,4,cross_fitted,13,0,306.43,307.7136091246166,0.9735056249905828,306.2684508793622,309.158767369871,2256.33,1135.7361289974087,172.78706024669575,942.6104391216621,1328.8618188731555,4.77,7.500046705130103,1.4486142417072732,5.026250775222848,9.973842635037357
4,4,cross_fitted,14,0,313.31,313.5764720082816,1.3512678238050653,311.5705299911127,315.5824140254505,0.85,150.42799672924355,373.3573248940777,-266.876926668288,567.7329201267751,0.42,1.9964805125682892,2.134553863589221,-1.6486932734435853,5.641654298580164
4,4,cross_fitted,15,2,311.83,314.2763143058033,0.9999590015632231,313.1228974282477,315.42973118335885,194.23,129.21755267395054,218.33823147008604,-195.2600749607783,453.69518030867937,3.51,3.800660971558518,1.714822457669121,0.7129982219029571,6.888323721214078
4,4,cross_fitted,16,0,307.32,306.59401243285527,0.7528170187357414,305.47646396280476,307.7115609029058,1604.24,1662.094286682372,227.8473847047129,1407.4271646498712,1916.761408714873,11.92,11.101949643574782,1.1067536323363285,9.211948460197673,12.991950826951891
4,4,cross_fitted,17,2,311.08,311.07380174675933,1.1017758630165326,309.8029427678412,312.34466072567744,560.59,310.7336711717305,271.7501080325247,-93.12061385281294,714.587956196274,3.19,3.4951686030007125,1.7973216038872102,0.25896013100709503,6.73137707499433
4,4,cross_fitted,18,1,311.14,309.7294241189342,1.6380556235964594,307.4188956241723,312.03995261369613,68.07,91.62858562772476,308.8393533547779,-204.38491409292743,387.64208534837695,5.46,4.922663679728265,2.2325503214273605,1.509747620252695,8.335579739203835
4,4,cross_fitted,19,1,312.39,311.4062266474745,2.060946120972903,308.4991979299625,314.3132553649865,59.84,262.9422881064436,395.2456110740145,-115.8890859148774,641.7736621277645,5.02,5.013702313571756,2.61166225933177,1.0212350525870368,9.006169574556477
4,4,cross_fitted,20,0,308.85,309.8783360147686,1.0244954360780012,308.3574839635152,311.39918806602196,484.91,389.03414414754735,175.67735029115155,192.67795044831078,585.390337846784,7.06,7.319720584979095,1.3820739550260097,4.959555382720197,9.679885787237993
4,4,cross_fitted,21,3,311.28,310.4326694928545,1.386081309686817,308.0879612833801,312.77737770232886,410.23,845.7071466749984,329.5474534824288,377.07027036759297,1314.3440229824039,5.16,4.444451369278276,1.8265078853429437,1.489757520401295,7.399145218155258
4,4,cross_fitted,22,2,312.03,313.46053292967395,1.4878462739935328,311.74435556545245,315.17671029389544,122.49,187.72652272930497,256.73164888856445,-193.8084737265346,569.2615191851446,3.07,4.9578154716760405,1.8664358210833152,1.5971618170609614,8.31846912629112
4,4,cross_fitted,23,2,307.93,308.4900936538064,1.675036787381372,306.5579987398431,310.42218856776975,117.49,128.70285152954023,299.64759612817727,-316.6105526483323,574.0162557074127,6.42,8.31844495966415,1.8167154323410324,5.047316486814309,11.58957343251399
4,4,cross_fitted,24,0,306.65,306.94078227998796,0.9169379323502101,305.5795981437019,308.301966416274,1388.31,1358.6151906118328,226.3769689672435,1105.5915658024312,1611.6388154212343,11.47,11.575312251710715,1.3919942695158662,9.19820614627563,13.952418357145799
4,4,cross_fitted,25,2,308.18,308.12038419327223,0.5022854376444323,307.54101593895,308.69975244759445,1252.74,1164.9463136243244,228.35582356588404,825.5813046273338,1504.311322621315,7.11,6.954531735865165,1.3789186397733426,4.471688278927312,9.437375192803017
4,4,cross_fitted,26,0,310.29,310.015862825571,1.1520274985685737,308.3056908495926,311.72603480154936,785.56,750.3038257487925,271.8587460109015,446.44479951644615,1054.1628519811388,5.06,5.009237422379969,1.7652398657967454,1.9947404848298809,8.023734359930057
4,4,cross_fitted,27,1,303.33,304.7300940585133,1.7382010000965407,302.2783073899208,307.1818807271058,1918.36,2010.2140325254725,472.1119587473293,1557.7085093442017,2462.719555706743,8.91,6.764103595386235,2.721602440404833,2.6035699728218056,10.924637217950664
4,4,cross_fitted,28,3,302.73,305.43609594216406,3.300402893679753,299.8531032956991,311.019088588629,2026.87,1221.6706366548508,655.4057961195348,289.6430280009006,2153.6982453088012,13.02,6.386930832976484,3.230432923051995,1.161144312400217,11.61271735355275
4,4,cross_fitted,29,0,310.24,310.2032794033951,1.0179755018762533,308.69210612176386,311.7144526850263,305.92,398.64900672946555,172.23943982803016,206.13539724326796,591.1626162156631,5.99,5.956493117893302,1.586052127876057,3.247994757462726,8.664991478323879
4,4,cross_fitted,30,3,305.2,305.3746838785041,1.7166406477636318,302.4707983766944,308.27856938031374,2372.98,1879.7139443488995,519.294998727663,1141.2443142118063,2618.1835744859927,10.28,8.890933950670107,2.059194971270222,5.559828312378183,12.22203958896203
4,4,cross_fitted,31,2,307.79,306.78013171095756,1.2284586218408822,305.3631487090596,308.1971147128555,1236.45,1145.2816186378689,211.3994513039205,831.1158768869677,1459.44736038877,12.82,10.826989708861497,1.5418222620612307,8.050826413433796,13.603153004289197
4,4,cross_fitted,32,3,309.58,309.2231005716672,1.1671793247824085,307.2486890233545,311.19751211997993,717.28,636.2214934955167,217.32796618999276,327.16767398254,945.2753130084934,6.31,6.241021950578492,1.3092821764735547,4.123030550533523,8.359013350623462
4,4,cross_fitted,33,3,311.54,311.46569711176187,1.3902527570271357,309.11393244264406,313.8174617808797,686.14,657.3336583484536,306.9353149478277,220.85264262350836,1093.8146740733987,4.98,3.1958957375352233,1.7878035663469074,0.3038128492679677,6.087978625802479
4,4,cross_fitted,34,2,308.55,309.53350748267707,1.066476068449224,308.30336555192247,310.76364941343166,367.47,432.48488076764215,242.4681098330998,72.14726822038557,792.8224933148988,5.43,4.919552659556889,1.6093404078931441,2.021818024263264,7.817287294850513
4,4,cross_fitted,35,0,306.8,307.0888258505674,0.9616752193668628,305.6612297105468,308.51642199058796,554.95,624.757659573027,167.68897121991492,437.33015079336076,812.1851683526933,12.78,11.498171047000671,1.338644829199517,9.212169684648794,13.784172409352548
4,4,cross_fitted,36,4,307.12,307.45069653640866,0.858602643124907,305.955635135542,308.9457579372753,2075.38,2050.1524729965495,299.87886002944987,1664.7740137344729,2435.530932258626,5.9,6.974672222090748,1.1991091440933226,5.073026263099009,8.876318181082487
4,4,cross_fitted,37,0,309.05,308.7946929773238,0.974558738339086,307.34797139704625,310.24141455760133,1337.07,1326.738348155097,247.559549139779,1050.0387582396947,1603.437938070499,4.68,4.721769567555786,1.4931907043722128,2.171850492690196,7.271688642421376
4,4,cross_fitted,38,4,307.56,307.505885788788,1.3476739001162066,305.15921792659043,309.8525536509856,316.18,392.26629786103786,268.00321883710336,47.85166475693359,736.6809309651421,8.14,5.921255978251057,1.8313196542654355,3.016998565728998,8.825513390773118
4,4,cross_fitted,39,1,312.34,311.95878712971546,2.082755680936071,309.02099534834457,314.89657891108635,106.38,325.3880009746197,382.91608166265877,-41.62587922242324,692.4018811716626,5.13,5.44005022994683,2.9000873285685844,1.006665449071975,9.873435010821684
4,4,cross_fitted,40,3,309.58,308.59159541993597,1.6734766610523961,305.7607265249359,311.42246431493606,435.02,419.5914589209955,193.54315964171596,144.3611064886245,694.8218113533665,7.83,8.646862681640965,1.302058133894204,6.540557425600364,10.753167937681566
4,4,cross_fitted,41,0,307.48,307.5512840247726,0.8599333607670411,306.27472253937407,308.82784551017113,1296.42,1023.0372966849673,101.48185418497783,909.6100928691158,1136.4645005008188,8.74,8.614027867137574,1.1807889248316132,6.597596748190814,10.630458986084335
4,4,cross_fitted,42,3,304.47,305.1925634960497,1.9453879890363297,301.9017268354377,308.4834001566616,451.73,782.5924015048571,441.6536211518465,154.5336159209129,1410.6511870888012,7.37,8.166577796355526,1.8773951529178485,5.12956495083129,11.20359064187976
4,4,cross_fitted,43,0,311.63,312.08596585762683,1.1305554756009444,310.4076688603208,313.76426285493284,91.86,71.26195117244629,182.2395960731106,-132.42892512377185,274.9528274686644,2.46,2.88391955723681,1.6545603113798393,0.05842989530055531,5.7094092191730645
4,4,cross_fitted,44,4,312.52,312.4565496371484,1.0345007207899555,310.65520170372866,314.2578975705681,220.1,419.55510199700825,292.5283438663874,43.62289244197615,795.4873115520404,1.31,1.8303732945190179,1.5125586673302986,-0.5683667131234693,4.229113302161505
4,4,cross_fitted,45,3,312.59,312.69220274650263,1.2249612895345816,310.6200466819287,314.76435881107653,188.63,180.68081369212365,242.87216105906052,-164.69843199158157,526.0600593758288,1.23,1.192908670253681,1.4131363478008132,-1.093084895926614,3.478902236433976
4,4,cross_fitted,46,4,306.36,306.8442405094333,1.073285684245931,304.9753573753461,308.7131236435205,947.21,828.9409220910665,274.97938150447544,475.56112612069865,1182.3207180614343,7.22,7.858102682304512,1.6621910946833411,5.2220632576642565,10.494142106944768
4,4,cross_fitted,47,0,302.67,306.31713286646107,1.0770701108225373,304.7182342967817,307.91603143614043,1366.98,1250.5858378620221,209.5328043713613,1016.3890910799212,1484.782584644123,10.28,12.221811672972251,1.5896561779739764,9.507158682684587,14.936464663259915
4,4,cross_fitted,48,2,312.73,312.1821707512692,1.2856164517082833,310.69925824071095,313.6650832618275,46.91,70.01747299375063,249.57941342764184,-300.88841659876294,440.9233625862642,1.25,1.3022186244232392,1.5067058379542067,-1.4107149913770178,4.015152240223497
4,4,cross_fitted,49,3,310.89,309.7683512921485,1.5755735148559447,307.10309628214634,312.4336063021507,93.48,196.20776866424325,277.5642716646363,-198.50580558096277,590.9213429094493,4.63,4.8906106846002135,1.707786475106664,2.127969343883783,7.653252025316644
4,4,cross_fitted,50,4,307.08,304.6423111072178,1.4429995224759993,302.12965533472794,307.1549668797076,130.32,361.01209650978217,381.025517400592,-128.64905139826044,850.6732444178248,7.26,7.9455876590971,2.2355145008887756,4.400324796393318,11.490850521800883
4,4,cross_fitted,51,2,306.76,306.8130942200451,0.6470778413791564,306.0667131162477,307.55947532384255,1543.82,1724.6914061838042,152.8508175459539,1497.5361786022572,1951.8466337653513,10.96,10.241142586300452,1.5468329727989032,7.45595714118908,13.026328031411824
4,4,cross_fitted,52,4,310.33,310.29109315193745,1.2356521239981468,308.139485757899,312.44270054597587,570.52,619.078061775544,305.54712035374496,226.41524298822895,1011.740880562859,5.7,5.926606747012534,1.7122043246273966,3.211252226588274,8.641961267436795
4,4,cross_fitted,53,0,312.69,312.6822152908205,0.9679553389691719,311.2452963832766,314.11913419836446,95.36,57.98403441122127,203.44842893065538,-169.41214985901266,285.3802186814552,1.39,1.6465575789086433,1.5175766751721578,-0.9450053743442273,4.238120532161513
4,4,cross_fitted,54,0,311.54,311.80801108468745,0.9959946467470392,310.3294681373987,313.2865540319762,223.41,221.2933894990618,180.68855166832714,19.33612983058211,423.2506491675415,4.71,4.798893852369419,1.5377054552635532,2.172957017630055,7.424830687108783
4,4,cross_fitted,55,4,308.42,305.30443676050857,1.2364500765415187,303.1514399134364,307.45743360758075,709.64,832.82200884051,251.67089715224523,509.39626760582627,1156.2477500751936,12.53,10.244266212121635,1.7696170103809818,7.4378619299672035,13.050670494276067
4,4,cross_fitted,56,3,308.18,307.6869114953895,0.9383361153714125,306.0996132773255,309.2742097134535,1523.36,1847.095577803963,269.3546655684059,1464.0565715640496,2230.134584043876,7.59,6.425099356197107,1.0241265563943995,4.768396715637774,8.08180199675644
4,4,cross_fitted,57,4,308.44,309.3321011477508,1.1105403903076052,307.39834740852467,311.2658548869769,1059.82,1208.2469795012744,257.08323738438526,877.8657651816942,1538.6281938208544,5.32,5.7848123483030855,1.5439082779618658,3.3363555482675578,8.233269148338614
4,4,cross_fitted,58,4,309.87,310.73770271996483,1.002865105887625,308.9914410212683,312.48396441866134,261.82,278.0216044717742,250.8597510174909,-44.361721676973445,600.4049306205218,2.03,3.560918801735494,1.5932671768525646,1.03418459794724,6.087653005523748
4,4,cross_fitted,59,2,308.33,308.540593737201,1.0820057353097667,307.2925388921851,309.78864858221687,1098.75,1332.3579548175808,242.91493435392997,971.3563057453794,1693.3596038897822,2.44,4.752177306406631,1.6919917648923533,1.7056228821758928,7.798731730637369
4,4,cross_fitted,60,1,306.45,307.18366749315703,2.058941050268555,304.27946699034646,310.0878679959676,268.91,231.54478492419042,389.79227672572034,-142.05972740333914,605.14929725172,8.27,5.450914743626952,2.868522943594997,1.0657826696899422,9.836046817563961
4,4,cross_fitted,61,1,303.98,303.9658517854489,1.9284530059234197,301.2457087348652,306.68599483603253,704.72,1064.91350840322,386.5316968522786,694.4341666505279,1435.3928501559121,7.93,7.170376266059016,2.3197277423399707,3.6241914435008353,10.716561088617196
4,4,cross_fitted,62,1,308.91,309.7799636678163,1.5478785241474964,307.59663278151794,311.9632945541146,671.26,716.0135666220369,218.42244546338384,506.66203225042386,925.36510099365,8.35,8.397994632242835,1.6528239874003885,5.871310473796299,10.92467879068937
4,4,cross_fitted,63,0,309.65,310.4589857958575,1.0307534259340152,308.9288438284424,311.98912776327256,616.92,631.5377926108152,307.8940380145171,287.40178835629473,975.6737968653358,2.11,3.8639455564054748,1.622560017346988,1.0931027389189927,6.634788373891957
4,4,cross_fitted,64,3,311.97,312.11021607776394,1.446735340119636,309.6629049386492,314.55752721687867,177.02,175.27206494641757,251.03027466003283,-181.7085232271773,532.2526531200124,2.3,2.0930941648523382,1.6344529842491475,-0.5509175131661417,4.737105842870818
4,4,cross_fitted,65,1,306.98,307.67946719031295,1.0430572738287858,306.20820240654524,309.15073197408066,2215.59,1637.7030830837475,259.6776442010555,1388.8096456892363,1886.5965204782588,6.68,7.387068746341081,1.4401035730637646,5.185571846295781,9.58856564638638
4,4,cross_fitted,66,3,306.01,306.3094042669024,1.4168658670010892,303.912620610082,308.7061879237228,1493.56,1295.6882012785645,305.3135829216163,861.5133888725654,1729.8630136845636,12.0,11.802255784064972,1.5534670241322508,9.289252967340218,14.315258600789726
4,4,cross_fitted,67,3,311.22,311.49563423367016,1.7048626600925287,308.61167248683114,314.3795959805092,462.07,582.7521312478599,365.97348981966263,62.31517666659363,1103.1890858291263,3.64,4.859851700219832,2.526241450124898,0.7732172359724379,8.946486164467228
4,4,cross_fitted,68,2,304.88,309.66719031591504,1.5366069628067083,307.8947692443511,311.439611387479,395.97,393.9386251016039,235.10029761890812,44.550493147015004,743.3267570561928,8.3,10.284598125021773,1.772981683067955,7.092215453481768,13.47698079656178
4,4,cross_fitted,69,4,310.04,309.625203804688,1.3309507629770172,307.3076554857837,311.9427521235923,990.55,1102.734610826002,288.43846584590113,732.0583599269086,1473.4108617250954,2.36,2.8603029111311877,1.7580817208544222,0.07219224038155225,5.648413581880823
4,4,cross_fitted,70,1,312.89,312.40012298373836,1.2165423764480654,310.6841520573682,314.11609391010853,164.97,336.9851939420562,231.95746448741994,114.66073916192246,559.3096487221899,0.86,3.6125615929305916,1.7588380168481283,0.9238130097052304,6.301310176155953
4,4,cross_fitted,71,1,312.89,311.97116685562185,1.5310910133735691,309.8115152763266,314.1308184349171,42.42,133.72509602553203,277.76564617430626,-132.5051629524168,399.95535500348086,0.86,1.9131084095348703,1.938449291497897,-1.050213247287846,4.876430066357587
4,4,cross_fitted,72,4,311.83,311.1506962170332,0.9959964713175824,309.41639468466576,312.88499774940067,492.81,411.04773742126457,226.6239002302605,119.81023740501325,702.2852374375159,6.49,3.8012863414290545,1.3544576999185773,1.6532758585109537,5.949296824347155
4,4,cross_fitted,73,3,307.38,307.9538778389075,1.718744738320468,305.0464330376775,310.8613226401375,663.32,647.5625950396706,349.88391693412376,150.00600897140606,1145.119181107935,9.56,8.917475043901648,2.0033706118243795,5.676675006147091,12.158275081656205
4,4,cross_fitted,74,3,313.21,312.2955914388306,1.99493761630277,308.9209361616512,315.67024671601007,15.08,124.58070560741908,325.8615077799365,-338.81452776813836,587.9759389829765,0.39,1.6452278618659761,2.269484180012783,-2.026057108003369,5.316512831735322
4,4,cross_fitted,75,1,307.86,308.121365015712,1.1666005515649442,306.4758385894007,309.7668914420233,946.9,1169.080840398308,250.60825961478398,928.8801432343813,1409.281537562235,8.0,6.92984781774261,1.3658870196105188,4.84180630758414,9.01788932790108
4,4,cross_fitted,76,1,307.58,307.8633352243136,0.8513843716482664,306.6624310411154,309.06423940751176,1109.01,1240.2774161587556,218.3672593896521,1030.9787760269592,1449.576056290552,8.19,7.866710575287277,1.1577740614781997,6.096812871419656,9.636608279154897
4,4,cross_fitted,77,2,312.31,311.72410766676853,1.2106719257716165,310.32764098144975,313.1205743520873,65.54,81.33956416093486,225.15404415043872,-253.2672044585534,415.9463327804231,2.01,1.9306122098338596,1.7640768625095653,-1.2457366836275217,5.106961103295241
4,4,cross_fitted,78,1,312.73,313.5401815818032,1.4639049897265797,311.475297982209,315.60506518139744,68.26,-11.92027569750519,249.0632174577268,-250.64009508093403,226.79954368592365,1.34,1.698410402487612,1.9932043978472924,-1.3486157872204672,4.745436592195691
4,4,cross_fitted,79,3,306.53,307.5433796807102,1.9943528638559684,304.16971357628194,310.91704578513844,466.58,684.0350466221231,463.3571398486461,25.11251410441639,1342.9575791398297,7.25,7.75419898158456,1.8797089041549002,4.71344324143457,10.79495472173455
4,4,cross_fitted,80,1,315.92,312.0413292497501,1.992220566018437,309.2312400688162,314.851418430684,84.11,268.66962654528714,336.31090073333013,-53.6745489585299,591.0138020491042,3.9,4.694084128181412,2.687078378512113,0.5863276923800838,8.80184056398274
4,4,cross_fitted,81,1,309.26,308.06943648192726,2.3721203588448434,304.72348680649293,311.4153861573616,613.05,741.290325206894,362.17322911248385,394.15786332933976,1088.4227870844481,8.86,10.6699098626693,3.272990305782405,5.666465564056176,15.673354161282425
4,4,cross_fitted,82,2,310.16,308.3786066536021,0.7571236930741618,307.50529160306127,309.25192170414294,517.94,722.4360209458576,269.811932400488,321.46210472703507,1123.4099371646803,7.35,6.867425241455069,1.6035582476749048,3.9801018068303846,9.754748676079753
4,4,cross_fitted,83,2,304.65,303.1456880954014,1.9190711060774195,300.93210833911274,305.35926785169005,2419.87,1646.5602744021512,287.16139815194987,1219.8029053731614,2073.317643431141,12.79,8.674218101854319,1.9008673989699754,5.251567883118536,12.0968683205901
4,4,cross_fitted,84,3,315.33,313.65394059664874,1.9717959747780005,310.31843193841917,316.9894492548783,96.59,72.22374478120912,306.5784164907699,-363.74973924744455,508.1972288098628,6.91,4.746845526586967,2.3418770735987517,0.9584524735293005,8.535238579644634
4,4,cross_fitted,85,1,311.02,310.2083866723062,1.7823456686585157,307.6943325732706,312.7224407713418,146.83,299.1916273822386,389.02216453825275,-73.67475490676594,672.0580096712431,5.0,5.646017110132779,2.3061399901630644,2.120603984038349,9.17143023622721
4,4,cross_fitted,86,2,309.61,310.4338537917411,1.316512111409958,308.91530424477696,311.95240333870527,540.43,548.4494196422254,275.83399816627485,138.52596856646892,958.3728707179819,7.42,8.181158017784698,1.9948252070360097,4.589329921358234,11.772986114211161
4,4,cross_fitted,87,4,311.04,312.2326407912456,1.0483254081515097,310.40722030619935,314.0580612762919,153.39,134.7501480809692,248.29069085891445,-184.331643422867,453.8319395848054,1.96,2.1000635892214845,1.5032526536590611,-0.2839181761213734,4.484045354564342
4,4,cross_fitted,88,1,312.29,312.2477360040473,1.9385607602430186,309.51333565106376,314.9821363570308,42.84,138.29628690244738,362.3218559909124,-208.9786294970396,485.57120330193436,3.51,2.9972398071351263,2.4687036267447953,-0.7766855431414772,6.77116515741173
4,4,cross_fitted,89,4,311.14,311.1871981438465,1.272915155872596,308.97070564715807,313.40369064053493,504.12,499.45859904684266,281.99189884772244,137.06692031480327,861.8502777788821,4.26,4.794919607720924,1.7531306130515334,2.0146608111666233,7.575178404275226
4,4,cross_fitted,90,4,308.79,307.5020743996972,1.0122621000605638,305.7394499709479,309.26469882844657,843.81,949.5176402603872,224.64346942746798,660.8252191849468,1238.2100613358275,7.69,7.176385596695482,1.46922873016821,4.846361769155145,9.50640942423582
4,4,cross_fitted,91,3,302.53,305.1568598453897,2.7302576967196597,300.53833018862247,309.77538950215694,2030.6,1707.8881820694269,781.4279545131761,596.6492639939577,2819.127100144896,2.36,5.698251047327491,2.8209643640045248,1.1348510636146667,10.261651031040316
4,4,cross_fitted,92,2,312.07,311.04107555434473,1.2240451926156888,309.6291832849151,312.4529678237744,81.77,96.89553260779621,223.3179563016559,-234.98258228352614,428.77364749911857,5.71,4.635822245414853,1.6402230321480171,1.6824811955347339,7.589163295294972
4,4,cross_fitted,93,4,306.81,306.53945552270216,1.1608607786316916,304.5180802616203,308.560830783784,673.45,992.2837044202424,270.42881667513785,644.7519020781353,1339.8155067623495,7.15,7.054605787375559,1.711302629337699,4.340681249544912,9.768530325206207
4,4,cross_fitted,94,2,309.96,310.27627785159194,1.0707454353802224,309.0412113590633,311.5113443441206,659.22,459.07107137793173,280.4129129938257,42.34278630502553,875.7993564508379,4.79,4.891134978682506,1.6550606235528185,1.9110777646477097,7.871192192717302
4,4,cross_fitted,95,0,314.36,313.74623718915376,1.1495862855347263,312.03968916670345,315.45278521160407,139.42,-30.23086811847338,213.7901145218628,-269.18604969688795,208.72431345994116,5.84,3.074878826814117,1.6250475382560763,0.299788074354133,5.849969579274101
4,4,cross_fitted,96,0,310.35,310.88331025100916,1.1086297406512002,309.2375617627538,312.52905873926454,94.55,102.3504480921655,127.24490790152721,-39.872358329637905,244.5732545139689,3.98,5.3803402782626595,1.5081395893293261,2.804893019496313,7.955787537029006
4,4,cross_fitted,97,0,313.16,313.486548576269,1.2252801998991782,311.6676337819673,315.3054633705707,15.39,113.28170380079996,285.25910589562926,-205.55502819045222,432.11843579205214,0.53,2.388170321262999,2.0732363819743203,-1.1522917118999367,5.928632354425934
4,4,cross_fitted,98,4,306.83,306.7709418198463,0.8298380468215537,305.32596742720057,308.21591621249206,1407.27,1467.127892998155,194.3294954524912,1217.3923779995216,1716.8634079967883,10.88,11.460687474934169,1.1496274965883164,9.637513584549076,13.283861365319261
4,4,cross_fitted,99,3,309.81,309.7994052418514,1.3656746055228175,307.48921720550624,312.10959327819654,533.37,803.7989522144038,341.2617159210334,318.5036696609142,1289.0942347678933,7.02,4.525181528130391,1.6301575982443228,1.8881183832711996,7.162244672989582
5,5,uncalibrated,0,3,312.33,312.7199934668069,1.0796587756735916,310.94411281377023,314.49587411984356,84.06,90.71202534713325,230.87991007561317,-289.05163213096864,470.47568282523514,0.31,3.1823721037372086,1.3203767367373818,1.0105456393723777,5.354198568102039
5,5,uncalibrated,1,3,311.68,310.0050961410222,1.2243884191472956,307.9911564089904,312.019035873054,204.84,230.64512826873573,277.5176766864743,-225.83082877215736,687.1210853096288,9.2,6.440470769883801,1.4934942137302865,3.9838913955985027,8.897050144169098
5,5,uncalibrated,2,3,301.44,305.41329117986675,1.5599431024229626,302.8474131100084,307.9791692497251,220.66,473.3350109009367,303.75205295515485,-26.292655096305168,972.9626768981786,4.44,9.73726315438025,1.7264343350773508,6.897531376634717,12.576994932125782
5,5,uncalibrated,3,2,314.31,314.4065074569557,2.012090774680813,311.09691264846634,317.71610226544504,12.81,67.79129163334733,280.9220709387686,-394.28439564100483,529.8669789076995,2.87,3.119589849636829,2.344567453426174,-0.7368804297635889,6.976060129037247
5,5,uncalibrated,4,3,306.89,306.2306420941261,1.1789434885959154,304.2914526209383,308.1698315673139,422.12,520.4129442294185,267.59149236268047,80.2641074753065,960.5617809835305,12.1,11.87076643379702,1.3728139060243176,9.612688501343504,14.128844366250535
5,5,uncalibrated,5,3,307.84,307.47490502519474,0.995221081302758,305.8379120199953,309.1118980303942,2201.12,1662.4078486850551,279.4835595792041,1202.6983020378937,2122.117395332217,5.77,6.852573965686114,1.1350342096195334,4.985608829279427,8.7195391020928
5,5,uncalibrated,6,1,314.22,312.08549790425843,1.9345198595044,308.90349589694296,315.2674999115739,87.66,233.5137658084223,375.71240726101513,-384.4781499655268,851.5056815823714,3.45,2.4574599793478247,2.5244819784849866,-1.6949433591368321,6.609863317832481
5,5,uncalibrated,7,4,301.14,305.07825725881696,2.470292613715306,301.0149874935159,309.14152702411803,965.47,1441.7417429286702,519.8100810667669,586.7302457600603,2296.75324009728,6.46,10.408255089271531,3.3857256753206744,4.8392319323576,15.977278246185463
5,5,uncalibrated,8,4,306.32,305.24590270283767,1.830079522860558,302.23568976205087,308.25611564362447,331.97,323.2764957510296,332.0949429942267,-222.97107572526642,869.5240672273255,10.22,6.460806919097613,1.7619278877877063,3.562693442443059,9.358920395752166
5,5,uncalibrated,9,3,304.34,304.99564863141626,1.4282519848222053,302.64638317398084,307.3449140888517,421.99,561.9028941421303,260.66397442688526,133.14881039048248,990.6569778937782,3.37,9.371334227654451,1.718802895905275,6.544155050309967,12.198513404998934
5,5,uncalibrated,10,0,303.31,305.2319295238778,3.1488225431846653,300.05257734309396,310.41128170466163,1035.72,382.0839262424608,379.32951937295724,-241.85760950790637,1006.025461992828,5.86,8.312721435952898,2.9163636016716428,3.5157301882340404,13.109712683671756
5,5,uncalibrated,11,2,308.31,308.0404475429856,1.1284857085634274,306.1842537322921,309.89664135367906,374.66,477.94400935939376,279.79718071659613,17.718601846904278,938.1694168718832,8.57,8.40084993249632,1.4981103842682635,5.936677633359004,10.865022231633635
5,5,uncalibrated,12,0,307.47,307.2776218965865,1.694794363656742,304.48993324058875,310.0653105525842,850.87,1015.5680211781228,311.8911796558314,502.5526831070555,1528.58335924919,10.63,10.5709103657345,1.8022284714807428,7.606508327824193,13.535312403644806
5,5,uncalibrated,13,1,306.43,307.6433577979302,1.349459287818927,305.4236947939379,309.8630208019225,2256.33,1150.7893472130659,234.12653621101134,765.6854649607988,1535.893229465333,4.77,7.277895112591152,1.6441830828455424,4.573454605400411,9.982335619781894
5,5,uncalibrated,14,2,313.31,313.06197726950523,1.4878123836351704,310.6147436740596,315.5092108649509,0.85,105.94431868237155,397.0275342367617,-547.1078610065655,758.9964983713086,0.42,1.0565850301808508,1.745863697179981,-1.8151052042885465,3.928275264650248
5,5,uncalibrated,15,4,311.83,313.55984895120014,1.572783108685021,310.9728509504716,316.1468469519287,194.23,212.57516918865048,275.1331589492782,-239.9786052036855,665.1289435809865,3.51,6.188308838961476,2.4674931303408947,2.1296438140424154,10.246973863880537
5,5,uncalibrated,16,4,307.32,307.1548449121556,0.8244859961414359,305.7986861310317,308.5110036932796,1604.24,1497.479060359015,182.59808167723153,1197.1319434378397,1797.8261772801902,11.92,11.148638115983765,0.9280828450957299,9.622077682116613,12.675198549850917
5,5,uncalibrated,17,0,311.08,310.92459761267213,1.7835247732459933,307.99096042064065,313.8582348047036,560.59,418.6692324417985,348.51505532716226,-154.58702036027717,991.9254852438742,3.19,3.7135252988260703,1.8914207958506584,0.6024149426796761,6.8246356549724645
5,5,uncalibrated,18,3,311.14,310.15306464645676,1.2459603429002324,308.1036422573996,312.2024870355139,68.07,62.2367425126572,264.6046490256804,-372.99917414545433,497.47265917076874,5.46,6.0968130413730135,1.4345907948752685,3.7371211692312336,8.456504913514793
5,5,uncalibrated,19,2,312.39,311.92855897544246,1.3586315737525392,309.69380890366483,314.1633090472201,59.84,85.15628172197137,300.282229237801,-408.7640321488988,579.0765955928416,5.02,4.898020206348623,1.681590475186975,2.132050014190279,7.663990398506968
5,5,uncalibrated,20,0,308.85,310.1372689882623,1.6849885203776471,307.3657095091475,312.9088284673771,484.91,331.4998400977414,361.151232668074,-262.54107483433484,925.5407550298177,7.06,8.218013334581077,2.0267036444576942,4.884382494239073,11.55164417492308
5,5,uncalibrated,21,1,311.28,309.85916437969075,1.212319644313471,307.86507601571725,311.85325274366426,410.23,674.1461191246032,206.4105205879655,334.63102569454674,1013.6612125546596,5.16,4.232013834984791,1.555903324912352,1.672780607816855,6.791247062152727
5,5,uncalibrated,22,1,312.03,313.107289646584,2.2642445608827027,309.3829387683109,316.83164052485705,122.49,208.7037488599342,319.3486247668515,-316.577994849786,733.9854925696544,3.07,4.803360963453127,2.33061540369038,0.9698397636640368,8.636882163242216
5,5,uncalibrated,23,0,307.93,308.3774615059315,1.8412308888120155,305.348906200414,311.406016811449,117.49,127.16657946612042,322.0684937003653,-402.5889505237226,656.9221094559634,6.42,8.441001712248333,2.1512539785190072,4.902503803187561,11.979499621309106
5,5,uncalibrated,24,1,306.65,307.15263680163696,0.7196727727478547,305.96888043116445,308.33639317210947,1388.31,1331.9114813200158,149.03227978676452,1086.7751953799097,1577.0477672601219,11.47,12.215505694661474,0.954499320072076,10.645494026118206,13.785517363204741
5,5,uncalibrated,25,1,308.18,308.40587104175694,0.8079078227892518,307.0769809291996,309.7347611543143,1252.74,1101.8372995125515,208.71961591980872,758.524082250936,1445.150516774167,7.11,7.5251348463782,1.0745764260552768,5.757613914544628,9.292655778211772
5,5,uncalibrated,26,1,310.29,309.5673012924528,1.63529543863082,306.8774796590837,312.2571229258219,785.56,904.8115096414019,347.1164267175968,333.85579618052816,1475.7672231022757,5.06,5.605337015620205,2.2936837623678743,1.8325629600097098,9.3781110712307
5,5,uncalibrated,27,4,303.33,305.2067492083187,2.6632349440964913,300.8261175510977,309.58738086553967,1918.36,1504.405220473761,569.3623288497328,567.8875288157415,2440.9229121317803,8.91,6.179169878840988,3.2591400235161587,0.8183615904177302,11.539978167264247
5,5,uncalibrated,28,0,302.73,303.1837507426952,2.465289333622702,299.12871064080116,307.2387908445893,2026.87,1178.9355799105647,498.29907723679406,359.30653541105255,1998.5646244100767,13.02,4.910191293307843,2.809024043504488,0.28975790715559757,9.53062467946009
5,5,uncalibrated,29,2,310.24,309.7365181586968,1.7348883889682214,306.8828806997464,312.5901556176472,305.92,407.25114050137444,292.8409670593343,-74.42938628614792,888.9316672888967,5.99,6.428217275620443,2.171774088048036,2.8559667899754064,10.00046776126548
5,5,uncalibrated,30,4,305.2,305.7243153760292,2.089691702265269,302.2870784003478,309.1615523517106,2372.98,1755.8039213096652,486.983798670469,954.786853799939,2556.8209888193915,10.28,7.548527617759346,2.797100614736215,2.9477065266622917,12.149348708856401
5,5,uncalibrated,31,3,307.79,307.00287749810195,1.3810564373247762,304.73124180814364,309.27451318806027,1236.45,1311.0074258150962,312.3081327358055,797.306260958165,1824.7085906720274,12.82,11.246065417754817,1.5102391578553267,8.761943061392348,13.730187774117287
5,5,uncalibrated,32,0,309.58,309.76493147940164,1.145114272249974,307.8813861154174,311.6484768433859,717.28,578.4936300135598,237.19264532284964,188.3464470680566,968.640812959063,6.31,6.632293294997095,1.2628805610078997,4.555039623816742,8.709546966177449
5,5,uncalibrated,33,2,311.54,311.28206742643135,1.1982221613549606,309.311167358433,313.2529674944297,686.14,636.4939236333122,301.01561713281484,141.36729402336618,1131.6205532432582,4.98,3.5794705949704113,1.7034102219729599,0.7776101131719773,6.381331076768845
5,5,uncalibrated,34,0,308.55,309.3197407451569,1.467033707824659,306.9066850299814,311.73279646033234,367.47,322.57581992755416,287.7329785009579,-150.70281335329628,795.8544532084046,5.43,4.755175476140054,1.834255965236751,1.738092898963012,7.7722580533170955
5,5,uncalibrated,35,0,306.8,306.8785637645658,2.30587520103924,303.08573657683894,310.67139095229265,554.95,601.8477906453878,328.04669834827195,62.2589890577774,1141.4365922329982,12.78,10.81880268372348,3.0303913384065915,5.834252499663073,15.803352867783886
5,5,uncalibrated,36,3,307.12,307.263938797261,0.8126445495118305,305.9272574625741,308.6006201319479,2075.38,1858.5311100683302,281.7863076602624,1395.0338798880844,2322.028340248576,5.9,7.44532203055617,1.0586295063978592,5.704031447359805,9.186612613752535
5,5,uncalibrated,37,0,309.05,308.9078687663334,1.1730424296182265,306.9783856714079,310.8373518612589,1337.07,1296.8882874439855,270.0249123966247,852.736830921144,1741.039743966827,4.68,5.20485585291223,1.4793744974866985,2.7715013451017234,7.638210360722736
5,5,uncalibrated,38,3,307.56,308.54849028086016,1.457945272451674,306.1503837115713,310.94659685014904,316.18,391.2011100560815,268.9929601913359,-51.25293613905012,833.6551562512132,8.14,6.625458624578831,1.4860897905970307,4.181058442539753,9.06985880661791
5,5,uncalibrated,39,1,312.34,312.1218671132361,2.206702582175293,308.49216436734184,315.7515698591303,106.38,250.40433703132834,400.98752884431156,-409.16145415054535,909.9701282132021,5.13,5.537120904041864,2.736327166772025,1.0362632392510553,10.037978568832674
5,5,uncalibrated,40,0,309.58,308.72263229309897,1.914010095977208,305.5743658447091,311.8708987414888,435.02,369.706235087556,191.88542810909328,54.082792703178086,685.329677471934,7.83,8.942199858194112,1.5044477407770052,6.467603535218108,11.416796181170117
5,5,uncalibrated,41,3,307.48,307.727178278397,0.5159306454718505,306.8785478849372,308.5758086718568,1296.42,1002.5076325184527,203.38552795423666,667.9682091934867,1337.0470558434188,8.74,8.622895678580495,1.0146898538111409,6.953879392308381,10.291911964852607
5,5,uncalibrated,42,0,304.47,305.0147028162679,2.015123360783373,301.70011984752875,308.3292857850071,451.73,672.3986334908312,381.4182356676527,45.02146516746154,1299.7758018142008,7.37,7.826468317881908,2.215280770772309,4.182655707361224,11.470280928402591
5,5,uncalibrated,43,2,311.63,311.82491995323,1.3560231203236128,309.59446040553564,314.05537950092435,91.86,137.5893727816856,269.6772080855762,-305.9901610440211,581.1689066073923,2.46,3.21313107036952,1.7447065639897128,0.34334415062500145,6.082917990114039
5,5,uncalibrated,44,4,312.52,311.81614444432836,1.3641221220976023,309.5723632241914,314.0599256644653,220.1,331.43631258991854,259.3139182889964,-95.09712642673469,757.9697516065718,1.31,2.235279157484868,1.6328829892047283,-0.4505743496958896,4.921132664665626
5,5,uncalibrated,45,2,312.59,312.7557978726215,1.0088726523962477,311.09635003119536,314.4152457140476,188.63,210.71005842232296,241.73203723940316,-186.90375978127753,608.3238766259235,1.23,1.7557127732882547,1.4822948626560126,-0.6824453077630208,4.19387085433953
5,5,uncalibrated,46,0,306.36,305.93749829683173,1.4004970164070483,303.6338856998599,308.2411108938036,947.21,1000.4206408396512,296.4261428849319,512.8430245921359,1487.9982570871666,7.22,7.050947953007227,1.5491556573991285,4.502813651221879,9.599082254792574
5,5,uncalibrated,47,3,302.67,305.6997690991961,1.1966007136142092,303.731536075395,307.66800212299717,1366.98,1268.0969343432469,306.4862502740595,763.9719139692036,1772.2219547172901,10.28,11.643773824551392,1.7413953600774472,8.779433350571539,14.508114298531245
5,5,uncalibrated,48,1,312.73,311.2857768536876,2.349569472766319,307.4210789846335,315.1504747227417,46.91,252.82520931378667,439.5058790713241,-470.09762994317566,975.748048570749,1.25,2.334326303476522,2.944328559357845,-2.5086632063200307,7.177315813273075
5,5,uncalibrated,49,2,310.89,309.9526276608891,1.4309668501192452,307.59889664742315,312.30635867435507,93.48,178.8248945863113,354.18336399724916,-403.7548962904373,761.4046854630599,4.63,4.256035950267358,1.603834968462075,1.617962185360915,6.894109715173801
5,5,uncalibrated,50,1,307.08,304.20929803128234,2.5047370728702916,300.08937217241186,308.32922389015283,130.32,489.2311558588809,451.3318208168017,-253.14362657024708,1231.605938288009,7.26,5.300857873913246,3.1637642069893444,0.09692884322757678,10.504786904598916
5,5,uncalibrated,51,3,306.76,306.846376182768,0.5613326897583754,305.92306607209247,307.7696862934435,1543.82,1721.9129994090786,218.19637156644393,1363.0119062503622,2080.814092567795,10.96,10.932682809809185,1.0967428538799575,9.128701348771628,12.736664270846742
5,5,uncalibrated,52,2,310.33,310.39627810332087,1.754463328032128,307.5104427348539,313.28211347178785,570.52,752.0726271478761,343.4181352060197,187.2000618933438,1316.9451924024083,5.7,6.41452408137353,1.971874778140032,3.1710787006557704,9.657969462091291
5,5,uncalibrated,53,4,312.69,313.15170039692214,1.8734254489815407,310.07018975234166,316.2332110415026,95.36,88.72694485057991,321.03335946440734,-439.32594083686604,616.7798305380259,1.39,2.500076115900515,2.4648575726348216,-1.5542538023666719,6.554406034167702
5,5,uncalibrated,54,1,311.54,311.6535119578773,1.5546577755226947,309.0963274771405,314.2106964386141,223.41,209.2804473491176,290.43445732628504,-268.44172317570474,687.0026178739399,4.71,4.131705465337496,1.9117605720085038,0.9871391546064885,7.276271776068503
5,5,uncalibrated,55,1,308.42,303.747638045146,1.8443747159780897,300.71391160411184,306.78136448618017,709.64,794.9578668058903,261.57042835206994,364.712799027738,1225.2029345840424,12.53,9.637698795317158,1.8714727814336134,6.559400003035121,12.715997587599196
5,5,uncalibrated,56,1,308.18,307.8507080269345,0.8806851788898329,306.40210981623517,309.29930623763386,1523.36,1680.7947475864662,234.3739020874515,1295.2839846751526,2066.30551049778,7.59,6.742599266993594,1.0813724446957278,4.963899879250446,8.521298654736741
5,5,uncalibrated,57,0,308.44,309.0904458138743,1.567740618711706,306.5117419710672,311.6691496566814,1059.82,978.8841719044126,366.7014742944436,375.71392190274526,1582.0544219060798,5.32,6.282936234959192,1.8415399522486688,3.253872565326929,9.311999904591454
5,5,uncalibrated,58,3,309.87,311.16331745303387,1.0345948504176425,309.4615603608991,312.8650745451686,261.82,303.78647032137656,239.00466821883882,-89.3412250567136,696.9141656994667,2.03,3.5862506268777254,1.414046711595856,1.2603507646304806,5.91215048912497
5,5,uncalibrated,59,2,308.33,309.27933682780787,1.0219086564930533,307.5984466677622,310.96022698785356,1098.75,1300.5963899233222,255.63235190715113,880.1185887227098,1721.0741911239347,2.44,5.1385142664426215,1.645770363430899,2.4314629150240656,7.845565617861178
5,5,uncalibrated,60,0,306.45,306.9718046713909,2.174183442586931,303.3955911501939,310.54801819258785,268.91,349.2753589059849,431.1530626444714,-359.90831995600894,1058.4590377679788,8.27,4.854096859479193,2.649750655455983,0.49564488333538037,9.212548835623005
5,5,uncalibrated,61,4,303.98,303.5933555954907,2.409040655909071,299.63083633514515,307.5558748558363,704.72,1057.0347714861705,378.3496439670141,434.7049873512294,1679.3645556211115,7.93,7.049361020491597,2.3155746939195536,3.2405795867209757,10.858142454262218
5,5,uncalibrated,62,4,308.91,309.5952646549926,1.6937890596217222,306.8092295769831,312.3812997330021,671.26,769.7115864210544,263.1424214052342,336.88082016786245,1202.5423526742466,8.35,8.542196330879294,1.4094376215099151,6.223877747176855,10.860514914581733
5,5,uncalibrated,63,1,309.65,309.3344881624268,1.5469569449574647,306.7899704207757,311.87900590407787,616.92,558.1100554022743,297.38141521092945,68.96115600461548,1047.258954799933,2.11,2.5169982652213734,2.00435497912942,-0.779872291897894,5.813868822340641
5,5,uncalibrated,64,1,311.97,311.2041671128476,1.9387516527154938,308.0152044251204,314.3931298005748,177.02,357.7014888483778,374.3664414870853,-258.07651024057026,973.4794879373258,2.3,2.883433339573134,2.499915445707936,-1.228561648371569,6.995428327517837
5,5,uncalibrated,65,4,306.98,307.74207167167907,1.0984221160992929,305.93532807008944,309.5488152732687,2215.59,1762.8557316792558,266.310235211096,1324.814375397985,2200.8970879605267,6.68,7.313788981223834,1.3886283536625361,5.029698597214361,9.597879365233307
5,5,uncalibrated,66,0,306.01,306.0764495132024,1.521007222484023,303.5746152666802,308.5782837597246,1493.56,1390.5749463273555,270.8451209104283,945.0743668557277,1836.0755257989833,12.0,11.17923377880189,1.5918630082053093,8.560852136145508,13.797615421458273
5,5,uncalibrated,67,2,311.22,312.2779021378309,1.0158133568102519,310.6070378535758,313.948766422086,462.07,587.1743015083857,248.63651572843494,178.20362681989292,996.1449761968786,3.64,4.790780245453872,1.7507706249760857,1.911018833001863,7.670541657905881
5,5,uncalibrated,68,3,304.88,309.02494280333025,1.1998543740333545,307.0513579843879,310.9985276222726,395.97,429.5416003229774,238.31338851750564,37.55095886886306,821.5322417770917,8.3,8.809907882055397,1.4503260116861458,6.4243338814713775,11.195481882639417
5,5,uncalibrated,69,0,310.04,308.9178794333605,1.910014191212888,305.7761856634152,312.0595732033058,990.55,840.0563553009156,425.1375173852546,140.76736787663526,1539.345342725196,2.36,3.2771047534656383,2.54058538030349,-0.9017863239064412,7.455995830837718
5,5,uncalibrated,70,0,312.89,312.23815146252684,1.5642392871027622,309.6652067977159,314.8110961273378,164.97,294.10628227686993,303.2026210981214,-204.61764873756783,792.8302132913077,0.86,3.431004275464656,2.068482026000507,0.028654112713794255,6.833354438215518
5,5,uncalibrated,71,1,312.89,310.74348923857644,2.437501908927682,306.7341553829756,314.7528230941773,42.42,366.5473025669248,459.9502872918584,-390.00359570245973,1123.0982008363094,0.86,2.900745575685643,3.180107550509281,-2.3300658628653075,8.131557014236593
5,5,uncalibrated,72,1,311.83,310.9096776853727,1.3867042943901051,308.6287520972359,313.19060327350945,492.81,422.66777954089804,238.85720474812103,29.782639987460925,815.5529190943352,6.49,3.5609061563931816,1.7062651706345509,0.7543497019339691,6.367462610852394
5,5,uncalibrated,73,4,307.38,308.0664650481677,1.6914986007212556,305.284197439788,310.8487326565474,663.32,624.5001833704322,344.1161048837451,58.479560159991024,1190.5208065808733,9.56,9.419256969515141,2.1464998791521483,5.888578858040834,12.949935080989448
5,5,uncalibrated,74,0,313.21,312.1987714712613,1.7894898480741277,309.2553226042637,315.1422203382589,15.08,134.09358196755238,324.5461533040161,-399.73733540770684,667.9244993428116,0.39,1.2711537893846643,2.1516077943586738,-2.267926094943256,4.810233673712585
5,5,uncalibrated,75,4,307.86,307.7604179142641,1.588425076537075,305.1476911659814,310.3731446625468,946.9,1230.4247806212352,388.76748266642824,590.9591767165674,1869.8903845259028,8.0,6.548239782808405,1.8866963975788602,3.4449003702945418,9.651579195322268
5,5,uncalibrated,76,4,307.58,307.8017854723799,0.8779004150069518,306.3577677906535,309.2458031541063,1109.01,1274.4354911014316,294.65911111989504,789.7643834615756,1759.1065987412876,8.19,8.132814955482914,1.124442360510384,6.283271860499535,9.982358050466292
5,5,uncalibrated,77,4,312.31,311.30736871136963,1.5996274185695716,308.67621575016443,313.93852167257484,65.54,124.65350591933634,286.6705681593201,-346.87761785776036,596.184629696433,2.01,1.592922884935735,1.9139125922259246,-1.5551831840551698,4.74102895392664
5,5,uncalibrated,78,4,312.73,313.2779434852176,1.8255921581045764,310.2751116026251,316.28077536781007,68.26,43.909061637784134,330.88484942282207,-500.3480830386362,588.1662063142045,1.34,2.4377953644819486,2.257271942478802,-1.2750865771201023,6.150677306083999
5,5,uncalibrated,79,2,306.53,307.30090326489,1.6283498672678443,304.6225060797685,309.97930045001146,466.58,603.7118875407865,339.34363390483185,45.54128052953149,1161.8824945520414,7.25,8.62648931048879,1.9383820834991443,5.4381345100274725,11.814844110950107
5,5,uncalibrated,80,4,315.92,312.6286544672174,2.0953176347172033,309.18216365613745,316.0751452782974,84.11,355.54927030695364,389.37594110531944,-284.9171586677736,996.0156992816809,3.9,6.1070546503738035,2.9328621043166208,1.2829257807400847,10.931183520007522
5,5,uncalibrated,81,3,309.26,307.28367164721215,2.298995443672697,303.50216065334223,311.06518264108206,613.05,807.3403877824395,334.7020690527234,256.8044755529055,1357.8763000119734,8.86,9.081539225955593,1.9288090801248194,5.908930614815352,12.254147837095834
5,5,uncalibrated,82,2,310.16,308.470609656999,0.9902383841845313,306.8418124592265,310.0994068547715,517.94,757.0217627945509,322.75747230020636,226.1329638558674,1287.9105617332343,7.35,6.603221691027782,1.6416977152395247,3.9028692497581057,9.30357413229746
5,5,uncalibrated,83,2,304.65,302.6566130484858,2.10392918776177,299.19595749314675,306.1172686038248,2419.87,1740.05566891547,294.14445264575164,1256.23109913345,2223.88023869749,12.79,8.542878156166498,2.35188386131993,4.67437345670578,12.411382855627217
5,5,uncalibrated,84,3,315.33,313.99754559967187,1.3997997425171893,311.6950799161867,316.300011283157,96.59,70.9043271675049,216.95927428607484,-285.96192204270443,427.77057637771424,6.91,3.268836183211193,1.4411876700470632,0.8982934170165406,5.639378949405845
5,5,uncalibrated,85,2,311.02,310.38289213382126,2.1895707791795065,306.7813686962209,313.9844155714216,146.83,212.2791599138967,362.6303456414203,-384.1946793570593,808.7529991848527,5.0,6.054608488294757,2.309491569001026,2.2558329046095746,9.853384071979939
5,5,uncalibrated,86,2,309.61,309.2964678574611,1.8748897788987897,306.2125486045052,312.380387110417,540.43,581.3032980027913,278.2738138560074,123.58360599611888,1039.0229900094637,7.42,7.977695333675803,2.1801305118521657,4.391699754028201,11.563690913323406
5,5,uncalibrated,87,1,311.04,311.5800282152159,1.9789652520517969,308.3249200427676,314.83513638766425,153.39,267.3274792903947,381.1052060496664,-359.53480113048687,894.1897597112763,1.96,2.271815404931128,2.5316718335391073,-1.8924141927165552,6.436045002578811
5,5,uncalibrated,88,1,312.29,311.6339639555687,2.1272321378202665,308.1349784583073,315.1329494528301,42.84,166.43662926413253,379.8204833022733,-458.31247028607254,791.1857288143376,3.51,2.8668430185443947,2.4124298483114717,-1.1012509672167177,6.834937004305507
5,5,uncalibrated,89,2,311.14,310.9945509071018,1.6935709766856903,308.20887454360064,313.780227270603,504.12,644.4739847070142,348.5198956328083,71.20977031064115,1217.7381991033872,4.26,4.912942781520904,2.0181406954478156,1.5933967389151995,8.232488824126609
5,5,uncalibrated,90,4,308.79,307.59476212498026,1.4001175322736488,305.2917737238616,309.89775052609895,843.81,1055.8957476806902,365.4976855202881,454.70555401027605,1657.0859413511043,7.69,6.989324572451115,1.7247770592368132,4.152318770882749,9.82633037401948
5,5,uncalibrated,91,3,302.53,303.689440316576,1.6563001522750227,300.96506900378614,306.41381162936585,2030.6,2132.8329313916847,320.4580183716528,1605.7263975873902,2659.939465195979,2.36,9.54280476743197,1.7995005655400038,6.582889735502271,12.502719799361671
5,5,uncalibrated,92,4,312.07,310.7708333680805,1.5404281882037163,308.2370544756553,313.3046122605057,81.77,92.18524016714832,283.8069616124345,-374.63566999514165,559.0061503294382,5.71,4.08984361432779,1.7833243496779143,1.1565360897291979,7.023151138926382
5,5,uncalibrated,93,3,306.81,306.916668817465,1.2081655255170323,304.9294133708606,308.9039242640694,673.45,945.4759910217226,260.26764953235977,517.3738037102862,1373.578178333159,7.15,7.269367122349329,1.4515953031090856,4.881705323164629,9.657028921534028
5,5,uncalibrated,94,1,309.96,309.9448500018715,1.4492808536934447,307.5609951332025,312.3287048705405,659.22,608.1951409541423,302.81905597370667,110.10211842577019,1106.2881634825144,4.79,5.499827093813288,1.8794627679398657,2.4083859432471475,8.591268244379428
5,5,uncalibrated,95,2,314.36,313.817988818289,1.475987140081291,311.39020601759256,316.24577161898543,139.42,97.6051720527737,253.6252425688613,-319.57122807306456,514.7815721786119,5.84,3.908832229940651,1.8640734606124687,0.8427042373482507,6.974960222533051
5,5,uncalibrated,96,3,310.35,310.6469484974176,1.3176860724116441,308.4795477820279,312.8143492128073,94.55,101.17322395884753,221.75290453988714,-263.5778453606093,465.92429327830433,3.98,5.448589877133397,1.4241325983994955,3.1061002073961634,7.79107954687063
5,5,uncalibrated,97,0,313.16,312.3822246651907,1.9957162815707665,309.0995635010829,315.66488582929844,15.39,157.3702140841413,345.08351741443875,-410.2416611361695,724.9820893044521,0.53,2.0245747427922742,2.388674678502074,-1.9044454657490024,5.953594951333551
5,5,uncalibrated,98,2,306.83,306.90192894085015,0.7494781231247676,305.6691471317076,308.13471074999273,1407.27,1428.0583597206999,108.25317776753307,1249.9977276407508,1606.118991800649,10.88,11.810648083644208,1.1865113532717417,9.859010580796085,13.762285586492332
5,5,uncalibrated,99,4,309.81,310.3453230640805,1.4796573107207593,307.9115033698962,312.7791427582648,533.37,630.2249184717091,379.479763611184,6.036252941166026,1254.4135840022523,7.02,4.605874910698814,1.6886390814211432,1.8283107930112457,7.383439028386382
5,5,holdout,0,3,312.33,312.4326613641065,1.8330480732543513,309.4696923410783,315.39563038713464,84.06,160.21411752545265,326.0952919437193,3.089300707184435,317.3389343437209,0.31,4.326915644954661,1.8746697566090524,0.23974027157353284,8.414091018335789
5,5,holdout,1,3,311.68,309.6958103163355,1.5801268414141671,307.1416673280103,312.24995330466066,204.84,253.47774175731047,385.5844567640161,67.68883699914602,439.2666465154749,9.2,6.422432109909906,1.7713823580792738,2.560445045116587,10.284419174703224
5,5,holdout,2,3,301.44,305.3967311287479,1.6970419507090155,302.65360463681526,308.1398576206805,220.66,709.7551134660602,534.4355848015255,452.24420963615563,967.2660172959647,4.44,9.59940094503493,2.268056339748574,4.654559868583679,14.54424202148618
5,5,holdout,3,2,314.31,314.1275242645354,1.7188462157760667,311.9273526390685,316.3276958900023,12.81,36.114734471406564,224.82260971899288,-994.0882623912921,1066.3177313341052,2.87,2.4877000963772664,2.2526718971275126,-2.518323023684614,7.493723216439147
5,5,holdout,4,3,306.89,306.32787135771457,1.4337732255066178,304.0102967587674,308.6454459566617,422.12,713.9911190570086,495.97087987809505,475.0139379283378,952.9683001856795,12.1,12.235897953622633,1.528824080086241,8.902739082129923,15.569056825115343
5,5,holdout,5,3,307.84,307.6251833841781,1.098590528091822,305.84940360446444,309.4009631638918,2201.12,1840.5856395836154,359.99754362948534,1667.1254593993156,2014.0458197679152,5.77,6.366469298184306,1.4412221798785096,3.224301041400221,9.508637554968391
5,5,holdout,6,1,314.22,313.2855249602024,1.286055439634389,310.2219770990988,316.349072821306,87.66,-57.61907565455465,237.83646502436963,-729.887657788985,614.6495064798758,3.45,2.6220547343715004,2.0585661964508284,-1.9372644586390897,7.18137392738209
5,5,holdout,7,4,301.14,304.1975128395453,1.7436008367655633,299.90947560428236,308.48555007480826,965.47,1031.4018318693568,266.7664981118374,-307.7381352735267,2370.5417990122405,6.46,8.288221095874079,3.118762788542315,3.282943558451512,13.293498633296645
5,5,holdout,8,4,306.32,305.772697141069,1.114836137084837,303.03098082261135,308.5144134595266,331.97,390.78223711868117,240.15748538064236,-814.7832643893967,1596.347738626759,10.22,6.604204302368103,1.772504353684763,3.7595261950508445,9.448882409685362
5,5,holdout,9,3,304.34,305.3355575544693,2.1218709278543333,301.9057305238369,308.7653845851017,421.99,898.3121877534281,642.7363830355775,588.6179390418239,1208.0064364650325,3.37,8.591970531062335,2.4135735900233577,3.3298711643823875,13.854069897742283
5,5,holdout,10,0,303.31,302.98708240336356,1.5123649675304016,300.26754294373677,305.70662186299035,1035.72,371.7629663012915,233.1489634965501,-1207.9113667250272,1951.4372993276102,5.86,6.990921422871368,1.9245430344475962,3.088492179363145,10.893350666379591
5,5,holdout,11,2,308.31,307.810410073364,1.097164258620478,306.40600888369545,309.2148112630325,374.66,544.1644955921331,276.91762294123015,-724.7530985712162,1813.0820897554825,8.57,8.312460471009919,1.4928177188207037,4.995031055752529,11.629889886267309
5,5,holdout,12,0,307.47,306.91696743080485,1.1032578442806231,304.93308569188616,308.90084916972353,850.87,1084.5743998791222,304.0343984403521,-975.3761500637165,3144.524949821961,10.63,9.965161096748055,1.5301881315743504,6.862372119914941,13.06795007358117
5,5,holdout,13,1,306.43,307.88759609272637,1.0313284491427108,305.43084036735524,310.3443518180975,2256.33,1120.206097951327,142.04310135826964,718.7070496774774,1521.7051462251766,4.77,7.403322946969622,1.5063223926364517,4.067115149790313,10.739530744148931
5,5,holdout,14,2,313.31,313.35022010813964,1.35086165285041,311.62107909991346,315.0793611163658,0.85,93.20916083714212,331.58345202165333,-1426.2032612931403,1612.6215829674243,0.42,1.148603850867099,1.8092694633410091,-2.8720636841859903,5.169271385920188
5,5,holdout,15,4,311.83,312.3918106040684,0.9976303116037993,309.9383385518757,314.8452826562611,194.23,163.66997244594683,218.94105341405768,-935.3912558204804,1262.731200712374,3.51,3.062727122697385,1.626590298545069,0.4522253192875816,5.673228926107188
5,5,holdout,16,4,307.32,306.6588152741512,0.8160721407774815,304.651849199963,308.6657813483394,1604.24,1603.1610071833434,171.3740817324377,742.881010239698,2463.441004126989,11.92,10.790145593317028,1.5330920270990624,8.329698420408722,13.250592766225335
5,5,holdout,17,0,311.08,311.39667250995393,1.258176689206264,309.13421521496224,313.6591298049456,560.59,341.7812571600185,249.40866847893935,-1348.0588610281138,2031.6213753481507,3.19,4.303472896655571,1.55892302481763,1.1424176791125693,7.464528114198574
5,5,holdout,18,3,311.14,310.82108037412274,1.615298013257687,308.21008612575895,313.43207462248654,68.07,92.34736846239616,431.4409678101313,-115.53690558214635,300.23164250693867,5.46,6.202214657956554,1.8409624007017047,2.1885284281862463,10.21590088772686
5,5,holdout,19,2,312.39,311.8505669622231,1.2979727368778695,310.18912525784185,313.5120086666044,59.84,77.24232909213777,259.14957298303744,-1110.2568599641122,1264.7415181483875,5.02,4.807555015201113,1.8504629711071974,0.695344786985765,8.91976524341646
5,5,holdout,20,0,308.85,309.63178470049013,1.1999213606650647,307.4740823212117,311.78948707976855,484.91,382.2846421182519,264.44660414221477,-1409.4433019161606,2174.0125861526644,7.06,7.60419794122868,1.4891308484767902,4.584661528433399,10.623734354023961
5,5,holdout,21,1,311.28,310.155595911381,1.024827817049369,307.71432551963676,312.59686630312524,410.23,627.1769806846748,127.69948697434165,266.2215946435206,988.1323667258291,5.16,4.234105837234437,1.5921961137980418,0.7077046395502973,7.760507034918577
5,5,holdout,22,1,312.03,312.82412450149644,1.3213181118826962,309.6765764637179,315.971672539275,122.49,115.40649775997099,229.1737301881618,-532.3759969902256,763.1889925101676,3.07,3.9003215097120627,1.7685702016468072,-0.016713598732410517,7.817356618156536
5,5,holdout,23,0,307.93,307.81698815619046,1.3825868442301796,305.33081612763266,310.30316018474826,117.49,173.04178151016924,283.27724988163544,-1746.271064909256,2092.3546279295947,6.42,8.462497279529892,1.9618581454935489,4.4844035390662755,12.440591019993509
5,5,holdout,24,1,306.65,306.9712752090174,1.2355523832926234,304.0280320606554,309.9145183573794,1388.31,1297.085275958048,152.0626833482881,867.264875963304,1726.905675952792,11.47,11.367922917020788,1.803401574851456,7.373743168464829,15.362102665576748
5,5,holdout,25,1,308.18,308.4426763646813,0.9002086141023211,306.29826478700915,310.58708794235343,1252.74,1089.6198106917964,151.201924270008,662.232432416642,1517.0071889669507,7.11,7.2231440720462174,1.3979600641833,4.126937516880683,10.319350627211751
5,5,holdout,26,1,310.29,310.2582281510858,1.2550169671151108,307.26861788486957,313.24783841730203,785.56,723.9323912749824,251.39637248759666,13.335372989082657,1434.529409560882,5.06,4.969918282969891,1.837850926888617,0.8994399960426112,9.04039656989717
5,5,holdout,27,4,303.33,304.2749665553381,1.2886108364127098,301.1058861489813,307.4440469616949,1918.36,1665.0984093074617,298.3388069986642,167.4687480516195,3162.728070563304,8.91,5.9147515740131205,2.200027968366997,2.38394422559162,9.445558922434621
5,5,holdout,28,0,302.73,302.3986218634702,1.9330715079167282,298.9225665746174,305.87467715232304,2026.87,1272.2599100135708,411.62513023054703,-1516.6594285166748,4061.1792485438164,13.02,4.38829414741212,2.16580899717705,-0.0033542673830844194,8.779942562207324
5,5,holdout,29,2,310.24,310.04802035728795,1.4809151645285676,308.1524071867704,311.9436335278055,305.92,496.87020701090813,245.4575573424566,-627.8881591198897,1621.628573141706,5.99,6.5099126231630455,1.893532148768314,2.301991475213434,10.717833771112657
5,5,holdout,30,4,305.2,305.90596408546776,1.262548167763184,302.8009795955977,309.0109485753378,2372.98,1794.2071755544484,287.69723172455645,349.9971110762456,3238.4172400326515,10.28,7.875220158026474,1.8694380397867223,4.874973950612549,10.8754663654404
5,5,holdout,31,3,307.79,307.42643167901235,1.4911561245539227,305.0161024192303,309.8367609387944,1236.45,1080.2376097754418,333.2707629188813,919.6553846767997,1240.8198348740839,12.82,10.725810480138723,1.523491142098554,7.404278537994076,14.04734242228337
5,5,holdout,32,0,309.58,309.6254401595136,1.2469475928149043,307.38317506110667,311.8677052579205,717.28,554.0837412026458,232.51813868426802,-1021.3165099249004,2129.483992330192,6.31,6.217982696829774,1.4997511871034659,3.176911239459823,9.259054154199724
5,5,holdout,33,2,311.54,311.21881045512475,1.1483339765727487,309.74891058355644,312.68871032669307,686.14,555.6241395908144,237.76178588811686,-533.869949404598,1645.1182285862267,4.98,3.587488706212403,1.5969231113101532,0.03871001972299393,7.136267392701812
5,5,holdout,34,0,308.55,309.38762929465605,1.202145248231212,307.22592791373467,311.54933067557744,367.47,309.0637573347925,229.9061699459704,-1248.639396140347,1866.7669108099317,5.43,4.546294915992183,1.4034738346925943,1.7004467136031605,7.392143118381206
5,5,holdout,35,0,306.8,306.7767283056942,1.28332418826313,304.46905069849987,309.0844059128885,554.95,563.2294379581924,279.91901006020913,-1333.3300358084202,2459.788911724805,12.78,9.951047136126897,2.0196120276324225,5.855844848568849,14.046249423684944
5,5,holdout,36,3,307.12,306.98634780961453,0.8551945446980599,305.60399729651294,308.3686983227161,2075.38,2025.341155944509,286.42893968580245,1887.329060120231,2163.353251768787,5.9,6.826354229357548,1.0896640665293102,4.450656791301686,9.20205166741341
5,5,holdout,37,0,309.05,309.1816254522635,1.2009946511464626,307.0219930786527,311.3412578258743,1337.07,1295.6456022405873,306.264318989081,-779.4135212197448,3370.7047257009194,4.68,5.3848514675394865,1.5295843812680765,2.283286725659194,8.48641620941978
5,5,holdout,38,3,307.56,308.29691774983485,1.5524894159639917,305.7874483500969,310.8063871495728,316.18,464.4818556306383,443.28014527736264,250.8930263938707,678.0706848674058,8.14,5.969906010562988,1.8643447484285856,1.9052413322076838,10.034570688918292
5,5,holdout,39,1,312.34,312.70267834347135,1.34732826431726,309.4931708097005,315.9121858772422,106.38,129.8274371734093,295.41804256578854,-705.2012393261432,964.8561136729618,5.13,4.084377754315376,1.8988613229292155,-0.12122655873662236,8.289982067367376
5,5,holdout,40,0,309.58,308.5851382693074,1.3977777921501267,306.07164983023733,311.0986267083774,435.02,480.55146751373053,207.82270891605592,-927.5277028641858,1888.630637891647,7.83,8.974257321337078,1.2561964689163294,6.42704598433627,11.521468658337884
5,5,holdout,41,3,307.48,307.494435813197,0.6223105002937712,306.4885228958113,308.50034873058274,1296.42,1081.1657363364327,265.42780919236895,953.2727647782198,1209.0587078946455,8.74,8.777229436427772,0.6701570762961533,7.316145696809977,10.238313176045567
5,5,holdout,42,0,304.47,305.07334793948365,1.3342502863348935,302.6740948619469,307.4726010170204,451.73,611.0395170751476,253.10585871079633,-1103.8504937910043,2325.9295279412995,7.37,8.87489207437123,1.9914645098993273,4.836764996027886,12.913019152714575
5,5,holdout,43,2,311.63,312.1658789886012,1.1723069602117615,310.66529302196733,313.6664649552351,91.86,89.88867851241059,207.62516391816354,-861.5105884917003,1041.2879455165216,2.46,2.7273898000965793,1.7735194354315187,-1.2138318704762128,6.668611470669371
5,5,holdout,44,4,312.52,312.38808135635185,0.9671297629751638,310.0096192981083,314.7665434145954,220.1,423.5798926595389,242.11174763743128,-791.7958013309837,1638.9555866500616,1.31,1.8323072482911376,1.7144010392178295,-0.9191213128215923,4.583735809403867
5,5,holdout,45,2,312.59,312.77133617310074,1.0508757043577683,311.4261856381667,314.11648670803476,188.63,180.65256839252163,193.57995518590164,-706.3874415705658,1067.692578355609,1.23,1.7798035656681606,1.4843965061707434,-1.5189117238088987,5.078518855145219
5,5,holdout,46,0,306.36,307.187024690381,1.370495548611046,304.72259526778157,309.65145411298045,947.21,1155.7716031599457,366.3773952918924,-1326.5768442188646,3638.120050538756,7.22,8.822658324768774,1.6787197309717745,5.418689251310838,12.22662739822671
5,5,holdout,47,3,302.67,306.2585272783667,1.3256566361393822,304.1157141108543,308.40134044587916,1366.98,1313.9334464026083,419.30728086470117,1111.8956331495328,1515.9712596556838,10.28,11.976935248745516,1.7132303380043605,8.241731849995046,15.712138647495985
5,5,holdout,48,1,312.73,312.76030212218853,1.1801681853765698,309.9489911875054,315.5716130568717,46.91,14.82525110845188,281.2834124545982,-780.250478130171,809.9009803470748,1.25,1.4733684421080033,1.8577437873264155,-2.6411686176458717,5.587905501861878
5,5,holdout,49,2,310.89,309.99911308805514,1.1807969110965173,308.487659744883,311.5105664312273,93.48,122.08947613140253,285.3321157883734,-1185.385786938298,1429.564739201103,4.63,4.2183467532326695,1.533031078919525,0.8115527879727824,7.625140718492556
5,5,holdout,50,1,307.08,304.2506676091461,1.5042448098391785,300.66736487760204,307.83397034069014,130.32,19.727695654900913,366.43375255232115,-1016.0339956791278,1055.4893869889297,7.26,8.8132042660535,2.5451880673673055,3.1761133503587367,14.450295181748263
5,5,holdout,51,3,306.76,306.23680282638946,0.7749488664397596,304.98416274608036,307.48944290669857,1543.82,1780.900977464812,261.02707234964384,1655.1284442795577,1906.6735106500664,10.96,10.105168857014085,0.9276898885008689,8.082609281895197,12.127728432132974
5,5,holdout,52,2,310.33,310.3241095140896,1.4307810401284835,308.4926694365226,312.15554959165667,570.52,788.012942870113,296.22422305178105,-569.3731434879473,2145.3990292281733,5.7,6.394786197253233,1.8183534622884499,2.3539316528041043,10.435640741702361
5,5,holdout,53,4,312.69,312.6124671201474,1.0451954285174327,310.04201818418375,315.1829160561111,95.36,75.288475868266,211.50410711466492,-986.4400584748146,1137.0170102113466,1.39,1.6116439788678063,1.694987285487609,-1.1086276036443343,4.331915561379947
5,5,holdout,54,1,311.54,311.54356414283194,1.0514588410956984,309.0388552598362,314.04827302582765,223.41,255.1030853355889,172.86409094845916,-233.51457601407185,743.7207466852497,4.71,3.9411911067663388,1.7353732689736687,0.09768067416016146,7.7847015393725165
5,5,holdout,55,1,308.42,305.62678389143815,1.4049639575733055,302.2799807953174,308.9735869875589,709.64,719.721975149908,164.64535353492727,254.33539801336042,1185.1085522864555,12.53,10.517292107907643,1.6833893271535842,6.788915880884598,14.245668334930688
5,5,holdout,56,1,308.18,308.4523325953066,0.9844211972421714,306.1073159185032,310.79734927210995,1523.36,1422.9174535187822,166.93294103979414,951.0647812514997,1894.7701257860647,7.59,7.266721381798255,1.5542347027991557,3.824397242242918,10.709045521353591
5,5,holdout,57,0,308.44,309.29358736865277,1.3516775853122707,306.8629964670714,311.7241782702341,1059.82,1007.3438324831909,427.5982838674222,-1889.7997950991958,3904.4874600655776,5.32,5.758766016452793,1.5824662012790733,2.5499718922375476,8.96756014066804
5,5,holdout,58,3,309.87,311.04565286750204,1.4724445376898374,308.665569324163,313.42573641084107,261.82,270.5124143101752,280.27384957154163,135.4660693893787,405.55875923097165,2.03,4.916372261097525,1.6087893419159056,1.408872256867196,8.423872265327853
5,5,holdout,59,2,308.33,309.51563354889424,1.164936640373392,308.02448179948715,311.00678529830134,1098.75,1351.560101044463,219.36764489015738,346.3533495392534,2356.7668525496724,2.44,5.184967271567563,1.6736668886605532,1.4656439424132057,8.904290600721922
5,5,holdout,60,0,306.45,306.1166119565498,1.4118839706935813,303.5777577426852,308.65546617041434,268.91,403.1021790514268,398.0332134851423,-2293.7266706456394,3099.931028748493,8.27,4.954881763889474,1.9846148251573585,0.9306439099320851,8.979119617846862
5,5,holdout,61,4,303.98,303.4365795985104,1.3482487311246503,300.1208317280384,306.75232746898234,704.72,749.9347261096693,201.72070631526267,-262.6821577158689,1762.5516099352076,7.93,6.449917060835452,2.3123705127827674,2.7388120584445814,10.161022063226323
5,5,holdout,62,4,308.91,309.3758059431617,1.052449261315024,306.7875176574578,311.96409422886563,671.26,753.940120709049,203.04240865452527,-265.3115708592171,1773.191812277315,8.35,8.406443417536572,1.4878875608184166,6.018544532204649,10.794342302868495
5,5,holdout,63,1,309.65,310.0817197737548,1.0735142561809419,307.52447208284474,312.63896746466486,616.92,580.0039420123579,199.0167572813302,17.463150696766206,1142.5447333279496,2.11,3.1869225064503723,1.690275620809139,-0.5567055064450961,6.930550519345841
5,5,holdout,64,1,311.97,312.31703525245655,1.170484703476198,309.5287916050377,315.1052788998754,177.02,127.69882389200893,253.3417228485692,-588.3969219703863,843.7945697544042,2.3,2.3387125103364,1.821930555240805,-1.6965052850220994,6.373930305694899
5,5,holdout,65,4,306.98,308.31897777630445,0.9678687583541661,305.9386983068536,310.6992572457553,2215.59,1661.7212562189789,219.29843081196626,560.8660307292112,2762.5764817087465,6.68,7.750203878339658,1.5721433164371423,5.227083602478677,10.273324154200639
5,5,holdout,66,0,306.01,306.63399954425097,1.2477568646661006,304.3902792106461,308.87771987785584,1493.56,1301.9587217483636,234.6008825767561,-287.5529241711197,2891.470367667847,12.0,10.708383150143629,1.5466747514108106,7.572163968724379,13.844602331562879
5,5,holdout,67,2,311.22,312.11253916203896,1.0898801892194743,310.71746178660516,313.50761653747276,462.07,526.3654929308522,213.94547166340345,-453.9952739347676,1506.7262597964718,3.64,4.2830183495173255,1.8077223740392379,0.26578884945874304,8.300247849575907
5,5,holdout,68,3,304.88,308.9750504466473,1.2585366598178127,306.94073111165835,311.0093697816362,395.97,329.3790076901852,283.8604823544622,192.60448995324128,466.15352542712907,8.3,8.957078093462702,1.463787210577542,5.765713311558642,12.148442875366761
5,5,holdout,69,0,310.04,309.83793207506733,1.4900058428307423,307.1585988640703,312.51726528606434,990.55,818.2085611505121,323.3739680576727,-1372.7750471344839,3009.1921694355083,2.36,2.445078340626698,1.6118227889085188,-0.8232426447728405,5.713399326026236
5,5,holdout,70,0,312.89,312.3547265878435,1.249988264793425,310.10699374348445,314.6024594322026,164.97,248.51255838121284,186.06975320790818,-1012.1819301852067,1509.2070469476323,0.86,5.163854509844511,1.5558610297387596,2.009008152755852,8.31870086693317
5,5,holdout,71,1,312.89,312.6401780096416,1.1977631182451192,309.78695370381246,315.49340231547075,42.42,-22.35538308012508,344.9593265966984,-997.4174592905516,952.7066931303015,0.86,1.2697506040117306,1.8151777170917045,-2.7505109831696553,5.290012191193116
5,5,holdout,72,1,311.83,311.13650891753855,1.0729886251803873,308.58051334662105,313.69250448845605,492.81,453.3041634718925,138.6557749717606,61.37973239079196,845.228594552993,6.49,3.5456717594866203,1.611011751946096,-0.022402375548317366,7.113745894521558
5,5,holdout,73,4,307.38,307.8245430589441,1.1658294217655647,304.9574189643208,310.6916671535673,663.32,771.3415234262351,241.1648212219575,-439.28069882822035,1981.9637456806904,9.56,9.153552824381244,1.7713808869391583,6.3106777598880415,11.996427888874447
5,5,holdout,74,0,313.21,313.0875663346673,1.2415511850965602,310.85500507365765,315.320127595677,15.08,153.03210792050567,209.4058970834678,-1265.7737741481044,1571.8379899891158,0.39,1.0204779012746927,1.5536633423943154,-2.1299121671222934,4.170867969671679
5,5,holdout,75,4,307.86,307.5681552279481,1.0573094279543866,304.96791433527153,310.1683961206247,946.9,1165.444092476352,270.52830299019627,-192.57974238177803,2523.467927334482,8.0,5.912959171088573,1.6839100412171861,3.2104653696013257,8.61545297257582
5,5,holdout,76,4,307.58,307.86349994160065,0.9813853344227266,305.4499791589701,310.2770207242312,1109.01,1192.1683283091652,231.9974745533018,27.565229158782586,2356.771427459548,8.19,7.780393921012987,1.5479515809939053,5.296098768515075,10.264689073510898
5,5,holdout,77,4,312.31,311.5404887930622,1.1442736249880463,308.72637686571295,314.35460072041144,65.54,51.03637127832417,221.51677543714786,-1060.954712610094,1163.0274551667424,2.01,2.312375125903502,2.0722985816725883,-1.0134403480352652,5.63819059984227
5,5,holdout,78,4,312.73,312.93308279151586,1.096737431460839,310.2358766166584,315.6302889663733,68.26,49.39631390301997,184.501898549377,-876.7839527721109,975.5765805781508,1.34,2.247505832819061,1.724833318832217,-0.5206654106835695,5.015677076321692
5,5,holdout,79,2,306.53,307.0881915676715,1.253670961424904,305.48345738512364,308.6929257502194,466.58,543.3136168118792,198.0809740249725,-364.35137879096237,1450.9786124147208,7.25,8.445750872387103,1.7054420152613756,4.655814943763891,12.235686801010315
5,5,holdout,80,4,315.92,312.91363471519537,1.2276347407626427,309.89451281028863,315.9327566201021,84.11,98.10335729358587,200.11366617163876,-906.4463528037595,1102.6530673909313,3.9,2.5037306009149733,2.057856622807722,-0.7989070883688467,5.806368290198794
5,5,holdout,81,3,309.26,308.1421383780162,2.737921401826116,303.7165172393987,312.56775951663377,613.05,562.1260684063677,536.7835491166308,303.4838282093916,820.7683086033438,8.86,8.131109006517175,2.6479902721520268,2.357931842306078,13.904286170728271
5,5,holdout,82,2,310.16,308.6392575771831,1.1202906814436158,307.20525391416527,310.07326124020096,517.94,570.8173129847027,176.83334023122916,-239.48480600214725,1381.1194319715526,7.35,7.053080574710533,1.4804046101110828,3.7632363170038023,10.342924832417264
5,5,holdout,83,2,304.65,303.5974551215699,1.4948267397384987,301.68403474249493,305.5108755006449,2419.87,1749.2813501368632,261.51882617269735,550.9255495531299,2947.6371507205968,12.79,9.838753093651153,1.951475845594101,5.502065973905283,14.175440213397025
5,5,holdout,84,3,315.33,313.31303881524013,1.806362408884553,310.39320493855115,316.2328726919291,96.59,107.6541802753444,288.8468327100434,-31.522946163928196,246.831306714617,6.91,3.628171620478258,1.8329370921646821,-0.3680177444172279,7.624360985373745
5,5,holdout,85,2,311.02,310.6045297474363,1.590774376579392,308.56829368760384,312.64076580726874,146.83,244.93883950622114,294.7682703241023,-1105.7756453380061,1595.6533243504487,5.0,6.17720249379075,2.044359587418554,1.6341035305607106,10.720301457020788
5,5,holdout,86,2,309.61,309.6536270689431,1.455865714478145,307.7900779008526,311.51717623703354,540.43,594.4090039999328,190.60708869056543,-279.0084616087586,1467.8264696086242,7.42,8.34173971606393,1.9591094524685304,3.988088735512771,12.695390696615089
5,5,holdout,87,1,311.04,312.4676846298442,1.2345758916291565,309.5267676089996,315.4086016506888,153.39,127.72658973962109,226.35064612118077,-512.0761752296054,767.5293547088476,1.96,2.0641977408591448,1.8729298249574287,-2.083973405064139,6.2123688867824285
5,5,holdout,88,1,312.29,313.3308957889199,1.1952279655463296,310.48371053971977,316.17808103812007,42.84,40.52922239304257,244.00359692469394,-649.171375551252,730.2298203373372,3.51,2.642183810102104,1.9872229220697384,-1.7591240637977705,7.043491684001978
5,5,holdout,89,2,311.14,311.0771257334046,1.336937653095459,309.36580783750384,312.7884436293054,504.12,634.3814255564031,275.5040858711923,-628.0589280502705,1896.8217791630768,4.26,5.076554740993155,1.7904666926024346,1.0976718551641946,9.055437626822116
5,5,holdout,90,4,308.79,307.5247154570219,1.098188431827675,304.8239408372141,310.2254900768297,843.81,1040.841491558459,249.87714473111475,-213.515685048847,2295.198668165765,7.69,6.118450759190605,1.7481184412105064,3.312909408405573,8.923992109975636
5,5,holdout,91,3,302.53,304.1461898884914,2.1098880245020664,300.7357322197196,307.5566475572632,2030.6,2120.4302940139005,764.0413303243913,1752.2868186719586,2488.573769355842,2.36,8.66889359877608,2.8293475398767387,2.5003193488569915,14.83746784869517
5,5,holdout,92,4,312.07,310.4965272147548,1.3283046124436533,307.2298279118938,313.7632265176158,81.77,59.571117067082696,241.920264705554,-1154.843352598356,1273.9855867325214,5.71,4.351540028653288,1.8239798102318048,1.4242493714716957,7.27883068583488
5,5,holdout,93,3,306.81,306.44429193790626,1.461766105872309,304.08146918720627,308.80711468860625,673.45,1257.1289717303698,730.3821971787394,905.2037162168978,1609.054227243842,7.15,7.261830836020988,2.3646944156753595,2.106298376372017,12.41736329566996
5,5,holdout,94,1,309.96,309.83167636798197,1.2360632710386041,306.88721621993767,312.77613651602627,659.22,442.0609488324195,182.57436512240156,-74.00377472607431,958.1256723909133,4.79,4.733848301087151,1.7783477537085999,0.79515783812804,8.672538764046262
5,5,holdout,95,2,314.36,313.70578745415776,1.3165362217623564,312.0205839656577,315.3909909426578,139.42,66.35371805996272,210.13553093838303,-896.548785343227,1029.2562214631525,5.84,3.0758701968244218,1.986798371719982,-1.3393127671989165,7.49105316084776
5,5,holdout,96,3,310.35,311.2097709268999,1.4489642302816506,308.86764133824255,313.5519005155573,94.55,116.38687345238475,361.90157810639397,-57.99074122358377,290.76448812835326,3.98,5.727033782971871,1.6372587216076786,2.1574645277913773,9.296603038152364
5,5,holdout,97,0,313.16,313.3140091473975,1.187127531323202,311.17931267243574,315.4487056223592,15.39,135.50751439142283,219.46813234455806,-1351.4739003342384,1622.488929117084,0.53,1.1223808016511132,1.4021604948543418,-1.7208043188011977,3.965565922103424
5,5,holdout,98,2,306.83,307.1057636648381,1.0017471851900215,305.8234990198004,308.3880283098758,1407.27,1403.5168892289767,126.4674165086731,824.0061734003294,1983.027605057624,10.88,11.649968276753405,1.2205392107243238,8.937612555700884,14.362323997805927
5,5,holdout,99,4,309.81,309.60813967415754,1.049773905727341,307.02643088998616,312.1898484583289,533.37,556.751303849868,218.98061950192368,-542.5085420465084,1656.0111497462444,7.02,4.946032118030013,1.5971848791367873,2.382722837816741,7.509341398243285
5,5,cross_fitted,0,3,312.33,312.7199934668069,1.0796587756735916,311.3257167688791,314.1142701647347,84.06,90.71202534713325,230.87991007561317,-122.84356947370847,304.267620167975,0.31,3.1823721037372086,1.3203767367373818,0.5129406145612707,5.8518035929131464
5,5,cross_fitted,1,3,311.68,310.0050961410222,1.2243884191472956,308.4239148636647,311.58627741837967,204.84,230.64512826873573,277.5176766864743,-26.04871962244124,487.3389761599127,9.2,6.440470769883801,1.4934942137302865,3.4210442894650974,9.459897250302504
5,5,cross_fitted,2,3,301.44,305.41329117986675,1.5599431024229626,303.39877292020213,307.42780943953136,220.66,473.3350109009367,303.75205295515485,192.37531057168042,754.294711230193,4.44,9.73726315438025,1.7264343350773508,6.246897071865243,13.227629236895256
5,5,cross_fitted,3,2,314.31,314.4065074569557,2.012090774680813,311.12301631211943,317.68999860179196,12.81,67.79129163334733,280.9220709387686,-364.39284886843586,499.9754321351305,2.87,3.119589849636829,2.344567453426174,-1.2425741051137127,7.48175380438737
5,5,cross_fitted,4,3,306.89,306.2306420941261,1.1789434885959154,304.708148625486,307.7531355627662,422.12,520.4129442294185,267.59149236268047,272.9004590513285,767.9254294075085,12.1,11.87076643379702,1.3728139060243176,9.095321693248843,14.646211174345195
5,5,cross_fitted,5,3,307.84,307.47490502519474,0.995221081302758,306.1896715845818,308.7601384658077,2201.12,1662.4078486850551,279.4835595792041,1403.8956299777792,1920.920067392331,5.77,6.852573965686114,1.1350342096195334,4.5578530908416335,9.147294840530595
5,5,cross_fitted,6,1,314.22,312.08549790425843,1.9345198595044,309.646980780345,314.52401502817185,87.66,233.5137658084223,375.71240726101513,-276.6881136864584,743.7156453033031,3.45,2.4574599793478247,2.5244819784849866,-1.728448103668446,6.643368062364095
5,5,cross_fitted,7,4,301.14,305.07825725881696,2.470292613715306,301.74197996694716,308.41453455068677,965.47,1441.7417429286702,519.8100810667669,753.6777643701723,2129.805721487168,6.46,10.408255089271531,3.3857256753206744,5.076543022438384,15.73996715610468
5,5,cross_fitted,8,4,306.32,305.24590270283767,1.830079522860558,302.7742713177392,307.71753408793614,331.97,323.2764957510296,332.0949429942267,-116.31206949346637,762.8650609955255,10.22,6.460806919097613,1.7619278877877063,3.686189870621645,9.235423967573581
5,5,cross_fitted,9,3,304.34,304.99564863141626,1.4282519848222053,303.1511969341989,306.84010032863364,421.99,561.9028941421303,260.66397442688526,320.79811335428496,803.0076749299757,3.37,9.371334227654451,1.718802895905275,5.896396775065179,12.846271680243722
5,5,cross_fitted,10,0,303.31,305.2319295238778,3.1488225431846653,300.8271233820426,309.636735665713,1035.72,382.0839262424608,379.32951937295724,-152.39973635580355,916.5675888407252,5.86,8.312721435952898,2.9163636016716428,3.801548459242815,12.823894412662982
5,5,cross_fitted,11,2,308.31,308.0404475429856,1.1284857085634274,306.1988940316983,309.8820010542729,374.66,477.94400935939376,279.79718071659613,47.49045453998099,908.3975641788065,8.57,8.40084993249632,1.4981103842682635,5.61355408867543,11.188145776317208
5,5,cross_fitted,12,0,307.47,307.2776218965865,1.694794363656742,304.9068180421931,309.64842575097987,850.87,1015.5680211781228,311.8911796558314,576.1064672497514,1455.0295751064941,10.63,10.5709103657345,1.8022284714807428,7.783135763918292,13.358684967550708
5,5,cross_fitted,13,1,306.43,307.6433577979302,1.349459287818927,305.94232611029815,309.34438948556226,2256.33,1150.7893472130659,234.12653621101134,832.855213269231,1468.7234811569008,4.77,7.277895112591152,1.6441830828455424,4.551633124944843,10.004157100237462
5,5,cross_fitted,14,2,313.31,313.06197726950523,1.4878123836351704,310.6340456630802,315.48990887593027,0.85,105.94431868237155,397.0275342367617,-504.8620984362666,716.7507358010097,0.42,1.0565850301808508,1.745863697179981,-2.1916660186925587,4.30483607905426
5,5,cross_fitted,15,4,311.83,313.55984895120014,1.572783108685021,311.43571169660567,315.6839862057946,194.23,212.57516918865048,275.1331589492782,-151.61402774170335,576.7643661190043,3.51,6.188308838961476,2.4674931303408947,2.302594472389118,10.074023205533834
5,5,cross_fitted,16,4,307.32,307.1548449121556,0.8244859961414359,306.0413274725134,308.26836235179786,1604.24,1497.479060359015,182.59808167723153,1255.7770096828415,1739.1811110351885,11.92,11.148638115983765,0.9280828450957299,9.687128537612779,12.610147694354751
5,5,cross_fitted,17,0,311.08,310.92459761267213,1.7835247732459933,308.4296710909115,313.4195241344328,560.59,418.6692324417985,348.51505532716226,-72.39617040324623,909.7346352868433,3.19,3.7135252988260703,1.8914207958506584,0.7877836742432591,6.639266923408881
5,5,cross_fitted,18,3,311.14,310.15306464645676,1.2459603429002324,308.5440252797697,311.7621040131438,68.07,62.2367425126572,264.6046490256804,-182.5130202386057,306.9865052639201,5.46,6.0968130413730135,1.4345907948752685,3.1964727556264743,8.997153327119552
5,5,cross_fitted,19,2,312.39,311.92855897544246,1.3586315737525392,309.7114349780328,314.1456829728521,59.84,85.15628172197137,300.282229237801,-376.81246540215704,547.1250288460998,5.02,4.898020206348623,1.681590475186975,1.7693521243989672,8.02668828829828
5,5,cross_fitted,20,0,308.85,310.1372689882623,1.6849885203776471,307.78018227356455,312.49435570296004,484.91,331.4998400977414,361.151232668074,-177.37021543443393,840.3698956299168,7.06,8.218013334581077,2.0267036444576942,5.083009623988616,11.353017045173537
5,5,cross_fitted,21,1,311.28,309.85916437969075,1.212319644313471,308.3310011004198,311.3873276589617,410.23,674.1461191246032,206.4105205879655,393.84918584197396,954.4430524072324,5.16,4.232013834984791,1.555903324912352,1.652130770004045,6.811896899965537
5,5,cross_fitted,22,1,312.03,313.107289646584,2.2642445608827027,310.2531451893362,315.9614341038318,122.49,208.7037488599342,319.3486247668515,-224.95844972953284,642.3659474494012,3.07,4.803360963453127,2.33061540369038,0.9389080024680423,8.66781392443821
5,5,cross_fitted,23,0,307.93,308.3774615059315,1.8412308888120155,305.8018113966137,310.95311161524927,117.49,127.16657946612042,322.0684937003653,-326.6350345106413,580.9681934428821,6.42,8.441001712248333,2.1512539785190072,5.113337490828091,11.768665933668576
5,5,cross_fitted,24,1,306.65,307.15263680163696,0.7196727727478547,306.24546886984353,308.0598047334304,1388.31,1331.9114813200158,149.03227978676452,1129.5318212844875,1534.2911413555441,11.47,12.215505694661474,0.954499320072076,10.63282597930814,13.798185410014806
5,5,cross_fitted,25,1,308.18,308.40587104175694,0.8079078227892518,307.3874803280426,309.42426175547126,1252.74,1101.8372995125515,208.71961591980872,818.4047104584565,1385.2698885666464,7.11,7.5251348463782,1.0745764260552768,5.743352212959306,9.306917479797093
5,5,cross_fitted,26,1,310.29,309.5673012924528,1.63529543863082,307.5059650336561,311.6286375512495,785.56,904.8115096414019,347.1164267175968,433.44178670374475,1376.181232579059,5.06,5.605337015620205,2.2936837623678743,1.80212135291986,9.40855267832055
5,5,cross_fitted,27,4,303.33,305.2067492083187,2.6632349440964913,301.6098918086846,308.80360660795276,1918.36,1504.405220473761,569.3623288497328,750.7497537969618,2258.0606871505597,8.91,6.179169878840988,3.2591400235161587,1.046800083631826,11.31153967405015
5,5,cross_fitted,28,0,302.73,303.1837507426952,2.465289333622702,299.73512146962116,306.6323800157693,2026.87,1178.9355799105647,498.29907723679406,476.8211852515018,1881.0499745696275,13.02,4.910191293307843,2.809024043504488,0.5650563626967138,9.255326223918972
5,5,cross_fitted,29,2,310.24,309.7365181586968,1.7348883889682214,306.90538810525277,312.56764821214085,305.92,407.25114050137444,292.8409670593343,-43.269607937203716,857.7718889399525,5.99,6.428217275620443,2.171774088048036,2.38754246760828,10.468892083632607
5,5,cross_fitted,30,4,305.2,305.7243153760292,2.089691702265269,302.9020622815705,308.5465684704879,2372.98,1755.8039213096652,486.983798670469,1111.1915480384844,2400.4162945808457,10.28,7.548527617759346,2.797100614736215,3.1437599165713292,11.953295318947362
5,5,cross_fitted,31,3,307.79,307.00287749810195,1.3810564373247762,305.219374365009,308.7863806311949,1236.45,1311.0074258150962,312.3081327358055,1022.1336600901413,1599.881191540051,12.82,11.246065417754817,1.5102391578553267,8.192785356090564,14.29934547941907
5,5,cross_fitted,32,0,309.58,309.76493147940164,1.145114272249974,308.1630608403505,311.36680211845277,717.28,578.4936300135598,237.19264532284964,244.28395916302458,912.7033008640951,6.31,6.632293294997095,1.2628805610078997,4.6788082575464225,8.585778332447768
5,5,cross_fitted,33,2,311.54,311.28206742643135,1.1982221613549606,309.3267123769159,313.2374224759468,686.14,636.4939236333122,301.01561713281484,173.39689699735413,1099.5909502692703,4.98,3.5794705949704113,1.7034102219729599,0.4102059787677028,6.74873521117312
5,5,cross_fitted,34,0,308.55,309.3197407451569,1.467033707824659,307.267545361682,311.3719361286318,367.47,322.57581992755416,287.7329785009579,-82.84629552952038,727.9979353846287,5.43,4.755175476140054,1.834255965236751,1.9178591902001516,7.592491762079956
5,5,cross_fitted,35,0,306.8,306.8785637645658,2.30587520103924,303.6529347846708,310.1041927444608,554.95,601.8477906453878,328.04669834827195,139.62275441228036,1064.0728268784953,12.78,10.81880268372348,3.0303913384065915,6.13124606120899,15.506359306237968
5,5,cross_fitted,36,3,307.12,307.263938797261,0.8126445495118305,306.2144855953681,308.3133919991539,2075.38,1858.5311100683302,281.7863076602624,1597.8889323879591,2119.173287748701,5.9,7.44532203055617,1.0586295063978592,5.305070039497883,9.585574021614457
5,5,cross_fitted,37,0,309.05,308.9078687663334,1.1730424296182265,307.2669301526922,310.5488073799746,1337.07,1296.8882874439855,270.0249123966247,916.4172278515365,1677.3593470364344,4.68,5.20485585291223,1.4793744974866985,2.916487471249971,7.493224234574489
5,5,cross_fitted,38,3,307.56,308.54849028086016,1.457945272451674,306.66569252472175,310.4312880369986,316.18,391.2011100560815,268.9929601913359,142.39231765198488,640.0099024601782,8.14,6.625458624578831,1.4860897905970307,3.6210018113173486,9.629915437840314
5,5,cross_fitted,39,1,312.34,312.1218671132361,2.206702582175293,309.3402559513858,314.90347827508634,106.38,250.40433703132834,400.98752884431156,-294.12011016970945,794.9287842323661,5.13,5.537120904041864,2.736327166772025,0.9999469005095003,10.074294907574227
5,5,cross_fitted,40,0,309.58,308.72263229309897,1.914010095977208,306.0451732395417,311.4000913466562,435.02,369.706235087556,191.88542810909328,99.33543298252033,640.0770371925917,7.83,8.942199858194112,1.5044477407770052,6.615046965058429,11.269352751329794
5,5,cross_fitted,41,3,307.48,307.727178278397,0.5159306454718505,307.06090288385906,308.3934536729349,1296.42,1002.5076325184527,203.38552795423666,814.3833501328902,1190.6319149040153,8.74,8.622895678580495,1.0146898538111409,6.571477343080444,10.674314014080545
5,5,cross_fitted,42,0,304.47,305.0147028162679,2.015123360783373,302.1957990405229,307.8336065920129,451.73,672.3986334908312,381.4182356676527,134.971923546389,1209.8253434352735,7.37,7.826468317881908,2.215280770772309,4.399764342010963,11.253172293752852
5,5,cross_fitted,43,2,311.63,311.82491995323,1.3560231203236128,309.6120526393872,314.0377872670728,91.86,137.5893727816856,269.6772080855762,-277.2951252568798,552.473870820251,2.46,3.21313107036952,1.7447065639897128,-0.03296708472126131,6.459229225460302
5,5,cross_fitted,44,4,312.52,311.81614444432836,1.3641221220976023,309.9738162788214,313.6584726098353,220.1,331.43631258991854,259.3139182889964,-11.81321798354179,674.6858431633789,1.31,2.235279157484868,1.6328829892047283,-0.3361228910419509,4.806681206011687
5,5,cross_fitted,45,2,312.59,312.7557978726215,1.0088726523962477,311.1094385422697,314.4021572029733,188.63,210.71005842232296,241.73203723940316,-161.18223326175757,582.6023501064035,1.23,1.7557127732882547,1.4822948626560126,-1.002157643594407,4.513583190170916
5,5,cross_fitted,46,0,306.36,305.93749829683173,1.4004970164070483,303.97837936431404,307.89661722934943,947.21,1000.4206408396512,296.4261428849319,582.7496649532704,1418.091616726032,7.22,7.050947953007227,1.5491556573991285,4.654638681292711,9.447257224721742
5,5,cross_fitted,47,3,302.67,305.6997690991961,1.1966007136142092,304.1544730025889,307.2450651958033,1366.98,1268.0969343432469,306.4862502740595,984.6082000473497,1551.585668639144,10.28,11.643773824551392,1.7413953600774472,8.123160744998032,15.164386904104752
5,5,cross_fitted,48,1,312.73,311.2857768536876,2.349569472766319,308.3240779261652,314.24747578120997,46.91,252.82520931378667,439.5058790713241,-344.0055612906492,849.6559799182226,1.25,2.334326303476522,2.944328559357845,-2.5477401246894855,7.21639273164253
5,5,cross_fitted,49,2,310.89,309.9526276608891,1.4309668501192452,307.6174611564524,312.2877941653258,93.48,178.8248945863113,354.18336399724916,-366.06797281158674,723.7177619842093,4.63,4.256035950267358,1.603834968462075,1.2720351792210698,7.240036721313646
5,5,cross_fitted,50,1,307.08,304.20929803128234,2.5047370728702916,301.05200594503845,307.36659011752624,130.32,489.2311558588809,451.3318208168017,-123.65875356752088,1102.1210652852828,7.26,5.300857873913246,3.1637642069893444,0.05493959061383702,10.546776157212655
5,5,cross_fitted,51,3,306.76,306.846376182768,0.5613326897583754,306.1214683630478,307.57128400248814,1543.82,1721.9129994090786,218.19637156644393,1520.0892205347677,1923.7367782833894,10.96,10.932682809809185,1.0967428538799575,8.715376318246733,13.149989301371637
5,5,cross_fitted,52,2,310.33,310.39627810332087,1.754463328032128,307.5332040939252,313.25935211271656,570.52,752.0726271478761,343.4181352060197,223.74150990686292,1280.4037443888892,5.7,6.41452408137353,1.971874778140032,2.745770142170638,10.083278020576422
5,5,cross_fitted,53,4,312.69,313.15170039692214,1.8734254489815407,310.62152775715225,315.681873036692,95.36,88.72694485057991,321.03335946440734,-336.2195858318602,513.67347553302,1.39,2.500076115900515,2.4648575726348216,-1.3814878746012913,6.381640106402321
5,5,cross_fitted,54,1,311.54,311.6535119578773,1.5546577755226947,309.6938217593965,313.6132021563581,223.41,209.2804473491176,290.43445732628504,-185.11751006250051,603.6784047607357,4.71,4.131705465337496,1.9117605720085038,0.9617664048238987,7.301644525851093
5,5,cross_fitted,55,1,308.42,303.747638045146,1.8443747159780897,301.4227514301398,306.0725246601522,709.64,794.9578668058903,261.57042835206994,439.7560646125598,1150.1596689992207,12.53,9.637698795317158,1.8714727814336134,6.534561949931873,12.740835640702443
5,5,cross_fitted,56,1,308.18,307.8507080269345,0.8806851788898329,306.7405793927163,308.9608366611527,1523.36,1680.7947475864662,234.3739020874515,1362.524701033296,1999.0647941396364,7.59,6.742599266993594,1.0813724446957278,4.949547981391069,8.535650552596119
5,5,cross_fitted,57,0,308.44,309.0904458138743,1.567740618711706,306.89737414616394,311.2835174815846,1059.82,978.8841719044126,366.7014742944436,462.1937034561238,1495.5746403527014,5.32,6.282936234959192,1.8415399522486688,3.434352723851606,9.131519746066779
5,5,cross_fitted,58,3,309.87,311.16331745303387,1.0345948504176425,309.8272365316951,312.4993983743726,261.82,303.78647032137656,239.00466821883882,82.71576707259152,524.8571735701616,2.03,3.5862506268777254,1.414046711595856,0.7274447163564175,6.445056537399033
5,5,cross_fitted,59,2,308.33,309.27933682780787,1.0219086564930533,307.6117043001657,310.94696935545005,1098.75,1300.5963899233222,255.63235190715113,907.3191798976195,1693.873599949025,2.44,5.1385142664426215,1.645770363430899,2.0764909722678504,8.200537560617393
5,5,cross_fitted,60,0,306.45,306.9718046713909,2.174183442586931,303.930395874915,310.01321346786676,268.91,349.2753589059849,431.1530626444714,-258.2288196341063,956.7795374460761,8.27,4.854096859479193,2.649750655455983,0.7553337474100408,8.952859971548346
5,5,cross_fitted,61,4,303.98,303.5933555954907,2.409040655909071,300.3398027204681,306.84690847051337,704.72,1057.0347714861705,378.3496439670141,556.219626116381,1557.84991685596,7.93,7.049361020491597,2.3155746939195536,3.4028820315950665,10.695840009388128
5,5,cross_fitted,62,4,308.91,309.5952646549926,1.6937890596217222,307.3077016572089,311.8828276527763,671.26,769.7115864210544,263.1424214052342,421.39432980296624,1118.0288430391427,8.35,8.542196330879294,1.4094376215099151,6.322667551914861,10.761725109843727
5,5,cross_fitted,63,1,309.65,309.3344881624268,1.5469569449574647,307.38450507918157,311.284471245672,616.92,558.1100554022743,297.38141521092945,154.2784170660467,961.9416937385018,2.11,2.5169982652213734,2.00435497912942,-0.8064739480391281,5.840470478481874
5,5,cross_fitted,64,1,311.97,311.2041671128476,1.9387516527154938,308.760315693626,313.64801853206916,177.02,357.7014888483778,374.3664414870853,-150.67262490248345,866.075602599239,2.3,2.883433339573134,2.499915445707936,-1.2617403476345936,7.028607026780862
5,5,cross_fitted,65,4,306.98,307.74207167167907,1.0984221160992929,306.2585871879045,309.22555615545366,2215.59,1762.8557316792558,266.310235211096,1410.3452924931792,2115.3661708653326,6.68,7.313788981223834,1.3886283536625361,5.127029846088661,9.500548116359008
5,5,cross_fitted,66,0,306.01,306.0764495132024,1.521007222484023,303.94875198071543,308.2041470456894,1493.56,1390.5749463273555,270.8451209104283,1008.9481948412814,1772.2016978134297,12.0,11.17923377880189,1.5918630082053093,8.71686270095549,13.641604856648291
5,5,cross_fitted,67,2,311.22,312.2779021378309,1.0158133568102519,310.62021640920267,313.9355878664591,462.07,587.1743015083857,248.63651572843494,204.65982520412393,969.6887778126475,3.64,4.790780245453872,1.7507706249760857,1.5333996560635321,8.048160834844213
5,5,cross_fitted,68,3,304.88,309.02494280333025,1.1998543740333545,307.4754449135199,310.5744406931406,395.97,429.5416003229774,238.31338851750564,209.11030588095008,649.9728947650046,8.3,8.809907882055397,1.4503260116861458,5.87775540053528,11.742060363575513
5,5,cross_fitted,69,0,310.04,308.9178794333605,1.910014191212888,306.24601014728194,311.58974871943906,990.55,840.0563553009156,425.1375173852546,241.0282127624165,1439.0844978394148,2.36,3.2771047534656383,2.54058538030349,-0.6527962047277867,7.207005711659063
5,5,cross_fitted,70,0,312.89,312.23815146252684,1.5642392871027622,310.0499777167426,314.4263252083111,164.97,294.10628227686993,303.2026210981214,-133.11290093302745,721.3254654867674,0.86,3.431004275464656,2.068482026000507,0.23137573355192043,6.630632817377392
5,5,cross_fitted,71,1,312.89,310.74348923857644,2.437501908927682,307.6709489825077,313.8160294946452,42.42,366.5473025669248,459.9502872918584,-258.04612718235717,991.1407323162068,0.86,2.900745575685643,3.180107550509281,-2.3722720231670786,8.173763174538365
5,5,cross_fitted,72,1,311.83,310.9096776853727,1.3867042943901051,309.1616976111124,312.65765775963297,492.81,422.66777954089804,238.85720474812103,98.3095937631191,747.025965318677,6.49,3.5609061563931816,1.7062651706345509,0.7317042724428826,6.390108040343481
5,5,cross_fitted,73,4,307.38,308.0664650481677,1.6914986007212556,305.7819954515362,310.35093464479917,663.32,624.5001833704322,344.1161048837451,168.99940561242897,1080.0009611284354,9.56,9.419256969515141,2.1464998791521483,6.039030570621365,12.799483368408918
5,5,cross_fitted,74,0,313.21,312.1987714712613,1.7894898480741277,309.6955005611208,314.7020423814018,15.08,134.09358196755238,324.5461533040161,-323.1991090596327,591.3862729947375,0.39,1.2711537893846643,2.1516077943586738,-2.0570577315745386,4.599365310343867
5,5,cross_fitted,75,4,307.86,307.7604179142641,1.588425076537075,305.6151552505358,309.9056805779924,946.9,1230.4247806212352,388.76748266642824,715.8197150390694,1745.0298462034011,8.0,6.548239782808405,1.8866963975788602,3.5771420288626183,9.519337536754193
5,5,cross_fitted,76,4,307.58,307.8017854723799,0.8779004150069518,306.61612867899066,308.9874422657691,1109.01,1274.4354911014316,294.65911111989504,884.4001152972751,1664.470866905588,8.19,8.132814955482914,1.124442360510384,6.362085877905258,9.90354403306057
5,5,cross_fitted,77,4,312.31,311.30736871136963,1.5996274185695716,309.14697661757657,313.4677608051627,65.54,124.65350591933634,286.6705681593201,-254.80756813011328,504.11457996878596,2.01,1.592922884935735,1.9139125922259246,-1.4210338975695023,4.606879667440973
5,5,cross_fitted,78,4,312.73,313.2779434852176,1.8255921581045764,310.81237255346485,315.7435144169703,68.26,43.909061637784134,330.88484942282207,-394.07772282658533,481.8958461021536,1.34,2.4377953644819486,2.257271942478802,-1.1168706681399163,5.992461397103813
5,5,cross_fitted,79,2,306.53,307.30090326489,1.6283498672678443,304.64363131814224,309.95817521163775,466.58,603.7118875407865,339.34363390483185,81.64918074165382,1125.774594339919,7.25,8.62648931048879,1.9383820834991443,5.020049904014076,12.232928716963503
5,5,cross_fitted,80,4,315.92,312.6286544672174,2.0953176347172033,309.7988032159328,315.458505718502,84.11,355.54927030695364,389.37594110531944,-159.86120161398844,870.9597422278957,3.9,6.1070546503738035,2.9328621043166208,1.4884949171013995,10.725614383646207
5,5,cross_fitted,81,3,309.26,307.28367164721215,2.298995443672697,304.31473752841595,310.25260576600834,613.05,807.3403877824395,334.7020690527234,497.75303814724646,1116.9277374176327,8.86,9.081539225955593,1.9288090801248194,5.1820281607907495,12.981050291120436
5,5,cross_fitted,82,2,310.16,308.470609656999,0.9902383841845313,306.85465922043744,310.08656009356054,517.94,757.0217627945509,322.75747230020636,260.47601154598857,1253.5675140431133,7.35,6.603221691027782,1.6416977152395247,3.5487757259312733,9.657667656124291
5,5,cross_fitted,83,2,304.65,302.6566130484858,2.10392918776177,299.2232526135053,306.0899734834663,2419.87,1740.05566891547,294.14445264575164,1287.5295750231164,2192.581762807824,12.79,8.542878156166498,2.35188386131993,4.16710172430605,12.918654588026946
5,5,cross_fitted,84,3,315.33,313.99754559967187,1.3997997425171893,312.1898372692881,315.80525393005564,96.59,70.9043271675049,216.95927428607484,-129.77518131327565,271.58383564828546,6.91,3.268836183211193,1.4411876700470632,0.35515886582528644,6.1825135005971
5,5,cross_fitted,85,2,311.02,310.38289213382126,2.1895707791795065,306.8097748794227,313.9560093882198,146.83,212.2791599138967,362.6303456414203,-345.6089537796054,770.1672736073988,5.0,6.054608488294757,2.309491569001026,1.7577046558310716,10.351512320758442
5,5,cross_fitted,86,2,309.61,309.2964678574611,1.8748897788987897,306.2368723044052,312.356063410517,540.43,581.3032980027913,278.2738138560074,153.19336465502835,1009.4132313505543,7.42,7.977695333675803,2.1801305118521657,3.9214730562761737,12.033917611075433
5,5,cross_fitted,87,1,311.04,311.5800282152159,1.9789652520517969,309.0854864140301,314.07457001640176,153.39,267.3274792903947,381.1052060496664,-250.19759748126938,784.8525560620587,1.96,2.271815404931128,2.5316718335391073,-1.9260143604909805,6.469645170353236
5,5,cross_fitted,88,1,312.29,311.6339639555687,2.1272321378202665,308.952527541707,314.31540036943034,42.84,166.43662926413253,379.8204833022733,-349.34384725563086,682.2171057838959,3.51,2.8668430185443947,2.4124298483114717,-1.1332685638789144,6.866954600967704
5,5,cross_fitted,89,2,311.14,310.9945509071018,1.6935709766856903,308.23084592168374,313.7582558925199,504.12,644.4739847070142,348.5198956328083,108.2940717564669,1180.6538976575616,4.26,4.912942781520904,2.0181406954478156,1.1581092046780035,8.667776358363804
5,5,cross_fitted,90,4,308.79,307.59476212498026,1.4001175322736488,305.70382001434183,309.4857042356187,843.81,1055.8957476806902,365.4976855202881,572.0925264409119,1539.6989689204684,7.69,6.989324572451115,1.7247770592368132,4.2732112362875405,9.70543790861469
5,5,cross_fitted,91,3,302.53,303.689440316576,1.6563001522750227,301.55048608480905,305.82839454834294,2030.6,2132.8329313916847,320.4580183716528,1836.4208152138247,2429.245047569545,2.36,9.54280476743197,1.7995005655400038,5.904719256843471,13.18089027802047
5,5,cross_fitted,92,4,312.07,310.7708333680805,1.5404281882037163,308.69039336047723,312.8512733756838,81.77,92.18524016714832,283.8069616124345,-283.48532541499213,467.8558057492888,5.71,4.08984361432779,1.7833243496779143,1.2815322311692716,6.898154997486308
5,5,cross_fitted,93,3,306.81,306.916668817465,1.2081655255170323,305.35643786540595,308.47689976952404,673.45,945.4759910217226,260.26764953235977,704.737796475898,1186.2141855675472,7.15,7.269367122349329,1.4515953031090856,4.33464848951871,10.204085755179948
5,5,cross_fitted,94,1,309.96,309.9448500018715,1.4492808536934447,308.1179904006489,311.77170960309405,659.22,608.1951409541423,302.81905597370667,196.9794117985249,1019.4108701097597,4.79,5.499827093813288,1.8794627679398657,2.383441847613597,8.616212340012979
5,5,cross_fitted,95,2,314.36,313.817988818289,1.475987140081291,311.4093545929679,316.2266230436101,139.42,97.6051720527737,253.6252425688613,-292.58420360888954,487.79454771443693,5.84,3.908832229940651,1.8640734606124687,0.4406470655478718,7.37701739433343
5,5,cross_fitted,96,3,310.35,310.6469484974176,1.3176860724116441,308.9452821678855,312.3486148269497,94.55,101.17322395884753,221.75290453988714,-103.94021972170336,306.2866676393984,3.98,5.448589877133397,1.4241325983994955,2.5693931318747043,8.32778662239209
5,5,cross_fitted,97,0,313.16,312.3822246651907,1.9957162815707665,309.5904689489309,315.17398038145046,15.39,157.3702140841413,345.08351741443875,-328.86007612593346,643.6005042942161,0.53,2.0245747427922742,2.388674678502074,-1.6703433578292057,5.719492843413754
5,5,cross_fitted,98,2,306.83,306.90192894085015,0.7494781231247676,305.6788704131259,308.12498746857443,1407.27,1428.0583597206999,108.25317776753307,1261.5164200514396,1594.6002993899601,10.88,11.810648083644208,1.1865113532717417,9.603095023236065,14.018201144052352
5,5,cross_fitted,99,4,309.81,310.3453230640805,1.4796573107207593,308.3469577456973,312.3436883824637,533.37,630.2249184717091,379.479763611184,127.91385248218313,1132.535984461235,7.02,4.605874910698814,1.6886390814211432,1.9466702880188,7.265079533378828
6,6,uncalibrated,0,0,312.33,313.364862727223,1.1695045356116145,311.44119895008606,315.28852650435994,84.06,99.6215012347285,172.4340504612915,-184.00727207645986,383.25027454591685,0.31,2.979182312648901,1.3670020246337105,0.7306640743801376,5.227700550917665
6,6,uncalibrated,1,4,311.68,309.88545517622873,1.5506961518502658,307.33478698655813,312.43612336589933,204.84,356.4706820734888,326.81085970829224,-181.08534584482425,894.0267099918018,9.2,6.603868983254056,2.041057135744365,3.2466287507097555,9.961109215798357
6,6,uncalibrated,2,4,301.44,306.5220357380345,1.9529398060009084,303.309735614916,309.734335861153,220.66,324.4681647235428,369.6609700287744,-283.570022570686,932.5063520177716,4.44,8.295357484187159,2.7420926539650976,3.785016436875682,12.805698531498635
6,6,uncalibrated,3,2,314.31,314.33449175409027,1.779057645000686,311.40820233415513,317.2607811740254,12.81,2.895594657345214,262.2641606681965,-428.49056123712126,434.2817505518117,2.87,4.013344471165376,3.015560523119862,-0.9468111925800056,8.973500134910758
6,6,uncalibrated,4,3,306.89,304.659564369554,1.2973364343173543,302.5256358301908,306.7934929089172,422.12,457.5282000331807,264.6942695253128,22.144870771199635,892.9115292951618,12.1,9.651731879089024,2.294100453087048,5.8782724282377785,13.425191329940269
6,6,uncalibrated,5,3,307.84,307.80622106839405,0.9605640130533273,306.2262338676042,309.3862082691839,2201.12,1783.3186154933928,250.53497732791234,1371.2252493573715,2195.411981629414,5.77,5.8930911379262065,1.4613338071339566,3.489410925075116,8.296771350777297
6,6,uncalibrated,6,2,314.22,313.2512318385317,1.546365457895939,310.70768700651905,315.7947766705443,87.66,87.291320935807,269.4187243467426,-355.86304497457127,530.4456868461853,3.45,2.9211443538646664,2.802162558020019,-1.6880028930021753,7.530291600731508
6,6,uncalibrated,7,2,301.14,303.9689074863028,1.4107784631886016,301.648383414302,306.2894315583036,965.47,1223.074970682323,342.44002816212907,659.811248346481,1786.338693018165,6.46,10.49533073306752,2.9435126635368922,5.653683252471277,15.336978213663764
6,6,uncalibrated,8,4,306.32,307.0258023494288,1.6281991710574037,304.3476530375156,309.70395166134193,331.97,277.30279360107113,326.01667392530754,-258.94691495162624,813.5525021537685,10.22,7.633340024016647,2.136364888176866,4.119332489207153,11.14734755882614
6,6,uncalibrated,9,1,304.34,306.3545166373909,2.089440043424639,302.91769360366624,309.7913396711155,421.99,511.71184465251736,400.83325905320453,-147.60019530392492,1171.0238846089596,3.37,9.260943301250256,2.605602794976287,4.975108093538618,13.546778508961893
6,6,uncalibrated,10,4,303.31,306.26589152500196,1.9016242544321245,303.1379979730004,309.39378507700354,1035.72,405.9787052891334,384.44594451252823,-226.37860090908276,1038.3360114873497,5.86,8.114146104112871,2.595858199140372,3.8443393302051154,12.383952878020626
6,6,uncalibrated,11,2,308.31,307.7798322715122,1.1602499342802612,305.8713909589411,309.6882735840833,374.66,360.8477081032258,235.05232723792585,-25.778964877460737,747.4743810839122,8.57,8.489531713037898,1.7082864995590807,5.679650468365911,11.299412957709887
6,6,uncalibrated,12,1,307.47,307.08690315697186,1.1534351345505103,305.1896711924532,308.9841351214905,850.87,981.5492786988788,281.25020785937204,518.9338542205354,1444.1647031772222,10.63,11.034604435810602,1.2980267296811674,8.899540461614576,13.169668410006627
6,6,uncalibrated,13,1,306.43,307.3237372258879,1.361769734207435,305.0838253395041,309.5636491122717,2256.33,1203.9154195601836,245.27563889670705,800.4728953180957,1607.3579438022716,4.77,7.573660964521124,1.7228444990781109,4.739833941539102,10.407487987503146
6,6,uncalibrated,14,3,313.31,313.39956785517955,1.2799000988307743,311.2943195354822,315.5048161748769,0.85,-61.06380738073494,360.3042264232029,-653.7115210188845,531.5839062574146,0.42,1.201580680631941,1.8548798585140487,-1.8494251822041243,4.252586543468006
6,6,uncalibrated,15,3,311.83,313.38915725168357,1.0789055241206995,311.6145155871957,315.16379891617146,194.23,165.0683063479405,256.7625129053347,-257.26844426957325,587.4050569654543,3.51,3.7839267826997935,1.6743626980437876,1.029845225990218,6.5380083394093695
6,6,uncalibrated,16,1,307.32,306.180730951363,1.3769568138171993,303.91583854200024,308.44562336072573,1604.24,1655.9242075650882,309.9017437729073,1146.181200321636,2165.6672148085404,11.92,10.989695800302627,1.6053501518787288,8.349129780457805,13.63026182014745
6,6,uncalibrated,17,0,311.08,311.25423693385875,1.145052643637348,309.3707929399215,313.137680927796,560.59,492.91427762787987,245.23503344835652,89.53854340478523,896.2900118509745,3.19,4.306750317654199,1.6182015973658814,1.645045551088264,6.968455084220134
6,6,uncalibrated,18,2,311.14,309.8641006849759,1.3383104608027132,307.6627758695374,312.06542550041434,68.07,50.98103502493166,259.00722258577264,-375.0479344519036,477.0100045017669,5.46,6.176218388478055,1.9058510392281711,3.041372394174366,9.311064382781744
6,6,uncalibrated,19,3,312.39,311.93215001073975,1.2185387812312063,309.92783207685056,313.93646794462893,59.84,10.356630468636808,300.5248369322076,-483.96273754830446,504.6759984855781,5.02,4.620148272550578,1.8280158592808349,1.613329756287686,7.62696678881347
6,6,uncalibrated,20,0,308.85,309.6743339116997,1.061177502328562,307.9288522481553,311.4198155752441,484.91,305.905261934113,185.4417379016073,0.8807467584700817,610.929777109756,7.06,7.246501921154923,1.3338088330874007,5.052581624391202,9.440422217918645
6,6,uncalibrated,21,2,311.28,310.14526032702065,1.109941698253965,308.31956869894293,311.97095195509837,410.23,681.5727998987724,242.76783451984002,282.25524678165885,1080.890353015886,5.16,3.5868012754491696,1.5176700839796728,1.0904561332994605,6.083146417598879
6,6,uncalibrated,22,2,312.03,312.7783108054902,1.3882908648168018,310.4947755412327,315.06184606974773,122.49,162.5375289205682,240.0162894473355,-232.2541353043158,557.3291931454522,3.07,4.269313947121555,1.8620030757370587,1.2065914346006585,7.332036459642451
6,6,uncalibrated,23,0,307.93,307.46778957650844,1.1632307524357406,305.55444525438304,309.38113389863383,117.49,101.71431714128641,275.9277866563092,-352.1465035170356,555.5751377996085,6.42,7.9943332435397245,1.6973053290352744,5.202514417031993,10.786152070047457
6,6,uncalibrated,24,2,306.65,307.0006543658857,1.054476295668546,305.26619520642095,308.7351135253504,1388.31,1463.1920919917497,233.01864941897122,1079.9105213476214,1846.473662635878,11.47,11.587863276179803,1.3617776531858201,9.347938364235644,13.827788188123963
6,6,uncalibrated,25,4,308.18,308.6325256341543,1.1678460587931092,306.7115898086275,310.55346145968116,1252.74,1272.6938337506567,261.7271051376828,842.1910555934301,1703.1966119078834,7.11,7.082433315269794,1.3297849359318,4.895131740336943,9.269734890202646
6,6,uncalibrated,26,4,310.29,310.1140160751644,1.865213255433115,307.0460132869273,313.1820188634015,785.56,827.3926481711756,468.6708716807739,56.49766504054685,1598.2876313018041,5.06,4.362499974983252,2.5820671961552693,0.11537738235484074,8.609622567611662
6,6,uncalibrated,27,1,303.33,305.920748063217,2.1439521149568375,302.39426065091993,309.44723547551405,1918.36,1665.7700953339286,632.2992788095825,625.730333265187,2705.80985740267,8.91,9.695863052206443,2.5531760895956124,5.496262100989324,13.895464003423562
6,6,uncalibrated,28,3,302.73,302.3312991521342,1.7277611772168575,299.4893849132831,305.17321339098527,2026.87,1762.9414728486267,375.9768656945238,1144.514561661143,2381.3683840361105,13.02,5.129749053165696,2.304005949286264,1.3399965109644167,8.919501595366976
6,6,uncalibrated,29,1,310.24,309.5517187132764,1.7921137077737261,306.6039539811353,312.49948344541747,305.92,481.62738742571867,327.873395875825,-57.676356961527745,1020.9311318129651,5.99,6.294371260952424,1.9781698676828507,3.0405713793681746,9.548171142536674
6,6,uncalibrated,30,0,305.2,305.5824437684797,1.282222606252025,303.4733752640269,307.6915122729325,2372.98,1920.79444610662,298.5020287313762,1429.8023014954435,2411.7865907177966,10.28,8.683063681026084,1.8242110328042593,5.682503547393108,11.683623814659061
6,6,uncalibrated,31,4,307.79,306.71793736600677,1.4413771490049254,304.34708293466105,309.0887917973525,1236.45,1212.1180625133625,290.58232831522656,734.1526658560588,1690.0834591706662,12.82,10.067365986833291,1.7377265393379886,7.209060185953372,12.92567178771321
6,6,uncalibrated,32,0,309.58,309.4111027367855,1.0489226059280619,307.68577858403336,311.13642688953763,717.28,595.1512786430495,176.25392673950142,305.23936798114164,885.0631893049574,6.31,5.815678267224026,1.473114596599339,3.3926203800924495,8.238736154355603
6,6,uncalibrated,33,4,311.54,311.30939109475423,1.1885924978417808,309.35433041371186,313.2644517757966,686.14,579.6606846967838,299.34201816217745,87.28688042375302,1072.0344889698147,4.98,2.3299698213655624,2.0517018854030726,-1.0447794662628542,5.704719108993979
6,6,uncalibrated,34,0,308.55,309.5642226412712,1.1229632859681589,307.71711240741314,311.4113328751293,367.47,498.1643038567918,216.631433617942,141.83730455862292,854.4913031549606,5.43,4.968433171249731,1.5133235671275107,2.479237413108906,7.457628929390555
6,6,uncalibrated,35,2,306.8,306.8772821431059,1.0424350556703468,305.16262906092516,308.59193522528665,554.95,594.9946604759149,243.78731866842352,194.00020515938428,995.9891157924455,12.78,11.256345769957106,2.023252116801379,7.928392187399115,14.584299352515096
6,6,uncalibrated,36,2,307.12,307.60570435129864,0.9839268854111527,305.98728864517506,309.2241200574222,2075.38,2054.4113505271753,282.0553953881745,1590.4715104217053,2518.3511906326453,5.9,6.372791703761907,1.2479901334017534,4.320030606436382,8.42555280108743
6,6,uncalibrated,37,0,309.05,309.3809366662868,1.0852258811614834,307.59589893959674,311.16597439297686,1337.07,1367.6397618396873,204.06347241296712,1031.9852191129066,1703.2943045664679,4.68,5.9322161470596075,1.4695241052952777,3.5150640925720538,8.349368201547161
6,6,uncalibrated,38,1,307.56,308.4551117551046,1.9548392201934637,305.2396873736624,311.67053613654684,316.18,298.2351235878561,298.2117000957986,-192.27947291408276,788.7497200897949,8.14,6.228058669324364,1.868661412605479,3.1543841672559814,9.301733171392746
6,6,uncalibrated,39,0,312.34,312.5031917387232,1.2838816374272117,310.3913943708247,314.61498910662175,106.38,178.10090302288273,222.02169053279547,-187.0922799118831,543.2940859576486,5.13,4.4290290248128,1.616806465597697,1.7696190457958383,7.088439003829761
6,6,uncalibrated,40,2,309.58,308.65104983574446,1.1725192293773627,306.72242732863276,310.57967234285616,435.02,420.72339578083785,202.66619584938354,87.36716847752206,754.0796230841536,7.83,8.247536436889986,1.237412794433867,6.212173513929284,10.282899359850688
6,6,uncalibrated,41,2,307.48,307.2945935103178,1.1047086902448473,305.4775094144437,309.11167760619185,1296.42,957.9141147297099,202.22534220927415,625.2830271352829,1290.5452023241369,8.74,8.567717866687218,1.4632278706572017,6.160922196580241,10.974513536794195
6,6,uncalibrated,42,2,304.47,305.29397979401546,1.245265186033293,303.2457008362522,307.34225875177873,451.73,574.8071450154076,268.4225494709005,133.29134096263618,1016.322949068179,7.37,8.500756119462269,2.011281103716277,5.192493101195591,11.809019137728946
6,6,uncalibrated,43,3,311.63,312.06973007241265,1.1915687389013312,310.1097739104688,314.0296862343565,91.86,85.07419869651858,291.672076599466,-394.68367437858046,564.8320717716176,2.46,2.6746917273908988,1.813436768444108,-0.30814631843154805,5.657529773213346
6,6,uncalibrated,44,0,312.52,312.501816142943,1.2413270568053372,310.46001483132375,314.5436174545623,220.1,399.2193906166598,340.3760591925894,-160.64940487371973,959.0881861070393,1.31,1.912242778306899,1.6038255801783268,-0.72581554424697,4.550301100860768
6,6,uncalibrated,45,0,312.59,312.7151335899301,1.2398129302403327,310.67582279488295,314.7544443849772,188.63,288.0871327270139,294.4544492392817,-196.24733607621658,772.4216015302444,1.23,2.1478043564268137,1.6849823446663825,-0.62374496454688,4.919353677400507
6,6,uncalibrated,46,2,306.36,306.99900086895246,1.1813621489911317,305.05583305344123,308.9421686844637,947.21,904.965189232024,293.2462826220806,422.61797767105844,1387.3124007929896,7.22,7.838979480458995,1.9639170832777673,4.608623342997605,11.069335617920386
6,6,uncalibrated,47,0,302.67,306.0954377575719,1.3735311731081048,303.8361800257541,308.3546954893897,1366.98,1269.5956851285182,234.36128527724162,884.1056750232387,1655.0856952337977,10.28,10.8269475490616,1.8772561386737516,7.739135980647165,13.914759117476034
6,6,uncalibrated,48,1,312.73,311.53971329161675,1.6947649347165912,308.752073041918,314.3273535413155,46.91,102.37229674172511,277.47336461918104,-354.03077343456295,558.7753669180131,1.25,1.7364985532117156,1.986303976313493,-1.5306807464556633,5.003677852879095
6,6,uncalibrated,49,3,310.89,309.97159517416105,1.1725546009679189,308.04291448596035,311.90027586236175,93.48,102.91498451448308,319.3250614804032,-422.3280010380597,628.1579700670259,4.63,4.443115114889859,1.7199669369110826,1.614021260475052,7.272208969304666
6,6,uncalibrated,50,3,307.08,304.3936361731057,1.6110748981661138,301.7436537835667,307.04361856264467,130.32,333.58540831271944,384.43641941544087,-298.7562304950055,965.9270471204444,7.26,7.554538097762238,2.1916476112168763,3.949598575452631,11.159477620071845
6,6,uncalibrated,51,1,306.76,306.2203636559676,1.436533501537714,303.857476315726,308.58325099620924,1543.82,1630.1280798120752,360.9116212004842,1036.481290671523,2223.774868952627,10.96,10.427087211286409,1.8722410407223575,7.347524744926842,13.506649677645976
6,6,uncalibrated,52,1,310.33,310.35323100198974,1.9156440258340064,307.20227697814875,313.50418502583074,570.52,644.9623459061395,331.40771312395174,99.84516697451465,1190.0795248377644,5.7,6.384869210640478,2.2999899543021805,2.6017223923545867,10.168016028926369
6,6,uncalibrated,53,2,312.69,312.7717940540255,1.146461510087047,310.8860326809986,314.65755542705244,95.36,77.33087381813357,235.58426698751882,-310.1707621889906,464.8325098252577,1.39,1.5981725548893122,1.6724449340429857,-1.1527545607479075,4.349099670526532
6,6,uncalibrated,54,1,311.54,312.00576422668763,1.511352582380265,309.519810449957,314.49171800341827,223.41,129.0844196330807,237.63369466980342,-261.788224930424,519.9570641965854,4.71,4.529652462829571,1.6873836693058257,1.7541533143132009,7.3051516113459405
6,6,uncalibrated,55,3,308.42,304.93289891079075,1.2871581739322362,302.8157121199381,307.0500857016434,709.64,804.1033615112684,256.3656565233188,382.4193815530923,1225.7873414694445,12.53,10.19210373154414,1.6130590930423967,7.538857631866303,12.845349831221977
6,6,uncalibrated,56,2,308.18,308.007406122694,1.072874461337123,306.24268467370007,309.772127571688,1523.36,1673.9204194186277,351.61547399727607,1095.5644317219474,2252.276407115308,7.59,6.529089940379389,1.3945788735181983,4.235211822203084,8.822968058555695
6,6,uncalibrated,57,4,308.44,309.4830313004456,1.341823685757303,307.27592774419827,311.6901348566929,1059.82,1276.125893412419,385.7794633463229,641.5751439238273,1910.6766429010104,5.32,5.565954617258573,2.021512433224714,2.240862559541408,8.891046674975737
6,6,uncalibrated,58,1,309.87,311.01356529865024,1.451133622700562,308.62666289616,313.4004677011405,261.82,193.3787583102024,230.17129878029235,-185.21933730869227,571.976853929097,2.03,3.73112104564508,1.7676403176180413,0.8236114580653937,6.638630633224766
6,6,uncalibrated,59,0,308.33,309.7425256963771,1.0699429139185974,307.98262621378706,311.5024251789671,1098.75,1331.3502158111623,229.5408103071185,953.7891814441188,1708.911250178206,2.44,5.417159034287361,1.4126976898835417,3.0934781152964526,7.74083995327827
6,6,uncalibrated,60,0,306.45,306.27148763789495,1.4418639709826955,303.89983245565344,308.64314282013646,268.91,392.54237860088233,295.57053636762555,-93.62789016339838,878.7126473651631,8.27,5.9391499692117655,2.3480115108792643,2.077014719418203,9.801285219005328
6,6,uncalibrated,61,0,303.98,303.296603783287,1.2353991211280468,301.2645530581669,305.32865450840717,704.72,991.590380832362,295.4207385580888,505.6665075384073,1477.5142541263167,7.93,6.805726097134725,2.0117562833729696,3.4966814778862836,10.114770716383166
6,6,uncalibrated,62,4,308.91,309.0822918534019,1.0287910206815025,307.3900812116588,310.774502495145,671.26,744.7021819955107,241.48327427840442,347.4975424505602,1141.9068215404614,8.35,8.424762720401272,1.3078334498459536,6.2735681269737,10.575957313828845
6,6,uncalibrated,63,3,309.65,310.45667410718977,1.1588182945435124,308.55058763243215,312.3627605819474,616.92,631.7671082624171,247.56378003917675,224.56092676316092,1038.9732897616732,2.11,3.592184559230788,1.7492514749226198,0.7149219262541058,6.46944719220747
6,6,uncalibrated,64,2,311.97,311.8495634368112,1.1626840685022999,309.9371183297365,313.7620085438859,177.02,194.6490305508172,235.43098527466043,-192.6004794749665,581.8985405766009,2.3,2.2678328459171566,1.5457422612576828,-0.27468691884471186,4.8103526106790255
6,6,uncalibrated,65,1,306.98,307.7041637821461,1.126480553726664,305.8512681576585,309.5570594066337,2215.59,1745.5173213463568,223.02408947695565,1378.6753388726368,2112.359303820077,6.68,7.330438280106702,1.4613503299043509,4.926730889716801,9.734145670496604
6,6,uncalibrated,66,4,306.01,306.14276224134113,0.950812497215445,304.5788148567455,307.70670962593675,1493.56,1357.5823086661467,260.34085899752563,929.359702500405,1785.8049148318883,12.0,11.832293533324117,1.5220373230997868,9.328764922067924,14.33582214458031
6,6,uncalibrated,67,1,311.22,312.3963186551929,1.2180780327263274,310.39275858515305,314.3998787252327,462.07,435.0245715406347,244.80511875159954,32.35598406578055,837.6931590154888,3.64,5.670251983164743,2.521028732738856,1.5235287284703638,9.816975237859122
6,6,uncalibrated,68,4,304.88,309.07039875365825,1.5696803745347392,306.48850429645023,311.6522932108663,395.97,452.4765046705496,243.35367392667746,52.19533148028847,852.7576778608108,8.3,9.37870376564496,1.7969256626842462,6.423024072016601,12.334383459273319
6,6,uncalibrated,69,3,310.04,309.9624160008891,1.4345710971040493,307.60275652869774,312.3220754730805,990.55,1019.7089238336387,314.3938009939263,502.57713997771987,1536.8407076895573,2.36,3.2537930679910945,2.1051618403915784,-0.20889002049682803,6.7164761564790165
6,6,uncalibrated,70,0,312.89,312.0086596951408,1.1422808764767924,310.12977485247063,313.887544537811,164.97,323.2885738291091,213.11150540212995,-27.24865877667247,673.8258064348906,0.86,4.611953830849991,1.6981484772837867,1.8187481488876363,7.405159512812347
6,6,uncalibrated,71,3,312.89,312.44703614833423,1.2060809804679467,310.46320947321436,314.4308628234541,42.42,93.21461465133746,294.3732084777607,-390.98622499064896,577.4154542933238,0.86,1.4426739050927537,1.6923128916596433,-1.340933092690343,4.226280902875851
6,6,uncalibrated,72,2,311.83,310.99925408978606,1.0797312162118728,309.22325428266726,312.77525389690487,492.81,443.19941098510225,203.84516495846842,107.90395206664448,778.49486990356,6.49,3.3488684645088065,1.382784164623715,1.0743909160364282,5.623346012981185
6,6,uncalibrated,73,4,307.38,307.7473184205899,1.3839069236018353,305.4709940979402,310.02364274323963,663.32,721.8764662301534,337.58877411554806,166.59234670809315,1277.1605857522136,9.56,9.305805112463553,1.9433064295547835,6.1093504835322525,12.502259741394852
6,6,uncalibrated,74,1,313.21,312.35675730084824,1.908696069707189,309.21723164784237,315.4962829538541,15.08,121.88312320764061,314.61968045652725,-395.6201993015912,639.3864457168725,0.39,1.6735087072775992,2.3665371548126384,-2.2190985151313853,5.566115929686584
6,6,uncalibrated,75,4,307.86,308.65756262096687,1.4816557923369928,306.2204557170477,311.09466952488606,946.9,1200.3095504697994,306.813029750402,695.6470256888811,1704.9720752507178,8.0,7.226865581590037,1.5955797275791086,4.602370479591299,9.851360683588775
6,6,uncalibrated,76,4,307.58,308.18794321081754,0.9061582668279329,306.69744549903356,309.6784409226015,1109.01,1282.081314770696,242.169179311252,883.748461844722,1680.4141676966701,8.19,8.053194778191639,1.12109957386224,6.209150077950584,9.897239478432693
6,6,uncalibrated,77,4,312.31,311.6866459805457,1.2385664512677388,309.64938546095755,313.7239065001338,65.54,116.59447566613733,257.3615373233354,-306.72758243795744,539.916533770232,2.01,2.4142241447298525,1.9939070554832345,-0.8654611072858747,5.69390939674558
6,6,uncalibrated,78,3,312.73,313.2403109919449,1.0948599726914832,311.43942659485936,315.04119538903046,68.26,40.03472091589026,242.4125402123774,-358.69842507095814,438.76786690273866,1.34,2.3036729580892144,1.6155877765224165,-0.35373245578214574,4.961078371960575
6,6,uncalibrated,79,4,306.53,307.20069453563417,1.4553234372473636,304.80690050149036,309.594488569778,466.58,657.2255769659641,403.0522443466112,-5.736368998489979,1320.1875229304183,7.25,7.359201984027235,2.0146148592624242,4.0454554258591084,10.672948542195362
6,6,uncalibrated,80,4,315.92,311.2880324315754,1.3477536346042538,309.0711749774596,313.5048898856912,84.11,223.84393546556987,311.2777620874108,-288.162420493245,735.8502914243847,3.9,3.1488412054403656,3.252437492280236,-2.2009424001697293,8.49862481105046
6,6,uncalibrated,81,0,309.26,307.1968963678182,1.791405431229082,304.2502966469205,310.14349608871595,613.05,718.2417452017736,326.58316637364,181.060239490796,1255.4232509127512,8.86,10.53503602140271,2.2379385241338454,6.853954723086732,14.21611731971869
6,6,uncalibrated,82,3,310.16,308.41971724056816,1.0032600767873046,306.76950126448895,310.06993321664737,517.94,608.9611381475198,258.4909927717275,183.78129115265722,1034.1409851423823,7.35,6.908093144952122,1.4649839148580988,4.498409039172213,9.317777250732032
6,6,uncalibrated,83,0,304.65,304.54854568797293,1.3802654135577386,302.2782111163268,306.81888025961905,2419.87,1686.3089636024201,228.53183505023026,1310.4075458461734,2062.210381358667,12.79,8.79817253929695,2.236506470747925,5.11944675918679,12.476898319407109
6,6,uncalibrated,84,4,315.33,312.57536211536626,1.3417465951732024,310.3683853618458,314.7823388688867,96.59,75.38243808261836,302.2906864805098,-421.84149396849836,572.606370133735,6.91,3.985696073041474,2.9640034791184924,-0.8896557998833581,8.861047945966305
6,6,uncalibrated,85,1,311.02,310.1825645887088,2.3863493956364565,306.2573691301227,314.10776004729485,146.83,354.03155242262545,411.7691590831336,-323.26844236202436,1031.3315472072752,5.0,5.964483118963823,2.5741760260299067,1.7303403461370053,10.198625891790641
6,6,uncalibrated,86,0,309.61,309.38016136395214,1.3489865741628781,307.1612759047315,311.5990468231728,540.43,580.9763409875295,226.1087650458996,209.06051871626346,952.8921632587956,7.42,7.942260491613527,2.0058818355074495,4.6428784792430235,11.24164250398403
6,6,uncalibrated,87,4,311.04,312.27486371259585,1.2066994731628033,310.2900197075236,314.2597077176681,153.39,147.58753617516572,278.0138791088709,-309.70460121990857,604.87967357024,1.96,1.5910102944932571,1.751780486901852,-1.2904121930100692,4.4724327819965835
6,6,uncalibrated,88,3,312.29,313.19774763178975,1.3115185462471723,311.040491594181,315.3550036693985,42.84,3.2633415554837484,314.254835974252,-513.6398651838044,520.1665482947719,3.51,2.9530335296237453,1.8898043149021508,-0.15541795197159836,6.061485011219089
6,6,uncalibrated,89,3,311.14,311.05683150159365,1.2183226342134625,309.05286909791056,313.06079390527674,504.12,522.3503411435514,264.13847236734773,87.88121685269846,956.8194654344044,4.26,4.80378282862359,1.7188414093826894,1.9765403022460943,7.631025355001086
6,6,uncalibrated,90,1,308.79,307.5824108458661,1.0088049572038584,305.92307435312273,309.24174733860946,843.81,946.1954691235364,200.06118073809915,617.1241103742802,1275.2668278727926,7.69,7.444217401457952,1.3065000710738734,5.295216020939736,9.59321878197617
6,6,uncalibrated,91,1,302.53,305.4847463356794,2.539752268183782,301.3072256057991,309.6622670655597,2030.6,1822.1904224985128,695.1267206119923,678.8087149089952,2965.5721300880305,2.36,9.71253298383184,2.920830959604702,4.9081935862138995,14.516872381449781
6,6,uncalibrated,92,2,312.07,310.7994167079649,1.2794730043837652,308.6948708961178,312.903962519812,81.77,79.66753000174492,228.25641754339105,-295.78086626945134,455.1159262729412,5.71,4.281572410918387,1.673707250246745,1.5285689698950544,7.034575851941719
6,6,uncalibrated,93,0,306.81,306.70606894888425,1.2622195631629993,304.6299025224065,308.782235375362,673.45,1187.878657262911,282.4312116272749,723.3206544534894,1652.4366600723326,7.15,6.6166940355687816,1.8231546236397074,3.617871540381664,9.6155165307559
6,6,uncalibrated,94,3,309.96,309.8602191545352,1.1770426661041138,307.9241562561172,311.79628205295313,659.22,508.41348094506714,286.25117802139505,37.57219255744411,979.2547693326901,4.79,4.9290377328814605,1.578518508875585,2.3326058383474257,7.525469627415495
6,6,uncalibrated,95,3,314.36,314.1483704676111,1.1432182068912853,312.267943853609,316.02879708161316,139.42,134.15496193862066,276.867471996882,-321.25150356033566,589.561427437577,5.84,3.454740504041982,1.8822885653508619,0.35865133035533514,6.550829677728629
6,6,uncalibrated,96,3,310.35,310.6325144858257,1.236241634899318,308.5990779488732,312.66595102277824,94.55,100.2849348612857,228.58341133392818,-275.70131833226617,476.2711880548376,3.98,5.062336119744199,1.6212614159412078,2.395598399496825,7.729073839991573
6,6,uncalibrated,97,1,313.16,313.11038289463045,1.8895112453407725,310.0024134695661,316.2183523196948,15.39,134.48176955641776,296.8063242824015,-353.7211894416249,622.6847285544604,0.53,2.6428056800879016,2.753249472772414,-1.8858867011040301,7.171498061279833
6,6,uncalibrated,98,1,306.83,305.9619914380382,1.20084840954404,303.9867715761808,307.9372112998956,1407.27,1476.1941801031758,260.568647932002,1047.5968944823812,1904.7914657239703,10.88,11.09829001446219,1.2644438368440696,9.018464983352787,13.178115045571593
6,6,uncalibrated,99,2,309.81,309.5551993792944,1.163962649868416,307.6406511930223,311.4697475655665,533.37,712.7200594189665,283.63417159961324,246.18336353596658,1179.2567553019662,7.02,4.736320572473313,1.6070460219874956,2.092965094529247,7.3796760504173795
6,6,holdout,0,0,312.33,313.43662154932775,1.4099291788315873,309.12459846799806,317.74864463065745,84.06,78.00384275008867,210.4897999440371,-911.9715959674814,1067.979281467659,0.31,3.145035333768035,1.706748442918375,-0.4413147793206993,6.73138544685677
6,6,holdout,1,4,311.68,309.72584977222715,0.9407473605924542,307.38343175096514,312.06826779348916,204.84,266.7872543337858,302.43798613524007,-46.14054692377363,579.7150555913453,9.2,6.520006463225419,1.7146541083614333,3.194303414424615,9.845709512026223
6,6,holdout,2,4,301.44,305.41449682716785,1.1528222708570766,302.54402195188663,308.28497170244907,220.66,334.0429749431135,366.7552647153713,-45.432897296344436,713.5188471825714,4.44,9.885229884756026,1.9078924113224465,6.184726338193798,13.585733431318253
6,6,holdout,3,2,314.31,314.6683316126063,1.487907107123963,309.812454737499,319.5242084877136,12.81,13.004061570072508,253.73989853293986,-719.4818844981675,745.4900076383125,2.87,3.2347972463876933,2.506658186555578,-4.846554976225347,11.316149469000733
6,6,holdout,4,3,306.89,304.55621751922484,1.4690319499221332,300.7470089443362,308.3654260941135,422.12,506.2959702489778,332.18678401673526,-225.51193905584978,1238.1038795538054,12.1,9.62748919360204,2.3387351726088412,5.466470385245001,13.788508001959078
6,6,holdout,5,3,307.84,307.6089018784979,0.7907809219334951,305.5584022492372,309.65940150775856,2201.12,1601.701808791725,340.5627326778742,851.4416738925045,2351.961943690945,5.77,5.9547098310002,1.697226878171382,2.9350464484880194,8.97437321351238
6,6,holdout,6,2,314.22,313.76272585292963,1.3091170801312573,309.4903412895513,318.035110416308,87.66,83.35514268164502,259.77406353283556,-666.5499837529285,833.2602691162185,3.45,2.6106453663936047,2.41454303054955,-5.173731774128738,10.395022506915948
6,6,holdout,7,2,301.14,303.6893626095058,1.4750845725904964,298.87533286895626,308.5033923500553,965.47,1051.761935681373,353.2140906965578,32.117966071625915,2071.40590529112,6.46,9.054602113106622,3.0907862517605453,-0.9099524796394434,19.019156705852687
6,6,holdout,8,4,306.32,306.4799651098961,0.9348799390963253,304.15215670055187,308.80777351924036,331.97,318.7848093674552,321.19014989521634,-13.545559170813021,651.1151779057234,10.22,8.107115738590048,1.7429376257711153,4.726554640214406,11.48767683696569
6,6,holdout,9,1,304.34,305.9144492339595,2.0307536521326104,300.24578461086986,311.5831138570491,421.99,413.1807216332658,337.03780242394515,-409.2498754751403,1235.611318741672,3.37,8.316130690984098,2.726395354649102,4.001322807420618,12.630938574547578
6,6,holdout,10,4,303.31,304.3837424745862,1.0868136914233788,301.67762595150487,307.08985899766753,1035.72,454.683946799099,316.44490316051827,127.26341001208993,782.104483586108,5.86,8.624889012224319,1.5546048043497311,5.609613854223498,11.640164170225141
6,6,holdout,11,2,308.31,307.8236391803385,0.9673999051096229,304.6664697537585,310.98080860691846,374.66,370.9725691834487,246.65440355279463,-341.05926019324664,1083.004398560144,8.57,8.321780308031963,1.5553436611675964,3.307422937522097,13.336137678541828
6,6,holdout,12,1,307.47,307.2214190481982,0.9280653422537457,304.6308088242429,309.8120292721535,850.87,1103.2461565633944,236.5750691341416,525.9620241318112,1680.5302889949776,10.63,10.920406611200743,1.2671939354269872,8.914938705285863,12.925874517115624
6,6,holdout,13,1,306.43,306.63207495665705,1.1694856483742124,303.36756184587773,309.89658806743637,2256.33,1198.5125629238946,294.2500722574995,480.49143625655006,1916.5336895912392,4.77,7.671565869027596,2.0923745609386915,4.360162687713158,10.982969050342033
6,6,holdout,14,3,313.31,313.3527559884524,1.3848859757144887,309.76173842466534,316.9437735522394,0.85,-54.8222124828626,398.68537077005254,-933.1265933066148,823.4821683408896,0.42,1.2635385833352197,2.051411708406013,-2.3862815426602615,4.913358709330701
6,6,holdout,15,3,311.83,313.1949798388968,1.162660470188448,310.1801943313654,316.20976534642824,194.23,215.53827638540656,301.87878132494626,-449.5010642939883,880.5776170648014,3.51,4.031706099424195,2.022751625022199,0.4328772730875383,7.630534925760852
6,6,holdout,16,1,307.32,306.49497969503216,1.534144913886815,302.2125533205134,310.7774060695509,1604.24,1815.7238938328846,209.8598376515646,1303.6295520481922,2327.818235617577,11.92,11.65255174955583,1.8210415684767178,8.770561614646937,14.534541884464723
6,6,holdout,17,0,311.08,311.3229888535107,1.1315037211969332,307.86248159139774,314.7834961156237,560.59,581.4888469056964,261.599273801854,-648.8646235191998,1811.8423173305926,3.19,4.3842058494543945,1.4930626087519605,1.2468687228476005,7.5215429760611885
6,6,holdout,18,2,311.14,309.36719735120187,1.1855391986596122,305.49811684762653,313.2362778547772,68.07,53.45268316227691,258.0288401145835,-691.4144037916712,798.3197701162251,5.46,5.348153535875129,1.7911979498250716,-0.42658735643991275,11.122894428190172
6,6,holdout,19,3,312.39,312.32076560516026,1.3270676984161225,308.8796711779544,315.76186003236614,59.84,3.9052602024686394,345.29144560935015,-756.7722353221275,764.5827557270648,5.02,4.505066053828093,1.913972525207105,1.099774266480698,7.910357841175489
6,6,holdout,20,0,308.85,309.41174798748284,1.0688419907961222,306.1428807253508,312.6806152496149,484.91,345.6970643886531,222.75041414704356,-701.94248407578,1393.336612853086,7.06,7.3126250277069325,1.3512370861131375,4.473302515535581,10.151947539878284
6,6,holdout,21,2,311.28,310.2305155738684,1.0155918911808115,306.9160686199427,313.5449625277941,410.23,707.8063014364816,248.73378284606764,-10.228194914048231,1425.8407977870115,5.16,3.9884106490285367,1.517340280377747,-0.9034255466916887,8.880246844748761
6,6,holdout,22,2,312.03,312.96238337298087,1.298494393629924,308.724666604041,317.20010014192076,122.49,152.686945310169,206.57198526976921,-443.6366007161514,749.0104913364894,3.07,4.460652097824566,1.7209708413726275,-1.087679784269703,10.008983979918835
6,6,holdout,23,0,307.93,307.3500763249539,1.258663387964385,303.5006733464122,311.19947930349554,117.49,159.43076003985658,273.6013947045269,-1127.3710746731142,1446.2325947528273,6.42,7.104819249710507,1.6511440551093624,3.635309320853082,10.574329178567933
6,6,holdout,24,2,306.65,307.1448529673051,0.8774082397303392,304.28137690691403,310.00832902769616,1388.31,1418.4170933911655,204.07727108537392,829.2951860905318,2007.5390006917992,11.47,11.700610898934872,1.2587514446655528,7.642453372860945,15.7587684250088
6,6,holdout,25,4,308.18,308.49436277522494,0.7814635352608136,306.54855421425145,310.44017133619843,1252.74,1302.0739037668084,299.0495596729799,992.6520537824592,1611.4957537511575,7.11,6.397438452984068,1.2264385180161212,4.018666956947046,8.77620994902109
6,6,holdout,26,4,310.29,310.4551474092255,1.0068550576705355,307.94812423734976,312.96217058110125,785.56,1009.9776559353612,298.20913308645675,701.4253820489084,1318.529929821814,5.06,4.757536262342715,1.7521026383560068,1.3591989196812801,8.15587360500415
6,6,holdout,27,1,303.33,305.329319415825,1.517552401929075,301.0932095334343,309.56542929821575,1918.36,1819.4423254860567,403.1257988684844,835.7455737009931,2803.13907727112,8.91,10.136453264091212,2.175598541371097,6.693339365818964,13.57956716236346
6,6,holdout,28,3,302.73,302.63273614881746,2.3846334014178026,296.44936756985084,308.8161047277841,2026.87,1708.7244262962163,411.03700571493613,803.2093779190664,2614.239474673366,13.02,6.815171657912217,3.0767129176529586,1.3411614030494574,12.289181912774975
6,6,holdout,29,1,310.24,309.705343096924,1.7836009372267345,304.7265828598323,314.68410333401573,305.92,396.5176114896349,339.35002649690136,-431.55521272591875,1224.5904357051886,5.99,6.5233231135705525,2.380316564590822,2.7562213758275003,10.290424851313604
6,6,holdout,30,0,305.2,305.4598706534363,1.2605253510843306,301.60477318465337,309.3149681222193,2372.98,1878.8893487002424,261.46613076003433,649.1620765104753,3108.6166208900095,10.28,8.456359278816258,1.628685743613669,5.034040468431242,11.878678089201273
6,6,holdout,31,4,307.79,306.7188451363509,1.2011082775044668,303.72814030679757,309.7095499659043,1236.45,1382.6019095992356,308.51420409280985,1063.3871417151568,1701.8166774833144,12.82,11.071402705185228,1.756944126279191,7.663674925660553,14.479130484709904
6,6,holdout,32,0,309.58,309.51027035168164,1.1005152918683396,306.1445358090253,312.876004894338,717.28,614.6705545912857,224.96873963710664,-443.4022203327072,1672.7433295152787,6.31,6.201797771481897,1.450148663932247,3.154634701570946,9.248960841392847
6,6,holdout,33,4,311.54,311.31832384540127,0.8862368365859288,309.11163454274117,313.52501314806136,686.14,623.8976659499198,291.504253022458,322.2828254293423,925.5125064704972,4.98,2.88138968240504,1.5061951937666276,-0.03999132591136556,5.802770690721445
6,6,holdout,34,0,308.55,309.790395412885,1.136320099563635,306.31515809553423,313.2656327302358,367.47,501.35591269386623,230.1150490117767,-580.9209798753516,1583.632805263084,5.43,5.306917488501073,1.4269361445715893,2.3085303362009344,8.30530464080121
6,6,holdout,35,2,306.8,307.0026551050972,0.9818290878084222,303.7983951482964,310.206915061898,554.95,618.1557725572526,256.6325264658622,-122.68049334764078,1358.992038462146,12.78,11.099393118230473,1.7361956709658428,5.501977076543986,16.69680915991696
6,6,holdout,36,2,307.12,307.4581996459884,0.943259610630643,304.37981356358193,310.5365857283948,2075.38,1818.674004905277,300.23692190948776,951.9623562406185,2685.385653569935,5.9,6.877615257125158,1.5742691159688758,1.8022430793142448,11.952987434936071
6,6,holdout,37,0,309.05,309.418194738805,1.0756215265317906,306.1285934461899,312.7077960314202,1337.07,1472.3255885330793,234.09066834533888,371.3505666722583,2573.3006103939006,4.68,5.636982550032429,1.4252117241392983,2.6422188815784424,8.631746218486416
6,6,holdout,38,1,307.56,307.622669962363,1.6914736830949022,302.90107459889884,312.3442653258271,316.18,267.7360958497914,299.5241527171531,-463.154700363329,998.6268920629118,8.14,6.7369999098864835,2.5747227293254835,2.662229935113877,10.811769884659089
6,6,holdout,39,0,312.34,312.6389916351093,1.2327931796612446,308.86870818753187,316.4092750826867,106.38,210.15103785310959,235.6351848858832,-898.0881528189243,1318.3902285251434,5.13,4.561631744404469,1.640505614042284,1.114476120003748,8.00878736880519
6,6,holdout,40,2,309.58,309.22047886637205,1.083610647710364,305.68404849337134,312.75690923937276,435.02,544.4256939473222,292.63112484264616,-300.32985127314214,1389.1812391677865,7.83,8.902388762274992,1.6018555284953404,3.7380792425558846,14.0666982819941
6,6,holdout,41,2,307.48,307.2364697139639,0.9122542209608432,304.2592716385106,310.21366778941723,1296.42,1013.1825280671354,208.95882313920623,409.96875624260804,1616.3962998916627,8.74,8.672819221409908,1.3959316644668913,4.172398892957874,13.173239549861941
6,6,holdout,42,2,304.47,305.18326114137324,1.278580397574307,301.01053493029445,309.355987352452,451.73,580.5759281403407,296.63491626917863,-275.73759817761675,1436.8894544582981,7.37,8.086657520895296,2.080780900160987,1.3783143401311406,14.79500070165945
6,6,holdout,43,3,311.63,312.15029947078074,1.3278619258294906,308.70714560717283,315.59345333438864,91.86,83.53062909638811,323.9391038007537,-630.1076301624937,797.1688883552699,2.46,2.801923587547181,1.8972747885913739,-0.5736600067013158,6.1775071817956775
6,6,holdout,44,0,312.52,312.4247117129522,1.312503523977034,308.41064804600575,316.4387753798987,220.1,520.0826167340512,309.6324671693775,-936.1805257493605,1976.3457592174627,1.31,2.666729431838655,1.6954402161543143,-0.8958589719587109,6.229317835636021
6,6,holdout,45,0,312.59,312.7043843699731,1.304435755624656,308.7149945688297,316.69377417111656,188.63,394.20043892111823,283.26408976826013,-938.0469745679103,1726.4478524101469,1.23,2.7308810655876448,1.662203123304728,-0.7618670215570607,6.22362915273235
6,6,holdout,46,2,306.36,306.834407519723,1.1156146498686246,303.1935301061462,310.4752849332998,947.21,903.6492534810692,307.79549861858897,15.11781516682754,1792.1806917953108,7.22,7.924719878887969,1.6653362441152382,2.5557514132385997,13.293688344537339
6,6,holdout,47,0,302.67,306.56599998576576,1.2810715906598402,302.6480654180602,310.48393455347133,1366.98,1133.4180500851576,228.52409634090478,58.623724693751,2208.2123754765644,10.28,11.299463379673199,1.6630594308526347,7.804915953742501,14.794010805603897
6,6,holdout,48,1,312.73,311.8913689989795,1.4359425556683516,307.8830656001118,315.89967239784716,46.91,48.31712052411717,253.67800288886627,-570.7011316977166,667.335372745951,1.25,1.535376626032888,1.9147369069364495,-1.4948962531045034,4.5656495051702795
6,6,holdout,49,3,310.89,310.55006206757963,1.326489679867908,307.11046644590374,313.9896576892555,93.48,114.5296120895149,354.7897850964106,-667.0727374519798,896.1319616310096,4.63,4.337844627765632,1.8518206074980295,1.0431319695098122,7.632557286021452
6,6,holdout,50,3,307.08,304.302406229646,1.856210954085018,299.4892401964105,309.1155722628815,130.32,340.2144927973444,402.61678256189526,-546.7507932232257,1227.1797788179147,7.26,7.5130545252547085,2.579560299869007,2.9235657063591463,12.10254334415027
6,6,holdout,51,1,306.76,306.11507090170966,1.3494361566462927,302.3482422692629,309.8818995341564,1543.82,1844.067880842185,205.61275482846634,1342.3371565420855,2345.798605142285,10.96,10.94522928033198,1.785383274099927,8.119672152994436,13.770786407669522
6,6,holdout,52,1,310.33,310.5826962045714,1.529722389399404,306.31261490602,314.8527775031228,570.52,576.7827836607039,305.50624866581666,-168.7053624865663,1322.270929807974,5.7,5.61370142943323,2.387639497254966,1.835010379253824,9.392392479612637
6,6,holdout,53,2,312.69,312.6147217663451,0.929720718858213,309.5805206946544,315.6489228380358,95.36,80.74089284797276,237.52460461472623,-604.9354069047691,766.4171926007147,1.39,1.7590334635412272,1.5401678824255782,-3.206397885094386,6.724464812176841
6,6,holdout,54,1,311.54,312.0361829241581,1.228728690955854,308.60629823357436,315.4660676147418,223.41,107.38253266318816,254.89652019683453,-514.6091127803315,729.3741781067079,4.71,4.10002515038408,2.0805520729457188,0.8073323018570089,7.3927179989111504
6,6,holdout,55,3,308.42,304.83637153894176,1.3714181801676217,301.28027604903116,308.39246702885237,709.64,817.7644850606366,292.27535995646946,173.8814939170627,1461.6474762042105,12.53,9.99777368894178,1.9408673245839312,6.544631350850271,13.45091602703329
6,6,holdout,56,2,308.18,307.886234415021,0.9233826299083829,304.87271808864574,310.8997507413963,1523.36,1740.654453629972,318.04631636746865,822.5313745049082,2658.777532755036,7.59,6.730501115550286,1.5380879631030013,1.77177533240841,11.689226898692162
6,6,holdout,57,4,308.44,309.4172809458226,0.9366408245847241,307.08508801192454,311.74947387972065,1059.82,1310.1437828523342,302.7867657068436,996.8551048879161,1623.4324608167522,5.32,5.4031777552132025,1.5618901945654189,2.373772024559935,8.43258348586647
6,6,holdout,58,1,309.87,310.8279132789761,1.1312267271352576,307.6701964766102,313.985630081342,261.82,147.9090918868676,221.70687562836025,-393.0940739144445,688.9122576881797,2.03,2.9443024967114644,2.039069024970688,-0.28273905801785126,6.17134405144078
6,6,holdout,59,0,308.33,309.8534327463625,1.0427961191543682,306.6642222509524,313.0426432417726,1098.75,1420.635977964318,254.44507361887432,223.93013543731354,2617.3418204913223,2.44,5.273448213991941,1.5933209300510334,1.9254406494416374,8.621455778542245
6,6,holdout,60,0,306.45,306.4168093623789,1.4138397571627368,302.09282645762084,310.74079226713695,268.91,395.674834180613,214.6218899684332,-613.7346466416559,1405.0843150028818,8.27,5.257628805362707,2.138450867837795,0.7641526029815697,9.751105007743844
6,6,holdout,61,0,303.98,303.5155516712491,1.2728262774793155,299.62283395931263,307.4082693831856,704.72,760.7178653564956,200.33675840828784,-181.50579749666963,1702.9415282096609,7.93,7.312829776095564,2.1473753609696606,2.8006007474935934,11.825058804697534
6,6,holdout,62,4,308.91,309.03912830812385,0.7576863182786315,307.1525239329792,310.9257326832685,671.26,953.6470779720819,292.0692956827262,651.4475967469622,1255.8465591972017,8.35,8.159499126859483,1.4388507032025197,5.3687379190595905,10.950260334659376
6,6,holdout,63,3,309.65,309.9790351611833,1.0055499407190533,307.37163819009027,312.5864321322763,616.92,668.6802084246852,272.19781674031844,69.02807062008276,1268.3323462292879,2.11,3.790967328220757,1.88115024743773,0.44407211211881004,7.137862544322704
6,6,holdout,64,2,311.97,311.96351780704146,1.0093964557046426,308.6692900399964,315.2577455740865,177.02,181.53518371279375,239.76548683297628,-510.6100030425544,873.680370468142,2.3,2.2635550588732083,1.523072787261516,-2.6467624788563753,7.173872596602791
6,6,holdout,65,1,306.98,307.71584252597,1.300122837689455,304.0866675504916,311.3450175014484,2215.59,1851.3918930972661,250.7864657157214,1239.4294922569916,2463.3542939375407,6.68,7.4149632758309805,1.9182070117488421,4.379198590240878,10.450727961421084
6,6,holdout,66,4,306.01,306.71731006649344,0.9513739263199914,304.34843238123767,309.0861877517492,1493.56,1517.1399297545768,294.72129663302684,1212.1964650870482,1822.0833944221054,12.0,12.155644699730736,1.3473579382919203,9.54234072118927,14.768948678272203
6,6,holdout,67,1,311.22,312.36647958805946,1.199420684878696,309.018405538096,315.71455363802295,462.07,612.1078206223501,253.26342652310555,-5.898793481778625,1230.114434726479,3.64,6.575897183138927,2.660807266753455,2.3648893585938193,10.786905007684034
6,6,holdout,68,4,304.88,308.2933603429452,1.0176397086364213,305.75948388204233,310.8272368038481,395.97,392.75571449800367,261.72115553643005,121.95697393245865,663.5544550635486,8.3,8.814223482766614,1.7269866302308925,5.464600562674768,12.16384640285846
6,6,holdout,69,3,310.04,308.8082003271784,1.4704146872770347,304.99540630611244,312.6209943482443,990.55,1016.267567628938,347.28440153119493,251.19958766403238,1781.3355475938436,2.36,3.0759885395121684,2.0454378560661883,-0.5632030586211227,6.71518013764546
6,6,holdout,70,0,312.89,312.15101186978137,1.1214216109776334,308.7213389875982,315.58068475196455,164.97,436.0584846066002,228.8988953335677,-640.4985950716698,1512.61556428487,0.86,4.814063391966966,1.506733492838491,1.647999960149126,7.980126823784807
6,6,holdout,71,3,312.89,312.4844887573706,0.914656131767025,310.11277997296594,314.8561975417753,42.42,115.25734686025191,319.8546990837841,-589.3829635924254,819.8976573129293,0.86,1.5086291282689963,1.6998348234212626,-1.5156742448513612,4.532932501389354
6,6,holdout,72,2,311.83,311.3951481721601,1.0679511357893998,307.90982358489583,314.8804727594243,492.81,463.06096413289987,214.12417805212166,-155.0639426847469,1081.1858709505466,6.49,3.680697848906198,1.517561267831074,-1.2118508003334947,8.573246498145892
6,6,holdout,73,4,307.38,307.8959775898237,0.9180761192382215,305.6100099255195,310.1819452541279,663.32,756.5133437974148,277.9597254988111,468.91281170154696,1044.1138758932825,9.56,9.812818647342834,1.5643420890975543,6.778657279339096,12.84698001534657
6,6,holdout,74,1,313.21,312.2120358653397,1.4664844287117025,308.11847759813196,316.30559413254747,15.08,136.53812884105724,266.81624156836875,-514.5397006876108,787.6159583697251,0.39,1.3079852554187585,2.0533733926216016,-1.9416944681309025,4.55766497896842
6,6,holdout,75,4,307.86,308.1947354668386,0.9028087922985562,305.9467827502856,310.4426881833916,946.9,1220.8671720956045,316.83297057841423,893.0451080885075,1548.6892361027014,8.0,6.602573081796254,1.46921102730161,3.7529256986875623,9.452220464904945
6,6,holdout,76,4,307.58,308.0190608724767,0.728987075260795,306.20391630350065,309.83420544145275,1109.01,1240.240313345182,255.4546227649134,975.9254551343563,1504.5551715560075,8.19,7.730925553109205,1.1369195625894006,5.525782931570147,9.936068174648263
6,6,holdout,77,4,312.31,311.68489433879,0.8762663950315229,309.5030309808578,313.86675769672223,65.54,66.68255651892537,266.0875574006001,-208.63403100169973,341.99914403955046,2.01,2.1985562525850404,1.7268010592202108,-1.1507067383100176,5.547819243480099
6,6,holdout,78,3,312.73,313.23642422820524,0.9160642467177562,310.86106419336653,315.61178426304394,68.26,27.198203681761242,285.95900781743387,-602.7698556351816,657.166262998704,1.34,1.9487189360437078,1.7120117747312524,-1.0972493626410071,4.994687234728422
6,6,holdout,79,4,306.53,307.0086906092164,0.952214633044977,304.6377196025593,309.3796616158735,466.58,627.6084392899224,319.61278095414394,296.9101494492059,958.306729130639,7.25,7.261382641588336,1.6303840406943477,4.099127847217632,10.423637435959039
6,6,holdout,80,4,315.92,312.24326368534304,0.9472769702740962,309.8845872337832,314.6019401369029,84.11,104.95236581166387,303.93042726631296,-209.51964068155718,419.4243723048849,3.9,2.370396010030849,1.6889508419385915,-0.905453583726318,5.6462456037880155
6,6,holdout,81,0,309.26,308.1690950708409,1.5506589756858966,303.4266743912648,312.91151575041704,613.05,864.224000317806,288.39784034880824,-492.1684643071726,2220.6164649427847,8.86,11.03349545444765,2.147648696799592,6.520692071734707,15.546298837160592
6,6,holdout,82,3,310.16,308.2583013864464,0.80512447286649,306.1706088443895,310.34599392850333,517.94,670.9490823538895,309.45009424496635,-10.769870354903219,1352.668035062682,7.35,6.685802184321917,1.579208143083365,3.8761147675331027,9.49548960111073
6,6,holdout,83,0,304.65,304.73190068020136,1.375815943148136,300.5242069948827,308.93959436552,2419.87,1592.2615421246226,246.9214846200596,430.94063664355826,2753.582447605687,12.79,9.838737228586371,2.1334315902175645,5.355807915487968,14.321666541684774
6,6,holdout,84,4,315.33,312.86840827837693,0.9679502534086835,310.4582562947012,315.2785602620527,96.59,85.4714170714974,306.4178350168568,-231.5742708833527,402.5171050263475,6.91,2.9148867503169007,1.6643240198870746,-0.31319723475008443,6.142970735383885
6,6,holdout,85,1,311.02,310.06393047866555,2.2797501393311053,303.7002147464602,316.42764621087093,146.83,260.25811538564574,443.0901173786425,-820.9584935162073,1341.4747242874987,5.0,5.888224876310293,3.107860216990626,0.969708659497579,10.806741093123007
6,6,holdout,86,0,309.61,309.88389664372085,1.3364564717106677,305.79657705367975,313.97121623376194,540.43,604.3668072912167,198.82726154933712,-330.75739128586565,1539.491005868299,7.42,8.571647391851515,1.7911883821009527,4.807865632820377,12.335429150882653
6,6,holdout,87,4,311.04,312.3160434964162,0.8214961969089881,310.2705554337913,314.36153155904117,153.39,142.58281752974324,267.370821950431,-134.06154352601834,419.2271785855048,1.96,1.9472273406713603,1.4404940595985884,-0.8467212828003112,4.741175964143032
6,6,holdout,88,3,312.29,313.04716933057045,1.4132038365764277,309.38272338530845,316.71161527583246,42.84,0.06496174803430677,339.3153767160131,-747.4472463746575,747.5771698707262,3.51,2.48929388549611,1.9634844407241534,-1.0040882568932412,5.982676027885462
6,6,holdout,89,3,311.14,311.17398721539297,1.138060286415425,308.2229901305551,314.12498430023084,504.12,508.95696003200476,305.60098122098407,-164.28239177064074,1182.1963118346503,4.26,4.984549790138674,1.7694250143132,1.8364332993255172,8.132666280951831
6,6,holdout,90,1,308.79,307.6858104742187,0.7601727423800432,305.56385721433344,309.807763734104,843.81,945.3047545891077,202.04857190159174,452.27125378047236,1438.338255397743,7.69,7.585440351171787,1.1958465089642059,5.692887264323268,9.477993438020306
6,6,holdout,91,1,302.53,304.8218118650705,1.9777235009275558,299.3011760990397,310.3424476311013,2030.6,2036.8009661104593,616.3070682397354,532.9050040279408,3540.696928192978,2.36,9.458565351423307,3.394265249308837,4.086782997242955,14.830347705603657
6,6,holdout,92,2,312.07,310.74780519521823,1.114999204968894,307.10893632413865,314.3866740662978,81.77,95.38992743011943,231.4020344037701,-572.6119874140179,763.3918422742568,5.71,4.173836088208954,1.572808978771132,-0.8968286735483488,9.244500849966256
6,6,holdout,93,0,306.81,307.0026303408885,1.2440450944842218,303.1979348695341,310.80732581224294,673.45,919.7332352702513,216.75353274023414,-99.70178592862408,1939.1682564691266,7.15,6.9292827877799175,1.6474268866713448,3.4675836569949126,10.390981918564922
6,6,holdout,94,3,309.96,309.9893851719946,0.8323367534961444,307.83113102457423,312.147639319415,659.22,519.6370742004383,298.85487727883725,-138.7406020046409,1178.0147504055176,4.79,4.964778345844933,1.6478249221475252,2.033009681209507,7.89654701048036
6,6,holdout,95,3,314.36,313.9274590877364,1.2551349809071513,310.6728866244434,317.1820315510294,139.42,151.73379374199317,309.74538388542334,-530.6356824217343,834.1032699057206,5.84,2.8244870551519634,2.0376446772034096,-0.8008391151189929,6.44981322542292
6,6,holdout,96,3,310.35,310.53368410199977,1.0640848279789457,307.7745058204374,313.2928623835621,94.55,104.52042548786812,288.69059052960415,-531.465314031505,740.5061650072413,3.98,4.706659428199222,1.8720294540693514,1.3759916983032596,8.037327158095184
6,6,holdout,97,1,313.16,312.31851645760923,1.7599403282235446,307.4058026644455,317.23123025077297,15.39,173.68876167285248,304.1602692062686,-568.5149615323901,915.892484878095,0.53,1.7428569891806065,2.381477678504284,-2.026082333657717,5.51179631201893
6,6,holdout,98,1,306.83,306.3094013524344,1.390731506945818,302.427300495267,310.1915022096018,1407.27,1615.7141660422192,168.9243500799174,1203.5095020454378,2027.9188300390006,10.88,11.693291508004393,1.579173255019327,9.194083460774221,14.192499555234564
6,6,holdout,99,2,309.81,309.46951506775446,1.0077613917793957,306.1806234329625,312.75840670254644,533.37,805.2541049092029,295.59801575756717,-48.06613948258655,1658.5743493009923,7.02,4.771511645994088,1.5809178359716864,-0.32529570333739066,9.868318995325566
6,6,cross_fitted,0,0,312.33,313.364862727223,1.1695045356116145,311.32758212321625,315.40214333122975,84.06,99.6215012347285,172.4340504612915,-159.26418604370872,358.5071885131657,0.31,2.979182312648901,1.3670020246337105,0.36564626396953237,5.59271836132827
6,6,cross_fitted,1,4,311.68,309.88545517622873,1.5506961518502658,308.09499848500104,311.6759118674564,204.84,356.4706820734888,326.81085970829224,7.129657918419639,705.8117062285579,9.2,6.603868983254056,2.041057135744365,3.520932910930471,9.686805055577642
6,6,cross_fitted,2,4,301.44,306.5220357380345,1.9529398060009084,304.2671425798571,308.7769288962119,220.66,324.4681647235428,369.6609700287744,-70.67703325205468,719.6133626991403,4.44,8.295357484187159,2.7420926539650976,4.153534990090497,12.43717997828382
6,6,cross_fitted,3,2,314.31,314.33449175409027,1.779057645000686,311.66680780167894,317.0021757065016,12.81,2.895594657345214,262.2641606681965,-282.92490955500784,288.71609886969827,2.87,4.013344471165376,3.015560523119862,-1.6309060450891755,9.657594987419927
6,6,cross_fitted,4,3,306.89,304.659564369554,1.2973364343173543,302.4927814445476,306.82634729456043,422.12,457.5282000331807,264.6942695253128,101.3017760227986,813.7546240435629,12.1,9.651731879089024,2.294100453087048,5.386384904554408,13.91707885362364
6,6,cross_fitted,5,3,307.84,307.80622106839405,0.9605640130533273,306.201908072317,309.4105340644711,2201.12,1783.3186154933928,250.53497732791234,1446.1478137865972,2120.4894172001887,5.77,5.8930911379262065,1.4613338071339566,3.1760803267141564,8.610101949138256
6,6,cross_fitted,6,2,314.22,313.2512318385317,1.546365457895939,310.9324681221426,315.56999555492075,87.66,87.291320935807,269.4187243467426,-206.326363771248,380.909005642862,3.45,2.9211443538646664,2.802162558020019,-2.323687359335544,8.165976067064877
6,6,cross_fitted,7,2,301.14,303.9689074863028,1.4107784631886016,301.8534554787574,306.0843594938482,965.47,1223.074970682323,342.44002816212907,849.8772708425023,1596.272670522144,6.46,10.49533073306752,2.9435126635368922,4.985932814042718,16.004728652092325
6,6,cross_fitted,8,4,306.32,307.0258023494288,1.6281991710574037,305.1458595269792,308.9057451718783,331.97,277.30279360107113,326.01667392530754,-71.18929403137173,625.7948812335139,10.22,7.633340024016647,2.136364888176866,4.406445361411322,10.860234686621972
6,6,cross_fitted,9,1,304.34,306.3545166373909,2.089440043424639,303.2317608253013,309.47727244948044,421.99,511.71184465251736,400.83325905320453,-89.49912936512737,1112.922818670162,3.37,9.260943301250256,2.605602794976287,4.751490974124008,13.770395628376505
6,6,cross_fitted,10,4,303.31,306.26589152500196,1.9016242544321245,304.07024806094466,308.46153498905926,1035.72,405.9787052891334,384.44594451252823,-4.970735338839063,816.9281459171059,5.86,8.114146104112871,2.595858199140372,4.193204969925473,12.03508723830027
6,6,cross_fitted,11,2,308.31,307.7798322715122,1.1602499342802612,306.0400459643268,309.5196185786976,374.66,360.8477081032258,235.05232723792585,104.68318102387673,617.0122351825748,8.57,8.489531713037898,1.7082864995590807,5.2921172081313514,11.686946217944445
6,6,cross_fitted,12,1,307.47,307.08690315697186,1.1534351345505103,305.3630459534015,308.8107603605422,850.87,981.5492786988788,281.25020785937204,559.7012718513386,1403.397285546419,10.63,11.034604435810602,1.2980267296811674,8.788141671755238,13.281067199865966
6,6,cross_fitted,13,1,306.43,307.3237372258879,1.361769734207435,305.2885152219801,309.3589592297957,2256.33,1203.9154195601836,245.27563889670705,836.0257735956607,1571.8050655247066,4.77,7.573660964521124,1.7228444990781109,4.59197659166753,10.555345337374717
6,6,cross_fitted,14,3,313.31,313.39956785517955,1.2799000988307743,311.26190671617064,315.53722899418847,0.85,-61.06380738073494,360.3042264232029,-545.9624278334549,423.83481307198497,0.42,1.201580680631941,1.8548798585140487,-2.247137609795025,4.650298971058907
6,6,cross_fitted,15,3,311.83,313.38915725168357,1.0789055241206995,311.58719285330454,315.1911216500626,194.23,165.0683063479405,256.7625129053347,-180.48353335080327,510.6201460466843,3.51,3.7839267826997935,1.6743626980437876,0.6708382260219765,6.89701533937761
6,6,cross_fitted,16,1,307.32,306.180730951363,1.3769568138171993,304.12281121977,308.23865068295595,1604.24,1655.9242075650882,309.9017437729073,1191.1016784576782,2120.746736672498,11.92,10.989695800302627,1.6053501518787288,8.2113559888012,13.768035611804054
6,6,cross_fitted,17,0,311.08,311.25423693385875,1.145052643637348,309.2595516030926,313.2489222646249,560.59,492.91427762787987,245.23503344835652,124.72806377286025,861.1004914828995,3.19,4.306750317654199,1.6182015973658814,1.212952259908458,7.40054837539994
6,6,cross_fitted,18,2,311.14,309.8641006849759,1.3383104608027132,307.8573139180265,311.8708874519253,68.07,50.98103502493166,259.00722258577264,-231.28999570032715,333.25206575019047,5.46,6.176218388478055,1.9058510392281711,2.6090206388077166,9.743416138148392
6,6,cross_fitted,19,3,312.39,311.93215001073975,1.2185387812312063,309.8969732017116,313.9673268197679,59.84,10.356630468636808,300.5248369322076,-394.0906897497023,414.8039506869759,5.02,4.620148272550578,1.8280158592808349,1.2213773493799578,8.018919195721198
6,6,cross_fitted,20,0,308.85,309.6743339116997,1.061177502328562,307.8257593426651,311.5229084807343,484.91,305.905261934113,185.4417379016073,27.49034540031363,584.3201784679125,7.06,7.246501921154923,1.3338088330874007,4.696427082564284,9.796576759745562
6,6,cross_fitted,21,2,311.28,310.14526032702065,1.109941698253965,308.4809108525307,311.8096098015106,410.23,681.5727998987724,242.76783451984002,416.99976524464734,946.1458345528974,5.16,3.5868012754491696,1.5176700839796728,0.7461651518060717,6.427437399092268
6,6,cross_fitted,22,2,312.03,312.7783108054902,1.3882908648168018,310.69657878755464,314.8600428234258,122.49,162.5375289205682,240.0162894473355,-99.03681922609604,424.11187706723246,3.07,4.269313947121555,1.8620030757370587,0.7841868071020466,7.754441087141063
6,6,cross_fitted,23,0,307.93,307.46778957650844,1.1632307524357406,305.44143792265857,309.4941412303583,117.49,101.71431714128641,275.9277866563092,-312.55278669718814,515.981420979761,6.42,7.9943332435397245,1.6973053290352744,4.749298793617889,11.23936769346156
6,6,cross_fitted,24,2,306.65,307.0006543658857,1.054476295668546,305.41947485770174,308.5818338740696,1388.31,1463.1920919917497,233.01864941897122,1209.2439059409962,1717.1402780425033,11.47,11.587863276179803,1.3617776531858201,9.039012353411417,14.136714198948189
6,6,cross_fitted,25,4,308.18,308.6325256341543,1.1678460587931092,307.2841133176634,309.9809379506452,1252.74,1272.6938337506567,261.7271051376828,992.9234031121193,1552.464264389194,7.11,7.082433315269794,1.3297849359318,5.073845767365834,9.091020863173753
6,6,cross_fitted,26,4,310.29,310.1140160751644,1.865213255433115,307.9604132885888,312.26761886173995,785.56,827.3926481711756,468.6708716807739,326.41185931137284,1328.3734370309783,5.06,4.362499974983252,2.5820671961552693,0.4623896053206247,8.262610344645879
6,6,cross_fitted,27,1,303.33,305.920748063217,2.1439521149568375,302.71652167304507,309.1249744533889,1918.36,1665.7700953339286,632.2992788095825,717.3825633669147,2614.1576273009423,8.91,9.695863052206443,2.5531760895956124,5.277144327699237,14.11458177671365
6,6,cross_fitted,28,3,302.73,302.3312991521342,1.7277611772168575,299.4456302398505,305.21696806441787,2026.87,1762.9414728486267,375.9768656945238,1256.950562591373,2268.9323831058805,13.02,5.129749053165696,2.304005949286264,0.8459851090569126,9.41351299727448
6,6,cross_fitted,29,1,310.24,309.5517187132764,1.7921137077737261,306.87332958481727,312.2301078417355,305.92,481.62738742571867,327.873395875825,-10.150875073234147,973.4056499246715,5.99,6.294371260952424,1.9781698676828507,2.870801586222076,9.717940935682773
6,6,cross_fitted,30,0,305.2,305.5824437684797,1.282222606252025,303.3488079285211,307.8160796084383,2372.98,1920.79444610662,298.5020287313762,1472.6352649275077,2368.953627285732,10.28,8.683063681026084,1.8242110328042593,5.195401476641237,12.170725885410931
6,6,cross_fitted,31,4,307.79,306.71793736600677,1.4413771490049254,305.0537020108476,308.38217272116594,1236.45,1212.1180625133625,290.58232831522656,901.5031451706078,1522.7329798561173,12.82,10.067365986833291,1.7377265393379886,7.4425987825554305,12.692133191111152
6,6,cross_fitted,32,0,309.58,309.4111027367855,1.0489226059280619,307.58387623608286,311.23832923748813,717.28,595.1512786430495,176.25392673950142,330.53057967198276,859.7719776141163,6.31,5.815678267224026,1.473114596599339,2.99926831854106,8.632088215906993
6,6,cross_fitted,33,4,311.54,311.30939109475423,1.1885924978417808,309.9370246331721,312.6817575563364,686.14,579.6606846967838,299.34201816217745,259.6821892123909,899.6391801811768,4.98,2.3299698213655624,2.0517018854030726,-0.7690447242790137,5.4289843670101385
6,6,cross_fitted,34,0,308.55,309.5642226412712,1.1229632859681589,307.6080170415057,311.5204282410367,367.47,498.1643038567918,216.631433617942,172.92240744327745,823.406200270306,5.43,4.968433171249731,1.5133235671275107,2.075148724898174,7.861717617601288
6,6,cross_fitted,35,2,306.8,306.8772821431059,1.0424350556703468,305.31415838640396,308.44040589980784,554.95,594.9946604759149,243.78731866842352,329.3105724752623,860.6787484765675,12.78,11.256345769957106,2.023252116801379,7.469407415639291,15.04328412427492
6,6,cross_fitted,36,2,307.12,307.60570435129864,0.9839268854111527,306.1303131688188,309.08109553377847,2075.38,2054.4113505271753,282.0553953881745,1747.0219797482396,2361.800721306111,5.9,6.372791703761907,1.2479901334017534,4.03691785850881,8.708665549015004
6,6,cross_fitted,37,0,309.05,309.3809366662868,1.0852258811614834,307.4904697451815,311.2714035873921,1337.07,1367.6397618396873,204.06347241296712,1061.2669070425736,1674.0126166368009,4.68,5.9322161470596075,1.4695241052952777,3.1226707664508173,8.741761527668398
6,6,cross_fitted,38,1,307.56,308.4551117551046,1.9548392201934637,305.5335225208166,311.37670098939265,316.18,298.2351235878561,298.2117000957986,-149.05347492201724,745.5237220977294,8.14,6.228058669324364,1.868661412605479,2.9940125699220608,9.462104768726666
6,6,cross_fitted,39,0,312.34,312.5031917387232,1.2838816374272117,310.2666658612045,314.73971761624193,106.38,178.10090302288273,222.02169053279547,-155.23371267824376,511.4355187240092,5.13,4.4290290248128,1.616806465597697,1.3378982836496984,7.520159765975901
6,6,cross_fitted,40,2,309.58,308.65104983574446,1.1725192293773627,306.8928658101209,310.409233861368,435.02,420.72339578083785,202.66619584938354,199.8538948284924,641.5928967331834,7.83,8.247536436889986,1.237412794433867,5.931460287777414,10.563612586002558
6,6,cross_fitted,41,2,307.48,307.2945935103178,1.1047086902448473,305.63809089313906,308.9510961274965,1296.42,957.9141147297099,202.22534220927415,737.525064515959,1178.3031649434608,8.74,8.567717866687218,1.4632278706572017,5.828981701043798,11.306454032330638
6,6,cross_fitted,42,2,304.47,305.29397979401546,1.245265186033293,303.42671373739694,307.161245850634,451.73,574.8071450154076,268.4225494709005,282.27511076311333,867.3391792677019,7.37,8.500756119462269,2.011281103716277,4.736224013093267,12.26528822583127
6,6,cross_fitted,43,3,311.63,312.06973007241265,1.1915687389013312,310.07959803794046,314.05986210688485,91.86,85.07419869651858,291.672076599466,-307.4590473652134,477.60744475825055,2.46,2.6746917273908988,1.813436768444108,-0.6969727624462463,6.046356217228044
6,6,cross_fitted,44,0,312.52,312.501816142943,1.2413270568053372,310.3394204796071,314.66421180627896,220.1,399.2193906166598,340.3760591925894,-111.80780953010384,910.2465907634235,1.31,1.912242778306899,1.6038255801783268,-1.1540701415392287,4.978555698153027
6,6,cross_fitted,45,0,312.59,312.7151335899301,1.2398129302403327,310.5553755398645,314.87489163999567,188.63,288.0871327270139,294.4544492392817,-153.9951721285314,730.1694375825592,1.23,2.1478043564268137,1.6849823446663825,-1.0736700962930854,5.369278809146713
6,6,cross_fitted,46,2,306.36,306.99900086895246,1.1813621489911317,305.22755694991713,308.7704447879878,947.21,904.965189232024,293.2462826220806,585.3797752589694,1224.5506032050787,7.22,7.838979480458995,1.9639170832777673,4.1630990177105875,11.514859943207403
6,6,cross_fitted,47,0,302.67,306.0954377575719,1.3735311731081048,303.70274210504215,308.4881334101017,1366.98,1269.5956851285182,234.36128527724162,917.7348882142996,1621.4564820427368,10.28,10.8269475490616,1.8772561386737516,7.237869769646366,14.416025328476834
6,6,cross_fitted,48,1,312.73,311.53971329161675,1.6947649347165912,309.00681598897984,314.07261059425366,46.91,102.37229674172511,277.47336461918104,-313.81081191720006,518.5554054006502,1.25,1.7364985532117156,1.986303976313493,-1.7011486221892143,5.174145728612645
6,6,cross_fitted,49,3,310.89,309.97159517416105,1.1725546009679189,308.0132201368085,311.9299702115136,93.48,102.91498451448308,319.3250614804032,-326.8337401256674,532.6637091546336,4.63,4.443115114889859,1.7199669369110826,1.245236067884202,7.640994161895517
6,6,cross_fitted,50,3,307.08,304.3936361731057,1.6110748981661138,301.70285413082865,307.0844182153827,130.32,333.58540831271944,384.43641941544087,-183.7903973415156,850.9612139669545,7.26,7.554538097762238,2.1916476112168763,3.4796783874253903,11.629397808099085
6,6,cross_fitted,51,1,306.76,306.2203636559676,1.436533501537714,304.07340406490147,308.36732324703377,1543.82,1630.1280798120752,360.9116212004842,1088.7956868146443,2171.460472809506,10.96,10.427087211286409,1.8722410407223575,7.18684593801761,13.667328484555208
6,6,cross_fitted,52,1,310.33,310.35323100198974,1.9156440258340064,307.4902206301951,313.2162413737844,570.52,644.9623459061395,331.40771312395174,147.8829506612346,1142.0417411510443,5.7,6.384869210640478,2.2999899543021805,2.4043334698161165,10.36540495146484
6,6,cross_fitted,53,2,312.69,312.7717940540255,1.146461510087047,311.052683388269,314.49090471978207,95.36,77.33087381813357,235.58426698751882,-179.4133713860706,334.07511902233773,1.39,1.5981725548893122,1.6724449340429857,-1.5321569841819964,4.728502093960621
6,6,cross_fitted,54,1,311.54,312.00576422668763,1.511352582380265,309.7469843800982,314.2645440732771,223.41,129.0844196330807,237.63369466980342,-227.34305190285926,485.51189116902066,4.71,4.529652462829571,1.6873836693058257,1.6093392712038943,7.449965654455247
6,6,cross_fitted,55,3,308.42,304.93289891079075,1.2871581739322362,302.78311549356454,307.082682328017,709.64,804.1033615112684,256.3656565233188,459.08561244495405,1149.1211105775828,12.53,10.19210373154414,1.6130590930423967,7.1929949902527355,13.191212472835545
6,6,cross_fitted,56,2,308.18,308.007406122694,1.072874461337123,306.3986386993878,309.61617354600025,1523.36,1673.9204194186277,351.61547399727607,1290.723143013358,2057.1176958238975,7.59,6.529089940379389,1.3945788735181983,3.9188446919540065,9.139335188804772
6,6,cross_fitted,57,4,308.44,309.4830313004456,1.341823685757303,307.93374184503205,311.03232075585913,1059.82,1276.125893412419,385.7794633463229,863.7510018813041,1688.5007849435337,5.32,5.565954617258573,2.021512433224714,2.5125400450269932,8.619369189490152
6,6,cross_fitted,58,1,309.87,311.01356529865024,1.451133622700562,308.84478521392504,313.18234538337543,261.82,193.3787583102024,230.17129878029235,-151.85584387194297,538.6133604923477,2.03,3.73112104564508,1.7676403176180413,0.6719096573346834,6.790332433955477
6,6,cross_fitted,59,0,308.33,309.7425256963771,1.0699429139185974,307.8786817525989,311.60636964015526,1098.75,1331.3502158111623,229.5408103071185,986.7266900293585,1675.9737415929662,2.44,5.417159034287361,1.4126976898835417,2.7162586172700447,8.118059451304678
6,6,cross_fitted,60,0,306.45,306.27148763789495,1.4418639709826955,303.75975603510733,308.78321924068257,268.91,392.54237860088233,295.57053636762555,-51.21557548119887,836.3003326829635,8.27,5.9391499692117655,2.3480115108792643,1.4500470887377013,10.42825284968583
6,6,cross_fitted,61,0,303.98,303.296603783287,1.2353991211280468,301.1445346026704,305.4486729639037,704.72,991.590380832362,295.4207385580888,548.0573272775896,1435.1234343871345,7.93,6.805726097134725,2.0117562833729696,2.95950094676502,10.65195124750443
6,6,cross_fitted,62,4,308.91,309.0822918534019,1.0287910206815025,307.8944345387008,310.270149168103,671.26,744.7021819955107,241.48327427840442,486.57118099990095,1002.8331829911206,8.35,8.424762720401272,1.3078334498459536,6.4493320239690295,10.400193416833515
6,6,cross_fitted,63,3,309.65,310.45667410718977,1.1588182945435124,308.5212411482571,312.39210706612243,616.92,631.7671082624171,247.56378003917675,298.5949537008495,964.9392628239847,2.11,3.592184559230788,1.7492514749226198,0.33985771529449904,6.844511403167077
6,6,cross_fitted,64,2,311.97,311.8495634368112,1.1626840685022999,310.10612716312784,313.59299971049455,177.02,194.6490305508172,235.43098527466043,-61.928165307627694,451.2262264092621,2.3,2.2678328459171566,1.5457422612576828,-0.6253462129046623,5.1610119047389755
6,6,cross_fitted,65,1,306.98,307.7041637821461,1.126480553726664,306.0205913305575,309.3877362337347,2215.59,1745.5173213463568,223.02408947695565,1411.0028392383708,2080.0318034543425,6.68,7.330438280106702,1.4613503299043509,4.801315399735422,9.859561160477982
6,6,cross_fitted,66,4,306.01,306.14276224134113,0.950812497215445,305.0449400821057,307.24058440057655,1493.56,1357.5823086661467,260.34085899752563,1079.2936912291834,1635.87092610311,12.0,11.832293533324117,1.5220373230997868,9.533316358882658,14.131270707765577
6,6,cross_fitted,67,1,311.22,312.3963186551929,1.2180780327263274,310.57584992805954,314.21678738232623,462.07,435.0245715406347,244.80511875159954,67.84066011371772,802.2084829675517,3.64,5.670251983164743,2.521028732738856,1.3071698942445735,10.033334072084912
6,6,cross_fitted,68,4,304.88,309.07039875365825,1.5696803745347392,307.2580225983933,310.8827749089232,395.97,452.4765046705496,243.35367392667746,192.34615968346355,712.6068496576356,8.3,9.37870376564496,1.7969256626842462,6.664518627092785,12.092888904197135
6,6,cross_fitted,69,3,310.04,309.9624160008891,1.4345710971040493,307.56642674498846,312.35840525678975,990.55,1019.7089238336387,314.3938009939263,596.5967058776398,1442.8211417896375,2.36,3.2537930679910945,2.1051618403915784,-0.6602664383121502,7.167852574294339
6,6,cross_fitted,70,0,312.89,312.0086596951408,1.1422808764767924,310.0188027915445,313.9985165987371,164.97,323.2885738291091,213.11150540212995,3.3313589090903974,643.2457887491278,0.86,4.611953830849991,1.6981484772837867,1.3653073874547315,7.858600274245251
6,6,cross_fitted,71,3,312.89,312.44703614833423,1.2060809804679467,310.43266608554626,314.4614062111222,42.42,93.21461465133746,294.3732084777607,-302.95382363239077,489.3830529350657,0.86,1.4426739050927537,1.6923128916596433,-1.7037888675783837,4.589136677763891
6,6,cross_fitted,72,2,311.83,310.99925408978606,1.0797312162118728,309.3802050125962,312.6183031669759,492.81,443.19941098510225,203.84516495846842,221.04504692240698,665.3537750477975,6.49,3.3488684645088065,1.382784164623715,0.7606994739652868,5.937037455052327
6,6,cross_fitted,73,4,307.38,307.7473184205899,1.3839069236018353,306.1494390369062,309.34519780427365,663.32,721.8764662301534,337.58877411554806,361.0145040602117,1082.738428400095,9.56,9.305805112463553,1.9433064295547835,6.370517615444088,12.241092609483017
6,6,cross_fitted,74,1,313.21,312.35675730084824,1.908696069707189,309.50413094100236,315.20938366069413,15.08,121.88312320764061,314.61968045652725,-350.015852888257,593.7820993035382,0.39,1.6735087072775992,2.3665371548126384,-2.4221986279218566,5.769216042477055
6,6,cross_fitted,75,4,307.86,308.65756262096687,1.4816557923369928,306.94682094902765,310.3683042929061,946.9,1200.3095504697994,306.813029750402,872.3449958867757,1528.2741050528232,8.0,7.226865581590037,1.5955797275791086,4.8168055140516,9.636925649128473
6,6,cross_fitted,76,4,307.58,308.18794321081754,0.9061582668279329,307.14167948583344,309.23420693580164,1109.01,1282.081314770696,242.169179311252,1023.2171228191248,1540.9455067222673,8.19,8.053194778191639,1.12109957386224,6.3598182154302005,9.746571340953077
6,6,cross_fitted,77,4,312.31,311.6866459805457,1.2385664512677388,310.25657885388364,313.1167131072077,65.54,116.59447566613733,257.3615373233354,-158.50942726691392,391.6983785991886,2.01,2.4142241447298525,1.9939070554832345,-0.5974935963161134,5.425941885775819
6,6,cross_fitted,78,3,312.73,313.2403109919449,1.0948599726914832,311.4116998226693,315.06892216122054,68.26,40.03472091589026,242.4125402123774,-286.2048780372337,366.2743198690142,1.34,2.3036729580892144,1.6155877765224165,-0.7001372828320536,5.307483199010482
6,6,cross_fitted,79,4,306.53,307.20069453563417,1.4553234372473636,305.520356589989,308.88103248127936,466.58,657.2255769659641,403.0522443466112,226.38712822615406,1088.0640257057742,7.25,7.359201984027235,2.0146148592624242,4.316205924441608,10.402198043612863
6,6,cross_fitted,80,4,315.92,311.2880324315754,1.3477536346042538,309.73189616959763,312.8441686935532,84.11,223.84393546556987,311.2777620874108,-108.89314769432275,556.5810186254625,3.9,3.1488412054403656,3.252437492280236,-1.7638369809405252,8.061519391821257
6,6,cross_fitted,81,0,309.26,307.1968963678182,1.791405431229082,304.0762624345375,310.31753030109894,613.05,718.2417452017736,326.58316637364,227.92265071882218,1208.5608396847251,8.86,10.53503602140271,2.2379385241338454,6.256378856195266,14.813693186610156
6,6,cross_fitted,82,3,310.16,308.41971724056816,1.0032600767873046,306.744094213094,310.0953402680423,517.94,608.9611381475198,258.4909927717275,261.0831045236742,956.8391717713655,7.35,6.908093144952122,1.4649839148580988,4.184295806185473,9.631890483718772
6,6,cross_fitted,83,0,304.65,304.54854568797293,1.3802654135577386,302.14411896725744,306.9529724086884,2419.87,1686.3089636024201,228.53183505023026,1343.2002735049123,2029.417653699928,12.79,8.79817253929695,2.236506470747925,4.522253280164471,13.074091798429428
6,6,cross_fitted,84,4,315.33,312.57536211536626,1.3417465951732024,311.0261616698803,314.1245625608522,96.59,75.38243808261836,302.2906864805098,-247.74800532400485,398.5128814892416,6.91,3.985696073041474,2.9640034791184924,-0.49131394507077086,8.46270609115372
6,6,cross_fitted,85,1,311.02,310.1825645887088,2.3863493956364565,306.61606529223405,313.7490638851835,146.83,354.03155242262545,411.7691590831336,-263.58220993719266,971.6453147824436,5.0,5.964483118963823,2.5741760260299067,1.5094203237464878,10.419545914181159
6,6,cross_fitted,86,0,309.61,309.38016136395214,1.3489865741628781,307.03022248049984,311.73010024740444,540.43,580.9763409875295,226.1087650458996,241.5055526948958,920.4471292801632,7.42,7.942260491613527,2.0058818355074495,4.1072665471864305,11.777254436040623
6,6,cross_fitted,87,4,311.04,312.27486371259585,1.2066994731628033,310.88159066974515,313.66813675544654,153.39,147.58753617516572,278.0138791088709,-149.59246985005103,444.7675422003825,1.96,1.5910102944932571,1.751780486901852,-1.0549848416951808,4.237005430681695
6,6,cross_fitted,88,3,312.29,313.19774763178975,1.3115185462471723,311.0072780537632,315.38821720981633,42.84,3.2633415554837484,314.254835974252,-419.6618568170921,426.1885399280596,3.51,2.9530335296237453,1.8898043149021508,-0.5606186760517025,6.466685735299193
6,6,cross_fitted,89,3,311.14,311.05683150159365,1.2183226342134625,309.02201569658496,313.09164730660234,504.12,522.3503411435514,264.13847236734773,166.87191078793217,877.8287714991707,4.26,4.80378282862359,1.7188414093826894,1.6079964386467598,7.999569218600421
6,6,cross_fitted,90,1,308.79,307.5824108458661,1.0088049572038584,306.07470951062714,309.09011218110504,843.81,946.1954691235364,200.06118073809915,646.12312078902,1246.2678174580528,7.69,7.444217401457952,1.3065000710738734,5.183090034979093,9.705344767936811
6,6,cross_fitted,91,1,302.53,305.4847463356794,2.539752268183782,301.68898000981756,309.28051266154125,2030.6,1822.1904224985128,695.1267206119923,779.5678273775954,2864.81301761943,2.36,9.71253298383184,2.920830959604702,4.6575230669992616,14.76754290066442
6,6,cross_fitted,92,2,312.07,310.7994167079649,1.2794730043837652,308.8808562774305,312.7179771384993,81.77,79.66753000174492,228.25641754339105,-169.0906845622964,328.4257445657862,5.71,4.281572410918387,1.673707250246745,1.1488801837729645,7.414264638063809
6,6,cross_fitted,93,0,306.81,306.70606894888425,1.2622195631629993,304.5072784733219,308.9048594244466,673.45,1187.878657262911,282.4312116272749,763.8475674902886,1611.9097470355334,7.15,6.6166940355687816,1.8231546236397074,3.131051552723449,10.102336518414115
6,6,cross_fitted,94,3,309.96,309.8602191545352,1.1770426661041138,307.8943482489975,311.82609006007283,659.22,508.41348094506714,286.25117802139505,123.1756981317547,893.6512637583796,4.79,4.9290377328814605,1.578518508875585,1.9941491855995719,7.86392628016335
6,6,cross_fitted,95,3,314.36,314.1483704676111,1.1432182068912853,312.2389924337228,316.05774850149936,139.42,134.15496193862066,276.867471996882,-238.45419824877848,506.7641221260198,5.84,3.454740504041982,1.8822885653508619,-0.04493791091875998,6.954418919002724
6,6,cross_fitted,96,3,310.35,310.6325144858257,1.236241634899318,308.56777075796504,312.6972582136864,94.55,100.2849348612857,228.58341133392818,-207.34337667566865,407.91324639824006,3.98,5.062336119744199,1.6212614159412078,2.047977064058967,8.07669517542943
6,6,cross_fitted,97,1,313.16,313.11038289463045,1.8895112453407725,310.286429059743,315.9343367295179,15.39,134.48176955641776,296.8063242824015,-310.6989016730968,579.6624407859324,0.53,2.6428056800879016,2.753249472772414,-2.1221751013614325,7.407786461537236
6,6,cross_fitted,98,1,306.83,305.9619914380382,1.20084840954404,304.16727310565864,307.75670977041773,1407.27,1476.1941801031758,260.568647932002,1085.366505294719,1867.0218549116325,10.88,11.09829001446219,1.2644438368440696,8.90994833261777,13.28663169630661
6,6,cross_fitted,99,2,309.81,309.5551993792944,1.163962649868416,307.8098458821856,311.3005528764032,533.37,712.7200594189665,283.63417159961324,403.61010809390416,1021.8300107440288,7.02,4.736320572473313,1.6070460219874956,1.7283987384709754,7.744242406475651
7,7,uncalibrated,0,4,312.33,312.8218482822001,1.0881606003722128,311.03198337197216,314.61171319242806,84.06,91.42191908571363,182.70781445367928,-209.10569219079724,391.9495303622245,0.31,2.5235781494365006,1.450987596783105,0.13691593820621106,4.910240360666791
7,7,uncalibrated,1,2,311.68,308.77566924218786,2.4952684262761116,304.6713179210101,312.88002056336563,204.84,246.91874889189342,382.0429558031512,-381.48599261218055,875.3234903959674,9.2,6.3449146320901,1.8631035363847155,3.280382022881588,9.409447241298613
7,7,uncalibrated,2,1,301.44,306.16990513026934,1.9879149608873827,302.9000759967826,309.43973426375607,220.66,594.0243669770438,358.19459949792025,4.846680838459861,1183.2020531156277,4.44,8.94601200973781,2.2318870240917876,5.274884543214506,12.617139476261114
7,7,uncalibrated,3,2,314.31,312.2296907348089,1.9832519828209207,308.96753151770724,315.4918499519106,12.81,165.69986433424071,413.7548656636167,-514.8663271213782,846.2660557898596,2.87,2.007288861081234,2.6065704115695705,-2.2801379342933643,6.294715656455832
7,7,uncalibrated,4,3,306.89,304.9906231066022,2.100517092478048,301.5355799485661,308.44566626463825,422.12,501.72487227688555,364.4318158651386,-97.71212182539853,1101.1618663791696,12.1,9.62867987567606,2.573676257840663,5.395359148367954,13.862000602984164
7,7,uncalibrated,5,1,307.84,307.99394734093073,1.5278001570161488,305.4809397114057,310.50695497045575,2201.12,1428.6362091108563,289.92970605288014,951.7442805488024,1905.5281376729101,5.77,5.488246173223277,2.200907558038279,1.8680753937991073,9.108416952647445
7,7,uncalibrated,6,3,314.22,312.4393186766865,1.9064334201530464,309.3035147510063,315.5751226023668,87.66,191.91135836177875,381.57471964508204,-435.72320319942537,819.5459199229829,3.45,2.42732588246138,2.422979241767739,-1.5581203113884117,6.412772076311172
7,7,uncalibrated,7,4,301.14,303.89904684864575,1.2626613477837405,301.82215375113225,305.97593994615926,965.47,1144.8888916763544,375.46711460010147,527.3004464253737,1762.4773369273353,6.46,9.26326717716461,2.8160838368808565,4.631221464271716,13.895312890057502
7,7,uncalibrated,8,4,306.32,305.6722428458544,1.163675923352794,303.75816628273145,307.5863194089773,331.97,406.94650655746074,271.4856833445204,-39.60770435717234,853.5007174720938,10.22,7.013205418843388,1.6620850033929733,4.279318872710807,9.747091964975969
7,7,uncalibrated,9,3,304.34,305.9845735168325,2.3946681188008543,302.04569497627784,309.9234520573871,421.99,624.6045242589644,651.5985492963297,-447.1797128674207,1696.3887613853494,3.37,7.109714856275969,3.111850044819975,1.9911770235247337,12.228252689027205
7,7,uncalibrated,10,2,303.31,304.4783121129112,2.53981878324541,300.30068197549053,308.6559422503319,1035.72,366.02000557018323,344.2705756012367,-200.2546993601818,932.2947105005483,5.86,7.235718437904465,2.8343973682611856,2.573549646498348,11.897887229310582
7,7,uncalibrated,11,0,308.31,307.63494395710796,0.8946674545898562,306.1633469495104,309.1065409647055,374.66,469.4245744203496,210.2078988335644,123.66334961011319,815.185799230586,8.57,8.435246909516767,1.438523523016191,6.069086275228576,10.801407543804958
7,7,uncalibrated,12,0,307.47,306.8853652436527,0.9946977491088671,305.24923304331054,308.52149744399486,850.87,993.1952132494675,166.55961558007726,719.2290254589346,1267.1614010400003,10.63,10.658896155181797,1.3610816341742258,8.420116092633286,12.897676217730307
7,7,uncalibrated,13,0,306.43,307.97681723363905,1.1751380814272268,306.0438870982347,309.90974736904343,2256.33,1171.358165580781,196.93405412650156,847.4304723805474,1495.2858587810144,4.77,7.8867115879211775,1.514419640783408,5.395712949052044,10.377710226790311
7,7,uncalibrated,14,4,313.31,313.39845370037693,1.1691367821210426,311.4753948239028,315.3215125768511,0.85,67.4641168213252,356.69571026878396,-519.2481159323153,654.1763495749657,0.42,1.0108198639836399,1.6254580361569055,-1.6628206822464624,3.684460410213742
7,7,uncalibrated,15,0,311.83,313.2266718392505,1.069861146382238,311.46690685228924,314.9864368262118,194.23,130.83616709796922,173.4149222618992,-154.40599675202316,416.0783309479616,3.51,3.938651405282879,1.555490281069691,1.380097574777634,6.497205235788124
7,7,uncalibrated,16,2,307.32,306.8428347598945,0.8863089619750727,305.3849862491902,308.3006832705988,1604.24,1586.9937729997048,151.3714880692471,1338.0098318319624,1835.9777141674472,11.92,10.659870490427565,1.2744156348379996,8.56364331122062,12.75609766963451
7,7,uncalibrated,17,1,311.08,311.0112368506341,1.624375897650365,308.3393762638513,313.68309743741685,560.59,507.6879887748127,308.0872093893351,0.9296249934074012,1014.446352556218,3.19,3.254699678616542,1.795475137130124,0.301405887206867,6.207993470026217
7,7,uncalibrated,18,0,311.14,310.31793860212184,1.2193499485312362,308.31228641675716,312.3235907874865,68.07,57.09638557588289,170.32600346054093,-223.06495898033677,337.25773013210255,5.46,6.087927874733078,1.6698598620546743,3.3412528241317627,8.834602925334393
7,7,uncalibrated,19,3,312.39,311.91939280822754,1.7662867543781973,309.0141096340522,314.8246759824029,59.84,178.07150094093743,354.52571882934916,-405.0714135230951,761.2144154049699,5.02,5.084828325402308,2.1899049152491017,1.482755282875968,8.686901367928648
7,7,uncalibrated,20,0,308.85,309.58930446248013,1.1032667131021516,307.77459220793924,311.404016717021,484.91,419.53565322215115,168.89991646963838,141.72001302526587,697.3512934190364,7.06,7.370710050714864,1.4763788424590742,4.942282956941641,9.799137144488087
7,7,uncalibrated,21,1,311.28,310.22815978239424,1.1664940622565003,308.3094477932743,312.1468717715142,410.23,705.0643577341025,184.50979904188716,401.57274557196723,1008.5559698962377,5.16,4.9574474026802875,1.6599759910139311,2.2270298732086595,7.687864932151916
7,7,uncalibrated,22,0,312.03,313.345506458809,1.250897707939337,311.2879628269597,315.40305009065827,122.49,153.77016517650816,213.65826223537914,-197.66640238950384,505.20673274252016,3.07,5.093819891191889,1.7359087533358362,2.2385040822106315,7.949135700173146
7,7,uncalibrated,23,4,307.93,307.69052688184,1.1513372798622372,305.79674558121417,309.58430818246586,117.49,182.85488648784974,321.2530366469186,-345.55933601000834,711.2691089857078,6.42,7.138641788081332,1.6967123940623687,4.34779825281433,9.929485323348334
7,7,uncalibrated,24,3,306.65,306.9631049025109,0.7118169547638755,305.792270202742,308.13393960227984,1388.31,1311.0085772466073,208.99833164123493,967.2369134197155,1654.780241073499,11.47,11.817766333007752,1.0558177151733676,10.081100734805222,13.554431931210281
7,7,uncalibrated,25,4,308.18,308.2482663937758,0.8398480687117738,306.866839251867,309.62969353568457,1252.74,1245.3914259492178,201.18971452362197,914.463794309707,1576.3190575887286,7.11,6.877860071217799,1.3153948427218893,4.714228093293439,9.041492049142159
7,7,uncalibrated,26,0,310.29,310.1133100441839,1.2962361380618541,307.98119133110725,312.2454287572605,785.56,787.8824039459904,243.31278660670512,387.66848441228206,1188.0963234796986,5.06,4.731432703993743,1.7142385170299068,1.911761261797189,7.551104146190298
7,7,uncalibrated,27,1,303.33,305.901872318665,2.6691815743841545,301.5114593250472,310.29228531228284,1918.36,1565.9754877410958,549.2684429246614,662.5092972264791,2469.4416782557123,8.91,6.641277232810546,3.111916505853487,1.5226300813872875,11.759924384233804
7,7,uncalibrated,28,2,302.73,303.79988708194566,2.690688936705327,299.3740976254077,308.2256765384836,2026.87,1268.7008885086475,550.8576930734855,362.62061412260437,2174.7811628946906,13.02,4.959339721562397,3.0217261203551953,-0.010957447157844413,9.929636890282639
7,7,uncalibrated,29,2,310.24,310.13609412683945,1.769014002317972,307.2263250289988,313.0458632246801,305.92,400.816355940493,373.0676778245059,-212.82536702750855,1014.4580789084946,5.99,5.718088958462489,1.9843131106768312,2.454184341358346,8.981993575566632
7,7,uncalibrated,30,1,305.2,306.3870827010206,2.2310402023076805,302.71734813238027,310.0568172696609,2372.98,1830.7898016422982,612.9240622370536,822.6194348258512,2838.960168458745,10.28,7.737342739247056,2.677628293896541,3.3330361284034504,12.141649350090663
7,7,uncalibrated,31,2,307.79,306.5202828453956,1.4703504710892854,304.1017715401346,308.93879415065663,1236.45,1270.3310099093055,335.95331154787897,717.7369869234191,1822.925032895192,12.82,10.205820738471761,1.7560200683510558,7.317424760044956,13.094216716898567
7,7,uncalibrated,32,1,309.58,309.43940361781284,1.305508441175176,307.2920333233301,311.5867739122956,717.28,542.7198457021024,279.3315653868129,83.26030725357106,1002.1793841506337,6.31,6.497714642942364,1.4688309909093002,4.081702660166477,8.913726625718251
7,7,uncalibrated,33,1,311.54,310.9767749997984,1.6753765914538274,308.221025736836,313.7325242627608,686.14,637.0808746167544,305.60921858668047,134.39844299464795,1139.7633062388609,4.98,3.152230350090863,2.2574979830102566,-0.5610233950991894,6.865484095280915
7,7,uncalibrated,34,3,308.55,309.36397151797047,1.2022283961401374,307.3864817801553,311.34146125578565,367.47,331.4566268127051,320.2073468568273,-195.23758904125515,858.1508426666653,5.43,5.456171844691792,1.718916986681942,2.628805004719506,8.283538684664078
7,7,uncalibrated,35,2,306.8,307.42628954885276,1.8411991683396058,304.3977864188693,310.4547926788362,554.95,622.888827497269,257.94406983221546,198.60858868312567,1047.1690663114123,12.78,11.896439362910643,2.1827641827679676,8.306111780104986,15.4867669457163
7,7,uncalibrated,36,1,307.12,307.3943699450046,1.4214634506089523,305.0562706326915,309.7324692573177,2075.38,1686.812545687007,286.18741730470896,1216.0761343454822,2157.5489570285317,5.9,6.107178925334048,2.2184419804001094,2.4581665876915224,9.756191262976573
7,7,uncalibrated,37,0,309.05,308.92390862976623,1.0747736476642666,307.1560632972538,310.69175396227865,1337.07,1334.4711576219897,169.0908147387761,1056.3415177147344,1612.600797529245,4.68,4.696047820284004,1.505699634739437,2.2193923149833354,7.172703325584673
7,7,uncalibrated,38,3,307.56,307.5973762979845,1.8477487672154804,304.558100036535,310.636652559434,316.18,856.130801537455,491.0608311305088,48.407612398633546,1663.8539906762765,8.14,5.417535288312427,2.389965091914307,1.4863925385897723,9.348678038035082
7,7,uncalibrated,39,4,312.34,312.7292873639932,1.2563294419917181,310.6628093246872,314.7957654032992,106.38,179.00749104722416,281.25450084276025,-283.61499476041575,641.629976854864,5.13,4.495279265893604,1.8589592040547254,1.4375634767493684,7.55299505503784
7,7,uncalibrated,40,0,309.58,308.42898994104473,1.2307172360689367,306.40464023154505,310.4533396505444,435.02,417.290579679369,113.77182020050299,230.15258857770095,604.428570781037,7.83,8.606436423674314,1.4217901993452697,6.267799657517191,10.945073189831437
7,7,uncalibrated,41,2,307.48,307.96909227134466,1.0662271608604184,306.21530465864925,309.7228798840401,1296.42,1010.052273525506,238.09593857360926,618.4193054002901,1401.685241650722,8.74,9.258911018880553,1.0899976357656191,7.4660244543229455,11.05179758343816
7,7,uncalibrated,42,4,304.47,305.3750268324672,1.1551724316219167,303.47493726855953,307.27511639637487,451.73,534.0428415546578,254.2174898171436,115.89228139443037,952.1934017148852,7.37,8.32593756919216,1.9669789012037902,5.0905451894100855,11.561329948974233
7,7,uncalibrated,43,1,311.63,311.77479229355964,1.7512916607349982,308.89417385354983,314.65541073356945,91.86,137.74300698251153,305.3817796366441,-364.5653208577176,640.0513348227407,2.46,3.197687105953804,2.054080495861289,-0.18097464771391403,6.576348859621522
7,7,uncalibrated,44,4,312.52,312.45041184465504,0.9648645598422558,310.8633508738816,314.0374728154285,220.1,379.68064538471043,274.60120456140044,-71.99814190335206,831.359432672773,1.31,1.9332498441691701,1.4566682909691655,-0.46275627749666315,4.329255965835003
7,7,uncalibrated,45,0,312.59,312.81738767747805,0.9776040278247815,311.20937214658807,314.42540320836804,188.63,175.48420373149548,169.75402671135743,-103.73632279429773,454.7047302572887,1.23,1.797778841442831,1.4569785508400566,-0.5987376122969348,4.194295295182597
7,7,uncalibrated,46,3,306.36,307.1709768146969,1.7592556119313647,304.2772588406769,310.06469478871696,947.21,1065.7075830392141,493.75124763112194,253.55905256134906,1877.8561135170792,7.22,6.796327391167829,2.337992631770229,2.950671731014751,10.641983051320906
7,7,uncalibrated,47,4,302.67,306.45080314272263,1.125262952063351,304.59991029474713,308.30169599069814,1366.98,1141.3227061213317,245.9438535284401,736.7810666186556,1545.864345624008,10.28,11.451982611038858,1.6716184234031506,8.702414984425285,14.20155023765243
7,7,uncalibrated,48,4,312.73,312.2175217264271,0.9447340646577097,310.66357247367023,313.77147097918396,46.91,57.70215683874005,229.76069129461018,-320.2205495680769,435.624863245557,1.25,1.3705928110371826,1.3839747211624989,-0.905843028676105,3.64702865075047
7,7,uncalibrated,49,0,310.89,309.5312605002769,1.0060691939725683,307.876423937607,311.1860970629468,93.48,55.71294062616039,231.6530191178415,-325.32236806407974,436.7482493164005,4.63,3.9798042518916636,1.5894740022544938,1.3653521743382884,6.594256329445039
7,7,uncalibrated,50,1,307.08,306.70623719563247,3.199075434672877,301.4442263640194,311.9682480272455,130.32,559.8701309448003,468.793713809252,-211.226909506398,1330.9671713959985,7.26,7.275988023471825,3.032852266107357,2.2873899735571497,12.2645860733865
7,7,uncalibrated,51,1,306.76,307.1387467336062,0.8322978486092663,305.7697385986173,308.50775486859504,1543.82,1593.8709249296949,170.65817740324485,1313.16320285904,1874.5786470003497,10.96,10.330612440145927,1.208527610741802,8.342761416346278,12.318463463945577
7,7,uncalibrated,52,0,310.33,310.66302579975417,1.1654334050956858,308.7460584364121,312.5799931630962,570.52,615.3808643484057,194.85689384892405,294.86979576450506,935.8919329323063,5.7,6.053761655609389,1.6546985924486421,3.332024674308745,8.775498636910033
7,7,uncalibrated,53,3,312.69,312.6367311539332,1.3002766734282512,310.49796635160436,314.7754959562621,95.36,77.18989039967471,259.1819309256097,-349.1264487236002,503.50622952294964,1.39,1.9226282004958168,1.870526985532133,-1.1541148959673149,4.999371296958948
7,7,uncalibrated,54,1,311.54,311.7552270447296,1.3930076111367486,309.4639334231803,314.0465206662789,223.41,126.87878599878673,243.67369380428556,-273.9287730478547,527.6863450454282,4.71,4.213855744675613,1.887673942315093,1.1089084141568497,7.318803075194377
7,7,uncalibrated,55,3,308.42,303.276476996257,2.0591563994596216,299.8894661241455,306.66348786836846,709.64,706.8652761811936,287.4673319434362,234.02359260396997,1179.7069597584173,12.53,8.87370057797809,1.4826403510254382,6.434974219129295,11.312426936826885
7,7,uncalibrated,56,3,308.18,307.66220062229206,0.6593628421482199,306.5776452599075,308.7467559846766,1523.36,1905.8232325070487,297.6809982765088,1416.1815628173986,2395.464902196699,7.59,6.110041133476926,0.8473998396806195,4.716192433700163,7.503889833253689
7,7,uncalibrated,57,4,308.44,309.2732545374546,1.0618337846293877,307.52669338558735,311.01981568932183,1059.82,1225.4817269653888,241.34567015302227,828.5034260651566,1622.460027865621,5.32,5.863553483622961,1.5156320484785413,3.3705606115591435,8.356546355686778
7,7,uncalibrated,58,1,309.87,310.61951996000175,1.3859479638500862,308.3398384248969,312.8992014951066,261.82,226.12743159001076,256.2478175395703,-195.36272048835036,647.6175836683719,2.03,3.7046251388293925,2.038244889811394,0.3520106392078186,7.057239638450966
7,7,uncalibrated,59,2,308.33,309.10942947159674,1.245703192439846,307.060430057407,311.15842888578646,1098.75,1134.9734876036591,361.8326721003407,539.8117045498713,1730.135270657447,2.44,3.191308942659061,2.2495464217789394,-0.5088656481997322,6.891483533517854
7,7,uncalibrated,60,3,306.45,307.74145369294934,2.2047472838690827,304.1149671265659,311.3679402593328,268.91,537.8129219824845,709.6141862911276,-629.3985460746939,1705.0243900396626,8.27,7.207118557122078,2.792642588875502,2.613630266031061,11.800606848213095
7,7,uncalibrated,61,3,303.98,303.03032999463693,2.1448494597186594,299.5023665815538,306.55829340772004,704.72,1211.869788589454,448.49160785283107,474.16674075542767,1949.57283642348,7.93,6.622201036693669,2.3775824293899297,2.711425954335552,10.532976119051785
7,7,uncalibrated,62,2,308.91,308.55171675063355,1.8092950855561818,305.575691166931,311.5277423343361,671.26,709.1982639390778,302.5433084339257,211.55880575163746,1206.8377221265182,8.35,8.33278012492828,1.4590845374060708,5.932799631547095,10.732760618309467
7,7,uncalibrated,63,3,309.65,310.24163423614647,1.4504222374480307,307.855901958269,312.62736651402395,616.92,603.1251876829574,267.9055761854631,162.45972901377468,1043.7906463521401,2.11,5.033219661547389,2.2769214323506324,1.288017185261912,8.778422137832866
7,7,uncalibrated,64,3,311.97,311.50169728344275,1.2242577742531084,309.487972443139,313.51542212374653,177.02,224.2557195303561,241.61875645296826,-173.17176836081302,621.6832074215251,2.3,2.229022697366251,1.4557675217451234,-0.16550179077437033,4.623547185506872
7,7,uncalibrated,65,1,306.98,307.78321865119557,1.2633530482434685,305.7051878076721,309.86124949471906,2215.59,1522.7169061231689,289.0570492276765,1047.2603703051352,1998.1734419412026,6.68,7.085093750450038,2.022021221016541,3.759164811288137,10.411022689611938
7,7,uncalibrated,66,0,306.01,306.61398806686736,0.9838278794035052,304.99573521113456,308.23224092260017,1493.56,1427.1086964160017,179.25259137820925,1132.2644213471042,1721.9529714848993,12.0,12.02035795436927,1.2870758627127108,9.903306553424574,14.137409355313967
7,7,uncalibrated,67,4,311.22,312.1859369699968,0.9770619339411935,310.5788131041974,313.7930608357962,462.07,462.7145998263744,254.21033460428936,44.575808943961874,880.853390708787,3.64,3.6829175376678327,1.5711582708920617,1.0985921572762223,6.267242918059443
7,7,uncalibrated,68,4,304.88,308.8156690993317,1.072118853568318,307.05219051451684,310.5791476841466,395.97,419.66331643976474,205.0377737463742,82.40619063098592,756.9204422485436,8.3,10.2161929971975,1.6039020190290596,7.578008943922763,12.854377050472236
7,7,uncalibrated,69,3,310.04,309.3148993474687,1.888876443728,306.2079740781395,312.42182461679795,990.55,810.8056822622118,394.9723174855298,161.13403330071003,1460.4773312237135,2.36,3.671626213383384,2.7460422711960524,-0.8452113761554991,8.188463802922268
7,7,uncalibrated,70,1,312.89,311.6981805998311,1.6195493640431629,309.03425895435777,314.36210224530447,164.97,390.1920771979196,269.57555969223284,-53.220259899322514,833.6044142951617,0.86,3.1484217824636986,2.0883997401592693,-0.286690104661786,6.583533669589183
7,7,uncalibrated,71,0,312.89,312.5797512166699,1.2206398122206272,310.5719773943374,314.58752503900234,42.42,66.30508084011922,223.25995477800242,-300.9248655294996,433.535027209738,0.86,1.4068974100417284,1.644202821253388,-1.297575563940749,4.111370384024205
7,7,uncalibrated,72,4,311.83,311.41995291335365,0.9195128958333832,309.90748879161345,312.93241703509386,492.81,383.82080498861603,189.52999569713327,72.0717041500896,695.5699058271425,6.49,3.594346100691081,1.3032953897883672,1.4506159518085533,5.738076249573609
7,7,uncalibrated,73,2,307.38,308.1897337551615,1.67463218788283,305.43520892711274,310.9442585832103,663.32,713.4841209972576,387.0081427768823,76.91237369094983,1350.0558683035654,9.56,9.321022967438731,1.9884892123697957,6.050249274318398,12.591796660559064
7,7,uncalibrated,74,1,313.21,312.29494363548713,1.9394730061404393,309.10479442696254,315.4850928440117,15.08,115.90204910261389,314.83940196063406,-401.96268311956726,633.766781324795,0.39,1.8348281783832139,2.5974664357183235,-2.437623909292782,6.10728026605921
7,7,uncalibrated,75,4,307.86,308.17086168721653,0.9841903742470397,306.55201258052557,309.7897107939075,946.9,1110.8588035101575,232.63163304825807,728.2138181470864,1493.5037888732286,8.0,6.9171847068749965,1.3877081840467482,4.634607867195463,9.19976154655453
7,7,uncalibrated,76,2,307.58,308.0632186279835,0.9449071021902277,306.50898475381365,309.6174525021533,1109.01,1118.506800704648,248.0652618180439,710.475755082572,1526.5378463267239,8.19,8.475465768651832,1.0868133722594766,6.687816851471472,10.26311468583219
7,7,uncalibrated,77,2,312.31,311.7583098014394,1.3347524989079933,309.562837312528,313.9537822903508,65.54,122.90434330607695,256.0123767575178,-298.19854314799284,544.0072297601467,2.01,2.173698647019918,1.9438936985694493,-1.023721953480151,5.371119247519987
7,7,uncalibrated,78,0,312.73,313.3151572803222,1.125606177060255,311.4636998774656,315.16661468317875,68.26,55.57311062950271,195.14261957670632,-265.4079349540539,376.55415621305934,1.34,2.4606856318152874,1.6462716328345357,-0.24719023439991972,5.168561498030495
7,7,uncalibrated,79,3,306.53,307.85439470152687,1.82485301658829,304.8527785985383,310.85601080451545,466.58,558.763336257935,448.58568819977927,-179.0944599759939,1296.6211324918638,7.25,7.154492424946982,2.2424261325368717,3.4660296676729474,10.842955182221017
7,7,uncalibrated,80,2,315.92,311.2296698861441,1.540035155519607,308.69653747495494,313.7628022973333,84.11,236.74056073573865,374.3813250930038,-379.06191970638656,852.5430411778639,3.9,3.2306161954262467,3.5171704905010115,-2.554614442481028,9.015846833333521
7,7,uncalibrated,81,2,309.26,306.5120289750896,2.472735208643332,302.44474149866204,310.5793164515172,613.05,815.295314088755,503.98263926202566,-13.682358021962955,1644.272986199473,8.86,7.723975727794096,2.663684884080492,3.3426039851584894,12.105347470429702
7,7,uncalibrated,82,3,310.16,308.3731773605006,1.2544960618831924,306.3097149631157,310.43663975788553,517.94,1130.9271764136704,368.57941560618184,524.6679878341884,1737.1863649931524,7.35,6.4982461451160525,1.8849450031509818,3.397787520079107,9.598704770152999
7,7,uncalibrated,83,4,304.65,304.63238100047386,1.2758070027468775,302.53386522471556,306.73089677623216,2419.87,1643.447202987485,282.0347989510436,1179.5412410063318,2107.3531649686383,12.79,10.371387929747875,2.1449966629746404,6.843182388855235,13.899593470640516
7,7,uncalibrated,84,2,315.33,312.1947957104917,1.6999806788824487,309.3985763250845,314.9910150958989,96.59,98.1685443196568,390.88282389470265,-544.7764862765782,741.1135749158918,6.91,3.8417792213675916,3.1697348365040763,-1.3719706209305675,9.055529063665752
7,7,uncalibrated,85,1,311.02,310.4638349914849,2.0102672814058797,307.15723956252253,313.7704304204472,146.83,245.31797821324915,357.3927312048978,-342.5407519552193,833.1767083817176,5.0,5.679676434164698,2.3423972299856968,1.8267758546616442,9.532577013667751
7,7,uncalibrated,86,0,309.61,309.12054735630824,1.4245599670790947,306.77735472764834,311.46373998496813,540.43,491.84004733355107,198.91522518215922,164.6536177368078,819.0264769302944,7.42,8.130305098095844,1.8190846336989166,5.138177140624492,11.122433055567196
7,7,uncalibrated,87,2,311.04,312.38994315453675,1.1190194686329904,310.5493199229265,314.230566386147,153.39,136.07640783674606,252.3012393315592,-278.9222007621204,551.0750164356125,1.96,1.7681115611206342,1.394861134241632,-0.5262308346303577,4.062453956871626
7,7,uncalibrated,88,0,312.29,313.5192640807038,1.1722225918161202,311.5911294989606,315.44739866244703,42.84,57.15351048991204,220.50664941510234,-305.54765156743565,419.8546725472597,3.51,3.0868349888026447,1.7589406707578783,0.1936350469140944,5.980034930691195
7,7,uncalibrated,89,3,311.14,311.084005309271,1.8774855435050026,307.9958164034878,314.17219421505416,504.12,421.4607575848875,392.03500054705626,-223.37943495686005,1066.3009501266351,4.26,5.063501939158951,2.269420276929411,1.3306377655743962,8.796366112743506
7,7,uncalibrated,90,3,308.79,307.84541058627315,0.8808586673217752,306.3965270124973,309.294294160049,843.81,879.2824124953602,268.271932249681,438.0143517251929,1320.5504732655274,7.69,7.70062706375702,1.1544206679280917,5.801774041087758,9.599480086426283
7,7,uncalibrated,91,0,302.53,304.12132005829665,1.1697823517076964,302.1971993143464,306.0454408022469,2030.6,2063.7427093032934,363.21132945461324,1466.313236700007,2661.1721819065797,2.36,8.865747708843525,2.03968917067191,5.510757578610194,12.220737839076856
7,7,uncalibrated,92,4,312.07,311.0279986351198,0.9677639862042667,309.4361685323787,312.61982873786087,81.77,86.43395052730762,162.31555627079504,-180.55138091535525,353.4192819699705,5.71,4.214808317149112,1.3392271806491804,2.011975631746314,6.41764100255191
7,7,uncalibrated,93,0,306.81,307.05546514376863,1.1716926442138567,305.1282022482611,308.98272803927614,673.45,904.037934675913,204.32676662494745,567.9503115096013,1240.1255578422247,7.15,7.895001696716843,1.6413627076596689,5.1952002938799495,10.594803099553737
7,7,uncalibrated,94,4,309.96,310.14103248097433,1.0663154026284607,308.3870997234867,311.89496523846196,659.22,514.3821145569011,260.119592559435,86.52345929437547,942.2407698194268,4.79,4.928070936498711,1.5058800171150408,2.4511187285932925,7.40502314440413
7,7,uncalibrated,95,2,314.36,312.57128368242246,1.3886394418048122,310.28717506004193,314.855392304803,139.42,69.44248607409418,304.7525336246425,-431.83082418104937,570.7157963292377,5.84,2.4273801368392305,2.158564909062312,-1.1231431828420866,5.977903456520547
7,7,uncalibrated,96,1,310.35,311.24904022496247,1.0153055123641443,309.5790112704865,312.91906917943845,94.55,77.8306722114487,197.05503846837755,-246.29602252232382,401.9573669452212,3.98,5.581280202353831,1.2804121647110571,3.4751896092360637,7.687370795471598
7,7,uncalibrated,97,1,313.16,312.6631745019961,1.9984738296749494,309.37597757488766,315.9503714291045,15.39,149.68615817830164,319.59796768194934,-376.0057181296719,675.3780344862752,0.53,3.0265236847054693,2.8934357322092503,-1.7327545737699026,7.785801943180841
7,7,uncalibrated,98,4,306.83,307.1790236524018,0.7270093146570604,305.9831997443606,308.37484756044296,1407.27,1398.9354892763188,117.07775712253277,1206.3597158379773,1591.5112627146602,10.88,11.644330018507404,1.113110898267919,9.813425520292206,13.475234516722601
7,7,uncalibrated,99,2,309.81,309.81809384074495,1.1148470792460325,307.98433357895084,311.65185410253906,533.37,724.7582363637941,358.01806486594324,135.87092385490018,1313.645548872688,7.02,4.545162987081497,1.5508559945678706,1.9942318795371032,7.09609409462589
7,7,holdout,0,4,312.33,312.27662420956506,1.2086303749576217,310.9342594389699,313.6189889801602,84.06,122.91085841572021,228.63626163765394,-131.23534788539345,377.0570647168339,0.31,2.1430460448945623,1.3683061492811899,-0.4712393052668018,4.757331395055926
7,7,holdout,1,2,311.68,309.25610639724306,1.3434254224244613,303.6835236810556,314.8286891134305,204.84,201.89913741689236,252.01794818596156,-149.100840190515,552.8991150242997,9.2,6.962493042876168,1.7950559811540612,4.225648393084658,9.699337692667678
7,7,holdout,2,1,301.44,305.53354199717967,1.2111126576082973,301.72340102089964,309.3436829734597,220.66,338.1917349630374,289.3182586851461,-261.653925939585,938.0373958656598,4.44,10.653316126030528,1.782632495992562,6.676736398095276,14.629895853965781
7,7,holdout,3,2,314.31,313.0022279708371,1.4604646626426805,306.94416177617063,319.0602941655036,12.81,-11.697182573050895,308.48744699946064,-441.34549837109427,417.9511332249925,2.87,1.4924876621780516,2.358643060155645,-2.103633967301552,5.088609291657655
7,7,holdout,4,3,306.89,304.23497438051874,2.1009485450527525,300.9769838752938,307.4929648857437,422.12,514.8860749588758,562.4644009565983,-275.89658475601743,1305.668734673769,12.1,7.509190703162405,2.3161060180179494,1.6785378629153982,13.339843543409412
7,7,holdout,5,1,307.84,307.908624747149,1.0091624057422626,304.73381602090456,311.0834334733935,2201.12,1419.923333977782,271.7569070499475,856.4877518093293,1983.3589161462346,5.77,6.10376546893046,1.562832770673393,2.617500561281974,9.590030376578946
7,7,holdout,6,3,314.22,312.7065112061387,1.8129298772044875,309.89515804830944,315.517864363968,87.66,122.47723679282376,385.8279524072386,-419.9678564042663,664.9223299899138,3.45,2.264854425475285,2.299027470929545,-3.522804234749896,8.052513085700465
7,7,holdout,7,4,301.14,304.87865937189355,2.5792084972004483,302.01406263959393,307.74325610419316,965.47,1202.091129686311,605.1711324208878,529.3984152145135,1874.7838441581084,6.46,9.905193576615172,4.100645714257077,2.0705010097390275,17.73988614349132
7,7,holdout,8,4,306.32,305.70003438823136,1.934469847599834,303.5515163408608,307.8485524356019,331.97,403.2872434632625,382.0939763656068,-21.43862393971358,828.0131108662385,10.22,7.440224501768354,1.9865032793973367,3.6448118858825405,11.235637117654168
7,7,holdout,9,3,304.34,305.1049424786299,2.0855762966618983,301.8707900818723,308.33909487538745,421.99,670.2304755916574,602.9067893734181,-177.41114163785244,1517.8720928211674,3.37,7.708292375701938,2.753063979772904,0.7776250452048892,14.638959706198987
7,7,holdout,10,2,303.31,302.76093479427453,1.6727130198231537,295.8224538724336,309.6994157161155,1035.72,340.93074400391976,266.70150617076024,-30.519874365225576,712.381362373065,5.86,7.0386120281943985,1.8719653922701405,4.184506907118683,9.892717149270114
7,7,holdout,11,0,308.31,308.55556229635187,1.4422232887318704,305.6003128089777,311.510811783726,374.66,644.2988282888648,345.93062073980326,149.89937368926854,1138.698282888461,8.57,9.018771915712712,2.2985477726375123,3.4772038881180585,14.560339943307365
7,7,holdout,12,0,307.47,307.30755850862874,1.0998731904354067,305.05381617371694,309.56130084354055,850.87,959.8895192569505,275.81486291678425,565.6985756946351,1354.080462819266,10.63,10.922155015293919,1.5155478698470553,7.268321181683147,14.575988848904691
7,7,holdout,13,0,306.43,307.4068349611867,1.2912010433748702,304.7610440830726,310.0526258393008,2256.33,1161.4869137320784,322.54358440364973,700.5119012491348,1622.461926215022,4.77,7.448382227063006,1.6003604605875157,3.5900737478608993,11.306690706265114
7,7,holdout,14,4,313.31,311.4903254804669,2.256102940158053,308.9845857866332,313.99606517430055,0.85,182.36819506867363,450.6005190200476,-318.5077886707226,683.2441788080698,0.42,1.6491763079988866,2.9807687459909578,-4.045879633214771,7.344232249212544
7,7,holdout,15,0,311.83,313.3458338681567,1.1129004650683125,311.06539743741274,315.6262702989007,194.23,237.31183395965826,252.03203826603328,-122.88901207667601,597.5126799959926,3.51,6.017176215594737,2.0001658872451915,1.1949769719719532,10.839375459217521
7,7,holdout,16,2,307.32,306.5393646012844,1.1753949717768695,301.66377895649526,311.4149502460735,1604.24,1778.698568119766,274.58831818962744,1396.263530339454,2161.133605900078,11.92,10.164560380056294,2.0953552949226286,6.969862282320964,13.359258477791624
7,7,holdout,17,1,311.08,311.0785723764637,1.1072096866268175,307.595308478717,314.56183627421035,560.59,518.9209138878724,259.0456590992303,-18.160344973965834,1056.0021727497106,3.19,3.47332680527964,1.5960312059235513,-0.08699499570593527,7.033648606265215
7,7,holdout,18,0,311.14,310.0654051628992,1.6690697250019717,306.6453262557413,313.4854840700571,68.07,157.70448748131793,344.7568746099506,-335.0174647185297,650.4264396811656,5.46,6.073648753683359,2.4333191467690063,0.20716046695260637,11.940137040414111
7,7,holdout,19,3,312.39,311.62185376452516,1.6193909718568351,309.11062595602874,314.13308157302157,59.84,188.82472531783964,388.4796029735029,-357.3483892151052,734.9978398507844,5.02,5.194264977113855,2.0745974935112996,-0.028405174342586825,10.416935128570298
7,7,holdout,20,0,308.85,309.85485065752306,1.3762163116201387,307.0348555976683,312.6748457173778,484.91,518.345626670001,292.63372626475194,100.11738670288196,936.5738666371201,7.06,7.735656804741608,1.810496950868923,3.3707303340247154,12.1005832754585
7,7,holdout,21,1,311.28,310.092381070364,0.9427137450824252,307.12661876371436,313.05814337701366,410.23,720.8579878031034,227.86030841379755,248.43354450969042,1193.2824310965163,5.16,4.603996314460094,1.621336813390423,0.9872244230144442,8.220768205905744
7,7,holdout,22,0,312.03,312.57235672900737,1.6528465843626452,309.1855205439942,315.95919291402055,122.49,316.0850001815585,365.1153970167988,-205.73308219859518,837.9030825617122,3.07,7.061036271433754,2.5996690486015934,0.7934950640881775,13.32857747877933
7,7,holdout,23,4,307.93,307.8501873587205,2.1548276872146994,305.4569289780336,310.24344573940743,117.49,135.9942787111156,372.92619728895926,-278.54092052816713,550.5294779503984,6.42,6.702706857091062,2.254030269308097,2.3961572483152604,11.009256465866864
7,7,holdout,24,3,306.65,307.2951884678279,1.2714732603118415,305.323484867805,309.26689206785085,1388.31,1330.2110176709184,266.49657849966115,955.5368644401215,1704.8851709017154,11.47,11.477592330919801,1.3785462615812705,8.007187861965809,14.947996799873794
7,7,holdout,25,4,308.18,308.2988255135482,1.1305062588617107,307.0432292565978,309.5544217704986,1252.74,1174.2055266641933,335.92999087768203,800.7943619048838,1547.6166914235027,7.11,6.969487147022088,1.3844287129989832,4.324398031083151,9.614576262961025
7,7,holdout,26,0,310.29,309.6720892340742,1.7155099203089967,306.1568500528818,313.18732841526656,785.56,833.9936371440228,400.93751768175235,260.9790550684139,1407.0082192196319,5.06,6.190227409660732,2.551842336549059,0.03799160580963257,12.34246321351183
7,7,holdout,27,1,303.33,304.6115523952978,1.327204374486379,300.43618874158545,308.78691604901013,1918.36,1564.652522936769,320.25753515743094,900.6602339308595,2228.6448119426786,8.91,7.411799333492661,2.3200751828785084,2.2363276867787514,12.587270980206572
7,7,holdout,28,2,302.73,302.2630720075388,1.9453562160148923,294.1936561358126,310.33248787926505,2026.87,1651.3881357911064,419.7983837407454,1066.7106382031175,2236.0656333790953,13.02,5.840469838603418,2.642117412303585,1.812147056527774,9.868792620679063
7,7,holdout,29,2,310.24,310.4268461687598,1.0340221980791406,306.1376804785862,314.7160118589334,305.92,414.0440314513615,239.18584053936027,80.91607259910006,747.1719903036229,5.99,5.940179098062393,1.649900216403178,3.4246471996923975,8.455710996432389
7,7,holdout,30,1,305.2,305.6912985685671,1.209399720923581,301.88654646359583,309.4960506735384,2372.98,1621.1181475357448,312.52191660986705,973.1641730186687,2269.0721220528208,10.28,8.22025242607106,1.9154277082545765,3.947441842793994,12.493063009348125
7,7,holdout,31,2,307.79,304.42172900466045,1.4660301492286771,298.3405769476613,310.5028810616596,1236.45,1264.169470201908,300.05192613491243,846.2697923714211,1682.069148032395,12.82,9.793307686761061,1.9875291837838671,6.763007423119026,12.823607950403096
7,7,holdout,32,1,309.58,309.4966331310265,0.9999647978922719,306.35075993140947,312.6425063306435,717.28,580.5746329286128,215.67690141633014,133.41013643446036,1027.7391294227652,6.31,6.211902224468262,1.4615742006505974,2.9515182977497014,9.472286151186822
7,7,holdout,33,1,311.54,310.88013214064324,1.088789094949322,307.4548191285692,314.30544515271725,686.14,686.9224104196758,247.55088699289263,173.67334660279255,1200.1714742365589,4.98,3.4713987512061717,1.5774800878428212,-0.04754043151332654,6.9903379339256695
7,7,holdout,34,3,308.55,309.5442441732637,1.3426390583505141,307.46218209023425,311.6263062562931,367.47,369.6311119407625,366.1979554526872,-145.21568138967837,884.4779052712033,5.43,5.369686575932069,1.900748380289844,0.5846707537219871,10.15470239814215
7,7,holdout,35,2,306.8,306.94677452333895,1.3996389958354132,301.141015642419,312.7525334042589,554.95,587.8717717890142,230.63436342972165,266.6539498758036,909.0895937022249,12.78,10.176787698035564,2.4249874603308124,6.479513615056267,13.874061781014863
7,7,holdout,36,1,307.12,307.49720981191024,0.9586032976030212,304.48145922813944,310.51296039568103,2075.38,1544.2538002375888,259.3468776936468,1006.5480226617743,2081.9595778134035,5.9,6.686653460705542,1.4912098434204197,3.3601602845888383,10.013146636822245
7,7,holdout,37,0,309.05,309.09398108980844,0.9980798202824748,307.0488228259714,311.1391393536455,1337.07,1268.1971109454003,235.0225105243285,932.3060563363501,1604.0881655544504,4.68,4.293385826265243,1.3900381158306578,0.9421434150683052,7.644628237462181
7,7,holdout,38,3,307.56,307.5367132336304,1.739424363782453,304.8393468106855,310.23407965657526,316.18,882.3336482706055,649.0539040553297,-30.187342701076773,1794.8546392422877,8.14,5.58634917388264,2.2288202829901467,-0.024567257541235676,11.197265605306516
7,7,holdout,39,4,312.34,311.80843981276394,2.0687276192766393,309.5108084329704,314.10607119255747,106.38,262.5780437555955,375.19287438106585,-154.47673562264828,679.6328231338393,5.13,4.647453887962666,2.3206250843626157,0.21366824397267425,9.081239531952658
7,7,holdout,40,0,309.58,308.23296002608333,1.7090487625975765,304.7309603572215,311.7349596949452,435.02,368.86275850791077,206.32992323014338,73.97876906978786,663.7467479460337,7.83,8.203020743771091,1.398566090074016,4.831218242429533,11.57482324511265
7,7,holdout,41,2,307.48,307.5531204071582,0.7401048338963007,304.4831357718412,310.6231050424752,1296.42,972.4757089312972,174.17437509133447,729.8929794197804,1215.058438442814,8.74,8.101885986010313,1.5682427598698365,5.710853699560596,10.49291827246003
7,7,holdout,42,4,304.47,306.18875800510915,1.652549360629642,304.3533548170529,308.0241611931654,451.73,662.4704357542079,421.74785585692706,193.66633261707625,1131.2745388913395,7.37,8.865248805860727,2.159101682592369,4.740069728594135,12.990427883127317
7,7,holdout,43,1,311.63,311.98828810578686,1.1825946352500776,308.2678643699856,315.7087118415881,91.86,76.77023465800687,232.64906539763615,-405.58277350002027,559.123242816034,2.46,3.2036693986135827,1.803151786549913,-0.8186834177430962,7.2260222149702615
7,7,holdout,44,4,312.52,311.82912249399084,1.396212219245433,310.27842003422904,313.37982495375263,220.1,349.3417733519434,287.14830182904,30.15508339760146,668.5284633062854,1.31,2.340846762728468,1.7185529343159585,-0.9426199979955299,5.624313523452466
7,7,holdout,45,0,312.59,312.6805660532404,1.1619507674615008,310.2996209965884,315.0615111098924,188.63,190.7506815082989,249.1296262065239,-165.30207571133582,546.8034387279336,1.23,1.356127372144881,1.787325556431336,-2.9529351917615063,5.665189936051268
7,7,holdout,46,3,306.36,306.88191151282854,1.724624216811634,304.2074960271736,309.5563269984835,947.21,1053.683007916504,469.2829076207091,393.90652212308873,1713.4594937099193,7.22,7.094101324088971,2.232691176751472,1.4734401583877403,12.714762489790202
7,7,holdout,47,4,302.67,307.1371697419979,1.8008239801545352,305.1370854158968,309.137254068099,1366.98,1080.2938153035811,355.3092363360781,685.3411781682278,1475.2464524389345,10.28,12.275944456452025,2.588652179393361,7.330066318868197,17.221822594035853
7,7,holdout,48,4,312.73,312.26549832071333,1.6347991287285049,310.44980941956203,314.08118722186464,46.91,87.3979918000449,334.07921826645065,-283.9559015776327,458.7518851777225,1.25,1.6307280348911402,2.1075520663459058,-2.3959603598404318,5.657416429622712
7,7,holdout,49,0,310.89,309.2105524023308,1.7194831722893973,305.6871716587534,312.73393314590817,93.48,256.38972405955224,337.1846131055288,-225.51005243967262,738.289500558777,4.63,5.0381756169357965,2.618024522227577,-1.2736187954064242,11.349970029278017
7,7,holdout,50,1,307.08,306.8802160936869,1.5119857647581134,302.12353315286657,311.6368990345072,130.32,209.85114216844107,347.99554157936444,-511.6505583412648,931.352842678147,7.26,10.27197722334804,2.3494834684722155,5.030903500722151,15.51305094597393
7,7,holdout,51,1,306.76,306.66998103102634,0.9450381609893821,303.6969061492522,309.6430559128005,1543.82,1678.058245927626,251.07858678899058,1157.4951763329075,2198.621315522345,10.96,9.791796856795225,1.7314531523187902,5.929384654134907,13.654209059455543
7,7,holdout,52,0,310.33,310.9122243927714,1.6013321578078274,307.63094605296703,314.1935027325758,570.52,793.4230690490808,415.63211803963304,199.40715905702905,1387.4389790411326,5.7,6.400741552167185,2.3794407413305163,0.6641486944155384,12.137334409918832
7,7,holdout,53,3,312.69,312.8005300147436,1.2658881701986353,310.8374873458046,314.7635726836825,95.36,73.78263282572186,260.97782565667745,-293.13256882687455,440.69783447831827,1.39,2.171148962937612,1.8386286818752353,-2.4574843823138446,6.7997823081890685
7,7,holdout,54,1,311.54,311.5093602135997,1.1236590347256088,307.97434693083045,315.0443734963689,223.41,175.64417124285183,237.01579206998358,-315.7624032495625,667.0507457352662,4.71,4.501103378840401,1.8891882995415548,0.28682594863654565,8.715380809044257
7,7,holdout,55,3,308.42,304.53520266092687,1.6436514815137377,301.9863535073955,307.08405181445823,709.64,793.8965057387624,373.8176881653195,268.33694109236956,1319.4560703851553,12.53,8.562019643448302,1.8023820800482162,4.024634863784042,13.099404423112562
7,7,holdout,56,3,308.18,307.7244145336269,0.7587366618043009,306.5478236809164,308.9010053863374,1523.36,1804.2192667469437,295.7808663844366,1388.3736064447753,2220.064927049112,7.59,6.040062503418397,1.197639434996761,3.025079718117604,9.055045288719189
7,7,holdout,57,4,308.44,309.3568907776268,1.4329095022928398,307.7654304973104,310.9483510579432,1059.82,1022.0530872515128,463.59796901411687,506.7294713477306,1537.376703155295,5.32,6.317603691718185,1.6640074445920239,3.1383515285662074,9.496855854870162
7,7,holdout,58,1,309.87,310.6985425868708,0.9850243141789634,307.5996719091446,313.797413264597,261.82,318.5315325634439,253.1164453322227,-206.25664404749455,843.3197091743823,2.03,3.2911996136472546,1.4873089116193199,-0.026591619497364327,6.608990846791873
7,7,holdout,59,2,308.33,308.9505917792942,0.841548972610011,305.4598127741384,312.44137078445,1098.75,1347.7473572826943,225.86658741343734,1033.1698928797277,1662.324821685661,2.44,4.608187972524976,1.6021751910032913,2.1654203677470214,7.050955577302931
7,7,holdout,60,3,306.45,307.322079840528,2.154118015155951,303.98163818285957,310.6625214981964,268.91,648.766711567815,767.2033140505303,-429.8634669735168,1727.3968901091469,8.27,7.456532957074655,2.935007421064584,0.06783432987578752,14.845231584273524
7,7,holdout,61,3,303.98,302.8779478912184,1.5845323893071352,300.42077610957705,305.3351196728598,704.72,1161.4026537845436,455.031371044175,521.6627569376444,1801.1425506314429,7.93,7.050164804566945,1.962233705860652,2.1103634995749756,11.989966109558914
7,7,holdout,62,2,308.91,308.7521308827076,1.1370781604200322,304.0354849134244,313.4687768519908,671.26,816.8640121857495,250.22076170712558,468.36708016842175,1165.3609442030772,8.35,8.112994787168635,1.611974881073233,5.655286016421977,10.570703557915293
7,7,holdout,63,3,309.65,309.7207342364087,1.502289944389864,307.3910977555713,312.0503707172461,616.92,639.8039340246163,327.1517841293324,179.85312194783796,1099.7547461013946,2.11,4.397738525680274,2.438137359490026,-1.740120626461822,10.53559767782237
7,7,holdout,64,3,311.97,311.260942160534,1.2226460908131227,309.3649560048999,313.1569283161681,177.02,200.48811498859067,270.9147583343944,-180.3976669157134,581.3738968928947,2.3,1.7873778661205701,1.5496117651381716,-2.1136733678877673,5.688429100128907
7,7,holdout,65,1,306.98,307.8185231859041,0.9044484343381678,304.97314293250184,310.66390343930635,2215.59,1568.204145037588,236.80951355392818,1077.2252493005885,2059.1830407745874,6.68,7.524337087906234,1.500873899063843,4.176285969898721,10.872388205913747
7,7,holdout,66,0,306.01,307.7555416797724,1.3140323993282692,305.062967232495,310.44811612704984,1493.56,1301.685882912378,323.30417726024206,839.6238412075996,1763.7479246171565,12.0,12.872761166702336,2.4151852505864593,7.049991883986721,18.69553044941795
7,7,holdout,67,4,311.22,312.13870307190587,1.597244816623816,310.3647238502379,313.9126822935738,462.07,452.11289631828316,337.70122535925003,76.73287272295204,827.4929199136143,3.64,4.652117010813949,1.8824103434360435,1.055584329569847,8.248649692058052
7,7,holdout,68,4,304.88,308.9336378837347,1.3508068597389977,307.4333648656455,310.43391090182394,395.97,444.1355922089155,316.18343781289104,92.67418954330947,795.5969948745216,8.3,9.405663396138877,1.6071207348191683,6.3350989649364955,12.476227827341258
7,7,holdout,69,3,310.04,309.3283016831187,1.8862743675731553,306.40321149265515,312.25339187358225,990.55,709.335138178998,451.5628165459487,74.47176817861316,1344.1985081793828,2.36,3.430072218960557,3.016361650693047,-4.163430621153934,11.023575059075048
7,7,holdout,70,1,312.89,311.8158922057326,1.1071406639211532,308.3328454523098,315.2989389591554,164.97,459.96574543524235,273.310254623153,-106.6904036130731,1026.6218944835578,0.86,3.6074434751088584,1.6751827319236419,-0.1294443620253216,7.344331312243039
7,7,holdout,71,0,312.89,311.90751189835106,1.7243824952155586,308.3740919869977,315.4409318097044,42.42,183.04378764403629,326.7751796927733,-283.97896469655507,650.0665399846276,0.86,2.295208833781999,2.3611696254333636,-3.397334196992175,7.987751864556174
7,7,holdout,72,4,311.83,311.6811278799464,1.1169714969548268,310.44056400008884,312.921691759804,492.81,371.4032224516409,269.9622664340539,71.32008879981794,671.4863561034638,6.49,3.7663488485907006,1.3386251595344398,1.208771989225772,6.323925707955629
7,7,holdout,73,2,307.38,307.3386520012063,1.2240211355003918,302.26136307241114,312.41594093000145,663.32,636.402348324026,264.11423209649655,268.555176251732,1004.2495203963199,9.56,8.968817812366115,1.8896661561821213,6.087725097856918,11.849910526875313
7,7,holdout,74,1,313.21,313.16873559558894,1.1056917300970028,309.6902471647141,316.6472240264638,15.08,68.62322247774955,261.0656668584992,-472.6461332394126,609.8925781949117,0.39,1.0005222751036076,1.5782538050306372,-2.520142865204536,4.521187415411751
7,7,holdout,75,4,307.86,308.36560944262624,1.4326106254221822,306.7744811097689,309.9567377754836,946.9,1065.2416812948215,379.00335415054013,643.9512703038907,1486.5320922857522,8.0,7.317905863454412,1.3962466145341437,4.650237468112799,9.985574258796024
7,7,holdout,76,2,307.58,308.00651910340576,0.6822267595271325,305.17661504978105,310.8364231570305,1109.01,1056.1054676869242,180.30185400071926,804.9886437767143,1307.222291597134,8.19,7.5401590305061,1.3672145644091418,5.455625787529182,9.624692273483017
7,7,holdout,77,2,312.31,312.1726757443144,1.1662322901953088,307.3350972714628,317.010254217166,65.54,65.16074204852316,235.90492757319979,-263.39769948981893,393.71918358686526,2.01,2.1523823155091257,1.8303206148136688,-0.6382288045047244,4.942993435522975
7,7,holdout,78,0,312.73,313.1970317103161,1.6903314831794838,309.7333854856383,316.6606779349939,68.26,31.67594998289826,302.80645204280364,-401.09101473112014,464.44291469691666,1.34,2.3583212284593627,2.100061713821826,-2.7047168287992154,7.421359285717941
7,7,holdout,79,3,306.53,307.2579232661864,1.7449504794112398,304.5519873652828,309.96385916709005,466.58,597.1486553167236,444.76685454289264,-28.160103051426177,1222.4574136848735,7.25,7.2092386014580745,2.171081485621029,1.743676001099665,12.674801201816484
7,7,holdout,80,2,315.92,312.4190490839308,1.8203862974462324,304.8680134636385,319.97008470422315,84.11,3.838779579946504,457.75223033060377,-633.6992360744986,641.3767952343916,3.9,1.967610105485468,2.038900814348594,-1.1410142738043398,5.076234484775275
7,7,holdout,81,2,309.26,303.82343994930534,2.1836352860940895,294.76563290573705,312.8812469928736,613.05,716.4324082988007,367.0762113917832,205.1841305227461,1227.6806860748554,8.86,8.442606233273079,2.314327913606347,4.914050001759614,11.971162464786543
7,7,holdout,82,3,310.16,308.1367942178451,1.1202623759540702,306.3995769057821,309.87401152990805,517.94,1052.5745821405726,454.6589855518953,413.35823129858204,1691.7909329825632,7.35,5.745544136882448,1.3977284604681202,2.226849675349659,9.264238598415238
7,7,holdout,83,4,304.65,305.6640440516125,1.9678797695375723,303.4784192897933,307.8496688134317,2419.87,1533.989585331173,480.61992758883724,999.7447967114201,2068.234373950926,12.79,11.268669884642478,2.57691460849033,6.345217546777809,16.192122222507145
7,7,holdout,84,2,315.33,312.9581078575109,1.4910777561719137,306.773057318911,319.14315839611083,96.59,-9.453027165577282,385.54367474186455,-546.4220096335101,527.5159553023556,6.91,2.4288576663870556,2.019239663578672,-0.6497902019424586,5.50750553471657
7,7,holdout,85,1,311.02,310.98337404038125,1.0896932657504783,307.5552165214834,314.4115315592791,146.83,165.73160949074787,251.40440512866684,-355.50698164963984,686.9702006311356,5.0,5.868958298494714,1.6120604738886735,2.2728794571842035,9.465037139805226
7,7,holdout,86,0,309.61,308.8081004986711,2.0684734055380773,304.56960634930925,313.0465946480329,540.43,434.7740059236661,297.1670203537019,10.066842176040666,859.4811696712916,7.42,7.625060987871201,2.0941760959492957,2.576212564699552,12.67390941104285
7,7,holdout,87,2,311.04,312.5341677208536,0.9029918294175818,308.78852127299217,316.279814168715,153.39,186.07563364771863,251.9305122763473,-164.80256690953178,536.9538342049691,1.96,2.0381641015072636,1.5487134121263808,-0.3230926283878137,4.399420831402341
7,7,holdout,88,0,312.29,312.6320901389504,1.8648892527962708,308.81075882957896,316.4534214483218,42.84,72.76711531110186,361.00668111612856,-443.1788448034605,588.7130754256642,3.51,2.97165040299557,2.5041686123016653,-3.0656488356073885,9.008949641598528
7,7,holdout,89,3,311.14,310.8219560326573,1.718373257207724,308.1572340576245,313.48667800769005,504.12,521.1929245254042,386.37610780486204,-22.022833948514972,1064.4086829993234,4.26,5.240413664706239,2.1302220093400104,-0.1222877455444733,10.60311507495695
7,7,holdout,90,3,308.79,307.72343644046435,0.9021145105868944,306.3245061729723,309.1223667079564,843.81,967.6539485836065,348.3924527726927,477.84035334161354,1457.4675438255995,7.69,7.523040150582707,1.2285554241550625,4.430228285527976,10.615852015637438
7,7,holdout,91,0,302.53,305.34679664023633,2.294698181499261,300.64474691081,310.04884636966267,2030.6,1451.7826013492297,632.3392436799342,548.0517418818093,2355.51346081665,2.36,6.980180724502235,3.087981974463345,-0.46463394638837396,14.424995395392845
7,7,holdout,92,4,312.07,311.20451363803346,1.1483322005923844,309.9291190070907,312.4799082689762,81.77,77.58089973476444,214.03918913575,-160.33957503588655,315.50137450541547,5.71,4.014104325687756,1.2179526726682715,1.6870842863352862,6.341124365040226
7,7,holdout,93,0,306.81,307.04219275940335,1.3271800807506893,304.3226774915974,309.7617080272093,673.45,801.2754416116431,289.19959993229344,387.95520944725234,1214.595673776034,7.15,7.074773437757555,1.7107853911985125,2.9502415316561716,11.199305343858938
7,7,holdout,94,4,309.96,310.0520041466935,1.509091106348031,308.3759328028377,311.72807549054926,659.22,481.0573186816514,328.6808999743588,115.70405750690651,846.4105798563962,4.79,5.158051176654031,1.5940808935073074,2.1124006626535383,8.203701690654524
7,7,holdout,95,2,314.36,312.72162166387744,1.267058073034998,307.4658137862372,317.97742954151767,139.42,94.72441251869179,350.19810034450825,-393.0167434738087,582.4655685111923,5.84,2.0796559471196985,1.880062684836197,-0.7867947676700138,4.946106661909411
7,7,holdout,96,1,310.35,310.469291976814,1.2890449216779507,306.4139773489825,314.52460660464556,94.55,105.8544562491578,249.7272012437951,-411.90677581489115,623.6156883132068,3.98,5.024635602256415,1.698921195604485,1.2347935563002945,8.814477648212536
7,7,holdout,97,1,313.16,313.4918354829042,1.0764778105027795,310.1052535740399,316.8784173917685,15.39,-9.546365935045742,279.3024164772426,-588.6261079634139,569.5333760933224,0.53,1.465873616525669,1.526267066164072,-1.9388229142328428,4.87057014728418
7,7,holdout,98,4,306.83,307.0009917691069,1.1457719846962657,305.7284406407728,308.273542897441,1407.27,1546.5358374653238,235.98078854292984,1284.2256433668128,1808.8460315638347,10.88,11.496684440576635,1.5761265793479007,8.485337434240556,14.508031446912714
7,7,holdout,99,2,309.81,309.7825594748668,1.0057675963580779,305.61059500969264,313.95452394004093,533.37,872.3156157245361,323.68513441561464,421.5006013593802,1323.130630089692,7.02,5.69352772819669,1.5556412664102428,3.3217083968393823,8.065347059553998
7,7,cross_fitted,0,4,312.33,312.8218482822001,1.0881606003722128,311.13572620560416,314.50797035879606,84.06,91.42191908571363,182.70781445367928,-178.57615880504477,361.419996976472,0.31,2.5235781494365006,1.450987596783105,0.22242238953732718,4.824733909335674
7,7,cross_fitted,1,2,311.68,308.77566924218786,2.4952684262761116,305.6755368120934,311.8758016722823,204.84,246.91874889189342,382.0429558031512,-269.48618003542947,763.3236778192163,9.2,6.3449146320901,1.8631035363847155,3.6279211081797094,9.061908156000491
7,7,cross_fitted,2,1,301.44,306.16990513026934,1.9879149608873827,303.6790545239075,308.6607557366312,220.66,594.0243669770438,358.19459949792025,222.47244650891338,965.5762874451741,4.44,8.94601200973781,2.2318870240917876,5.081682136838385,12.810341882637235
7,7,cross_fitted,3,2,314.31,312.2296907348089,1.9832519828209207,309.7656897783395,314.69369169127833,12.81,165.69986433424071,413.7548656636167,-393.569842778081,724.9695714465624,2.87,2.007288861081234,2.6065704115695705,-1.7939142334034646,5.808491955565932
7,7,cross_fitted,4,3,306.89,304.9906231066022,2.100517092478048,302.18577983513853,307.79546637806584,422.12,501.72487227688555,364.4318158651386,6.924192699144612,996.5255518546264,12.1,9.62867987567606,2.573676257840663,5.383683155326099,13.87367659602602
7,7,cross_fitted,5,1,307.84,307.99394734093073,1.5278001570161488,306.0796190007463,309.9082756811152,2201.12,1428.6362091108563,289.92970605288014,1127.8948265336082,1729.3775916881043,5.77,5.488246173223277,2.200907558038279,1.6775547124947194,9.298937633951834
7,7,cross_fitted,6,3,314.22,312.4393186766865,1.9064334201530464,309.89363743935775,314.9849999140153,87.66,191.91135836177875,381.57471964508204,-326.1647874924598,709.9875042160173,3.45,2.42732588246138,2.422979241767739,-1.5691126375138342,6.4237644024365945
7,7,cross_fitted,7,4,301.14,303.89904684864575,1.2626613477837405,301.94253310147064,305.85556059582086,965.47,1144.8888916763544,375.46711460010147,590.0390646104324,1699.7387187422764,6.46,9.26326717716461,2.8160838368808565,4.797172803949907,13.729361550379311
7,7,cross_fitted,8,4,306.32,305.6722428458544,1.163675923352794,303.8691085808413,307.47537711086744,331.97,406.94650655746074,271.4856833445204,5.756153002752626,808.1368601121688,10.22,7.013205418843388,1.6620850033929733,4.377265258169843,9.649145579516933
7,7,cross_fitted,9,3,304.34,305.9845735168325,2.3946681188008543,302.78694718736364,309.18219984630133,421.99,624.6045242589644,651.5985492963297,-260.0915724259787,1509.3006209439075,3.37,7.109714856275969,3.111850044819975,1.977059498307673,12.242370214244264
7,7,cross_fitted,10,2,303.31,304.4783121129112,2.53981878324541,301.32283012404446,307.633794101778,1035.72,366.02000557018323,344.2705756012367,-99.32824761611147,831.3682587564779,5.86,7.235718437904465,2.8343973682611856,3.102271668382529,11.369165207426402
7,7,cross_fitted,11,0,308.31,307.63494395710796,0.8946674545898562,306.0412623585748,309.22862555564114,374.66,469.4245744203496,210.2078988335644,110.9557890260869,827.8933598146123,8.57,8.435246909516767,1.438523523016191,5.734259778437698,11.136234040595836
7,7,cross_fitted,12,0,307.47,306.8853652436527,0.9946977491088671,305.11349851180216,308.65723197550324,850.87,993.1952132494675,166.55961558007726,709.1601059864471,1277.230320512488,10.63,10.658896155181797,1.3610816341742258,8.1033147417166,13.214477568646993
7,7,cross_fitted,13,0,306.43,307.97681723363905,1.1751380814272268,305.8835300278753,310.0701044394028,2256.33,1171.358165580781,196.93405412650156,835.5253468464596,1507.1909843151022,4.77,7.8867115879211775,1.514419640783408,5.043221095507915,10.73020208033444
7,7,cross_fitted,14,4,313.31,313.39845370037693,1.1691367821210426,311.58685774825335,315.2100496525005,0.85,67.4641168213252,356.69571026878396,-459.6461025878542,594.5743362305046,0.42,1.0108198639836399,1.6254580361569055,-1.5670327177128152,3.588672445680095
7,7,cross_fitted,15,0,311.83,313.2266718392505,1.069861146382238,311.32091566892393,315.1324280095771,194.23,130.83616709796922,173.4149222618992,-164.8893355944046,426.56166979034305,3.51,3.938651405282879,1.555490281069691,1.0180462400098809,6.859256570555877
7,7,cross_fitted,16,2,307.32,306.8428347598945,0.8863089619750727,305.7416806206571,307.9439888991319,1604.24,1586.9937729997048,151.3714880692471,1382.3859367586422,1791.6016092407674,11.92,10.659870490427565,1.2744156348379996,8.801369897731572,12.518371083123558
7,7,cross_fitted,17,1,311.08,311.0112368506341,1.624375897650365,308.97589943971394,313.0465742615542,560.59,507.6879887748127,308.0872093893351,188.1119971749195,827.2639803747059,3.19,3.254699678616542,1.795475137130124,0.14598130104386575,6.363418056189218
7,7,cross_fitted,18,0,311.14,310.31793860212184,1.2193499485312362,308.14589628050027,312.4899809237434,68.07,57.09638557588289,170.32600346054093,-233.36156543528074,347.5543365870465,5.46,6.087927874733078,1.6698598620546743,2.952581162669351,9.223274586796805
7,7,cross_fitted,19,3,312.39,311.91939280822754,1.7662867543781973,309.5608509347841,314.27793468167096,59.84,178.07150094093743,354.52571882934916,-303.2793552901901,659.422357172065,5.02,5.084828325402308,2.1899049152491017,1.4728203446820602,8.696836306122556
7,7,cross_fitted,20,0,308.85,309.58930446248013,1.1032667131021516,307.6240425655319,311.55456635942835,484.91,419.53565322215115,168.89991646963838,131.50961687419505,707.5616895701073,7.06,7.370710050714864,1.4763788424590742,4.598645367533115,10.142774733896612
7,7,cross_fitted,21,1,311.28,310.22815978239424,1.1664940622565003,308.7665467358321,311.6897728289564,410.23,705.0643577341025,184.50979904188716,513.674062416152,896.454653052053,5.16,4.9574474026802875,1.6599759910139311,2.083334716362186,7.831560088998389
7,7,cross_fitted,22,0,312.03,313.345506458809,1.250897707939337,311.1172677444543,315.5737451731637,122.49,153.77016517650816,213.65826223537914,-210.58254553493134,518.1228758879477,3.07,5.093819891191889,1.7359087533358362,1.8344590754182635,8.353180706965514
7,7,cross_fitted,23,4,307.93,307.69052688184,1.1513372798622372,305.90651154024465,309.4745422234354,117.49,182.85488648784974,321.2530366469186,-291.8796106139556,657.5893835896551,6.42,7.138641788081332,1.6967123940623687,4.447785224493098,9.829498351669567
7,7,cross_fitted,24,3,306.65,306.9631049025109,0.7118169547638755,306.01260799713805,307.91360180788377,1388.31,1311.0085772466073,208.99833164123493,1027.2448880604636,1594.772266432751,11.47,11.817766333007752,1.0558177151733676,10.076310808232959,13.559221857782545
7,7,cross_fitted,25,4,308.18,308.2482663937758,0.8398480687117738,306.9469085159432,309.54962427160837,1252.74,1245.3914259492178,201.18971452362197,948.0815578672484,1542.7012940311872,7.11,6.877860071217799,1.3153948427218893,4.7917440867793655,8.963976055656232
7,7,cross_fitted,26,0,310.29,310.1133100441839,1.2962361380618541,307.8043094540932,312.4223106342746,785.56,787.8824039459904,243.31278660670512,372.9596557058925,1202.8051521860884,5.06,4.731432703993743,1.7142385170299068,1.5127601553587975,7.950105252628688
7,7,cross_fitted,27,1,303.33,305.901872318665,2.6691815743841545,302.557396989561,309.246347647769,1918.36,1565.9754877410958,549.2684429246614,996.224449877158,2135.7265256050337,8.91,6.641277232810546,3.111916505853487,1.2532482753717602,12.029306190249331
7,7,cross_fitted,28,2,302.73,303.79988708194566,2.690688936705327,300.45696335312454,307.1428108107668,2026.87,1268.7008885086475,550.8576930734855,524.1101991117878,2013.2915779055072,13.02,4.959339721562397,3.0217261203551953,0.5527084529818218,9.365970990142973
7,7,cross_fitted,29,2,310.24,310.13609412683945,1.769014002317972,307.93826337639723,312.3339248772817,305.92,400.816355940493,373.0676778245059,-103.45674928412188,905.0894611651079,5.99,5.718088958462489,1.9843131106768312,2.8243335842543638,8.611844332670614
7,7,cross_fitted,30,1,305.2,306.3870827010206,2.2310402023076805,303.591597003657,309.18256839838415,2372.98,1830.7898016422982,612.9240622370536,1195.0093829969094,2466.5702202876873,10.28,7.737342739247056,2.677628293896541,3.101248307524787,12.373437170969325
7,7,cross_fitted,31,2,307.79,306.5202828453956,1.4703504710892854,304.69351297525736,308.3470527155339,1236.45,1270.3310099093055,335.95331154787897,816.225147368101,1724.43687245051,12.82,10.205820738471761,1.7560200683510558,7.644988739395297,12.766652737548226
7,7,cross_fitted,32,1,309.58,309.43940361781284,1.305508441175176,307.80360603275915,311.07520120286654,717.28,542.7198457021024,279.3315653868129,252.9718156862504,832.4678757179543,6.31,6.497714642942364,1.4688309909093002,3.9545538937010334,9.040875392183693
7,7,cross_fitted,33,1,311.54,310.9767749997984,1.6753765914538274,308.87753389501574,313.0760161045811,686.14,637.0808746167544,305.60921858668047,320.0752797869946,954.0864694465142,4.98,3.152230350090863,2.2574979830102566,-0.7564428038769724,7.0609035040586985
7,7,cross_fitted,34,3,308.55,309.36397151797047,1.2022283961401374,307.75862289226706,310.9693201436739,367.47,331.4566268127051,320.2073468568273,-103.29908312557131,766.2123367509815,5.43,5.456171844691792,1.718916986681942,2.6210067967223334,8.291336892661251
7,7,cross_fitted,35,2,306.8,307.42628954885276,1.8411991683396058,305.1387756317424,309.7138034659631,554.95,622.888827497269,257.94406983221546,274.2275394782243,971.5501155163136,12.78,11.896439362910643,2.1827641827679676,8.713279633466861,15.079599092354425
7,7,cross_fitted,36,1,307.12,307.3943699450046,1.4214634506089523,305.6132811320858,309.1754587579234,2075.38,1686.812545687007,286.18741730470896,1389.9530043582822,1983.672087015732,5.9,6.107178925334048,2.2184419804001094,2.2661280461378692,9.948229804530227
7,7,cross_fitted,37,0,309.05,308.92390862976623,1.0747736476642666,307.0094017634623,310.8384154960702,1337.07,1334.4711576219897,169.0908147387761,1046.119581315491,1622.8227339284886,4.68,4.696047820284004,1.505699634739437,1.8689301043536135,7.523165536214395
7,7,cross_fitted,38,3,307.56,307.5973762979845,1.8477487672154804,305.1300573146548,310.06469528131424,316.18,856.130801537455,491.0608311305088,189.40187618121763,1522.8597268936924,8.14,5.417535288312427,2.389965091914307,1.475549987706204,9.35952058891865
7,7,cross_fitted,39,4,312.34,312.7292873639932,1.2563294419917181,310.78258500508116,314.67598972290523,106.38,179.00749104722416,281.25450084276025,-236.61881838423187,594.6338004786802,5.13,4.495279265893604,1.8589592040547254,1.5471116252383288,7.443446906548879
7,7,cross_fitted,40,0,309.58,308.42898994104473,1.2307172360689367,306.2366989372104,310.62128094487906,435.02,417.290579679369,113.77182020050299,223.27481516397427,611.3063441947637,7.83,8.606436423674314,1.4217901993452697,5.936867959841349,11.276004887507279
7,7,cross_fitted,41,2,307.48,307.96909227134466,1.0662271608604184,306.64440697319264,309.2937775694967,1296.42,1010.052273525506,238.09593857360926,688.2195728583556,1331.8849741926565,8.74,9.258911018880553,1.0899976357656191,7.669350127809766,10.848471909951341
7,7,cross_fitted,42,4,304.47,305.3750268324672,1.1551724316219167,303.58506886250717,307.1649848024272,451.73,534.0428415546578,254.2174898171436,158.37071268551398,909.7149704238016,7.37,8.32593756919216,1.9669789012037902,5.206458920208334,11.445416218175986
7,7,cross_fitted,43,1,311.63,311.77479229355964,1.7512916607349982,309.58042986816145,313.96915471895784,91.86,137.74300698251153,305.3817796366441,-179.02666754360962,454.5126815086327,2.46,3.197687105953804,2.054080495861289,-0.35878530318476987,6.754159515092378
7,7,cross_fitted,44,4,312.52,312.45041184465504,0.9648645598422558,310.9553389347201,313.94548475459,220.1,379.68064538471043,274.60120456140044,-26.11369701798833,785.4749877874092,1.31,1.9332498441691701,1.4566682909691655,-0.3769150638271066,4.243414752165447
7,7,cross_fitted,45,0,312.59,312.81738767747805,0.9776040278247815,311.0759701912339,314.5588051637222,188.63,175.48420373149548,169.75402671135743,-113.9983519130273,464.9667593760183,1.23,1.797778841442831,1.4569785508400566,-0.9378596469887066,4.533417329874369
7,7,cross_fitted,46,3,306.36,307.1709768146969,1.7592556119313647,304.821823702075,309.52012992731886,947.21,1065.7075830392141,493.75124763112194,395.32579353967935,1736.0893725387489,7.22,6.796327391167829,2.337992631770229,2.940064963509594,10.652589818826064
7,7,cross_fitted,47,4,302.67,306.45080314272263,1.125262952063351,304.70719038482594,308.19441590061933,1366.98,1141.3227061213317,245.9438535284401,777.8770159614282,1504.7683962812353,10.28,11.451982611038858,1.6716184234031506,8.800923172697747,14.103042049379969
7,7,cross_fitted,48,4,312.73,312.2175217264271,0.9447340646577097,310.75364133745995,313.68140211539423,46.91,57.70215683874005,229.76069129461018,-281.82872316160046,397.23303683908057,1.25,1.3705928110371826,1.3839747211624989,-0.8242856346632701,3.565471256737635
7,7,cross_fitted,49,0,310.89,309.5312605002769,1.0060691939725683,307.7391376807202,311.3233833198336,93.48,55.71294062616039,231.6530191178415,-339.3263364746262,450.752217726947,4.63,3.9798042518916636,1.5894740022544938,0.9953908887562672,6.96421761502706
7,7,cross_fitted,50,1,307.08,306.70623719563247,3.199075434672877,302.69780668274217,310.71466770852277,130.32,559.8701309448003,468.793713809252,73.59477974362727,1046.1454821459733,7.26,7.275988023471825,3.032852266107357,2.0248523317902434,12.527123715153408
7,7,cross_fitted,51,1,306.76,307.1387467336062,0.8322978486092663,306.09588039290685,308.1816130743055,1543.82,1593.8709249296949,170.65817740324485,1416.848787670658,1770.8930621887316,10.96,10.330612440145927,1.208527610741802,8.238145707734272,12.423079172557582
7,7,cross_fitted,52,0,310.33,310.66302579975417,1.1654334050956858,308.5870256474201,312.73902595208824,570.52,615.3808643484057,194.85689384892405,283.09023944173856,947.6714892550729,5.7,6.053761655609389,1.6546985924486421,2.9468819052890827,9.160641405929695
7,7,cross_fitted,53,3,312.69,312.6367311539332,1.3002766734282512,310.9004575994039,314.37300470846253,95.36,77.18989039967471,259.1819309256097,-274.7096693350342,429.08945013438364,1.39,1.9226282004958168,1.870526985532133,-1.162600912808454,5.007857313800088
7,7,cross_fitted,54,1,311.54,311.7552270447296,1.3930076111367486,310.00979330076416,313.5006607886951,223.41,126.87878599878673,243.67369380428556,-125.88166607796535,379.6392380755388,4.71,4.213855744675613,1.887673942315093,0.9455026753483704,7.482208814002856
7,7,cross_fitted,55,3,308.42,303.276476996257,2.0591563994596216,300.5268631070874,306.0260908854265,709.64,706.8652761811936,287.4673319434362,316.561726903133,1097.1688254592543,12.53,8.87370057797809,1.4826403510254382,6.42824792697448,11.3191532289817
7,7,cross_fitted,56,3,308.18,307.66220062229206,0.6593628421482199,306.7817462628035,308.54265498178063,1523.36,1905.8232325070487,297.6809982765088,1501.6522632547267,2309.9942017593708,7.59,6.110041133476926,0.8473998396806195,4.712348036176723,7.507734230777129
7,7,cross_fitted,57,4,308.44,309.2732545374546,1.0618337846293877,307.6279262786235,310.9185827962857,1059.82,1225.4817269653888,241.34567015302227,868.831042683391,1582.1324112473867,5.32,5.863553483622961,1.5156320484785413,3.4598765493910246,8.267230417854897
7,7,cross_fitted,58,1,309.87,310.61951996000175,1.3859479638500862,308.88293192979705,312.35610799020645,261.82,226.12743159001076,256.2478175395703,-39.676041873991664,491.9309050540132,2.03,3.7046251388293925,2.038244889811394,0.17557078663255643,7.233679491026228
7,7,cross_fitted,59,2,308.33,309.10942947159674,1.245703192439846,307.561762365129,310.65709657806445,1098.75,1134.9734876036591,361.8326721003407,645.8866650845812,1624.060310122737,2.44,3.191308942659061,2.2495464217789394,-0.08924038825428715,6.471858273572408
7,7,cross_fitted,60,3,306.45,307.74145369294934,2.2047472838690827,304.79743071566304,310.68547667023563,268.91,537.8129219824845,709.6141862911276,-425.65285221542445,1501.2786961803934,8.27,7.207118557122078,2.792642588875502,2.6009608887786717,11.813276225465483
7,7,cross_fitted,61,3,303.98,303.03032999463693,2.1448494597186594,300.1662892320373,305.8943707572366,704.72,1211.869788589454,448.49160785283107,602.938453042681,1820.801124136227,7.93,6.622201036693669,2.3775824293899297,2.7006395798576346,10.543762493529703
7,7,cross_fitted,62,2,308.91,308.55171675063355,1.8092950855561818,306.3038406058157,310.7995928954514,671.26,709.1982639390778,302.5433084339257,300.25248096864397,1118.1440469095116,8.35,8.33278012492828,1.4590845374060708,6.204973934048139,10.460586315808422
7,7,cross_fitted,63,3,309.65,310.24163423614647,1.4504222374480307,308.30486968038275,312.1783987919102,616.92,603.1251876829574,267.9055761854631,239.3812570260128,966.869118339902,2.11,5.033219661547389,2.2769214323506324,1.2776874793713646,8.788751843723414
7,7,cross_fitted,64,3,311.97,311.50169728344275,1.2242577742531084,309.8669325900501,313.1364619768354,177.02,224.2557195303561,241.61875645296826,-103.79775902734241,552.3091980880546,2.3,2.229022697366251,1.4557675217451234,-0.17210616900674225,4.630151563739244
7,7,cross_fitted,65,1,306.98,307.78321865119557,1.2633530482434685,306.20024162844527,309.36619567394587,2215.59,1522.7169061231689,289.0570492276765,1222.8807223394497,1822.553089906888,6.68,7.085093750450038,2.022021221016541,3.5841293541045687,10.586058146795507
7,7,cross_fitted,66,0,306.01,306.61398806686736,0.9838278794035052,304.86148396102834,308.3664921727064,1493.56,1427.1086964160017,179.25259137820925,1121.4281817128085,1732.789211119195,12.0,12.02035795436927,1.2870758627127108,9.60373056782469,14.436985340913852
7,7,cross_fitted,67,4,311.22,312.1859369699968,0.9770619339411935,310.67196403580283,313.6999099041908,462.07,462.7145998263744,254.21033460428936,87.05304463588425,838.3761550168646,3.64,3.6829175376678327,1.5711582708920617,1.191180245914167,6.174654829421499
7,7,cross_fitted,68,4,304.88,308.8156690993317,1.072118853568318,307.1544039633601,310.47693423530336,395.97,419.66331643976474,205.0377737463742,116.66694503630595,722.6596878432235,8.3,10.2161929971975,1.6039020190290596,7.672526616047625,12.759859378347373
7,7,cross_fitted,69,3,310.04,309.3148993474687,1.888876443728,306.7926621313143,311.8371365636232,990.55,810.8056822622118,394.9723174855298,274.5391912526644,1347.0721732717593,2.36,3.671626213383384,2.7460422711960524,-0.8576693418197698,8.200921768586538
7,7,cross_fitted,70,1,312.89,311.6981805998311,1.6195493640431629,309.6688908189146,313.72747038074766,164.97,390.1920771979196,269.57555969223284,110.56386098439799,669.8202934114413,0.86,3.1484217824636986,2.0883997401592693,-0.46747159177053765,6.7643151566979345
7,7,cross_fitted,71,0,312.89,312.5797512166699,1.2206398122206272,310.40541124577555,314.7540911875642,42.42,66.30508084011922,223.25995477800242,-314.42145351249803,447.03161519273647,0.86,1.4068974100417284,1.644202821253388,-1.6802753681814568,4.494070188264914
7,7,cross_fitted,72,4,311.83,311.41995291335365,0.9195128958333832,309.995153124748,312.8447527019593,492.81,383.82080498861603,189.52999569713327,103.74118883271706,663.900421144515,6.49,3.594346100691081,1.3032953897883672,1.5274189265990161,5.661273274783146
7,7,cross_fitted,73,2,307.38,308.1897337551615,1.67463218788283,306.109163384669,310.27030412565404,663.32,713.4841209972576,387.0081427768823,190.36778177605765,1236.6004602184576,9.56,9.321022967438731,1.9884892123697957,6.421177517701581,12.22086841717588
7,7,cross_fitted,74,1,313.21,312.29494363548713,1.9394730061404393,309.8647906317536,314.7250966392207,15.08,115.90204910261389,314.83940196063406,-210.67792893580554,442.4820271410333,0.39,1.8348281783832139,2.5974664357183235,-2.6624725510228435,6.332128907789271
7,7,cross_fitted,75,4,307.86,308.17086168721653,0.9841903742470397,306.6458431219206,309.69588025251244,946.9,1110.8588035101575,232.63163304825807,767.0853641122397,1454.632242908075,8.0,6.9171847068749965,1.3877081840467482,4.7163852735386005,9.117984140211393
7,7,cross_fitted,76,2,307.58,308.0632186279835,0.9449071021902277,306.88926190249475,309.2371753534722,1109.01,1118.506800704648,248.0652618180439,783.1986319434113,1453.8149694658846,8.19,8.475465768651832,1.0868133722594766,6.890548539704836,10.060382997598827
7,7,cross_fitted,77,2,312.31,311.7583098014394,1.3347524989079933,310.1000074462937,313.4166121565851,65.54,122.90434330607695,256.0123767575178,-223.14588799854255,468.95457461069645,2.01,2.173698647019918,1.9438936985694493,-0.6611124555514718,5.008509749591308
7,7,cross_fitted,78,0,312.73,313.3151572803222,1.125606177060255,311.3101018350019,315.3202127256425,68.26,55.57311062950271,195.14261957670632,-277.20476406731194,388.35098532631736,1.34,2.4606856318152874,1.6462716328345357,-0.6303715691287661,5.551742832759341
7,7,cross_fitted,79,3,306.53,307.85439470152687,1.82485301658829,305.41764866250776,310.291140740546,466.58,558.763336257935,448.58568819977927,-50.295735171322235,1167.822407687192,7.25,7.154492424946982,2.2424261325368717,3.4558564565549554,10.85312839333901
7,7,cross_fitted,80,2,315.92,311.2296698861441,1.540035155519607,309.31632345862687,313.14301631366135,84.11,236.74056073573865,374.3813250930038,-269.30819278711044,742.7893142585878,3.9,3.2306161954262467,3.5171704905010115,-1.8985294792812915,8.359761870133784
7,7,cross_fitted,81,2,309.26,306.5120289750896,2.472735208643332,303.4398919133499,309.5841660368293,613.05,815.295314088755,503.98263926202566,134.0653239647903,1496.5253042127197,8.86,7.723975727794096,2.663684884080492,3.8394816895141584,11.608469766074034
7,7,cross_fitted,82,3,310.16,308.3731773605006,1.2544960618831924,306.69803515344546,310.0483195675558,517.94,1130.9271764136704,368.57941560618184,630.4951686117107,1631.3591842156302,7.35,6.4982461451160525,1.8849450031509818,3.3892360930400525,9.607256197192052
7,7,cross_fitted,83,4,304.65,304.63238100047386,1.2758070027468775,302.6554978528287,306.609264148119,2419.87,1643.447202987485,282.0347989510436,1226.6678011716212,2060.226604803349,12.79,10.371387929747875,2.1449966629746404,6.969586675959189,13.773189183536562
7,7,cross_fitted,84,2,315.33,312.1947957104917,1.6999806788824487,310.08273226367345,314.30685915730993,96.59,98.1685443196568,390.88282389470265,-430.185175664284,626.5222643035976,6.91,3.8417792213675916,3.1697348365040763,-0.7806955123803236,8.464253955115506
7,7,cross_fitted,85,1,311.02,310.4638349914849,2.0102672814058797,307.9449770044189,312.98269297855086,146.83,245.31797821324915,357.3927312048978,-125.4021717461896,616.038128172688,5.0,5.679676434164698,2.3423972299856968,1.6240071765713378,9.735345691758058
7,7,cross_fitted,86,0,309.61,309.12054735630824,1.4245599670790947,306.5829620290519,311.6581326835646,540.43,491.84004733355107,198.91522518215922,152.6287257650323,831.0513689020698,7.42,8.130305098095844,1.8190846336989166,4.714772360985952,11.545837835205736
7,7,cross_fitted,87,2,311.04,312.38994315453675,1.1190194686329904,310.9996684618082,313.7802178472653,153.39,136.07640783674606,252.3012393315592,-204.95750362849094,477.11031930198305,1.96,1.7681115611206342,1.394861134241632,-0.2660366193089092,3.8022597415501775
7,7,cross_fitted,88,0,312.29,313.5192640807038,1.1722225918161202,311.4311702706762,315.6073578907314,42.84,57.15351048991204,220.50664941510234,-318.8777957826236,433.18481676244767,3.51,3.0868349888026447,1.7589406707578783,-0.21577080111681646,6.389440778722106
7,7,cross_fitted,89,3,311.14,311.084005309271,1.8774855435050026,308.57697848581495,313.59103213272704,504.12,421.4607575848875,392.03500054705626,-110.81764469579394,953.739159865569,4.26,5.063501939158951,2.269420276929411,1.3203420901638818,8.80666178815402
7,7,cross_fitted,90,3,308.79,307.84541058627315,0.8808586673217752,306.6691904474343,309.021630725112,843.81,879.2824124953602,268.271932249681,515.0410685455829,1243.5237564451375,7.69,7.70062706375702,1.1544206679280917,5.796536782654402,9.604717344859637
7,7,cross_fitted,91,0,302.53,304.12132005829665,1.1697823517076964,302.0375730765088,306.2050670400845,2030.6,2063.7427093032934,363.21132945461324,1444.3562598239682,2683.1291587826186,2.36,8.865747708843525,2.03968917067191,5.036005536928997,12.695489880758053
7,7,cross_fitted,92,4,312.07,311.0279986351198,0.9677639862042667,309.528433018137,312.5275642521026,81.77,86.43395052730762,162.31555627079504,-153.42928868841045,326.2971897430257,5.71,4.214808317149112,1.3392271806491804,2.0908960608370695,6.3387205734611545
7,7,cross_fitted,93,0,306.81,307.05546514376863,1.1716926442138567,304.9683153356018,309.14261495193546,673.45,904.037934675913,204.32676662494745,555.5982791633737,1252.4775901884523,7.15,7.895001696716843,1.6413627076596689,4.8131615461112816,10.976841847322405
7,7,cross_fitted,94,4,309.96,310.14103248097433,1.0663154026284607,308.48875988410657,311.7933050778421,659.22,514.3821145569011,260.119592559435,129.98810151056762,898.7761276032346,4.79,4.928070936498711,1.5058800171150408,2.5398599808820226,7.3162818921154
7,7,cross_fitted,95,2,314.36,312.57128368242246,1.3886394418048122,310.8460319532239,314.296535411621,139.42,69.44248607409418,304.7525336246425,-342.4894919308698,481.37446407905816,5.84,2.4273801368392305,2.158564909062312,-0.7204894068163878,5.575249680494849
7,7,cross_fitted,96,1,310.35,311.24904022496247,1.0153055123641443,309.9768659112354,312.52121453868955,94.55,77.8306722114487,197.05503846837755,-126.57268306937848,282.2340274922759,3.98,5.581280202353831,1.2804121647110571,3.364351242999269,7.798209161708393
7,7,cross_fitted,97,1,313.16,312.6631745019961,1.9984738296749494,310.15909366937234,315.1672553346198,15.39,149.68615817830164,319.59796768194934,-181.82983574340244,481.2021521000057,0.53,3.0265236847054693,2.8934357322092503,-1.9832236791158433,8.036271048526782
7,7,cross_fitted,98,4,306.83,307.1790236524018,0.7270093146570604,306.0525112102909,308.30553609451266,1407.27,1398.9354892763188,117.07775712253277,1225.922805164447,1571.9481733881905,10.88,11.644330018507404,1.113110898267919,9.879020955470216,13.409639081544592
7,7,cross_fitted,99,2,309.81,309.81809384074495,1.1148470792460325,308.4330029428792,311.2031847386107,533.37,724.7582363637941,358.01806486594324,240.8275931377579,1208.6888795898303,7.02,4.545162987081497,1.5508559945678706,2.2835250203934097,6.806800953769584
8,8,uncalibrated,0,2,312.33,311.7355967101102,1.7861973520580685,308.7975635171264,314.673629903094,84.06,137.53580958822033,389.3465380305353,-502.8822556323047,777.9538748087454,0.31,3.2082049908808346,2.434957165191561,-0.7969431337559785,7.213353115517648
8,8,uncalibrated,1,0,311.68,310.34959155635147,2.263022831425262,306.62725024420763,314.0719328684953,204.84,238.17010130177897,256.9987509566788,-184.5552263313121,660.8954289348701,9.2,6.8811331318225,1.8284262965736464,3.8736395062898903,9.888626757355109
8,8,uncalibrated,2,2,301.44,306.8863607804666,1.996963662019299,303.60164785810383,310.17107370282935,220.66,372.99053438947124,429.6016161764789,-333.641242122624,1079.6223109015664,4.44,9.47377431368192,3.0426280567631596,4.469096519050729,14.47845210831311
8,8,uncalibrated,3,0,314.31,313.52021024964034,2.086012939957908,310.0890242994829,316.9513961997978,12.81,6.683317763987816,248.91997109491484,-402.7535995121383,416.1202350401139,2.87,3.4658790266027597,2.4700380410260556,-0.5969720038870556,7.5287300570925755
8,8,uncalibrated,4,2,306.89,307.13250270599275,1.6052664664673315,304.4920743364004,309.7729310755851,422.12,632.9096734495563,431.89308782661993,-77.49123851732998,1343.3105854164426,12.1,10.585519832591402,2.277309453177077,6.839679118842215,14.331360546340589
8,8,uncalibrated,5,4,307.84,308.0109662365785,0.9616274455297034,306.42922984502286,309.59270262813413,2201.12,1771.3518639754739,235.43102445954935,1384.1022894962834,2158.6014384546643,5.77,6.544066488277769,1.3902833493031406,4.257253878686258,8.83087909786928
8,8,uncalibrated,6,1,314.22,313.4558366674803,1.4873845677567563,311.00930676653394,315.90236656842666,87.66,104.71673248300101,279.6192772986669,-355.21604994726044,564.6495149132625,3.45,3.629231244276014,2.2679757452719214,-0.10125688617247253,7.3597193747245
8,8,uncalibrated,7,2,301.14,305.1580556535168,2.3397256539518057,301.30954942554274,309.0065618814908,965.47,1203.0909089270888,618.8155317016661,185.22993719369993,2220.9518806604774,6.46,9.355493939702116,3.4064419588043147,3.752395528763164,14.95859235064107
8,8,uncalibrated,8,4,306.32,305.80882851481886,1.3173314932882292,303.6420110301863,307.9756459994514,331.97,414.95568773824095,229.80702758421805,36.95676491740301,792.9546105590789,10.22,7.048840449987617,1.6536778492365174,4.328782441861623,9.768898458113611
8,8,uncalibrated,9,4,304.34,304.0918201261293,1.6746667309751495,301.33723847974983,306.8464017725087,421.99,527.7889128771302,191.47983995139973,212.83260364498307,842.7452221092774,3.37,6.4243983128866144,3.411471489182733,0.8130270606628578,12.035769565110371
8,8,uncalibrated,10,2,303.31,306.0176087513316,1.9004887258066556,302.89158297770814,309.143634524955,1035.72,379.0898099130908,362.21842251629386,-216.7064761114757,974.8860959376573,5.86,8.955674773522418,2.2898433755989553,5.189217592017675,12.72213195502716
8,8,uncalibrated,11,0,308.31,308.0869022448679,1.3951043037952093,305.7921598707947,310.38164461894104,374.66,345.6191910989217,224.21819924880873,-23.186927164009035,714.4253093618524,8.57,8.306264262593917,1.5357872395954058,5.780119051319625,10.832409473868209
8,8,uncalibrated,12,0,307.47,306.5902974816273,1.2417016543534607,304.5478800118724,308.63271495138224,850.87,813.7277692471918,227.92103457821733,438.8310288626792,1188.6245096317043,10.63,10.457504952438958,1.5411876538988585,7.922476850110591,12.992533054767325
8,8,uncalibrated,13,4,306.43,307.67813116891716,1.0601674355376594,305.9343109173972,309.4219514204371,2256.33,1201.211973264625,198.40334044051193,874.8675191417612,1527.5564273874886,4.77,7.377491916043742,1.42842040897859,5.027949425523804,9.72703440656368
8,8,uncalibrated,14,4,313.31,313.26467777899614,1.3994789275495263,310.9627397891742,315.5666157688181,0.85,-58.52145508051353,275.187026053379,-511.163832974403,394.12092281337596,0.42,1.2306719880735368,1.8189956947329313,-1.761309677817037,4.222653653964111
8,8,uncalibrated,15,4,311.83,312.92535660686684,1.0449915981363138,311.2064983865385,314.6442148271952,194.23,165.28595955003578,204.46886678743564,-171.03539758393504,501.6073166840066,3.51,3.228034446882301,1.4600279122883866,0.8265022399043636,5.6295666538602385
8,8,uncalibrated,16,1,307.32,306.60829994432163,0.9467024715454511,305.0511129503562,308.1654869382871,1604.24,1697.8296205584065,210.87046751479429,1350.9785672497446,2044.6806738670684,11.92,10.718335602027391,1.3198559908712557,8.547365688389178,12.889305515665605
8,8,uncalibrated,17,0,311.08,311.1428300205808,1.490694984013998,308.690854969447,313.5948050717146,560.59,458.69284586605386,277.53668998082253,2.1856147389917737,915.200076993116,3.19,2.84368195851235,1.8138399871360933,-0.13981932303806355,5.827183240062764
8,8,uncalibrated,18,4,311.14,310.03706720243343,1.2599021785948594,307.9647125343676,312.10942187049926,68.07,73.50335521940656,215.3617644922302,-280.73522421230695,427.74193465112006,5.46,6.065903287377153,1.6397349961119885,3.3687792317830914,8.763027342971213
8,8,uncalibrated,19,1,312.39,311.8377504534594,1.2488755335922006,309.78353300241935,313.8919679044995,59.84,47.871548150289414,292.0423840282162,-432.4954264420765,528.2385227426553,5.02,4.694417525648708,1.7196211906332166,1.865892373253054,7.5229426780443625
8,8,uncalibrated,20,3,308.85,309.65764221932017,1.3428020427990555,307.4489294089443,311.866355029696,484.91,542.1543640711064,324.4516349947282,8.478915479692773,1075.82981266252,7.06,7.763911554290011,2.0006151733252846,4.473192430311769,11.054630678268252
8,8,uncalibrated,21,3,311.28,310.5445998479662,1.1534567934015734,308.6473322578078,312.4418674381246,410.23,710.9083656620178,190.0272634051508,398.3413322303929,1023.4753990936426,5.16,5.6576968182654195,1.944208117096628,2.4597590453105393,8.8556345912203
8,8,uncalibrated,22,1,312.03,312.2536957903954,1.1858750598591632,310.3031048970748,314.204286683716,122.49,220.8495184637037,307.4945461812163,-284.93400109026675,726.6330380176742,3.07,4.807235310702621,1.5865394711647474,2.197610107255617,7.416860514149626
8,8,uncalibrated,23,0,307.93,307.42828445955996,1.854753263052463,304.37748682772803,310.4790820913919,117.49,127.59160884232529,286.48094890315514,-343.62761901352866,598.8108366981792,6.42,7.613377746704053,1.8173250604345446,4.62414402969849,10.602611463709616
8,8,uncalibrated,24,1,306.65,306.84632099897635,1.0629588861967947,305.09790921971523,308.59473277823747,1388.31,1345.6221270848832,184.24180974383825,1042.571318091628,1648.6729360781385,11.47,11.113377830241095,1.3989553441845701,8.812301058415962,13.414454602066229
8,8,uncalibrated,25,2,308.18,308.0535563479237,0.7287636574845084,306.85484680271986,309.2522658931275,1252.74,1250.376859280254,233.1402722386504,866.8952369000564,1633.8584816604516,7.11,7.226201951474059,1.1089236679515146,5.402184834231681,9.050219068716437
8,8,uncalibrated,26,3,310.29,309.336050436193,1.7710152416266098,306.4229895926171,312.24911127976884,785.56,818.9065593886886,370.9396829377335,208.7650765283288,1429.0480422490484,5.06,5.492450099531702,2.447437796157959,1.4667731637831665,9.518127035280237
8,8,uncalibrated,27,4,303.33,304.2113029600588,1.5047782963402727,301.7361629215656,306.68644299855197,1918.36,1923.901904416201,321.9357975622594,1394.3646401504038,2453.439168681998,8.91,7.444665024139972,2.7488663548953016,2.9231822302855646,11.96614781799438
8,8,uncalibrated,28,3,302.73,305.0349206909921,2.8934302230793487,300.27565149422907,309.7941898877552,2026.87,1225.5811812807901,596.6028834948468,244.25676451458526,2206.905598046995,13.02,7.303444432528119,3.074925271346729,2.2456424473487138,12.361246417707523
8,8,uncalibrated,29,0,310.24,310.00265712342656,1.364112235067346,307.7588921660072,312.24642208084595,305.92,413.96349124898364,232.2576706100172,31.933619358796705,795.9933631391706,5.99,5.974633645611665,1.6210763305976779,3.308200363662892,8.641066927560438
8,8,uncalibrated,30,0,305.2,304.9059108056384,1.4252827512995139,302.561529302732,307.25029230854483,2372.98,1908.139295620781,280.7111059956254,1446.4106147983175,2369.8679764432445,10.28,8.989935492931053,1.835393531790895,5.970981785281529,12.008889200580578
8,8,uncalibrated,31,3,307.79,306.68737772041436,1.5196768203745297,304.18773179062725,309.18702365020147,1236.45,1132.5439684549667,267.37273991038103,692.754947465424,1572.3329894445094,12.82,10.004505062119934,1.7468960901100516,7.1311166923950715,12.877893431844797
8,8,uncalibrated,32,1,309.58,309.5506707263365,1.214547551963736,307.5529177803839,311.54842367228906,717.28,682.5988395842385,195.65264619741322,360.7788748637703,1004.4188043047067,6.31,5.939577200675112,1.8583665698964493,2.882836207975572,8.996318193374652
8,8,uncalibrated,33,0,311.54,311.3492008501377,1.402619771687946,309.042096631443,313.65630506883247,686.14,571.8524433304343,250.00182671383484,160.63603191568978,983.0688547451789,4.98,2.9951140715953146,1.7106240807931212,0.18138784795222218,5.808840295238407
8,8,uncalibrated,34,1,308.55,309.5415414697047,1.1514399295965707,307.64759132529105,311.4354916141184,367.47,354.729520266977,204.86103951906588,17.763096392992736,691.6959441409613,5.43,4.534667756538607,1.6026333617482562,1.8985704587935577,7.170765054283656
8,8,uncalibrated,35,1,306.8,306.7932436391802,1.0628514541871283,305.04500856984987,308.54147870851057,554.95,538.0491420850982,218.53700241618495,178.5877610377339,897.5105231324625,12.78,10.822301615813668,1.5791932807732594,8.224759820276379,13.419843411350957
8,8,uncalibrated,36,2,307.12,307.2498440039091,1.068402919164965,305.49247758727506,309.0072104205432,2075.38,2029.6694269306968,398.027948645607,1374.9717119729162,2684.3671418884774,5.9,6.612662095829174,1.4378342259617651,4.247635254301003,8.977688937357346
8,8,uncalibrated,37,2,309.05,308.67223249288156,1.1691802241042633,306.7491021607037,310.5953628250594,1337.07,1261.7439179703947,356.76839826026526,674.9121241103303,1848.575711830459,4.68,4.250853943098638,1.6792667684168818,1.4887059084490528,7.013001977748223
8,8,uncalibrated,38,2,307.56,308.3403403273163,1.8136640772753956,305.3571283917383,311.32355226289434,316.18,288.26247900598764,425.72982495866376,-412.0007676786855,988.5257256906608,8.14,5.777398185253965,1.9740437586131097,2.5303851491382763,9.024411221369654
8,8,uncalibrated,39,0,312.34,311.584687783551,1.8829518227997608,308.4875076484439,314.68186791865804,106.38,174.5006309179563,226.2605283058882,-197.66481970193996,546.6660815378525,5.13,4.267883809894887,1.9538713592155756,1.0540514180925453,7.481716201697228
8,8,uncalibrated,40,1,309.58,308.5639515471886,1.3076490886330348,306.41306020097073,310.71484289340646,435.02,403.92825901677594,139.5865308759166,174.32884743195098,633.5276706016009,7.83,8.855929225654947,1.5379466929576637,6.326232029685512,11.385626421624382
8,8,uncalibrated,41,0,307.48,307.1833318137059,0.9886094816134321,305.5572139222354,308.80944970517635,1296.42,937.8072535168493,205.6052163783279,599.6167676368145,1275.997739396884,8.74,8.348825622714555,1.4904567196440797,5.897242481593798,10.800408763835312
8,8,uncalibrated,42,3,304.47,304.9941308989975,1.4316241208945792,302.63931877131284,307.3489430266822,451.73,512.9391602724747,315.64048596801723,-6.2432378847435075,1032.1215584296929,7.37,8.191909149351178,1.8337783911704122,5.175612111609291,11.208206187093065
8,8,uncalibrated,43,0,311.63,312.0803301327416,1.4638220792350045,309.67255707650025,314.48810318898296,91.86,86.89193841597364,244.94074120179297,-315.9997281379773,489.78360496992457,2.46,2.9003235895727233,1.7787869498914073,-0.025520576530103423,5.8261677556755505
8,8,uncalibrated,44,0,312.52,311.9506199788035,1.547273936903342,309.40558083180053,314.49565912580647,220.1,375.2682651381473,296.44650770298733,-112.34284825420877,862.8793785305033,1.31,1.8041786555771537,1.6329666171897936,-0.8818124073981535,4.490169718552461
8,8,uncalibrated,45,3,312.59,312.7567365192221,1.182723181203622,310.81133000493975,314.70214303350446,188.63,202.80992716104151,244.87973997535212,-199.98140130434967,605.6012556264327,1.23,2.01368903841246,2.0450519556426165,-1.3501220881304974,5.377500164955418
8,8,uncalibrated,46,2,306.36,306.99249010689994,1.3877293585687671,304.70987843823104,309.2751017755688,947.21,836.842663373176,372.91422065767415,223.45335498261932,1450.2319717637329,7.22,7.2493698660764565,1.739263656303991,4.3885357327799595,10.110203999372953
8,8,uncalibrated,47,2,302.67,306.57073813963024,1.472682673757346,304.1483907023519,308.9930855769086,1366.98,1415.553192217587,310.8232541913576,904.2944352200732,1926.8119492151006,10.28,12.433121974303395,1.7619817019129203,9.534919981289802,15.331323967316989
8,8,uncalibrated,48,4,312.73,312.23233789342635,1.1199863732729847,310.39012424521206,314.07455154164063,46.91,38.391936641308234,205.96311803398797,-300.3872450751309,377.1711183577474,1.25,1.613141562745522,1.523656194854143,-0.8930498555873934,4.119332981078437
8,8,uncalibrated,49,4,310.89,309.9625012917829,1.1099540421768415,308.1367893597589,311.78821322380696,93.48,141.82074466034726,246.22457098745255,-263.1826339729341,546.8241232936286,4.63,4.328088218348161,1.483276334741233,1.8883157593777589,6.767860677318563
8,8,uncalibrated,50,1,307.08,305.3376096017925,1.387839243279737,303.05481718885824,307.6204020147268,130.32,404.88713671923944,414.1894646823781,-276.39390650865863,1086.1681799471376,7.26,10.178812542595466,2.336120092104365,6.336236936103395,14.021388149087537
8,8,uncalibrated,51,3,306.76,306.945572648655,0.799861809659396,305.62991704997677,308.26122824733324,1543.82,1770.3961002561919,201.89450992839545,1438.3091833388808,2102.483017173503,10.96,10.923875149256496,1.035175378177848,9.221163173929801,12.62658712458319
8,8,uncalibrated,52,2,310.33,310.71651862515193,1.7604162371886927,307.82089159246783,313.61214565783604,570.52,529.4186931731664,469.4737561670535,-242.79691741674242,1301.6343037630752,5.7,6.412706284723049,2.168726300315025,2.845468963784834,9.979943605661264
8,8,uncalibrated,53,3,312.69,312.5446740376906,1.725725085442005,309.70610887178015,315.383239203601,95.36,100.1534543382229,304.6170985852173,-400.8970851011058,601.2039937775517,1.39,2.2950831078742007,2.191938386422072,-1.3103346970863008,5.900500912834702
8,8,uncalibrated,54,2,311.54,311.8489788559617,1.3826685702791148,309.5746914432663,314.1232662686571,223.41,155.46977059144126,324.19792000745247,-377.78835398293995,688.7278951658225,4.71,4.803140185935092,1.7989317364489834,1.844160794598873,7.762119577271312
8,8,uncalibrated,55,0,308.42,304.28846803946846,1.6297002132518323,301.6078497328576,306.96908634607934,709.64,915.546664574663,230.0415034607624,537.1620632578586,1293.9312658914675,12.53,10.473675850175036,1.5418994426863355,7.937476959477965,13.009874740872107
8,8,uncalibrated,56,3,308.18,307.61133139777496,0.8874718610199781,306.1515700883589,309.07109270719104,1523.36,1881.2839060654242,266.0393909095385,1443.6880490159094,2318.879763114939,7.59,6.4759666503313085,1.3604739833324848,4.238186084473755,8.713747216188862
8,8,uncalibrated,57,1,308.44,309.3528385339925,1.295138218522934,307.2225257378516,311.4831513301334,1059.82,1201.0219648572902,242.14331831825288,802.7316494794472,1599.3122802351331,5.32,5.604932537348663,1.8980065004300803,2.4829896611387756,8.72687541355855
8,8,uncalibrated,58,2,309.87,310.47760050671303,1.530157073963355,307.96071609379896,312.9944849196271,261.82,252.111063745735,367.1084265302456,-351.7285631169873,855.9506906084573,2.03,4.32217433704022,2.1593025936375754,0.7704376342097348,7.8739110398707055
8,8,uncalibrated,59,4,308.33,309.45529461995085,1.0340091305618775,307.75450095124523,311.15608828865646,1098.75,1256.0598821481221,222.57412440667918,889.9580263522479,1622.1617379439963,2.44,5.180226879462479,1.4699817264367108,2.7623221051806697,7.5981316537442884
8,8,uncalibrated,60,4,306.45,306.0951880824894,1.4147188897656067,303.7681825855417,308.42219357943713,268.91,423.52117546741044,214.93482862838138,69.98484303982434,777.0575078949965,8.27,6.406347791370584,2.446309678947203,2.3825264433077873,10.430169139433382
8,8,uncalibrated,61,4,303.98,303.0945112096912,1.2596320180130847,301.02260091623816,305.1664215031442,704.72,816.827572695931,195.69855364829797,494.932096938371,1138.7230484534912,7.93,6.823151014928307,2.050331554328649,3.4506557213377804,10.195646308518834
8,8,uncalibrated,62,0,308.91,309.15332453026997,1.9040975275029224,306.02136280608744,312.2852862544525,671.26,956.8563400782244,279.7179674667445,496.76122676705603,1416.9514533893928,8.35,8.252849715881439,1.6103039226779512,5.604135468170429,10.901563963592448
8,8,uncalibrated,63,4,309.65,310.45589019998766,1.0411060720543395,308.7434231013279,312.16835729864744,616.92,649.8953370193524,188.43926685719293,339.9403254692224,959.8503485694823,2.11,3.6304818688280687,1.6131122572808916,0.977148321759719,6.283815415896418
8,8,uncalibrated,64,1,311.97,311.8358866255121,1.137132562247291,309.96547000617505,313.70630324484915,177.02,221.61088521601323,190.15788145682154,-91.17099579164767,534.3927662236741,2.3,2.3001145753693324,1.6354895547132284,-0.39002635054196855,4.990255501280633
8,8,uncalibrated,65,2,306.98,307.8846385689367,1.1079881270329355,306.06216027956737,309.707116858306,2215.59,1679.909757542453,335.4018578919743,1128.222795102577,2231.596719982329,6.68,7.808093842480851,1.646619122325933,5.099646406915391,10.516541278046311
8,8,uncalibrated,66,3,306.01,306.56671633072267,1.1717183963610274,304.63941107670246,308.4940215847429,1493.56,1419.8124471926938,254.3442282993388,1001.4534207803532,1838.1714736050344,12.0,12.215992398323156,1.4202417658946982,9.879902578543298,14.552082218103013
8,8,uncalibrated,67,4,311.22,312.0686780346168,1.0465285835036393,310.34729169833247,313.7900643709012,462.07,527.6933960288703,214.9868914623294,174.07142786003544,881.3153641977052,3.64,4.233275043328971,1.6119254414488313,1.5818936345865096,6.884656452071433
8,8,uncalibrated,68,3,304.88,308.9895829589038,1.6151671278908781,306.33286945045967,311.6462964673479,395.97,374.603022084119,283.0933890983932,-91.04416574035719,840.2502099085953,8.3,8.848322398494167,1.9109736702884095,5.705050425911511,11.991594371076822
8,8,uncalibrated,69,2,310.04,309.09851747837166,1.871234619777116,306.0206104271541,312.1764245295892,990.55,753.5497018494557,433.94866422459603,39.76766758888266,1467.3317361100287,2.36,2.9685523758898467,2.82553081072755,-1.6790322261984962,7.61613697797819
8,8,uncalibrated,70,1,312.89,312.09710727437545,1.184081647206028,310.1494662823619,314.044748266389,164.97,358.9325209380125,246.09380342066623,-45.8557641887528,763.7208060647778,0.86,4.584742578628527,1.8737297656341692,1.502731377698233,7.666753779558821
8,8,uncalibrated,71,3,312.89,311.94318215036066,1.5856869908511821,309.3349591522493,314.551405148472,42.42,135.35091306737667,314.8903279109419,-382.59758488887434,653.2994110236277,0.86,2.5270271498903045,2.2157889301931295,-1.1176213084967856,6.171675608277395
8,8,uncalibrated,72,0,311.83,311.1331917928796,0.9119629989293576,309.6331461464451,312.6332374393141,492.81,411.7579096647162,211.45041095888914,63.95293427860821,759.5628850508242,6.49,3.6232346223115814,1.47111490725652,1.2034659314483171,6.043003313174846
8,8,uncalibrated,73,1,307.38,307.7962848359354,1.2664846336186326,305.7131029928495,309.87946667902133,663.32,730.5219916385371,254.74708829020466,311.5003195090672,1149.543663768007,9.56,9.078432259387434,1.6357632459699165,6.387841151419904,11.769023367354963
8,8,uncalibrated,74,4,313.21,313.02229051477053,1.3530439448310485,310.79673127469044,315.2478497548506,15.08,38.960073778844844,212.67077641534476,-310.85222415452046,388.77237171221014,0.39,1.4217952849960396,1.8357788141682392,-1.5977921557692603,4.44138272576134
8,8,uncalibrated,75,3,307.86,308.1584557989203,1.2037913724711509,306.17839519381823,310.1385164040223,946.9,1031.65494108282,251.6217275682745,617.7740298723486,1445.5358522932913,8.0,7.448923750482377,1.4699786224915967,5.031024081735946,9.866823419228808
8,8,uncalibrated,76,1,307.58,307.74198356181677,0.9264532542276516,306.2181035663994,309.2658635572341,1109.01,1301.3780895198342,164.4765674785054,1030.8382109542863,1571.9179680853822,8.19,7.43700436341898,1.2972895072314337,5.3031530122432695,9.57085571459469
8,8,uncalibrated,77,2,312.31,311.5799896570663,2.060871458386384,308.19015776405865,314.9698215500739,65.54,183.32978834775764,409.4594614264302,-490.1710918691022,856.8306685646176,2.01,3.9699590881253393,2.4176539179694463,-0.00672772756013984,7.946645903810818
8,8,uncalibrated,78,3,312.73,313.2469485560136,1.5201495180788627,310.74652510769306,315.7473720043341,68.26,-11.556991637120177,279.0722338639292,-470.58996768965346,447.4759844154131,1.34,2.0985318424602717,2.0284182939607467,-1.2379193453357789,5.434983030256323
8,8,uncalibrated,79,1,306.53,306.8182804854524,1.227079158620359,304.79991488083914,308.8366460900657,466.58,541.7388857514137,204.30764091346185,205.68272158100712,877.7950499218202,7.25,9.29978645256836,1.74755394900963,6.425316001246504,12.174256903890218
8,8,uncalibrated,80,1,315.92,312.8491959868204,1.1914828995894888,310.88938101798,314.8090109556608,84.11,182.58515511009966,302.1661118990308,-314.43386998884534,679.6041802090447,3.9,2.2445397952857364,1.930476655212114,-0.9308117327850547,5.419891323356527
8,8,uncalibrated,81,2,309.26,308.18495465802755,2.345758336244166,304.3265255507047,312.0433837653504,613.05,711.8191250878122,446.3801604204156,-22.410900778888163,1446.0491509545125,8.86,9.734675360164879,2.9763078025217324,4.839084676263043,14.630266044066715
8,8,uncalibrated,82,3,310.16,308.5451671643714,1.1827742513116972,306.59967664723655,310.4906576815062,517.94,887.8244800253237,393.70465969126036,240.23794258445935,1535.4110174661882,7.35,7.522879676069396,1.9005605315489114,4.396735792510352,10.64902355962844
8,8,uncalibrated,83,4,304.65,303.11003592255105,1.3331569791240214,300.91718783014323,305.30288401495886,2419.87,1675.8250866995618,205.0110886184849,1338.6118540201774,2013.0383193789462,12.79,9.599070706250718,2.121772713676989,6.109065162592456,13.08907624990898
8,8,uncalibrated,84,4,315.33,313.78668048169516,1.213714378005895,311.790297984949,315.7830629784413,96.59,74.13789034829938,186.84750602392182,-233.19890762198537,381.4746883185841,6.91,3.633553974033184,1.6899411059524752,0.853848216572874,6.413259731493493
8,8,uncalibrated,85,4,311.02,310.75652923464656,1.1055984257638207,308.93798165407713,312.575076815216,146.83,186.36152399472604,198.67808508370393,-140.4348448509774,513.1578928404294,5.0,5.605850250170751,1.4716420171112239,3.1852145407511747,8.026485959590328
8,8,uncalibrated,86,0,309.61,310.1694357720398,1.6521252779056268,307.4519315164985,312.88694002758103,540.43,670.4048784396451,229.39017142596268,293.0916229826306,1047.7181338966598,7.42,7.760676333112582,1.8189248819845742,4.768811143827978,10.752541522397186
8,8,uncalibrated,87,2,311.04,311.9979670215869,1.3980170852980554,309.69843354829425,314.2975004948795,153.39,188.49306892532377,301.86084916928496,-308.0238436654257,685.0099815160733,1.96,1.5268942839575717,1.7225609554984949,-1.30646635133912,4.360254919254263
8,8,uncalibrated,88,1,312.29,313.291885948281,1.2907460068091694,311.1687976975078,315.4149741990542,42.84,43.417668663786,282.81943904422025,-421.7789114204803,508.6142487480523,3.51,3.3718000343878094,2.0853666215065085,-0.05832281652070792,6.801922885296326
8,8,uncalibrated,89,1,311.14,310.9685587780215,1.3774447893076476,308.7028637204034,313.23425383563955,504.12,613.0599754688748,287.2267435840041,140.61402452726531,1085.5059264104843,4.26,4.733242991448012,1.9030461028371544,1.6030107069404558,7.863475275955569
8,8,uncalibrated,90,4,308.79,307.58495499063105,1.047646995586003,305.8617290301766,309.3081809510855,843.81,944.2336873107215,174.62701972693463,656.9978005491469,1231.4695740722962,7.69,7.263522795540885,1.4589408924280003,4.863778577122872,9.663267013958897
8,8,uncalibrated,91,3,302.53,305.1727889166363,2.3877192419911997,301.2453402613053,309.10023757196734,2030.6,1759.0543000308362,654.3724070057995,682.7074729903825,2835.40112707129,2.36,6.988754094153977,3.061480699121652,1.953066462361801,12.024441725946154
8,8,uncalibrated,92,1,312.07,310.8383377463252,1.1765427167037654,308.90309719149167,312.7735783011587,81.77,81.80232353266933,171.2905752627096,-199.9456004508026,363.55024751614127,5.71,4.263035179090797,1.5576299933139601,1.7009618351399332,6.82510852304166
8,8,uncalibrated,93,3,306.81,306.76836121383315,1.357276657417972,304.53583978110265,309.00088264656364,673.45,1222.0053352953673,430.96068085947815,513.1380963101791,1930.8725742805555,7.15,7.27029998634343,2.164755800455339,3.7095935565002294,10.83100641618663
8,8,uncalibrated,94,3,309.96,310.135309669146,1.3911418201371661,307.8470850006895,312.4235343376025,659.22,481.52689952258424,344.14926230211387,-84.54826278772111,1047.6020618328896,4.79,5.450392144682771,1.8166392890002063,2.4622864213082387,8.438497868057302
8,8,uncalibrated,95,3,314.36,313.5695032480668,1.8232280024998737,310.5705600553954,316.56844644073817,139.42,82.45006052144345,286.6904596065694,-389.11378177480657,554.0139028176934,5.84,3.4406753780605226,2.3789266394726796,-0.47231073312759,7.353661489248635
8,8,uncalibrated,96,2,310.35,311.35774036619915,1.289488244628446,309.2367209501108,313.4787597822875,94.55,118.26057002079551,266.280209058656,-319.7313976347309,556.2525376763219,3.98,5.547075448186945,1.5051501133683054,3.0713238251066692,8.022827071267221
8,8,uncalibrated,97,0,313.16,312.9470572423972,1.6472005513276764,310.2376534412294,315.656461043565,15.39,-3.0314760909775487,296.38412626409394,-490.53998114731536,484.47702896536026,0.53,1.8246236180802313,2.082613833031925,-1.6009712987216371,5.2502185348821
8,8,uncalibrated,98,0,306.83,306.48342661467046,0.761797165363497,305.230381784221,307.73647144511995,1407.27,1512.260703886722,215.6136957277346,1157.6077344485468,1866.9136733248972,10.88,11.599036697327339,1.1930301994441073,9.636676646709061,13.561396747945617
8,8,uncalibrated,99,0,309.81,309.852046759559,1.2271717766869805,307.83352881178297,311.87056470733506,533.37,665.3360110091166,262.5930919427566,233.40881131467222,1097.263210703561,7.02,5.160564166436997,1.5275287087432068,2.648003029588235,7.673125303285758
8,8,holdout,0,2,312.33,312.0573504861668,1.8772376511830344,309.68247064202467,314.4322303303089,84.06,163.7551029721585,366.39629419406435,-198.69850658805706,526.2087125323741,0.31,3.955571557487245,2.063972683165633,-0.013558646957934517,7.924701761932425
8,8,holdout,1,0,311.68,309.6312316942527,1.461949742269019,306.66090453225075,312.6015588562546,204.84,235.99509466768313,251.14894777042102,-875.4983863856578,1347.488575721024,9.2,7.023244874948456,1.8421100790229936,3.7011010833595432,10.345388666537369
8,8,holdout,2,2,301.44,306.65046121889725,1.8012385513427616,304.37172728908297,308.9291951487115,220.66,361.4678419192532,352.67627787250643,12.586611550023179,710.3490722884833,4.44,9.496877402383237,2.6695032073928813,4.363279512378568,14.630475292387906
8,8,holdout,3,0,314.31,314.2360900088985,1.5514847916449805,311.0838493505408,317.3883306672562,12.81,9.765902756312926,222.8957304434266,-976.6891612281108,996.2209667407367,2.87,2.9494027778732095,2.108248985609567,-0.8527078334433154,6.751513389189734
8,8,holdout,4,2,306.89,306.6957272742861,1.5444987593744763,304.74179300782316,308.6496615407491,422.12,475.62127612859035,307.3502293977804,171.57835372560908,779.6641985315716,12.1,11.256706489224081,1.8772563270853444,7.6466418550874895,14.866771123360673
8,8,holdout,5,4,307.84,307.98393280055143,0.8751076381345142,305.1161593993451,310.85170620175774,2201.12,1887.4307662270019,163.59966117804632,1375.1558503724127,2399.705682081591,5.77,6.278312278758501,1.3977218668368274,3.891031956466086,8.665592601050918
8,8,holdout,6,1,314.22,311.53856331367075,2.4553992843790864,307.81098401649393,315.26614261084757,87.66,276.28628426452514,462.4446755906312,-214.15193398593453,766.7245025149848,3.45,3.574434692360238,2.7205404142267016,-2.314177134038433,9.46304651875891
8,8,holdout,7,2,301.14,305.0367135924599,2.180196120454068,302.2785631688946,307.79486401602514,965.47,1193.3623613511418,633.1696308001303,567.0060859629882,1819.7186367392953,6.46,9.304025659794771,3.3602690684323697,2.842047958558176,15.766003361031366
8,8,holdout,8,4,306.32,305.49326236181037,1.245976595897155,301.41013203071594,309.5763926929048,331.97,313.33474724582686,160.85502341043488,-190.34596327037661,817.0154577620303,10.22,6.9730604096606505,1.7402205309039025,4.000799383740006,9.945321435581295
8,8,holdout,9,4,304.34,303.7695473632264,1.4869663471714325,298.8966810401791,308.64241368627376,421.99,440.6448676460043,264.6230578897276,-387.9617060932528,1269.2514413852614,3.37,5.6504422309655915,3.3076776522617792,0.0009965443204418278,11.299887917610741
8,8,holdout,10,2,303.31,306.42553905653114,1.843327798856441,304.0935583225563,308.75751979050597,1035.72,446.5331626657669,346.45734256038355,103.80394744302885,789.262377888505,5.86,8.588735506116175,2.269500645443824,4.224364003377624,12.953107008854726
8,8,holdout,11,0,308.31,307.63262794681395,1.3858543441656963,304.8169081706575,310.4483477229704,374.66,424.48578258281674,268.8702319956666,-765.4356276620065,1614.4071928276398,8.57,7.712702024025021,1.9786910023959299,4.144242080214884,11.281161967835159
8,8,holdout,12,0,307.47,306.4941226813878,1.4035180548953317,303.642514530792,309.3457308319836,850.87,803.8369982256277,229.10401730298514,-210.09367509010121,1817.7676715413565,10.63,9.72347336392138,2.029265960649691,6.0638042760509085,13.383142451791851
8,8,holdout,13,4,306.43,307.511146563102,1.0505683648717297,304.0683792032485,310.95391392295545,2256.33,1204.8943933783617,162.4918307369707,696.0883951358054,1713.7003916209178,4.77,7.38029315445144,1.493736859178541,4.829021191689692,9.93156511721319
8,8,holdout,14,4,313.31,313.3362334776966,1.2687690019410545,309.17841124248224,317.494055712911,0.85,63.496535221058366,288.8123499490205,-840.8532733453818,967.8463437874985,0.42,1.674569563448979,1.945559001888243,-1.6484053654457216,4.99754449234368
8,8,holdout,15,4,311.83,313.2001099915106,1.0633164777346673,309.71556640049334,316.68465358252786,194.23,117.96974943444548,171.9599646840738,-420.48354444507197,656.4230433139629,3.51,3.268423151665644,1.6970908672938392,0.36982670786705585,6.167019595464232
8,8,holdout,16,1,307.32,307.2057058111733,0.8177992369280499,305.96419225196786,308.4472193703787,1604.24,1531.963945994189,136.4552103962214,1387.2485804810258,1676.6793115073524,11.92,11.395512671756812,0.934018111528179,9.373829748447344,13.41719559506628
8,8,holdout,17,0,311.08,311.253673277803,1.2923534003363337,308.6279247332828,313.8794218223232,560.59,484.90876257883747,254.16979390041047,-639.9538797254506,1609.7714048831256,3.19,2.8123750490388186,1.8644986724694919,-0.5501453343551508,6.174895432432788
8,8,holdout,18,4,311.14,310.2113007185445,1.094049076333679,306.6260447980131,313.79655663907596,68.07,78.88855095475901,123.86234469448195,-308.95804817030404,466.73515007982206,5.46,6.084938211975544,1.639512592549528,3.2846842821992306,8.885192141751858
8,8,holdout,19,1,312.39,310.7526160142456,2.301288985601834,307.2589939242971,314.24623810419405,59.84,242.66068827691993,457.425074708677,-242.45407347632766,727.7754500301676,5.02,4.722993913684581,2.6799244412026217,-1.077704607754689,10.523692435123852
8,8,holdout,20,3,308.85,309.10275611063236,1.2946911538701387,306.7062087270194,311.49930349424534,484.91,397.01128649005017,180.15385827587977,-512.6544750683236,1306.677048048424,7.06,7.535533222524559,1.635190145620047,3.7986230972233703,11.272443347825748
8,8,holdout,21,3,311.28,310.16765354570964,1.0580096415707179,308.20921717981327,312.126089911606,410.23,700.87911001387,163.254124357232,-123.45342875169024,1525.21164877943,5.16,4.20213370778387,1.5000489183915677,0.7740626625911529,7.630204752976587
8,8,holdout,22,1,312.03,311.2637358912954,2.217367283629723,307.8975166237088,314.62995515888207,122.49,411.31023945165845,444.1618480994199,-59.73842192279625,882.3589008261131,3.07,6.321096200198389,2.612962251489323,0.6653373900772328,11.976855010319547
8,8,holdout,23,0,307.93,307.4580467545657,1.149631753097203,305.12227396854325,309.7938195405882,117.49,156.08091934289035,269.5370419083886,-1036.791547944663,1348.953386630444,6.42,7.770330798321796,1.9346848593539037,4.2812335031197035,11.259428093523887
8,8,holdout,24,1,306.65,306.62057479657653,0.9981592143782396,305.10525399051727,308.1358956026358,1388.31,1318.422610825465,190.08784605297328,1116.8280213532869,1520.017200297643,11.47,11.550678418876725,1.2550228833605674,8.834180419173729,14.267176418579721
8,8,holdout,25,2,308.18,308.6077755826023,1.0552956727162697,307.27272862082583,309.94282254437877,1252.74,1162.6852200995957,406.81191579496954,760.2508897624689,1565.1195504367224,7.11,7.195722656036459,1.3947720364485496,4.513501198680482,9.877944113392436
8,8,holdout,26,3,310.29,310.00938580844024,1.3322966815314778,307.5432284420474,312.4755431748331,785.56,834.3792850039421,287.7557509474202,-618.6096036799544,2287.3681736878384,5.06,4.87507639251997,1.840641762540312,0.6686464198876845,9.081506365152256
8,8,holdout,27,4,303.33,303.8182783876464,1.3050289355805758,299.54163045752364,308.09492631776914,1918.36,2039.1606982399605,246.78300581630492,1266.4161666892142,2811.905229790707,8.91,7.232221568851812,2.9087005091206724,2.2642206713768687,12.200222466326755
8,8,holdout,28,3,302.73,303.6716225915048,1.741467021768144,300.4480675203273,306.8951776626823,2026.87,1726.4649622708628,668.3019747482973,-1648.0474163617125,5100.977340903438,13.02,6.902869039374516,2.4971178907168237,1.1961901220110338,12.609547956737998
8,8,holdout,29,0,310.24,310.0775331807235,1.1991997824804599,307.6410501857335,312.5140161757135,305.92,344.9511942485586,222.67362319984662,-640.5209042266506,1330.4232927237676,5.99,5.936942551385882,1.7529140107623111,2.775658942790772,9.098226159980992
8,8,holdout,30,0,305.2,305.45410226524825,1.4724740929941762,302.4623921761063,308.4458123543902,2372.98,1752.0112243492636,304.86128646910277,402.8065569831401,3101.215891715387,10.28,8.454708699546806,1.9676380769944675,4.906182096268,12.003235302825612
8,8,holdout,31,3,307.79,307.0359958296881,1.453481855450135,304.34551777444267,309.7264738849335,1236.45,1208.1816873669832,187.7866951404979,259.9748119753938,2156.3885627585723,12.82,10.913138432815563,1.5109466434455385,7.460162749342086,14.36611411628904
8,8,holdout,32,1,309.58,309.5203096698046,1.63956594278896,307.0312594759817,312.0093598636275,717.28,713.3922682674486,384.1431469904405,305.9954692395545,1120.7890672953426,6.31,5.823288964108933,1.742561141083306,2.051514029266575,9.595063898951292
8,8,holdout,33,0,311.54,311.2582252030765,1.212687394262359,308.79433865345806,313.72211175269496,686.14,624.5502454426287,237.41284621546157,-426.15226885985635,1675.2527597451137,4.98,3.2300216159452995,1.7881038297319747,0.005275112299309104,6.454768119591289
8,8,holdout,34,1,308.55,309.498084982795,1.63427039654968,307.0170740389036,311.97909592668634,367.47,276.91953125806236,332.88047729714157,-76.11147286683445,629.9505353829592,5.43,4.911551491866714,1.8106018533520651,0.992502382802507,8.830600600930921
8,8,holdout,35,1,306.8,307.57055274756806,2.1488227040684476,304.3083920570657,310.8327134380704,554.95,628.2937893590124,387.1777345796267,217.67870756364,1038.9088711543848,12.78,11.150936818599337,2.709413980197345,5.286408167244966,17.01546546995371
8,8,holdout,36,2,307.12,307.74332396375945,1.381058297498361,305.9961570495187,309.49049087800023,2075.38,1978.1283966665187,527.8329910248865,1455.9752639151168,2500.281529417921,5.9,6.2836608162213885,1.7765853299113703,2.867191910775345,9.700129721667432
8,8,holdout,37,2,309.05,309.54195578875107,1.4845597690649834,307.6638499076151,311.42006166988705,1337.07,1378.95526046725,484.79096200213905,899.3809939033628,1858.5295270311371,4.68,5.666694824458722,2.063152692140135,1.6991415067491205,9.634248142168325
8,8,holdout,38,2,307.56,307.244427440786,1.767172207441214,305.0087905975044,309.4800642840676,316.18,691.5155312775564,541.874122161267,155.47235994406697,1227.5587026110459,8.14,5.236893888641741,1.9133747622436577,1.557371565896462,8.91641621138702
8,8,holdout,39,0,312.34,312.42823938721455,1.3618178447546652,309.66135594586206,315.19512282856704,106.38,178.43120093770926,201.33073506407374,-712.5850726560541,1069.4474745314726,5.13,4.307317045012994,1.944009111426725,0.8014039761567218,7.813230113869265
8,8,holdout,40,1,309.58,308.281586854209,1.9940326925324712,305.25441525329467,311.3087584551234,435.02,407.64422466003674,240.21523853870133,152.88784015833878,662.4006091617347,7.83,8.563333576825206,1.5057373743001192,5.304163867973638,11.822503285676774
8,8,holdout,41,0,307.48,307.263977217379,1.3161043863714461,304.58997243196035,309.9379820027977,1296.42,882.1652145040186,210.9317848839432,-51.34179767650653,1815.6722266845438,8.74,8.069531483707216,1.7912831028144995,4.8390513366415675,11.300011630772865
8,8,holdout,42,3,304.47,305.6198433685296,1.419459392156635,302.99234283896385,308.2473438980953,451.73,749.6741148192345,325.3773316748294,-893.2805298631863,2392.6287595016556,7.37,8.853258741589253,1.9452411866220076,4.4077870599553854,13.29873042322312
8,8,holdout,43,0,311.63,311.91567395649605,1.1520612744756822,309.5749649725097,314.2563829404824,91.86,87.62224873481034,216.19489590261534,-869.177369842225,1044.4218673118457,2.46,2.392294725933038,1.7464869897408446,-0.7573981052009331,5.541987557067008
8,8,holdout,44,0,312.52,312.4036600280186,1.1385003224200587,310.09050360830224,314.7168164477349,220.1,381.62920782831185,262.3081013967261,-779.2506099778668,1542.5090256344904,1.31,1.7915380142815245,1.603224349884462,-1.0997885579707054,4.682864586533754
8,8,holdout,45,3,312.59,312.7021204543238,1.0541816074732127,310.7507699985098,314.6534709101378,188.63,133.65236089546795,137.92533974161552,-562.785452954297,830.090174745233,1.23,1.7545919270012584,1.4151662825423506,-1.4794963069466447,4.988680160949162
8,8,holdout,46,2,306.36,307.03099732769135,1.7778353994833442,304.78187055688824,309.28012409849447,947.21,942.5097507001468,494.0459128616957,453.78012312823597,1431.2393782720576,7.22,7.173935623329114,1.7935478888003198,3.7248468070771064,10.62302443958112
8,8,holdout,47,2,302.67,306.5366129093715,1.8254894772035242,304.2271993077574,308.8460265109856,1366.98,1419.2512771019392,325.8403644297498,1096.9171866664465,1741.585367537432,10.28,13.168295138156921,1.6057251258886085,10.080399571910439,16.256190704403405
8,8,holdout,48,4,312.73,312.61468520902514,1.139551670817361,308.8803149116333,316.34905550641696,46.91,42.02401478994136,218.06806665649756,-640.8062532718907,724.8542828517734,1.25,1.822386069331336,1.6422504760129368,-0.9825441093268221,4.627316247989494
8,8,holdout,49,4,310.89,309.86810318528677,1.0648477908499807,306.37854140127286,313.3576649693007,93.48,66.7725941799074,257.8152116711106,-740.5167664081712,874.061954767986,4.63,4.36436817449551,1.5454781835179774,1.724723089458423,7.004013259532598
8,8,holdout,50,1,307.08,306.40424687745417,3.10516024263065,301.6902555081142,311.11823824679414,130.32,399.51595069710146,491.3133931752061,-121.53851888606454,920.5704202802674,7.26,7.332859251635828,3.353420023643408,0.07437902217683856,14.591339481094817
8,8,holdout,51,3,306.76,306.88807236434405,1.1012634287615026,304.849570764192,308.92657396449613,1543.82,1696.9881746555002,133.20210138515424,1024.3997984901198,2369.5765508208806,10.96,10.704583318135452,1.4462493489935797,7.399460760712609,14.009705875558295
8,8,holdout,52,2,310.33,310.8184820214936,1.7366504755463326,308.6214580016016,313.0155060413856,570.52,548.6618879234557,417.746870182167,135.41027108310675,961.9135047638046,5.7,5.758775487671027,2.218839585884644,1.491827920494031,10.025723054848022
8,8,holdout,53,3,312.69,312.74671911749965,1.1295428188820107,310.65587074862134,314.83756748637796,95.36,80.63825634884938,162.83317057169165,-741.5687256866515,902.8452383843503,1.39,1.7204718000501948,1.5567689519539027,-1.8372218876799997,5.27816548778039
8,8,holdout,54,2,311.54,311.40692299589716,1.579849722894759,309.40826647986586,313.40557951192847,223.41,228.29247432735013,331.3295373364594,-99.47172161156561,556.0566702662659,4.71,4.783407086708122,1.787711502301035,1.345541954823679,8.221272218592565
8,8,holdout,55,0,308.42,304.58278234821364,1.4297331198173024,301.67791154628316,307.4876531501441,709.64,842.7525253884708,234.73389568476037,-196.09393266781944,1881.598983444761,12.53,9.746164896840263,1.724527119517017,6.636075478856759,12.856254314823767
8,8,holdout,56,3,308.18,307.8019465324167,0.9985213415837207,305.95362641259436,309.65026665223905,1523.36,1661.6566996038457,187.5073887162207,714.8601492176703,2608.453249990021,7.59,6.852998203535707,1.2798477271854514,3.9281542987618767,9.777842108309537
8,8,holdout,57,1,308.44,308.8636353597883,2.1533878257788786,305.5945442880298,312.1327264315468,1059.82,1059.0096014650023,493.9964667477902,535.1096416170984,1582.9095613129061,5.32,6.112821480546018,2.5802703551501582,0.5278243052836942,11.697818655808343
8,8,holdout,58,2,309.87,310.6545745653108,1.6546939841060835,308.5612331129911,312.7479160176305,261.82,234.51840295126124,334.9158918642741,-96.79355579084643,565.8303616933689,2.03,5.063263728930141,2.067871582441301,1.086635731997026,9.039891725863257
8,8,holdout,59,4,308.33,309.413561252621,0.9754864814581203,306.2168411431664,312.61028136207557,1098.75,1282.5807105877043,178.68830479276718,723.0591587533563,1842.1022624220523,2.44,4.782247849108873,1.4703430202993961,2.2709320840314677,7.293563614186278
8,8,holdout,60,4,306.45,305.8084841262738,1.4240141784726486,301.14191534546654,310.4750529070811,268.91,290.3024426833126,289.1165577829729,-614.9999231281618,1195.604808494787,8.27,6.402198622044595,2.4387137005717525,2.236925567931662,10.567471676157528
8,8,holdout,61,4,303.98,302.8316868275267,1.3432572076380316,298.42976285477437,307.23361080027905,704.72,738.9235339391839,236.08110861311602,-0.31045455926584964,1478.1575224376338,7.93,6.566623527068136,2.3915832010688955,2.481848400842395,10.651398653293876
8,8,holdout,62,0,308.91,308.5987752670435,1.3025815634475189,305.95224557675056,311.24530495733643,671.26,794.1978990562989,224.38227128196945,-198.8360515451228,1787.2318496577204,8.35,8.019477317025252,1.6544013924818826,5.035855774850772,11.003098859199733
8,8,holdout,63,4,309.65,310.38300681896675,1.0134604683436017,307.06184397266196,313.70416966527154,616.92,671.4340261464336,188.68778332191312,80.60139466056239,1262.2666576323047,2.11,3.8132344416659536,1.6885011579401177,0.9293090455206143,6.697159837811293
8,8,holdout,64,1,311.97,311.4934886236323,1.6243441190134824,309.02754691384774,313.95943033341683,177.02,239.38625229731764,335.94232703296046,-116.89194702356184,595.6644516181971,2.3,2.2997940440240603,1.8709949544020923,-1.7499759788763658,6.349564066924486
8,8,holdout,65,2,306.98,308.0619117603175,1.1670359409898927,306.5855029892172,309.5383205314178,2215.59,1616.253913573631,397.2560532711575,1223.2726178853272,2009.2352092619349,6.68,7.335244788029066,1.734840916415134,3.999052629376316,10.671436946681817
8,8,holdout,66,3,306.01,306.366215497876,1.1585929581719117,304.22159365947124,308.51083733628076,1493.56,1404.5271713620723,192.47853344857165,432.62940914480737,2376.4249335793374,12.0,11.80258379722625,1.375924040004482,8.658176102188198,14.946991492264301
8,8,holdout,67,4,311.22,312.15497648282246,0.9998727499787068,308.8783412987296,315.43161166691533,462.07,505.48843302177045,216.86610389051086,-173.57816358516732,1184.5550296287083,3.64,3.9037020273915486,1.731988155048414,0.9455017308275964,6.861902323955501
8,8,holdout,68,3,304.88,308.53942107540837,1.3515405151939912,306.03764227213713,311.0411998786796,395.97,403.1331231363914,201.90058714547212,-616.3401932969243,1422.6064395697072,8.3,9.95236653959455,1.7639954884211138,5.921096769945285,13.983636309243815
8,8,holdout,69,2,310.04,309.55771552263843,2.0487593764195267,306.9658447781487,312.14958626712814,990.55,965.6936073846825,469.78861666807035,500.9602502523793,1430.4269645169857,2.36,4.732887951450771,2.7792422735710622,-0.6117440504527867,10.07751995335433
8,8,holdout,70,1,312.89,312.13218029002314,1.9621297968521343,309.15344096414225,315.11091961590404,164.97,432.63010491536164,363.6109421274825,47.00840353970352,818.2518062910198,0.86,4.590665705087375,2.0479434261229805,0.15789057857227995,9.02344083160247
8,8,holdout,71,3,312.89,312.395145746131,1.2983043290159002,309.9919101686455,314.79838132361647,42.42,72.76536357906241,238.06164656960195,-1129.2989779625555,1274.8297051206805,0.86,1.3065551645370865,1.6162025104903095,-2.386962401090294,5.000072730164467
8,8,holdout,72,0,311.83,311.0785301852183,1.009752902653615,309.0269572843556,313.130103086081,492.81,435.69031575469603,209.5371159627815,-491.64440134810525,1363.0250328574973,6.49,3.392544172782567,1.406169705153558,0.8565947693821232,5.92849357618301
8,8,holdout,73,1,307.38,308.0896785494885,2.148044594516727,304.82869911902577,311.3506579799512,663.32,736.3835671909659,428.08025677766136,282.3899772894437,1190.377157092488,9.56,9.192576396472667,2.4487804418608974,3.8921892400133045,14.492963552932029
8,8,holdout,74,4,313.21,313.11169511522536,1.232873714683567,309.07150360969484,317.1518866207559,15.08,17.811808607720195,195.49005391081567,-594.3205772202939,629.9441944357343,0.39,1.5386497950224687,1.761948991639079,-1.4707229968206628,4.5480225868656
8,8,holdout,75,3,307.86,308.0867747388585,1.0576374347595847,306.12902734906015,310.0445221286568,946.9,1137.166329463078,155.47881248170296,352.09431537512864,1922.2383435510274,8.0,6.822805355460904,1.3339907658759111,3.774228030424666,9.871382680497142
8,8,holdout,76,1,307.58,307.8164955134898,1.2998260910759698,305.8432095970812,309.7897814298984,1109.01,1313.99168366832,409.9600981967737,879.2151347619746,1748.7682325746655,8.19,7.9466998836542535,1.5070235870742263,4.684746166260387,11.20865360104812
8,8,holdout,77,2,312.31,312.29984413064193,2.0026277050111494,309.7663342316932,314.8333540295907,65.54,108.11195200405189,348.4930664042703,-236.63108122660992,452.8549852347137,2.01,4.364162077930853,2.0847921701707532,0.3549948829832923,8.373329272878415
8,8,holdout,78,3,312.73,313.0005067879992,1.152599166370749,310.8669798010701,315.1340337749283,68.26,59.8310850485899,176.82725754021573,-833.0373965593625,952.6995666565423,1.34,2.5646059634609224,1.6394927260081242,-1.1821368753385677,6.3113488022604125
8,8,holdout,79,1,306.53,307.5169452588035,1.7190865952946768,304.9071735432859,310.1267169743211,466.58,617.3252012227634,366.593984623587,228.53988239408483,1006.1105200514421,7.25,7.5127226277569426,1.9473480818636228,3.2976862015341117,11.727759053979774
8,8,holdout,80,1,315.92,311.65766502237574,2.2223432786631796,308.28389162044215,315.03143842430933,84.11,321.3382333798665,421.2398781050981,-125.40090359916144,768.0773703588944,3.9,4.828019179242196,2.5058974353113146,-0.5959977536254195,10.25203611210981
8,8,holdout,81,2,309.26,306.7780406529606,2.7763441938247695,303.2657075915817,310.2903737143395,613.05,713.0156573896686,416.4512037621767,301.04576467741015,1124.985550101927,8.86,9.869920900833268,2.68509324100835,4.706342539761237,15.033499261905298
8,8,holdout,82,3,310.16,308.5345518347642,1.2811931355707034,306.1629900551254,310.906113614403,517.94,601.1610794207352,175.65921688191168,-285.8095179834818,1488.1316768249521,7.35,7.572211277767791,1.6588462250399978,3.7812397682623686,11.363182787273214
8,8,holdout,83,4,304.65,303.9309848818698,1.255075768372096,299.81803608769775,308.04393367604183,2419.87,1748.7548227722452,215.88454921016768,1072.7617401179573,2424.747905426533,12.79,9.252664857636397,2.549847331882065,4.897577837335453,13.607751877937341
8,8,holdout,84,4,315.33,313.53623571296947,1.1786615095859179,309.6737004328276,317.3987709931113,96.59,25.367855874797442,179.70546245605925,-537.3386925091871,588.074404258782,6.91,3.2916025357973986,1.6199193990804175,0.5248133791848124,6.058391692409985
8,8,holdout,85,4,311.02,310.822527241543,1.314591809286256,306.5145412752094,315.1305132078766,146.83,204.96888547159352,269.11222215446423,-637.6944792745387,1047.6322502177259,5.0,5.901241659634905,1.9390786285325388,2.58933507570943,9.21314824356038
8,8,holdout,86,0,309.61,309.1981806539379,1.3827683672455922,306.38873083412955,312.0076304737463,540.43,627.446687388006,209.8711746663478,-301.3664514824328,1556.2598262584447,7.42,7.629152729587439,1.9144212264126064,4.176599777276446,11.08170568189843
8,8,holdout,87,2,311.04,311.939266904408,1.7459658312957755,309.7304580949895,314.1480757138265,153.39,209.17486915692655,386.43321233377424,-173.10004705753647,591.4497853713896,1.96,2.5342578963515243,2.3975338246648157,-2.0763282791693016,7.144844071872351
8,8,holdout,88,1,312.29,311.53112539509107,2.185445544219564,308.213367009493,314.8488837806891,42.84,203.80360488162643,430.72316718235203,-252.9928808867724,660.6000906500253,3.51,3.1438492177499855,2.5078459555991923,-2.2843852887846747,8.572083724284646
8,8,holdout,89,1,311.14,310.40581322990045,2.209852918145258,307.051001635758,313.7606248240429,504.12,573.5563958668162,460.8945505134545,84.76213768562309,1062.3506540480093,4.26,5.490938723806709,2.4235837594958536,0.24508980577413375,10.736787641839284
8,8,holdout,90,4,308.79,307.4751983391841,1.0088037442127813,304.169295820886,310.78110085748216,843.81,977.3252083180548,215.66243678887665,302.0276199032279,1652.6227967328819,7.69,7.071159738570546,1.5408007874314686,4.439503550253061,9.70281592688803
8,8,holdout,91,3,302.53,304.197296435363,1.2470777604949692,301.88888416642743,306.50570870429857,2030.6,1938.5051192322162,498.2272156103966,-577.234725891155,4454.244964355587,2.36,7.043150965377066,2.0952237080573757,2.2549233024456816,11.83137862830845
8,8,holdout,92,1,312.07,310.7397350141444,1.4326454295885398,308.56481402369553,312.91465600459327,81.77,120.49088164729744,285.7053455353491,-182.50929979068144,423.4910630852763,5.71,4.077543040300827,1.8261497309379355,0.12484053820162666,8.030245542400028
8,8,holdout,93,3,306.81,306.78839861163505,1.198022579247394,304.57079028920066,309.00600693406943,673.45,747.2497607339824,159.61889350569655,-58.72710653694605,1553.2266280049107,7.15,7.809217124767055,1.6435356092094435,4.05323506005192,11.56519918948219
8,8,holdout,94,3,309.96,309.8480183098642,1.1820671310172801,307.6599444347734,312.03609218495495,659.22,583.0137346811949,190.32132542491607,-377.9914588258654,1544.0189281882554,4.79,4.711318209977103,1.5997910162727247,1.0553059333078818,8.367330486646324
8,8,holdout,95,3,314.36,313.58279011485365,1.2527723656705911,311.26383680600014,315.90174342370716,139.42,43.72032645520346,192.4187070687915,-927.8753494795648,1015.3160023899717,5.84,3.1879396457365634,1.7406029792881446,-0.789871078510954,7.165750369984081
8,8,holdout,96,2,310.35,311.46119399805224,1.1505428098547323,310.0056505684685,312.91673742763595,94.55,116.19294035141434,218.7629782610953,-100.2159927227824,332.6018734256111,3.98,5.6124797562427124,1.3518882729470811,3.012726076867643,8.212233435617781
8,8,holdout,97,0,313.16,313.65565566795465,1.2782044349321429,311.0586543881585,316.2526569477508,15.39,-5.814538656823856,279.2402672645262,-1241.6299361229949,1230.0008588093474,0.53,1.6562882528624936,1.8035291004138703,-1.5962768745525047,4.908853380277492
8,8,holdout,98,0,306.83,305.6422498981653,1.2435007298560115,303.1157581268901,308.16874166944046,1407.27,1672.5655305332964,246.84779907664438,580.1073620966897,2765.0236989699033,10.88,10.618588482146505,1.859663977293157,7.264787204492842,13.972389759800167
8,8,holdout,99,0,309.81,310.1622941293314,1.1460423340781445,307.8338141718515,312.49077408681137,533.37,563.4482068794025,235.38442367313803,-478.2772503713636,1605.1736641301686,7.02,5.53564111665563,1.590069669836984,2.6680382833632597,8.403243949948001
8,8,cross_fitted,0,2,312.33,311.7355967101102,1.7861973520580685,309.2623380062049,314.2088554140155,84.06,137.53580958822033,389.3465380305353,-390.8794241004018,665.9510432768425,0.31,3.2082049908808346,2.434957165191561,-0.6780150056777701,7.094424987439439
8,8,cross_fitted,1,0,311.68,310.34959155635147,2.263022831425262,306.91040468133633,313.7887784313666,204.84,238.17010130177897,256.9987509566788,-78.00783687484909,554.348039478407,9.2,6.8811331318225,1.8284262965736464,3.6206025556565535,10.141663707988446
8,8,cross_fitted,2,2,301.44,306.8863607804666,1.996963662019299,304.12126444171037,309.6514571192228,220.66,372.99053438947124,429.6016161764789,-210.05828261863144,956.0393513975739,4.44,9.47377431368192,3.0426280567631596,4.6177044963909015,14.329844130972939
8,8,cross_fitted,3,0,314.31,313.52021024964034,2.086012939957908,310.35003086629905,316.69038963298163,12.81,6.683317763987816,248.91997109491484,-299.55553724524395,312.9221727732196,2.87,3.4658790266027597,2.4700380410260556,-0.9388019671843479,7.870560020389867
8,8,cross_fitted,4,2,306.89,307.13250270599275,1.6052664664673315,304.90977000755765,309.35523540442784,422.12,632.9096734495563,431.89308782661993,46.75090576968171,1219.068441129431,12.1,10.585519832591402,2.277309453177077,6.950907420593408,14.220132244589395
8,8,cross_fitted,5,4,307.84,308.0109662365785,0.9616274455297034,306.3489323919565,309.6730000812005,2201.12,1771.3518639754739,235.43102445954935,1477.8304263916912,2064.8733015592566,5.77,6.544066488277769,1.3902833493031406,4.169577331120099,8.91855564543544
8,8,cross_fitted,6,1,314.22,313.4558366674803,1.4873845677567563,311.1704654582454,315.7412078767152,87.66,104.71673248300101,279.6192772986669,-197.4162127610379,406.84967772703993,3.45,3.629231244276014,2.2679757452719214,-0.3323843501234487,7.590846838675477
8,8,cross_fitted,7,2,301.14,305.1580556535168,2.3397256539518057,301.9183538189355,308.3977574880981,965.47,1203.0909089270888,618.8155317016661,363.2438270746751,2042.9379907795023,6.46,9.355493939702116,3.4064419588043147,3.9187728972684495,14.792214982135782
8,8,cross_fitted,8,4,306.32,305.80882851481886,1.3173314932882292,303.5320117115865,308.0856453180512,331.97,414.95568773824095,229.80702758421805,128.44591589224018,701.4654595842417,10.22,7.048840449987617,1.6536778492365174,4.224495236896992,9.873185663078242
8,8,cross_fitted,9,4,304.34,304.0918201261293,1.6746667309751495,301.19740108860907,306.9862391636495,421.99,527.7889128771302,191.47983995139973,289.06320533766313,766.5146204165973,3.37,6.4243983128866144,3.411471489182733,0.5978867135948658,12.250909912178363
8,8,cross_fitted,10,2,303.31,306.0176087513316,1.9004887258066556,303.3860964621888,308.64912104047437,1035.72,379.0898099130908,362.21842251629386,-112.50755563292165,870.6871754591032,5.86,8.955674773522418,2.2898433755989553,5.301058075351535,12.610291471693301
8,8,cross_fitted,11,0,308.31,308.0869022448679,1.3951043037952093,305.9667184162903,310.20708607344545,374.66,345.6191910989217,224.21819924880873,69.77019309303324,621.4681891048101,8.57,8.306264262593917,1.5357872395954058,5.567580585505038,11.044947939682796
8,8,cross_fitted,12,0,307.47,306.5902974816273,1.2417016543534607,304.7032444775498,308.47735048570485,850.87,813.7277692471918,227.92103457821733,533.323282798259,1094.1322556961245,10.63,10.457504952438958,1.5411876538988585,7.709191017902256,13.20581888697566
8,8,cross_fitted,13,4,306.43,307.67813116891716,1.0601674355376594,305.84578521516886,309.51047712266546,2256.33,1201.211973264625,198.40334044051193,953.8544559569198,1448.56949057233,4.77,7.377491916043742,1.42842040897859,4.937867810150176,9.81711602193731
8,8,cross_fitted,14,4,313.31,313.26467777899614,1.3994789275495263,310.8458810264333,315.683474531559,0.85,-58.52145508051353,275.187026053379,-401.60831747265246,284.5654073116254,0.42,1.2306719880735368,1.8189956947329313,-1.876022453908206,4.33736643005528
8,8,cross_fitted,15,4,311.83,312.92535660686684,1.0449915981363138,311.1192398913737,314.73147332236,194.23,165.28595955003578,204.46886678743564,-89.63369625296042,420.205615353032,3.51,3.228034446882301,1.4600279122883866,0.7344273353434785,5.7216415584211235
8,8,cross_fitted,16,1,307.32,306.60829994432163,0.9467024715454511,305.1536885283618,308.0629113602815,1604.24,1697.8296205584065,210.87046751479429,1469.9808254727182,1925.678415644095,11.92,10.718335602027391,1.3198559908712557,8.412860295822027,13.023810908232756
8,8,cross_fitted,17,0,311.08,311.1428300205808,1.490694984013998,308.87737403291715,313.40828600824443,560.59,458.69284586605386,277.53668998082253,117.24769066646962,800.138001065638,3.19,2.84368195851235,1.8138399871360933,-0.39083766604800907,6.078201583072709
8,8,cross_fitted,18,4,311.14,310.03706720243343,1.2599021785948594,307.8595086567909,312.21462574807595,68.07,73.50335521940656,215.3617644922302,-194.99691937036187,342.003629809175,5.46,6.065903287377153,1.6397349961119885,3.2653713160840576,8.866435258670247
8,8,cross_fitted,19,1,312.39,311.8377504534594,1.2488755335922006,309.91884914826835,313.7566517586505,59.84,47.871548150289414,292.0423840282162,-267.68475567453385,363.4278519751127,5.02,4.694417525648708,1.7196211906332166,1.6906472518817228,7.6981877994156935
8,8,cross_fitted,20,3,308.85,309.65764221932017,1.3428020427990555,307.84174294455147,311.47354149408886,484.91,542.1543640711064,324.4516349947282,50.09016038140538,1034.2185677608074,7.06,7.763911554290011,2.0006151733252846,4.41557349035771,11.112249618222311
8,8,cross_fitted,21,3,311.28,310.5445998479662,1.1534567934015734,308.9847561123633,312.1044435835691,410.23,710.9083656620178,190.0272634051508,422.7125177714442,999.1042135525913,5.16,5.6576968182654195,1.944208117096628,2.4037646630571117,8.911628973473727
8,8,cross_fitted,22,1,312.03,312.2536957903954,1.1858750598591632,310.43159491729085,314.07579666349994,122.49,220.8495184637037,307.4945461812163,-111.40308508257175,553.1021220099792,3.07,4.807235310702621,1.5865394711647474,2.0359272298294013,7.578543391575842
8,8,cross_fitted,23,0,307.93,307.42828445955996,1.854753263052463,304.60955767072585,310.2470112483941,117.49,127.59160884232529,286.48094890315514,-224.8574027342019,480.0406204188525,6.42,7.613377746704053,1.8173250604345446,4.372643385421151,10.854112107986955
8,8,cross_fitted,24,1,306.65,306.84632099897635,1.0629588861967947,305.2130812250971,308.4795607728556,1388.31,1345.6221270848832,184.24180974383825,1146.5460077530238,1544.6982464167427,11.47,11.113377830241095,1.3989553441845701,8.669734718561529,13.557020941920662
8,8,cross_fitted,25,2,308.18,308.0535563479237,0.7287636574845084,307.04447352911495,309.0626391667324,1252.74,1250.376859280254,233.1402722386504,933.9624073619641,1566.7913111985438,7.11,7.226201951474059,1.1089236679515146,5.456346861349196,8.996057041598922
8,8,cross_fitted,26,3,310.29,309.336050436193,1.7710152416266098,306.9410695005293,311.73103137185666,785.56,818.9065593886886,370.9396829377335,256.3384598177563,1381.474658959621,5.06,5.492450099531702,2.447437796157959,1.3962854591519323,9.58861473991147
8,8,cross_fitted,27,4,303.33,304.2113029600588,1.5047782963402727,301.6105114905594,306.81209442955816,1918.36,1923.901904416201,321.9357975622594,1522.5314464356652,2325.2723623967368,8.91,7.444665024139972,2.7488663548953016,2.7498282792087583,12.139501769071186
8,8,cross_fitted,28,3,302.73,305.0349206909921,2.8934302230793487,301.12207451097646,308.9477668710078,2026.87,1225.5811812807901,596.6028834948468,320.77167772984876,2130.3906848317315,13.02,7.303444432528119,3.074925271346729,2.1570827198532667,12.44980614520297
8,8,cross_fitted,29,0,310.24,310.00265712342656,1.364112235067346,307.9295729151084,312.0757413317447,305.92,413.96349124898364,232.2576706100172,128.22377015765335,699.7032123403139,5.99,5.974633645611665,1.6210763305976779,3.083858692244695,8.865408598978636
8,8,cross_fitted,30,0,305.2,304.9059108056384,1.4252827512995139,302.73986384252953,307.0719577687473,2372.98,1908.139295620781,280.7111059956254,1562.7887505827675,2253.4898406587945,10.28,8.989935492931053,1.835393531790895,5.716980635020883,12.262890350841223
8,8,cross_fitted,31,3,307.79,306.68737772041436,1.5196768203745297,304.6322869862295,308.74246845459925,1236.45,1132.5439684549667,267.37273991038103,727.0457672994296,1538.0421696105038,12.82,10.004505062119934,1.7468960901100516,7.080805017134341,12.928205107105526
8,8,cross_fitted,32,1,309.58,309.5506707263365,1.214547551963736,307.68451447618065,311.4168269764923,717.28,682.5988395842385,195.65264619741322,471.1931353298981,894.0045438385789,6.31,5.939577200675112,1.8583665698964493,2.693451663944682,9.185702737405542
8,8,cross_fitted,33,0,311.54,311.3492008501377,1.402619771687946,309.2175955289542,313.48080617132126,686.14,571.8524433304343,250.00182671383484,264.28261345178544,879.4222732090832,4.98,2.9951140715953146,1.7106240807931212,-0.05534638732703501,6.045574530517664
8,8,cross_fitted,34,1,308.55,309.5415414697047,1.1514399295965707,307.772350285859,311.3107326535505,367.47,354.729520266977,204.86103951906588,133.37400489047715,576.0850356434768,5.43,4.534667756538607,1.6026333617482562,1.7352474667746591,7.334088046302554
8,8,cross_fitted,35,1,306.8,306.7932436391802,1.0628514541871283,305.160168934932,308.4263183434284,554.95,538.0491420850982,218.53700241618495,301.9165377000271,774.1817464701693,12.78,10.822301615813668,1.5791932807732594,8.063825586815348,13.580777644811988
8,8,cross_fitted,36,2,307.12,307.2498440039091,1.068402919164965,305.7704795786635,308.7292084291547,2075.38,2029.6694269306968,398.027948645607,1489.4719140362167,2569.866939825177,5.9,6.612662095829174,1.4378342259617651,4.317861924168093,8.907462267490256
8,8,cross_fitted,37,2,309.05,308.67223249288156,1.1691802241042633,307.05332674186366,310.29113824389947,1337.07,1261.7439179703947,356.76839826026526,777.5432429290046,1745.944593011785,4.68,4.250853943098638,1.6792667684168818,1.5707246216185102,6.9309832645787655
8,8,cross_fitted,38,2,307.56,308.3403403273163,1.8136640772753956,305.82904981402936,310.85163084060326,316.18,288.26247900598764,425.72982495866376,-289.53160151080226,866.0565595227775,8.14,5.777398185253965,1.9740437586131097,2.626801354036015,8.927995016471915
8,8,cross_fitted,39,0,312.34,311.584687783551,1.8829518227997608,308.7231067577951,314.44626880930684,106.38,174.5006309179563,226.2605283058882,-103.86098393117294,452.86224576708554,5.13,4.267883809894887,1.9538713592155756,0.7836540541997818,7.752113565589991
8,8,cross_fitted,40,1,309.58,308.5639515471886,1.3076490886330348,306.5547444841818,310.5731586101954,435.02,403.92825901677594,139.5865308759166,253.10285778776088,554.753660245791,7.83,8.855929225654947,1.5379466929576637,6.169501200629632,11.542357250680261
8,8,cross_fitted,41,0,307.48,307.1833318137059,0.9886094816134321,305.6809109337808,308.68575269363095,1296.42,937.8072535168493,205.6052163783279,684.8572560913082,1190.7572509423903,8.74,8.348825622714555,1.4904567196440797,5.690977332106263,11.006673913322848
8,8,cross_fitted,42,3,304.47,304.9941308989975,1.4316241208945792,303.0581156711276,306.93014612686744,451.73,512.9391602724747,315.64048596801723,34.23796839034327,991.6403521546063,7.37,8.191909149351178,1.8337783911704122,5.122798172967469,11.261020125734886
8,8,cross_fitted,43,0,311.63,312.0803301327416,1.4638220792350045,309.8557137425076,314.3049465229756,91.86,86.89193841597364,244.94074120179297,-214.45138811907435,388.23526495102163,2.46,2.9003235895727233,1.7787869498914073,-0.2716879098649785,6.072335089010425
8,8,cross_fitted,44,0,312.52,311.9506199788035,1.547273936903342,309.59917917937526,314.30206077823175,220.1,375.2682651381473,296.44650770298733,10.558922247247153,739.9776080290474,1.31,1.8041786555771537,1.6329666171897936,-1.1077995823113853,4.716156893465692
8,8,cross_fitted,45,3,312.59,312.7567365192221,1.182723181203622,311.15731523555854,314.35615780288566,188.63,202.80992716104151,244.87973997535212,-168.57533108452282,574.1951854066058,1.23,2.01368903841246,2.0450519556426165,-1.4090208345791946,5.436398911404115
8,8,cross_fitted,46,2,306.36,306.99249010689994,1.3877293585687671,305.0709702307281,308.91400998307176,947.21,836.842663373176,372.91422065767415,330.72912233231295,1342.9562044140391,7.22,7.2493698660764565,1.739263656303991,4.473484812720928,10.025254919431985
8,8,cross_fitted,47,2,302.67,306.57073813963024,1.472682673757346,304.5315876298816,308.6098886493789,1366.98,1415.553192217587,310.8232541913576,993.7085719207369,1837.397812514437,10.28,12.433121974303395,1.7619817019129203,9.62097865554992,15.245265293056871
8,8,cross_fitted,48,4,312.73,312.23233789342635,1.1199863732729847,310.2966035645567,314.168072222296,46.91,38.391936641308234,205.96311803398797,-218.39066298995454,295.174536272571,1.25,1.613141562745522,1.523656194854143,-0.9891374012733594,4.215420526764403
8,8,cross_fitted,49,4,310.89,309.9625012917829,1.1099540421768415,308.04410639503925,311.8808961885266,93.48,141.82074466034726,246.22457098745255,-165.15744655550384,448.79893587619836,4.63,4.328088218348161,1.483276334741233,1.7947747210118146,6.861401715684508
8,8,cross_fitted,50,1,307.08,305.3376096017925,1.387839243279737,303.2051901062606,307.4700290973244,130.32,404.88713671923944,414.1894646823781,-42.65097317964967,852.4252466181285,7.26,10.178812542595466,2.336120092104365,6.098164940184292,14.25946014500664
8,8,cross_fitted,51,3,306.76,306.945572648655,0.799861809659396,305.86390280173697,308.02724249557303,1543.82,1770.3961002561919,201.89450992839545,1464.2023550502151,2076.5898454621683,10.96,10.923875149256496,1.035175378177848,9.191349490242693,12.656400808270298
8,8,cross_fitted,52,2,310.33,310.71651862515193,1.7604162371886927,308.2789577497501,313.1540795005538,570.52,529.4186931731664,469.4737561670535,-107.74398928076835,1166.5813756271011,5.7,6.412706284723049,2.168726300315025,2.951393849403983,9.874018720042114
8,8,cross_fitted,53,3,312.69,312.5446740376906,1.725725085442005,310.2109399270603,314.8784081483209,95.36,100.1534543382229,304.6170985852173,-361.8296392222013,562.1365478986471,1.39,2.2950831078742007,2.191938386422072,-1.3734638625321107,5.963630078280512
8,8,cross_fitted,54,2,311.54,311.8489788559617,1.3826685702791148,309.93446640182617,313.76349131009727,223.41,155.46977059144126,324.19792000745247,-284.52674389835187,595.4662850812344,4.71,4.803140185935092,1.7989317364489834,1.9320241816903363,7.6742561901798485
8,8,cross_fitted,55,0,308.42,304.28846803946846,1.6297002132518323,301.81176143898966,306.76517463994725,709.64,915.546664574663,230.0415034607624,632.5334281736193,1198.5599009757068,12.53,10.473675850175036,1.5418994426863355,7.72409262241624,13.223259077933832
8,8,cross_fitted,56,3,308.18,307.61133139777496,0.8874718610199781,306.4111846468477,308.81147814870224,1523.36,1881.2839060654242,266.0393909095385,1477.8078655143504,2284.759946616498,7.59,6.4759666503313085,1.3604739833324848,4.199003602105394,8.752929698557223
8,8,cross_fitted,57,1,308.44,309.3528385339925,1.295138218522934,307.3628544634598,311.34282260452517,1059.82,1201.0219648572902,242.14331831825288,939.3823717597245,1462.6615579548559,5.32,5.604932537348663,1.8980065004300803,2.289565445769014,8.920299628928312
8,8,cross_fitted,58,2,309.87,310.47760050671303,1.530157073963355,308.35886805133146,312.5963329620946,261.82,252.111063745735,367.1084265302456,-246.1229413010194,750.3450687924894,2.03,4.32217433704022,2.1593025936375754,0.8759022473400169,7.768446426740423
8,8,cross_fitted,59,4,308.33,309.45529461995085,1.0340091305618775,307.66815950995476,311.24242972994693,1098.75,1256.0598821481221,222.57412440667918,978.5676649912243,1533.55209930502,2.44,5.180226879462479,1.4699817264367108,2.669619475300282,7.690834283624676
8,8,cross_fitted,60,4,306.45,306.0951880824894,1.4147188897656067,303.65005126121116,308.54032490376767,268.91,423.52117546741044,214.93482862838138,155.55317919058166,691.4891717442392,8.27,6.406347791370584,2.446309678947203,2.228252865166124,10.584442717575044
8,8,cross_fitted,61,4,303.98,303.0945112096912,1.2596320180130847,300.9174195975087,305.27160282187367,704.72,816.827572695931,195.69855364829797,572.8422231364262,1060.8129222554358,7.93,6.823151014928307,2.050331554328649,3.3213540274495528,10.32494800240706
8,8,cross_fitted,62,0,308.91,309.15332453026997,1.9040975275029224,306.2596077129224,312.04704134761755,671.26,956.8563400782244,279.7179674667445,612.7276239059795,1300.9850562504694,8.35,8.252849715881439,1.6103039226779512,5.381284596384733,11.124414835378145
8,8,cross_fitted,63,4,309.65,310.45589019998766,1.0411060720543395,308.65648905389975,312.2552913460756,616.92,649.8953370193524,188.43926685719293,414.9604356734993,884.8302383652054,2.11,3.6304818688280687,1.6131122572808916,0.8754193370704222,6.385544400585715
8,8,cross_fitted,64,1,311.97,311.8358866255121,1.137132562247291,310.08867875797125,313.58309449305295,177.02,221.61088521601323,190.15788145682154,16.142359079492024,427.0794113525344,2.3,2.3001145753693324,1.6354895547132284,-0.5566976890195581,5.156926839758222
8,8,cross_fitted,65,2,306.98,307.8846385689367,1.1079881270329355,306.350462473641,309.41881466423234,2215.59,1679.909757542453,335.4018578919743,1224.7074279825433,2135.1120871023627,6.68,7.808093842480851,1.646619122325933,5.180070544421974,10.436117140539729
8,8,cross_fitted,66,3,306.01,306.56671633072267,1.1717183963610274,304.98217704766506,308.1512556137803,1493.56,1419.8124471926938,254.3442282993388,1034.073321041521,1805.5515733438665,12.0,12.215992398323156,1.4202417658946982,9.838998747501511,14.5929860491448
8,8,cross_fitted,67,4,311.22,312.0686780346168,1.0465285835036393,310.25990486239397,313.8774512068397,462.07,527.6933960288703,214.9868914623294,259.6604908985878,795.7263011591529,3.64,4.233275043328971,1.6119254414488313,1.4802394950104794,6.986310591647463
8,8,cross_fitted,68,3,304.88,308.9895829589038,1.6151671278908781,306.8053586855675,311.17380723224005,395.97,374.603022084119,283.0933890983932,-54.73715701155095,803.943201179789,8.3,8.848322398494167,1.9109736702884095,5.650013216042149,12.046631580946185
8,8,cross_fitted,69,2,310.04,309.09851747837166,1.871234619777116,306.5075118959929,311.68952306075045,990.55,753.5497018494557,433.94866422459603,164.60113696682254,1342.4982667320887,2.36,2.9685523758898467,2.82553081072755,-1.5410277081105188,7.478132459890212
8,8,cross_fitted,70,1,312.89,312.09710727437545,1.184081647206028,310.2777619856252,313.9164525631257,164.97,358.9325209380125,246.09380342066623,93.02436770873612,624.8406741672889,0.86,4.584742578628527,1.8737297656341692,1.3117811835599977,7.857703973697056
8,8,cross_fitted,71,3,312.89,311.94318215036066,1.5856869908511821,309.7988244826477,314.0875398180736,42.42,135.35091306737667,314.8903279109419,-342.2125871307471,612.9144132655005,0.86,2.5270271498903045,2.2157889301931295,-1.1814373841828751,6.235491683963485
8,8,cross_fitted,72,0,311.83,311.1331917928796,0.9119629989293576,309.7472529800387,312.5191306057205,492.81,411.7579096647162,211.45041095888914,151.61674277300676,671.8990765564256,6.49,3.6232346223115814,1.47111490725652,0.9998775063304985,6.246591738292665
8,8,cross_fitted,73,1,307.38,307.7962848359354,1.2664846336186326,305.8503270914795,309.7422425803913,663.32,730.5219916385371,254.74708829020466,455.2638305381053,1005.7801527389688,9.56,9.078432259387434,1.6357632459699165,6.221141921300971,11.935722597473896
8,8,cross_fitted,74,4,313.21,313.02229051477053,1.3530439448310485,310.68374990840164,315.3608311211394,15.08,38.960073778844844,212.67077641534476,-226.18523648257548,304.10538404026516,0.39,1.4217952849960396,1.8357788141682392,-1.7135633391054097,4.557153909097488
8,8,cross_fitted,75,3,307.86,308.1584557989203,1.2037913724711509,306.53054355975917,309.7863680380814,946.9,1031.65494108282,251.6217275682745,650.0447667068404,1413.2651154587995,8.0,7.448923750482377,1.4699786224915967,4.98868779882037,9.909159702144384
8,8,cross_fitted,76,1,307.58,307.74198356181677,0.9264532542276516,306.318485133897,309.1654819897365,1109.01,1301.3780895198342,164.4765674785054,1123.658619546268,1479.0975594934005,8.19,7.43700436341898,1.2972895072314337,5.170947350678461,9.7030613761595
8,8,cross_fitted,77,2,312.31,311.5799896570663,2.060871458386384,308.7264033687364,314.43357594539617,65.54,183.32978834775764,409.4594614264302,-372.38240082469525,739.0419775202106,2.01,3.9699590881253393,2.4176539179694463,0.11135527567102033,7.828562900579659
8,8,cross_fitted,78,3,312.73,313.2469485560136,1.5201495180788627,311.19121858284103,315.30267852918615,68.26,-11.556991637120177,279.0722338639292,-434.7986761192822,411.68469284504187,1.34,2.0985318424602717,2.0284182939607467,-1.2963390321599948,5.493402717080539
8,8,cross_fitted,79,1,306.53,306.8182804854524,1.227079158620359,304.9328693810515,308.70369158985335,466.58,541.7388857514137,204.30764091346185,320.9813261103709,762.4964453924565,7.25,9.29978645256836,1.74755394900963,6.2472242764147285,12.352348628721993
8,8,cross_fitted,80,1,315.92,312.8491959868204,1.1914828995894888,311.0184786497942,314.6799133238466,84.11,182.58515511009966,302.1661118990308,-143.9099929460936,509.08030316629294,3.9,2.2445397952857364,1.930476655212114,-1.1275449537932198,5.616624544364693
8,8,cross_fitted,81,2,309.26,308.18495465802755,2.345758336244166,304.93689966808506,311.43300964797004,613.05,711.8191250878122,446.3801604204156,105.99872155819446,1317.6395286174297,8.86,9.734675360164879,2.9763078025217324,4.984453441101511,14.484897279228246
8,8,cross_fitted,82,3,310.16,308.5451671643714,1.1827742513116972,306.94567681753296,310.1446575112098,517.94,887.8244800253237,393.70465969126036,290.73095678555785,1484.9180032650897,7.35,7.522879676069396,1.9005605315489114,4.341998487402167,10.703760864736624
8,8,cross_fitted,83,4,304.65,303.11003592255105,1.3331569791240214,300.8058670577808,305.4142047873213,2419.87,1675.8250866995618,205.0110886184849,1420.2294208774772,1931.4207525216464,12.79,9.599070706250718,2.121772713676989,5.975258117900074,13.222883294601361
8,8,cross_fitted,84,4,315.33,313.78668048169516,1.213714378005895,311.68895086371515,315.88441009967516,96.59,74.13789034829938,186.84750602392182,-158.8124979999833,307.08827869658205,6.91,3.633553974033184,1.6899411059524752,0.7472741129311107,6.519833835135257
8,8,cross_fitted,85,4,311.02,310.75652923464656,1.1055984257638207,308.8456623904,312.66739607889315,146.83,186.36152399472604,198.67808508370393,-61.338528638658005,434.06157662811006,5.0,5.605850250170751,1.4716420171112239,3.092407206635949,8.119293293705553
8,8,cross_fitted,86,0,309.61,310.1694357720398,1.6521252779056268,307.6586490964695,312.68022244761005,540.43,670.4048784396451,229.39017142596268,388.19295651606393,952.6168003632263,7.42,7.760676333112582,1.8189248819845742,4.51708909934034,11.004263566884823
8,8,cross_fitted,87,2,311.04,311.9979670215869,1.3980170852980554,310.062202241487,313.93373180168675,153.39,188.49306892532377,301.86084916928496,-221.18791080570418,598.1740486563517,1.96,1.5268942839575717,1.7225609554984949,-1.2223330643693968,4.27612163228454
8,8,cross_fitted,88,1,312.29,313.291885948281,1.2907460068091694,311.3086505252825,315.2751213712795,42.84,43.417668663786,282.81943904422025,-262.1731007431006,349.0084380706726,3.51,3.3718000343878094,2.0853666215065085,-0.27084074121263413,7.014440809988253
8,8,cross_fitted,89,1,311.14,310.9685587780215,1.3774447893076476,308.85211039470795,313.085007161335,504.12,613.0599754688748,287.2267435840041,302.70704547686506,923.4129054608845,4.26,4.733242991448012,1.9030461028371544,1.4090729100096495,8.057413072886375
8,8,cross_fitted,90,4,308.79,307.58495499063105,1.047646995586003,305.77424880501326,309.39566117624884,843.81,944.2336873107215,174.62701972693463,726.5190764649952,1161.948298156448,7.69,7.263522795540885,1.4589408924280003,4.771772224162309,9.755273366919461
8,8,cross_fitted,91,3,302.53,305.1727889166363,2.3877192419911997,301.94382626861636,308.40175156465625,2030.6,1759.0543000308362,654.3724070057995,766.631385055994,2751.4772150056783,2.36,6.988754094153977,3.061480699121652,1.8648939467650099,12.112614241542945
8,8,cross_fitted,92,1,312.07,310.8383377463252,1.1765427167037654,309.0305760487267,312.6460994439237,81.77,81.80232353266933,171.2905752627096,-103.27978703079611,266.8844340961348,5.71,4.263035179090797,1.5576299933139601,1.5422250978184908,6.983845260363102
8,8,cross_fitted,93,3,306.81,306.76836121383315,1.357276657417972,304.9328876151126,308.6038348125537,673.45,1222.0053352953673,430.96068085947815,568.4092322825527,1875.601438308182,7.15,7.27029998634343,2.164755800455339,3.647247266146789,10.893352706540071
8,8,cross_fitted,94,3,309.96,310.135309669146,1.3911418201371661,308.2540395029034,312.0165798353886,659.22,481.52689952258424,344.14926230211387,-40.41077759172367,1003.4645766368922,4.79,5.450392144682771,1.8166392890002063,2.4099660992859344,8.490818190079606
8,8,cross_fitted,95,3,314.36,313.5695032480668,1.8232280024998737,311.10391390432693,316.03509259180663,139.42,82.45006052144345,286.6904596065694,-352.34544517552473,517.2455662184116,5.84,3.4406753780605226,2.3789266394726796,-0.5408252745658899,7.422176030686935
8,8,cross_fitted,96,2,310.35,311.35774036619915,1.289488244628446,309.57225007816567,313.14323065423264,94.55,118.26057002079551,266.280209058656,-243.13090300509197,479.652043046683,3.98,5.547075448186945,1.5051501133683054,3.1448383361701575,7.949312560203732
8,8,cross_fitted,97,0,313.16,312.9470572423972,1.6472005513276764,310.4437548284856,315.45035965630876,15.39,-3.0314760909775487,296.38412626409394,-367.6640729484577,361.6011207665026,0.53,1.8246236180802313,2.082613833031925,-1.8891854064736022,5.538432642634065
8,8,cross_fitted,98,0,306.83,306.48342661467046,0.761797165363497,305.3256995355796,307.64115369376134,1407.27,1512.260703886722,215.6136957277346,1246.9975712681146,1777.5238365053294,10.88,11.599036697327339,1.1930301994441073,9.471572521786705,13.726500872867973
8,8,cross_fitted,99,0,309.81,309.852046759559,1.2271717766869805,307.98707526693255,311.7170182521855,533.37,665.3360110091166,262.5930919427566,342.2755211008141,988.3965009174192,7.02,5.160564166436997,1.5275287087432068,2.436607466535146,7.884520866338847
9,9,uncalibrated,0,4,312.33,311.9760157234113,1.860058067325751,308.9164924650302,315.0355389817924,84.06,112.97717264096514,304.0468518533991,-387.13539439327513,613.0897396752055,0.31,2.0365168359401373,1.9949501781468242,-1.2448842001721507,5.317917872052425
9,9,uncalibrated,1,4,311.68,308.8122481012657,2.3048276071251177,305.0211440521881,312.6033521503433,204.84,253.07718945499312,370.1495384721022,-355.76462141525747,861.9190003252437,9.2,6.663327503485284,2.096085681323155,3.215573368159846,10.111081638810722
9,9,uncalibrated,2,1,301.44,305.693345716186,1.327778250416642,303.5093448452009,307.8773465871711,220.66,557.8464674280091,322.2957750698875,27.717092853168992,1087.9758420028493,4.44,8.648246067829195,2.0007960073171196,5.357229498403608,11.939262637254782
9,9,uncalibrated,3,0,314.31,313.8299747416342,1.7445653769808673,310.9604200538533,316.6995294294151,12.81,14.043458579934281,227.4176383586786,-360.0252687070763,388.11218586694486,2.87,2.935536199094732,2.37002670530594,-0.9628108230995895,6.833883221289054
9,9,uncalibrated,4,3,306.89,305.03685076310626,1.367619422836412,302.78731699516453,307.286384531048,422.12,523.6830288662869,338.511964719033,-33.11960406828314,1080.485661800857,12.1,9.58992274328062,2.175679036454683,6.011249189085852,13.16859629747539
9,9,uncalibrated,5,2,307.84,307.9184053443246,0.8490411696913187,306.5218568969267,309.3149537917225,2201.12,1724.495339699633,255.91159267980987,1303.55822830132,2145.432451097946,5.77,5.81948527193326,1.246240556593484,3.7696019723664476,7.869368571500073
9,9,uncalibrated,6,0,314.22,312.4911254788263,1.5789855306244824,309.8939254018747,315.0883255557779,87.66,95.64111877078699,230.5377569313702,-283.55974686703405,474.841984408608,3.45,3.0896181222752377,2.3746178893574195,-0.8162807256581619,6.995516970208637
9,9,uncalibrated,7,2,301.14,304.1972502531805,1.4095021548264992,301.87882552161824,306.5156749847428,965.47,1080.0274724031306,309.6485998983595,570.7008497798688,1589.3540950263923,6.46,9.011060329840742,2.7573872346069033,4.475561936087889,13.546558723593595
9,9,uncalibrated,8,2,306.32,305.7499393275069,1.1188864313908096,303.909534922687,307.59034373232686,331.97,372.65021756446924,249.77994107522127,-38.20122445283329,783.5016595817717,10.22,6.139915945696883,2.3078807239930135,2.3437899662655868,9.93604192512818
9,9,uncalibrated,9,3,304.34,304.1616606083793,1.4027304796097242,301.8543742913579,306.4689469254007,421.99,471.4365641037065,260.16397206688816,43.504911047384155,899.3682171600287,3.37,8.560036259704294,2.072622591766998,5.150875472334787,11.9691970470738
9,9,uncalibrated,10,2,303.31,303.81711885455104,1.4230131804171886,301.47647046354206,306.15776724556,1035.72,457.41976497472655,236.85498596576772,67.8279822473936,847.0115477020595,5.86,6.96026044061586,2.2286708203222805,3.2944231585278456,10.626097722703875
9,9,uncalibrated,11,3,308.31,307.7290358891882,0.966649619368177,306.1390387567792,309.3190330215972,374.66,448.65991448523306,254.23962027119958,30.472952967385538,866.8468760030805,8.57,8.109653456998343,1.4557144122001842,5.71521632628534,10.504090587711346
9,9,uncalibrated,12,4,307.47,307.0449456398,1.0735089254534487,305.2791805902031,308.8107106893969,850.87,1076.644803376519,297.47251049553677,587.3460655695756,1565.9435411834622,10.63,10.873716743986726,1.2330247056932024,8.84557158470649,12.901861903266962
9,9,uncalibrated,13,3,306.43,307.91528405261715,1.0004476375337523,306.2696941274447,309.5608739777896,2256.33,1105.234579718322,192.6884156661323,788.2903403383516,1422.1788190982925,4.77,7.637160200194405,1.282101824815146,5.5282903635261125,9.746030036862697
9,9,uncalibrated,14,1,313.31,311.4012447145348,2.123031711848335,307.9091683031681,314.89332112590154,0.85,208.3673585157336,453.2241082219416,-537.1199597149733,953.8546767464405,0.42,2.197875402729898,3.0913236411583678,-2.886899500510272,7.282650305970068
9,9,uncalibrated,15,1,311.83,314.60411848927185,1.1281605019433334,312.74845959586696,316.45977738267675,194.23,166.0732505242545,229.52504195599008,-211.46184721324448,543.6083482617535,3.51,5.876423735298691,2.6954802466401433,1.4427532752366048,10.310094195360778
9,9,uncalibrated,16,2,307.32,306.72602102514077,0.7076295019453406,305.56207407232813,307.8899679779534,1604.24,1694.6480760993313,242.97093979000584,1294.9964445419325,2094.29970765673,11.92,10.518987954374637,1.2183676860685781,8.514951446984265,12.52302446176501
9,9,uncalibrated,17,1,311.08,311.4175257900385,1.317396086470343,309.2506020590761,313.5844495210009,560.59,365.5264488938533,309.8977708700272,-144.21002350588708,875.2629212935936,3.19,2.417320584178867,2.619433259800229,-1.8912637137608552,6.72590488211859
9,9,uncalibrated,18,4,311.14,309.96361542561823,1.9117627626911537,306.8190455115349,313.10818533970155,68.07,85.0082154518791,356.49065722033214,-501.36673505129806,671.3831659550563,5.46,6.047800290347161,2.2745825689299695,2.3064449020421054,9.789155678652216
9,9,uncalibrated,19,3,312.39,311.76336933078454,1.1294530733154322,309.90558434667014,313.62115431489894,59.84,42.150184591265884,225.03245231129395,-327.99526077475,412.2956299572818,5.02,4.66288183538269,1.5544144393026784,2.106097607109941,7.219666063655438
9,9,uncalibrated,20,0,308.85,310.3588649091958,1.087128132798675,308.5706982570009,312.1470315613907,484.91,292.3531270638901,218.75491262809732,-67.46668438588802,652.1729385136682,7.06,7.39218551699285,1.4578372229399792,4.994256673335164,9.790114360650536
9,9,uncalibrated,21,0,311.28,310.34433485394555,0.9397939260210375,308.7985114061429,311.8901583017482,410.23,690.118635024847,221.37772861776403,325.98467518163926,1054.2525948680548,5.16,4.9510815029489486,1.5595135500315702,2.385909983899555,7.516253021998342
9,9,uncalibrated,22,4,312.03,313.4928924627449,2.1317534752227543,309.98647002725835,316.9993148982315,122.49,223.4229828081597,325.718363108498,-312.33604811554966,759.1820137318691,3.07,5.6865097979638675,2.5692014764283155,1.4605494310916773,9.912470164836058
9,9,uncalibrated,23,0,307.93,308.63383969343016,1.2550727343646935,306.5694287542225,310.69825063263784,117.49,114.62246221064834,274.3212851696456,-336.59589865063214,565.8408230719288,6.42,8.727470615831932,1.7853456962600862,5.7908382719763285,11.664102959687535
9,9,uncalibrated,24,2,306.65,307.29537460800043,0.9600815102666251,305.71618105366935,308.8745681623315,1388.31,1500.8569814681791,276.2794072205175,1046.4177964495084,1955.2961664868499,11.47,11.067427197116738,1.8874287863958492,7.9628831122009105,14.171971282032565
9,9,uncalibrated,25,0,308.18,308.90772665225404,0.8273398985809332,307.5468736193515,310.26857968515657,1252.74,1177.5320848386273,247.62534823467797,770.2246326696961,1584.8395370075584,7.11,6.692978774039546,1.415396562740893,4.364858604240542,9.02109894383855
9,9,uncalibrated,26,0,310.29,309.9346225163506,1.3591751427971461,307.6989783530584,312.1702666796428,785.56,974.8847963014747,225.56987097586494,603.8553758958478,1345.9142167071016,5.06,4.6053019634936705,1.6971022318168756,1.8138172021822458,7.396786724805095
9,9,uncalibrated,27,2,303.33,304.08455367549175,1.2324036821753053,302.05743000899736,306.11167734198614,1918.36,1592.396761342485,326.64416667721605,1055.1149190609253,2129.6786036240446,8.91,4.981251368508009,2.7110450633221763,0.5219790632736458,9.440523673742373
9,9,uncalibrated,28,0,302.73,302.06855970830844,2.316250512949338,298.2586666511555,305.87845276546136,2026.87,1487.754899743938,305.2988964290635,985.5829026483112,1989.926896839565,13.02,4.952448383557296,2.320500739043472,1.1355643265980704,8.769332440516521
9,9,uncalibrated,29,1,310.24,310.0112930872996,1.1838778229220503,308.06398735639885,311.9585988182003,305.92,395.3059770830848,309.8099075920421,-114.2859730851859,904.8979272513556,5.99,5.64712534008358,1.6041794959689948,3.0084848778577955,8.285765802309363
9,9,uncalibrated,30,2,305.2,305.5084861259202,1.181289323114552,303.5654380983162,307.45153415352416,2372.98,1722.4525467497294,314.0709185260517,1205.8518572921732,2239.0532362072854,10.28,6.831741967538978,2.2653891860976616,3.105508348329597,10.55797558674836
9,9,uncalibrated,31,1,307.79,306.63508382744413,1.07177170849749,304.87217624545804,308.39799140943023,1236.45,1209.7531386376136,244.92201086325304,806.8922807489441,1612.613996526283,12.82,10.395017104409504,1.49155232998485,7.941631844646006,12.848402364173003
9,9,uncalibrated,32,0,309.58,309.87410541311584,0.8919269091594526,308.4070162016093,311.3411946246224,717.28,519.5148522240249,198.7199083928004,192.64969015666304,846.3800142913868,6.31,6.0329851650002695,1.5081671623755195,3.5522709379177875,8.513699392082751
9,9,uncalibrated,33,4,311.54,311.5917790756965,1.31855562560502,309.4229480725828,313.76061007881015,686.14,532.6757325166844,268.1583280505765,91.5945340254512,973.7569310079177,4.98,2.89723954767154,2.196106405535842,-0.7150340386454492,6.509513133988529
9,9,uncalibrated,34,2,308.55,309.4107681002884,0.9625679028108133,307.82748479416296,310.99405140641386,367.47,545.7202373521293,196.80731894246233,222.00100497902508,869.4394697252335,5.43,5.226360558803635,1.7127616650470985,2.409118321947474,8.043602795659796
9,9,uncalibrated,35,3,306.8,306.28959280339456,1.182954522231786,304.34380576698294,308.23537983980617,554.95,577.73163030569,236.34361882969455,188.98097166683084,966.4822889445493,12.78,10.669351309561424,1.8012220581929979,7.706604674197678,13.632097944925171
9,9,uncalibrated,36,1,307.12,306.97159702888416,0.819849324456474,305.6230648939982,308.3201291637701,2075.38,2234.845496115406,290.49272112819574,1757.027490164691,2712.6635020661215,5.9,6.370132150925575,1.2310827934801185,4.345181152992253,8.395083148858898
9,9,uncalibrated,37,3,309.05,308.86219191134467,1.0886858297926725,307.0714630755995,310.6529207470898,1337.07,1386.5087270650668,204.8160395008975,1049.6163216341797,1723.4011324959538,4.68,4.989328073884846,1.4598047597713038,2.5881629201339957,7.390493227635696
9,9,uncalibrated,38,1,307.56,307.07966564854,1.7439445708111303,304.211132096039,309.948199201041,316.18,697.6665984067832,468.2785671251016,-72.58310115257825,1467.9162979661446,8.14,5.431176650901122,2.4148939990654927,1.4590294978349028,9.403323803967341
9,9,uncalibrated,39,0,312.34,312.40965312321987,1.748208007622176,309.53410684121695,315.2851994052228,106.38,171.34252783716272,214.34730171906247,-181.22740882269858,523.9124644970241,5.13,4.3559778123632995,1.6714143177992187,1.606745909592635,7.105209715133964
9,9,uncalibrated,40,4,309.58,307.9540149141343,2.3651345869192166,304.06371471061186,311.8443151176567,435.02,448.97782813962414,240.8802074531042,52.765145249562806,845.1905110296855,7.83,8.350989259495798,1.6468889070713666,5.642098067513315,11.05988045147828
9,9,uncalibrated,41,0,307.48,307.97458027615204,0.8757968182803748,306.53402270313103,309.41513784917305,1296.42,950.3899670510848,205.6530511483797,612.120799976036,1288.6591341261337,8.74,8.550125652683539,1.3910758448252025,6.262009503958222,10.838241801408856
9,9,uncalibrated,42,0,304.47,305.16149306003723,1.4885215323458325,302.71309301876283,307.6098931013116,451.73,529.8941419084888,234.90079839925735,143.51671168767393,916.2715721293036,7.37,8.285995239007852,1.8897556871035466,5.177623743023412,11.39436673499229
9,9,uncalibrated,43,1,311.63,311.28662306542185,1.6693419516580699,308.54079990161483,314.03244622922887,91.86,195.70098978570627,360.11835283558315,-396.6409890076924,788.0429685791049,2.46,2.015798466660203,2.4028202414471203,-1.936489122396503,5.96808605571691
9,9,uncalibrated,44,0,312.52,312.46968244955036,0.9187489846348688,310.9584748499157,313.980890049185,220.1,390.0135463831873,254.7545486816497,-29.020396998209435,809.047489764584,1.31,1.6269381020685607,1.40663417163734,-0.6867692169429969,3.9406454210801183
9,9,uncalibrated,45,1,312.59,312.9291262755609,0.9517561856757855,311.3636266615786,314.4946258895432,188.63,142.16345101164336,214.02533070797594,-209.87689046285902,494.20379248614574,1.23,1.283726961813934,1.7394418149668698,-1.5774002164053722,4.144854140033241
9,9,uncalibrated,46,0,306.36,306.2305836868706,1.3814254013039133,303.95834110517296,308.50282626856824,947.21,829.8103450615203,239.76507103677648,435.43189835040124,1224.1887917726392,7.22,8.545798366524897,1.7922521115135912,5.5978059804903335,11.49379075255946
9,9,uncalibrated,47,2,302.67,306.53543887606685,1.1652745888030533,304.61873274227975,308.45214500985395,1366.98,1252.1092050256157,293.1204069483016,769.9690405232104,1734.249369528021,10.28,11.982639993392562,2.0881552933787972,8.547930185440533,15.41734980134459
9,9,uncalibrated,48,1,312.73,311.38092140489346,1.631728346063233,308.69696711667183,314.0648756931151,46.91,152.617548394379,326.49697346762963,-384.4221826025299,689.657279391288,1.25,1.985718812677149,2.265161260099786,-1.7401399016279497,5.711577526982248
9,9,uncalibrated,49,3,310.89,310.00779812707253,1.1311490277877367,308.14722354609324,311.8683727080518,93.48,74.1290904415107,228.85270076481007,-302.30010444912693,450.55828533214833,4.63,4.137150432375452,1.5703666545435173,1.554127145005899,6.720173719745005
9,9,uncalibrated,50,3,307.08,305.0200493231807,1.6102529641179366,302.37141889484195,307.6686797515194,130.32,332.1661937559744,396.5465313735397,-320.0948066288179,984.4271941407667,7.26,8.488278831782353,2.1929212689323765,4.88124432895991,12.095313334604796
9,9,uncalibrated,51,1,306.76,307.09938469637365,0.5546885027315145,306.1870033008274,308.01176609191987,1543.82,1691.6300412235755,147.80324082303372,1448.5153444806267,1934.7447379665243,10.96,10.946570033874785,0.7684334188387922,9.682609537827078,12.210530529922492
9,9,uncalibrated,52,4,310.33,310.6905185414249,1.8730593330062086,307.60961010403435,313.7714269788155,570.52,566.0789739756228,374.70765142180323,-50.260265511997886,1182.4182134632435,5.7,5.916310289551621,2.1628930029888593,2.3586678888774357,9.473952690225806
9,9,uncalibrated,53,3,312.69,312.81697176279226,1.0297499624198458,311.1231838022528,314.5107597233317,95.36,71.36543280477986,161.51261962817878,-194.29918538906344,337.03005099862315,1.39,1.5319740857655963,1.447024581576651,-0.8481695455286933,3.912117717059886
9,9,uncalibrated,54,4,311.54,311.7016125678736,1.6544531425000821,308.9802793158111,314.4229458199361,223.41,194.9064017941605,303.12784545703465,-303.6945342358281,693.5073378241491,4.71,3.477191183358828,2.051498950903396,0.10277569327823821,6.851606673439418
9,9,uncalibrated,55,1,308.42,304.12983699644843,1.9050717032765703,300.99627289571134,307.2634010971855,709.64,824.6251817935671,265.4054965382489,388.0719881997722,1261.178375387362,12.53,9.836588804194339,2.015334342236553,6.5216588018466854,13.151518806541992
9,9,uncalibrated,56,4,308.18,308.0716775244759,1.2071713196960145,306.08605740092213,310.05729764802965,1523.36,1537.7989193550675,422.0729532150262,843.550691421213,2232.047147288922,7.59,6.301351094467485,1.4595114697113014,3.900668359935578,8.702033828999392
9,9,uncalibrated,57,2,308.44,309.26373522387786,0.9932138719506491,307.6300437842613,310.8974266634944,1059.82,1153.2638804969106,233.26114544529065,769.5834393843695,1536.9443216094517,5.32,5.756542686250457,1.7038251567803233,2.9539996974291824,8.559085675071731
9,9,uncalibrated,58,3,309.87,310.9843592951733,1.1328110364053054,309.1210509532914,312.8476676370552,261.82,241.337771839958,188.16161404149122,-68.16054146923176,550.8360851491477,2.03,3.5426385837733,1.543615430272217,1.0036171446717876,6.0816600228748126
9,9,uncalibrated,59,4,308.33,308.74898579344125,1.4497738218648983,306.3643200642875,311.133651522595,1098.75,1182.0028624845522,369.9578694556081,573.4763190912562,1790.5294058778481,2.44,3.31435500123445,2.2805940706654453,-0.4368884275036282,7.065598429972528
9,9,uncalibrated,60,4,306.45,307.15246894090245,2.242242793594585,303.4643077493526,310.8406301324523,268.91,375.7133399763567,445.9026485809204,-357.73124880923774,1109.157928761951,8.27,5.7148535992082214,2.9784563388553265,0.8157288875254363,10.613978310891007
9,9,uncalibrated,61,1,303.98,302.8774719126336,1.5334216507458076,300.35521774875843,305.3997260765088,704.72,1108.8733387458217,425.8297121615774,408.44579223315,1809.3008852584935,7.93,6.398053942823417,2.091425881992392,2.95796449532805,9.838143390318784
9,9,uncalibrated,62,4,308.91,308.3981537859911,1.7977611890511962,305.44109977378764,311.35520779819456,671.26,751.6403102351661,286.4955485970885,280.39706801979355,1222.8835524505387,8.35,8.730045218431247,1.741511148021712,5.865514290231313,11.59457614663118
9,9,uncalibrated,63,3,309.65,310.77321018224575,1.136414851839123,308.90397409147664,312.64244627301485,616.92,564.8714539697421,210.0258138646892,219.4097322809734,910.3331756585108,2.11,3.3537489429779344,1.497738981233555,0.8901875474693193,5.81731033848655
9,9,uncalibrated,64,1,311.97,311.72281698237185,1.334862893090508,309.527162911189,313.9184710535547,177.02,206.97432685009647,289.39366088011815,-269.03588586533004,682.9845395655229,2.3,2.114310391998422,1.9496117167614961,-1.09251551146381,5.321136295460654
9,9,uncalibrated,65,4,306.98,307.6524151179258,1.3598286174462455,305.4156960844869,309.88913415136466,2215.59,1764.6131938164733,359.2034455704993,1173.7761035563722,2355.4502840765745,6.68,6.990903075848912,1.637351453126034,4.297699599580293,9.684106552117532
9,9,uncalibrated,66,2,306.01,307.09320727342526,0.9686481719383834,305.4999228145725,308.686491732278,1493.56,1484.7412441857177,298.75634232108655,993.3307909441231,1976.1516974273122,12.0,11.575123086787219,1.8419378776902882,8.545404888049053,14.604841285525385
9,9,uncalibrated,67,2,311.22,312.01237312436274,0.8925592774625436,310.54424375955927,313.4805024891662,462.07,485.6155128733838,222.03875729622123,120.39425761089677,850.8367681358709,3.64,5.038018038025646,2.099660836333278,1.5843832960148938,8.491652780036398
9,9,uncalibrated,68,0,304.88,309.6193327880083,0.9071244371293608,308.12724586749977,311.11141970851685,395.97,443.6389429223917,224.05874611630063,75.09510172279568,812.1827841219878,8.3,10.521262241706648,1.5180527164812685,8.0242877250989,13.018236758314396
9,9,uncalibrated,69,2,310.04,309.7738213990593,1.1973405356453115,307.80437147630704,311.7432713218115,990.55,1013.3282901489599,268.2540868556005,572.0895824399704,1454.5669978579494,2.36,3.0601619872295958,2.791195175726643,-1.5309455210938232,7.651269495553015
9,9,uncalibrated,70,0,312.89,311.82621133608467,1.1183360892325849,309.98671216355973,313.6657105086096,164.97,402.39845417800626,230.25279532854375,23.666308666136217,781.1305996898764,0.86,4.017885806490938,1.775236211059471,1.0978820860341787,6.937889526947696
9,9,uncalibrated,71,2,312.89,312.5576929093951,1.0486399439493506,310.83283369422384,314.28255212456634,42.42,100.16800800758193,238.37442997817533,-291.92303771450935,492.2590537296732,0.86,1.7478110578298622,1.812218256842626,-1.2330227147654043,4.728644830425129
9,9,uncalibrated,72,3,311.83,311.3645945564869,1.0209497741627438,309.68528161752005,313.04390749545377,492.81,382.39713323480845,143.85110119663895,145.7831276905537,619.0111387790632,6.49,3.7194366991149663,1.3159176934217163,1.5549447083206416,5.8839286899092915
9,9,uncalibrated,73,0,307.38,307.4932463626329,1.0743585651196181,305.7260837801495,309.26040894511624,663.32,701.1559461556144,227.4577030843799,327.02131825922123,1075.2905740520075,9.56,9.040021198208077,1.452699715861809,6.650542801701409,11.429499594714745
9,9,uncalibrated,74,4,313.21,312.1255090408596,1.9883144944300872,308.8550227331761,315.39599534854307,15.08,188.18921095665894,379.9867713642924,-436.8334081154769,813.2118300287948,0.39,2.382613250268413,2.546237076452586,-1.8055740400129343,6.570800540549761
9,9,uncalibrated,75,0,307.86,308.52030413914787,0.9161965322884115,307.0132949500129,310.02731332828284,946.9,1153.05465905873,241.85023980429364,755.2464149375545,1550.8629031799055,8.0,6.757134328696563,1.4628199775041477,4.351009583121796,9.16325907427133
9,9,uncalibrated,76,2,307.58,307.7999452264406,0.8038886185891135,306.47766611648933,309.1222243363919,1109.01,1131.2260896989364,208.86235611008394,787.678085717635,1474.774093680238,8.19,7.800294253742835,1.1407704531561391,5.923893836349886,9.676694671135785
9,9,uncalibrated,77,1,312.31,311.7131355760406,1.0831548535081255,309.93150438669767,313.49476676538353,65.54,122.61688092063878,237.5479571773417,-268.11473801742454,513.3484998587021,2.01,1.7670487998866111,1.9605584765587547,-1.4577829211315083,4.991880520904731
9,9,uncalibrated,78,1,312.73,313.0977739567991,1.2066312877433099,311.1130421067614,315.08250580683676,68.26,7.865448266110093,260.96206850636895,-421.37895661334926,437.10985314556945,1.34,1.621106555518451,1.8877289455142103,-1.4839312472118746,4.726144358248776
9,9,uncalibrated,79,3,306.53,307.0298869346375,1.209177811352538,305.040966426005,309.01880744326996,466.58,540.0015010158697,223.451009597935,172.45729743273824,907.5457045990013,7.25,8.553444631994939,1.5596194084381172,5.988098991361593,11.118790272628285
9,9,uncalibrated,80,2,315.92,312.6137374681723,1.0208369551803576,310.9346100999178,314.2928648364268,84.11,107.59288403971584,237.98269674121775,-283.8538178467683,499.0395859262,3.9,2.4034533893487593,2.153846900818163,-1.1393094973601823,5.946216276057701
9,9,uncalibrated,81,3,309.26,306.5573601697139,1.8883389481297592,303.45131900196895,309.6634013374588,613.05,783.785537873407,318.46612632089926,259.9553749332903,1307.6157008135237,8.86,10.615361479447444,2.1847605331507833,7.021750192473947,14.20897276642094
9,9,uncalibrated,82,1,310.16,308.32198297654327,1.0446088602950876,306.60375430394123,310.0402116491453,517.94,985.8103275078777,391.93821143158675,341.1293388937595,1630.4913161219959,7.35,6.551010309966315,1.5437686486889572,4.0117368489963114,9.090283770936317
9,9,uncalibrated,83,0,304.65,302.63153909444316,1.768530190328482,299.72256579650815,305.54051239237816,2419.87,1531.5488085457991,231.1616349060283,1151.3217549585866,1911.7758621330117,12.79,8.652804322911443,1.8233804081423939,5.653610445266172,11.651998200556715
9,9,uncalibrated,84,2,315.33,313.18673208682907,1.0939562181009073,311.3873342337597,314.98612993989843,96.59,88.8007597087726,238.03405053517176,-302.7304116519545,480.3319310694997,6.91,4.251577121921413,2.484191122673255,0.16544634375166112,8.337707900091164
9,9,uncalibrated,85,4,311.02,310.2069951279483,2.1807005896311735,306.62006185379823,313.79392840209835,146.83,259.63791292089286,410.14041629203604,-414.98303837644903,934.2588642182347,5.0,5.727984229130157,2.349128699138765,1.8640113681759671,9.591957090084346
9,9,uncalibrated,86,1,309.61,309.8570282583221,1.265150973977482,307.776040090134,311.93801642651016,540.43,370.1052175241628,268.0148305851209,-70.73994864055743,810.950383688883,7.42,7.87239753260826,1.7480608733230176,4.997093264990937,10.747701800225583
9,9,uncalibrated,87,3,311.04,312.1542035868369,1.0946382681871571,310.3536838612094,313.9547233124644,153.39,148.06710323449647,174.37326719945477,-138.7513977619048,434.88560423089774,1.96,1.823345485852279,1.4085306573559915,-0.4934812745720638,4.140172246276622
9,9,uncalibrated,88,1,312.29,311.67980495142103,1.828165675323168,308.6727400096975,314.68686989314455,42.84,160.12185772596854,409.9327854999766,-514.1575713099876,834.4012867619247,3.51,2.820424590969301,2.745802075521093,-1.6960179118424463,7.3368670937810485
9,9,uncalibrated,89,2,311.14,311.14724631121913,1.0758831297534468,309.3775760430683,312.91691657936997,504.12,516.3669799753688,213.9726263844356,164.4133293985978,868.3206305521398,4.26,4.588668516646049,1.9061413806098648,1.4533449532676275,7.72399208002447
9,9,uncalibrated,90,3,308.79,307.66109202020493,0.9996489961450092,306.0168157432174,309.30536829719244,843.81,917.4671308128443,177.8468298404738,624.9351277079197,1209.9991339177689,7.69,7.301156916649885,1.3611766328235095,5.062220595228544,9.540093238071226
9,9,uncalibrated,91,3,302.53,304.1253245619164,1.3443763645337676,301.9140222227252,306.3366269011076,2030.6,2233.192883597487,417.0454872915578,1547.2141012222241,2919.1716659727495,2.36,9.176043258536579,1.8650387315362016,6.1083275365642855,12.243758980508872
9,9,uncalibrated,92,4,312.07,310.8961802873374,2.0702897001631135,307.4908567651838,314.301503809491,81.77,121.32365798054889,348.9778773787357,-452.6938693516904,695.3411853127882,5.71,4.326535149233855,2.313269016356296,0.521546217565739,8.131524080901972
9,9,uncalibrated,93,2,306.81,306.7669692176824,1.0261066917273693,305.0791739041555,308.4547645312093,673.45,983.6517179441936,252.15097862662,568.9002662108347,1398.4031696775523,7.15,5.807420405849438,2.041455755802397,2.4495245016569074,9.16531631004197
9,9,uncalibrated,94,3,309.96,309.70179982718315,1.1988570526037996,307.7298554560114,311.6737441983549,659.22,575.4893130068187,212.90983676485885,225.28379579049493,925.6948302231426,4.79,4.7687641342961244,1.480559699531807,2.333460142603051,7.204068125989198
9,9,uncalibrated,95,0,314.36,313.2937466745787,1.6090654778255093,310.647069487375,315.9404238617824,139.42,179.39096349955963,237.93907548556803,-211.98398780635688,570.7659148054761,5.84,3.7466875171434277,2.0668218654177624,0.34706807554841523,7.146306958738441
9,9,uncalibrated,96,4,310.35,310.2603155006017,2.021613360324542,306.9350574325783,313.5855735686251,94.55,141.3912983378192,347.4078686724876,-430.0437944796025,712.8263911552409,3.98,5.033463196296408,2.3049377745235655,1.2421779379738678,8.824748454618948
9,9,uncalibrated,97,4,313.16,312.1277619920274,2.2210181685944126,308.47451220188975,315.781011782165,15.39,199.02193215446846,403.7557610044008,-465.0971957361718,863.1410600451087,0.53,3.026732855484533,2.8648341291249424,-1.6854999524209893,7.738965663390055
9,9,uncalibrated,98,3,306.83,306.6913167824469,1.0371268595229184,304.98539490595186,308.39723865894194,1407.27,1469.8932692240114,155.69119153481677,1213.804048143572,1725.982490304451,10.88,11.451900389015501,1.1176718439336013,9.613493802779779,13.290306975251223
9,9,uncalibrated,99,4,309.81,310.31423978752616,1.4968309507169022,307.85217196930626,312.77630760574607,533.37,768.2482414828856,401.54409744149666,107.76697642528472,1428.7295065404865,7.02,4.690297194570999,1.7841957686799106,1.755556313266379,7.625038075875619
9,9,holdout,0,4,312.33,311.70549198567295,1.7088833102549408,307.5139993438686,315.8969846274773,84.06,92.34145577525248,305.9598544948744,-482.0485907091297,666.7315022596347,0.31,2.49290703311639,2.1647006179137986,-0.6612565592645772,5.647070625497356
9,9,holdout,1,4,311.68,306.97876707234417,2.5220692076398517,300.7927188720334,313.16481527265495,204.84,314.8491798600362,431.538139815998,-495.2937475443414,1124.9921072644138,9.2,5.5780030872145465,2.4623906811548606,1.9900782848453558,9.165927889583738
9,9,holdout,2,1,301.44,305.6727037346019,1.3644334533215559,302.62477712594256,308.72063034326123,220.66,596.8960305799352,330.70708640858487,383.44399903105864,810.3480621288118,4.44,8.63948301756023,1.9314608027748024,6.792851823743966,10.486114211376496
9,9,holdout,3,0,314.31,311.7647119496398,2.293731062189355,306.4365410674737,317.09288283180587,12.81,182.89795497890964,449.519769030831,-206.6475885799,572.4434985377193,2.87,2.728713157121398,3.1524019628565374,-1.091036844514567,6.548463158757363
9,9,holdout,4,3,306.89,304.117501524328,2.3480037546887087,298.60216216671597,309.63284088194007,422.12,471.7106409563501,299.7237024867177,-853.7835247410587,1797.2048066537589,12.1,8.826837556219555,2.2080346112871325,6.133303189457253,11.520371922981857
9,9,holdout,5,2,307.84,307.8495667329784,1.061943906541967,306.8699536868309,308.8291797791259,2201.12,1743.4228864416496,323.7562498637646,1096.5097933928264,2390.3359794904727,5.77,6.145298477884482,1.3873880093973887,3.7437801891242484,8.546816766644715
9,9,holdout,6,0,314.22,311.57918430212374,2.1346150193774074,306.62062844596113,316.53774015828634,87.66,216.03642679645907,444.25373923038967,-168.94567243278846,601.0185260257066,3.45,1.6747540327524728,2.732729842029861,-1.636481317800838,4.985989383305784
9,9,holdout,7,2,301.14,305.2688037143685,2.54722927251735,302.9190571679503,307.6185502607867,965.47,1079.9784278712573,488.42638219387453,104.02994266164455,2055.92691308087,6.46,9.146900912100204,2.873690481921739,4.172646989025861,14.121154835174547
9,9,holdout,8,2,306.32,305.2223761054892,1.8122666581084486,303.55061166440663,306.8941405465718,331.97,596.566868910136,402.4740757745775,-207.636136717892,1400.769874538164,10.22,5.861134646553287,2.0105573820153806,2.380932791839954,9.341336501266621
9,9,holdout,9,3,304.34,305.37059003185624,1.7453694010649092,301.27080759665256,309.4703724670599,421.99,499.2646663498304,236.74955980887003,-547.733477789249,1546.2628104889097,3.37,8.453639735365215,2.026103671977815,5.982039044326109,10.92524042640432
9,9,holdout,10,2,303.31,303.32308312521,2.245066404362438,301.252073229459,305.39409302096107,1035.72,413.4392723390566,335.41684140511757,-256.77341521634304,1083.6519598944562,5.86,6.048775914500645,2.533327699508243,1.6636776142533733,10.433874214747917
9,9,holdout,11,3,308.31,307.7439332552975,1.2307766600386107,304.8529025489002,310.63496396169484,374.66,337.8829822476355,202.832393480008,-559.1203309424717,1234.8862954377428,8.57,7.940525849460101,1.4789965069799984,6.136329529570991,9.744722169349211
9,9,holdout,12,4,307.47,307.0756913760879,1.3084357626829792,303.86640327628123,310.28497947589454,850.87,916.8569405777878,241.10763366296027,464.2164295014328,1369.4974516541429,10.63,10.395631268317992,1.496922065359392,8.214481117523174,12.576781419112809
9,9,holdout,13,3,306.43,307.2659820625406,0.8988072195822732,305.15473039900775,309.3772337260735,2256.33,1197.101006687555,157.07114195316223,502.47165128122924,1891.7303620938806,4.77,7.691605709597769,1.5353702864559595,5.818640217510644,9.564571201684894
9,9,holdout,14,1,313.31,310.83724006258063,2.4541814036603697,305.3549904266722,316.31948969848906,0.85,359.9641895993268,589.8263643815903,-20.734141076269225,740.6625202749228,0.42,3.734535223396459,3.7766046200977925,0.12379878589582383,7.345271660897094
9,9,holdout,15,1,311.83,313.314577164266,1.1105591583168233,310.83376521929057,315.7953891092414,194.23,140.84823511397815,286.43853548760535,-44.03104273184172,325.727512959798,3.51,5.134024435059655,2.1000409805952005,3.1262170917843863,7.141831778334923
9,9,holdout,16,2,307.32,306.6769096155986,0.7770912734412695,305.9600650206809,307.39375421051636,1604.24,1467.3159433349429,357.36249758519773,753.2525739026198,2181.379312767266,11.92,11.087517952697048,1.2792159835104302,8.87324151462328,13.301794390770818
9,9,holdout,17,1,311.08,311.1782570488759,1.4239052567203465,307.99747992148815,314.3590341762636,560.59,352.40881812803485,379.3467014877404,107.56276728205142,597.2548689740183,3.19,2.2201099447005292,2.7733937222502636,-0.43147653993530133,4.87169642933636
9,9,holdout,18,4,311.14,309.58916633216353,1.7036632167104824,305.41047736369944,313.7678553006276,68.07,139.74623190707064,358.78358628379596,-533.8118110055015,813.3042748196427,5.46,6.32073996191969,2.3126846865123247,2.950950265142025,9.690529658697356
9,9,holdout,19,3,312.39,311.82988280917033,1.1012519279649966,309.2430989981041,314.4166666202366,59.84,45.85212275453068,184.4574827525788,-769.8902265466847,861.5944720557461,5.02,4.482973598237236,1.7197776857242877,2.3850534496988915,6.580893746775581
9,9,holdout,20,0,308.85,310.5789272500687,1.125200102574597,307.96516902794053,313.1926854721969,484.91,224.98417750781374,336.59859684216303,-66.70596028236633,516.6743152979939,7.06,8.95866014249533,1.6899272569455932,6.910983571252071,11.006336713738587
9,9,holdout,21,0,311.28,310.6923216621823,0.9011863941932216,308.5989310358368,312.78571228852775,410.23,672.5293504808071,214.54205649866608,486.611160063545,858.4475408980693,5.16,5.72171185974472,2.0692032840321697,3.214468386134841,8.228955333354598
9,9,holdout,22,4,312.03,311.9723431456969,1.6523172722490587,307.91959381694085,316.025092474453,122.49,191.30284475881365,306.6458142268768,-384.3749799636703,766.9806694812976,3.07,6.049950383306466,2.534721077372604,2.3566336849473504,9.74326708166558
9,9,holdout,23,0,307.93,308.7464903783684,1.763726674420267,304.6494812452332,312.8434995115036,117.49,141.77646655708418,462.6670958662353,-259.1623080257689,542.7152411399372,6.42,8.41178082281268,2.3361699297866902,5.581055173524438,11.242506472100924
9,9,holdout,24,2,306.65,307.0895921362097,1.321628535643635,305.8704274066024,308.30875686581703,1388.31,1227.0378799438522,386.67905749246125,454.39566777061077,1999.6800921170936,11.47,11.4848511223461,1.7111553348950073,8.522903344344973,14.446798900347227
9,9,holdout,25,0,308.18,308.3732061454325,0.988013712878558,306.0781219557823,310.6682903350827,1252.74,1075.5379257205282,291.1795139073177,823.2071277608139,1327.8687236802425,7.11,7.390792948458218,1.0699963464468054,6.094283621840766,8.68730227507567
9,9,holdout,26,0,310.29,309.08657047290995,1.811240492801529,304.8791901860799,313.29395075974,785.56,714.1155039065967,450.24849031888533,323.9384639157836,1104.2925438974098,5.06,5.0251332117293845,2.1646213464382744,2.4022721397528453,7.647994283705923
9,9,holdout,27,2,303.33,306.6342191656074,2.6593050909191285,304.1810858647781,309.08735246643676,1918.36,1310.6807355942174,560.1349881168925,191.44780081676117,2429.9136703716736,8.91,7.4327346757920125,3.072929836139696,2.113604661995919,12.751864689588107
9,9,holdout,28,0,302.73,303.33488738464484,2.9210407527852493,296.54952159300086,310.1202531762888,2026.87,1082.6522562787977,550.9763425790406,605.1863167479457,1560.1181958096497,13.02,4.805171118289579,2.8944173432105176,1.2980198153366924,8.312322421242465
9,9,holdout,29,1,310.24,310.4917385306284,1.598589147362575,306.9207454662916,314.06273159496527,305.92,376.3352297806874,426.21288259927877,101.2398072691812,651.4306522921936,5.99,6.0020806739717525,2.3962855329900203,3.7110398161128617,8.293121531830643
9,9,holdout,30,2,305.2,306.68920733232414,2.004725212545136,304.8399053493738,308.5385093152745,2372.98,1662.4918150844333,509.0363506713508,645.361550492914,2679.6220796759526,10.28,7.948101233865842,2.490191662104033,3.637669848734732,12.258532618996952
9,9,holdout,31,1,307.79,306.68405255177066,1.1183798459627423,304.18577043856095,309.1823346649804,1236.45,1129.2341237207772,238.8314438375483,975.0824318459559,1283.3858155955986,12.82,10.140902325564578,1.589183853604329,8.621515303804212,11.660289347324944
9,9,holdout,32,0,309.58,309.5611335636846,1.3131211782985184,306.51084831346543,312.6114188139038,717.28,563.5226498814322,273.9955418250346,326.083165288702,800.9621344741624,6.31,6.9090758329331035,1.4269084997728843,5.18009780013079,8.638053865735417
9,9,holdout,33,4,311.54,311.1282840433203,1.256688556145999,308.0459197856111,314.21064830102955,686.14,632.7348040902799,242.00467315575028,178.41024673009906,1087.0593614504608,4.98,3.071136071207766,1.8087134400448535,0.4356778307339826,5.706594311681549
9,9,holdout,34,2,308.55,309.24820790768166,1.5943655181213812,307.7774510699073,310.71896474545605,367.47,528.0193695604189,319.964203150274,-111.31665070774864,1167.3553898285863,5.43,4.94609362413447,1.82954745479948,1.779213383642781,8.11297386462616
9,9,holdout,35,3,306.8,305.70141625967,1.9323656141932193,301.1623893931354,310.2404431262046,554.95,641.8468705514256,218.14159913282734,-322.85967266658736,1606.5534137694385,12.78,10.317885890463696,2.052203808104969,7.814446199584509,12.821325581342883
9,9,holdout,36,1,307.12,307.04481367008873,0.6706404777495459,305.54670985857575,308.5429174816017,2075.38,2232.1691794928656,249.57728370837037,2071.0816781195686,2393.2566808661627,5.9,6.273829100733549,1.0481877452035047,5.271677680167336,7.275980521299761
9,9,holdout,37,3,309.05,308.9653271466079,0.9808664278866869,306.6613226476879,311.26933164552787,1337.07,1262.5113581758155,145.6379720739373,618.4439030950457,1906.5788132565854,4.68,4.5948667233644365,1.5914043085682659,2.6535465218466316,6.536186924882241
9,9,holdout,38,1,307.56,307.12331693389655,1.6188464223821455,303.50707234967007,310.739561518123,316.18,897.9637841281901,546.3551049052935,545.3236022814334,1250.6039659749467,8.14,4.930285736732731,2.5721432386515484,2.471110830033192,7.389460643432271
9,9,holdout,39,0,312.34,312.49580366832964,2.0585036861427297,307.71404891855167,317.2775584181076,106.38,246.19678722364984,406.8405100826101,-106.3636974543976,598.7572719016973,5.13,4.916897096159691,2.5367184177019837,1.8431678273874716,7.990626364931911
9,9,holdout,40,4,309.58,306.78396998691755,1.916619759226195,302.08294823211156,311.48499174172355,435.02,449.2316219459884,301.8824758762349,-117.5038069149108,1015.9670508068876,7.83,7.614030450814772,1.9644418456948558,4.751661909980769,10.476398991648775
9,9,holdout,41,0,307.48,307.7762529720093,0.8777606139827409,305.73727873390874,309.8152272101098,1296.42,952.6046689429486,168.69269024785558,806.4186939441677,1098.7906439417295,8.74,9.18191999629266,1.0682945159878798,7.887472769297927,10.476367223287392
9,9,holdout,42,0,304.47,305.3770073914787,2.102961099154802,300.4919812959827,310.26203348697464,451.73,757.1021174752879,456.09640112563585,361.857385803616,1152.3468491469598,7.37,8.703112132632128,2.6092643427006874,5.541479322243857,11.8647449430204
9,9,holdout,43,1,311.63,311.6309664294624,1.556101339309431,308.15488434843036,315.1070485104944,91.86,204.56494126108055,391.79192906657636,-48.31377419647583,457.44365671863693,2.46,2.3656236301692024,2.6702584769329007,-0.18735730114070837,4.918604561479113
9,9,holdout,44,0,312.52,311.9814870009604,1.3131338544519906,308.93117230495614,315.03180169696464,220.1,280.52845165022086,284.4412900728825,34.03687422549035,527.0200290749514,1.31,2.1575193602670217,1.720017450037732,0.07338264959129903,4.241656070942744
9,9,holdout,45,1,312.59,312.30539655055753,1.733567009972187,308.43288447990614,316.1779086212089,188.63,254.41456902916673,427.20555303631613,-21.321564039059638,530.1507020973932,1.23,1.8673303605342708,2.8695971075453874,-0.8762342641608765,4.610894985229418
9,9,holdout,46,0,306.36,306.5543993529461,1.7992718791629823,302.37482128745756,310.7339774184347,947.21,1000.979143495123,484.52804072315143,581.0960771732064,1420.8622098170397,7.22,7.486673411055287,2.0065599125659745,5.055334603500006,9.918012218610569
9,9,holdout,47,2,302.67,306.7638236553301,2.455719773238367,304.49849201895364,309.02915529170656,1366.98,1334.3184019494954,362.99430703143673,609.0018404325065,2059.6349634664844,10.28,12.258481835311665,2.166517237449996,8.508319131433064,16.008644539190268
9,9,holdout,48,1,312.73,312.03517252872354,1.7498808850291,308.1262178644409,315.9441271930062,46.91,132.77271763559634,417.15997433657253,-136.4795834566342,402.0250187278269,1.25,1.6220445434181539,2.6413518405722716,-0.9032993287626492,4.147388415598957
9,9,holdout,49,3,310.89,309.9765800364446,1.1340267206146761,307.3128099328831,312.6403501400061,93.48,58.22518020034204,236.3606307345151,-987.0529691079969,1103.503329508681,4.63,4.376280947590435,1.5366964434307728,2.5016977048715394,6.250864190309331
9,9,holdout,50,3,307.08,303.93697711868487,2.9770781030874085,296.9439746586782,310.92997957869153,130.32,522.5805116308657,426.79961017466985,-1364.8924793766553,2410.053502638387,7.26,7.621455319748305,2.5095292351279976,4.5601340865310185,10.682776552965592
9,9,holdout,51,1,306.76,307.03207411821984,0.6597994973350216,305.5581873270305,308.50596090940917,1543.82,1756.8149211994746,202.80421736951007,1625.916691366205,1887.7131510327442,10.96,11.153505378063045,1.0671950304257827,10.13318147077031,12.17382928535578
9,9,holdout,52,4,310.33,310.1164107008753,1.6041939688911289,306.1816966239785,314.0511247777721,570.52,624.9664626234759,376.49016563495746,-81.83281369660995,1331.7657389435617,5.7,5.414208162337314,2.202519927541937,2.204938432631445,8.623477892043182
9,9,holdout,53,3,312.69,313.1545218341803,1.037676867435005,310.7170725515633,315.59197111679725,95.36,80.95989668517109,125.20650005303598,-472.75168485064717,634.6714782209893,1.39,1.713527388275219,1.6927127820577037,-0.35137686106190813,3.7784316376123463
9,9,holdout,54,4,311.54,311.9664966013897,1.3236439966362903,308.7199062467552,315.21308695602414,223.41,194.86883032246044,243.82971784314074,-262.88195269257614,652.619613337497,4.71,4.180966598427718,1.7740991237129164,1.5959445316427345,6.765988665212701
9,9,holdout,55,1,308.42,303.2946355796614,1.4213879217023457,300.11948177700646,306.4697893823164,709.64,769.9186371402008,274.445024059748,592.7804676192201,947.0568066611814,12.53,9.060581126852558,1.620899299351595,7.5108715992673,10.610290654437815
9,9,holdout,56,4,308.18,307.93114547115687,1.0599886290663865,305.3312403094257,310.531050632888,1523.36,1788.0051788462863,346.4110160411952,1137.6746316079802,2438.3357260845924,7.59,6.219774795588178,1.6901977553381593,3.757004572447811,8.682545018728543
9,9,holdout,57,2,308.44,309.1189772576743,1.3628989570207009,307.8617417383088,310.3762127770398,1059.82,1131.0551171170298,294.3982295594409,542.8037108429083,1719.3065233911511,5.32,6.11442753783394,1.5772752686269653,3.3842212953408106,8.844633780327069
9,9,holdout,58,3,309.87,310.8524489618721,0.9731809298026405,308.566497300381,313.13840062336317,261.82,309.1460015009901,144.67886476446262,-330.67991001002224,948.9719130120025,2.03,3.683608267427394,1.5976772228700205,1.7346358714353,5.632580663419488
9,9,holdout,59,4,308.33,308.8318222439148,1.107650949371156,306.1150125143586,311.548631973471,1098.75,1181.2234437134973,230.4913854827787,748.513218248539,1613.9336691784556,2.44,2.862659489989526,1.595666518226488,0.5376297857795422,5.1876891941995105
9,9,holdout,60,4,306.45,306.7500883091537,2.3876178473039213,300.8938179726366,312.60635864567075,268.91,402.3413178363278,628.5003930892066,-777.5663226544923,1582.2489583271479,8.27,7.288975728990558,3.2099520277916347,2.611786774747366,11.96616468323375
9,9,holdout,61,1,303.98,302.5973080475881,1.5036611385443275,299.2383690070513,305.95624708812494,704.72,1231.1937763995334,401.7699496145798,971.8748337913063,1490.5127190077606,7.93,6.130847598762038,2.1244127717371146,4.099738871525378,8.161956325998698
9,9,holdout,62,4,308.91,307.93174162132857,1.8066337274852355,303.50048997895624,312.3629932637009,671.26,773.2901490953843,330.9788739242504,151.93094792644945,1394.6493502643193,8.35,8.198729696573656,2.3133476874694168,4.827973947740908,11.569485445406404
9,9,holdout,63,3,309.65,310.2330661842707,1.0684586022943112,307.72331219880726,312.7428201697341,616.92,547.3339649860876,123.50012951610594,1.1686141035456785,1093.4993158686295,2.11,3.4496250090131753,1.425219600985697,1.711029990703916,5.188220027322434
9,9,holdout,64,1,311.97,312.52682587347476,1.3937134413984817,309.41349244373254,315.640159303217,177.02,132.27843920186297,340.39480921480083,-87.42644932847648,351.9833277322024,2.3,1.4131088039052466,2.1394761063099494,-0.632401677415745,3.4586192852262383
9,9,holdout,65,4,306.98,307.84707961051595,1.3331017111806176,304.5772916854664,311.1168675355655,2215.59,1785.1214377974113,348.7228082504825,1130.4508753085847,2439.792000286238,6.68,6.781721878763435,1.8916020734924683,4.0254874405655325,9.537956316961337
9,9,holdout,66,2,306.01,307.1530409375333,1.5295214337636338,305.7421009230497,308.56398095201695,1493.56,1214.5247831509978,374.4933625278425,466.2314001473188,1962.8181661546769,12.0,11.682850690887577,2.114581064951846,8.022587616570203,15.34311376520495
9,9,holdout,67,2,311.22,312.2588605624291,1.134107251695347,311.2126788831076,313.3050422417506,462.07,401.77562070657063,235.24450790530727,-68.27786025575381,871.8291016688951,3.64,5.185435826075597,2.212232507900043,1.3561416482922337,9.014730003858961
9,9,holdout,68,0,304.88,310.14710519953,2.037927394034557,305.4131476838223,314.88106271523776,395.97,468.6270166719422,304.2794901829701,204.9440208102119,732.3100125336725,8.3,10.529877790755148,2.201252040127431,7.862631486841913,13.197124094668382
9,9,holdout,69,2,310.04,309.731756167103,1.8312765606168937,308.04245563170457,311.42105670250146,990.55,796.3823257978554,384.95190354844243,27.19122383659237,1565.5734277591184,2.36,3.3073302625461634,2.777404597708761,-1.5002562896696463,8.114916814761973
9,9,holdout,70,0,312.89,311.8798100606801,1.4864252354416931,308.4269520562906,315.3326680650696,164.97,360.1323939869595,281.5548782088837,116.14212786366568,604.1226601102534,0.86,3.258478511593719,2.0629829647215274,0.7587721683932735,5.758184854794164
9,9,holdout,71,2,312.89,311.890648930736,1.561494460548605,310.4502147085354,313.3310831529366,42.42,174.69851119879382,284.24288565821786,-393.26100901326953,742.6580314108571,0.86,2.327643899731374,1.760628385881385,-0.7199399338935568,5.375227733356304
9,9,holdout,72,3,311.83,311.43399239745963,0.8792128060998377,309.3687669975787,313.4992177973406,492.81,366.74944816789093,114.60141020995432,-140.0623233192892,873.561219655071,6.49,3.7881040773563877,1.3735536440897624,2.1125352588084336,5.463672895904342
9,9,holdout,73,0,307.38,307.47076140472393,1.6440619834408652,303.6517246688807,311.28979814056714,663.32,692.5843985430748,333.85779348725293,403.26939040509706,981.8994066810526,9.56,9.113430115933484,1.9519571403576295,6.7482532197364735,11.478607012130496
9,9,holdout,74,4,313.21,312.1033010768749,1.8149166653326505,307.6517333176375,316.55486883611235,15.08,113.93778429184033,333.1120695555375,-511.4261459937238,739.3017145774045,0.39,1.6369140250700145,2.511834702574245,-2.0230551657616442,5.296883215901673
9,9,holdout,75,0,307.86,308.05136493509275,1.4657831582951666,304.6464569786459,311.4562728915396,946.9,1083.3253162536741,299.32138961907503,823.9389189227402,1342.711713584608,8.0,7.181299095268771,1.4301275241673337,5.448420586391121,8.91417760414642
9,9,holdout,76,2,307.58,307.9440975641644,1.01509681374859,307.00769962852485,308.88049549980394,1109.01,1099.612943035674,198.2563779073232,703.4672417475851,1495.758644323763,8.19,7.872445374348299,1.246323352437633,5.71510488681736,10.029785861879237
9,9,holdout,77,1,312.31,310.9993372267751,1.225182338585479,308.2624753877872,313.73619906576295,65.54,174.48284826217332,297.9828773629862,-17.84762530175209,366.81332182609873,2.01,1.5139700689719326,1.981596766339822,-0.38059512077021007,3.4085352587140756
9,9,holdout,78,1,312.73,313.53808981855786,1.7545213916338727,309.6187690030174,317.4574106340983,68.26,62.55986529441475,417.8847352765102,-207.1602264844231,332.2799570732526,1.34,2.85305032452794,2.9030591789187565,0.07749328004410394,5.628607369011776
9,9,holdout,79,3,306.53,307.377096412354,1.5898377396499588,303.64264980416664,311.1115430205413,466.58,529.0918041006463,249.05328438176434,-572.3181700085435,1630.5017782098362,7.25,9.041265511981265,1.7997216988666909,6.845823365501758,11.236707658460773
9,9,holdout,80,2,315.92,312.1196586507316,1.8392360456955097,310.4230157167605,313.81630158470267,84.11,239.67079548939626,364.93390860136003,-489.521378162986,968.8629691417785,3.9,3.505445450903059,2.4663141504863098,-0.7636548282565103,7.774545730062628
9,9,holdout,81,3,309.26,307.4051426238881,2.7814050322754844,300.8717660850575,313.93851916271865,613.05,743.6802085924675,208.34674207490895,-177.7096874054737,1665.0701045904086,8.86,10.05720401382929,2.3531863226384013,7.186602167725668,12.927805859932914
9,9,holdout,82,1,310.16,308.8283128990519,1.2944362208205182,305.9367489381663,311.71987685993753,517.94,1032.877963962898,439.31167375611426,749.3280398753155,1316.4278880504808,7.35,6.306206669537203,2.0688516905551557,4.32821878509754,8.284194553976866
9,9,holdout,83,0,304.65,302.3463780397111,2.578095533108326,296.3576491179173,308.33510696150495,2419.87,1568.5762331602377,459.12043578310977,1170.7109288118045,1966.441537508671,12.79,9.11341364592582,2.4017948040922277,6.20317065821136,12.023656633640282
9,9,holdout,84,2,315.33,312.5818862405883,1.8956285296723798,310.83322284426686,314.3305496369097,96.59,207.2659996051584,389.18484698438664,-570.3831522995409,984.9151515098578,6.91,4.427048752762984,2.701835880781499,-0.24973109323241527,9.103828598758383
9,9,holdout,85,4,311.02,309.79029159150457,2.0933730047804784,304.65573530352714,314.924847879482,146.83,213.8155928453997,344.0952962964518,-432.16756583101835,859.7987515218177,5.0,5.491996560731104,2.2234975939872865,2.2521604833245537,8.731832638137654
9,9,holdout,86,1,309.61,310.03975283775435,1.6967255851881378,306.2495386311922,313.8299670443165,540.43,489.6039360997929,354.91877993544006,260.5246761577487,718.6831960418372,7.42,8.053852880578305,2.175774337594673,5.973638383481051,10.134067377675558
9,9,holdout,87,3,311.04,312.1563327302221,1.0177821641843798,309.7656150763886,314.54705038405564,153.39,139.74271461948882,156.34309467463197,-551.6669340634871,831.1523633024649,1.96,1.7345566959819037,1.5826229470759472,-0.19605130979149865,3.665164701755306
9,9,holdout,88,1,312.29,311.6647418610304,2.0457988929597994,307.0947535874077,316.2347301346531,42.84,248.82937621029976,496.1622285067886,-71.41424724125585,569.0729996618554,3.51,3.192869865605053,3.119712993572789,0.21017442523730567,6.1755653059728
9,9,holdout,89,2,311.14,311.2450907759716,2.0101743778553143,309.39076209302743,313.0994194589158,504.12,405.16080481575773,423.4624119312152,-440.9800150374855,1251.3016246690008,4.26,5.702436077450302,2.573429184968231,1.247923561362688,10.156948593537916
9,9,holdout,90,3,308.79,307.3696981535369,0.947770671828751,305.14343387355467,309.5959624335191,843.81,966.715244026107,162.13963036009412,249.67107205187608,1683.759416000338,7.69,6.8533769995835385,1.6290582408909045,4.866123568470367,8.84063043069671
9,9,holdout,91,3,302.53,304.8761344219772,2.1039089661271113,299.9341610956815,309.81810774827295,2030.6,2232.4898876950074,243.24513156022303,1156.7658123471047,3308.21396304291,2.36,9.397987223091176,2.0187917700468785,6.935306165393277,11.860668280789076
9,9,holdout,92,4,312.07,310.554558928396,1.9827404676905773,305.6913584798569,315.41775937693507,81.77,174.21774592178406,397.3226382084162,-571.6911217844294,920.1266136279975,5.71,5.082597713492345,2.733730210834748,1.0993067997045283,9.065888627280161
9,9,holdout,93,2,306.81,306.5331098202366,1.5538768016450968,305.0997026716855,307.96651696878763,673.45,1437.016603929165,569.915909476233,298.23993496248227,2575.7932728958476,7.15,5.339785202106738,2.1952687109142235,1.5398547412016512,9.139715663011824
9,9,holdout,94,3,309.96,309.64451501332456,1.1889130882452141,306.85181967146883,312.4372103551803,659.22,492.3821331733086,248.62974322519898,-607.1547780873232,1591.9190444339404,4.79,4.307535687642037,1.6794024409153776,2.2588684398070225,6.356202935477052
9,9,holdout,95,0,314.36,312.8479446886184,1.658384512898071,308.9956377557277,316.70025162150904,139.42,206.04409841898251,316.4978399513136,-68.22709406903363,480.31529090699865,5.84,4.066097174497262,2.0291930009507166,1.6073339647200293,6.524860384274495
9,9,holdout,96,4,310.35,309.7757827193096,1.9894340023573645,304.8961645896245,314.65540084899465,94.55,209.58681184993014,404.62584532449415,-550.0326437430983,969.2062674429585,3.98,5.453083158941578,2.8186145462633307,1.3461081300587505,9.560058187824405
9,9,holdout,97,4,313.16,312.5648821282127,1.8110993027679883,308.122677470016,317.00708678640933,15.39,97.29827360844217,316.2837305290308,-496.4731771616367,691.0697243785211,0.53,1.675956933687913,2.2697867909290306,-1.6313266690281232,4.983240536403949
9,9,holdout,98,3,306.83,306.78254419007,0.7736362353892224,304.965312693316,308.599775686824,1407.27,1383.5274849156272,92.12250358161465,976.1261348930005,1790.9288349382537,10.88,11.434086166467061,1.2316776319197238,9.93158887163785,12.936583461296273
9,9,holdout,99,4,309.81,309.52468535598854,1.225852104161321,306.5179557310348,312.53141498094226,533.37,883.5228315536702,370.1484851019302,188.6290327746441,1578.4166303326965,7.02,4.493813985547649,1.859519001481941,1.784327470286485,7.203300500808814
9,9,cross_fitted,0,4,312.33,311.9760157234113,1.860058067325751,309.0592436273197,314.8927878195029,84.06,112.97717264096514,304.0468518533991,-296.93265052664276,522.886995808573,0.31,2.0365168359401373,1.9949501781468242,-1.0274832099417166,5.100516881821991
9,9,cross_fitted,1,4,311.68,308.8122481012657,2.3048276071251177,305.1980292933392,312.42646690919224,204.84,253.07718945499312,370.1495384721022,-245.95094037359348,752.1053192835798,9.2,6.663327503485284,2.096085681323155,3.4439956654779653,9.882659341492603
9,9,cross_fitted,2,1,301.44,305.693345716186,1.327778250416642,303.8787508306193,307.5079406017527,220.66,557.8464674280091,322.2957750698875,173.9888300186255,941.7041048373926,4.44,8.648246067829195,2.0007960073171196,5.897699565287879,11.39879257037051
9,9,cross_fitted,3,0,314.31,313.8299747416342,1.7445653769808673,311.0770872990385,316.5828621842299,12.81,14.043458579934281,227.4176383586786,-215.9424358723539,244.02935303222247,2.87,2.935536199094732,2.37002670530594,-2.0798781098590946,7.9509505080485585
9,9,cross_fitted,4,3,306.89,305.03685076310626,1.367619422836412,302.9076905016087,307.1660110246038,422.12,523.6830288662869,338.511964719033,77.12943325855412,970.2366244740197,12.1,9.58992274328062,2.175679036454683,5.77170383196403,13.408141654597213
9,9,cross_fitted,5,2,307.84,307.9184053443246,0.8490411696913187,306.5012222352998,309.3355884533494,2201.12,1724.495339699633,255.91159267980987,1370.6260507127815,2078.3646286864846,5.77,5.81948527193326,1.246240556593484,3.8288568668355616,7.810113677030959
9,9,cross_fitted,6,0,314.22,312.4911254788263,1.5789855306244824,309.99951954840316,314.9827314092494,87.66,95.64111877078699,230.5377569313702,-137.50013014704146,328.7823676886154,3.45,3.0896181222752377,2.3746178893574195,-1.9355119802328469,8.114748224783323
9,9,cross_fitted,7,2,301.14,304.1972502531805,1.4095021548264992,301.84456970333116,306.5499308030299,965.47,1080.0274724031306,309.6485998983595,651.8517546313133,1508.2031901749478,6.46,9.011060329840742,2.7573872346069033,4.606667194003525,13.41545346567796
9,9,cross_fitted,8,2,306.32,305.7499393275069,1.1188864313908096,303.88234208006065,307.6175365749532,331.97,372.65021756446924,249.77994107522127,27.25965035379636,718.0407847751421,10.22,6.139915945696883,2.3078807239930135,2.4535225760927895,9.826309315300977
9,9,cross_fitted,9,3,304.34,304.1616606083793,1.4027304796097242,301.97783816120887,306.3454830555497,421.99,471.4365641037065,260.16397206688816,128.2370046125481,814.6361235948648,3.37,8.560036259704294,2.072622591766998,4.922676776385306,12.197395743023282
9,9,cross_fitted,10,2,303.31,303.81711885455104,1.4230131804171886,301.44188628021067,306.1923514288914,1035.72,457.41976497472655,236.85498596576772,129.9015599609935,784.9379699884596,5.86,6.96026044061586,2.2286708203222805,3.400389581756414,10.520131299475306
9,9,cross_fitted,11,3,308.31,307.7290358891882,0.966649619368177,306.2241201780016,309.2339516003748,374.66,448.65991448523306,254.23962027119958,113.2755605753772,784.0442683950889,8.57,8.109653456998343,1.4557144122001842,5.554940098544456,10.66436681545223
9,9,cross_fitted,12,4,307.47,307.0449456398,1.0735089254534487,305.36156761323673,308.7283236663633,850.87,1076.644803376519,297.47251049553677,675.5983744095661,1477.6912323434717,10.63,10.873716743986726,1.2330247056932024,8.979941252146158,12.767492235827294
9,9,cross_fitted,13,3,306.43,307.91528405261715,1.0004476375337523,306.35775034259706,309.47281776263725,2256.33,1105.234579718322,192.6884156661323,851.0465042123728,1359.4226552242712,4.77,7.637160200194405,1.282101824815146,5.387129128644543,9.887191271744268
9,9,cross_fitted,14,1,313.31,311.4012447145348,2.123031711848335,308.4998246280053,314.30266480106434,0.85,208.3673585157336,453.2241082219416,-331.42729241111897,748.1620094425862,0.42,2.197875402729898,3.0913236411583678,-2.051847906550859,6.447598712010655
9,9,cross_fitted,15,1,311.83,314.60411848927185,1.1281605019433334,313.0623292060973,316.14590777244644,194.23,166.0732505242545,229.52504195599008,-107.29347391515552,439.4399749636645,3.51,5.876423735298691,2.6954802466401433,2.1708766740534076,9.581970796543974
9,9,cross_fitted,16,2,307.32,306.72602102514077,0.7076295019453406,305.54487620742935,307.9071658428522,1604.24,1694.6480760993313,242.97093979000584,1358.6728558773525,2030.6232963213101,11.92,10.518987954374637,1.2183676860685781,8.572881072433072,12.465094836316203
9,9,cross_fitted,17,1,311.08,311.4175257900385,1.317396086470343,309.6171195851436,313.2179319949334,560.59,365.5264488938533,309.8977708700272,-3.5650359039485693,734.6179336916551,3.19,2.417320584178867,2.619433259800229,-1.1836826990318876,6.018323867389622
9,9,cross_fitted,18,4,311.14,309.96361542561823,1.9117627626911537,306.9657647786319,312.96146607260454,68.07,85.0082154518791,356.49065722033214,-395.6052866163779,565.6217175201361,5.46,6.047800290347161,2.2745825689299695,2.5543190135177185,9.541281567176604
9,9,cross_fitted,19,3,312.39,311.76336933078454,1.1294530733154322,310.00499520946505,313.52174345210403,59.84,42.150184591265884,225.03245231129395,-254.70505593602388,339.00542511855565,5.02,4.66288183538269,1.5544144393026784,1.93495436597046,7.390809304794919
9,9,cross_fitted,20,0,308.85,310.3588649091958,1.087128132798675,308.64339959917504,312.07433021921656,484.91,292.3531270638901,218.75491262809732,71.12778759722869,513.5784665305515,7.06,7.39218551699285,1.4578372229399792,4.307132655905008,10.477238378080692
9,9,cross_fitted,21,0,311.28,310.34433485394555,0.9397939260210375,308.86135982090417,311.82730988698694,410.23,690.118635024847,221.37772861776403,466.2408597765076,913.9964102731864,5.16,4.9510815029489486,1.5595135500315702,1.6508627516897523,8.251300254208145
9,9,cross_fitted,22,4,312.03,313.4928924627449,2.1317534752227543,310.15007260055876,316.8357123249311,122.49,223.4229828081597,325.718363108498,-215.70393401524984,662.5498996315692,3.07,5.6865097979638675,2.5692014764283155,1.7405298291965874,9.632489766731148
9,9,cross_fitted,23,0,307.93,308.63383969343016,1.2550727343646935,306.65336133729306,310.61431804956726,117.49,114.62246221064834,274.3212851696456,-162.79676785600913,392.0416922773058,6.42,8.727470615831932,1.7853456962600862,4.94934932656313,12.505591905100733
9,9,cross_fitted,24,2,306.65,307.29537460800043,0.9600815102666251,305.6928477244907,308.89790149151014,1388.31,1500.8569814681791,276.2794072205175,1118.82349728305,1882.8904656533082,11.47,11.067427197116738,1.8874287863958492,8.052624529268543,14.082229864964932
9,9,cross_fitted,25,0,308.18,308.90772665225404,0.8273398985809332,307.6022017074088,310.21325159709926,1252.74,1177.5320848386273,247.62534823467797,927.1102722921844,1427.9538973850701,7.11,6.692978774039546,1.415396562740893,3.697738189736352,9.68821935834274
9,9,cross_fitted,26,0,310.29,309.9346225163506,1.3591751427971461,307.7898727510138,312.0793722816874,785.56,974.8847963014747,225.56987097586494,746.7675363022711,1203.0020563006783,5.06,4.6053019634936705,1.6971022318168756,1.0139201456617553,8.196683781325586
9,9,cross_fitted,27,2,303.33,304.08455367549175,1.2324036821753053,302.02747830126253,306.14162904972096,1918.36,1592.396761342485,326.64416667721605,1140.7199232463245,2044.0735994386455,8.91,4.981251368508009,2.7110450633221763,0.650880893885927,9.31162184313009
9,9,cross_fitted,28,0,302.73,302.06855970830844,2.316250512949338,298.41356515485757,305.7235542617593,2026.87,1487.754899743938,305.2988964290635,1179.008224344056,1796.50157514382,13.02,4.952448383557296,2.320500739043472,0.04184016784345257,9.86305659927114
9,9,cross_fitted,29,1,310.24,310.0112930872996,1.1838778229220503,308.39335828385174,311.6292278907474,305.92,395.3059770830848,309.8099075920421,26.319138367891696,764.292815798278,5.99,5.64712534008358,1.6041794959689948,3.44181790946621,7.8524327707009505
9,9,cross_fitted,30,2,305.2,305.5084861259202,1.181289323114552,303.5367286477782,307.48024360406214,2372.98,1722.4525467497294,314.0709185260517,1288.161737699446,2156.743355800013,10.28,6.831741967538978,2.2653891860976616,3.2132206165939308,10.450263318484025
9,9,cross_fitted,31,1,307.79,306.63508382744413,1.07177170849749,305.170357725684,308.09980992920424,1236.45,1209.7531386376136,244.92201086325304,918.0484632687317,1501.4578140064955,12.82,10.395017104409504,1.49155232998485,8.344541179031005,12.445493029788004
9,9,cross_fitted,32,0,309.58,309.87410541311584,0.8919269091594526,308.46666352510385,311.28154730112783,717.28,519.5148522240249,198.7199083928004,318.5507748242172,720.4789296238326,6.31,6.0329851650002695,1.5081671623755195,2.8414248549251795,9.22454547507536
9,9,cross_fitted,33,4,311.54,311.5917790756965,1.31855562560502,309.5241413371399,313.65941681425306,686.14,532.6757325166844,268.1583280505765,171.15009210277492,894.201372930594,4.98,2.89723954767154,2.196106405535842,-0.47571191800061285,6.270191013343693
9,9,cross_fitted,34,2,308.55,309.4107681002884,0.9625679028108133,307.8040910369738,311.01744516360304,367.47,545.7202373521293,196.80731894246233,273.57912294503575,817.8613517592228,5.43,5.226360558803635,1.7127616650470985,2.490554856151211,7.962166261456058
9,9,cross_fitted,35,3,306.8,306.28959280339456,1.182954522231786,304.44792565693723,308.1312599498519,554.95,577.73163030569,236.34361882969455,265.95507943859593,889.5081811727841,12.78,10.669351309561424,1.8012220581929979,7.508287563099965,13.830415056022883
9,9,cross_fitted,36,1,307.12,306.97159702888416,0.819849324456474,305.8511581373545,308.0920359204138,2075.38,2234.845496115406,290.49272112819574,1888.8656284217868,2580.8253638090255,5.9,6.370132150925575,1.2310827934801185,4.677730497002822,8.062533804848329
9,9,cross_fitted,37,3,309.05,308.86219191134467,1.0886858297926725,307.1672857354419,310.5570980872474,1337.07,1386.5087270650668,204.8160395008975,1116.3222981948948,1656.6951559352387,4.68,4.989328073884846,1.4598047597713038,2.427436339306439,7.551219808463253
9,9,cross_fitted,38,1,307.56,307.07966564854,1.7439445708111303,304.6963212174103,309.46301007966974,316.18,697.6665984067832,468.2785671251016,139.94192954596758,1255.3912672675988,8.14,5.431176650901122,2.4148939990654927,2.111358828971201,8.750994472831042
9,9,cross_fitted,39,0,312.34,312.40965312321987,1.748208007622176,309.65101768614784,315.1682885602919,106.38,171.34252783716272,214.34730171906247,-45.42542501415943,388.11048068848487,5.13,4.3559778123632995,1.6714143177992187,0.8189563657638681,7.892999258962731
9,9,cross_fitted,40,4,309.58,307.9540149141343,2.3651345869192166,304.245228243541,311.66280158472756,435.02,448.97782813962414,240.8802074531042,124.22799882947805,773.7276574497703,7.83,8.350989259495798,1.6468889070713666,5.821568854863716,10.880409664127878
9,9,cross_fitted,41,0,307.48,307.97458027615204,0.8757968182803748,306.59259133201647,309.3565692202876,1296.42,950.3899670510848,205.6530511483797,742.4144500394891,1158.3654840626805,8.74,8.550125652683539,1.3910758448252025,5.606352200107301,11.493899105259777
9,9,cross_fitted,42,0,304.47,305.16149306003723,1.4885215323458325,302.8126374146732,307.51034870540127,451.73,529.8941419084888,234.90079839925735,292.34057914479297,767.4477046721846,7.37,8.285995239007852,1.8897556871035466,4.286923122095768,12.285067355919935
9,9,cross_fitted,43,1,311.63,311.28662306542185,1.6693419516580699,309.0052335587101,313.5680125721336,91.86,195.70098978570627,360.11835283558315,-233.20373314232677,624.6057127137393,2.46,2.015798466660203,2.4028202414471203,-1.2874212454832654,5.319018178803672
9,9,cross_fitted,44,0,312.52,312.46968244955036,0.9187489846348688,311.0199158910303,313.91944900807044,220.1,390.0135463831873,254.7545486816497,132.3820224293096,647.645070337065,1.31,1.6269381020685607,1.40663417163734,-1.3497596440366406,4.603635848173762
9,9,cross_fitted,45,1,312.59,312.9291262755609,0.9517561856757855,311.6284181894842,314.22983436163764,188.63,142.16345101164336,214.02533070797594,-112.74295529638496,397.06985731967166,1.23,1.283726961813934,1.7394418149668698,-1.1075291097866367,3.6749830334145046
9,9,cross_fitted,46,0,306.36,306.2305836868706,1.3814254013039133,304.05072348196757,308.41044389177364,947.21,829.8103450615203,239.76507103677648,587.3375768154633,1072.2831133075772,7.22,8.545798366524897,1.7922521115135912,4.753061826799863,12.338534906249931
9,9,cross_fitted,47,2,302.67,306.53543887606685,1.1652745888030533,304.59041250564024,308.48046524649345,1366.98,1252.1092050256157,293.1204069483016,846.7883326565715,1657.4300773946597,10.28,11.982639993392562,2.0881552933787972,8.647215528779462,15.318064458005662
9,9,cross_fitted,48,1,312.73,311.38092140489346,1.631728346063233,309.1509361566252,313.6109066531617,46.91,152.617548394379,326.49697346762963,-236.24376022631878,541.4788570150768,1.25,1.985718812677149,2.265161260099786,-1.1282575041858443,5.099695129540143
9,9,cross_fitted,49,3,310.89,310.00779812707253,1.1311490277877367,308.2467836814,311.76881257274505,93.48,74.1290904415107,228.85270076481007,-227.76569332451936,376.02387420754076,4.63,4.137150432375452,1.5703666545435173,1.3812275422741407,6.893073322476763
9,9,cross_fitted,50,3,307.08,305.0200493231807,1.6102529641179366,302.5131482329286,307.52695041343276,130.32,332.1661937559744,396.5465313735397,-190.94464977833218,855.277037290281,7.26,8.488278831782353,2.1929212689323765,4.639800577512802,12.336757086051904
9,9,cross_fitted,51,1,306.76,307.09938469637365,0.5546885027315145,306.34132519372446,307.85744419902284,1543.82,1691.6300412235755,147.80324082303372,1515.5948362585796,1867.6652461885715,10.96,10.946570033874785,0.7684334188387922,9.890184552849629,12.002955514899941
9,9,cross_fitted,52,4,310.33,310.6905185414249,1.8730593330062086,307.7533590554895,313.62767802736033,570.52,566.0789739756228,374.70765142180323,60.9056883534455,1071.2522595978003,5.7,5.916310289551621,2.1628930029888593,2.5943705574268097,9.238250021676432
9,9,cross_fitted,53,3,312.69,312.81697176279226,1.0297499624198458,311.213819114729,314.4201244108555,95.36,71.36543280477986,161.51261962817878,-141.69658138680333,284.4274469963631,1.39,1.5319740857655963,1.447024581576651,-1.007489010555425,4.071437182086617
9,9,cross_fitted,54,4,311.54,311.7016125678736,1.6544531425000821,309.1072512169544,314.2959739187928,223.41,194.9064017941605,303.12784545703465,-213.7644355160793,603.5772391044003,4.71,3.477191183358828,2.051498950903396,0.32633912271555765,6.628043244002098
9,9,cross_fitted,55,1,308.42,304.12983699644843,1.9050717032765703,301.52628977889253,306.73338421400433,709.64,824.6251817935671,265.4054965382489,508.524460850064,1140.72590273707,12.53,9.836588804194339,2.015334342236553,7.066056073112392,12.607121535276285
9,9,cross_fitted,56,4,308.18,308.0716775244759,1.2071713196960145,306.17870241668595,309.9646526322658,1523.36,1537.7989193550675,422.0729532150262,968.7686907519384,2106.8291479581967,7.59,6.301351094467485,1.4595114697113014,4.059719569456341,8.542982619478629
9,9,cross_fitted,57,2,308.44,309.26373522387786,0.9932138719506491,307.605905223138,310.9215652246177,1059.82,1153.2638804969106,233.26114544529065,830.7151642679414,1475.8125967258798,5.32,5.756542686250457,1.7038251567803233,3.0350113282292646,8.478074044271649
9,9,cross_fitted,58,3,309.87,310.9843592951733,1.1328110364053054,309.2207573733041,312.74796121704253,261.82,241.337771839958,188.16161404149122,-6.8786992538274205,489.55424293374347,2.03,3.5426385837733,1.543615430272217,0.8336628897896632,6.2516142777569375
9,9,cross_fitted,59,4,308.33,308.74898579344125,1.4497738218648983,306.4755837402788,311.0223878466037,1098.75,1182.0028624845522,369.9578694556081,683.2331369518131,1680.7725880172914,2.44,3.31435500123445,2.2805940706654453,-0.1883592087253967,6.817069211194296
9,9,cross_fitted,60,4,306.45,307.15246894090245,2.242242793594585,303.63638988514367,310.66854799666123,268.91,375.7133399763567,445.9026485809204,-225.44360250007207,976.8702824527854,8.27,5.7148535992082214,2.9784563388553265,1.1403080998377781,10.289399098578665
9,9,cross_fitted,61,1,303.98,302.8774719126336,1.5334216507458076,300.78183652774356,304.97310729752365,704.72,1108.8733387458217,425.8297121615774,601.7056999096741,1616.0409775819694,7.93,6.398053942823417,2.091425881992392,3.5229161856503546,9.27319169999648
9,9,cross_fitted,62,4,308.91,308.3981537859911,1.7977611890511962,305.579069928464,311.2172376435182,671.26,751.6403102351661,286.4955485970885,365.3927995378227,1137.8878209325094,8.35,8.730045218431247,1.741511148021712,6.055296597691723,11.404793839170772
9,9,cross_fitted,63,3,309.65,310.77321018224575,1.136414851839123,309.00399770784753,312.54242265664396,616.92,564.8714539697421,210.0258138646892,287.8124660265484,841.9304419129357,2.11,3.3537489429779344,1.497738981233555,0.7252843548920258,5.982213531063843
9,9,cross_fitted,64,1,311.97,311.72281698237185,1.334862893090508,309.89853994064845,313.54709402409526,177.02,206.97432685009647,289.39366088011815,-137.69654859841455,551.6452022986075,2.3,2.114310391998422,1.9496117167614961,-0.5658717301373133,4.7944925141341574
9,9,cross_fitted,65,4,306.98,307.6524151179258,1.3598286174462455,305.5200568671231,309.78477336872845,2215.59,1764.6131938164733,359.2034455704993,1280.3423652995796,2248.8840223333673,6.68,6.990903075848912,1.637351453126034,4.476131036697938,9.505675114999887
9,9,cross_fitted,66,2,306.01,307.09320727342526,0.9686481719383834,305.47638128563733,308.7100332612132,1493.56,1484.7412441857177,298.75634232108655,1071.6271162542396,1897.8553721171959,12.0,11.575123086787219,1.8419378776902882,8.632983352723272,14.517262820851165
9,9,cross_fitted,67,2,311.22,312.01237312436274,0.8925592774625436,310.5225514561353,313.50219479259016,462.07,485.6155128733838,222.03875729622123,178.58488425217058,792.646141494597,3.64,5.038018038025646,2.099660836333278,1.6842156924327583,8.391820383618533
9,9,cross_fitted,68,0,304.88,309.6193327880083,0.9071244371293608,308.1879095207606,311.050756055256,395.97,443.6389429223917,224.05874611630063,217.04987310651885,670.2280127382646,8.3,10.521262241706648,1.5180527164812685,7.3087822730458925,13.733742210367403
9,9,cross_fitted,69,2,310.04,309.7738213990593,1.1973405356453115,307.7752719253228,311.77237087279576,990.55,1013.3282901489599,268.2540868556005,642.3920539692313,1384.2645263286886,2.36,3.0601619872295958,2.791195175726643,-1.3982327998576674,7.518556774316859
9,9,cross_fitted,70,0,312.89,311.82621133608467,1.1183360892325849,310.061500527724,313.59092214444536,164.97,402.39845417800626,230.25279532854375,169.54538497035153,635.251523385661,0.86,4.017885806490938,1.775236211059471,0.2611580553699593,7.774613557611916
9,9,cross_fitted,71,2,312.89,312.5576929093951,1.0486399439493506,310.80734808624123,314.30803773254894,42.42,100.16800800758193,238.37442997817533,-229.45125294775806,429.7872689629219,0.86,1.7478110578298622,1.812218256842626,-1.1468573263930857,4.64247944205281
9,9,cross_fitted,72,3,311.83,311.3645945564869,1.0209497741627438,309.7751423654498,312.954046747524,492.81,382.39713323480845,143.85110119663895,192.6335999877392,572.1606664818777,6.49,3.7194366991149663,1.3159176934217163,1.41006029819768,6.028813100032252
9,9,cross_fitted,73,0,307.38,307.4932463626329,1.0743585651196181,305.79793116161625,309.1885615636495,663.32,701.1559461556144,227.4577030843799,471.1295345216208,931.182357789608,9.56,9.040021198208077,1.452699715861809,5.96584025111788,12.114202145298274
9,9,cross_fitted,74,4,313.21,312.1255090408596,1.9883144944300872,309.00761700432423,315.24340107739494,15.08,188.18921095665894,379.9867713642924,-324.101277520655,700.4796994339729,0.39,2.382613250268413,2.546237076452586,-1.5280962022974816,6.293322702834308
9,9,cross_fitted,75,0,307.86,308.52030413914787,0.9161965322884115,307.07456529670253,309.9660429815932,946.9,1153.05465905873,241.85023980429364,908.4731739710838,1397.6361441463762,8.0,6.757134328696563,1.4628199775041477,3.6615370385171895,9.852731618875936
9,9,cross_fitted,76,2,307.58,307.7999452264406,0.8038886185891135,306.4581288193329,309.14176163354836,1109.01,1131.2260896989364,208.86235611008394,842.4155177399387,1420.0366616579342,8.19,7.800294253742835,1.1407704531561391,5.9781339527203725,9.622454554765298
9,9,cross_fitted,77,1,312.31,311.7131355760406,1.0831548535081255,310.23285281283387,313.19341833924733,65.54,122.61688092063878,237.5479571773417,-160.30521941948234,405.5389812607599,2.01,1.7670487998866111,1.9605584765587547,-0.9281821187103305,4.462279718483552
9,9,cross_fitted,78,1,312.73,313.0977739567991,1.2066312877433099,311.44874335788944,314.7468045557087,68.26,7.865448266110093,260.96206850636895,-302.9431034395363,318.6739999717565,1.34,1.621106555518451,1.8877289455142103,-0.9740037055183492,4.216216816555251
9,9,cross_fitted,79,3,306.53,307.0298869346375,1.209177811352538,305.14739440636026,308.9123794629147,466.58,540.0015010158697,223.451009597935,245.23244651300672,834.7705555187327,7.25,8.553444631994939,1.5596194084381172,5.816382675715502,11.290506588274376
9,9,cross_fitted,80,2,315.92,312.6137374681723,1.0208369551803576,310.90980020153086,314.31767473481375,84.11,107.59288403971584,237.98269674121775,-221.48469624933193,436.6704643287636,3.9,2.4034533893487593,2.153846900818163,-1.0369007207115821,5.843807499409101
9,9,cross_fitted,81,3,309.26,306.5573601697139,1.8883389481297592,303.61752458280966,309.4971957566181,613.05,783.785537873407,318.46612632089926,363.67573789661446,1203.8953378501994,8.86,10.615361479447444,2.1847605331507833,6.781204949646183,14.449518009248704
9,9,cross_fitted,82,1,310.16,308.32198297654327,1.0446088602950876,306.89437871000683,309.7495872430797,517.94,985.8103275078777,391.93821143158675,519.0078203451179,1452.6128346706373,7.35,6.551010309966315,1.5437686486889572,4.428751248145159,8.67326937178747
9,9,cross_fitted,83,0,304.65,302.63153909444316,1.768530190328482,299.840835680833,305.42224250805333,2419.87,1531.5488085457991,231.1616349060283,1297.7766361206018,1765.3209809709965,12.79,8.652804322911443,1.8233804081423939,4.794194557380161,12.511414088442725
9,9,cross_fitted,84,2,315.33,313.18673208682907,1.0939562181009073,311.3607472822655,315.01271689139264,96.59,88.8007597087726,238.03405053517176,-240.3478315507552,417.9493509683004,6.91,4.251577121921413,2.484191122673255,0.2835619692112248,8.219592274631601
9,9,cross_fitted,85,4,311.02,310.2069951279483,2.1807005896311735,306.78742089986434,313.62656935603223,146.83,259.63791292089286,410.14041629203604,-293.305110469527,812.5809363113127,5.0,5.727984229130157,2.349128699138765,2.120009192565701,9.335959265694612
9,9,cross_fitted,86,1,309.61,309.8570282583221,1.265150973977482,308.12802231464974,311.58603420199444,540.43,370.1052175241628,268.0148305851209,50.89675245268609,689.3136825956395,7.42,7.87239753260826,1.7480608733230176,5.469292616482809,10.275502448733711
9,9,cross_fitted,87,3,311.04,312.1542035868369,1.0946382681871571,310.4500304357238,313.85837673795,153.39,148.06710323449647,174.37326719945477,-81.96024457406492,378.09445104305786,1.96,1.823345485852279,1.4085306573559915,-0.6485625037791021,4.29525347548366
9,9,cross_fitted,88,1,312.29,311.67980495142103,1.828165675323168,309.1813605889162,314.17824931392585,42.84,160.12185772596854,409.9327854999766,-328.11237526869974,648.3560907206368,3.51,2.820424590969301,2.745802075521093,-0.9543012021026103,6.5951503840412125
9,9,cross_fitted,89,2,311.14,311.14724631121913,1.0758831297534468,309.3514283306545,312.94306429178374,504.12,516.3669799753688,213.9726263844356,220.49003134472855,812.2439286060091,4.26,4.588668516646049,1.9061413806098648,1.5439760964716216,7.633360936820476
9,9,cross_fitted,90,3,308.79,307.66109202020493,0.9996489961450092,306.1048016644979,309.21738237591194,843.81,917.4671308128443,177.8468298404738,682.8575760261539,1152.0766855995348,7.69,7.301156916649885,1.3611766328235095,4.912353111490264,9.689960721809506
9,9,cross_fitted,91,3,302.53,304.1253245619164,1.3443763645337676,302.0323499491946,306.21829917463816,2030.6,2233.192883597487,417.0454872915578,1683.0405070438285,2783.3452601511453,2.36,9.176043258536579,1.8650387315362016,5.902984118943331,12.449102398129828
9,9,cross_fitted,92,4,312.07,310.8961802873374,2.0702897001631135,307.6497422678279,314.14261830684694,81.77,121.32365798054889,348.9778773787357,-349.1612660820696,591.8085820431673,5.71,4.326535149233855,2.313269016356296,0.7736362097541196,7.879434088713591
9,9,cross_fitted,93,2,306.81,306.7669692176824,1.0261066917273693,305.05423593279113,308.4797025025737,673.45,983.6517179441936,252.15097862662,634.9825287543891,1332.320907133998,7.15,5.807420405849438,2.041455755802397,2.5465894260276007,9.068251385671275
9,9,cross_fitted,94,3,309.96,309.70179982718315,1.1988570526037996,307.8353750360478,311.5682246183185,659.22,575.4893130068187,212.90983676485885,294.6258190782761,856.3528069353614,4.79,4.7687641342961244,1.480559699531807,2.1704484133810538,7.367079855211195
9,9,cross_fitted,95,0,314.36,313.2937466745787,1.6090654778255093,310.75467522064105,315.83281812851635,139.42,179.39096349955963,237.93907548556803,-61.23518799706014,420.01711499617943,5.84,3.7466875171434277,2.0668218654177624,-0.627089341432844,8.120464375719699
9,9,cross_fitted,96,4,310.35,310.2603155006017,2.021613360324542,307.0902072431975,313.4304237580059,94.55,141.3912983378192,347.4078686724876,-326.9769717051087,609.7595683807472,3.98,5.033463196296408,2.3049377745235655,1.4933600276772014,8.573566364915614
9,9,cross_fitted,97,4,313.16,312.1277619920274,2.2210181685944126,308.644965442357,315.6105585416978,15.39,199.02193215446846,403.7557610044008,-345.31342796304705,743.357292271984,0.53,3.026732855484533,2.8648341291249424,-1.3733027941459577,7.426768505115024
9,9,cross_fitted,98,3,306.83,306.6913167824469,1.0371268595229184,305.0766795094195,308.30595405547433,1407.27,1469.8932692240114,155.69119153481677,1264.5106871281898,1675.275851319833,10.88,11.451900389015501,1.1176718439336013,9.490436542717946,13.413364235313056
9,9,cross_fitted,99,4,309.81,310.31423978752616,1.4968309507169022,307.9670470700997,312.66143250495264,533.37,768.2482414828856,401.54409744149666,226.89460149978356,1309.6018814659878,7.02,4.690297194570999,1.7841957686799106,1.9499902049620017,7.4306041841799955
