method,run_id,point_index,T,P,TD,negative_pressure,outside_support,distance_to_support_normalized_3d
raw,0,0,302.06384829822173,1293.3613346585878,7.7266862180792613,False,False,0
raw,0,1,302.06431210000051,1246.9063978803426,7.6330260763217996,False,False,0
raw,0,2,302.06942559694664,1190.0447135188433,7.5540569036451064,False,False,0
raw,0,3,302.07408044319078,1129.7155679132875,7.3574860855809217,False,False,0
raw,0,4,302.09337208236917,1060.9006431778621,7.2938212331913377,False,False,0
raw,0,5,302.13633968118501,1016.0088846785389,7.2343105609175193,False,False,0
raw,0,6,302.20311266515131,931.29355505494073,7.143532147960082,False,False,0
raw,0,7,302.20688937412643,957.03391009736492,7.1021325356255929,False,False,0
raw,0,8,302.21592652396197,878.85608780306302,7.3832774745775467,False,False,0
raw,0,9,302.22517777106901,894.02332694713527,7.2576893252473678,False,False,0
raw,0,10,302.24953705114069,824.45483340907253,7.2961751565830157,False,False,0
raw,0,11,302.29180118122241,780.16096999896774,7.0530602855832827,False,False,0
raw,0,12,302.35898194170829,718.57572225589786,8.3113525989966757,False,True,0.034169556784813981
raw,0,13,302.36741972593921,709.56416144140758,8.3334043807100979,False,True,0.036195022899635443
raw,0,14,302.37407987641296,655.66770866384047,8.1903607656942761,False,True,0.038587502609448515
raw,0,15,302.37485354089313,647.27815515222528,8.0816689413938096,False,True,0.035106802118866492
raw,0,16,302.38377165470001,630.76694661019269,7.9096124786491924,False,True,0.029693695683498611
raw,0,17,302.39336790640664,643.99195302876694,7.7854648623324865,False,True,0.021315507542244899
raw,0,18,302.40353649122306,604.42721206000022,7.7805343692702857,False,True,0.027239897901996712
raw,0,19,302.4249242667031,731.58186446204206,7.6937637037445832,False,True,0.00041557207142600694
raw,0,20,302.43101199476342,480.11649842643641,7.8769867282061687,False,True,0.051129005763587726
raw,0,21,302.442105131863,477.35862628653445,8.0631621114223861,False,True,0.059278211774813572
raw,0,22,302.44371217942165,656.73604790931017,7.50328629191673,False,True,0.0035406074762918405
raw,0,23,302.4657725768825,425.20112775883263,7.9655643773657268,False,True,0.062404791260176978
raw,0,24,302.48082965937795,415.87341588578022,7.6018048495629227,False,True,0.046823559859188346
raw,0,25,302.50171373601512,405.2467645930659,7.4224102741031359,False,True,0.039372558171584415
raw,0,26,302.50772778537964,574.69576158778204,7.2057973171175327,False,True,0.00043288363218643711
raw,0,27,302.52821970532477,582.96923503805567,6.9388644142949589,False,False,0
raw,0,28,302.53636355555034,583.47385462660304,6.8962055425710025,False,False,0
raw,0,29,302.55389136103395,386.38101958131267,7.1448935897609971,False,True,0.027087152521593119
raw,0,30,302.59958843180095,377.56899940742375,7.0199547635708051,False,True,0.020299988479497516
raw,0,31,302.62009538814755,432.9763537889703,6.7872413703364183,False,False,0
raw,0,32,302.63027688852776,542.85243836089137,6.658219858312286,False,False,0
raw,0,33,302.67125496255619,420.83770353511682,6.6197890134704904,False,False,0
raw,0,34,302.69368631228593,284.35962316308854,6.3866807970125006,False,True,0.0034788256865223022
raw,0,35,302.85431422281323,363.25140861913712,6.3729275430157015,False,False,0
raw,0,36,302.97583072512617,305.64451936472159,6.3081185205015524,False,False,0
raw,0,37,303.12358469522178,2268.9095312649069,6.2651554844763941,False,True,0.041961100116523757
raw,0,38,303.13104306966193,2255.1891225957779,6.1431746406927941,False,True,0.037471909589377982
raw,0,39,303.16818367382103,2211.0046883933301,5.9351274250844597,False,True,0.020952694817364038
raw,0,40,303.24876812914601,2118.2706741670863,5.656994431053751,False,False,0
raw,0,41,303.28202900442722,2132.588126003558,5.4165620528856824,False,False,0
raw,0,42,303.29752426018649,2008.8591149796096,5.8263847053403284,False,False,0
raw,0,43,303.32437403553052,1865.8049331306518,5.8644481092769389,False,False,0
raw,0,44,303.32569148834443,2025.833717048517,5.6292553646470926,False,False,0
raw,0,45,303.34503475412214,1726.665625465009,5.8449060324650226,False,False,0
raw,0,46,303.34591195324197,2056.7618478397499,5.6003430098006097,False,False,0
raw,0,47,303.3522636432096,2043.6100559446095,5.6058972276475201,False,False,0
raw,0,48,303.37374903846882,2086.7938718983751,5.2762336481288887,False,False,0
raw,0,49,303.38164030256326,1971.1181894833444,5.7778307735445624,False,False,0
raw,0,50,303.39062877853075,2152.8792208360182,5.2625983595206787,False,True,0.00082157840118297215
raw,0,51,303.40060090885441,1702.0213541798094,5.7180409128445655,False,False,0
raw,0,52,303.41770320722691,1819.918564961506,5.7041361065423981,False,False,0
raw,0,53,303.44942804735444,2209.3905434895296,5.2357083781370246,False,True,0.023265281157955474
raw,0,54,303.49695253635531,1714.4927365459189,5.6534172269707144,False,False,0
raw,0,55,303.50200508751749,2183.3881000550837,5.1880796757890879,False,True,0.012282498415974397
raw,0,56,303.52725545062134,2079.9172859245709,5.3133701094519061,False,False,0
raw,0,57,303.54705886817692,2180.1856871786022,5.2235763964027022,False,True,0.0097931309260814933
raw,0,58,303.58861577811774,1281.4223131325209,6.0518486133822176,False,False,0
raw,0,59,303.6046869879217,454.05554375317126,5.9737734862230241,False,False,0
raw,0,60,303.63763168095045,160.0630974200061,6.8327287292111789,False,True,0.039653439599820303
raw,0,61,303.68323868277821,2126.5648172589945,5.2094965335505323,False,False,0
raw,0,62,303.7157385401992,2035.5129391352364,5.6075427061092267,False,False,0
raw,0,63,303.72793020559419,2103.7960822373275,5.2315222179628673,False,False,0
raw,0,64,303.76707376259026,147.67726003645407,6.4099416982062882,False,True,0.032692487158555342
raw,0,65,303.81254982330523,398.39766118596827,5.4644640928736994,False,False,0
raw,0,66,303.85142926639713,145.4467844621239,6.7161468306680643,False,True,0.039056950797362461
raw,0,67,303.87537463618099,1144.4334505984532,5.3229909753050073,False,False,0
raw,0,68,303.89050096559652,358.90093671930509,5.359812299028679,False,False,0
raw,0,69,303.94993954426423,138.44258699485977,6.3696858962217986,False,True,0.032224886130176711
raw,0,70,304.06900467224017,486.62353580308763,5.1340249328245218,False,False,0
raw,0,71,304.12128813583143,121.32686121222252,6.548821218104,False,True,0.04012079075809924
raw,0,72,304.13160846363746,445.16028613732658,5.1026681544823669,False,False,0
raw,0,73,304.23876232420656,120.50820751581693,6.4582309170356549,False,True,0.036294155789063892
raw,0,74,304.3250425717286,113.69790509207041,6.3624453299956363,False,True,0.035309672647211229
raw,0,75,304.36781087869338,345.72921946828001,6.0019480461194714,False,False,0
raw,0,76,304.4665918320465,370.91155241059926,5.2816809016995165,False,False,0
raw,0,77,304.52856281140703,290.05007313799683,5.5100537372953653,False,False,0
raw,0,78,304.55847793803252,308.69770239783583,5.4446467357922321,False,False,0
raw,0,79,304.68189635822728,287.09609078895761,5.5350242665745935,False,False,0
raw,0,80,304.74801621206649,261.58240982200061,5.8724960533131227,False,False,0
raw,0,81,304.76985278937372,248.60919493276947,6.0322094071053423,False,False,0
raw,0,82,304.85583219478565,236.46762587058799,6.1035502450588739,False,False,0
raw,0,83,304.96788769729818,79.750740405462693,6.3962708114436673,False,True,0.038253615919071518
raw,0,84,305.08825397726645,81.730509081662717,6.2437369402548004,False,True,0.034086809724415613
raw,0,85,305.21109585652971,71.918795720791422,6.2106068528241654,False,True,0.037291635279468299
raw,0,86,305.35528880990029,67.704716705196347,6.5561250257744126,False,True,0.039827433051284229
raw,0,87,305.37399174369926,67.428596530861455,6.5650355952078954,False,True,0.039808100791676411
raw,0,88,305.4316109145384,62.736320049808455,6.1654766379722954,False,True,0.039489893626498199
raw,0,89,305.51136396614652,62.572587102120565,6.488125803014297,False,True,0.03937518026427609
raw,0,90,305.62256828366191,57.503223050127872,6.1572394581807837,False,True,0.040280350212826548
raw,0,91,305.76355794180745,52.975538988961489,6.2043116235468263,False,True,0.041212499103144749
raw,0,92,305.86294943860065,50.262634533291134,6.1579970933754824,False,True,0.041566215263496263
raw,0,93,305.93449578303984,49.149994522936709,6.5644319489986804,False,True,0.042020402440155494
raw,0,94,306.13280492747509,47.554457899602539,6.3465510160789238,False,True,0.040949838148400086
raw,0,95,306.2261263766938,228.01573147169415,6.1234843849381013,False,False,0
raw,0,96,306.28648305168457,234.78813657693627,6.0863543816919288,False,False,0
raw,0,97,306.43381488822365,225.84106324069381,6.1130744879038987,False,False,0
raw,0,98,306.49585886159241,35.744326794877566,6.3556640054900155,False,True,0.043272584550362411
raw,0,99,306.56643185580094,34.689318753869429,6.4978076849509918,False,True,0.043375639085593158
raw,0,100,306.67404257581495,31.104066074795583,6.2224789976346546,False,True,0.043748708648608935
raw,0,101,306.78708457420191,29.456786182850124,6.4360350446938401,False,True,0.043877874823830196
raw,0,102,306.91604088144089,29.269386111272865,6.9292960417833385,False,True,0.043623670028973417
raw,0,103,306.98520939622017,28.090783925831715,6.9337805707573734,False,True,0.043615592938406125
raw,0,104,307.12171635317884,23.724013314511808,6.2781223740534857,False,True,0.043624912386381373
raw,0,105,307.21641342198131,22.502120404761172,6.4435142375159664,False,True,0.043649065261316504
raw,0,106,307.29691375706329,1983.5538940371589,5.0512524739665263,False,False,0
raw,0,107,307.29976300404837,1967.596543328812,5.0457092126571945,False,False,0
raw,0,108,307.3334102432184,1885.1965132486359,5.0158663953357099,False,False,0
raw,0,109,307.38495368912112,1945.4736207767166,4.9960584868241042,False,False,0
raw,0,110,307.51020682493424,1932.2369145158098,4.8964508193253931,False,False,0
raw,0,111,307.55247889299591,1901.300933399423,4.8706491230768822,False,False,0
raw,0,112,307.58248087603494,1894.1868080095653,4.8499158816906203,False,False,0
raw,0,113,307.67674528120529,1806.0637176208998,4.9330372255985795,False,False,0
raw,0,114,307.7078931072183,1857.7829367249685,4.7951172862520561,False,False,0
raw,0,115,307.7377204080417,1924.3014962399438,4.7239038381920082,False,False,0
raw,0,116,307.77088963196979,1814.6881158809124,4.7613774460091038,False,False,0
raw,0,117,307.79018430631515,1881.7576779458338,4.6819072664429067,False,False,0
raw,0,118,307.81733681679259,1727.5425049396424,4.7976122448463538,False,False,0
raw,0,119,307.86671510058704,1838.5267985445346,4.5087452212662305,False,False,0
raw,0,120,307.96822570613085,1675.3698453775587,4.5545872210247005,False,False,0
raw,0,121,307.97772056205247,1633.3804230757355,4.6305042821727129,False,False,0
raw,0,122,308.02108364236744,1646.6493353425149,4.4624581378006773,False,False,0
raw,0,123,308.02565619014757,1645.8340302294605,4.4250110793182138,False,False,0
raw,0,124,308.06426364502056,1754.2860445233664,4.270418822776624,False,False,0
raw,0,125,308.08434839707201,1502.4421573215536,4.8462734263061442,False,False,0
raw,0,126,308.08810366639335,1607.4479202603488,4.293182578922103,False,False,0
raw,0,127,308.12825097798685,1487.6476260779564,4.8288212756481554,False,False,0
raw,0,128,308.12950568882547,1465.3298956234423,5.0335966430395835,False,False,0
raw,0,129,308.17366875080438,1636.2665007524552,4.1068052082354782,False,False,0
raw,0,130,308.20727715422896,1664.9839997037607,4.013661893123273,False,False,0
raw,0,131,308.22274115688333,1536.355443764699,4.6086144598915446,False,False,0
raw,0,132,308.29127149926171,1622.7380282537047,3.9005744203511181,False,False,0
raw,0,133,308.35596146249742,1582.9048552453523,3.8114784735526723,False,False,0
raw,0,134,308.37155654403216,1575.6663992275619,3.8021302353354023,False,False,0
raw,0,135,308.39662177667441,1517.2851020445391,3.8332106855558106,False,False,0
raw,0,136,308.42807344987983,1543.8896277592746,3.7241047365054456,False,False,0
raw,0,137,308.45420056343448,1364.9966294133978,3.8527937137034138,False,False,0
raw,0,138,308.49098399597358,1509.4316291074151,3.6425095510234171,False,False,0
raw,0,139,308.50057870471852,1461.165688652733,3.6880094633276106,False,False,0
raw,0,140,308.53876144321163,1028.6217074680253,4.086248796538654,False,False,0
raw,0,141,308.55790653988038,1450.9781713307984,3.5979435681258161,False,False,0
raw,0,142,308.58199403463811,1303.1695860129437,3.6796711307059349,False,False,0
raw,0,143,308.60547420454293,1406.6459608021726,3.5567892577129476,False,False,0
raw,0,144,308.65948556136073,551.62505425069151,4.1423128494294383,False,False,0
raw,0,145,308.66427037288224,1415.949746193829,3.4281333666026415,False,False,0
raw,0,146,308.67613486776418,1379.3424453580233,3.496869687248064,False,False,0
raw,0,147,308.69556781695104,1388.9744399248302,3.4585909343890755,False,False,0
raw,0,148,308.72102406732387,1202.5660805746545,3.7410642183274443,False,False,0
raw,0,149,308.73622052056851,1223.3822817023311,3.5517893075581894,False,False,0
raw,0,150,308.7475654589212,1343.7484879511553,3.3757514494085163,False,False,0
raw,0,151,308.76428896879605,1336.469138718805,3.3601968600430934,False,False,0
raw,0,152,308.80742987511911,323.58305287907871,4.1001892286777526,False,False,0
raw,0,153,308.82189571205578,796.55386480286256,3.7672467439004609,False,False,0
raw,0,154,308.83775741690903,1319.8932251926085,3.2936874300874219,False,False,0
raw,0,155,308.85618525666553,1271.5201506173496,3.3058117219867182,False,False,0
raw,0,156,308.86544980437282,601.43134176269427,3.843302032528424,False,False,0
raw,0,157,308.90164267900457,1239.7496642165163,3.2699737774317872,False,False,0
raw,0,158,308.93604567443492,1215.1439856835957,3.3389468486487317,False,False,0
raw,0,159,308.97431415419254,993.83873583017521,3.4000282438033191,False,False,0
raw,0,160,309.05481447733683,1262.5417206215468,2.9674047432329971,False,False,0
raw,0,161,309.05944330857648,274.69292903095015,3.9439452956728447,False,False,0
raw,0,162,309.09233964749251,1149.761790087849,3.0072092904092793,False,False,0
raw,0,163,309.09747267962967,1055.5640796924502,3.0917388431396842,False,False,0
raw,0,164,309.15130711055804,1215.1100504630422,2.8888239557372128,False,False,0
raw,0,165,309.17176100603336,1155.8743775455123,2.9096891031196024,False,False,0
raw,0,166,309.1903929648268,1104.9611263585682,2.9260213072755135,False,False,0
raw,0,167,309.2066559570996,1172.171572217627,2.8410259171208767,False,False,0
raw,0,168,309.22642322775897,1050.7661449631939,2.9040497737096733,False,False,0
raw,0,169,309.23286878406287,886.6479625483488,3.0145107142633085,False,False,0
raw,0,170,309.26443182233407,1079.8194977760188,2.838719050914539,False,False,0
raw,0,171,309.28695147092714,1021.8790057098531,2.844670823459154,False,False,0
raw,0,172,309.31191782353864,1073.8490786219204,2.7437511145469089,False,False,0
raw,0,173,309.34990389586068,931.77090070103327,2.8019782633901031,False,False,0
raw,0,174,309.3915883355495,748.7974235857065,2.8918121813119555,False,False,0
raw,0,175,309.41023692839946,920.48973976514196,2.7361419232789492,False,False,0
raw,0,176,309.41599263754568,1033.3409267591669,2.6475171694050146,False,False,0
raw,0,177,309.46702098032125,1108.1430089855958,2.5763212035917422,False,False,0
raw,0,178,309.55152531739458,940.86363892306417,2.5377852969824426,False,False,0
raw,0,179,309.58961935375618,974.4979586869224,2.4892075496519506,False,False,0
raw,0,180,309.61318319880331,949.29907029144101,2.4705207248841359,False,False,0
raw,0,181,309.61999821257234,674.62277140581091,3.0838315296169214,False,False,0
raw,0,182,309.67080309846943,912.66464775335601,2.4271388497293787,False,False,0
raw,0,183,309.74065964356441,688.91013207323033,2.6713853562826078,False,False,0
raw,0,184,309.79612921721832,208.8503474122071,3.204043978242356,False,False,0
raw,0,185,309.80638432328635,567.12057479281088,2.6100536171824045,False,False,0
raw,0,186,309.8140576061756,847.85327899801939,2.3857937220770844,False,False,0
raw,0,187,309.84520717018921,813.22102333485759,2.3544078474912977,False,False,0
raw,0,188,309.88232802320624,867.30449897006895,2.2937536806369905,False,False,0
raw,0,189,309.96486120798659,755.77165308022472,2.2622099854377296,False,False,0
raw,0,190,310.02214069747367,122.17469245614336,3.0789537727142964,False,False,0
raw,0,191,310.05874901801701,767.09143753473563,2.2306583217024212,False,False,0
raw,0,192,310.06734475311004,104.75988997507841,3.1433460298537672,False,False,0
raw,0,193,310.13553494252898,859.98750959859774,2.211329089949047,False,False,0
raw,0,194,310.184037802332,833.53360759971338,2.1744779406359966,False,False,0
raw,0,195,310.28230214984717,490.75301809083783,2.197316261483913,False,False,0
raw,0,196,310.3418913424776,319.07323323653617,2.2444298240641589,False,False,0
raw,0,197,310.37324259234038,38.998467699377443,4.1712698475597438,False,True,0.011582028977824555
raw,0,198,310.45073117361699,790.17808950275946,2.1222527335873145,False,False,0
raw,0,199,310.47747845805975,533.75533981149238,2.1388208362544137,False,False,0
raw,0,200,310.5049246963145,514.59023155154705,2.1444270137502803,False,False,0
raw,0,201,310.53171588163605,11.287071175267101,4.7126886495458358,False,True,0.024482619525499849
raw,0,202,310.60394936430379,237.60442750964569,2.062320782878782,False,False,0
raw,0,203,310.62330961037151,187.87744537718311,2.098064606028232,False,False,0
raw,0,204,310.66586937004678,174.34844562860991,2.080533618493158,False,False,0
raw,0,205,310.71098249656967,334.42709703623905,2.0388288333236098,False,False,0
raw,0,206,310.74667189575666,320.53035004185278,2.0330036561191793,False,False,0
raw,0,207,310.83151422265263,-15.054159732839707,4.2732864593438435,True,True,0.03263446259384941
raw,0,208,310.87100484138506,215.52506941132685,2.0446109041645988,False,False,0
raw,0,209,310.91295464936871,195.54735339045834,1.9578380395255639,False,False,0
raw,0,210,311.05123062341687,26.830272127723674,4.0429994686124946,False,True,0.012944321846764468
raw,0,211,311.06835451266028,211.0019894641681,1.8964674205026659,False,False,0
raw,0,212,311.14262515169685,194.86290342618582,1.8681386583840114,False,False,0
raw,0,213,311.22595963623144,66.928475192306564,1.9493188542833257,False,False,0
raw,0,214,311.29126859929869,25.547215564818089,4.0212722305295037,False,True,0.012225570954049577
raw,0,215,311.34000994505959,88.421192558401117,1.8620912479257985,False,False,0
raw,0,216,311.44376929868605,49.677513543507303,3.2736811142222395,False,False,0
raw,0,217,311.5397597779621,117.60226466832182,1.7703924481834354,False,False,0
raw,0,218,311.57771314210834,57.750704124993604,1.8401666620275696,False,False,0
raw,0,219,311.65343342473307,55.09002797766118,1.8293656492883521,False,False,0
raw,0,220,311.69285744378237,-1.9452430566392422,3.5340141721448561,True,True,0.020193855470301295
raw,0,221,311.7576672797266,34.255027903907262,2.7089440490597183,False,True,0.001580828609907492
raw,0,222,311.86293554607715,-23.014779459773081,3.1858279229764674,True,True,0.027070592954308248
raw,0,223,311.93418968969286,194.77775184405715,1.7007418244163386,False,False,0
raw,0,224,312.01888594507267,78.125534251963586,1.7209060722038076,False,False,0
raw,0,225,312.1357916878103,41.336398945604401,1.6438801528582196,False,False,0
raw,0,226,312.1792457314811,109.60832124997989,1.532323128525003,False,False,0
raw,0,227,312.23873365265092,104.03717907737155,1.4527218854693391,False,False,0
raw,0,228,312.25303505757063,33.147956181453765,1.5653750269006581,False,False,0
raw,0,229,312.26400943755328,-25.977694607145281,2.7639226792987444,True,True,0.02485411671825101
raw,0,230,312.28742684323595,-25.942462339762415,2.7147042201285516,True,True,0.024549336392367123
raw,0,231,312.41101681560849,23.592445318873843,1.4521545450011715,False,False,0
raw,0,232,312.45563312083874,93.504144560921873,1.3608221096231503,False,False,0
raw,0,233,312.46897545823674,69.591235068827245,1.3031263177602508,False,False,0
raw,0,234,312.48705547345901,88.874225494819598,1.2880946394358173,False,False,0
raw,0,235,312.51113528118447,82.976860817716556,1.2036931625107652,False,False,0
raw,0,236,312.57945379255693,75.368942352491899,1.1599771640524805,False,False,0
raw,0,237,312.62121572864447,75.249098467370686,1.1225006785014333,False,False,0
raw,0,238,312.72996713841701,43.902120837104803,1.3802355036340703,False,False,0
raw,0,239,312.73684217188429,127.61524338423567,1.0907019292626785,False,False,0
raw,0,240,312.81919201753681,62.666459391973376,1.04929008744468,False,False,0
raw,0,241,312.90603381876684,12.655300458028023,1.0042954298190798,False,False,0
raw,0,242,312.99590841613673,-39.231033156289527,1.0595463905525033,True,True,0.020837898778736368
raw,0,243,313.02412471236181,-5.1837261095398617,0.9242063080937637,True,True,0.0057589996529564223
raw,0,244,313.08970889249912,17.802229366029792,0.72913124018230224,False,False,0
raw,0,245,313.1417968164738,16.201278284583054,0.63851227755079787,False,False,0
raw,0,246,313.24335606138396,3.5242524926122769,0.63292375366738973,False,False,0
raw,0,247,313.31676059665216,0.64129339180942679,0.59764205139677173,False,True,0.00073880816058508741
raw,0,248,313.36575000881402,-40.723492095844563,0.67969161729643446,True,True,0.018419103387698206
raw,0,249,313.3704804570682,-61.658413624812965,0.78530930018315015,True,True,0.027698145707809301
raw,0,250,313.38129710731391,-48.346947301367322,0.71533061706957479,True,True,0.021728059514148513
raw,0,251,313.42370045928004,-72.30105023926717,0.84086431239605552,True,True,0.032204745936868936
raw,0,252,313.4583805568675,-75.501070428448656,0.87146926425345939,True,True,0.033532913269677958
raw,0,253,314.49287001660247,-77.805225453458092,2.5730220020653274,True,True,0.04294567214473017
raw,0,254,314.49734906357099,-78.784527509719283,2.5784393315493834,True,True,0.04340387815262832
raw,0,255,314.50781905714331,-77.271263661243438,2.5700533962472494,True,True,0.043088083708297295
raw,1,0,301.92531554422698,1358.2262454817987,8.898530669306087,False,False,0
raw,1,1,301.92559703790971,1340.8709791354763,8.852917258349537,False,False,0
raw,1,2,301.92633659065109,1329.8024142336599,8.7834652254701293,False,False,0
raw,1,3,301.93196958116403,1340.7585675427192,8.7746519477790397,False,False,0
raw,1,4,301.9319962039956,1324.0862811831664,8.6701898686145444,False,False,0
raw,1,5,301.93238784670274,1278.468271630205,8.5979460518093411,False,False,0
raw,1,6,301.93557151873893,1252.4142290935392,8.5308929872734076,False,False,0
raw,1,7,301.93632567699746,1244.2241143929493,8.484057165396262,False,False,0
raw,1,8,301.94094261167771,1223.5887681900413,8.4288169345143533,False,False,0
raw,1,9,301.94166535395658,1199.171014635602,8.4936982101110203,False,False,0
raw,1,10,301.94821209653702,1175.3654859186172,8.3108931167972067,False,False,0
raw,1,11,301.95206810131208,1155.6784873738266,8.2620713090906168,False,False,0
raw,1,12,301.96536991730829,1161.1831493159862,8.1550610900372078,False,False,0
raw,1,13,301.97223856495793,1091.2907330743494,8.0822941058189119,False,False,0
raw,1,14,301.99047363415866,1046.2690272354182,7.9913349024959643,False,False,0
raw,1,15,301.9973733579921,1030.2180668332139,7.9673183190994212,False,False,0
raw,1,16,302.01144866608888,1027.829705257308,8.035128727375719,False,False,0
raw,1,17,302.02678203432617,1007.1238133467716,7.9045310033658689,False,False,0
raw,1,18,302.04854642865007,967.36260109484988,7.8281805597258423,False,False,0
raw,1,19,302.07665886233053,922.63060141555934,7.6423134996359661,False,False,0
raw,1,20,302.08127056719303,911.78162381989523,7.7762401112122985,False,False,0
raw,1,21,302.10112185433013,901.74990648301593,7.672695465158287,False,False,0
raw,1,22,302.10220258999306,958.34028687204079,7.547167544401824,False,False,0
raw,1,23,302.10889760960777,950.06860231481801,7.5367878312867402,False,False,0
raw,1,24,302.12333096881451,930.96121936012275,7.4919466788634184,False,False,0
raw,1,25,302.15311949337558,894.03621868823575,7.6776770647808821,False,False,0
raw,1,26,302.16010848599376,852.13090158481032,7.7162251231365824,False,False,0
raw,1,27,302.1760157174171,879.89320989183295,7.3857449768005097,False,False,0
raw,1,28,302.1951231152442,560.38577896362403,6.7151848195546853,False,False,0
raw,1,29,302.21043335054861,519.72454981555666,6.6254457532850566,False,True,0.001371897530503069
raw,1,30,302.23495499932744,493.36622870092594,6.2171835458227713,False,False,0
raw,1,31,302.24189981003116,483.22417393505941,6.2003962945359037,False,False,0
raw,1,32,302.28958826391909,475.04803168924661,5.9584574612944925,False,False,0
raw,1,33,302.31351938846694,443.80956962723076,6.0400679710218661,False,False,0
raw,1,34,302.3249864576814,461.63494353346709,5.8481186765990127,False,False,0
raw,1,35,302.36007350477155,460.38596771214065,5.9516622252631857,False,False,0
raw,1,36,302.37739564399305,469.56797511089678,5.7195978376552601,False,False,0
raw,1,37,302.3950288284787,437.41424944148093,5.6631802737117081,False,False,0
raw,1,38,302.4352777063221,418.67956117876122,5.5889792188878786,False,False,0
raw,1,39,302.51387930921948,426.58249787714658,5.4572461906281626,False,False,0
raw,1,40,302.5610826929331,377.20494843344613,5.6447217716125735,False,False,0
raw,1,41,302.67641573405109,400.40184598766109,5.240982781394707,False,False,0
raw,1,42,302.74539776833063,344.80141531580483,5.8279973545103072,False,False,0
raw,1,43,302.79855303436972,365.0449452256895,5.1449820098469079,False,False,0
raw,1,44,302.83029622861397,322.43094749745109,5.5421714848817958,False,False,0
raw,1,45,302.88752665228338,2092.25832125121,4.8267710076857204,False,False,0
raw,1,46,302.94587184727834,359.12110863867434,5.070985431318805,False,False,0
raw,1,47,302.99143902363664,2068.2485962081769,4.6503041782328163,False,False,0
raw,1,48,303.06974916325458,2116.8447887690927,4.5667256509542167,False,False,0
raw,1,49,303.14230639556263,2141.6151466970405,4.5264796373025655,False,True,0.00925416857116719
raw,1,50,303.15290625950473,2161.2251974467681,4.491127115086833,False,True,0.017514237099574947
raw,1,51,303.17608019147252,2057.2379518607058,4.6594233157683043,False,False,0
raw,1,52,303.30820831095116,2037.3236179141186,4.8082605011916284,False,False,0
raw,1,53,303.31369894947005,299.95909324887884,5.3830242939656419,False,False,0
raw,1,54,303.35098189522131,2017.1182548267925,4.851399937384385,False,False,0
raw,1,55,303.42197832129096,280.52700836308793,6.2579077594658923,False,False,0
raw,1,56,303.46238714141117,262.55778211106423,5.1034732872358122,False,False,0
raw,1,57,303.50675736692995,254.20166869534739,5.1098186558947223,False,False,0
raw,1,58,303.56638040595118,242.37412080952049,5.1261862007419143,False,False,0
raw,1,59,303.69657440873743,214.65910579692326,5.3464705685926592,False,False,0
raw,1,60,303.77790653599584,204.27969200980317,5.2005738037462219,False,False,0
raw,1,61,303.88581838726566,182.90786125085418,5.2235005101032694,False,False,0
raw,1,62,303.96583569341971,186.15644216430866,5.1460438580482055,False,False,0
raw,1,63,304.01521298371324,168.80793095084806,5.1698027773792941,False,True,0.0037887365185160548
raw,1,64,304.05393137752907,160.97206779299745,5.2934316548296918,False,True,0.0069784644037633806
raw,1,65,304.11911593496302,154.3713896188479,5.1907768980786759,False,True,0.0091624371956896301
raw,1,66,304.18831664934009,147.17342577996072,5.17854822087582,False,True,0.011683990781678137
raw,1,67,304.2635471696484,140.54478688439121,5.2030733464850218,False,True,0.01396596326272451
raw,1,68,304.35041688363822,129.7795135122854,5.2198908171956209,False,True,0.017904926966098373
raw,1,69,304.40879109930444,124.80238836939782,5.2746593019616466,False,True,0.019650279402086517
raw,1,70,304.50214449243697,122.57142133171885,5.4096333309895686,False,True,0.020073612036623577
raw,1,71,304.69757944733499,105.79671520166187,5.4741420223561619,False,True,0.02581405682824392
raw,1,72,304.7556406224553,99.634957118935972,5.4985956444867528,False,True,0.028025473079250064
raw,1,73,304.83892816170766,95.300126430604564,5.5815690866743335,False,True,0.029349402809936392
raw,1,74,304.8499518602186,1970.4008968574649,5.0135992223129238,False,False,0
raw,1,75,304.95580514144433,94.740448880843701,5.7295563690710116,False,True,0.028906345077945282
raw,1,76,305.00146518815126,90.350872564353381,5.760122388010803,False,True,0.030466455738893304
raw,1,77,305.16176602140547,83.632232124932102,5.8749160413447283,False,True,0.032269401730687021
raw,1,78,305.24144312768249,1975.6979390012623,4.9006498091623145,False,False,0
raw,1,79,305.29210009805945,1930.3633168804311,4.8241186318429561,False,False,0
raw,1,80,305.36416849778573,2009.7521949575057,4.6936250055978865,False,False,0
raw,1,81,305.40306057206294,1964.4113144336825,4.7196739541945361,False,False,0
raw,1,82,305.43391922057185,1949.6933953840394,4.7831615235683378,False,False,0
raw,1,83,305.44282322338626,1811.0165128310832,4.8940383453014862,False,False,0
raw,1,84,305.46682480512584,1917.6650943959983,4.7315970732851227,False,False,0
raw,1,85,305.51697525303433,2021.7365813307645,4.6093236394405555,False,False,0
raw,1,86,305.59712002978648,1777.4002291257768,4.9708951955402458,False,False,0
raw,1,87,305.60162456954157,1774.9496316490072,4.9788392280457394,False,False,0
raw,1,88,305.62332542796543,2002.8911119547788,4.5804349287899386,False,False,0
raw,1,89,305.71208638752125,1904.133215302109,4.7012957053018027,False,False,0
raw,1,90,305.75431259085912,1960.5081601550742,4.5340904108725697,False,False,0
raw,1,91,305.78887778704831,1991.5126531640622,4.5148875771361654,False,False,0
raw,1,92,305.84538080667113,1841.8642311035353,4.5931292317444914,False,False,0
raw,1,93,305.84979639055564,1874.6905043272407,4.5886768108946061,False,False,0
raw,1,94,305.96560850387351,71.924227715790835,6.5738750540994504,False,True,0.032149828156137074
raw,1,95,305.99356005458367,69.32394441566089,5.8935823640029765,False,True,0.032184872628804241
raw,1,96,306.04938189264504,1740.2973997546437,4.6116748827032197,False,False,0
raw,1,97,306.07416638973478,65.307409270162225,6.7175360957959995,False,True,0.034330029394372949
raw,1,98,306.13013331971342,1786.1950880793013,4.4791875430502825,False,False,0
raw,1,99,306.18636484451775,1398.2693931326114,5.0194454471045296,False,False,0
raw,1,100,306.24959415534028,1607.6812501894115,4.6138934728091314,False,False,0
raw,1,101,306.27619339530906,54.457636803714422,6.7709164638893711,False,True,0.0374965321392862
raw,1,102,306.29205748289081,1637.5115087560093,4.5360622354938558,False,False,0
raw,1,103,306.31854109334643,1756.5743036551194,4.4421151736146092,False,False,0
raw,1,104,306.3442968268011,1726.07016366933,4.4110230719888408,False,False,0
raw,1,105,306.3819214460998,1862.0914695248355,4.3639314692811872,False,False,0
raw,1,106,306.42426449042176,1457.7525284944488,4.7074539353451677,False,False,0
raw,1,107,306.46801743600048,1503.7219548857756,4.574249434101179,False,False,0
raw,1,108,306.47440394473773,1821.6963064030508,4.247016329767952,False,False,0
raw,1,109,306.4999911466756,1382.6063464512497,4.7668450510053484,False,False,0
raw,1,110,306.55128485765118,1289.0477121778649,4.8522488095512628,False,False,0
raw,1,111,306.61207821170865,1735.1424155817201,4.2372893774561211,False,False,0
raw,1,112,306.63057940910466,1353.429580871916,4.6915708062192234,False,False,0
raw,1,113,306.6462286500082,1582.9236063156902,4.3405209582269615,False,False,0
raw,1,114,306.68708073607235,1721.8685662813136,4.1541230698136529,False,False,0
raw,1,115,306.68898156840208,1701.2915927116283,4.1609183861969106,False,False,0
raw,1,116,306.6972174679513,1688.9080439335696,4.1596170708543845,False,False,0
raw,1,117,306.73509700427093,1672.8907772175116,4.1535249745092742,False,False,0
raw,1,118,306.75955444965098,1178.7330849364262,4.9378010560803993,False,False,0
raw,1,119,306.79363371462017,1662.5536469802414,4.0942587071233092,False,False,0
raw,1,120,306.8086656308646,1654.982110830987,4.0684235386076724,False,False,0
raw,1,121,306.84441516214144,1535.949020144466,4.2586211123342519,False,False,0
raw,1,122,306.86167757158239,1097.8762752832697,4.9966875011352094,False,False,0
raw,1,123,306.882612524862,1550.2189262363386,4.12481083867862,False,False,0
raw,1,124,306.89130506570427,1074.3605847284975,5.0112560663029306,False,False,0
raw,1,125,306.90709017625528,47.051843903399345,6.3802449039249698,False,True,0.035460210791431468
raw,1,126,306.94003743878022,1619.2437293599969,3.9530308343185587,False,False,0
raw,1,127,306.98397271144165,1137.835224705877,4.872791502689978,False,False,0
raw,1,128,307.01516357425328,1523.7756972009506,3.9399255405361076,False,False,0
raw,1,129,307.0635665750097,1430.5093214748813,4.0140472401622098,False,False,0
raw,1,130,307.07460233372217,1500.6104657175349,3.8966545762945528,False,False,0
raw,1,131,307.114120321168,1062.1650400905705,4.7399705207043041,False,False,0
raw,1,132,307.16666548898274,1433.6171504708386,3.8569861035549278,False,False,0
raw,1,133,307.19554299129521,1466.2082147006063,3.8283047139928099,False,False,0
raw,1,134,307.2174496274605,38.067929147939822,7.0447407610661594,False,True,0.037804282405173154
raw,1,135,307.24929007877518,1303.7494437025684,3.979927767422573,False,False,0
raw,1,136,307.2768359894884,1362.2986595921116,3.8628032341137573,False,False,0
raw,1,137,307.32380936219624,1482.8051221694059,3.6293856284859123,False,False,0
raw,1,138,307.34289506195728,1283.7310012917706,3.8738751993613354,False,False,0
raw,1,139,307.40564068447975,1255.0625976295291,4.179622114061889,False,False,0
raw,1,140,307.46559495019386,1414.0976437992458,3.6331387928034538,False,False,0
raw,1,141,307.48193985801458,1224.7279025391754,3.7678968895221265,False,False,0
raw,1,142,307.53167245917433,1310.0517830006866,3.4939461366053921,False,False,0
raw,1,143,307.55676798131441,1296.8149033627719,3.5274462186873081,False,False,0
raw,1,144,307.61189073899561,1273.8380928108522,3.4351126375258159,False,False,0
raw,1,145,307.69911777270084,1152.4155918889683,3.5579655479786827,False,False,0
raw,1,146,307.75524471650476,1248.8587848587763,3.2641642212645632,False,False,0
raw,1,147,307.78651480008659,1237.2402050109426,3.2039668226534763,False,False,0
raw,1,148,307.79401301158947,1203.9928341432812,3.3071815871449841,False,False,0
raw,1,149,307.82889611371212,1212.4982255313917,3.2514131209849029,False,False,0
raw,1,150,307.84053934260078,993.63731671418839,3.8101240653531141,False,False,0
raw,1,151,307.86718083458942,997.32274468711637,3.7349761884804136,False,False,0
raw,1,152,307.8848105836442,984.74846853783015,3.7476176260854643,False,False,0
raw,1,153,307.90942340223978,1182.3079144178366,3.0980431293408972,False,False,0
raw,1,154,308.00744875781942,1023.4932695039577,3.3368963941084937,False,False,0
raw,1,155,308.0505571303342,957.98668049034109,3.685118022709065,False,False,0
raw,1,156,308.0714255977469,731.78419146877843,4.3188570090786538,False,False,0
raw,1,157,308.19363450182249,1121.1013879280777,2.7046894648339364,False,False,0
raw,1,158,308.21626661435408,1090.0277125045639,2.7548043599557013,False,False,0
raw,1,159,308.29027692068934,1055.3270518720665,2.6670807750887278,False,False,0
raw,1,160,308.30383813799602,888.07624320315108,3.2776838176823873,False,False,0
raw,1,161,308.31946527235834,572.75803357722077,4.9475986960819984,False,False,0
raw,1,162,308.37365982949865,921.28566848006756,3.1311493003570647,False,False,0
raw,1,163,308.3765660392358,627.03382275608567,4.2926222129295031,False,False,0
raw,1,164,308.41861186346978,619.49749715545022,4.2621272293911234,False,False,0
raw,1,165,308.52149600147948,837.19214169255963,2.9755855823641806,False,False,0
raw,1,166,308.54776587134023,701.19274310530557,3.6464216194574952,False,False,0
raw,1,167,308.56313422785621,785.55203423960484,3.0395589053531396,False,False,0
raw,1,168,308.569218464806,1041.6582520555269,2.34081261445847,False,False,0
raw,1,169,308.62073109363769,801.83282357793917,2.8860533454738069,False,False,0
raw,1,170,308.66616763031595,770.4341477118171,2.8353575990286513,False,False,0
raw,1,171,308.67718418929775,527.94733386650364,3.9281670448710106,False,False,0
raw,1,172,308.73289614473964,735.27677073301493,2.944318066385577,False,False,0
raw,1,173,308.78136702484545,752.69722026601494,2.9198117350200836,False,False,0
raw,1,174,308.81284988280703,634.33856286496041,3.6050432824275243,False,False,0
raw,1,175,308.91534381435997,806.11392454147949,2.2485602737184336,False,False,0
raw,1,176,308.93368307184807,842.43111105074627,2.154508332678184,False,False,0
raw,1,177,308.97336436144991,677.77944948628897,2.4860661052802584,False,False,0
raw,1,178,308.99736593362741,663.19422817744214,2.5028345451390455,False,False,0
raw,1,179,308.99996527588718,28.977466476217614,6.4235631459100135,False,True,0.030619471068744467
raw,1,180,309.07766210111487,511.79782121168108,2.9678584313760528,False,False,0
raw,1,181,309.1538318805363,369.29560933503529,3.7776888156628825,False,False,0
raw,1,182,309.16224418726318,865.81881917050657,2.0307094551452658,False,False,0
raw,1,183,309.18397257846607,749.18814918241731,2.0763372804366567,False,False,0
raw,1,184,309.24621385404026,608.45124603198383,2.203078545165726,False,False,0
raw,1,185,309.29634254144264,9.9137144550136327,6.8537316933498733,False,True,0.043364327750216883
raw,1,186,309.35015383785617,340.38077087932305,3.957731240587274,False,False,0
raw,1,187,309.35689477961608,450.64980547831095,2.4558427053710279,False,False,0
raw,1,188,309.4427521361871,490.98434232815305,2.1963634531103184,False,False,0
raw,1,189,309.45235605910869,651.08450032169935,2.0178556943648074,False,False,0
raw,1,190,309.5604547069276,315.22253802531407,2.959541614928237,False,False,0
raw,1,191,309.56413006239995,393.23351475501249,2.3752701614137832,False,False,0
raw,1,192,309.66469824912116,331.89113283462024,2.2677686771381582,False,False,0
raw,1,193,309.70840583498068,549.6132373732205,1.9601549620781986,False,False,0
raw,1,194,309.76568234252471,295.79032187546647,2.8196947154599181,False,False,0
raw,1,195,309.88042333891212,285.77626504620019,2.163399530542375,False,False,0
raw,1,196,309.90285762738,588.60313890798614,1.9372377632234414,False,False,0
raw,1,197,309.91129324588195,279.00426704184031,2.1827480341884282,False,False,0
raw,1,198,309.9425505986008,107.51973219303159,4.2030247082438512,False,False,0
raw,1,199,310.01677028918772,293.6118418316147,1.8285098532434736,False,False,0
raw,1,200,310.03727445185416,268.45300356673147,2.1117669738130544,False,False,0
raw,1,201,310.15457004944858,0.19468808150952555,6.4993304067109543,False,True,0.042219663973540392
raw,1,202,310.25767250364174,236.78136458993401,1.9048825177372128,False,False,0
raw,1,203,310.29456402422051,166.44051494566924,2.5872443566322185,False,False,0
raw,1,204,310.39369652890281,103.86993031730196,3.3301775602925749,False,False,0
raw,1,205,310.44687071154613,-1.8778876723540634,6.6114349863142303,True,True,0.04406657602108701
raw,1,206,310.47174990629873,227.98368765151253,1.6545865026437498,False,False,0
raw,1,207,310.55999805205141,220.8298537422977,1.5448180629139419,False,False,0
raw,1,208,310.61391837967028,-5.2048714882412241,6.2090394971417986,True,True,0.040497902300094479
raw,1,209,310.75714717122537,203.97415328347705,1.5174527049252013,False,False,0
raw,1,210,310.76026626720972,202.88784754332914,1.5498876102980406,False,False,0
raw,1,211,310.80748936127725,204.81186626881879,1.3181340186510626,False,False,0
raw,1,212,310.94081824266124,175.68990172168611,1.801426532160554,False,False,0
raw,1,213,311.0601249645091,-9.6176701409756333,6.7830545941141818,True,True,0.04862131782213646
raw,1,214,311.18903718539821,182.39591189449328,1.1773254425347908,False,False,0
raw,1,215,311.19402399719115,63.277179052223914,1.8358776172265099,False,False,0
raw,1,216,311.28242928029482,60.112387229550791,1.7576428391858849,False,False,0
raw,1,217,311.32368660453454,86.798205939957825,1.5956050445346985,False,False,0
raw,1,218,311.397820807139,142.26746698154363,1.3047777707730717,False,False,0
raw,1,219,311.43123223676758,136.12430222566434,1.3798071656170654,False,False,0
raw,1,220,311.56337841285347,103.26672325071786,1.1394967054587939,False,False,0
raw,1,221,311.58923112438237,48.632541914434341,1.6349844160303997,False,False,0
raw,1,222,311.65731714353728,34.842888644866548,1.5854856807142577,False,False,0
raw,1,223,311.70175730613948,-11.808303061184574,4.4035726058552189,True,True,0.027496484568741431
raw,1,224,311.83520235393303,116.952866527948,0.94060192544083421,False,False,0
raw,1,225,311.85407369265801,116.81665712397182,0.94646307146457342,False,False,0
raw,1,226,311.91617920016915,119.49963101895776,0.82196332731502331,False,False,0
raw,1,227,311.98806170944721,86.731471291177968,0.8878140493536435,False,False,0
raw,1,228,312.01569974688022,25.769886432606199,1.1865604825655742,False,True,1.1298719384815795e-05
raw,1,229,312.12087687293234,79.679526824012214,0.8264073878398106,False,False,0
raw,1,230,312.19500680227389,-7.1504447641605111,2.5354910844309084,True,True,0.016391148959696782
raw,1,231,312.22458512369514,-10.39394373366963,2.6101221906645966,True,True,0.017886385140345368
raw,1,232,312.22951150208337,75.843280617831397,0.8124207785919717,False,False,0
raw,1,233,312.31264779370781,-33.699052544798519,3.4258294344425688,True,True,0.030443526346334598
raw,1,234,312.32810027999494,18.570646905487024,1.7188510197833207,False,True,0.0019210987084279652
raw,1,235,312.39027505519385,-36.061537743558119,3.3471569811533306,True,True,0.030814090293010486
raw,1,236,312.51161377787628,-36.112890648436178,3.4208840380869208,True,True,0.03059795778321588
raw,1,237,312.62798720070202,58.945755352502829,0.85328156456922599,False,False,0
raw,1,238,312.65319519830132,39.537396102156777,0.77178619086310274,False,False,0
raw,1,239,312.78839955074403,37.23131953375912,0.71213569662480136,False,False,0
raw,1,240,312.79300768254342,18.035042491763534,1.1375573112176305,False,False,0
raw,1,241,312.82080839472223,31.097241950775128,0.65526944524691277,False,False,0
raw,1,242,312.93146515888861,-40.054555859813945,1.5660824441246595,True,True,0.023383748993134383
raw,1,243,312.93737075323281,21.438144455566317,0.62470326282572852,False,False,0
raw,1,244,312.98247570211862,-58.210910530107185,1.6116550883556497,True,True,0.031054342096536909
raw,1,245,313.06104180960722,-59.368825050616465,1.4723398810500905,True,True,0.030677220455018719
raw,1,246,313.10019507897749,-15.023451787508293,0.99422112924102546,True,True,0.0098387544107681954
raw,1,247,313.17313884383304,-46.250989153971318,1.2472246538381535,True,True,0.023762488396704837
raw,1,248,313.18316238822035,-44.735214331465272,1.2292462812537437,True,True,0.023006746906310556
raw,1,249,313.21642641185156,-22.626370283560163,0.93549908832101636,True,True,0.012346947297663134
raw,1,250,313.33267101118986,-37.394265472802431,1.0183233254919122,True,True,0.018440687084662972
raw,1,251,313.55118595187565,-66.047360229454057,3.5402402845714458,True,True,0.039504912110780041
raw,1,252,313.64593630597301,-66.615379161487112,3.4783000952045748,True,True,0.03918202442203185
raw,1,253,313.65965771109353,-73.339736028494826,3.6763930824872979,True,True,0.043783112983840439
raw,1,254,313.69636068750594,-62.281670974505346,3.472415996353079,True,True,0.037283073803515927
raw,1,255,313.77814088387362,-68.362733483945021,3.6317966077515389,True,True,0.041257379581334581
raw,2,0,301.67489249923329,1511.9172311833308,8.7151536535865581,False,True,0.018985131904666164
raw,2,1,301.67489249923329,1511.9172311833304,8.7151536535865617,False,True,0.018985131904666122
raw,2,2,301.67951592127974,1510.8393065647906,8.6964611855803682,False,True,0.018516505035436146
raw,2,3,301.68543014133695,1472.9054024106636,8.6170191075188249,False,True,0.014188055982517253
raw,2,4,301.70026687103916,1446.6064389502608,8.5816617330833047,False,True,0.010437009204062351
raw,2,5,301.71400682959165,1435.3427747898427,8.4930910655462117,False,True,0.008193146245313164
raw,2,6,301.74214381736795,1400.1285212064038,8.4046209624309949,False,True,0.0025140976091866957
raw,2,7,301.75681245709126,1397.6274271132888,8.3692840610886652,False,True,0.0011524878942855135
raw,2,8,301.76573537738494,1381.7319989224438,8.3316461947639766,False,False,0
raw,2,9,301.78762167971934,1370.6302426133775,8.2833959746229873,False,False,0
raw,2,10,301.79646340459141,1359.2429653204122,8.2524851757415956,False,False,0
raw,2,11,301.8060792735439,1341.7940896630485,8.2266485507164919,False,False,0
raw,2,12,301.84721951717455,1319.712801066813,8.1177115883636795,False,False,0
raw,2,13,301.86180653683448,1307.9422843909488,8.0837846034904484,False,False,0
raw,2,14,301.90201529623511,1305.968881234538,8.2199318538713833,False,False,0
raw,2,15,301.91129490384429,1265.2881611865289,8.0134889373609042,False,False,0
raw,2,16,301.91788734542632,1259.1717309363748,7.9767137036948057,False,False,0
raw,2,17,301.94748360499108,1238.4067507101799,7.9056598897258716,False,False,0
raw,2,18,301.99790331671721,1200.017264097416,7.7258847938198869,False,False,0
raw,2,19,302.02263415281521,1195.5819584479357,7.7837418733897277,False,False,0
raw,2,20,302.04064774737537,1161.8576076239019,7.5937881850791973,False,False,0
raw,2,21,302.05831702747213,1160.6158502746202,7.640197537365375,False,False,0
raw,2,22,302.06061619351675,1144.7078787030177,7.5499590089980781,False,False,0
raw,2,23,302.06318997304214,1139.2679318048908,7.5119524890892571,False,False,0
raw,2,24,302.08348954381836,1116.5319197857082,7.4285692041281344,False,False,0
raw,2,25,302.08922713957412,1110.3210606401435,7.4101571838925384,False,False,0
raw,2,26,302.10849700344363,1109.6839030808903,7.4712949165516003,False,False,0
raw,2,27,302.11769727637255,859.55466282214581,6.6944071771598557,False,False,0
raw,2,28,302.13245442025487,823.64887374702619,6.616232018197846,False,False,0
raw,2,29,302.24221444942026,757.35618898222583,6.4957774524483272,False,False,0
raw,2,30,302.27823697366318,652.86968440819896,6.6452777271339745,False,False,0
raw,2,31,302.27898435816996,652.002318384673,6.6183197382857717,False,False,0
raw,2,32,302.28099087850751,742.55048611560051,6.4690363711449521,False,False,0
raw,2,33,302.28944878055324,618.90473412487404,6.569317635429746,False,False,0
raw,2,34,302.33905021734142,563.16601914356204,6.3027655346737754,False,False,0
raw,2,35,302.39182588844159,516.44620131492138,6.2767304912848711,False,False,0
raw,2,36,302.46768357992522,535.45830900091016,6.0387597895083767,False,False,0
raw,2,37,302.47613764264548,511.77947200677181,6.0137923714503501,False,False,0
raw,2,38,302.52794317826795,498.26993088387241,5.8681465845856886,False,False,0
raw,2,39,302.55774660440318,476.80835205663652,5.8495141870044511,False,False,0
raw,2,40,302.68090643963689,488.55891666974168,5.6797557223755364,False,False,0
raw,2,41,302.7452518259646,483.69453503903492,5.6219253132209754,False,False,0
raw,2,42,302.76837570946395,2118.990472965334,5.3764088733644941,False,True,0.014501452084532213
raw,2,43,302.82988104640367,2075.1216993512194,5.5024961955320606,False,False,0
raw,2,44,302.87954181555813,462.6541264564554,5.4700488585848088,False,False,0
raw,2,45,302.92138799554954,430.00002268307651,5.9522487909072108,False,False,0
raw,2,46,302.97834153802125,2043.5812384864334,4.6146083100983102,False,False,0
raw,2,47,303.05625520894193,2150.205864333077,4.3599965847290791,False,True,0.016269319819499653
raw,2,48,303.13498694922663,2061.8511947883612,4.266582617289421,False,False,0
raw,2,49,303.1796407716829,2024.9790343010241,4.330537110765146,False,False,0
raw,2,50,303.20498482193307,1987.4639753522292,4.4760045921760954,False,False,0
raw,2,51,303.23939087513156,1679.2617263378293,5.0346549243527248,False,False,0
raw,2,52,303.27499526936663,1633.896510648799,5.2388397909161197,False,False,0
raw,2,53,303.3292648511121,370.39867078918667,5.3470964704614312,False,False,0
raw,2,54,303.33853969203938,1555.7027197283771,5.281348904888878,False,False,0
raw,2,55,303.41233804775447,1536.006618184254,5.1763289819416824,False,False,0
raw,2,56,303.45799363343889,1560.103357627579,4.5536424788635017,False,False,0
raw,2,57,303.49245644074017,2167.6553781941702,4.031908660137244,False,True,0.020229513405508159
raw,2,58,303.5375686417749,1483.6654644729583,4.8103567574457626,False,False,0
raw,2,59,303.54393358177037,1482.9387085509256,4.7950009064190118,False,False,0
raw,2,60,303.61181736352012,2078.7963366076046,3.8298598927830003,False,False,0
raw,2,61,303.64968538139368,2054.8641812586643,3.9323792595980755,False,False,0
raw,2,62,303.69368005977731,2034.5670174763122,4.0189527088141368,False,False,0
raw,2,63,303.74875502409418,318.81179967494325,5.3816282104326962,False,False,0
raw,2,64,303.76039489986294,316.98067999679324,5.3849413937891351,False,False,0
raw,2,65,303.82197559896463,1955.9090981589839,4.5509894100746369,False,False,0
raw,2,66,303.85941188658416,2132.7712204328127,3.7028470195407595,False,True,0.0039598695936157585
raw,2,67,303.93484168203088,2003.5193524855345,4.0218957773053798,False,False,0
raw,2,68,303.95194501672614,1967.8109530831521,4.0589667517128003,False,False,0
raw,2,69,304.01887045823486,315.52023293508137,5.5563596298705074,False,False,0
raw,2,70,304.08842989550237,1964.3346649720947,4.1214307524419951,False,False,0
raw,2,71,304.1181612629872,1963.5146808535947,4.1047684135327156,False,False,0
raw,2,72,304.20904219993292,1086.3927142555237,4.7806226655078916,False,False,0
raw,2,73,304.23878126552108,1102.5402535379335,4.7579302442871274,False,False,0
raw,2,74,304.28767639107764,291.60783726897881,7.8379587407816214,False,False,0
raw,2,75,304.29559539084443,1126.0141234811526,4.7165778078881084,False,False,0
raw,2,76,304.35344693490634,703.59680973598574,4.8929468339354463,False,False,0
raw,2,77,304.37493679359005,2013.4183046936141,3.8322507158532808,False,False,0
raw,2,78,304.41037189360844,1979.7402842586198,3.9280197546585107,False,False,0
raw,2,79,304.42354093164039,532.02489068438035,5.0298700376871937,False,False,0
raw,2,80,304.48060519383665,549.4720985021022,4.9542484841394216,False,False,0
raw,2,81,304.4903579893251,467.3170294293343,5.0670174575034839,False,False,0
raw,2,82,304.55457795465401,1905.0041742917374,4.2572730243768984,False,False,0
raw,2,83,304.56548668299024,282.85382676237543,5.7325414965239538,False,False,0
raw,2,84,304.60124128241637,442.48716851580605,5.0489720050595492,False,False,0
raw,2,85,304.63948173771945,199.3654812980015,5.5687037734977007,False,False,0
raw,2,86,304.67711491901071,400.12726245688475,5.2213104374204891,False,False,0
raw,2,87,304.81393703645421,1875.7980722704929,4.2215194548036781,False,False,0
raw,2,88,304.81633755753188,1872.3690452234441,4.2102352302546793,False,False,0
raw,2,89,304.90238011072944,1852.2483567419013,4.2334964511075963,False,False,0
raw,2,90,304.93412376506933,1932.1847508996293,4.0633266984780443,False,False,0
raw,2,91,305.00204569036964,1949.7628155506595,3.9787426655988329,False,False,0
raw,2,92,305.04234519397181,1858.3642430943582,4.1475977352712494,False,False,0
raw,2,93,305.07892393058194,332.51355654319184,5.2736954369589784,False,False,0
raw,2,94,305.12406868947284,1918.74067888324,3.8906006897478038,False,False,0
raw,2,95,305.18516827037047,1837.9456435986795,4.0830472347525841,False,False,0
raw,2,96,305.30458406239853,1910.6459343391243,3.8266683225991867,False,False,0
raw,2,97,305.31042837204103,1843.4010871779542,3.9439475905973387,False,False,0
raw,2,98,305.37358246558239,163.66207566656794,5.7802624386564823,False,False,0
raw,2,99,305.39012078520074,1828.3301175533616,3.9707440775705773,False,False,0
raw,2,100,305.41514895077052,1819.5922104144656,3.9629848618821994,False,False,0
raw,2,101,305.49839153383726,1813.4512594093421,3.9068287775337165,False,False,0
raw,2,102,305.56706439471168,1623.9111251566001,4.4739385650642429,False,False,0
raw,2,103,305.60974678812039,1614.5972053583841,4.4680973655968925,False,False,0
raw,2,104,305.66137375449392,138.3774186149372,5.8378411778627957,False,True,0.0053146236168572477
raw,2,105,305.72815005326407,1613.1448296173803,4.3274033062218376,False,False,0
raw,2,106,305.72816637586936,136.81121084093763,5.9195559136902709,False,True,0.005586021724941154
raw,2,107,305.73986674173887,1798.9297840498925,3.8572357041896197,False,False,0
raw,2,108,305.81991075409326,1588.936892231764,4.3361048488872456,False,False,0
raw,2,109,305.90469903704422,1863.9588524557321,3.8435428836432881,False,False,0
raw,2,110,305.93447742113244,1808.2331065780932,3.7681648223777731,False,False,0
raw,2,111,305.9658501353353,1540.478415650417,4.3897066240379718,False,False,0
raw,2,112,306.01504087783707,1783.6655171304315,3.7233507102260321,False,False,0
raw,2,113,306.03039657414689,1774.3273419621796,3.8526577174337975,False,False,0
raw,2,114,306.05315965899808,1731.1975377700714,3.8638499449390764,False,False,0
raw,2,115,306.14122808914397,1637.7259985132641,3.9576731077902396,False,False,0
raw,2,116,306.23189661096325,1435.1130977327871,4.6571395231979906,False,False,0
raw,2,117,306.23706907436173,1809.7661095736489,3.6448237181140501,False,False,0
raw,2,118,306.34156876579334,1742.1770887762523,3.6305808563579394,False,False,0
raw,2,119,306.36728886716713,1722.6070616313091,3.6783219612202398,False,False,0
raw,2,120,306.39434569355222,131.21266917220004,6.2457915107970976,False,True,0.0034278049502652142
raw,2,121,306.43669259005816,1658.9533245762423,3.7796574021542315,False,False,0
raw,2,122,306.43763554566266,125.83872153553739,6.1551761562330283,False,True,0.0052695638741515356
raw,2,123,306.44748080025767,75.459945996288184,6.3906490637375368,False,True,0.026844398503206197
raw,2,124,306.50095906329472,1691.2775030738844,3.6233891473224888,False,False,0
raw,2,125,306.57693477439921,1745.9545695978691,3.5710756402201342,False,False,0
raw,2,126,306.65515161156611,1618.7399605872924,3.5922973150339699,False,False,0
raw,2,127,306.73129379938365,1664.1098151744636,3.5560583383700335,False,False,0
raw,2,128,306.78966292835628,1549.3961069542856,3.8847168927371101,False,False,0
raw,2,129,306.84731574069826,1577.5950913335005,3.5183844128822113,False,False,0
raw,2,130,306.97799865013701,82.700909285997909,6.3603214657828158,False,True,0.019800933418467861
raw,2,131,306.99107584318887,1524.4225680586178,3.4415285767095982,False,False,0
raw,2,132,307.00916481522444,1219.0620179307177,4.5294603002277345,False,False,0
raw,2,133,307.1516978555585,1501.0420966783322,3.2465273709474776,False,False,0
raw,2,134,307.15840933946868,1460.2702075554271,3.2441819601734418,False,False,0
raw,2,135,307.23451079606434,1407.9209188023401,3.2647689280018586,False,False,0
raw,2,136,307.26328017100496,1106.0278021450431,4.6817839409118989,False,False,0
raw,2,137,307.36792326260024,61.636087960670238,7.0939792425023196,False,True,0.027161310005985428
raw,2,138,307.43594357790482,54.314720454640224,7.1470341890742546,False,True,0.030352413944556584
raw,2,139,307.46453544425725,1284.1094156713268,3.1818239144312885,False,False,0
raw,2,140,307.47645296673437,1291.2883518484102,3.1361239080214967,False,False,0
raw,2,141,307.51798192370472,1256.846376726563,3.1697312955845929,False,False,0
raw,2,142,307.54613961105417,51.426899595688951,7.0428940725293234,False,True,0.03043561184462977
raw,2,143,307.55695975374539,1155.0068259200875,3.3520953548474544,False,False,0
raw,2,144,307.604635392521,1097.7607610530722,3.4779543980465664,False,False,0
raw,2,145,307.68632548497663,1278.9947415924582,2.879655581371046,False,False,0
raw,2,146,307.71570091481692,945.8698678717418,4.5820194912106187,False,False,0
raw,2,147,307.74171862993228,984.22793769009479,3.7849266286218883,False,False,0
raw,2,148,307.7677600208209,1227.2603089485278,2.8412713739527105,False,False,0
raw,2,149,307.83912803263689,1079.0841159245153,3.2412180686824632,False,False,0
raw,2,150,307.85114133018675,920.40373856494568,4.3038739480335062,False,False,0
raw,2,151,307.89542952294568,1140.2640366714527,2.9480095647561138,False,False,0
raw,2,152,307.89676000168731,1176.2758283840326,2.7974078906003839,False,False,0
raw,2,153,307.92742356080595,1075.2377405933785,3.0350527666596747,False,False,0
raw,2,154,307.96919039897455,1208.7550499570007,2.7574953135131799,False,False,0
raw,2,155,308.02235004469873,1173.9726460730503,2.665407585790962,False,False,0
raw,2,156,308.07855438915863,1203.9166113429746,2.6611516789239724,False,False,0
raw,2,157,308.09227542239762,1191.8962453189201,2.5821166180555122,False,False,0
raw,2,158,308.10943885167228,789.61646013399206,4.1864657120403743,False,False,0
raw,2,159,308.11941185591314,1005.3666486894153,3.1221989961821706,False,False,0
raw,2,160,308.12867360552053,1038.7325271419422,3.0510640363004411,False,False,0
raw,2,161,308.16496242599624,34.553027359652901,6.9587006500114521,False,True,0.035579844694078461
raw,2,162,308.18487649175052,1006.0790815287819,3.0117932352459276,False,False,0
raw,2,163,308.25671164869516,966.31077842037325,2.998909957802145,False,False,0
raw,2,164,308.32945231953238,991.56560467068402,2.6929683629989092,False,False,0
raw,2,165,308.36623502673655,974.39937154281029,2.7175921298402401,False,False,0
raw,2,166,308.41488983877275,1062.8990168962378,2.6111031837986918,False,False,0
raw,2,167,308.4867313407475,795.59816003711853,3.6087266043051298,False,False,0
raw,2,168,308.48808414473081,1018.9480356461006,2.3929490904161308,False,False,0
raw,2,169,308.51020098847397,931.40853059711901,2.8670140542229605,False,False,0
raw,2,170,308.56764035465028,1054.3953861784239,2.3744559702823063,False,False,0
raw,2,171,308.60944531724476,951.44930937995173,2.4717561281403539,False,False,0
raw,2,172,308.65276883447757,865.25456505196439,2.6886237175570535,False,False,0
raw,2,173,308.68846306240704,717.01020892146482,3.4592973926771933,False,False,0
raw,2,174,308.69040751304033,903.93052008332552,2.4562260172198771,False,False,0
raw,2,175,308.73292494881707,818.49524806605245,2.8215448850096134,False,False,0
raw,2,176,308.73314814270117,895.77053256088925,2.3873655433821557,False,False,0
raw,2,177,308.73655033435301,829.68899414976795,2.7863529034035768,False,False,0
raw,2,178,308.83332957928593,927.91874638285549,2.1011254166536433,False,False,0
raw,2,179,308.87284610714568,212.93662905535473,4.982643555685657,False,False,0
raw,2,180,308.91051268278937,24.871515263904826,6.2230941888454092,False,True,0.032069560325819285
raw,2,181,308.95543412513462,838.73149352564269,2.2704636321690392,False,False,0
raw,2,182,309.01150644694548,579.64154218129147,2.8986417372225599,False,False,0
raw,2,183,309.05541758708773,677.69961477714526,2.601567569896158,False,False,0
raw,2,184,309.09442823587148,523.0087600906844,2.9272303246832401,False,False,0
raw,2,185,309.1241749660723,723.3444246402097,2.4867995149309716,False,False,0
raw,2,186,309.17131935332702,450.60503011785721,3.36851665380496,False,False,0
raw,2,187,309.20909272311019,610.90139047803052,2.3390907393223519,False,False,0
raw,2,188,309.22298021866931,763.05729899593098,2.0730914486803047,False,False,0
raw,2,189,309.27504261578474,393.65126457157925,3.5324900453058889,False,False,0
raw,2,190,309.2965837481363,598.69654504380856,2.2400675338931793,False,False,0
raw,2,191,309.31826279814896,122.47978469930808,4.9096396047516109,False,False,0
raw,2,192,309.33036872111239,784.51256809898427,1.8404009414727001,False,False,0
raw,2,193,309.3636994347533,367.29368681639301,3.3266777500973364,False,False,0
raw,2,194,309.40065135746744,462.14966158490017,2.2045424683029871,False,False,0
raw,2,195,309.45705006077077,665.03593678129403,2.061177530797758,False,False,0
raw,2,196,309.53429363603561,779.26584337332747,1.7237926108463695,False,False,0
raw,2,197,309.54456932778777,424.74700752794433,2.0308753470221053,False,False,0
raw,2,198,309.55438670322889,741.70661405670285,1.68324704708703,False,False,0
raw,2,199,309.57161229587001,415.06721402108542,1.9817521230022583,False,False,0
raw,2,200,309.59098673560368,408.93238855900802,1.9524861602732,False,False,0
raw,2,201,309.59750895117833,388.07043021132472,2.7714945821388581,False,False,0
raw,2,202,309.6743065781568,355.0234592222871,2.0769145255581503,False,False,0
raw,2,203,309.80856559699743,440.64266357991914,1.7042842485269416,False,False,0
raw,2,204,309.84846161907029,308.09375179058367,2.2704806339902759,False,False,0
raw,2,205,309.84948124070576,693.65362515410652,1.6216508145103123,False,False,0
raw,2,206,309.84957857475337,6.9409030788764312,6.9711957624929983,False,True,0.045335587843715129
raw,2,207,309.97228173121056,588.30368206571416,1.6577422216485269,False,False,0
raw,2,208,310.02960976422133,235.18745118935601,2.3297279311062513,False,False,0
raw,2,209,310.11423974488798,19.762645557872474,6.3704650807517575,False,True,0.032469952581818756
raw,2,210,310.19151388867749,-2.758865719379628,6.8037874886662486,True,True,0.047032156668750977
raw,2,211,310.19667290641917,-10.827085082160579,6.7933868007777329,True,True,0.050313005777086153
raw,2,212,310.24517409663662,222.84798395575865,2.0030143767405271,False,False,0
raw,2,213,310.30598674489414,257.16466065283754,1.4106119043599739,False,False,0
raw,2,214,310.37711558267347,76.563208369656365,3.0684278516102279,False,False,0
raw,2,215,310.4379388056575,82.399085724710176,2.6300128021972444,False,False,0
raw,2,216,310.46582502494113,266.86091858317224,1.3498826184408195,False,False,0
raw,2,217,310.49022834991479,276.39649644282429,1.3284761610853701,False,False,0
raw,2,218,310.55315502077309,249.18249802894968,1.2805431945870556,False,False,0
raw,2,219,310.60390280906523,203.29257417790973,1.708495555384185,False,False,0
raw,2,220,310.67641264236261,54.847200083398434,1.8895092669624947,False,False,0
raw,2,221,310.77704110022103,187.84327608760708,1.2328453802632611,False,False,0
raw,2,222,310.78074183790886,-6.4118801831467636,6.4331651991535681,True,True,0.043460670356415584
raw,2,223,310.82558887003921,170.46435649871279,1.2633586769244891,False,False,0
raw,2,224,310.91792001929707,178.25942513554344,1.2602311393526913,False,False,0
raw,2,225,310.97305281829813,41.401425991551832,1.4687555195461419,False,True,0.0014797057095220767
raw,2,226,311.03043052644887,39.499847176938601,1.5052068992529009,False,True,0.0019059017450359049
raw,2,227,311.04877497785424,34.144973813236675,6.1803155834605761,False,True,0.02299122459078325
raw,2,228,311.16512638438417,0.45627518795856759,6.0936761021640642,False,True,0.036061913651913247
raw,2,229,311.17186148097136,0.78808251827103959,6.0698968522634082,False,True,0.035631506473649828
raw,2,230,311.25938145901074,137.0685956631234,0.97417552583265099,False,False,0
raw,2,231,311.26492663349387,131.84031659622138,0.97873856296035378,False,False,0
raw,2,232,311.39742378542059,56.938052258474841,1.0303237792999163,False,False,0
raw,2,233,311.42351342732746,34.638789575168289,1.1313123642627563,False,True,0.00057690901509155736
raw,2,234,311.51178407610399,143.61213974226973,0.85897609013627019,False,False,0
raw,2,235,311.5294758970233,27.552958945150976,1.3567416268558121,False,True,0.0030784479338254061
raw,2,236,311.62922998245512,92.908980599770018,0.88018406066311705,False,False,0
raw,2,237,311.64871517486637,94.034552325105949,0.86190048915708317,False,False,0
raw,2,238,311.73213266037374,89.326344714018887,0.79775028158320715,False,False,0
raw,2,239,311.78999869240857,109.14849021194021,0.77230236895424831,False,False,0
raw,2,240,311.82818897899966,-9.7427016044923676,5.2624323292062885,True,True,0.031141760485704776
raw,2,241,312.01920102362874,71.957300086679936,0.74342725080967309,False,False,0
raw,2,242,312.10161873511856,45.493714329978275,1.0568042828948521,False,False,0
raw,2,243,312.15576256599064,-51.770821027934176,1.5897632332138683,True,True,0.0323429852125783
raw,2,244,312.22208137363759,46.313502758529239,0.83255785116286507,False,False,0
raw,2,245,312.37507670188626,-73.388361834054763,3.4127995517539391,True,True,0.046990846577829225
raw,2,246,312.49710657116304,-65.265189669306551,1.1105662097225339,True,True,0.034923616733109841
raw,2,247,312.64215742232835,-42.158158736809014,0.65858942373790086,True,True,0.023483579666834193
raw,2,248,312.71575735045326,-53.705032777920337,0.93235085886360736,True,True,0.028176892753830275
raw,2,249,312.82874937531,-32.416855901613644,0.59992854884452829,True,True,0.017896613741124945
raw,2,250,312.87360991714951,-25.9181262329422,0.53434672242651349,True,True,0.014946744886956451
raw,2,251,313.01008603508922,-17.758206378879777,0.46336747500419584,True,True,0.011278579821514222
raw,2,252,313.09877796670361,-12.343343254551428,0.45093989183291328,True,True,0.0079617143707530064
raw,2,253,313.132273644306,-5.2494459112888308,0.41984770299482044,True,True,0.0062123116815505346
raw,2,254,313.17835643887196,2.4371322680918865,0.32855359539869333,False,True,0.0082858931279399303
raw,2,255,313.24764554450945,1.1877528495986098,0.33998814962044221,False,True,0.006958282970638315
raw,3,0,302.17262128895595,1177.2202251253457,7.6854668540742024,False,False,0
raw,3,1,302.17298898406824,1201.406724740727,7.6791034654798391,False,False,0
raw,3,2,302.23350608588339,1117.2339474864243,7.5879994968409941,False,False,0
raw,3,3,302.26324314633609,1097.0596961821686,7.564731149230715,False,False,0
raw,3,4,302.30476151183126,1059.8560027819008,7.5834569388309259,False,False,0
raw,3,5,302.32185636307241,1052.145802409492,7.5170480732412637,False,False,0
raw,3,6,302.37060932119482,952.40597019895449,7.4862019298468603,False,False,0
raw,3,7,302.38435141247419,949.21361300293506,7.4404996173691238,False,False,0
raw,3,8,302.43819530144367,838.22650429887142,7.3510300687442687,False,False,0
raw,3,9,302.49597196946354,881.12716673892635,7.3243862890732574,False,False,0
raw,3,10,302.50881927047971,819.8883466393836,7.3063287608020646,False,False,0
raw,3,11,302.54180989257446,852.1396237623519,7.267711206666533,False,False,0
raw,3,12,302.54307959662475,852.01043369988236,7.2653655314735222,False,False,0
raw,3,13,302.60002828053933,772.5098050698092,7.1175971570368421,False,False,0
raw,3,14,302.6148596535516,719.63573064669379,7.2291148990194243,False,False,0
raw,3,15,302.65610555422683,647.70542436234155,7.9997508302107789,False,True,0.014768535452701903
raw,3,16,302.65671003969561,601.30594821050192,7.8415679125766662,False,True,0.015562599848953668
raw,3,17,302.68126675995921,689.31888526170678,6.9128340010136231,False,False,0
raw,3,18,302.6830571831419,597.98392100872218,7.9638644616828964,False,True,0.020048358034237879
raw,3,19,302.72448678877436,2081.7398281261885,6.8407846278472313,False,True,0.0083584799061836457
raw,3,20,302.73815927488499,2205.1926868644432,6.4887865736687322,False,True,0.041388780948845967
raw,3,21,302.74132136063287,2212.6276552522258,6.4634683111395077,False,True,0.043240930582422774
raw,3,22,302.75730447864692,2185.0152573225273,6.2183221421127977,False,True,0.034400431723933395
raw,3,23,302.78106376978428,2153.2519659962918,5.8293478524090974,False,True,0.023802964608701772
raw,3,24,302.78152876058289,2158.4673151390489,5.8152746816278453,False,True,0.025205647774402214
raw,3,25,302.79498292583412,592.85596815657505,8.1004210332955164,False,True,0.020429755314403886
raw,3,26,302.80160444311514,2132.32083380836,5.5142257762302496,False,True,0.016475042900915508
raw,3,27,302.81056148843771,1976.9431065806555,6.6661924346841595,False,False,0
raw,3,28,302.83043091095652,2012.7199672671752,5.7059561447921698,False,False,0
raw,3,29,302.83956800253554,1446.6337147274094,6.8343170823869492,False,False,0
raw,3,30,302.84118332024906,2064.2183118998578,5.2252683954361538,False,False,0
raw,3,31,302.85610223193237,1683.0140350615882,6.5370065779666993,False,False,0
raw,3,32,302.85720793056055,2098.089160350999,5.2142844251266567,False,True,0.0034947742375916399
raw,3,33,302.89459541238824,1906.2499605233427,6.0419328192260844,False,False,0
raw,3,34,302.90651788531744,1416.8575687760372,6.4025236850802125,False,False,0
raw,3,35,302.91762500323102,2114.2858226669273,4.6346161789639968,False,True,0.0038929529944190695
raw,3,36,302.93156979833645,1386.250499698308,6.3085294571941661,False,False,0
raw,3,37,302.93703806976384,1927.8137455599806,5.9531101795675152,False,False,0
raw,3,38,302.94668575733294,1963.0506411189822,5.7596205888947223,False,False,0
raw,3,39,302.9549771423147,1978.8571928368469,4.9116819027711989,False,False,0
raw,3,40,302.96535024823447,1757.0924662260522,5.9912512565360156,False,False,0
raw,3,41,302.98148980204553,1599.1618858673178,5.9557926478242491,False,False,0
raw,3,42,302.98717824196069,1663.8393108029979,5.8100580958419137,False,False,0
raw,3,43,302.99145363440294,1997.980857691324,4.7061214195316499,False,False,0
raw,3,44,303.00370009993554,1548.2147326722175,5.7709525891872078,False,False,0
raw,3,45,303.00838098751808,1463.0387936568616,5.9400585614262758,False,False,0
raw,3,46,303.01196223431793,1734.5938135361703,5.5533081864108809,False,False,0
raw,3,47,303.03679471201525,1642.5533230003966,5.6230168895626909,False,False,0
raw,3,48,303.04261618475226,973.74285038719995,6.2767218987015818,False,False,0
raw,3,49,303.05921237269467,1717.6347247882188,5.460608321129401,False,False,0
raw,3,50,303.06330375163077,1836.0507310444846,5.2507538553878135,False,False,0
raw,3,51,303.09064415732166,1612.4623820458551,5.3574649651368595,False,False,0
raw,3,52,303.10431216010528,474.0457352437146,7.0407919886087509,False,False,0
raw,3,53,303.10469294541912,1862.981420104843,5.0276136080920253,False,False,0
raw,3,54,303.10521495776175,1401.7142476832414,5.5558168124050376,False,False,0
raw,3,55,303.10890787890764,424.93990893661828,6.5078835637589147,False,False,0
raw,3,56,303.11827097420837,412.51765297098319,6.5606884477031091,False,False,0
raw,3,57,303.13017482871402,1934.8348918428831,4.9313707569369907,False,False,0
raw,3,58,303.16193046464906,1467.8029943128058,5.1721501007920407,False,False,0
raw,3,59,303.20997741996439,2038.8716694672758,4.4561952826859104,False,False,0
raw,3,60,303.21896355869183,1641.5521439468926,4.8956814136971225,False,False,0
raw,3,61,303.22333312511466,1491.8361214992269,5.0970462739146418,False,False,0
raw,3,62,303.22862007871271,1782.7248023957807,4.8452987828290421,False,False,0
raw,3,63,303.23698851059868,1585.589870120858,5.0130793943537357,False,False,0
raw,3,64,303.23796528625633,1183.4589587969592,5.1655085831104914,False,False,0
raw,3,65,303.23946066522819,1514.5193421934996,4.9963014060201028,False,False,0
raw,3,66,303.24023502297803,1780.7382046928149,4.8215982903777332,False,False,0
raw,3,67,303.25370773975339,1333.3580900763623,5.1247713900797711,False,False,0
raw,3,68,303.26361425649429,1802.5355806394277,4.7825421622283262,False,False,0
raw,3,69,303.29754655857641,1884.8011314474572,4.7209357946823012,False,False,0
raw,3,70,303.30105853249898,1563.9383273603426,4.8245585947168959,False,False,0
raw,3,71,303.32288592523042,1370.9707288193304,4.8497419735108176,False,False,0
raw,3,72,303.33753973732223,1524.0755666763894,4.7998727470170257,False,False,0
raw,3,73,303.35896767016015,617.2932187621916,5.6737509372010004,False,False,0
raw,3,74,303.38736236462671,1856.9494491965165,4.7180089161995191,False,False,0
raw,3,75,303.38769293900327,665.04452756989895,5.2926460115783893,False,False,0
raw,3,76,303.40922715717375,399.48521174797696,6.827854526232092,False,False,0
raw,3,77,303.42020462874262,1437.6399362322063,4.7579733985480761,False,False,0
raw,3,78,303.54284364338992,828.69178407014499,4.9611162953428387,False,False,0
raw,3,79,303.59268243451328,374.29138185650027,6.761332282073842,False,False,0
raw,3,80,303.59428648647366,586.07187403430328,4.7965640649380381,False,False,0
raw,3,81,303.66081063981864,385.58387535167458,5.3956922567186414,False,False,0
raw,3,82,303.67199947592883,537.73624424177137,4.7957432586070752,False,False,0
raw,3,83,303.74567738144708,352.14899443279381,6.3633657174196916,False,False,0
raw,3,84,303.81547123863174,496.42448325458247,4.7702348724425168,False,False,0
raw,3,85,303.82598614310763,726.53925112596937,4.6529523386508354,False,False,0
raw,3,86,303.89806795666203,713.75475065554804,4.6785969356059267,False,False,0
raw,3,87,303.91940919449786,338.73595314972891,4.6816767912899326,False,False,0
raw,3,88,303.97934497519378,365.59620284485965,4.6152933781009979,False,False,0
raw,3,89,304.08473716144249,326.29526754943726,4.5732976613895655,False,False,0
raw,3,90,304.18543247386833,321.47103248142741,4.8980164059090834,False,False,0
raw,3,91,304.25515485503894,317.24297536934972,4.9690372402448615,False,False,0
raw,3,92,304.30627477345172,305.95166622026096,4.654031999857386,False,False,0
raw,3,93,304.46726172219155,296.40671185392171,5.0322125136793652,False,False,0
raw,3,94,304.57789774605715,295.40375189832247,5.0259084010074684,False,False,0
raw,3,95,304.67546328243856,241.63119076801974,7.7498681288578357,False,True,0.0093106726959341218
raw,3,96,304.68902387216269,240.27299108698094,6.8631232059776774,False,False,0
raw,3,97,304.8190829518071,270.50095373033491,5.3423933344417787,False,False,0
raw,3,98,304.86380158634773,273.7601565850951,5.2697332141357407,False,False,0
raw,3,99,304.9431107930294,266.9201153842738,5.3589733321522992,False,False,0
raw,3,100,305.02581519106786,261.43211399533027,6.0659197113698067,False,False,0
raw,3,101,305.10204413409372,177.35678740188678,7.2068759332051551,False,True,0.015145580098841371
raw,3,102,305.17710851182812,181.03211935438878,6.2522744549481137,False,False,0
raw,3,103,305.26934487496419,172.35976661054974,6.4800755731672526,False,False,0
raw,3,104,305.33446854246358,159.39671788632552,6.5125333544842912,False,True,0.0024044745515969662
raw,3,105,305.34448140413667,248.20608642607306,5.660216802988721,False,False,0
raw,3,106,305.42766121409835,156.38181569261269,6.4295466475108718,False,True,0.00016618329893649392
raw,3,107,305.57690681975322,148.07428161825715,6.595727295750442,False,True,0.0045244228311030477
raw,3,108,305.69581471434913,234.47211686157351,5.9252163314288975,False,False,0
raw,3,109,305.71918437588778,129.11406635005153,6.8447533677403367,False,True,0.01526978961815241
raw,3,110,305.8212875662141,130.38882452663893,6.6372604486292346,False,True,0.0085236649610313537
raw,3,111,305.89290500416922,227.85643220693476,5.8978251626341143,False,False,0
raw,3,112,306.02606079057693,124.65198393414937,6.9455836250515954,False,True,0.013890009021653549
raw,3,113,306.15584406707154,112.30771835317159,7.0920934099115041,False,True,0.019868431468434214
raw,3,114,306.16954999441168,220.43928868852936,5.9828145843286045,False,False,0
raw,3,115,306.51539039742835,95.47781609152139,6.9096892221430171,False,True,0.01851280251912131
raw,3,116,306.61048463041573,198.69906755600209,5.9969162011001869,False,False,0
raw,3,117,306.66979531982753,94.279134573152191,7.1190266802115598,False,True,0.018584389110965903
raw,3,118,306.8362416595192,75.401544705490323,7.2204092729549361,False,True,0.02554141940014425
raw,3,119,306.88558030049455,187.77826008428485,6.0880232270860599,False,False,0
raw,3,120,306.9816383364448,183.7369831376825,6.1129015059785239,False,False,0
raw,3,121,307.0488484667207,170.26888387811198,6.2893482799776299,False,False,0
raw,3,122,307.1691170680096,79.459466335025695,6.8009043802660614,False,True,0.020313220346912492
raw,3,123,307.24865846820592,166.97026939839986,6.3289863274246247,False,False,0
raw,3,124,307.29056942546066,64.244988695456414,7.0500750571353343,False,True,0.026280478402582692
raw,3,125,307.44011044228927,64.15583671905506,7.1695193466575891,False,True,0.026453986424899587
raw,3,126,307.51383661899212,61.563371692232295,6.9973546676633509,False,True,0.026129072635888578
raw,3,127,307.68883963629321,56.557794082963255,7.3714702428552377,False,True,0.032323317526874035
raw,3,128,307.73834809061481,1349.9174706986771,4.5245569607424239,False,False,0
raw,3,129,307.75160207548453,1334.791104479503,4.4476296831309217,False,False,0
raw,3,130,307.84667175607751,1338.2593899799513,4.3923206418545977,False,False,0
raw,3,131,307.86301882015078,1303.9426647488724,4.2911862222249342,False,False,0
raw,3,132,307.91800592226684,1280.6355089090439,4.4086833566111743,False,False,0
raw,3,133,307.94400023841013,1265.4572457225072,4.3106747910247742,False,False,0
raw,3,134,307.95605436273684,1292.5063357498179,4.2425131858039231,False,False,0
raw,3,135,307.96725470955033,1270.5741068253183,4.1490638578435375,False,False,0
raw,3,136,308.01181223753366,1244.3104833588332,4.2079626622795372,False,False,0
raw,3,137,308.0180342322646,1241.1845244887968,4.2055735892512631,False,False,0
raw,3,138,308.07728195942627,1214.3624502641842,4.0540610985892513,False,False,0
raw,3,139,308.10890049218659,1232.0094869510626,3.9406463483672911,False,False,0
raw,3,140,308.14167682012362,1230.1050989975208,3.9044968680717616,False,False,0
raw,3,141,308.19145272439704,1146.7456586274479,4.1741344838820345,False,False,0
raw,3,142,308.2663844108497,1122.3647557806819,4.1843005444625927,False,False,0
raw,3,143,308.28215190284919,1221.0199818429792,3.7619517882361508,False,False,0
raw,3,144,308.32598243046675,1089.5918512684877,4.0001962397766189,False,False,0
raw,3,145,308.36883865015926,1113.6013502613519,3.8161585200634653,False,False,0
raw,3,146,308.45088184303995,1074.174306909495,3.8962089825110415,False,False,0
raw,3,147,308.47798948785965,483.09909463117299,4.44128487654236,False,False,0
raw,3,148,308.4851822414887,1040.2247866928215,3.8495886060177984,False,False,0
raw,3,149,308.49565953076541,1076.0327771237212,3.679565052941665,False,False,0
raw,3,150,308.53023797808862,1023.6352153538825,3.8149679297878585,False,False,0
raw,3,151,308.58141259766802,1024.6345020733268,3.5636026184149974,False,False,0
raw,3,152,308.6240611634654,1042.7337975987696,3.3529470184262178,False,False,0
raw,3,153,308.69315740778285,1007.1651437289311,3.6324566195527037,False,False,0
raw,3,154,308.74967296602586,980.28752185950259,3.5639901074686686,False,False,0
raw,3,155,308.77577375020758,967.74668676288275,3.299673231163863,False,False,0
raw,3,156,308.90295544008904,995.36324087551134,3.0318519096682413,False,False,0
raw,3,157,308.91905435593048,956.95479957427096,3.1147916140219118,False,False,0
raw,3,158,308.93475640851403,631.77290099530876,3.5857969926756739,False,False,0
raw,3,159,308.93497512139942,895.92396125097412,3.4203467574245492,False,False,0
raw,3,160,308.9640623471351,488.55010253086982,4.2502721410890443,False,False,0
raw,3,161,309.01155971671136,660.78254206262238,3.4782394170522761,False,False,0
raw,3,162,309.06374563498412,926.76355400281773,2.9240314608163511,False,False,0
raw,3,163,309.09876519404469,812.13628947939947,3.253008933047925,False,False,0
raw,3,164,309.11587197149595,531.5034023064394,3.713134823804574,False,False,0
raw,3,165,309.18008180239087,385.36182443189108,4.2075612752577278,False,False,0
raw,3,166,309.23236634937348,235.15306928578667,3.8078218301476499,False,False,0
raw,3,167,309.25519443690121,805.95716428131766,3.2377260258788043,False,False,0
raw,3,168,309.28542143093273,505.64839484254196,3.4469425627006296,False,False,0
raw,3,169,309.30100633245377,808.55983656007072,3.0473175115674476,False,False,0
raw,3,170,309.33321333974726,639.22243895879467,3.2810858521395359,False,False,0
raw,3,171,309.35896883645296,564.96785066499103,3.0897773702197946,False,False,0
raw,3,172,309.38996775937591,683.12501332763247,2.9982318711452609,False,False,0
raw,3,173,309.41048488668321,767.37023264159836,2.9427350184032535,False,False,0
raw,3,174,309.42388265071327,641.3457391719171,2.9459120728702022,False,False,0
raw,3,175,309.47112470295053,705.83127804270396,2.9432508802742725,False,False,0
raw,3,176,309.5415809080576,751.8468185336493,2.7711800727540137,False,False,0
raw,3,177,309.58791243049961,163.16372329426508,3.5997654370340371,False,False,0
raw,3,178,309.64142621483973,601.57196854174549,2.7005866830407563,False,False,0
raw,3,179,309.65390379041594,459.98366481911256,2.7270239578076088,False,False,0
raw,3,180,309.66190398482212,787.6859646160583,2.5067869209701481,False,False,0
raw,3,181,309.66382921055396,824.11616425232273,2.4956351076302736,False,False,0
raw,3,182,309.73142327633803,572.35553727291835,2.6243889697404894,False,False,0
raw,3,183,309.79121275118769,803.94902195965824,2.4438747862277483,False,False,0
raw,3,184,309.80911629695726,330.17279593600642,2.6078277673232995,False,False,0
raw,3,185,309.83330963336408,684.0493651032981,2.4040044879129452,False,False,0
raw,3,186,309.93297974679683,249.91801350317434,2.567966515415891,False,False,0
raw,3,187,309.95766522462685,451.50338557794532,2.3676491172026579,False,False,0
raw,3,188,310.01469329104515,443.68222971422313,2.5305072499025703,False,False,0
raw,3,189,310.06584171314398,141.34415017314188,2.9156533359756351,False,False,0
raw,3,190,310.07210391247145,682.87934571915582,2.3208362962263038,False,False,0
raw,3,191,310.1381694141341,145.04789837233034,2.8401621554912948,False,False,0
raw,3,192,310.2075951380811,569.58858780310072,2.3005632090674242,False,False,0
raw,3,193,310.26333567566394,289.67228668405392,2.2742111037427684,False,False,0
raw,3,194,310.29024188862365,86.70227843635746,4.6896388473382755,False,False,0
raw,3,195,310.39907774032349,175.57503426232995,2.6774250492528049,False,False,0
raw,3,196,310.4514509995081,224.03922331709828,2.199416966332076,False,False,0
raw,3,197,310.48527857211769,470.2672481648367,2.1029889230188132,False,False,0
raw,3,198,310.57179181577396,194.45002816129971,2.1655327026423468,False,False,0
raw,3,199,310.62348501930842,137.99647158189282,2.3312242794501703,False,False,0
raw,3,200,310.64887662247361,80.606280752057728,4.4808183411283924,False,False,0
raw,3,201,310.67236080631301,280.87978091386077,2.1110453560395159,False,False,0
raw,3,202,310.68388269605106,147.10709323361255,2.2407344439075918,False,False,0
raw,3,203,310.74061832983654,276.85720697533623,2.0380622057003936,False,False,0
raw,3,204,310.80891027697641,229.1520131076843,1.9905590614708375,False,False,0
raw,3,205,310.91205473877693,208.18784796353611,1.9549920700001211,False,False,0
raw,3,206,310.96466497090432,122.6402939997796,4.1184628789304174,False,False,0
raw,3,207,310.99852672593278,204.31647505507721,1.9239499071511226,False,False,0
raw,3,208,311.05626957626765,118.73940974292361,2.144125315783417,False,False,0
raw,3,209,311.13516052637902,152.98915874130034,1.8949248654605286,False,False,0
raw,3,210,311.17814739942008,140.95010550902862,1.9176289923720926,False,False,0
raw,3,211,311.25833606735807,115.67113564421913,2.0548083795767624,False,False,0
raw,3,212,311.30327360993766,111.23432380775387,3.6953376840322387,False,False,0
raw,3,213,311.40253147384982,134.20443963962339,1.7959614861930921,False,False,0
raw,3,214,311.42138358047032,130.09609493004143,1.7948617290854729,False,False,0
raw,3,215,311.53064867351776,85.482738390189525,3.4894572776927202,False,False,0
raw,3,216,311.57411674549712,150.39994106941288,1.7633211112051113,False,False,0
raw,3,217,311.68677445772244,154.22904183785931,1.7432133811948169,False,False,0
raw,3,218,311.72051895055557,39.226219551720646,5.5826945245426431,False,True,0.013219747894315211
raw,3,219,311.80512561594804,32.761826047828094,5.7670545496084387,False,True,0.017750009033445618
raw,3,220,312.02383590471356,62.765618182535832,2.8369301820070443,False,False,0
raw,3,221,312.02773727788315,60.690797146500245,1.7172045860742866,False,False,0
raw,3,222,312.07598769969297,66.263135277316451,1.6036673627995137,False,False,0
raw,3,223,312.10741844971204,127.48320969305564,1.4786554517347597,False,False,0
raw,3,224,312.15495089274043,78.589096500714845,1.5587184965025811,False,False,0
raw,3,225,312.15530921738087,69.274709349879231,1.5086628567457172,False,False,0
raw,3,226,312.2038254552229,165.14175149326798,1.4760107214687315,False,False,0
raw,3,227,312.2211965633623,53.418500496669026,1.5587607455095887,False,False,0
raw,3,228,312.2840064112408,115.5594148396184,1.3830204117474985,False,False,0
raw,3,229,312.31447846665043,118.56708461629285,1.3115119451287516,False,False,0
raw,3,230,312.36136467091882,99.310615076419367,1.2584984834572843,False,False,0
raw,3,231,312.41791800675247,48.523523652624249,1.3724238394972907,False,False,0
raw,3,232,312.45578592259926,118.50938522721049,1.170097022534283,False,False,0
raw,3,233,312.46475454004025,40.960268898424374,1.657786958367379,False,False,0
raw,3,234,312.51785344028741,109.65654580910814,1.1322617573080587,False,False,0
raw,3,235,312.52947429602807,32.898050840653923,1.4345574417863522,False,False,0
raw,3,236,312.55919398270885,92.376813761231347,1.1132250403696293,False,False,0
raw,3,237,312.59355255006471,73.55961949296136,1.0761898429731707,False,False,0
raw,3,238,312.72608533810018,63.687944586307026,0.97356075403828513,False,False,0
raw,3,239,312.74220247168881,21.909760498430956,1.2163304173970824,False,False,0
raw,3,240,312.76513404220651,26.974648710038878,1.0212045471749569,False,False,0
raw,3,241,312.79208504277238,89.520124622407366,0.94221655470315913,False,False,0
raw,3,242,312.82497219284534,84.15177638202681,0.90680175246230643,False,False,0
raw,3,243,312.89441064756147,71.82030809023945,0.84567532410396673,False,False,0
raw,3,244,312.92603901290607,42.826846568132396,0.80673636581369923,False,False,0
raw,3,245,312.93091561240919,19.012059156989153,0.86865212121085111,False,False,0
raw,3,246,312.99615549771704,15.595980870082258,0.82290118103979459,False,False,0
raw,3,247,313.04427975942804,11.798481992869256,0.74404819084473672,False,False,0
raw,3,248,313.05557443347243,10.175777625833575,0.76911902391199138,False,False,0
raw,3,249,313.11762529105323,36.599267032858393,0.68980694854479108,False,False,0
raw,3,250,313.19274377819556,31.037484709726982,0.5514617510022175,False,False,0
raw,3,251,313.19571099163062,30.87840119456348,0.55139139571563245,False,False,0
raw,3,252,313.24151149611174,10.473958535918996,0.60811131612871705,False,False,0
raw,3,253,313.29842112736281,1.257882536746024,0.98152584486912087,False,True,0.0020228781849915799
raw,3,254,313.30197077853819,4.740206726602878,0.67628332960485071,False,False,0
raw,3,255,313.37968339448923,-1.2323853360114754,0.97179925432205305,True,True,0.0026957321347807969
raw,4,0,301.08866123084709,354.94728094922425,6.1283691932699353,False,True,0.07341675069555198
raw,4,1,301.17145209728449,329.65063212285384,5.8830021040760823,False,True,0.061860131147918926
raw,4,2,301.22687147698593,318.52838377525347,6.2303670502648645,False,True,0.076034631353721266
raw,4,3,301.27835091475481,304.54070130355296,6.1097881774601461,False,True,0.069983749150101873
raw,4,4,301.38383199210301,311.22980814955673,5.7350729105603646,False,True,0.045844956250966039
raw,4,5,301.54572135236941,275.92507280551092,5.5401561251877736,False,True,0.033584731966500407
raw,4,6,301.5783048605802,271.65057157660664,5.5952185626278048,False,True,0.034855244727840032
raw,4,7,301.63818424847574,265.31684540600361,5.6970212220692531,False,True,0.036958131547889031
raw,4,8,301.69365552397198,270.24685144197622,5.4671187324353001,False,True,0.022552858009921579
raw,4,9,301.80696489128286,255.64304719175254,5.389334587091037,False,True,0.014873627371185388
raw,4,10,301.85879067769554,241.78116128212025,5.4875573543375413,False,True,0.01857500598612781
raw,4,11,301.97872541754583,244.97495083794456,5.3688934862332625,False,True,0.0061933663722117394
raw,4,12,302.09214494622722,222.10376596627248,5.2756563520931055,False,True,0.0068812807932788628
raw,4,13,302.21434047971132,209.22465514367383,5.404265369146465,False,True,0.012751250468441971
raw,4,14,302.30290754656727,207.93837618830128,5.4119617641060795,False,True,0.011865084411249713
raw,4,15,302.3059128207907,202.90912056190541,5.4427268102733679,False,True,0.014530548641040947
raw,4,16,302.37559882433322,200.13427445969904,5.8599367866885377,False,True,0.024339747386243601
raw,4,17,302.38863841920664,198.29534172017367,5.7869620214197779,False,True,0.022952054669244853
raw,4,18,302.46225812772963,187.66351276867073,5.5738603610031525,False,True,0.020850190218258666
raw,4,19,302.5231272459929,180.63874827811435,5.7047852395618763,False,True,0.025566332880186615
raw,4,20,302.61871462132092,170.14524104602918,6.0392592260633515,False,True,0.035690777151115835
raw,4,21,302.68370940495168,166.64596321188111,5.9749702428852078,False,True,0.034473694049186057
raw,4,22,302.75133739510187,158.87920035051377,6.1941340086288941,False,True,0.041376327997068724
raw,4,23,302.80256578794678,155.18615444383494,6.2936173602953218,False,True,0.044211117458950455
raw,4,24,302.87447550272111,150.60393976908449,6.3880997555934629,False,True,0.046920514984642711
raw,4,25,302.95083764734005,145.70809221124875,6.4889434753215109,False,True,0.049821317918964408
raw,4,26,302.96276009736044,144.91576184997166,6.5090421938367609,False,True,0.050384568893196438
raw,4,27,302.97136780958914,143.32078066062121,6.4304226487570686,False,True,0.04908132919846972
raw,4,28,303.01738403048046,166.7447271491821,5.7054274880833722,False,True,0.022353128562796296
raw,4,29,303.08954500021486,140.5165862367449,6.3690094078386785,False,True,0.046703401897429178
raw,4,30,303.09806479419672,159.06080117379474,5.8111365260470276,False,True,0.026406790076468109
raw,4,31,303.12436198811497,134.35590893291237,6.6235908270497585,False,True,0.054352305254678143
raw,4,32,303.25268105947646,1996.8097710764557,5.1970394292297346,False,False,0
raw,4,33,303.28514607297905,150.96654900363802,5.9136340866483774,False,True,0.028656689719467429
raw,4,34,303.33910173494331,1977.4041723454129,5.2018198434428262,False,False,0
raw,4,35,303.36699371886573,2053.6240040344878,5.0652797739294142,False,False,0
raw,4,36,303.39396731442622,1929.06318973204,5.2345769204482782,False,False,0
raw,4,37,303.41712254926898,1893.815276104762,5.2623844269842621,False,False,0
raw,4,38,303.42957924099034,1875.6689224840402,5.2314012323546573,False,False,0
raw,4,39,303.4371957702661,2092.2862977922277,5.0123504932591034,False,False,0
raw,4,40,303.44830648328991,1914.3148356871609,5.1952981768497466,False,False,0
raw,4,41,303.45677364527603,1841.4146337499089,5.2494329566951237,False,False,0
raw,4,42,303.46204518001832,1841.5480755518113,5.2491642261957896,False,False,0
raw,4,43,303.47490468324105,1933.5739771785675,5.1827195646719453,False,False,0
raw,4,44,303.48427140592565,2056.5022870788453,5.0469389543637142,False,False,0
raw,4,45,303.49828835630979,1991.4016877640879,5.0847953181673802,False,False,0
raw,4,46,303.51445052499275,1894.6415218066466,5.2226481853885121,False,False,0
raw,4,47,303.5388955660124,1946.7421436461625,5.1778640920179999,False,False,0
raw,4,48,303.53969508876867,1954.0797854387074,5.1608904723014293,False,False,0
raw,4,49,303.56970454882668,2027.0945383586086,5.0491909546471136,False,False,0
raw,4,50,303.5792471494666,2033.7283715691858,5.0476337418555968,False,False,0
raw,4,51,303.58707868942724,2006.9235234238652,5.0627295462061159,False,False,0
raw,4,52,303.58840779905148,115.10624531770611,6.7829407777296558,False,True,0.057440333477486158
raw,4,53,303.6754170860217,166.8462484702149,5.6721037583908727,False,True,0.0098320097461047501
raw,4,54,303.69713129173317,125.87056190268947,6.1785231871742932,False,True,0.03742152038198146
raw,4,55,303.73910218160796,121.34563989567619,6.251711233457212,False,True,0.040156383448543137
raw,4,56,303.7970663086025,1974.2076253516814,5.1253358063807219,False,False,0
raw,4,57,303.8379295785291,141.36970207052502,5.7771812873537742,False,True,0.019554773896614572
raw,4,58,303.90169652863142,107.31355239489392,7.8717150205860742,False,True,0.079785244164235589
raw,4,59,303.90182335914858,107.2887660829208,7.8713728949356128,False,True,0.079784759436603764
raw,4,60,303.9544331732983,123.31264601874398,6.0742873277373821,False,True,0.031491485672978853
raw,4,61,304.02554195131967,98.493728908420735,7.3978509607681842,False,True,0.070321815714220151
raw,4,62,304.05374339445478,120.79302827545757,6.0699357022234288,False,True,0.030634639740003466
raw,4,63,304.16426180220742,85.642528292830775,7.4806057289699002,False,True,0.074892893086710183
raw,4,64,304.20445262642943,112.49784229357579,6.1552683647061457,False,True,0.033222263510418321
raw,4,65,304.35226042258557,92.509482435053087,6.8177653388779591,False,True,0.053695957719659987
raw,4,66,304.38068852678191,94.312962177428062,6.7036433524035894,False,True,0.049867320740860005
raw,4,67,304.43477118380031,77.041542280818931,7.2343239166910021,False,True,0.067918810140784269
raw,4,68,304.51293171207095,91.464149577092257,6.6719803610699335,False,True,0.047934115586156956
raw,4,69,304.5577587312647,71.648822579416333,7.3563906155477454,False,True,0.070671709701121202
raw,4,70,304.6547484025578,383.37089314581198,5.244835068222355,False,False,0
raw,4,71,304.67023734637303,86.206034148626941,6.5992153771972086,False,True,0.045585617642581261
raw,4,72,304.68696201239715,381.98803339132701,5.1193639876721493,False,False,0
raw,4,73,304.76326346684067,71.446902326688132,7.2822227517514628,False,True,0.065403362261596071
raw,4,74,304.84296131398219,73.709327616725545,6.888353515747097,False,True,0.054107774008789702
raw,4,75,304.87540438234623,66.968600382623322,6.9644107162019493,False,True,0.05796700938376452
raw,4,76,304.95994611932139,67.767907335223413,6.850052920729051,False,True,0.053536473321912678
raw,4,77,304.98649175726524,61.951129576578865,7.3840116897036587,False,True,0.067555743323250567
raw,4,78,305.10398606158316,61.41601419917788,7.1054640569287626,False,True,0.059335409875249864
raw,4,79,305.15596010334741,56.524602569792705,7.1038743935417816,False,True,0.060336588088200083
raw,4,80,305.22156123848481,61.969143230318878,6.9326064793394435,False,True,0.053083286413177
raw,4,81,305.31901021432031,51.821792695526028,7.1312216755364499,False,True,0.059942312447206256
raw,4,82,305.3925347656234,51.810759002764485,8.0658251607158284,False,True,0.079916726498242247
raw,4,83,305.41251148125315,51.559192610428909,8.0880154728814517,False,True,0.080167090086015663
raw,4,84,305.53891198753325,45.55980133949663,7.2155356484513806,False,True,0.060458172228339588
raw,4,85,305.5750412171185,49.815050353264269,7.0647261042767555,False,True,0.05467299628332338
raw,4,86,305.61611618351259,41.897368795332568,7.6583086232813553,False,True,0.070634216208184913
raw,4,87,305.72873245082576,38.947936218951327,7.4359797579051872,False,True,0.064749801957610764
raw,4,88,305.86380413445841,36.770872707216768,7.8195109351332146,False,True,0.071950026005125123
raw,4,89,305.87935134921526,35.387123072969985,7.5899458625945826,False,True,0.067001562494699379
raw,4,90,305.99924800922179,33.807879152220607,7.7991619906866658,False,True,0.070263239569250319
raw,4,91,306.04625622523366,33.808847148006294,7.7340098124886492,False,True,0.067942057924806593
raw,4,92,306.09493719179386,31.958421746886302,7.7479707697963551,False,True,0.068135447531656901
raw,4,93,306.12907645104235,30.220178814632391,7.5609945404501611,False,True,0.063967770852677713
raw,4,94,306.28749641106117,1491.7742517707256,5.0730200747147407,False,False,0
raw,4,95,306.31633532136453,28.212390375034374,7.9500105830260068,False,True,0.070295320921213073
raw,4,96,306.34059317303121,1450.3247557449724,5.0520518438413244,False,False,0
raw,4,97,306.38920471430833,26.747079443539064,7.9288432048073121,False,True,0.069103445107766837
raw,4,98,306.39453681532626,1471.236134113718,5.0258938035321759,False,False,0
raw,4,99,306.55122976517305,1538.9300097295784,4.9730963015385505,False,False,0
raw,4,100,306.58141895737577,1399.2490243495911,4.9370126347188101,False,False,0
raw,4,101,306.63673779404888,1384.9910913152266,4.9070162665220742,False,False,0
raw,4,102,306.65982714209406,1380.1442113081321,4.8936542073026272,False,False,0
raw,4,103,306.66887016860278,1314.935258587514,4.916551487299575,False,False,0
raw,4,104,306.72332492302274,1521.0745105430233,4.8837681846113883,False,False,0
raw,4,105,306.73302971380457,1467.4652600855293,4.850335818028138,False,False,0
raw,4,106,306.7657153902598,1439.5599911388024,4.8282818964997327,False,False,0
raw,4,107,306.81307690470476,1420.9874675582419,4.8045867831519988,False,False,0
raw,4,108,306.82710959039923,19.892721029144127,7.6386907670927453,False,True,0.057447628271618791
raw,4,109,306.88204549111242,1407.1149470434568,4.7340030314750408,False,False,0
raw,4,110,306.9108279006,1389.4916265920801,4.7183462006090879,False,False,0
raw,4,111,306.98486154986756,1142.8297161102828,4.7881236442022228,False,False,0
raw,4,112,307.00278327532118,1355.268059445986,4.6269115791819964,False,False,0
raw,4,113,307.02121785718248,1339.2302984219741,4.5857399410521573,False,False,0
raw,4,114,307.07207678395145,1295.8721427648461,4.633151159952984,False,False,0
raw,4,115,307.10574922610664,1193.0058437746984,4.5936843279521833,False,False,0
raw,4,116,307.13214908350983,1368.5619786779239,4.4888556339109078,False,False,0
raw,4,117,307.15763713595641,1232.6647369839659,4.4509677677584953,False,False,0
raw,4,118,307.19819478965331,1011.2125526866641,4.7667208415440818,False,False,0
raw,4,119,307.23531274057785,1222.4158914006402,4.3458936188124051,False,False,0
raw,4,120,307.25253037501346,979.66726846007407,4.9586337708326154,False,False,0
raw,4,121,307.25656164245845,1214.0129409253864,4.405368760893972,False,False,0
raw,4,122,307.27570830241115,1277.965977551311,4.3310682491858925,False,False,0
raw,4,123,307.28753650528211,1278.2174703099486,4.2756414792820054,False,False,0
raw,4,124,307.30242284848936,1114.0032394439384,4.7450393643584068,False,False,0
raw,4,125,307.30361905874435,985.93685912324395,4.6697166381475288,False,False,0
raw,4,126,307.33395551750198,1260.2638032339084,4.2247976377254082,False,False,0
raw,4,127,307.35389025330113,1181.1576204968278,4.2391112756672795,False,False,0
raw,4,128,307.36999648174492,1095.0808511555017,4.3321447814120981,False,False,0
raw,4,129,307.40860563635255,1170.8500800893828,4.1765256284584806,False,False,0
raw,4,130,307.42006241458944,17.161967204462485,8.4124607675945189,False,True,0.073703871071458385
raw,4,131,307.42272190926474,901.74757213868361,4.7054454778267383,False,False,0
raw,4,132,307.43432728306936,1129.2150185835364,4.1673567067156867,False,False,0
raw,4,133,307.5010122722918,1109.224147699073,4.1246991914210227,False,False,0
raw,4,134,307.56260852966346,24.734341825510342,7.029279976745884,False,True,0.041643119375067067
raw,4,135,307.6007480872662,1070.5378293412741,4.4644605100804515,False,False,0
raw,4,136,307.60150428988641,1039.2322614758916,4.1734816083158268,False,False,0
raw,4,137,307.64289333144086,1080.3442402254391,4.1114517799732306,False,False,0
raw,4,138,307.64748410068864,995.81028721959797,4.1905476891541849,False,False,0
raw,4,139,307.66730939038143,1148.4657876402193,3.9181095073725585,False,False,0
raw,4,140,307.7166545549137,1023.4782884616207,3.9809098824896703,False,False,0
raw,4,141,307.75635265973835,1130.9948439718532,3.8725565831407978,False,False,0
raw,4,142,307.77043585758162,950.26001692976911,4.3850669059282854,False,False,0
raw,4,143,307.805814915886,936.3152583492722,4.298923669956932,False,False,0
raw,4,144,307.82419772050179,880.63101915344271,4.6147166057034976,False,False,0
raw,4,145,307.87755483909581,1011.1253670425015,3.893587286153112,False,False,0
raw,4,146,307.91382675661328,824.6758041690714,4.5575999956861937,False,False,0
raw,4,147,308.00919219780474,1063.497911396516,3.7287267154633819,False,False,0
raw,4,148,308.02728339064902,1054.6438866724707,3.7570855677388701,False,False,0
raw,4,149,308.05359135734477,987.98122480719462,3.682815062236251,False,False,0
raw,4,150,308.07065923361347,812.06401046582528,4.2336925369556901,False,False,0
raw,4,151,308.09556179330281,623.61690311243387,4.532388408192177,False,False,0
raw,4,152,308.13320106314796,1005.3976885511561,3.5792992974805906,False,False,0
raw,4,153,308.16348403915498,949.06597015850036,3.679250745698937,False,False,0
raw,4,154,308.18298602960277,1037.6877699046804,3.5166442941233362,False,False,0
raw,4,155,308.24091701765059,737.831845392368,4.1047371671256538,False,False,0
raw,4,156,308.31757154251227,714.55773497116661,4.0210064444917002,False,False,0
raw,4,157,308.36708994596569,921.46682282682082,3.5390456776929407,False,False,0
raw,4,158,308.38275381806562,619.06369493916259,4.135505234865148,False,False,0
raw,4,159,308.44491073503281,725.01270920689024,3.8219073336480096,False,False,0
raw,4,160,308.46462689264803,743.46059183751208,3.784548073100809,False,False,0
raw,4,161,308.47243079488624,139.87457770764092,5.3347431905192693,False,False,0
raw,4,162,308.47249528073905,707.55681321691952,3.7968932812565872,False,False,0
raw,4,163,308.50146779207483,680.07606466438085,3.8100993575680384,False,False,0
raw,4,164,308.53497520852932,673.51308094648959,3.8425870671966935,False,False,0
raw,4,165,308.57823309456421,919.53681004107079,3.2544187608706143,False,False,0
raw,4,166,308.59418507485668,780.75926707939459,3.479769057499182,False,False,0
raw,4,167,308.64685476863889,750.89273018879885,3.423840833671929,False,False,0
raw,4,168,308.72280596660789,712.50796118797689,3.3772706623704241,False,False,0
raw,4,169,308.7617856316192,801.94750711375377,3.3590692831080053,False,False,0
raw,4,170,308.76213188667577,605.58546101338584,3.6087623437394454,False,False,0
raw,4,171,308.7631195957523,841.00828672958642,3.1933214923106772,False,False,0
raw,4,172,308.81541866628766,774.75772688156314,3.1226762150037972,False,False,0
raw,4,173,308.81830807006912,668.16035681545918,3.3444304238896487,False,False,0
raw,4,174,308.86313834439841,585.38980611855129,3.4531960634351662,False,False,0
raw,4,175,308.88791137956503,635.46984298390339,3.2423963900508976,False,False,0
raw,4,176,308.8976621098094,764.33550839816075,3.0197931400417146,False,False,0
raw,4,177,308.95731921437908,593.85561755672904,3.3950275547139914,False,False,0
raw,4,178,308.99047170031088,567.62232276273073,3.2406566224193316,False,False,0
raw,4,179,309.06256163759247,555.51661005891299,3.1042590517959101,False,False,0
raw,4,180,309.08662273477216,793.29416716725382,2.9621259865328109,False,False,0
raw,4,181,309.12630840328774,539.05013791341401,3.0054111124201719,False,False,0
raw,4,182,309.18357754101663,369.54529191625613,3.3506215629175786,False,False,0
raw,4,183,309.23346388793703,537.90082187619521,2.7458944871298576,False,False,0
raw,4,184,309.26836958105434,939.96176231104346,2.7124133404999022,False,False,0
raw,4,185,309.3355590336356,784.27994560578964,2.6806084466966738,False,False,0
raw,4,186,309.36214717357853,483.64847384101449,2.6479224888886073,False,False,0
raw,4,187,309.40476663670313,528.74550345955345,2.5368821251252416,False,False,0
raw,4,188,309.49703237501205,343.09141744392588,2.8191453768375427,False,False,0
raw,4,189,309.53084161470639,352.32059305575564,2.8032038962675339,False,False,0
raw,4,190,309.54344844569715,433.62914175650133,2.4708058907034576,False,False,0
raw,4,191,309.59369662686703,477.06665336301967,2.3899585189521346,False,False,0
raw,4,192,309.61443085386225,463.65013786825193,2.3737700803109099,False,False,0
raw,4,193,309.68652002052863,448.07569376491028,2.3305977816995642,False,False,0
raw,4,194,309.76775420710675,12.47853930809049,6.7411999975215799,False,True,0.040368509422536107
raw,4,195,309.83511735548473,376.17051635296485,2.2594750898214868,False,False,0
raw,4,196,309.88997537690273,379.52279456225085,2.2393306353944458,False,False,0
raw,4,197,310.01260890972219,345.44521014878808,2.2008132635974427,False,False,0
raw,4,198,310.03181781028485,412.37675034787071,2.190465883431282,False,False,0
raw,4,199,310.05270413897091,399.12662681783888,2.1198169053501692,False,False,0
raw,4,200,310.13733944563393,337.19730322456525,2.077900901842578,False,False,0
raw,4,201,310.17551147436649,253.30458900451566,2.4585551175736806,False,False,0
raw,4,202,310.28355146466896,97.538587505086184,2.895696699618012,False,False,0
raw,4,203,310.32118449176863,318.77094487538216,2.0217511181038814,False,False,0
raw,4,204,310.41804668349886,360.1444775083487,1.9695175933658904,False,False,0
raw,4,205,310.43871417934838,173.3673381744677,2.699484375134138,False,False,0
raw,4,206,310.5644934339461,316.92446979389484,1.8899861673013421,False,False,0
raw,4,207,310.62902066096893,238.23407422038383,1.847313341626533,False,False,0
raw,4,208,310.65656553501833,225.6110417052912,1.8470806058351528,False,False,0
raw,4,209,310.70185453018871,515.34496289117294,1.4805686449084998,False,False,0
raw,4,210,310.72666934453861,232.06555004315175,1.8097133538579087,False,False,0
raw,4,211,310.75576141470447,504.11694137204114,1.4334119755405217,False,False,0
raw,4,212,310.77898995249035,494.58159710245604,1.408244113496206,False,False,0
raw,4,213,310.81714570906189,227.29581851429003,1.733782523377311,False,False,0
raw,4,214,310.83672480071061,200.4647497580508,1.776436670340809,False,False,0
raw,4,215,310.88019877683786,488.88020170651396,1.3055792500500267,False,False,0
raw,4,216,310.92936894093356,469.1286069624669,1.369257262720371,False,False,0
raw,4,217,310.99137309456523,214.56413880768207,1.6519195576706549,False,False,0
raw,4,218,310.99488435706434,459.88907765455212,1.3454276233189066,False,False,0
raw,4,219,311.0065516549181,440.19350113873384,1.200333967060744,False,False,0
raw,4,220,311.07424253813628,438.26852122263205,1.1852843691702502,False,False,0
raw,4,221,311.11992052163487,429.53502275378014,1.1778780513161387,False,False,0
raw,4,222,311.18683891884524,375.08359189696364,1.1339943425043018,False,False,0
raw,4,223,311.26556380646957,71.158178092949129,2.1460179551153815,False,False,0
raw,4,224,311.31796605737566,68.159444645937924,1.7062174731551858,False,False,0
raw,4,225,311.39358773164173,328.28197259382154,1.1346929398163228,False,False,0
raw,4,226,311.46882589896148,301.3577658568085,1.04444801009108,False,False,0
raw,4,227,311.62984092645041,288.87889594893943,1.0323234647012631,False,False,0
raw,4,228,311.67755321800644,92.761698828718067,1.2398329042866942,False,False,0
raw,4,229,311.73808908091451,44.907680163379041,1.5775760295960426,False,False,0
raw,4,230,311.79626490821659,78.65564565508646,1.1485206258521714,False,False,0
raw,4,231,311.83823889099585,46.968657234188186,1.5540022099967086,False,False,0
raw,4,232,311.86627756354227,252.42201390698244,0.95514898075434918,False,False,0
raw,4,233,312.03782830940492,40.137696493734211,0.83224058225210396,False,False,0
raw,4,234,312.1959721627818,27.334586910140615,0.8056534903678525,False,False,0
raw,4,235,312.23871370871512,23.529472843507961,0.73277285735860875,False,True,0.0015385759186741996
raw,4,236,312.30439768335089,20.161940360893482,0.74205800308398473,False,True,0.00069175191502970218
raw,4,237,312.40526186429571,16.443806279613796,1.0304043787020865,False,True,0.00087580433415420733
raw,4,238,312.61458412568351,12.352359671360091,0.6413405849591598,False,True,0.0011770171065454849
raw,4,239,312.74947399879346,9.5961374047820982,0.67912542988509284,False,True,0.00077992760217708589
raw,4,240,312.77163705042909,17.611581492993309,0.59447599937310347,False,False,0
raw,4,241,312.82866591384305,7.5715881043672653,0.58635342176479455,False,True,0.00093310332784694232
raw,4,242,312.93630268211268,7.0202238058886905,0.52416702477778365,False,True,0.0013756779751190572
raw,4,243,313.03311442410353,7.562360063654296,0.497493673824283,False,True,0.00027597359442151905
raw,4,244,313.06470740765906,10.094337993698559,0.4950118815440625,False,False,0
raw,4,245,313.12505160384865,8.8192843271334596,0.45890504640178342,False,False,0
raw,4,246,313.22976498446792,1.505033147295876,0.88569971289295513,False,True,0.0018456497023556888
raw,4,247,313.28254707330393,-0.45738613636456193,0.88520302154444774,True,True,0.0024515015113986266
raw,4,248,313.49119165611978,-4.2573492201952376,1.2529307334400412,True,True,0.0045781044710366606
raw,4,249,313.57559191981903,-6.4060758361649732,1.6181062296581237,True,True,0.0065255591665843906
raw,4,250,313.71348880526239,-9.8517041583818354,2.0913182718492083,True,True,0.0092079156081478607
raw,4,251,313.89252678204798,-13.030423292767068,2.2368108627702306,True,True,0.010347816296492902
raw,4,252,313.90067521523366,-10.838523912545497,2.0540740581929047,True,True,0.0086829765881756022
raw,4,253,314.01138291740676,-11.809252830116748,2.1861931302864437,True,True,0.0091262619318809909
raw,4,254,314.04630833074617,-16.200960496283983,2.5979599640540756,True,True,0.012416842868443898
raw,4,255,314.10185629746661,-14.638571839443671,2.4618543581389791,True,True,0.010994700386934928
raw,5,0,302.01243639807495,308.69911005914025,5.4345035421924752,False,False,0
raw,5,1,302.06386661602602,295.78909161938162,5.2562691259440806,False,False,0
raw,5,2,302.08712200664678,290.47753000907937,5.2027658810577018,False,False,0
raw,5,3,302.12865265210979,275.32149456411673,5.4479735704732795,False,False,0
raw,5,4,302.17310613714898,281.43214447521103,5.1279101084261089,False,False,0
raw,5,5,302.26656245539442,250.88821318602788,5.5883577240497955,False,False,0
raw,5,6,302.33226818686973,247.63238113018951,5.3175837296533652,False,False,0
raw,5,7,302.36823359924784,239.14519971117966,5.435984671876831,False,False,0
raw,5,8,302.47161674806023,228.62767488278621,5.5233445492562057,False,True,0.0030921244713193047
raw,5,9,302.59709897488733,222.80238104257859,5.5245862335882698,False,True,0.0032231756176380327
raw,5,10,302.65244409957546,215.26238624357876,5.6220326691325697,False,True,0.007482248339658909
raw,5,11,302.70354786324373,211.15938623345409,5.7380206929505757,False,True,0.010859584682438334
raw,5,12,302.72865032415075,229.20274836757301,5.4548553335229961,False,False,0
raw,5,13,302.89949066766872,202.08141684214536,5.7243812971126617,False,True,0.010702167444874261
raw,5,14,302.90368541278389,319.87594580052723,5.0732930580521423,False,False,0
raw,5,15,302.92441749418663,199.0492710553894,5.792374353740791,False,True,0.013023222194089912
raw,5,16,303.00604400122558,304.74340906280423,5.0376924593694659,False,False,0
raw,5,17,303.04991981261259,321.92042592190558,4.9879345267404425,False,False,0
raw,5,18,303.0761798252251,1986.0758503234074,4.6527053987169378,False,False,0
raw,5,19,303.10008559876763,1961.473867954669,4.4834707825744253,False,False,0
raw,5,20,303.10655380307139,1941.6966615807264,4.3987019581709079,False,False,0
raw,5,21,303.11142150912991,310.44585822359517,4.9216981738299843,False,False,0
raw,5,22,303.13173920134471,2035.9973747546255,3.8664220556888691,False,False,0
raw,5,23,303.14024913467182,2007.6877219540006,3.7870822550810037,False,False,0
raw,5,24,303.14993580203094,2000.5472292826539,3.7468477319077911,False,False,0
raw,5,25,303.17600759771716,1871.5336809458709,4.08217830183637,False,False,0
raw,5,26,303.20327281711189,180.85213958148546,6.1299482601066018,False,True,0.023045559755930797
raw,5,27,303.21949827358776,180.20358455263624,6.4425183793294467,False,True,0.030133643767598625
raw,5,28,303.24966419776786,1908.9873333650125,3.9606853327232789,False,False,0
raw,5,29,303.28929390522393,1831.8535339279042,4.0122546039007325,False,False,0
raw,5,30,303.29233413796874,1855.8047176441178,3.9189671790474354,False,False,0
raw,5,31,303.31522496322913,1769.5941522571093,4.813210215555662,False,False,0
raw,5,32,303.3261948370473,173.70038196425907,6.5215429162612573,False,True,0.032642421773953115
raw,5,33,303.36823871551246,1920.0369841941529,3.8463138615375563,False,False,0
raw,5,34,303.37301723725562,173.31698993612571,6.4294103787766961,False,True,0.029864507801416987
raw,5,35,303.37411205059345,1742.5877575651198,4.5729951478472977,False,False,0
raw,5,36,303.39221858505601,1893.3104431428051,3.5314684549942763,False,False,0
raw,5,37,303.4042647886273,1741.1350943866346,4.7103351188916776,False,False,0
raw,5,38,303.45039221156895,1802.9902692930536,4.2843860937380747,False,False,0
raw,5,39,303.50856480131364,1691.8011106906474,4.6354181638031076,False,False,0
raw,5,40,303.51530116682324,1785.4053858880388,4.1414107397176867,False,False,0
raw,5,41,303.5239725859247,1687.6887478005378,4.6342931288929137,False,False,0
raw,5,42,303.55890312087513,1605.1723899315664,4.7356298522837719,False,False,0
raw,5,43,303.56118214053078,1715.7794217175951,4.5476146951556737,False,False,0
raw,5,44,303.56213733237587,162.92587275979361,6.7363098593561306,False,True,0.037653910666610474
raw,5,45,303.64671809590124,298.0327666910149,4.8383620236427181,False,False,0
raw,5,46,303.66575581896507,1816.0626067348321,3.6291196744030283,False,False,0
raw,5,47,303.70325657584374,1698.8570402479568,4.3218526320505077,False,False,0
raw,5,48,303.76364956921992,152.85245564197487,6.6793017366133487,False,True,0.036809363786346791
raw,5,49,303.80817790028436,1604.3643084501889,4.7665724018350986,False,False,0
raw,5,50,303.8155248500172,1775.4324769432651,3.5194442542510611,False,False,0
raw,5,51,303.87852688659359,1765.5541351138986,3.580572070456868,False,False,0
raw,5,52,303.89169759467796,293.0874848794283,4.8705301981813136,False,False,0
raw,5,53,303.95168696794184,1723.1817955990728,3.9049338172004182,False,False,0
raw,5,54,304.05641331925619,262.71778485990757,5.2686504512412435,False,False,0
raw,5,55,304.07402141558129,257.88182784590884,5.1517923421889504,False,False,0
raw,5,56,304.09557999959713,265.7783624013511,5.102709193628554,False,False,0
raw,5,57,304.15578411643185,139.11147003627343,7.2130243476853231,False,True,0.047491392451017606
raw,5,58,304.23340166029709,136.62752251054337,7.3102082997531035,False,True,0.049318475994652458
raw,5,59,304.29071768707763,1666.8441734648914,4.4703006888721983,False,False,0
raw,5,60,304.30221487432743,1149.0039414839046,4.6470041471489463,False,False,0
raw,5,61,304.43755393427443,133.35152210648289,7.1650708456689216,False,True,0.043692134330325635
raw,5,62,304.51269470509152,136.98920119222487,6.8514534072679236,False,True,0.033752984202493078
raw,5,63,304.58162308438034,161.42843746466497,6.0782733611435855,False,True,0.0051120479035778599
raw,5,64,304.65451057744673,164.1948319450396,5.955388505184005,False,True,0.0019927416700993936
raw,5,65,304.75544707997869,153.54906819015486,6.2394645232181807,False,True,0.0088482329201635956
raw,5,66,304.81167005761057,1636.2246569410534,4.205258603281254,False,False,0
raw,5,67,304.82522248138457,148.48845295474439,6.3446672867740732,False,True,0.012031746486471498
raw,5,68,304.87448687705904,193.04592930408052,5.5698034386990445,False,False,0
raw,5,69,304.94644394194722,126.70814319386875,8.2087872232554595,False,True,0.061057605437929582
raw,5,70,304.95359319746649,126.53528718862469,8.2035820927907217,False,True,0.060881117450846602
raw,5,71,305.01118448789009,117.43103550355386,7.07662526462396,False,True,0.037849954042702139
raw,5,72,305.06811453997813,1576.7964404464642,4.4358358401366313,False,False,0
raw,5,73,305.19128056111697,109.88556832312668,7.8790329223122333,False,True,0.055940054265036621
raw,5,74,305.19784432633497,111.38793810788786,7.4840730493303766,False,True,0.04622743358520167
raw,5,75,305.2195336757606,1615.6365750974003,4.2351855163445418,False,False,0
raw,5,76,305.22854461232237,108.02824342881524,7.5422505270078961,False,True,0.048353620564137098
raw,5,77,305.25801211004199,141.885737884474,6.3837471407035489,False,True,0.0078622349829659821
raw,5,78,305.26156566797431,1598.176669785295,4.162998980639121,False,False,0
raw,5,79,305.33864041099645,1585.9851117973253,4.1563052586763067,False,False,0
raw,5,80,305.36457997276864,125.54738710613503,6.7858798481741429,False,True,0.021677440690862138
raw,5,81,305.36602890011528,1554.6800959612901,4.2555995531230417,False,False,0
raw,5,82,305.39773785536499,1532.4070258345459,4.4998980316633492,False,False,0
raw,5,83,305.41222416568655,1517.0038288621772,4.4823256322930334,False,False,0
raw,5,84,305.48099123023354,104.94622538535339,7.7618751434860229,False,True,0.050094300419409994
raw,5,85,305.49110094152167,104.9070875667685,7.6655410732821396,False,True,0.047736523147563992
raw,5,86,305.52428787143026,1489.370075125737,4.4670771192697707,False,False,0
raw,5,87,305.55765375561941,134.08891175321241,6.5582808516573534,False,True,0.0096278756317967756
raw,5,88,305.61078300820299,103.63267436365288,7.7136441586388251,False,True,0.047211345893924693
raw,5,89,305.67413244365395,103.33473666643806,7.9493095012896511,False,True,0.051568261402345342
raw,5,90,305.71387773622655,101.82490227450035,8.0689079302610924,False,True,0.054189351355167427
raw,5,91,305.73958373201776,99.756723247084665,7.5992114132085549,False,True,0.043867151067185015
raw,5,92,305.79858797457302,110.49805261414429,7.0217247922746235,False,True,0.025356402665386857
raw,5,93,305.86887943249644,1426.6897598705618,4.3568809106826922,False,False,0
raw,5,94,305.9446678839987,1408.2122817452562,4.4736847838000315,False,False,0
raw,5,95,305.94900330956284,97.97508551032206,7.9867062438478689,False,True,0.049674546584472921
raw,5,96,305.9851001679562,1396.426671563479,4.3902888128882047,False,False,0
raw,5,97,306.07625717488213,96.961041969588678,8.0189625348739568,False,True,0.048549180482257162
raw,5,98,306.08572023866975,1507.075603749814,4.0263799333574894,False,False,0
raw,5,99,306.14031353280876,95.220324974740038,7.9055413353301569,False,True,0.045524330319890949
raw,5,100,306.17426678034934,1381.2741286221899,4.3120550863534932,False,False,0
raw,5,101,306.21980733830674,1486.8023173038303,3.9962570556145534,False,False,0
raw,5,102,306.2946918455433,104.96151153006758,6.9018810568378441,False,True,0.016217265707693371
raw,5,103,306.3172484345302,1300.9824143259282,4.6071185463184525,False,False,0
raw,5,104,306.34764264117405,1321.7979881723277,4.381815511827738,False,False,0
raw,5,105,306.40344324785946,1316.2503391726277,4.3500640109477153,False,False,0
raw,5,106,306.45948789924944,1258.3124442869043,4.5910460608486101,False,False,0
raw,5,107,306.49142245426594,1284.549790539696,4.5544106988688036,False,False,0
raw,5,108,306.49710113908554,1484.9413321649308,3.9426763568349563,False,False,0
raw,5,109,306.5256128625615,1449.354052737863,3.9157533782651517,False,False,0
raw,5,110,306.53862956121219,1331.6743239210141,4.1420007054779839,False,False,0
raw,5,111,306.63893760586961,1273.3835408077491,4.3017702222789325,False,False,0
raw,5,112,306.67328893471455,91.342337511377764,7.8180516406342138,False,True,0.035594790163562276
raw,5,113,306.70853261444682,89.380107281876008,7.8049747115935091,False,True,0.035456796488685056
raw,5,114,306.79491048496982,1392.4509245366473,3.8307277797699584,False,False,0
raw,5,115,306.871668785542,1295.3768009252549,3.8812791801838098,False,False,0
raw,5,116,306.92403895549393,1349.0406992428318,3.7487668550438769,False,False,0
raw,5,117,306.92517918012373,1341.1885677149155,3.743351375885247,False,False,0
raw,5,118,306.98616135893587,1264.4793069869365,3.8160451544650194,False,False,0
raw,5,119,307.04116621879967,1230.2069892471477,3.9719771037575224,False,False,0
raw,5,120,307.0524864660257,1239.9206704312205,3.7955788516566882,False,False,0
raw,5,121,307.11229420224242,1181.9043592613998,4.0646551648150737,False,False,0
raw,5,122,307.17011250951714,1209.2309947977828,3.6054885671694614,False,False,0
raw,5,123,307.23216542907198,1143.8006312278967,3.8254679782937555,False,False,0
raw,5,124,307.25349052634891,1132.9913788021663,3.8197212312025202,False,False,0
raw,5,125,307.30101558232019,1109.2408091160491,3.7540832049693744,False,False,0
raw,5,126,307.30864201051719,1214.1209901437085,3.3380201137139549,False,False,0
raw,5,127,307.3199533093366,1123.6552111646047,3.3016425020362479,False,False,0
raw,5,128,307.33151824009974,1100.6734329362596,3.2582351252249473,False,False,0
raw,5,129,307.35304296229015,1078.7067002408535,3.3261232842270525,False,False,0
raw,5,130,307.35313917730036,1086.7562435674258,3.2172019687011133,False,False,0
raw,5,131,307.38545483983404,1046.286574881618,3.1955242525049901,False,False,0
raw,5,132,307.40196562603381,1038.7860868451264,3.1387570203643484,False,False,0
raw,5,133,307.42690623881151,1061.2751811842036,2.952417757152427,False,False,0
raw,5,134,307.42980145280171,1017.9138870234057,3.4874516224842744,False,False,0
raw,5,135,307.48716713219494,968.56356734741371,3.1051268357731261,False,False,0
raw,5,136,307.49224578545244,1004.3671122345911,3.0053802708480331,False,False,0
raw,5,137,307.51355293005503,993.17221340380547,2.9623418656401594,False,False,0
raw,5,138,307.51872963597157,975.2785104135578,2.9085902419835898,False,False,0
raw,5,139,307.55823603866838,953.09936527503282,3.7090594094844307,False,False,0
raw,5,140,307.58116720452801,932.82903177617789,2.838036560151302,False,False,0
raw,5,141,307.60027519594553,949.88788018741957,2.6918945313681029,False,False,0
raw,5,142,307.65304587769776,893.55149072600784,2.9359931643304242,False,False,0
raw,5,143,307.68660175790967,82.873473956477369,7.4177554470281937,False,True,0.022163996501798809
raw,5,144,307.70602382094751,890.79665029564819,2.683701120893399,False,False,0
raw,5,145,307.7260755938824,878.78487480292233,2.7743836832728888,False,False,0
raw,5,146,307.74758362231677,979.39715540270868,2.5121685088824606,False,False,0
raw,5,147,307.83980901230802,857.29284798130129,2.5527324160232174,False,False,0
raw,5,148,307.89725974003289,906.15804746695881,2.3634543476330898,False,False,0
raw,5,149,307.98798563044409,156.33674522085647,5.9693773669136263,False,False,0
raw,5,150,308.04278401327912,927.99644512659597,2.3248477125204419,False,False,0
raw,5,151,308.07311723669767,826.18731249034795,2.3498535623407037,False,False,0
raw,5,152,308.13682835150769,841.08640642793705,2.26129975374656,False,False,0
raw,5,153,308.15036027068788,555.40865213503184,4.7573968191695801,False,False,0
raw,5,154,308.17531538254673,805.34852585926694,2.3141907684893943,False,False,0
raw,5,155,308.27248660235966,775.66803904619496,2.3856367471349582,False,False,0
raw,5,156,308.30339985942123,787.6259028609179,2.3058626716976658,False,False,0
raw,5,157,308.35623242169203,745.18189079675039,2.476389972628386,False,False,0
raw,5,158,308.45402533246101,666.38828465159054,3.4932400456634092,False,False,0
raw,5,159,308.46683651715017,660.98465844890291,3.4334440822706438,False,False,0
raw,5,160,308.51902035736612,736.71435374730265,2.3022347557653462,False,False,0
raw,5,161,308.58060430050961,82.850099522754135,7.0979719234715883,False,True,0.01630623285332786
raw,5,162,308.59815738380752,750.80462477853882,2.1560202670404749,False,False,0
raw,5,163,308.61331690413147,148.2162847521663,4.9056660700783254,False,False,0
raw,5,164,308.66994157123275,732.55603533204908,2.1974874826429662,False,False,0
raw,5,165,308.6936854731166,497.14768652816031,3.665590112171599,False,False,0
raw,5,166,308.70796407467782,812.66196706402081,2.0734191349473132,False,False,0
raw,5,167,308.7180934703548,515.96354486759515,3.4455033391416814,False,False,0
raw,5,168,308.72686000441126,460.66691452346157,3.5568705415752246,False,False,0
raw,5,169,308.73559012097655,537.40550734030512,3.3836153962616193,False,False,0
raw,5,170,308.76532164295037,759.65287168523628,2.0636794174179864,False,False,0
raw,5,171,308.80314624298171,723.3400211125728,2.2302814029956832,False,False,0
raw,5,172,308.83860925595127,442.83642437070966,3.403644289842179,False,False,0
raw,5,173,308.91029596567353,700.96554414552088,2.3181658775951175,False,False,0
raw,5,174,308.96520207840615,84.089821548345412,6.6334427110103995,False,True,0.0098040494623963716
raw,5,175,309.01030549208519,430.46518615955733,3.2896777705189755,False,False,0
raw,5,176,309.0296394776168,685.21228424478397,2.29564598956906,False,False,0
raw,5,177,309.03998181482132,382.03483766818431,3.226146698027756,False,False,0
raw,5,178,309.08964334340891,672.62464345918727,2.2384854927079356,False,False,0
raw,5,179,309.10680338987879,477.27216277849902,3.0243071576185727,False,False,0
raw,5,180,309.15649084570856,337.26316422182276,3.1880181623209936,False,False,0
raw,5,181,309.20393774959444,602.9236541494347,2.6300181439502861,False,False,0
raw,5,182,309.28277630605356,131.56881460236082,5.3946287960250245,False,False,0
raw,5,183,309.43523104270105,426.0343517679355,2.7497821928417623,False,False,0
raw,5,184,309.44720279666836,700.73213207586241,2.0268851236277965,False,False,0
raw,5,185,309.48929802503557,409.25607757802538,2.862225262742697,False,False,0
raw,5,186,309.57846102786152,360.2047097860526,2.5857116055642155,False,False,0
raw,5,187,309.62516695691119,417.56065819182572,2.4341019971934923,False,False,0
raw,5,188,309.66144954835909,652.18650639782629,2.0523906851224636,False,False,0
raw,5,189,309.70400008600268,634.71904439011178,2.0563905024258009,False,False,0
raw,5,190,309.70972757632319,272.19099042795284,3.3020984378336173,False,False,0
raw,5,191,309.85218689848722,588.94317599007525,2.2488072956160527,False,False,0
raw,5,192,309.9081417221613,485.82308141753356,2.1254027185263515,False,False,0
raw,5,193,309.96847288803662,618.9276363992941,2.0675035324481592,False,False,0
raw,5,194,310.02722672764531,391.09508262377108,1.9850507378433857,False,False,0
raw,5,195,310.06381011347537,314.85749463964174,1.9439248160679634,False,False,0
raw,5,196,310.08446735306381,374.70674206306956,1.9260369051797079,False,False,0
raw,5,197,310.17170708894815,360.80259354183323,1.8390998128705345,False,False,0
raw,5,198,310.21396610482867,335.34991108785761,1.8602568661427243,False,False,0
raw,5,199,310.23496842827706,99.522004549534358,6.1058924215684192,False,False,0
raw,5,200,310.319594747434,242.92305261495704,2.1312189993721202,False,False,0
raw,5,201,310.36396081942252,96.19791959627446,6.0236884694270998,False,False,0
raw,5,202,310.42241379370336,230.32750832249599,1.5958565704839911,False,False,0
raw,5,203,310.48744605067617,188.72181215596299,1.8509104430375496,False,False,0
raw,5,204,310.54789281162101,185.1666587799462,1.7903086488810365,False,False,0
raw,5,205,310.60318675687807,117.01078291417775,2.5304974297066822,False,False,0
raw,5,206,310.69212020995928,102.37770520151173,2.650363324193683,False,False,0
raw,5,207,310.70069421024635,97.869933557915033,3.1554445028912803,False,False,0
raw,5,208,310.83803841137535,90.16334091116255,3.050073528699405,False,False,0
raw,5,209,310.86782971650689,65.571129337786715,5.8911718790436831,False,True,0.0065012297221542555
raw,5,210,310.99591210428156,88.602690437385945,2.7049093388873962,False,False,0
raw,5,211,311.07689979434497,120.88500951377296,1.6920097753083061,False,False,0
raw,5,212,311.18419713585979,70.383505778380595,4.9143821003931887,False,False,0
raw,5,213,311.26947580483431,82.041931048544825,3.2253459495701229,False,False,0
raw,5,214,311.33493026314414,112.06713321888788,1.9824548161294393,False,False,0
raw,5,215,311.34689215323084,109.18107884391304,1.4802672374028019,False,False,0
raw,5,216,311.40883679568634,141.45040298282788,1.1741933636688016,False,False,0
raw,5,217,311.45112929048702,87.428993053689396,2.9753579846941531,False,False,0
raw,5,218,311.5287579390058,108.14344716907829,1.237415184267574,False,False,0
raw,5,219,311.64842352682297,93.900157781426969,1.7367459604150053,False,False,0
raw,5,220,311.72526732025437,100.35263095421749,1.040357021771646,False,False,0
raw,5,221,311.78023133915059,80.972896674189428,1.3269119193912156,False,False,0
raw,5,222,311.83983397816553,70.439294190569285,2.8702993751075483,False,False,0
raw,5,223,311.92431316148816,68.67398507272992,1.6384176480105053,False,False,0
raw,5,224,311.9674337049957,70.818805863193347,1.1357214736337182,False,False,0
raw,5,225,312.07348150990197,61.702997684939078,1.4335409982165475,False,False,0
raw,5,226,312.17616750198164,60.936943135521574,1.4046514458139177,False,False,0
raw,5,227,312.20707586980268,58.227224526463601,1.5416078450691675,False,False,0
raw,5,228,312.24616965122084,52.356405383446372,1.6579404196102061,False,False,0
raw,5,229,312.25718303465266,93.31283077603598,1.0016207715854417,False,False,0
raw,5,230,312.33744390932219,64.564302652095989,1.1700372595971196,False,False,0
raw,5,231,312.39791609319116,50.404144684544576,1.2510489121162092,False,False,0
raw,5,232,312.50036771041135,-1.4633047209222241,5.862030990842042,True,True,0.032814644113349979
raw,5,233,312.53489517693242,46.08427638652779,1.0948785300568922,False,False,0
raw,5,234,312.53524490020681,59.846642152702429,0.90527222576941213,False,False,0
raw,5,235,312.6051979146709,55.39118487846406,0.78312479420127001,False,False,0
raw,5,236,312.61421256694723,-2.0386465137248706,5.952674710966102,True,True,0.033840401652102031
raw,5,237,312.70103287474274,44.160263690747911,0.73221966744575884,False,False,0
raw,5,238,312.79909528964589,39.392730382628542,0.63869457070118418,False,False,0
raw,5,239,312.82116687938054,-9.4254628171077002,5.234993295836345,True,True,0.030593954967981823
raw,5,240,312.87509335411164,-10.01814763303355,5.3031943785640818,True,True,0.031438978488264602
raw,5,241,312.88613519082412,33.356441461796862,0.53939828568836745,False,False,0
raw,5,242,312.91811402912612,25.752652742157693,0.69204547747353207,False,False,0
raw,5,243,313.00100358945241,28.770167332990582,0.47250974296398685,False,False,0
raw,5,244,313.09241694198118,23.885933008507777,0.48922713205676782,False,False,0
raw,5,245,313.17500340474942,17.899679443234959,0.6038952439119214,False,False,0
raw,5,246,313.22369383317357,16.299439892754435,0.66667244190116559,False,False,0
raw,5,247,313.30202060504848,13.158609750360029,0.97345631600160765,False,False,0
raw,5,248,313.45068898244358,11.701409526065959,1.1162945493079057,False,False,0
raw,5,249,313.53621733486472,8.7435838092327458,1.7497790006842981,False,True,0.00076027876756619948
raw,5,250,313.68485079618728,6.9737795301650749,4.2294802647444572,False,True,0.014600681276973618
raw,5,251,313.719624579038,7.8960290408824676,2.442755759361773,False,True,0.0029838295969647349
raw,5,252,313.93180158271696,2.2671727644444672,4.5348677253190015,False,True,0.019254261418497579
raw,5,253,314.00914707945537,7.401728522014082,4.1352294685776005,False,True,0.013530246930022345
raw,5,254,314.17662283075208,6.4247539615225833,3.4212325270504049,False,True,0.007604235323950246
raw,5,255,314.31756375703588,5.8165946180785113,3.9191770965452597,False,True,0.012239740383124347
raw,6,0,302.24146763925199,1642.5790982183094,8.7791521642372903,False,False,0
raw,6,1,302.24148757156757,1641.7456532811682,8.7831341876886242,False,False,0
raw,6,2,302.24183058589063,1624.8413702305372,8.6970792365093317,False,False,0
raw,6,3,302.24298158548447,1612.9279602342922,8.6409374890443473,False,False,0
raw,6,4,302.24312867447702,1579.5867879513971,8.5503776801147833,False,False,0
raw,6,5,302.24338363342309,1564.7564520933495,8.5161537916374002,False,False,0
raw,6,6,302.24370859368929,1556.2655544066006,8.4907726273736674,False,False,0
raw,6,7,302.24492051516637,1536.9294110682213,8.4286863548884572,False,False,0
raw,6,8,302.24507289468994,1537.5176151276596,8.4262254371261616,False,False,0
raw,6,9,302.24566965709221,1494.2503342750915,8.3568504558236079,False,False,0
raw,6,10,302.24725541498719,1485.9129899900172,8.3075023942689157,False,False,0
raw,6,11,302.24768788681104,1480.0069335516209,8.3427251345838442,False,False,0
raw,6,12,302.24920265638605,1442.3516864823459,8.2247621648942797,False,False,0
raw,6,13,302.25079892964936,1386.5420149965187,8.1652835720701518,False,False,0
raw,6,14,302.25254767067099,1354.0083480487142,8.1088672386867167,False,False,0
raw,6,15,302.25398651880352,1349.303942020354,8.1614506619992611,False,False,0
raw,6,16,302.25818601982104,1280.1719277275365,7.9616247108075617,False,False,0
raw,6,17,302.26125642945584,1255.6490892722218,7.9297220775929436,False,False,0
raw,6,18,302.26272555210477,1240.7872581122538,7.8904389537619037,False,False,0
raw,6,19,302.26437278577453,1209.6505593504185,7.7926896256194338,False,False,0
raw,6,20,302.266709784623,1199.7451430991027,7.7990181029819956,False,False,0
raw,6,21,302.29354702322587,1231.8142427943512,7.7333467045394393,False,False,0
raw,6,22,302.30500937875883,1109.6639475466877,7.4679718878184733,False,False,0
raw,6,23,302.32167245444589,1060.7639773523092,7.2746359030892593,False,False,0
raw,6,24,302.36467188801447,1025.7646541439751,7.2451748983989743,False,False,0
raw,6,25,302.39942199572261,959.47638505614395,6.9271301043309714,False,False,0
raw,6,26,302.41824150116605,638.35025631304768,5.2973386019403073,False,False,0
raw,6,27,302.42049752485616,619.57160283885867,5.8488224957498929,False,False,0
raw,6,28,302.44700613318554,522.52154187381564,5.0308261391836044,False,False,0
raw,6,29,302.48955711127076,441.84809168361971,4.823045207432564,False,False,0
raw,6,30,302.5093686465591,421.70759887161273,4.7968534838578982,False,False,0
raw,6,31,302.52254936089867,405.54046622636429,5.2988903602989703,False,False,0
raw,6,32,302.53325206110037,423.89268645840264,4.7017781052885788,False,False,0
raw,6,33,302.5934856832875,375.79442728022957,4.8452619775376515,False,False,0
raw,6,34,302.60842540954445,391.4259226773641,4.7172455616332343,False,False,0
raw,6,35,302.65945397595681,371.41914046908391,4.6310342534310891,False,False,0
raw,6,36,302.68933254044316,352.80149224054725,5.1048480805097363,False,False,0
raw,6,37,302.69313376132482,343.21518887493085,4.9129791603919095,False,False,0
raw,6,38,302.84172202747521,270.82320133417335,5.2853535362959558,False,False,0
raw,6,39,302.87243245140536,323.25332423080357,4.7603751949466435,False,False,0
raw,6,40,302.8855158645132,251.92527341772922,5.3433489050451097,False,False,0
raw,6,41,302.93352756534483,283.58009872097699,5.1299930850077482,False,False,0
raw,6,42,302.95555771180983,294.84317042290189,4.9547721589238556,False,False,0
raw,6,43,303.00239423784205,238.79694147663452,5.5572007780152921,False,False,0
raw,6,44,303.0451156444484,312.87840198541693,4.8785093773504427,False,False,0
raw,6,45,303.10415113675327,1857.7155564474972,4.580794765477604,False,False,0
raw,6,46,303.11735731904514,1929.5854208743986,4.5141543190595543,False,False,0
raw,6,47,303.11880414202756,1899.4343221463325,4.5241359523824247,False,False,0
raw,6,48,303.13412861325645,1876.6143534368282,4.4267523378746514,False,False,0
raw,6,49,303.18862748345435,1888.5164938112885,4.3013223768026885,False,False,0
raw,6,50,303.21121681939758,277.61250146347908,5.2019428435586841,False,False,0
raw,6,51,303.2251966110008,1838.856142568633,4.186342090280843,False,False,0
raw,6,52,303.2554556728158,217.53832163623929,5.7803062326753727,False,False,0
raw,6,53,303.26131390732371,1599.0274037089591,4.482637902503658,False,False,0
raw,6,54,303.27957032143632,1748.0250307499689,4.4590409981004733,False,False,0
raw,6,55,303.28287315121815,1642.7063085937616,4.4032426351884988,False,False,0
raw,6,56,303.35092526107002,981.69007799184794,4.6109736850594532,False,False,0
raw,6,57,303.40612174957721,1815.6415082013223,4.0704674314344604,False,False,0
raw,6,58,303.41407027647273,250.90381835324598,5.4397689533767126,False,False,0
raw,6,59,303.44941601250736,1717.0115598141135,4.320931087129674,False,False,0
raw,6,60,303.48085534506333,207.46974862256536,5.9427667827941963,False,True,0.0031559510479645947
raw,6,61,303.53918636012315,1126.949734152272,4.4847598211207931,False,False,0
raw,6,62,303.62099726937589,1780.4958767859523,4.2541792905486346,False,False,0
raw,6,63,303.65694119706961,1796.2603646900948,4.1291805165789794,False,False,0
raw,6,64,303.71075005976968,230.29405857137016,5.6724953626097312,False,False,0
raw,6,65,303.75080024819425,1785.5944196314072,4.1945883498679937,False,False,0
raw,6,66,303.77641376955893,223.88097537026692,5.7545601926655117,False,False,0
raw,6,67,303.82473959539243,200.18380986367248,6.0061998466847726,False,True,0.0013988294246969624
raw,6,68,303.8611033177138,1776.8284923590031,4.2494062665692942,False,False,0
raw,6,69,303.90571044824651,203.33593193298361,5.9413901817535955,False,False,0
raw,6,70,304.00629812520299,197.5132292048612,6.0471953183571205,False,True,0.00016996616205035286
raw,6,71,304.05872833315675,183.95992791182829,6.1483404857449324,False,True,0.0069786499932524559
raw,6,72,304.0723471612954,175.15643509770632,6.3066056354746802,False,True,0.013872872557955856
raw,6,73,304.15761766726291,179.5799309779473,6.1852208684739329,False,True,0.007814772758174035
raw,6,74,304.18520361863784,177.14309724167452,6.2254674564443482,False,True,0.0092177780356236111
raw,6,75,304.25817440247755,186.71889942704689,6.1131535901342309,False,True,0.0015174022528555431
raw,6,76,304.26334057973781,165.52285401629331,6.6378363839585512,False,True,0.021878855455769008
raw,6,77,304.3173613369965,166.22488847269506,6.3482174257483024,False,True,0.014040569183243215
raw,6,78,304.44031653293547,156.66947174136419,6.5021638301166496,False,True,0.019190624121922864
raw,6,79,304.459582548247,156.12888681148968,6.4807421328961148,False,True,0.018576658679861788
raw,6,80,304.55538067663417,149.94142851173456,6.5319738851273357,False,True,0.0205200413649827
raw,6,81,304.700571040775,146.30288281705759,6.5565459757697777,False,True,0.019953568457954998
raw,6,82,304.73163081044044,140.88143075399523,6.5906266639457138,False,True,0.02235219690534436
raw,6,83,304.768624012609,137.35714578876855,6.720317373528351,False,True,0.026060608434484545
raw,6,84,304.81931641536295,134.80125729321878,6.7647398302012149,False,True,0.027194877519232566
raw,6,85,304.86038676822153,128.91369812117284,6.875246979820564,False,True,0.031342390303961701
raw,6,86,304.97587280622622,126.29754613500199,6.8181341623292546,False,True,0.029034844036072829
raw,6,87,305.1234004668367,115.92274527838629,6.9461340507822724,False,True,0.033485282366578828
raw,6,88,305.24634452528937,111.00029078972602,6.9517173798067464,False,True,0.033398040486622621
raw,6,89,305.24823327597784,110.04874854716002,7.0485171866014769,False,True,0.035950306305293778
raw,6,90,305.34741879498625,122.30468936889201,6.701960534958161,False,True,0.021373876787892793
raw,6,91,305.39146985483575,110.93705067360622,6.8467328389730824,False,True,0.028447924801439234
raw,6,92,305.45851081834996,101.04946632195663,7.1723999127610156,False,True,0.038637158211190625
raw,6,93,305.46739027245917,114.83303949326751,6.7830738467174889,False,True,0.024082436921462141
raw,6,94,305.55906970999951,98.161915466391179,7.2430630317124098,False,True,0.039613728216922453
raw,6,95,305.68753196568957,114.08486398110279,6.7407837463544507,False,True,0.019498416338141228
raw,6,96,305.8207004053358,91.197155965987804,7.6785246857047733,False,True,0.047663494115346094
raw,6,97,305.85355329596291,93.772247307199223,7.3620588410348446,False,True,0.038839244642003015
raw,6,98,305.91350236427985,87.523869468760722,7.4855859870047388,False,True,0.043091732820886387
raw,6,99,306.04032893163145,92.279440069641623,7.1246774191221194,False,True,0.030706468071379958
raw,6,100,306.08627983410707,85.157880171758507,7.4486314635476507,False,True,0.040122219889017194
raw,6,101,306.10094117827435,85.053344691213852,7.4020113318287084,False,True,0.03884153225066507
raw,6,102,306.25729011231078,81.685260375768848,7.5877109359518293,False,True,0.041636400063670323
raw,6,103,306.32318296667455,81.269912996288781,7.8303521088219137,False,True,0.046153962738333394
raw,6,104,306.38256934587957,83.494480852594847,7.2407609473203962,False,True,0.0307790496757855
raw,6,105,306.42255967318948,79.233559092122164,7.6239191340736809,False,True,0.040500846206244799
raw,6,106,306.50829640776004,77.421860425799537,7.573423861530669,False,True,0.038551029682503374
raw,6,107,306.56060087020563,1516.0008454805784,4.3313554774213312,False,False,0
raw,6,108,306.65509811685592,1505.9116329876992,4.2876917263775995,False,False,0
raw,6,109,306.66570022029236,75.511759143013023,7.5304990534560758,False,True,0.035536461321125604
raw,6,110,306.71778934263375,1505.494438489209,4.3154466450607574,False,False,0
raw,6,111,306.75020882612984,1573.3742076134315,4.2765960113085324,False,False,0
raw,6,112,306.89492321372563,1466.6662586680104,4.4527486125913889,False,False,0
raw,6,113,306.99300289800732,1451.6548907536239,4.2441724411054302,False,False,0
raw,6,114,307.05640798125199,1460.0065958243981,4.2234884810835975,False,False,0
raw,6,115,307.10543912934088,1436.8412233546783,4.2217821105399018,False,False,0
raw,6,116,307.22578541643389,72.318231056511763,7.1521799132461581,False,True,0.023532898673891769
raw,6,117,307.29558099977129,1413.7239950399426,4.2796485443551751,False,False,0
raw,6,118,307.38091991229811,1396.2202825393092,4.2120417417572842,False,False,0
raw,6,119,307.43448268538452,72.406907619654703,7.0640055269710906,False,True,0.02215155414105267
raw,6,120,307.52451165511826,71.881644432898156,7.3415731994696332,False,True,0.025520401362550175
raw,6,121,307.62873635338542,1340.7879020854978,4.191643226907364,False,False,0
raw,6,122,307.64250346127994,1327.6045738968064,4.2609017256622632,False,False,0
raw,6,123,307.74848605895392,1302.8067751476287,4.1727412986750085,False,False,0
raw,6,124,307.79931006038947,1288.6117236035113,4.1943007406431922,False,False,0
raw,6,125,307.85798139793508,1280.2717396907817,4.14285869826882,False,False,0
raw,6,126,307.89663041767449,1265.5676050032012,4.1384330957914965,False,False,0
raw,6,127,307.93473110657141,1243.9541485857956,4.3795685644887126,False,False,0
raw,6,128,307.97496403082391,1230.2025563551501,4.0951841147508015,False,False,0
raw,6,129,308.03334530322633,1222.1294362785213,4.0277466244711828,False,False,0
raw,6,130,308.09853298362771,1191.5195119448902,3.9531424656207426,False,False,0
raw,6,131,308.14014238196967,1172.0552955631965,3.8318031162844539,False,False,0
raw,6,132,308.19993303809309,1156.3012958078511,3.7956209868019872,False,False,0
raw,6,133,308.28731958521507,1142.8770202209821,3.5009862816348063,False,False,0
raw,6,134,308.30929751588343,1140.9039711548469,3.446613403714661,False,False,0
raw,6,135,308.35693551937067,1120.3989643182013,3.3726488780800516,False,False,0
raw,6,136,308.40175033089429,1091.4864053452745,3.8739766672700724,False,False,0
raw,6,137,308.42210363289297,145.01136546963494,5.8125086894185642,False,False,0
raw,6,138,308.45348940771277,1077.3342448138103,3.1740672063502,False,False,0
raw,6,139,308.5073857417259,151.34270248356506,5.7030914261617296,False,False,0
raw,6,140,308.54651169044268,1172.806538986651,3.1376555272846138,False,False,0
raw,6,141,308.55614148149675,1041.5837622300141,3.0248882827114785,False,False,0
raw,6,142,308.60628909768502,1044.2039465318289,2.850099254912815,False,False,0
raw,6,143,308.6240784568684,135.08115521707316,5.638750700879382,False,False,0
raw,6,144,308.6604742397667,1091.8081041083269,2.8069146778483796,False,False,0
raw,6,145,308.70431731961418,994.66977636896331,3.1031274126556685,False,False,0
raw,6,146,308.77262070887446,1053.8223670300267,2.7057639282105823,False,False,0
raw,6,147,308.80785452816576,1014.2077427237499,2.6840531768715596,False,False,0
raw,6,148,308.86203231238966,995.4587687024748,2.482448266570934,False,False,0
raw,6,149,308.86660777674109,732.95247889272298,4.5534924543227211,False,False,0
raw,6,150,308.91687740957263,945.27045379903552,2.8218884517107883,False,False,0
raw,6,151,308.95707949515838,630.98251604242751,4.4640352932780658,False,False,0
raw,6,152,308.98857011390578,1012.6573158271103,2.3774793199181921,False,False,0
raw,6,153,308.99798593517704,991.67387129430892,2.398060931989368,False,False,0
raw,6,154,309.01123307954606,966.85652950225654,2.3016372440291635,False,False,0
raw,6,155,309.06677047317635,929.67585260422015,2.3048482150330512,False,False,0
raw,6,156,309.10235099668125,792.13526398819499,4.027960574679371,False,False,0
raw,6,157,309.13197464803585,952.12599999422582,2.2290038004746435,False,False,0
raw,6,158,309.16698120876214,133.54488359570621,5.401035712714962,False,False,0
raw,6,159,309.18947497541586,909.14569167837055,3.3651146606577891,False,False,0
raw,6,160,309.24470635290737,937.85782763515158,2.163154802234609,False,False,0
raw,6,161,309.26817859335978,892.4923037269059,2.5001230303860056,False,False,0
raw,6,162,309.28712026846762,877.7502137083568,2.1735098133813096,False,False,0
raw,6,163,309.29273710829602,651.57897785688328,3.7704743846120055,False,False,0
raw,6,164,309.32736694669421,876.99416897666902,2.0060777369024745,False,False,0
raw,6,165,309.36364149924708,871.0612368072666,2.3528509602942167,False,False,0
raw,6,166,309.3692254734334,585.05735970192723,3.7642196909978396,False,False,0
raw,6,167,309.39462130129283,855.87868334887014,1.987076295239433,False,False,0
raw,6,168,309.40174746793048,612.24577526021187,3.6547798230820789,False,False,0
raw,6,169,309.40906166237573,813.99086788300701,3.2629764649431108,False,False,0
raw,6,170,309.43872150474681,852.8744358916498,2.2722592231512073,False,False,0
raw,6,171,309.45415436016071,823.618849826619,2.2024367944150183,False,False,0
raw,6,172,309.4843513456434,598.86353630693452,3.5898192053398099,False,False,0
raw,6,173,309.54686035533842,842.57803034395999,1.9183940694661175,False,False,0
raw,6,174,309.57076815532071,549.41394075560947,3.4308379970430738,False,False,0
raw,6,175,309.64125070744592,810.3203079109802,1.8933950685611176,False,False,0
raw,6,176,309.67697758453704,713.56425775449088,3.0137440656389098,False,False,0
raw,6,177,309.71401340721837,432.20706652186107,3.4365163746575256,False,False,0
raw,6,178,309.75200463056501,746.7470458762474,2.052851009798772,False,False,0
raw,6,179,309.78590080874511,765.24848498220547,1.92836830464468,False,False,0
raw,6,180,309.81983565151853,510.24392717824441,3.0967669655162777,False,False,0
raw,6,181,309.85030837414217,505.62266526237147,2.9917504574230556,False,False,0
raw,6,182,309.86462005267236,493.57946977162493,2.9601568493527912,False,False,0
raw,6,183,309.87036446774135,711.08418096125297,2.2293054717196066,False,False,0
raw,6,184,309.87481989720402,671.6191918472739,2.5971259153399711,False,False,0
raw,6,185,309.88705190021875,741.67462682675261,1.9773932545814246,False,False,0
raw,6,186,309.90932213392585,473.26537261603846,2.9202907894455667,False,False,0
raw,6,187,309.93944472450829,461.20186127300866,2.8644769325427832,False,False,0
raw,6,188,309.95075187657528,407.58092075297179,2.9699981029751137,False,False,0
raw,6,189,309.96294638783604,567.37410642123632,2.6323617977207321,False,False,0
raw,6,190,310.00489728736289,687.57202812507546,2.3082192634617642,False,False,0
raw,6,191,310.05922134934855,65.949938155557334,6.4171054174677788,False,True,0.01356672512454777
raw,6,192,310.11628562426841,734.28293253011543,2.0848973548880965,False,False,0
raw,6,193,310.21089695660214,169.36770804589383,3.7000192373438452,False,False,0
raw,6,194,310.24804756821288,696.19655539183486,2.2122190821947982,False,False,0
raw,6,195,310.30714223537342,104.80041734248596,3.913433451425349,False,False,0
raw,6,196,310.36022700076535,465.39161840243969,2.5522641693628834,False,False,0
raw,6,197,310.39230213275414,477.5194028620665,2.373105547488767,False,False,0
raw,6,198,310.4394241942922,25.969989111344034,5.3382061200043553,False,True,0.020914434555259719
raw,6,199,310.48028275019982,451.46606075011982,2.4800157705628778,False,False,0
raw,6,200,310.4811439785077,446.38843206751341,2.484585716268036,False,False,0
raw,6,201,310.59516068080529,99.359135836779842,3.8515246654631472,False,False,0
raw,6,202,310.63620966635119,22.542538981024563,5.4836826818548996,False,True,0.021911534860687164
raw,6,203,310.76035296185006,46.709057396741287,3.5548870542968238,False,True,0.0042136210816073206
raw,6,204,310.89983941769657,43.020522899868752,3.6321393464026794,False,True,0.0053636992851669391
raw,6,205,310.97320146255214,45.563078131508519,3.0490173967190835,False,True,0.0018592455924272278
raw,6,206,311.0750938696786,35.461448558132929,3.723948067343096,False,True,0.0080323167582745311
raw,6,207,311.25715946644391,302.87252026987858,2.4382058553331127,False,False,0
raw,6,208,311.30029203144642,28.52429626570347,4.0128311644045827,False,True,0.010886658661620297
raw,6,209,311.38701201024583,360.01311332590086,2.3514470596103187,False,False,0
raw,6,210,311.43378939172578,170.56618026226113,2.0246870466018523,False,False,0
raw,6,211,311.4903114596089,126.06280443882235,2.0538303892830925,False,False,0
raw,6,212,311.62102078401017,55.698081661235392,2.5319635539521292,False,False,0
raw,6,213,311.68712035238008,119.27592071467325,1.6688243027489209,False,False,0
raw,6,214,311.72179458392293,91.690090336492744,1.80945488141995,False,False,0
raw,6,215,311.80103666928824,3.087754758257006,5.2204803525282539,False,True,0.025333166020319722
raw,6,216,311.81037523236841,1.1791797400509267,5.2073479574216464,False,True,0.0260250499175937
raw,6,217,311.9025794129883,65.857981892488283,1.6772584949274174,False,False,0
raw,6,218,311.93285329436014,74.117075428699536,1.6062925544887268,False,False,0
raw,6,219,311.9712310319922,-3.0424236623803154,3.9255153024678369,True,True,0.020789843106632143
raw,6,220,312.02981597269985,94.577731438866635,1.4350529697098704,False,False,0
raw,6,221,312.07809712680631,107.50467594722079,1.3103205346404527,False,False,0
raw,6,222,312.10714522884683,-14.045090215132177,3.8093883909764186,True,True,0.024438873911188427
raw,6,223,312.11823026695532,23.914216661839077,2.7415276754670908,False,True,0.0043052526008295119
raw,6,224,312.18473076458883,106.01659636631302,1.25282220951767,False,False,0
raw,6,225,312.23899675480106,9.5388231626326387,1.7272003798757138,False,True,0.0062272646051529951
raw,6,226,312.33562437929038,14.406960094897954,1.5356860258270837,False,True,0.0030046901560705393
raw,6,227,312.36597931671645,45.565906795923638,1.4678423893683581,False,False,0
raw,6,228,312.40917531397884,-19.331147755914117,1.764000175164079,True,True,0.017777811824427323
raw,6,229,312.50097425812532,-54.606326170988496,3.7073823927250595,True,True,0.039596887123462793
raw,6,230,312.55030732898541,73.643100830127651,1.0486131656582165,False,False,0
raw,6,231,312.57010151337704,57.038830330882774,1.0918158944051406,False,False,0
raw,6,232,312.60992462792802,81.666767614196146,1.0007101239925014,False,False,0
raw,6,233,312.71924352355694,42.979903619004972,0.83643453430472903,False,False,0
raw,6,234,312.74192591332979,22.485039066424747,0.9944572442970161,False,False,0
raw,6,235,312.75887905418404,53.356130820974045,0.82754181730631338,False,False,0
raw,6,236,312.80155596077185,35.706565989423666,0.74708834976331495,False,False,0
raw,6,237,312.80881519366972,4.8871091609510131,0.89044617084179833,False,True,0.002602289455526703
raw,6,238,312.83778683453431,-18.658027239602234,1.6454065868186163,True,True,0.014996593979364273
raw,6,239,312.87189360990556,-21.8963998178358,1.1851914708701923,True,True,0.014532850415951776
raw,6,240,312.95870063153075,-50.261279031061349,1.953160440246335,True,True,0.029083777192482767
raw,6,241,312.96573526867769,35.112002348355418,0.65739069912697978,False,False,0
raw,6,242,313.02457103561682,-4.7145820529735829,0.79229870964134452,True,True,0.0050911318439836074
raw,6,243,313.09966286773926,62.269636453729959,0.55661664376243625,False,False,0
raw,6,244,313.11478997758132,24.495672993539188,0.5993008916723479,False,False,0
raw,6,245,313.1447591962712,65.405660618746197,0.52509738057538335,False,True,0.0023012031794917842
raw,6,246,313.14967915001802,-19.947668378975891,1.1483444364556981,True,True,0.012308323933866726
raw,6,247,313.1770661465369,-43.652885119904113,1.5025017905715607,True,True,0.023617561251894386
raw,6,248,313.22194085493692,-45.361085339068495,1.5683197954554604,True,True,0.024402772310354922
raw,6,249,313.33788048076809,-34.420343162155291,1.3659977440178022,True,True,0.018483791425312802
raw,6,250,313.35719447457694,-31.457260470865663,1.335670543973265,True,True,0.017026062041271803
raw,6,251,313.43256624932496,-77.24026471814966,3.4762505606531158,True,True,0.044340019977106883
raw,6,252,313.44045202639774,-78.228804525309442,3.7317151495340104,True,True,0.046383672489867661
raw,6,253,313.57781103926067,-61.251586232019008,2.7926211847764435,True,True,0.034310625343545495
raw,6,254,313.71213109543652,-63.362959233805782,3.1886950085983776,True,True,0.036146477152323116
raw,6,255,313.71279970329323,-68.138930761490997,3.3153331205932477,True,True,0.038657102872762625
raw,7,0,302.43522681282008,1627.6508465365091,9.5263674932898343,False,False,0
raw,7,1,302.43522681282008,1627.6508465365093,9.526367493289829,False,False,0
raw,7,2,302.50609370827254,571.67215201343504,3.644487455589156,False,True,0.0049493384430593368
raw,7,3,302.52464900975758,499.1529804488066,4.298318496851202,False,False,0
raw,7,4,302.5498293614275,595.19821176565188,3.5139759523906995,False,True,0.012768596902048707
raw,7,5,302.5918586292695,632.69539070012684,3.443589735996051,False,True,0.01444398921685193
raw,7,6,302.59687472292671,445.15980110928422,4.4984829539940927,False,False,0
raw,7,7,302.62687170157272,434.25639741297414,4.3581418095541489,False,False,0
raw,7,8,302.66315956999074,480.21063375995516,4.1203438120873042,False,False,0
raw,7,9,302.69255121937726,474.0128777676872,4.2346635118507256,False,False,0
raw,7,10,302.71014356636834,576.36799659084511,3.4158906864355156,False,True,0.017247856716255297
raw,7,11,302.73043176408868,404.77155375175988,4.441195921918708,False,False,0
raw,7,12,302.79250174988709,549.54444846131628,3.3667169915597053,False,True,0.020778820711520929
raw,7,13,302.80932108722857,502.62863219072506,3.608819494238896,False,True,0.0032730320785697847
raw,7,14,302.83979697631457,539.31066342158681,3.3885062373362382,False,True,0.018149068275934793
raw,7,15,302.87991875537898,587.87386514451805,3.320337027525194,False,True,0.018838993461763431
raw,7,16,302.89865790270761,656.4185269189087,3.1367425749922226,False,True,0.028504664827124035
raw,7,17,302.91001897092008,353.23224453364992,4.5780483114958113,False,False,0
raw,7,18,302.93455555627679,607.50310991212496,3.1958229707752563,False,True,0.026088727504036222
raw,7,19,302.96250322208681,339.13967647019768,5.2759326524293968,False,False,0
raw,7,20,303.03440640776512,418.05108287309633,4.0079720587226726,False,False,0
raw,7,21,303.05158013420777,531.84497564355866,3.3491831504427578,False,True,0.015035758734008212
raw,7,22,303.05468669603204,317.06892951543887,4.8706462834056863,False,False,0
raw,7,23,303.08589462617982,625.03235263951433,3.1533120218797301,False,True,0.023312341977300186
raw,7,24,303.09348147823346,377.85846904966223,4.1321912212439056,False,False,0
raw,7,25,303.10357318978504,373.38387546665393,4.1707193570708565,False,False,0
raw,7,26,303.15481668628513,334.48392437692871,4.6640713692757449,False,False,0
raw,7,27,303.17632403618813,412.96200704298667,4.0373236483983144,False,False,0
raw,7,28,303.24434541808836,286.43315676071353,5.4626522213019504,False,False,0
raw,7,29,303.27249210194452,278.50092729186406,5.3191939753627313,False,False,0
raw,7,30,303.29911012266018,1845.1823804465912,3.0917117770099174,False,False,0
raw,7,31,303.30440129836461,320.56534012770726,4.710136974627952,False,False,0
raw,7,32,303.3073003359633,470.02412566763155,3.4960559912261955,False,False,0
raw,7,33,303.31189612289387,1839.149702669152,3.0682630247117064,False,False,0
raw,7,34,303.36725822416088,261.68885401759809,5.6057367701054828,False,False,0
raw,7,35,303.39313844612559,1792.3304764135771,3.0098558207664663,False,False,0
raw,7,36,303.41281173134388,332.41648338235473,4.4174067006585123,False,False,0
raw,7,37,303.4335351561831,304.92485147732395,4.6724973427484242,False,False,0
raw,7,38,303.46301743588845,1802.6635102758698,2.9995227239750308,False,False,0
raw,7,39,303.50171619150723,240.40403985198361,5.6695323022870916,False,False,0
raw,7,40,303.60990471426879,228.02938626133391,5.7337085078139669,False,False,0
raw,7,41,303.62571022618141,1770.4198432227458,2.8073258362978391,False,False,0
raw,7,42,303.62786178484782,1780.4203416820515,2.7989391249112439,False,False,0
raw,7,43,303.64644744171386,221.35117734421863,5.9270261467243586,False,False,0
raw,7,44,303.65468640628461,1755.4300939888465,2.9098020588197255,False,False,0
raw,7,45,303.69720532309316,1824.7234660571091,2.7625068109086852,False,False,0
raw,7,46,303.717526930585,275.45805653303518,5.0895928568348054,False,False,0
raw,7,47,303.73536448602431,211.98398442730451,6.0380488230683103,False,False,0
raw,7,48,303.82541352405235,1737.8846028489854,2.7696651283718712,False,False,0
raw,7,49,303.84502471243366,1817.4428387815437,2.7071818034901249,False,False,0
raw,7,50,303.87507703578228,1667.4517204867366,3.081930804876873,False,False,0
raw,7,51,303.87908263365733,1665.9563940869925,3.0819298559595527,False,False,0
raw,7,52,303.89790149747182,195.67638695099811,6.1811196541743234,False,True,0.0058873572902425481
raw,7,53,303.91321008434812,1729.1962830603193,2.8235141852170953,False,False,0
raw,7,54,303.9270101960405,1713.0437123497186,2.8566532452304045,False,False,0
raw,7,55,303.94406675614658,251.74437719062632,4.9753051165809064,False,False,0
raw,7,56,303.95257815882582,207.18398273838176,5.3833401688781901,False,False,0
raw,7,57,303.97172520069637,1580.8470534202938,3.1260540432418851,False,False,0
raw,7,58,303.98629449029306,332.67878539979853,4.2452417048607547,False,False,0
raw,7,59,304.02909764491659,443.59043306866499,3.5719462813388247,False,False,0
raw,7,60,304.07541530032239,285.96509438771244,4.3779476931219632,False,False,0
raw,7,61,304.12070139961622,172.36231119773612,5.8590738107645581,False,True,0.0039432585303666307
raw,7,62,304.19225348602083,1567.3542120364177,3.0439422645198628,False,False,0
raw,7,63,304.2548293382348,342.18101921944043,4.0949565631374831,False,False,0
raw,7,64,304.27345470485841,167.94602224602977,6.844619306788239,False,True,0.025434314313261888
raw,7,65,304.31962519008613,1528.6726847030357,3.0181601507316977,False,False,0
raw,7,66,304.3735093427145,152.73131606871192,6.2944339303394035,False,True,0.017231533528140747
raw,7,67,304.38460400036621,1684.3067061441498,2.6392135752613153,False,False,0
raw,7,68,304.43769248336162,148.5013982984957,6.3820122263341457,False,True,0.019779972162126694
raw,7,69,304.46609849913978,146.84618295304347,6.4344239624652291,False,True,0.021131647264140407
raw,7,70,304.49969657910151,150.2380803428905,5.4997043959034295,False,True,0.0084805363321510761
raw,7,71,304.57308464607814,136.78369673821885,6.1546025828304876,False,True,0.016893355726702419
raw,7,72,304.57899321725068,430.04201320900142,3.6794410972094003,False,False,0
raw,7,73,304.61499192225784,185.97750493363895,5.1700683601639827,False,False,0
raw,7,74,304.68170203671929,231.54673460045495,4.9503693748924089,False,False,0
raw,7,75,304.70773377144292,1481.2407795439678,3.0190699306784343,False,False,0
raw,7,76,304.72949005338802,1509.2369005036835,2.983947667214665,False,False,0
raw,7,77,304.74255417983301,253.80300805394552,4.821928917563616,False,False,0
raw,7,78,304.74421292521856,132.63678357350773,6.7745371541395327,False,True,0.029624501551154842
raw,7,79,304.80159236396639,131.56072356617653,5.8363335882403975,False,True,0.014581200887098245
raw,7,80,304.87396156060504,1615.6369017077204,2.5974014153774632,False,False,0
raw,7,81,304.88658707635557,1504.136498621488,2.8803794788493473,False,False,0
raw,7,82,304.89688162254242,119.38979295021772,6.7619861414550835,False,True,0.031935971612538971
raw,7,83,304.94831685152559,173.88529624537694,5.0318020521666718,False,False,0
raw,7,84,305.01542804136346,1486.2567867056082,2.8850698586532424,False,False,0
raw,7,85,305.02872467342314,108.31304762885452,6.4334481510527395,False,True,0.026552765773856249
raw,7,86,305.0801436399957,105.28685036022966,6.4828441909711376,False,True,0.02797609529460475
raw,7,87,305.12414343451627,103.55980184434907,6.3481380359188266,False,True,0.024987334964546089
raw,7,88,305.14848584950289,103.0633019269419,6.4995768874246718,False,True,0.028032120144058342
raw,7,89,305.23321560884131,1619.8992404438707,2.5675587203646062,False,False,0
raw,7,90,305.28629921076157,274.72353639614005,4.5705890539179128,False,False,0
raw,7,91,305.32377951147924,95.57215742792107,5.9993021995114253,False,True,0.026164318027935562
raw,7,92,305.331283783375,1649.0611469200073,2.4854802638285993,False,False,0
raw,7,93,305.37652993645418,1606.2835968401737,2.500640199907429,False,False,0
raw,7,94,305.42511374341672,1545.3528897497176,2.5971382706976791,False,False,0
raw,7,95,305.50776954824619,98.306732291964636,5.6492919715558756,False,True,0.023197969223472312
raw,7,96,305.57973796599015,102.0804523348113,5.4844434440717853,False,True,0.020856386614018931
raw,7,97,305.60125180920954,91.381075323445089,5.7648610737517059,False,True,0.025585422542819092
raw,7,98,305.70345020030157,1524.8994980123302,2.5171679512856042,False,False,0
raw,7,99,305.72172801768056,1447.9548742185507,2.9563570466101279,False,False,0
raw,7,100,305.83519217256645,1448.8785737999754,2.6763452445673641,False,False,0
raw,7,101,305.85840373139928,1472.0438986294389,2.5921126329618196,False,False,0
raw,7,102,305.89109740966421,1441.0908212666093,2.6270547227966055,False,False,0
raw,7,103,305.92253817385586,1411.7474487366653,2.7034205552433601,False,False,0
raw,7,104,305.94180051664966,1415.4496438260639,2.6920419229859083,False,False,0
raw,7,105,305.99088312741657,1325.7655582314819,2.9624013197898726,False,False,0
raw,7,106,306.01632475215507,1316.7170046463943,3.0004209018855534,False,False,0
raw,7,107,306.04967191944212,1309.4448301973898,3.0525994290803635,False,False,0
raw,7,108,306.12165469869211,1378.3364089301988,2.7597728703721871,False,False,0
raw,7,109,306.13448684757668,1437.7844653125362,2.5639497517573404,False,False,0
raw,7,110,306.16298462182721,1423.201572225265,2.598171203373854,False,False,0
raw,7,111,306.18251364042362,1459.1174329956245,2.539459443625137,False,False,0
raw,7,112,306.24682743863201,1373.4665900927889,2.757142406125987,False,False,0
raw,7,113,306.32186663473738,1354.2246802786331,2.6815922812166368,False,False,0
raw,7,114,306.3841938934757,1392.4422440568489,2.5500873888394446,False,False,0
raw,7,115,306.43312698636282,1362.7387221823042,2.6450072886656635,False,False,0
raw,7,116,306.47488797618809,1270.8288602330476,2.8599000632362968,False,False,0
raw,7,117,306.49807225650812,1297.4295477858802,2.809232347688964,False,False,0
raw,7,118,306.60658063492048,1282.9274752043916,2.769313147071558,False,False,0
raw,7,119,306.61952349825606,1235.4429214214879,3.0396527999346117,False,False,0
raw,7,120,306.62954114634152,1340.0200965950032,2.5581959949799051,False,False,0
raw,7,121,306.71975271285743,1307.9186880316283,2.6104625302993236,False,False,0
raw,7,122,306.81583272920676,1259.2575631051325,2.6804961423851243,False,False,0
raw,7,123,306.8187005904598,1257.5086524169651,2.6835558621291606,False,False,0
raw,7,124,306.86140819495029,1211.5133592591453,2.7848092130937498,False,False,0
raw,7,125,306.86917546659618,1203.610210398213,3.0131077550172098,False,False,0
raw,7,126,306.91532678704709,1214.3246885355504,2.7485336948305301,False,False,0
raw,7,127,306.94626689318113,1172.9596047946843,2.8575227315252101,False,False,0
raw,7,128,306.96227973474095,1288.4456454827141,2.6393732869029498,False,False,0
raw,7,129,307.00741513278513,1224.2960556073167,2.6200767263649665,False,False,0
raw,7,130,307.06440168339117,1169.7757468010939,2.7200633898026112,False,False,0
raw,7,131,307.12229281702736,1149.9175841063188,2.8126817966165469,False,False,0
raw,7,132,307.13689393772341,1115.3085088988262,2.9850263607174821,False,False,0
raw,7,133,307.1829977854228,1152.5320304783197,2.5823939943713339,False,False,0
raw,7,134,307.24236533597502,1131.4002034431514,2.5513111311717722,False,False,0
raw,7,135,307.27335008750055,1141.7135374092791,2.3600854388327193,False,False,0
raw,7,136,307.29953107316521,1119.8818299092011,2.3924422950993489,False,False,0
raw,7,137,307.3276809797228,1136.0276045601317,2.1993483648171894,False,False,0
raw,7,138,307.3425567543718,1092.530366150522,2.4345430074602694,False,False,0
raw,7,139,307.36897262150853,1165.580145014786,2.120478596269443,False,False,0
raw,7,140,307.37635886581461,1080.9162726861616,2.483153603026345,False,False,0
raw,7,141,307.38155285652488,1106.7772000510051,2.1749375787794332,False,False,0
raw,7,142,307.38339292055048,1047.3807653510155,2.9546917959583516,False,False,0
raw,7,143,307.40301819128257,1075.047773630082,2.3391882860090356,False,False,0
raw,7,144,307.41913106299563,1055.7607894004125,2.3400153301476099,False,False,0
raw,7,145,307.48738727698657,1026.741129102948,2.2769628370336927,False,False,0
raw,7,146,307.51543640586846,1027.2778490110932,1.8299270339751939,False,False,0
raw,7,147,307.54932652650768,997.8791518101234,1.8565246628820269,False,False,0
raw,7,148,307.55910821235102,984.79525022099165,2.0356811252397762,False,False,0
raw,7,149,307.56162838949683,1004.1222475641582,1.7175715124067068,False,False,0
raw,7,150,307.57386553864507,1016.2307311805423,1.6281894568893369,False,False,0
raw,7,151,307.66845744350161,948.38388598565666,2.0070551345952854,False,False,0
raw,7,152,307.70802485302801,958.38063553305096,1.3173833018659868,False,False,0
raw,7,153,307.74913115167641,966.07883069713353,1.1927710946474175,False,True,0.0085859905914975054
raw,7,154,307.75093171613941,886.03166147409945,1.5907606289736753,False,False,0
raw,7,155,307.78009242522364,931.96654572243096,1.1309280493599356,False,True,0.01546946589364967
raw,7,156,307.80434406249987,859.68992750194036,2.0375349565306573,False,False,0
raw,7,157,307.85939946465271,885.74600718463398,1.3319781573836087,False,False,0
raw,7,158,307.88242811092613,859.78894921954179,1.4572851863112399,False,False,0
raw,7,159,307.92214728071616,803.12839210856259,1.8890283136509929,False,False,0
raw,7,160,307.9699674774688,904.32574432011677,0.86075573562762298,False,True,0.034426453521772718
raw,7,161,308.0049737558723,896.58127893277731,0.82390773892277469,False,True,0.03709353822562915
raw,7,162,308.11885745138545,736.98236489296733,1.5124361196682186,False,False,0
raw,7,163,308.13381841773082,870.8599865653423,0.71820297428693269,False,True,0.04421628661504777
raw,7,164,308.14836912422783,771.92834137030832,0.91598024938206457,False,True,0.033955338879678498
raw,7,165,308.15336815027803,709.78401684823552,2.879862036595318,False,False,0
raw,7,166,308.18843450657658,762.99119730000564,0.88005240747874414,False,True,0.036374678670901661
raw,7,167,308.24937111190081,744.80501871238266,0.93922615454351366,False,True,0.030729724142929182
raw,7,168,308.27628261783309,677.60385349426122,2.2429711936410222,False,False,0
raw,7,169,308.28878392715768,821.85120881712703,0.62170162184660072,False,True,0.05071465471341155
raw,7,170,308.33132436671883,703.49052332543863,1.109315901178352,False,True,0.016749396066153888
raw,7,171,308.35735107118944,815.50585065143741,0.60797665561756187,False,True,0.050347426659539375
raw,7,172,308.4025089715787,792.20383021311977,0.71210730330753247,False,True,0.041274849497873856
raw,7,173,308.40449216290801,790.65582131422673,0.71370489834295014,False,True,0.041193383832033414
raw,7,174,308.47549980895838,686.47152416623817,1.8490352011367328,False,False,0
raw,7,175,308.50258794528531,728.60535818053677,0.84269340865038078,False,True,0.03178478687256836
raw,7,176,308.52709264117721,661.75857895581748,1.2643705186668468,False,True,0.00029779801622059621
raw,7,177,308.58013315955492,693.79521125468193,0.96446538162632578,False,True,0.021555381657168582
raw,7,178,308.64959191482978,753.82068774397112,0.66666223447134776,False,True,0.039926122067262947
raw,7,179,308.65516966146049,563.3846007864787,2.1426722842242674,False,False,0
raw,7,180,308.68415541032806,750.35075103808117,0.67229129738343296,False,True,0.038580867564794813
raw,7,181,308.68530464329854,645.42036169422215,1.181482697436798,False,True,0.0033604505388060701
raw,7,182,308.7085695162329,523.11631052822281,2.5192462063670695,False,False,0
raw,7,183,308.7544151705676,556.44794380067458,1.9763324893320107,False,False,0
raw,7,184,308.77522231560215,617.40011778286112,1.4217084316131121,False,False,0
raw,7,185,308.84601431652464,571.65695365118984,1.6934204018607062,False,False,0
raw,7,186,309.00152651489327,546.81771473076333,1.8044551830253566,False,False,0
raw,7,187,309.018346789264,401.40966263499098,3.2386871625187692,False,False,0
raw,7,188,309.09177389988827,172.09035089114218,4.7847953407623756,False,False,0
raw,7,189,309.09963721368268,519.33269426851064,1.9596400519626194,False,False,0
raw,7,190,309.15411913708976,511.08949735826383,1.990872028226871,False,False,0
raw,7,191,309.19059510472857,492.59489343807684,2.0984198727483472,False,False,0
raw,7,192,309.2249967257099,463.30844615743604,2.2392083331201151,False,False,0
raw,7,193,309.28956058507703,268.5930840248115,2.5754512105144904,False,False,0
raw,7,194,309.40697871611184,449.33601880371896,2.2810278803444595,False,False,0
raw,7,195,309.42828164647233,263.90086994263157,3.5662420230710388,False,False,0
raw,7,196,309.4714302616357,423.66972342673819,2.359843737565265,False,False,0
raw,7,197,309.53190830750344,419.20157074718156,2.4055794684056719,False,False,0
raw,7,198,309.75777637130278,231.64917522294434,2.6726898249336899,False,False,0
raw,7,199,309.85990209747274,297.05376275201195,1.2337414314006327,False,False,0
raw,7,200,309.88164089506745,291.21061901030805,1.2147016037568452,False,False,0
raw,7,201,309.952985577199,226.52946239252884,1.6847635674588828,False,False,0
raw,7,202,310.00581806400612,247.75970341597935,1.4462720707709122,False,False,0
raw,7,203,310.07376375936997,181.26993907078565,4.0801436728983482,False,False,0
raw,7,204,310.10755488195429,186.79003849102355,2.466785844622021,False,False,0
raw,7,205,310.1910002954088,226.27494726095034,1.0782839928690571,False,False,0
raw,7,206,310.26441109897013,166.1429613536547,2.5814273768539158,False,False,0
raw,7,207,310.31986733723932,181.48865957313433,2.3474009272846876,False,False,0
raw,7,208,310.36098890530207,210.15137963159361,1.2199193912185002,False,False,0
raw,7,209,310.42584396654445,174.6709851177381,1.6290801050741104,False,False,0
raw,7,210,310.56310513070207,198.12611329374312,1.0432755230354411,False,False,0
raw,7,211,310.60789883113921,104.10333604648326,3.8891030259501904,False,False,0
raw,7,212,310.6295180398867,203.81077608012788,0.75357168184318546,False,True,0.0094746370502448163
raw,7,213,310.72388436767847,93.9862759044006,3.8745356119462366,False,False,0
raw,7,214,310.85439013073199,91.427519869170283,3.7154423288874092,False,False,0
raw,7,215,310.93435210794451,184.33444414864391,0.47470310625993051,False,True,0.024579017683323101
raw,7,216,310.99947673113252,178.07145024995685,0.48062387920667149,False,True,0.022397836854483877
raw,7,217,311.0940928410692,161.86495040726794,0.59022382201821344,False,True,0.011190216567994959
raw,7,218,311.10483401357726,161.10398633793051,0.59456761976522809,False,True,0.010522891596318196
raw,7,219,311.21081215197933,156.16757374611279,0.41081836492693036,False,True,0.023014775463737092
raw,7,220,311.27582166430494,79.243408997267807,3.8193266632297465,False,False,0
raw,7,221,311.34422293030127,78.769007763010109,3.9726504457093488,False,False,0
raw,7,222,311.4679709146007,140.93386052480696,0.38233805283765143,False,True,0.018074966772095524
raw,7,223,311.49867087868273,136.95360467297576,0.77901886306907109,False,False,0
raw,7,224,311.61985313031965,73.076249010725633,4.3031678977108712,False,False,0
raw,7,225,311.63595848832159,64.903440553199403,3.9801612096007335,False,False,0
raw,7,226,311.73265634718877,97.676350048791733,1.7860992173451162,False,False,0
raw,7,227,311.77348510920956,114.82033760931267,0.5464335846488515,False,False,0
raw,7,228,311.77574940753703,75.042772047727226,3.9440100080751668,False,False,0
raw,7,229,311.82689976401252,112.46265548884969,0.57447411921059466,False,False,0
raw,7,230,311.85876943048146,111.60304041222594,0.49694927875562644,False,False,0
raw,7,231,311.935341299838,89.504550718866312,2.0225756992558823,False,False,0
raw,7,232,312.03930910562167,81.887863377591657,2.1479589006702042,False,False,0
raw,7,233,312.05517248063853,69.13614576283328,1.641436218792693,False,False,0
raw,7,234,312.14570634266147,66.595718779884464,1.3736716595292444,False,False,0
raw,7,235,312.25586768112555,80.973607882069473,0.72209556015964882,False,False,0
raw,7,236,312.26535198032553,46.355818513875761,1.359080314966687,False,False,0
raw,7,237,312.29242502019105,44.832457761668138,1.491838975892616,False,False,0
raw,7,238,312.40491318041722,41.116456812609158,1.0171278857952739,False,False,0
raw,7,239,312.46424912949874,35.576617207683057,1.018726923935068,False,False,0
raw,7,240,312.48624992451283,58.810249357823864,0.96739701851975468,False,False,0
raw,7,241,312.54608557698572,24.827164550298789,1.2929047271797911,False,False,0
raw,7,242,312.64773365341864,17.817995509459251,1.3078409143688159,False,False,0
raw,7,243,312.66159038697168,30.562672133256115,0.8128117921476985,False,False,0
raw,7,244,312.8054417660818,31.809381628763276,0.81220474752717209,False,False,0
raw,7,245,312.84208485100413,9.0633966384408495,1.1984066540856917,False,True,0.0015774761465030297
raw,7,246,312.89738976856756,14.380772931166007,1.0959152499532561,False,False,0
raw,7,247,312.99224236567125,16.331986584357082,0.97866210109182372,False,False,0
raw,7,248,313.06662954279625,1.5960510165748474,1.1022942452230504,False,True,0.0033338148361967308
raw,7,249,313.11324579613898,-9.2937233059208211,2.0679661248370413,True,True,0.01145289606087045
raw,7,250,313.12976300179696,1.2261164879561193,1.0877591576557215,False,True,0.0031649873074007726
raw,7,251,313.22054823877022,-13.45639040947276,1.0800207432476903,True,True,0.0089853068379928576
raw,7,252,313.40279178183687,-19.893250819847594,1.2274968517644229,True,True,0.011503489674380155
raw,7,253,313.52148769188096,-25.123229002768085,1.7741543317816415,True,True,0.015307062245971257
raw,7,254,313.60677451108376,-26.480832003863725,1.7538987797920367,True,True,0.015441139911051095
raw,7,255,313.65946706559845,-25.193455101839277,1.73526500879961,True,True,0.014597155380678045
raw,8,0,301.84967839540781,1456.3627153713826,8.8309451794059513,False,True,0.00093657385862143481
raw,8,1,301.85174143845956,1438.3049486224381,8.7363016452087852,False,False,0
raw,8,2,301.85937374213279,1405.1110620418317,8.6483309109921773,False,False,0
raw,8,3,301.85990170017959,1389.2824380919428,8.5596259442341509,False,False,0
raw,8,4,301.86345899315745,1370.6857442683531,8.509370902957734,False,False,0
raw,8,5,301.86760959805446,1359.23060381194,8.4546624238055408,False,False,0
raw,8,6,301.86792900533413,1357.7077256505966,8.4508215845835934,False,False,0
raw,8,7,301.8840389339195,1332.688186019006,8.3195564991040456,False,False,0
raw,8,8,301.89021828805863,1325.4050103654502,8.3117881401217737,False,False,0
raw,8,9,301.89742806490386,1295.0821039297666,8.217906639627838,False,False,0
raw,8,10,301.89747899925044,1294.9904140966173,8.2175432858029804,False,False,0
raw,8,11,301.90429912334389,1281.0045371625715,8.1675752854438279,False,False,0
raw,8,12,301.91887875231367,1268.8272496133188,8.1272771284301832,False,False,0
raw,8,13,301.92084587127249,1256.7640228083003,8.0712518611697988,False,False,0
raw,8,14,301.93649744065698,1246.9232972026552,8.0050525497079903,False,False,0
raw,8,15,301.94177054758131,1233.9236859077,7.9449053941854739,False,False,0
raw,8,16,301.94613303197491,1227.5895316411948,7.9155861649119128,False,False,0
raw,8,17,301.96257706741875,1206.1148078239301,7.8609523440766234,False,False,0
raw,8,18,301.97667297764116,1217.4370689846214,7.85107045022598,False,False,0
raw,8,19,301.99137614952969,1200.9701686966428,7.7547667336126018,False,False,0
raw,8,20,302.02467758418493,1170.4312214129086,7.6521309738022696,False,False,0
raw,8,21,302.03853505693894,1139.146242111766,7.575436406158345,False,False,0
raw,8,22,302.04479462453418,1135.1805926953737,7.5736612881235805,False,False,0
raw,8,23,302.0824372746975,1125.8897442249397,7.4635561273913993,False,False,0
raw,8,24,302.12292459544375,1078.5738599761573,7.3051321494622918,False,False,0
raw,8,25,302.12962367502303,1077.3485774046596,7.2789030228105558,False,False,0
raw,8,26,302.15737776264541,1058.0362298155399,7.2448591227850612,False,False,0
raw,8,27,302.19347500870504,1034.3212613652393,7.1473338489702645,False,False,0
raw,8,28,302.20645291462694,1032.3834467998354,7.1585316246692035,False,False,0
raw,8,29,302.22329571419419,1018.1526008523444,7.0690814806771316,False,False,0
raw,8,30,302.24588580368066,1006.5687209348323,7.0335468952343989,False,False,0
raw,8,31,302.31520378009856,973.49994148747123,6.8998044561526521,False,False,0
raw,8,32,302.32502623420055,979.15571917939121,6.8559856676900637,False,False,0
raw,8,33,302.35762387619167,954.6917447670437,6.8250368780262445,False,False,0
raw,8,34,302.40481952176333,934.49282592375721,6.7466981398160772,False,False,0
raw,8,35,302.42376646171488,927.68344566654946,6.7211506024354257,False,False,0
raw,8,36,302.47566656389273,928.6734121039359,6.6358255894217955,False,False,0
raw,8,37,302.47793255908715,906.81964133640929,6.6271710013377811,False,False,0
raw,8,38,302.53221840267742,884.14900631996306,6.5239848126689246,False,False,0
raw,8,39,302.58540389350287,866.73132145994123,6.4224065007076572,False,False,0
raw,8,40,302.60918903699383,862.77440797205634,6.4620648794521118,False,False,0
raw,8,41,302.66633035773577,847.6035803532601,6.5137041511858245,False,False,0
raw,8,42,302.69749755603931,858.11306381277359,6.3372303074646545,False,False,0
raw,8,43,302.76015392737628,813.35780626982955,6.2220008986135298,False,False,0
raw,8,44,302.82321905921236,803.4031020426512,6.2380753665323834,False,False,0
raw,8,45,302.87577616554159,777.67527643705785,6.1256086611542182,False,False,0
raw,8,46,302.91033032671515,534.9636256882103,4.9805895243835563,False,False,0
raw,8,47,302.92035741079343,640.25748888039323,4.3425328235229337,False,False,0
raw,8,48,302.94756565599766,470.89225488115818,4.548570034137156,False,False,0
raw,8,49,302.98079972779215,625.47672429876002,4.1147755105423549,False,False,0
raw,8,50,302.98104464671229,558.14222798913306,4.3103060011562313,False,False,0
raw,8,51,303.00609693374327,433.83175264875968,4.8085886051170252,False,False,0
raw,8,52,303.03595907465274,595.15991021557863,3.9291873484507951,False,False,0
raw,8,53,303.05748719820758,578.36274214388027,4.0451757696135386,False,False,0
raw,8,54,303.08675824088351,583.41468779906268,3.9915405957559633,False,False,0
raw,8,55,303.10392632353677,459.45267952503968,4.5418680566993714,False,False,0
raw,8,56,303.12759849475134,413.7262539138485,4.4891872930670242,False,False,0
raw,8,57,303.20294548287404,382.81243267138342,4.938689968382981,False,False,0
raw,8,58,303.22119098072579,358.11694059295223,5.3556700223797709,False,False,0
raw,8,59,303.23926960958994,390.58596310765876,4.7774488741693268,False,False,0
raw,8,60,303.2620994830059,484.08897132116135,4.0792226006673697,False,False,0
raw,8,61,303.31959773585749,339.03967205757374,6.1353387874892382,False,False,0
raw,8,62,303.36415633393341,321.98204410587402,6.0794707189828658,False,False,0
raw,8,63,303.36720295803599,304.50438268189458,5.5618181506596907,False,False,0
raw,8,64,303.42181665678947,339.20594388794422,5.0974360761913564,False,False,0
raw,8,65,303.5043816347349,426.9349950417772,4.4234228781264457,False,False,0
raw,8,66,303.5087334212385,466.35640128811974,3.729047630002909,False,False,0
raw,8,67,303.52409569066799,451.25675495849771,4.2702896418135623,False,False,0
raw,8,68,303.58354743671589,398.51626750190741,4.2475567282682212,False,False,0
raw,8,69,303.60199053637677,538.63031835796801,3.6436648435060586,False,False,0
raw,8,70,303.61444254508763,627.18997366262261,3.4653857075515919,False,False,0
raw,8,71,303.66044268793581,405.56360857600993,3.853518307279765,False,False,0
raw,8,72,303.68792244706162,293.25994374190344,5.0454784742983456,False,False,0
raw,8,73,303.68914446640991,404.42927936452287,3.8153751376184855,False,False,0
raw,8,74,303.72065515651246,350.67890922059252,4.5151245273236089,False,False,0
raw,8,75,303.8017685905715,373.58997359799503,3.8591290521981212,False,False,0
raw,8,76,303.81108211371134,343.12857752330012,4.0753715274502991,False,False,0
raw,8,77,303.92348238578296,300.56140666929417,4.5913742639947674,False,False,0
raw,8,78,303.97293104549306,279.08633774610843,5.0080013573817128,False,False,0
raw,8,79,304.04031283934006,266.57625513267027,5.2064697438358456,False,False,0
raw,8,80,304.1084619728374,287.32202828659985,4.6724259723934418,False,False,0
raw,8,81,304.16981404429544,2018.988949714681,3.4200577155202856,False,False,0
raw,8,82,304.17638545517138,327.68714676942722,4.1335065732199618,False,False,0
raw,8,83,304.22192861668628,286.06416448329361,4.6508149262296454,False,False,0
raw,8,84,304.27042751214361,2008.4038532966115,3.2540143839650826,False,False,0
raw,8,85,304.43354555048711,252.92418503136713,5.312373114697591,False,False,0
raw,8,86,304.46452339224123,1933.0953595335095,3.2262447045343956,False,False,0
raw,8,87,304.49630418273472,1920.9799036566078,3.3006489167274093,False,False,0
raw,8,88,304.55309897518225,2111.3374193908712,3.116381821633448,False,True,0.026704495721089822
raw,8,89,304.55798812810292,2099.9252765898204,3.0654318812626253,False,True,0.027836483187051897
raw,8,90,304.5993890939024,2058.7541293559525,2.9246422996274277,False,True,0.029586721856209364
raw,8,91,304.69695529688141,1866.766691452478,3.1401799177726653,False,False,0
raw,8,92,304.69996802696517,1810.7225842990406,3.4403600114830799,False,False,0
raw,8,93,304.74112942129045,2032.5804076336485,2.7563042979249412,False,True,0.03983270258224747
raw,8,94,304.76695200174663,1839.4552438723344,3.3598881655115598,False,False,0
raw,8,95,304.79586449369543,253.21231224126996,5.2099614635985416,False,False,0
raw,8,96,304.82082219598158,1992.924245593787,2.6694396088530681,False,True,0.039268359013130694
raw,8,97,304.8845160377835,1969.6338793386226,2.6426315349408904,False,True,0.037731270731126115
raw,8,98,304.98038312511,1980.1467269972914,2.5770011191992546,False,True,0.047760959112199797
raw,8,99,305.04381423782746,1830.4902636151119,2.9873846301372788,False,False,0
raw,8,100,305.06317107745599,1815.8605529704018,2.9691587897791818,False,False,0
raw,8,101,305.10120842219868,1787.6181290922941,3.164856593030779,False,False,0
raw,8,102,305.12443240138941,1880.6415984691239,2.6359484528948962,False,True,0.02494263355311746
raw,8,103,305.21675552637515,1950.2465759615047,2.4911816967552736,False,True,0.054167246476744479
raw,8,104,305.25602558512287,1909.0686718534175,2.4690209137709549,False,True,0.047413883769527931
raw,8,105,305.32740342354896,163.52934010696504,6.2669213677283437,False,False,0
raw,8,106,305.32951146756096,1860.6217241130639,2.5709235920605802,False,True,0.031200330762281958
raw,8,107,305.34701472750498,1793.5377718186623,2.941978849610317,False,False,0
raw,8,108,305.36977652175256,1777.6288239527476,2.9407913517262037,False,False,0
raw,8,109,305.41140667241183,1785.0637891621614,2.8295943051337402,False,False,0
raw,8,110,305.44362276606427,1761.5783180943217,2.9107800132455637,False,False,0
raw,8,111,305.47351105644123,146.2883783940714,6.3808312735900001,False,True,0.0040419924627161262
raw,8,112,305.50518560197105,1746.3832738170076,3.1374558305659894,False,False,0
raw,8,113,305.55947079259499,1687.6562422810985,3.0833802659708387,False,False,0
raw,8,114,305.56103332911795,1655.4408556124001,3.2439002517267617,False,False,0
raw,8,115,305.63119781072515,1756.4078006425198,2.5854763629950819,False,True,0.015266169077811476
raw,8,116,305.66621396305231,1672.8248984903012,3.0492586492472307,False,False,0
raw,8,117,305.69085473129996,1727.5354014195532,2.7217700336001491,False,True,0.00071408723955398989
raw,8,118,305.78901351172755,1716.9434707835132,2.5647930699472479,False,True,0.01242636965134078
raw,8,119,305.87514477447326,1629.6843120968831,3.2082093681394013,False,False,0
raw,8,120,305.90301446517992,1531.9651390574722,3.4332007119897554,False,False,0
raw,8,121,306.03157634932182,1670.8537572462983,2.6081611028610889,False,True,0.0060873762178313973
raw,8,122,306.04881828491278,1596.163510708539,2.9602254801827441,False,False,0
raw,8,123,306.06982650553465,1620.9573589644074,2.8679581172575386,False,False,0
raw,8,124,306.10420522025964,1648.6892107713659,2.5928780476839832,False,True,0.0042641635454050697
raw,8,125,306.12600403815577,1512.3981884248619,3.3004672524313987,False,False,0
raw,8,126,306.13113071461328,1610.2994293537749,2.6654576914116603,False,False,0
raw,8,127,306.16538130019086,1488.7656866026296,3.3567623529281918,False,False,0
raw,8,128,306.2388324260678,1563.283354437189,2.7892551090369757,False,False,0
raw,8,129,306.26832516403465,1544.4567909031739,2.7968512587772194,False,False,0
raw,8,130,306.32222407480367,1578.6295067461349,2.6290532464198693,False,False,0
raw,8,131,306.39004828852569,1497.0243503302966,2.9798852466851091,False,False,0
raw,8,132,306.43880113976223,1507.4274413440182,2.8128641133766337,False,False,0
raw,8,133,306.52966088494406,1531.5814803873072,2.5115594313820422,False,False,0
raw,8,134,306.64089889501594,1421.0325821481983,2.9197441393763608,False,False,0
raw,8,135,306.70476735573294,1380.2919573282552,3.0316641264604427,False,False,0
raw,8,136,306.70960070780166,1453.2947187778543,2.6254425338092569,False,False,0
raw,8,137,306.79563032434862,1317.7770841317583,3.2558047838403086,False,False,0
raw,8,138,306.84664519967976,1385.9745954875166,2.6256314015551099,False,False,0
raw,8,139,306.89609405726401,1307.0401044531275,3.122896728504962,False,False,0
raw,8,140,306.97043890874215,1344.6082288852406,2.9063414752393171,False,False,0
raw,8,141,307.04997447437074,1253.7410053202193,3.329346336114662,False,False,0
raw,8,142,307.07683661437528,1241.9025556564438,2.9533414194072183,False,False,0
raw,8,143,307.21867583412757,179.47364279623184,5.9378411838566461,False,False,0
raw,8,144,307.30023764965375,1139.5367602706542,3.3966136794089099,False,False,0
raw,8,145,307.339106276378,1191.5459545642298,2.8118583315972976,False,False,0
raw,8,146,307.37268515671377,1180.916919507556,2.900539338279057,False,False,0
raw,8,147,307.42204280390047,1162.8927219999382,2.9038817313306153,False,False,0
raw,8,148,307.47209381553495,1110.9550473591576,2.5429050474298176,False,False,0
raw,8,149,307.53641717790032,1058.2840608435076,3.3562311391915061,False,False,0
raw,8,150,307.55512824214799,1090.0325034398281,2.7562898845450654,False,False,0
raw,8,151,307.59601412595271,228.62332770216358,5.2802576849164984,False,False,0
raw,8,152,307.65415278910285,1149.3472051352478,2.1821261938461336,False,False,0
raw,8,153,307.67183326360839,188.55483053172145,5.7030653893907353,False,False,0
raw,8,154,307.72487566650176,1130.0432407563731,2.1342719459220487,False,False,0
raw,8,155,307.73119008024196,1041.4958010872961,2.2634039219445428,False,False,0
raw,8,156,307.77815958681697,1067.7923879855198,2.0524514378427661,False,False,0
raw,8,157,307.80224165022418,1016.5455474964137,3.2382447410724047,False,False,0
raw,8,158,307.87390610653858,991.00731807402019,2.5335023698538022,False,False,0
raw,8,159,307.95900588587546,241.13764930341637,5.1784898615099486,False,False,0
raw,8,160,307.95945131651365,970.06959611988054,2.6934295836008357,False,False,0
raw,8,161,308.05366954640539,207.21828649588264,5.4362408293144266,False,False,0
raw,8,162,308.11117888904926,960.41759633023275,2.4063575110081952,False,False,0
raw,8,163,308.11349210742139,1021.7331597790436,1.9229810050303207,False,False,0
raw,8,164,308.15208950407492,944.08666924213423,2.0085618712367359,False,False,0
raw,8,165,308.249470560916,197.86362468064499,5.4691250863962448,False,False,0
raw,8,166,308.31017527205046,787.35940560039489,2.7398508406902784,False,False,0
raw,8,167,308.36704231968895,902.66156515950604,1.6427474215766438,False,False,0
raw,8,168,308.41526176019136,186.60287774087601,5.329918927822753,False,False,0
raw,8,169,308.43524774552725,813.75171962863487,2.6544554447001736,False,False,0
raw,8,170,308.49362421148084,770.57685651785471,3.0023287034634634,False,False,0
raw,8,171,308.65680769052136,829.41289685425181,1.6171068164918454,False,False,0
raw,8,172,308.69356185013226,887.23300283425738,1.4978120700881838,False,False,0
raw,8,173,308.73105420133658,723.68073085328388,2.3981516915127807,False,False,0
raw,8,174,308.75980626382335,175.19332211494577,4.8689412878808049,False,False,0
raw,8,175,308.83663382295219,883.26063364296976,1.4754472838494683,False,False,0
raw,8,176,308.86135476526789,179.70401753563795,4.3897445245198785,False,False,0
raw,8,177,308.95019716017572,548.74209491684906,3.30704147924203,False,False,0
raw,8,178,308.99911333815083,798.13344654549303,1.5740641031489275,False,False,0
raw,8,179,309.02080886678118,149.28642458706065,5.991378819389876,False,False,0
raw,8,180,309.02950029577329,686.15827820702089,2.1938082133570602,False,False,0
raw,8,181,309.04923798839167,107.26198054506142,6.4847374974920617,False,False,0
raw,8,182,309.10380809816729,157.21165096641926,5.2549658658646585,False,False,0
raw,8,183,309.13055978380174,90.803215762581658,6.7536180990083388,False,True,0.0081883164263550808
raw,8,184,309.13918587634447,735.15180141027656,1.9366454194179474,False,False,0
raw,8,185,309.16818874838845,712.94982679652708,1.9505773500458905,False,False,0
raw,8,186,309.23410764746961,647.40958800903343,2.4180378151025694,False,False,0
raw,8,187,309.23852393409419,760.17127515062498,1.6741771746371095,False,False,0
raw,8,188,309.25653064209592,504.63974914455224,3.6524982649139099,False,False,0
raw,8,189,309.25931562356425,81.42653337459933,6.9283619560994794,False,True,0.014065669634418763
raw,8,190,309.27354174480331,516.53415009393984,3.0932238117876585,False,False,0
raw,8,191,309.30311930693387,61.833446277299686,6.9789312316597387,False,True,0.022893562812349486
raw,8,192,309.32566800386945,516.32958734501403,3.1720663164540244,False,False,0
raw,8,193,309.43086570362237,697.74968219730488,2.1184548069229807,False,False,0
raw,8,194,309.5044842839697,750.52015469339358,1.7235584478507828,False,False,0
raw,8,195,309.5243426880117,403.41803562821008,3.4888119098768877,False,False,0
raw,8,196,309.55681415262615,170.66413576733896,4.2115186431790983,False,False,0
raw,8,197,309.60066378964365,641.60889029307043,2.4205442538286071,False,False,0
raw,8,198,309.64139536749656,618.75666924065922,2.3142660945507774,False,False,0
raw,8,199,309.65909902044683,712.80955607865201,1.9713957441823808,False,False,0
raw,8,200,309.76972139797823,609.95729019895384,2.3546955957197833,False,False,0
raw,8,201,309.86269115026425,487.87359292769008,2.7112849086985316,False,False,0
raw,8,202,309.89836384618582,676.51178666961005,2.0840355181115635,False,False,0
raw,8,203,309.92308584490388,712.44376513362715,1.9825987061787771,False,False,0
raw,8,204,309.96714179505534,142.64201337850352,3.9012614555612828,False,False,0
raw,8,205,310.08202158644332,702.82991248049746,2.031194590550824,False,False,0
raw,8,206,310.16391625080041,130.62633389095856,3.7238893131220676,False,False,0
raw,8,207,310.20411516478958,86.284982577797336,5.7912788305554832,False,False,0
raw,8,208,310.25769603983605,83.77536325534345,5.8472700584588067,False,False,0
raw,8,209,310.2930389489477,664.23394614104222,2.1730364442049623,False,False,0
raw,8,210,310.31190683045179,640.55935190117282,2.2889054467816377,False,False,0
raw,8,211,310.40164867112532,566.23751585363107,2.6417241726799698,False,False,0
raw,8,212,310.46806767203566,97.319510523088297,4.6670714666944315,False,False,0
raw,8,213,310.52067554477912,216.56530118642098,1.8894858396498231,False,False,0
raw,8,214,310.62777542766287,76.661887753100473,5.6322923676626964,False,False,0
raw,8,215,310.72295118243704,203.85430020133333,1.6509265614008513,False,False,0
raw,8,216,310.80119661148387,53.499546894541368,6.4093036249485742,False,True,0.017827933407626482
raw,8,217,310.89195325345605,165.58006763208027,1.570612417037343,False,False,0
raw,8,218,310.99651538128887,176.91709247311837,1.43202125555844,False,False,0
raw,8,219,311.10175747239401,134.34693627951845,1.5349907469354065,False,False,0
raw,8,220,311.15399805141175,88.258554902803894,5.5187726523380523,False,False,0
raw,8,221,311.19700080404397,150.32023119926214,1.211711324905413,False,False,0
raw,8,222,311.25013522729836,61.332344284354349,6.1488483327702443,False,True,0.010879252022659637
raw,8,223,311.31203020706158,84.133220572304708,3.9965925079081694,False,False,0
raw,8,224,311.34551773566841,57.452496358913095,6.0596900884255236,False,True,0.011345454285725098
raw,8,225,311.40773565102319,109.99934245513157,1.832790149486363,False,False,0
raw,8,226,311.51607731893046,118.51035310487555,0.93977534268263696,False,False,0
raw,8,227,311.5922028172339,103.33552960909753,1.3865329810445557,False,False,0
raw,8,228,311.73774597493957,85.485024418701983,1.3792248394639541,False,False,0
raw,8,229,311.84288403804453,74.013881298105048,1.288384079929541,False,False,0
raw,8,230,311.91596470864704,70.813764133545646,1.2426295283206921,False,False,0
raw,8,231,311.91728308468271,66.245346950219755,1.2905724128708371,False,False,0
raw,8,232,312.0051284563832,65.648128954995514,1.0798302094545837,False,False,0
raw,8,233,312.01492614153494,64.957705126233691,1.0742513756135583,False,False,0
raw,8,234,312.08777295232909,54.496927427674564,1.1419689876225156,False,False,0
raw,8,235,312.149274019492,53.348121783073907,1.0247462566949581,False,False,0
raw,8,236,312.19380683419263,45.269660124742586,1.0400529146911399,False,False,0
raw,8,237,312.20364662726536,45.711899031501957,1.0089566590001207,False,False,0
raw,8,238,312.24375966614821,38.0275459621447,0.9605987132444076,False,False,0
raw,8,239,312.30103441526796,35.222209722698722,1.1280279450272612,False,False,0
raw,8,240,312.35620572769619,31.002484912760565,1.1808622898923318,False,False,0
raw,8,241,312.45608024517054,23.035397284778128,0.84660386130957477,False,False,0
raw,8,242,312.51796655588794,17.642123028514334,0.81174291837203949,False,False,0
raw,8,243,312.53353894527879,18.856418896465584,0.77565101467125519,False,False,0
raw,8,244,312.55223865870988,16.580505225806746,0.91350565173697706,False,False,0
raw,8,245,312.66352346333895,10.173879850795288,0.70035696020881222,False,True,0.0011996620839439141
raw,8,246,312.72796839043491,8.9999613922948356,0.64217502014511307,False,True,0.0011454703306977608
raw,8,247,312.74634357251881,5.427520454447631,0.66395924118157978,False,True,0.0025506398284782903
raw,8,248,312.8634792939136,-3.9907662634133203,0.73093035001605511,True,True,0.0057575495530515384
raw,8,249,312.92132177078554,12.419850679319666,0.53960356864150327,False,False,0
raw,8,250,312.94291658408611,20.079714966223264,0.46148245566705981,False,False,0
raw,8,251,313.06362177839657,-8.5001673283841228,0.58449855334511014,True,True,0.0059985441488244022
raw,8,252,313.12160617522159,1.7936047383268487,0.41863287088713452,False,True,0.0041269186766907792
raw,8,253,313.17244979399476,-11.570309098142729,0.67285740711375475,True,True,0.0068494348663793968
raw,8,254,313.20799204827398,-3.2759981330856363,0.49292136347773052,True,True,0.0025976211179667939
raw,8,255,313.29984654056125,-9.6512296673776063,0.59952531097527739,True,True,0.0051919076432420316
raw,9,0,301.58743196853789,446.57533888688585,6.934990908566582,False,True,0.064466285403890308
raw,9,1,301.63061603843818,441.04799296311859,6.8827123722523371,False,True,0.060519910686480202
raw,9,2,301.68591545179379,405.11293212824529,6.4569095096806537,False,True,0.044322648994362654
raw,9,3,301.71883683628585,402.62233948351331,6.4147963691573242,False,True,0.040919251954973507
raw,9,4,301.72028825012541,401.89043470991669,6.3590223921619486,False,True,0.03846178077552119
raw,9,5,301.76352453537453,390.81074679951024,6.2374694708854062,False,True,0.032358010303626936
raw,9,6,301.81693931679314,374.48360906438421,6.1417747452208555,False,True,0.027705634529451836
raw,9,7,301.82169038010022,376.24493780404543,6.1035727124402053,False,True,0.025414936666262516
raw,9,8,301.92606137308803,355.02047322297682,5.9623651039009609,False,True,0.016552940231886998
raw,9,9,302.0201592009185,340.65447829714611,5.7813683663265127,False,True,0.0053468949842269131
raw,9,10,302.06435756612888,334.9890185535499,5.7267594909898101,False,True,0.0012598941264920296
raw,9,11,302.10769259374484,323.6895507323627,5.6754049527555104,False,False,0
raw,9,12,302.12741172638374,320.49053370014786,5.6578901764001905,False,False,0
raw,9,13,302.20657680582678,306.9274669033374,5.8688162360302822,False,True,0.0040095157392630448
raw,9,14,302.22224777091225,359.20680015660122,5.5878340695797437,False,False,0
raw,9,15,302.27938402560909,303.03010419820185,5.5184243198985037,False,False,0
raw,9,16,302.3318511555068,294.96909901077788,5.6322059255398269,False,False,0
raw,9,17,302.42110693512893,305.05396636179654,5.4400466572422115,False,False,0
raw,9,18,302.48672593956593,284.39304417522345,5.6155012008267553,False,False,0
raw,9,19,302.53797575311194,285.41067818823512,5.4508420294265738,False,False,0
raw,9,20,302.60333481783465,281.12761953705245,5.7659702028907764,False,False,0
raw,9,21,302.67164850899417,281.10851761772574,5.5401890387194168,False,False,0
raw,9,22,302.78030875157668,276.2453937075519,5.8477860075592263,False,False,0
raw,9,23,302.80526896411914,275.4758788621341,5.8224986789896409,False,False,0
raw,9,24,302.87555494845878,1884.669026935125,4.4019136663527547,False,False,0
raw,9,25,302.87970428645338,1870.4569914530407,4.4154225542218519,False,False,0
raw,9,26,302.88110148327269,1847.3744618347114,4.4636947304528398,False,False,0
raw,9,27,302.88483599694007,1835.4635694928427,4.4826456434199766,False,False,0
raw,9,28,302.89365881308044,1817.411448068249,4.503302453074487,False,False,0
raw,9,29,302.89422149094065,1902.3357050446327,4.3597490432430375,False,False,0
raw,9,30,302.89826194494168,1790.7292708641489,4.5387081733404147,False,False,0
raw,9,31,302.90044094447632,1909.365725452519,4.3353560858111129,False,False,0
raw,9,32,302.90636158529571,1993.0320563124972,4.1632266711611479,False,False,0
raw,9,33,302.90894531839501,1943.8569320041152,4.3072176477528377,False,False,0
raw,9,34,302.91084908968583,1957.6958819112874,4.2276741466447021,False,False,0
raw,9,35,302.91725723001895,1768.6742262116193,4.6100591770329968,False,False,0
raw,9,36,302.91791688995636,1773.8298044832352,4.5909009701683026,False,False,0
raw,9,37,302.92297389803201,2011.4919676934355,4.0921397975546476,False,False,0
raw,9,38,302.93096300800642,1741.5251476704204,4.6117653678582053,False,False,0
raw,9,39,302.93497163524523,1970.8568140544107,4.1962194843341081,False,False,0
raw,9,40,302.94187076179242,2033.9432549251349,4.0009215492855521,False,False,0
raw,9,41,302.94574466673549,1735.8615524634261,4.6780401389422339,False,False,0
raw,9,42,302.94802819027859,1945.3736457599719,4.2722003736700032,False,False,0
raw,9,43,302.95210929396137,1994.5357049661068,4.0986511035162758,False,False,0
raw,9,44,302.96145781234242,1718.6127135515896,4.6852409040749805,False,False,0
raw,9,45,302.97029837333196,1694.7165764844599,4.760789927487397,False,False,0
raw,9,46,302.99290961454921,2045.0213834963754,3.9106375956144768,False,False,0
raw,9,47,302.99668541316566,1673.9438193462288,4.7430670622414395,False,False,0
raw,9,48,303.00916463826468,1668.8636174267463,4.9317978559918014,False,False,0
raw,9,49,303.01536684104536,1646.533892490085,4.8222446715603251,False,False,0
raw,9,50,303.03387588062907,1621.3398195533809,4.8932067173264411,False,False,0
raw,9,51,303.06931000966568,1599.9234032132595,4.8757151045575897,False,False,0
raw,9,52,303.14717632088326,1576.6881230365134,4.8177862362300736,False,False,0
raw,9,53,303.15681122796491,1558.1941958962984,4.9431504889661362,False,False,0
raw,9,54,303.18830439252167,1540.1683852998308,4.9028738906462888,False,False,0
raw,9,55,303.2050405915889,1553.0384320494877,4.8247706592497224,False,False,0
raw,9,56,303.28712048458209,1490.2858693690537,4.9166591674748839,False,False,0
raw,9,57,303.35670280918686,244.87935850541112,5.9088446153619385,False,False,0
raw,9,58,303.3758671808875,1448.4665273035289,4.9683578128673327,False,False,0
raw,9,59,303.4331397972266,1428.9165777657104,4.996408137468654,False,False,0
raw,9,60,303.50802780820214,1404.4549831278864,4.9591675218290057,False,False,0
raw,9,61,303.54199345527906,1383.8891199963732,4.9867625554806603,False,False,0
raw,9,62,303.56080173618545,224.92478337880902,6.1879731793869102,False,True,0.00030921143488704672
raw,9,63,303.56834293634239,1357.8976989026271,5.1125768072528643,False,False,0
raw,9,64,303.60870280497466,194.10300457013921,5.9300923292251868,False,True,0.0059548183803446314
raw,9,65,303.62452417046279,1308.7969633501766,5.1670697268394523,False,False,0
raw,9,66,303.68584669261674,1331.8450673686352,4.990505149757035,False,False,0
raw,9,67,303.71470705712579,1287.971907148255,5.3089361062096847,False,False,0
raw,9,68,303.77437735718422,1298.7026981883573,4.9971000286474476,False,False,0
raw,9,69,303.78891791308274,189.31990806319118,6.0144196596463786,False,True,0.0065843642492097315
raw,9,70,303.84475899977406,182.74707935270624,6.2763900799807839,False,True,0.014192419314649554
raw,9,71,303.85316646442351,1287.2548202216312,5.0437661134887195,False,False,0
raw,9,72,303.90339443677226,1160.6452875153707,5.3479662630339826,False,False,0
raw,9,73,303.94757855580463,1252.5849941819426,5.0722275296181474,False,False,0
raw,9,74,303.96718747086874,1162.9219870594047,5.2019663727785046,False,False,0
raw,9,75,303.99747493235503,1187.4793874298175,5.0625771715906493,False,False,0
raw,9,76,304.04731103836906,1138.4748746827509,5.1611214693318406,False,False,0
raw,9,77,304.0684374193732,1076.5516502087235,5.4000790631693745,False,False,0
raw,9,78,304.13231828007616,1089.2246634581854,5.1807687849247088,False,False,0
raw,9,79,304.1843466410653,1022.0928708462982,5.3602418171617288,False,False,0
raw,9,80,304.18802683781905,1037.7383515408524,5.2270717987842499,False,False,0
raw,9,81,304.19828062137691,1009.8105269461303,5.3147918462419863,False,False,0
raw,9,82,304.24109098322447,993.43967084569772,5.2701449590865739,False,False,0
raw,9,83,304.27003257117906,1063.0392286572376,5.1470542161670281,False,False,0
raw,9,84,304.40856275422794,1006.0886907128156,5.22425073984743,False,False,0
raw,9,85,304.45838477084317,833.44385923186326,5.3647735698278343,False,False,0
raw,9,86,304.49919500582962,566.45845739510128,5.3798757860674575,False,False,0
raw,9,87,304.5574308842742,150.41373367391714,6.6190106253708478,False,True,0.022275670368737552
raw,9,88,304.59163426489448,405.43245047381555,5.3325788312691378,False,False,0
raw,9,89,304.63865964110198,147.3565573625109,6.5038192434805735,False,True,0.019432988971592527
raw,9,90,304.68429906065086,326.47923963417583,5.3743782761809618,False,False,0
raw,9,91,304.85012363296477,122.54443232502172,6.5157341992739628,False,True,0.02589591526343786
raw,9,92,304.91474048582427,120.47552221801777,6.5467363565106913,False,True,0.026281132316043621
raw,9,93,305.06617067714052,113.67949470448889,6.6502986986822243,False,True,0.02866928420183229
raw,9,94,305.14282657750482,109.77889528597575,6.6843608292143859,False,True,0.029644877659366062
raw,9,95,305.23989773074959,108.0198436053563,6.8056178000380019,False,True,0.031382601471218949
raw,9,96,305.30202406897126,103.2976350390162,6.7893805314873701,False,True,0.031801518212895591
raw,9,97,305.39040370773097,102.20657515484686,6.8289969531927692,False,True,0.031567115554936423
raw,9,98,305.43485590915947,99.320494104881618,6.876630811073376,False,True,0.033018186103707964
raw,9,99,305.48452697031348,97.490511231170785,6.9186345591428209,False,True,0.033824231663391727
raw,9,100,305.51895365516071,97.982438310409975,6.8993971329880273,False,True,0.032575535954966331
raw,9,101,305.63623119665453,95.464782450978419,7.0281486528317014,False,True,0.034428431288074532
raw,9,102,305.66697979941455,91.106554704582436,6.9907022443303104,False,True,0.034777294289348129
raw,9,103,305.73408162631944,104.48878330876516,6.7047792308743723,False,True,0.021700882569109348
raw,9,104,305.77847760964414,109.28651984855594,6.6754126774230969,False,True,0.018327045758266394
raw,9,105,305.92929977029473,100.49041344583657,6.7923990028902681,False,True,0.021823187657235676
raw,9,106,305.99603259151507,82.193104183726746,7.1029191181507692,False,True,0.035048320897666976
raw,9,107,306.12765901746292,80.284383055644071,7.1390920966184463,False,True,0.034293327099319273
raw,9,108,306.12948355519933,80.01548425069052,7.1382005424345323,False,True,0.034348450782223219
raw,9,109,306.46023012054252,75.501477772269936,7.2566409931204365,False,True,0.032965268709305523
raw,9,110,306.50867961854016,70.749946887760757,7.2330669463460531,False,True,0.033472532830199367
raw,9,111,306.70547742876914,66.612007915816889,7.2428639937765551,False,True,0.031850795088733883
raw,9,112,306.80215556735811,69.64532032543184,7.2423105809563726,False,True,0.028898617519601974
raw,9,113,306.90672834766656,62.64685573662257,7.3105536476160697,False,True,0.031398522911056659
raw,9,114,307.01459799768742,63.732197062692421,7.2584963458818574,False,True,0.028710818514725948
raw,9,115,307.11334796576608,60.796285859083355,6.8428948683004709,False,True,0.028689480082813502
raw,9,116,307.1907151931444,1344.6831427740635,4.9298854194773449,False,False,0
raw,9,117,307.21066707583179,1340.6058102925044,4.9089245273859898,False,False,0
raw,9,118,307.27529699858343,1516.2991258897587,4.7956161144562159,False,False,0
raw,9,119,307.33627853854904,1229.7659558097967,4.8397731405162316,False,False,0
raw,9,120,307.35578326324725,1195.847967079724,4.8968802945879357,False,False,0
raw,9,121,307.4392155239413,1490.5924381632242,4.6354136932587018,False,False,0
raw,9,122,307.44656425488586,1151.8338896687353,4.786507539720211,False,False,0
raw,9,123,307.45955404560033,1472.4055708208298,4.6927812755039913,False,False,0
raw,9,124,307.48287322897198,1127.8866154342836,4.7986758474919293,False,False,0
raw,9,125,307.53761230391888,1121.2683041124708,4.6485724642377457,False,False,0
raw,9,126,307.54219799767742,1110.6700942291031,4.855589651423994,False,False,0
raw,9,127,307.60602906521916,1219.9751570646458,4.5692452283582625,False,False,0
raw,9,128,307.62316839972624,1095.487741943843,4.5632257028589418,False,False,0
raw,9,129,307.6360405675735,1050.095222756112,4.5244368881425281,False,False,0
raw,9,130,307.67359507052697,1407.8893482902672,4.4434779065472574,False,False,0
raw,9,131,307.74963000040464,864.06465365005636,5.1047849266075076,False,False,0
raw,9,132,307.75866863311433,1115.5280640230194,4.2451541439732949,False,False,0
raw,9,133,307.84310416322842,949.4226379040856,4.2583629459071961,False,False,0
raw,9,134,307.88332471835906,914.70075340115477,4.2110509506230285,False,False,0
raw,9,135,307.89483158794292,910.4550174948314,4.1954417255905367,False,False,0
raw,9,136,307.95564078488513,939.09561793171076,4.0693263236450807,False,False,0
raw,9,137,308.00348946929881,906.24466543913968,4.0622822536815271,False,False,0
raw,9,138,308.02038254415561,852.2953363668629,4.3202102300044221,False,False,0
raw,9,139,308.03339145622027,958.60811315800311,3.9745131758830818,False,False,0
raw,9,140,308.07117161149506,775.09862113386271,4.3700234555701769,False,False,0
raw,9,141,308.11214773255625,904.98468899554143,3.9635490913397633,False,False,0
raw,9,142,308.20967474221055,577.63552096870615,5.0305541171041135,False,False,0
raw,9,143,308.255746853544,887.86816123734616,3.7556049197461765,False,False,0
raw,9,144,308.26475254366477,875.61766160386139,3.722968727351645,False,False,0
raw,9,145,308.27785020456156,832.76145263802596,3.6991388148864788,False,False,0
raw,9,146,308.29855323517251,732.40400869579798,3.9240053845701874,False,False,0
raw,9,147,308.32949526317498,821.23694091937807,3.6368747422179344,False,False,0
raw,9,148,308.38058811346622,803.28680202941098,3.7950822636426809,False,False,0
raw,9,149,308.38958892379759,805.55714527219868,3.5658299755032288,False,False,0
raw,9,150,308.42573464347225,786.02823915436466,3.5329622643884551,False,False,0
raw,9,151,308.42625281957328,758.55843326380523,3.6901398785223289,False,False,0
raw,9,152,308.44633776981203,634.80407674560581,3.8072523564704102,False,False,0
raw,9,153,308.46308197934587,608.32966115950842,3.8404599297309465,False,False,0
raw,9,154,308.48909183299611,578.1617415696968,3.8850263514440062,False,False,0
raw,9,155,308.53299271676639,37.309454544644836,7.3574820923962321,False,True,0.039330134363236187
raw,9,156,308.5640658970903,685.29866235007626,3.4301319361871805,False,False,0
raw,9,157,308.5727793426617,701.79680605634644,3.3604998338316223,False,False,0
raw,9,158,308.5927356614763,752.59163426073201,3.3314271441961889,False,False,0
raw,9,159,308.60735158225822,607.01956612959862,3.5749201878362165,False,False,0
raw,9,160,308.64365866140463,690.30261272024245,3.2599137511504437,False,False,0
raw,9,161,308.66766695866119,659.91615762776246,3.3068520450131222,False,False,0
raw,9,162,308.69483222177735,719.81304635986885,3.1832508386445149,False,False,0
raw,9,163,308.74025596686823,595.72818813848858,3.2885251778984164,False,False,0
raw,9,164,308.7448211671279,673.52829179308151,3.1280260733613678,False,False,0
raw,9,165,308.78038333560437,477.65064584990341,3.4516490352874416,False,False,0
raw,9,166,308.78378394934896,650.58166544400569,3.0580392507896437,False,False,0
raw,9,167,308.8184632253093,434.53206881138215,3.6133261507009355,False,False,0
raw,9,168,308.83611691212843,534.42399368016447,3.0911030063292442,False,False,0
raw,9,169,308.86393854392213,617.72130010358546,3.0109208906275615,False,False,0
raw,9,170,308.87577795747654,505.15914980177661,3.1056786996051033,False,False,0
raw,9,171,308.90697453021335,641.26760800721684,2.9999694504569328,False,False,0
raw,9,172,308.91181561067395,556.17448556468798,2.9467090091342212,False,False,0
raw,9,173,308.92487572226838,561.4070479669283,2.9029821582160675,False,False,0
raw,9,174,308.98124472987786,495.60817223333117,3.0430612630067704,False,False,0
raw,9,175,309.00033599089727,498.84143975190898,2.7975256219696867,False,False,0
raw,9,176,309.00986617325617,489.82735477222877,2.8585173115548024,False,False,0
raw,9,177,309.05196098918088,467.15370284845,2.7683057117462058,False,False,0
raw,9,178,309.08672980165898,538.8989458528423,2.6331966664650688,False,False,0
raw,9,179,309.12278681491131,372.77001572962843,2.9632261964886775,False,False,0
raw,9,180,309.16612549525007,528.32820709297414,2.4988493507387246,False,False,0
raw,9,181,309.18220383845841,361.6781463989812,2.8275477176626014,False,False,0
raw,9,182,309.21212253258955,472.45274119969406,2.6659508075573592,False,False,0
raw,9,183,309.27890840123791,32.678369467253219,7.6400059451029367,False,True,0.045735738007038493
raw,9,184,309.29248700767283,238.81746248653923,3.4140531640720186,False,False,0
raw,9,185,309.33783924236371,539.41446426780135,2.3890508929236738,False,False,0
raw,9,186,309.3470342132037,483.85326010433914,2.35468956835392,False,False,0
raw,9,187,309.38133647243751,418.07984293374608,2.2824713302980384,False,False,0
raw,9,188,309.45735759399275,317.5778288349988,2.4202290668211446,False,False,0
raw,9,189,309.47427073756626,457.38509635276978,2.2516549203299525,False,False,0
raw,9,190,309.51032299256894,18.906214734914784,7.1429145915778713,False,True,0.042729182368978949
raw,9,191,309.5781593498287,16.387787225511943,7.554460230521121,False,True,0.050706244726250398
raw,9,192,309.58980515740433,348.56863359325507,2.1628011644011789,False,False,0
raw,9,193,309.611306247024,255.4647488005287,2.7120989307432151,False,False,0
raw,9,194,309.65269845649499,17.120218315463603,7.0701931601322876,False,True,0.042447580626683523
raw,9,195,309.71151560168443,251.14415760375539,2.3302361614656988,False,False,0
raw,9,196,309.71418671795357,114.50212648804745,3.7698641069442371,False,False,0
raw,9,197,309.77192955659194,358.60436259760201,2.0480954486359195,False,False,0
raw,9,198,309.79256776762401,38.265742870338727,7.0394930737087638,False,True,0.032973959133371186
raw,9,199,309.84187814248384,165.53379764143335,2.7377182898046342,False,False,0
raw,9,200,309.92665771622569,356.74055391072181,1.9811179116867521,False,False,0
raw,9,201,310.01093164681805,137.86366125444806,2.4772425638683528,False,False,0
raw,9,202,310.02482020284754,233.21857470061309,2.2900720284829377,False,False,0
raw,9,203,310.06323772790103,12.046985212138452,7.5032878670424896,False,True,0.051133046130403592
raw,9,204,310.0799533020338,119.35070551907756,2.5289148003895545,False,False,0
raw,9,205,310.10413650982065,226.66032868504368,2.3152190280205698,False,False,0
raw,9,206,310.15062152429732,5.693303531107631,7.4534163122066621,False,True,0.052797258653486362
raw,9,207,310.16953810056231,2.8787199862879334,5.5419961425167852,False,True,0.032776970818063418
raw,9,208,310.24291679795903,139.13929528423739,2.2147913813460063,False,False,0
raw,9,209,310.2584597118373,264.45129023578357,1.9314450021482372,False,False,0
raw,9,210,310.31764445648002,2.7374700070306517,7.4097729341317109,False,True,0.053079623069331602
raw,9,211,310.34580845193403,212.48343997234963,1.893273858270824,False,False,0
raw,9,212,310.36890538944971,123.62022053876149,2.194485874414192,False,False,0
raw,9,213,310.42241072047011,235.3499183711366,1.7250335463245801,False,False,0
raw,9,214,310.49292489564579,205.17076189919618,1.7766382028706893,False,False,0
raw,9,215,310.59988541959865,200.36913355895797,1.6864956293713744,False,False,0
raw,9,216,310.62423132899227,132.97050962553931,2.0783561131955377,False,False,0
raw,9,217,310.65838962690401,108.07134017107649,2.1093205297479769,False,False,0
raw,9,218,310.76040233817105,76.129665024974202,2.0169762523021642,False,False,0
raw,9,219,310.81905085475177,177.01025909804287,1.8049634927020151,False,False,0
raw,9,220,310.86162251242342,-0.073482983208464248,6.3156639506964751,True,True,0.039289347603123345
raw,9,221,310.89709220810215,173.64662077193714,1.6652424750926924,False,False,0
raw,9,222,310.9207508685073,-1.4860047238032621,6.3641318495000636,True,True,0.040388554624049042
raw,9,223,310.95840435269599,75.001002367762112,1.836605754297489,False,False,0
raw,9,224,310.99852530696216,-11.95026293961439,6.5886290337574778,True,True,0.047377913544574088
raw,9,225,311.14226632025589,55.559475260036265,1.75103375642112,False,False,0
raw,9,226,311.22268913385011,392.36094253137315,1.4381689658973729,False,False,0
raw,9,227,311.29470177627564,-8.581604144676021,6.1381906416068857,True,True,0.040251205590895997
raw,9,228,311.32763984843456,40.397424241382851,1.5958255205819789,False,False,0
raw,9,229,311.33181013196815,41.398732498518484,1.5939598243710602,False,False,0
raw,9,230,311.40331456366971,321.94545304691889,1.2751326589101408,False,False,0
raw,9,231,311.46859831801333,133.35136370572798,1.4688789540791864,False,False,0
raw,9,232,311.56426719852635,-31.455950604051282,3.678628196725473,True,True,0.033875027874610421
raw,9,233,311.61601592257034,130.00333754188091,1.3732832989865269,False,False,0
raw,9,234,311.66650302611208,268.50835391564522,1.2007018663231541,False,False,0
raw,9,235,311.72516822076022,257.16219593854345,1.1963100562886035,False,False,0
raw,9,236,311.72596891779182,-50.380509192017598,1.5267442056800995,True,True,0.034863225088397926
raw,9,237,311.80601868244366,-57.200457455522042,1.3261072694481886,True,True,0.036906023821391153
raw,9,238,311.88222688076678,217.52874760003027,1.020293956745058,False,False,0
raw,9,239,311.89721082939616,-60.550590960986597,1.1309720483073677,True,True,0.037402600687888934
raw,9,240,311.94116404679392,-70.713817260635665,0.99677173573496436,True,True,0.041214049372084643
raw,9,241,311.98834562930602,-70.483902425895053,0.94284516245112382,True,True,0.040698388312908951
raw,9,242,312.10478673261952,-68.612080167646923,0.90311166770736939,True,True,0.03899091844732875
raw,9,243,312.15626775065692,-64.698213661883415,0.84410052521455015,True,True,0.036875683992262036
raw,9,244,312.19586444814729,-61.943074644137369,0.81941479721376531,True,True,0.035383066423987745
raw,9,245,312.24625195140413,-38.422674141627112,0.72795216113932248,True,True,0.025235597214088204
raw,9,246,312.28005604730657,-55.556074334465848,0.77519278900287336,True,True,0.03199569869704999
raw,9,247,312.46765193057701,-25.709048494144781,0.67688447116632933,True,True,0.017944311298346182
raw,9,248,312.56100101340508,-21.120533486812405,0.66568023603193804,True,True,0.01518161880303142
raw,9,249,312.67262279836558,-17.0262176396119,0.64688511988863606,True,True,0.01259189979565665
raw,9,250,312.77096500813849,-8.6966312612606771,0.62952039140055049,True,True,0.0083102065138976004
raw,9,251,312.84841112647359,28.697526935933524,0.60796117603695699,False,False,0
raw,9,252,312.85900150975067,26.167046856792922,0.59631376347711473,False,False,0
raw,9,253,312.94243932537165,18.618675044530391,0.52281329613718253,False,False,0
raw,9,254,313.05189639791598,9.0590599543548933,0.55342994662013201,False,False,0
raw,9,255,313.10940483545767,-9.6800070733156645,0.61592736661553715,True,True,0.0061985558808538115
raw_uncertainty,0,0,302.08685968514328,1441.3279776799509,8.3798906059357439,False,False,0
raw_uncertainty,0,1,302.09004376525149,1374.8702555997218,8.2197722876799819,False,False,0
raw_uncertainty,0,2,302.0905320808111,1361.5184732093087,8.1882440039259272,False,False,0
raw_uncertainty,0,3,302.10561439560729,1282.8927627700816,8.1481717590078322,False,False,0
raw_uncertainty,0,4,302.10729087950989,1245.801989247934,8.027976456661488,False,False,0
raw_uncertainty,0,5,302.12711066702906,1233.7308033350587,8.136309366658633,False,False,0
raw_uncertainty,0,6,302.08438781201971,1249.3125734879793,7.8275202055415765,False,False,0
raw_uncertainty,0,7,302.12230146727802,1135.5879439470577,7.7757749417301465,False,False,0
raw_uncertainty,0,8,302.13162202375946,1134.7328458975473,7.7720069156002758,False,False,0
raw_uncertainty,0,9,302.17381996279101,1016.0358142840399,7.8879716061503728,False,False,0
raw_uncertainty,0,10,302.15933991664775,1084.7354186849266,7.8521195078253232,False,False,0
raw_uncertainty,0,11,302.20742599572446,925.5776691823711,7.6957890105923106,False,False,0
raw_uncertainty,0,12,302.12893305472738,1136.1376718501563,7.4824495649696967,False,False,0
raw_uncertainty,0,13,302.15223197635436,1035.5978741812883,7.4439249013923439,False,False,0
raw_uncertainty,0,14,302.22781367977922,887.68110101859565,7.6539643649142333,False,False,0
raw_uncertainty,0,15,302.24117443682974,864.29858142265925,7.5538729969505374,False,False,0
raw_uncertainty,0,16,302.27024697661903,845.29806423106675,7.4038182851159444,False,False,0
raw_uncertainty,0,17,302.26838632805135,813.66427181703534,7.3544294054442059,False,False,0
raw_uncertainty,0,18,302.32952794958629,786.21396112175808,7.3548997046695943,False,False,0
raw_uncertainty,0,19,302.31016184609814,760.53286919548339,7.1763175261699805,False,False,0
raw_uncertainty,0,20,302.32834541591552,741.43224573768146,7.1150948121156929,False,False,0
raw_uncertainty,0,21,302.35962643973454,724.68365954576814,7.1508109573472973,False,False,0
raw_uncertainty,0,22,302.44524727443968,722.5464994487271,6.9559337249933577,False,False,0
raw_uncertainty,0,23,302.48842992436289,710.15563151391336,6.9348790979025603,False,False,0
raw_uncertainty,0,24,302.427885483338,574.69923815519462,7.6025087841993306,False,True,0.022902183624613298
raw_uncertainty,0,25,302.43164314806819,577.62895854891383,7.9900507481867225,False,True,0.039528361113556815
raw_uncertainty,0,26,302.40864627011183,557.79540954778531,8.0064997328926175,False,True,0.045003189525268078
raw_uncertainty,0,27,302.43055715506603,575.57704268660086,7.8235257717017586,False,True,0.032488170238762576
raw_uncertainty,0,28,302.44646491380337,573.32627808200095,7.3474909234818053,False,True,0.010624474897787756
raw_uncertainty,0,29,302.44712945717686,571.84442134409244,7.3464116123238039,False,True,0.010789577764558578
raw_uncertainty,0,30,302.45767906644443,524.32211919972247,7.5241655971404731,False,True,0.026225575511559851
raw_uncertainty,0,31,302.44715172919132,525.53307180672527,7.7926481936068006,False,True,0.038658414279607922
raw_uncertainty,0,32,302.58594017843899,663.86185149654534,6.8410515211035205,False,False,0
raw_uncertainty,0,33,302.46280975907894,460.30667064519389,7.44625521974928,False,True,0.033348997306131667
raw_uncertainty,0,34,302.53422774922899,469.87294505762395,7.1982943654691534,False,True,0.016403845660592831
raw_uncertainty,0,35,302.50318353150885,424.24669385516961,7.8413458243832777,False,True,0.054799284089239481
raw_uncertainty,0,36,302.57909346508359,442.43611766201354,7.3443373231650853,False,True,0.024970872577050385
raw_uncertainty,0,37,302.56931394389665,476.17784790728479,7.024161064538565,False,True,0.0054636096986986488
raw_uncertainty,0,38,302.55924459422005,405.69983317647575,7.0779684190077194,False,True,0.020481898293525702
raw_uncertainty,0,39,303.04641677132764,725.27707563914362,7.3145723022221585,False,False,0
raw_uncertainty,0,40,302.58055032692528,432.03644741497681,6.9088606011306108,False,True,0.0071647799558114678
raw_uncertainty,0,41,302.62345153521437,395.1709956600169,6.959628654898335,False,True,0.013190427746567299
raw_uncertainty,0,42,302.70018611310149,378.800470051697,7.6730560494991735,False,True,0.04338766678917759
raw_uncertainty,0,43,302.81772595681576,453.38432034071548,6.8601490967425338,False,False,0
raw_uncertainty,0,44,302.68299142262907,491.52220102202705,6.5541920645322369,False,False,0
raw_uncertainty,0,45,302.83230318692182,372.46869647325803,7.6464060791310011,False,True,0.03547711120702278
raw_uncertainty,0,46,302.89447576923459,484.24150036996093,6.4910524794105742,False,False,0
raw_uncertainty,0,47,302.77731638408864,331.08393800062868,6.4585837684963199,False,False,0
raw_uncertainty,0,48,302.95912273929355,360.00994174442599,7.5873701538409648,False,True,0.027474075883187024
raw_uncertainty,0,49,302.84346915875034,308.43748236629432,6.470520783343213,False,False,0
raw_uncertainty,0,50,303.05652843020368,315.32748650608875,6.6154337915911983,False,False,0
raw_uncertainty,0,51,303.07783330932796,347.02939718984953,6.8286768406898855,False,False,0
raw_uncertainty,0,52,303.23255326673291,409.26612919686221,6.3154963952740042,False,False,0
raw_uncertainty,0,53,303.34249391276933,387.15500429783054,6.3056442254264722,False,False,0
raw_uncertainty,0,54,303.11460016470096,258.58103835211114,6.5556013554936046,False,True,0.0034397334196083623
raw_uncertainty,0,55,303.15347561683268,248.74735980597779,6.5404048281703595,False,True,0.0061162280287977155
raw_uncertainty,0,56,303.59994403810589,319.38937072149281,6.4720537932186462,False,False,0
raw_uncertainty,0,57,303.52628346988553,219.70324901984543,6.3435064759476782,False,True,0.0065610683583786217
raw_uncertainty,0,58,303.41384522623218,204.08785534166452,6.2685031750768001,False,True,0.013123540354357616
raw_uncertainty,0,59,303.43130940484644,200.79963097822031,6.394086326715084,False,True,0.016991557289885884
raw_uncertainty,0,60,303.93896073303108,273.11612889152588,6.3741452168429857,False,False,0
raw_uncertainty,0,61,303.75109762427559,191.04046303167928,6.3267245181659781,False,True,0.013678278383168721
raw_uncertainty,0,62,303.82833528475703,183.86630898420913,6.3669160573510304,False,True,0.016096925705051848
raw_uncertainty,0,63,303.94774544426247,183.25079231380801,6.1204913126976193,False,True,0.0086061301375212618
raw_uncertainty,0,64,303.85940473193358,163.42039836246897,6.4349375657503121,False,True,0.025298314577071435
raw_uncertainty,0,65,304.13830769213359,182.15809257446733,6.3426578067496546,False,True,0.010708616860635345
raw_uncertainty,0,66,304.33930276858911,224.69981649891474,6.1352187478070768,False,False,0
raw_uncertainty,0,67,304.26381464335856,164.60016983124092,6.2131673897094002,False,True,0.012571582082255395
raw_uncertainty,0,68,304.33533277477216,143.71996544544857,6.316099725522851,False,True,0.022021632430706914
raw_uncertainty,0,69,304.35978289958734,139.62065664020281,6.3207529380345289,False,True,0.023337325481464569
raw_uncertainty,0,70,304.60896588242974,196.27647741400705,6.3547199620570236,False,False,0
raw_uncertainty,0,71,304.53228229260083,126.59999245372876,6.1694273805103848,False,True,0.022044997904277566
raw_uncertainty,0,72,304.56397914196958,130.36685231333843,6.1208931160384541,False,True,0.018863467351688479
raw_uncertainty,0,73,304.65720807319605,111.50785154480798,6.1104212629973222,False,True,0.024737172131180537
raw_uncertainty,0,74,304.78202106472247,132.24266277599327,6.1203382974577529,False,True,0.014796255072067315
raw_uncertainty,0,75,304.81857250316523,112.06732199898875,6.0787935288043435,False,True,0.023022797712433662
raw_uncertainty,0,76,304.97379485979462,108.88808101398899,6.0908850560403929,False,True,0.023233675978690742
raw_uncertainty,0,77,304.99169571451978,113.67384723272994,6.1101538228305818,False,True,0.021097004656387516
raw_uncertainty,0,78,305.07699887041304,87.622606537913839,6.441743873329739,False,True,0.034185950219933231
raw_uncertainty,0,79,305.21686828247766,97.992829382697096,6.3301754328060191,False,True,0.026349784178184392
raw_uncertainty,0,80,305.20682755587285,87.486052846360167,6.2715176856128538,False,True,0.030802911757013659
raw_uncertainty,0,81,305.29291467925009,80.635089077773728,6.3861587399241699,False,True,0.033212409755526535
raw_uncertainty,0,82,305.34661227252212,74.446630705121379,6.4146292601132284,False,True,0.035472594666553073
raw_uncertainty,0,83,305.51508002290996,72.757179945934013,6.5518731052070454,False,True,0.03531307876680144
raw_uncertainty,0,84,305.70224407048084,70.25642790341351,6.7750846757047132,False,True,0.037608106736785982
raw_uncertainty,0,85,305.68335326665084,63.358212440546254,6.6845900697248242,False,True,0.038753678326875464
raw_uncertainty,0,86,305.77894483566439,59.227933923095179,6.7340793715585479,False,True,0.039849350977124519
raw_uncertainty,0,87,305.91163255331145,61.220890361486454,6.847173328903339,False,True,0.039146064111883108
raw_uncertainty,0,88,306.23521378288615,2085.5754975725663,6.0617985847661116,False,False,0
raw_uncertainty,0,89,306.33673471536866,2027.3439545103449,6.066913991572946,False,False,0
raw_uncertainty,0,90,306.3281339965248,2072.2812520884468,6.0471602826968489,False,False,0
raw_uncertainty,0,91,306.3209684639009,2083.4216677320901,6.0025819766850859,False,False,0
raw_uncertainty,0,92,306.36484206779346,2038.9927364497355,5.9905919651903936,False,False,0
raw_uncertainty,0,93,306.38949238470843,2035.3641104587043,5.9578789217018011,False,False,0
raw_uncertainty,0,94,306.42837855889502,2052.8368479857381,5.9219977860060471,False,False,0
raw_uncertainty,0,95,306.48258226683714,1975.3048112395606,5.9155552549582486,False,False,0
raw_uncertainty,0,96,306.52616107569384,1929.9260754116729,5.8254145942439681,False,False,0
raw_uncertainty,0,97,306.52973241928311,1979.5935829639,5.7772295299444885,False,False,0
raw_uncertainty,0,98,306.42927100045409,1902.4708358680448,5.9399804933774503,False,False,0
raw_uncertainty,0,99,306.62235743919155,1879.7594728692627,5.7939373040030322,False,False,0
raw_uncertainty,0,100,306.73039182664684,1848.8433533860004,5.6355872688849997,False,False,0
raw_uncertainty,0,101,306.77172945678149,1777.9751703376544,5.9673383687598953,False,False,0
raw_uncertainty,0,102,306.80955561078702,1762.3005645392,6.0022214809930539,False,False,0
raw_uncertainty,0,103,306.97370579382357,1860.4855548843841,5.5079279655788147,False,False,0
raw_uncertainty,0,104,307.02554091660971,1350.5537585515144,5.9662165699992977,False,False,0
raw_uncertainty,0,105,307.05749877356254,1821.7803106588094,5.5279080066548474,False,False,0
raw_uncertainty,0,106,307.05207631673585,1351.0853492949543,6.0874515301830261,False,False,0
raw_uncertainty,0,107,307.07023622827978,1828.8384371847819,5.5520772081511396,False,False,0
raw_uncertainty,0,108,307.18086881488892,1779.091080697021,5.5415656250534591,False,False,0
raw_uncertainty,0,109,307.25588202424029,1458.5966392799546,5.7358947659678297,False,False,0
raw_uncertainty,0,110,307.2210004998563,1774.1708663473819,5.5458100542640043,False,False,0
raw_uncertainty,0,111,307.25732493832658,1772.3317591856428,5.5477839956832549,False,False,0
raw_uncertainty,0,112,307.00348280940415,46.137739477420951,7.0233300479184599,False,True,0.035944905983889677
raw_uncertainty,0,113,307.34595469487539,1738.665779300755,5.59016269901685,False,False,0
raw_uncertainty,0,114,307.39934295493373,1246.7001629218162,5.954992651989433,False,False,0
raw_uncertainty,0,115,307.36041668000092,1777.2410027193102,5.5715772070565937,False,False,0
raw_uncertainty,0,116,307.37764073357152,1728.7076476770776,5.5481133617842229,False,False,0
raw_uncertainty,0,117,307.46708476622314,1416.8860463721239,5.7738515328748434,False,False,0
raw_uncertainty,0,118,307.4926202328038,1694.1999881276192,5.5891322668345316,False,False,0
raw_uncertainty,0,119,307.52143538704007,1688.1818428071488,5.5601546734418887,False,False,0
raw_uncertainty,0,120,307.60031424498021,981.06779681376042,5.9050363704286672,False,False,0
raw_uncertainty,0,121,307.55031588806031,55.813273636423219,7.109252835223157,False,True,0.029130939824880242
raw_uncertainty,0,122,307.72869231956088,62.699858574691916,7.0775616115739224,False,True,0.025625697031325004
raw_uncertainty,0,123,307.66519735667976,1084.6108056285457,5.8376988599929209,False,False,0
raw_uncertainty,0,124,307.7399144101895,915.8340506085276,5.9320140282368419,False,False,0
raw_uncertainty,0,125,307.81183358144943,1030.4924828084158,5.9422509571664568,False,False,0
raw_uncertainty,0,126,307.61340954970314,476.1670133284365,5.7070622444787871,False,False,0
raw_uncertainty,0,127,307.90980714209633,644.99513496404518,6.0875361298581456,False,False,0
raw_uncertainty,0,128,307.8050719792621,1614.8485819592938,5.4713551977887755,False,False,0
raw_uncertainty,0,129,307.85012180382108,1631.6384207629085,5.473215384691196,False,False,0
raw_uncertainty,0,130,307.76731955971263,433.52343202136035,5.702723837126034,False,False,0
raw_uncertainty,0,131,307.93642191829855,1250.6432624270788,5.7544858294731611,False,False,0
raw_uncertainty,0,132,307.90472813987958,1583.5448774282049,5.4628491549588354,False,False,0
raw_uncertainty,0,133,307.68731015614298,1967.7349871541007,4.7913152335683744,False,False,0
raw_uncertainty,0,134,307.73368392866456,1939.4120928108493,4.7751508195344883,False,False,0
raw_uncertainty,0,135,307.90266843352566,1819.1438497584957,5.0255734514034627,False,False,0
raw_uncertainty,0,136,307.88328621351724,1851.6506006410966,4.9007394268026552,False,False,0
raw_uncertainty,0,137,307.80901511221145,1879.0229044627463,4.7484438375516085,False,False,0
raw_uncertainty,0,138,307.83935115690815,1919.2573056745541,4.6455137387453149,False,False,0
raw_uncertainty,0,139,308.18500275743332,1698.2936868432018,5.3838410003215733,False,False,0
raw_uncertainty,0,140,308.16602039912846,1758.85354885213,5.002883822875587,False,False,0
raw_uncertainty,0,141,308.05349354918025,1785.3185787479758,4.736798973053892,False,False,0
raw_uncertainty,0,142,308.1849727156237,1518.0049776833825,5.0040974040821435,False,False,0
raw_uncertainty,0,143,308.25364120782098,1704.6589580613904,4.9791481720191921,False,False,0
raw_uncertainty,0,144,308.10120014276129,1716.3238382629361,4.6139309083910707,False,False,0
raw_uncertainty,0,145,308.07994885478263,1723.7464332386764,4.5726726584823476,False,False,0
raw_uncertainty,0,146,308.27774265968441,1637.2078107193001,4.9150143480175021,False,False,0
raw_uncertainty,0,147,308.29019824522686,1464.2712604423766,5.1090794236321537,False,False,0
raw_uncertainty,0,148,308.09989205805397,1638.7664358675499,4.4448518858660027,False,False,0
raw_uncertainty,0,149,308.3794206386201,1611.3289899967094,4.8837270231464647,False,False,0
raw_uncertainty,0,150,308.42134575033623,1592.5345488169316,4.9212292683738621,False,False,0
raw_uncertainty,0,151,308.15245709485328,1519.9446395541668,4.3722021722199278,False,False,0
raw_uncertainty,0,152,308.2882105173623,1591.8678295402217,4.4371014004289515,False,False,0
raw_uncertainty,0,153,308.52724897268769,1527.8869677247649,4.518702938497853,False,False,0
raw_uncertainty,0,154,308.5840443624171,1493.8692299932882,4.4186530200865546,False,False,0
raw_uncertainty,0,155,308.44355941594529,1422.1192009404308,4.5449348361916071,False,False,0
raw_uncertainty,0,156,308.65957477468237,1400.9360719469867,4.3619099484695845,False,False,0
raw_uncertainty,0,157,308.57109586544158,864.72788226315356,5.3614914029616951,False,False,0
raw_uncertainty,0,158,308.69536028135838,1334.8901768305996,4.2456082215426676,False,False,0
raw_uncertainty,0,159,308.62150183672304,1406.6701617683907,4.0323653565796338,False,False,0
raw_uncertainty,0,160,308.7286190119471,1244.7830266515957,4.4704133505137174,False,False,0
raw_uncertainty,0,161,308.48673893429475,1499.5874963408478,3.8706142259638661,False,False,0
raw_uncertainty,0,162,308.5799183070082,877.61169399322489,4.4122874934546674,False,False,0
raw_uncertainty,0,163,308.57074627623319,1457.7015113547577,3.7643617945015717,False,False,0
raw_uncertainty,0,164,308.59223587920201,1218.5907403271076,4.0087738740621308,False,False,0
raw_uncertainty,0,165,308.6897152197879,1115.2376340393241,4.1247088131498408,False,False,0
raw_uncertainty,0,166,308.75011816140949,1084.5222349851467,4.1728320085187862,False,False,0
raw_uncertainty,0,167,308.68792066060087,303.90993227530652,4.8453701885632805,False,False,0
raw_uncertainty,0,168,308.77974182815967,1272.2720008502577,3.889820880265638,False,False,0
raw_uncertainty,0,169,308.82272087174704,1136.2675931133158,3.9898825191019167,False,False,0
raw_uncertainty,0,170,308.83738499982496,1367.5481912226014,3.6461055736502801,False,False,0
raw_uncertainty,0,171,308.842994312418,253.71674357014922,4.5764342696112106,False,False,0
raw_uncertainty,0,172,308.80832332691824,1132.3735308143359,3.7073405774795853,False,False,0
raw_uncertainty,0,173,308.99919099374927,1174.4244467845701,3.6238708770976569,False,False,0
raw_uncertainty,0,174,308.82491447830029,1355.0545476157445,3.3386862654576994,False,False,0
raw_uncertainty,0,175,308.92909583605569,1221.1746070873651,3.4344608473742508,False,False,0
raw_uncertainty,0,176,308.96165930924741,106.332899783328,6.9110141385648944,False,True,0.0036967085812215257
raw_uncertainty,0,177,308.95423112986509,1251.5672390879931,3.2645581473577026,False,False,0
raw_uncertainty,0,178,308.99999614092741,1285.315408141289,3.1370833315414046,False,False,0
raw_uncertainty,0,179,309.14336306709771,1074.5631370161034,3.3389024127477698,False,False,0
raw_uncertainty,0,180,309.21772626419386,907.77548902287924,3.930997066592433,False,False,0
raw_uncertainty,0,181,309.15835836802182,292.40727284964476,4.2665845357672829,False,False,0
raw_uncertainty,0,182,309.2059803310579,1113.9677133342809,3.1750182889264682,False,False,0
raw_uncertainty,0,183,309.29277988364703,979.26409353080669,3.677211714211106,False,False,0
raw_uncertainty,0,184,309.19522346030516,431.02512043796457,3.7908817680941498,False,False,0
raw_uncertainty,0,185,309.21260814547838,975.81102153539678,3.2173035299736812,False,False,0
raw_uncertainty,0,186,309.33571365454213,379.0890292507072,4.2190692113464543,False,False,0
raw_uncertainty,0,187,309.26672268598548,962.32015955092675,3.1556267488520686,False,False,0
raw_uncertainty,0,188,309.31738309206725,923.24176698109238,3.1059287782102896,False,False,0
raw_uncertainty,0,189,309.30575108523038,957.2000506815242,2.9131887168305504,False,False,0
raw_uncertainty,0,190,309.30721213638316,730.18163489276185,3.4272926830486727,False,False,0
raw_uncertainty,0,191,309.34393783196771,190.5474844285618,3.8588862099476251,False,False,0
raw_uncertainty,0,192,309.41729324013181,895.76203392508023,2.8853521909668189,False,False,0
raw_uncertainty,0,193,309.4548789085369,601.65960683588582,3.1738959640166824,False,False,0
raw_uncertainty,0,194,309.53178125552574,1074.1050881953549,2.6753425137247255,False,False,0
raw_uncertainty,0,195,309.55526037952274,1049.335562913499,2.6495825614651736,False,False,0
raw_uncertainty,0,196,309.63031619065902,728.97919681281553,2.9622523097286066,False,False,0
raw_uncertainty,0,197,309.655503909961,1036.4347502941046,2.6180198186618227,False,False,0
raw_uncertainty,0,198,309.70479019184717,757.97575561302142,2.9929045849442066,False,False,0
raw_uncertainty,0,199,309.68844519291787,708.35921957105427,2.8634005766277899,False,False,0
raw_uncertainty,0,200,309.73774441032663,1005.3778786797519,2.6092722703656324,False,False,0
raw_uncertainty,0,201,309.78576697130666,803.33748901403885,2.7517595038850451,False,False,0
raw_uncertainty,0,202,309.57823440970805,240.22145920092657,3.2656255770348377,False,False,0
raw_uncertainty,0,203,309.6312850557149,249.30050845357317,3.1328709445480363,False,False,0
raw_uncertainty,0,204,309.81191475738245,267.54186186033172,3.3065596959798498,False,False,0
raw_uncertainty,0,205,310.06523763366971,418.25276913566069,2.5276117010777504,False,False,0
raw_uncertainty,0,206,309.91437904174734,256.84005678181705,3.0026022360951812,False,False,0
raw_uncertainty,0,207,309.99635741190167,539.45470141818225,2.3210770929422604,False,False,0
raw_uncertainty,0,208,310.05639538278382,512.19901435980069,2.3139159711258674,False,False,0
raw_uncertainty,0,209,310.12852233300163,175.73576439850052,2.6248510805798833,False,False,0
raw_uncertainty,0,210,310.32114179676717,94.080439170097861,2.7036544115695507,False,False,0
raw_uncertainty,0,211,310.33523234611891,93.754024175482868,2.6832757162788545,False,False,0
raw_uncertainty,0,212,310.25903727823254,156.42983615299403,2.4481909826432067,False,False,0
raw_uncertainty,0,213,310.35972339870659,151.70895991725854,2.3381143171980865,False,False,0
raw_uncertainty,0,214,310.51026877976346,516.41549596273865,2.3309432354305097,False,False,0
raw_uncertainty,0,215,310.75288498349823,45.053054337942172,4.2505320705162717,False,True,0.0074135774904171897
raw_uncertainty,0,216,310.5472842024559,61.211882759602759,2.7022697296035876,False,False,0
raw_uncertainty,0,217,310.70961196630424,112.58084520566263,2.5497179686903033,False,False,0
raw_uncertainty,0,218,310.69918099945158,105.7993734043655,2.1570856147775639,False,False,0
raw_uncertainty,0,219,310.84883397581672,175.81058961458524,2.0914785802733347,False,False,0
raw_uncertainty,0,220,310.82608105997588,144.62961706340002,2.0519746993164443,False,False,0
raw_uncertainty,0,221,310.93603626981638,50.757215927937182,3.9050573878021217,False,True,0.0028637233909056944
raw_uncertainty,0,222,310.97369356084545,51.392493878526125,3.613165970162469,False,True,0.001375627803332149
raw_uncertainty,0,223,311.10169826722654,45.356375450007477,2.950363565309515,False,True,0.00096285772195533158
raw_uncertainty,0,224,311.13303569692158,109.74052954895171,1.9660413865171744,False,False,0
raw_uncertainty,0,225,311.30754301949679,112.90436434828132,1.9980516834408282,False,False,0
raw_uncertainty,0,226,311.30284164903549,112.37004934512049,1.8846348003372322,False,False,0
raw_uncertainty,0,227,311.53544315484891,90.257537093330257,2.0617991337344312,False,False,0
raw_uncertainty,0,228,311.58015692277604,92.094356565737144,1.9945080648415905,False,False,0
raw_uncertainty,0,229,311.6658513505364,117.0879811122893,1.8585319538628271,False,False,0
raw_uncertainty,0,230,311.59808713223458,86.271749261549076,1.9967087040270486,False,False,0
raw_uncertainty,0,231,311.69106837546036,85.114992888161396,1.8714653054205108,False,False,0
raw_uncertainty,0,232,311.62304583566902,77.246371049529785,2.0823403132481761,False,False,0
raw_uncertainty,0,233,311.75521007153679,73.017043330863203,1.8727350394248514,False,False,0
raw_uncertainty,0,234,311.83207229735342,71.310619933936209,1.7769725194682087,False,False,0
raw_uncertainty,0,235,311.87886218012744,85.231745028025557,1.7178095202132662,False,False,0
raw_uncertainty,0,236,311.83013705361662,76.452480547372602,1.8705799900942193,False,False,0
raw_uncertainty,0,237,311.99697894106492,60.2934752207683,1.6954809546257268,False,False,0
raw_uncertainty,0,238,312.04334842137496,63.726163528237976,1.6527044092654908,False,False,0
raw_uncertainty,0,239,312.13205592630408,60.918229116555267,1.5539015920947534,False,False,0
raw_uncertainty,0,240,312.17024117122207,57.625103386930618,1.5408726792925407,False,False,0
raw_uncertainty,0,241,312.26604043677662,55.292569154286639,1.4958545561747743,False,False,0
raw_uncertainty,0,242,312.32654623824345,49.47896652395707,1.4838189928060483,False,False,0
raw_uncertainty,0,243,312.66668274177482,181.52605964965045,1.2701294607596516,False,False,0
raw_uncertainty,0,244,312.41965557527647,49.292955222834962,1.4173122939663294,False,False,0
raw_uncertainty,0,245,312.51112927142782,45.673473679412041,1.3354441154273919,False,False,0
raw_uncertainty,0,246,312.56684579696963,42.207845312735117,1.322548914962228,False,False,0
raw_uncertainty,0,247,312.62124691324436,40.484082746601189,1.3022972946202032,False,False,0
raw_uncertainty,0,248,312.65702743137007,39.917186607321923,1.2511003768611078,False,False,0
raw_uncertainty,0,249,312.7826632425361,58.110449539522165,1.0498034969506556,False,False,0
raw_uncertainty,0,250,312.89210354970203,51.339071717249794,0.98419901355859718,False,False,0
raw_uncertainty,0,251,312.96572789999925,42.415163574918779,0.96575824244166419,False,False,0
raw_uncertainty,0,252,312.93173201567993,44.986690040594681,0.85506476022258848,False,False,0
raw_uncertainty,0,253,313.21968135331139,11.677384713830179,0.76722515739315256,False,False,0
raw_uncertainty,0,254,313.20642020210488,11.998843987600367,0.78790148860299336,False,False,0
raw_uncertainty,0,255,313.21820704080312,11.247597657543906,0.77197794882913584,False,False,0
raw_uncertainty,1,0,301.98333352900249,1655.0594897179649,9.909200531812397,False,True,0.012606753582245198
raw_uncertainty,1,1,301.98269440551985,1651.5637572736459,9.9147069237845074,False,True,0.01231152547561257
raw_uncertainty,1,2,301.95925408753396,1581.3660737634154,9.6455963716801154,False,True,0.0066220459816467014
raw_uncertainty,1,3,301.96508055663151,1566.319904119518,9.7041610229901245,False,True,0.0047786439361476654
raw_uncertainty,1,4,301.94389778165754,1552.8418403584178,9.4937163168840026,False,True,0.0046732931122564561
raw_uncertainty,1,5,301.94456306206109,1531.3243186067921,9.4279295360258928,False,True,0.0023839579879267507
raw_uncertainty,1,6,301.95533615947119,1530.9389746233928,9.6203060397155724,False,True,0.0018332863209494701
raw_uncertainty,1,7,301.94064880902164,1491.0613288510021,9.3268499852687601,False,False,0
raw_uncertainty,1,8,301.95552324455667,1493.987557888423,9.1828021015553798,False,False,0
raw_uncertainty,1,9,301.93814852190661,1467.8103785695878,9.2714223743048372,False,False,0
raw_uncertainty,1,10,301.93640622271437,1422.5254836987419,9.1500837900033964,False,False,0
raw_uncertainty,1,11,301.94211455287422,1463.2941611730685,9.0697361184818277,False,False,0
raw_uncertainty,1,12,301.93980887754884,1415.025483597818,9.190941272760611,False,False,0
raw_uncertainty,1,13,301.94333977118237,1406.0931502036447,8.9837363580764489,False,False,0
raw_uncertainty,1,14,301.94055023770545,1382.5814972454309,8.9554676243028624,False,False,0
raw_uncertainty,1,15,301.94055583308818,1363.9768821985535,8.8888688614881133,False,False,0
raw_uncertainty,1,16,301.92732292775514,1347.1076846297883,8.7999638953680943,False,False,0
raw_uncertainty,1,17,301.93119393016536,1336.8472688948236,8.7113789111982101,False,False,0
raw_uncertainty,1,18,301.94096341674106,1284.1843335541084,8.5768840787369278,False,False,0
raw_uncertainty,1,19,301.9431793578562,1226.1867335480047,8.3643255498006486,False,False,0
raw_uncertainty,1,20,301.95114265778551,1219.8064465715674,8.5014339314474956,False,False,0
raw_uncertainty,1,21,301.94643643074198,1184.8951022324932,8.4663624075493722,False,False,0
raw_uncertainty,1,22,301.95715741230606,1201.4794837658228,8.2682642981071339,False,False,0
raw_uncertainty,1,23,301.97111186781393,1152.102511837621,8.1796611395961101,False,False,0
raw_uncertainty,1,24,301.96875405391188,1126.3254173298071,8.2432132720858036,False,False,0
raw_uncertainty,1,25,301.97726560257354,1097.5078412155096,8.1746798560887495,False,False,0
raw_uncertainty,1,26,301.99086415037232,1062.605574973539,8.0668761983815163,False,False,0
raw_uncertainty,1,27,302.00903914769646,1055.1097378003831,7.8369180180428382,False,False,0
raw_uncertainty,1,28,302.05085307544545,1019.0653098951951,7.7052454625790077,False,False,0
raw_uncertainty,1,29,302.02803278876314,1000.7285895531963,7.9067886096874123,False,False,0
raw_uncertainty,1,30,302.03557920747096,981.97670865583405,7.775042742798524,False,False,0
raw_uncertainty,1,31,302.07169025870837,1003.0317479961018,7.6624436891047125,False,False,0
raw_uncertainty,1,32,302.04300037097687,954.47052969953359,7.7962183879940454,False,False,0
raw_uncertainty,1,33,302.08740602804005,986.84946041609339,7.5734178253655271,False,False,0
raw_uncertainty,1,34,302.12097506083228,932.87484464128534,7.5291681436626643,False,False,0
raw_uncertainty,1,35,302.21556960470207,898.78578745706591,7.5331540171768925,False,False,0
raw_uncertainty,1,36,302.51993677201045,1941.8829783460906,6.8379165166456497,False,False,0
raw_uncertainty,1,37,302.55593177790848,1864.2314632845194,7.03821711346413,False,False,0
raw_uncertainty,1,38,302.57726133709616,1883.7405127821021,6.9142399613266168,False,False,0
raw_uncertainty,1,39,302.60789040148472,1809.8752893235971,6.7715352271915119,False,False,0
raw_uncertainty,1,40,302.61055448278387,1864.8185067722643,6.7990335846535341,False,False,0
raw_uncertainty,1,41,302.67681378838745,1988.6827890760924,6.4349610416893412,False,False,0
raw_uncertainty,1,42,302.31512883785564,836.70350703391125,7.4532378815250286,False,False,0
raw_uncertainty,1,43,302.75511107845182,1824.5958660956771,6.1550793103876078,False,False,0
raw_uncertainty,1,44,302.33643462243907,816.09509191955351,7.2865356987272767,False,False,0
raw_uncertainty,1,45,302.81240472936628,1904.3942758761102,6.1018629866296576,False,False,0
raw_uncertainty,1,46,302.75280650215484,1976.4116517705154,5.8841524937453702,False,False,0
raw_uncertainty,1,47,302.40680490683764,798.41060545604944,7.244683220926702,False,False,0
raw_uncertainty,1,48,302.7374078821183,1846.7022784586027,5.6651546982432803,False,False,0
raw_uncertainty,1,49,302.75123155693569,1960.4362306835405,5.5290985626747169,False,False,0
raw_uncertainty,1,50,302.76642565879143,1925.0023330943184,5.5654318932737086,False,False,0
raw_uncertainty,1,51,302.79869475720017,1933.3559471991691,5.4022961877942635,False,False,0
raw_uncertainty,1,52,302.30718174186995,749.85203323339886,7.2736013973835618,False,False,0
raw_uncertainty,1,53,302.86040043000128,1661.8027358804893,5.944839336688073,False,False,0
raw_uncertainty,1,54,302.86536972417963,1690.8159881392937,5.6158524075029321,False,False,0
raw_uncertainty,1,55,302.54388250160173,728.68269832303065,7.0404278090186541,False,False,0
raw_uncertainty,1,56,302.55353300777659,724.72354606411875,7.0266220487884574,False,False,0
raw_uncertainty,1,57,302.40704165497203,724.48408861149721,7.1477796714215591,False,False,0
raw_uncertainty,1,58,302.90646750962389,2079.317987334849,5.2668046394211467,False,False,0
raw_uncertainty,1,59,302.98759973580547,1941.8819262680558,5.3628510878064226,False,False,0
raw_uncertainty,1,60,302.91717115692177,2048.6800504176304,5.358131941476139,False,False,0
raw_uncertainty,1,61,302.6017018172173,623.80854565376592,6.2581762889783468,False,False,0
raw_uncertainty,1,62,302.58591870280742,619.04568255466347,6.1613854128480225,False,False,0
raw_uncertainty,1,63,302.91192804501799,2002.5052523022134,5.2249910161656468,False,False,0
raw_uncertainty,1,64,302.93988389985441,2156.3166772032309,4.996515689786281,False,True,0.014945912913268895
raw_uncertainty,1,65,302.95222439612064,2120.2553329783291,4.9081577601570201,False,True,0.0039063652957340954
raw_uncertainty,1,66,302.95222439612064,2120.2553329783295,4.9081577601570192,False,True,0.0039063652957342394
raw_uncertainty,1,67,302.90793835389576,2063.1471204475574,4.9881900668011667,False,False,0
raw_uncertainty,1,68,302.96273437023473,2038.3785832538006,4.9468234166283809,False,False,0
raw_uncertainty,1,69,302.59366205406019,636.04841200926148,5.8405655243495991,False,False,0
raw_uncertainty,1,70,302.46765844229617,553.85221603475816,6.4874236577974633,False,False,0
raw_uncertainty,1,71,302.44685945889751,540.21687282555376,6.4932422166882393,False,False,0
raw_uncertainty,1,72,302.82331239461769,556.65235146591192,5.8837096349843998,False,False,0
raw_uncertainty,1,73,302.54245930725239,542.34373623007195,5.6890667413118363,False,False,0
raw_uncertainty,1,74,302.75778358418017,525.41735656171704,5.6565380159084881,False,False,0
raw_uncertainty,1,75,302.83894444607523,547.68591688759761,5.6846173969523903,False,False,0
raw_uncertainty,1,76,302.40994195676882,509.69786717900809,6.4530317444308087,False,False,0
raw_uncertainty,1,77,302.79774900188102,509.04075524088648,5.6535532629674234,False,False,0
raw_uncertainty,1,78,302.47804678077387,476.76584242457704,6.3170044020001539,False,False,0
raw_uncertainty,1,79,302.45042158252591,468.04243766416619,6.2370579463202276,False,False,0
raw_uncertainty,1,80,302.51036961531025,454.97320761070512,6.1917018294694879,False,False,0
raw_uncertainty,1,81,302.85742409099316,460.33495819446478,5.4685118226726477,False,False,0
raw_uncertainty,1,82,302.76894275172288,438.25399631329191,5.3896094624857929,False,False,0
raw_uncertainty,1,83,303.0776826998511,480.28927633270564,5.3361795307849595,False,False,0
raw_uncertainty,1,84,302.69877812154715,427.55264351729841,6.3151610417773121,False,False,0
raw_uncertainty,1,85,302.72953852398911,379.14267974540149,5.4818489066158733,False,False,0
raw_uncertainty,1,86,303.12904876431048,423.51470154662093,5.5453527876481239,False,False,0
raw_uncertainty,1,87,303.14353058863821,412.86180166696033,5.578488696151366,False,False,0
raw_uncertainty,1,88,303.09522367131814,406.50091092223875,5.1823336824214028,False,False,0
raw_uncertainty,1,89,303.05865865067432,398.14444309114208,5.2000408895891912,False,False,0
raw_uncertainty,1,90,303.0392965487697,376.05966349458424,5.1627662667070835,False,False,0
raw_uncertainty,1,91,303.01312627626794,367.54900767089509,5.1633867060063139,False,False,0
raw_uncertainty,1,92,303.06059915227479,338.14672345046972,5.704929783416361,False,False,0
raw_uncertainty,1,93,303.0952604189302,358.0304990273678,5.0977689617172786,False,False,0
raw_uncertainty,1,94,303.08999599683517,341.23599318242191,5.3462106425618812,False,False,0
raw_uncertainty,1,95,303.0883655547396,342.08713479441411,5.1018146519658254,False,False,0
raw_uncertainty,1,96,303.74256388983906,334.77610577474542,5.3316609898973208,False,False,0
raw_uncertainty,1,97,303.22279749281677,315.43213071567203,5.0815038294950448,False,False,0
raw_uncertainty,1,98,303.44492737125415,314.73836834417693,5.107224876674537,False,False,0
raw_uncertainty,1,99,303.771827783584,317.29145096142338,5.3055748927828441,False,False,0
raw_uncertainty,1,100,303.89579400129639,280.64088875222984,5.3526868906466927,False,False,0
raw_uncertainty,1,101,303.91236468836189,257.21406526936909,5.2971494456598958,False,False,0
raw_uncertainty,1,102,303.73927231699656,249.48879701387244,5.1889774464325189,False,False,0
raw_uncertainty,1,103,303.71013575110317,251.97227798774952,5.1454167907183539,False,False,0
raw_uncertainty,1,104,303.74467928487201,246.00045867746985,5.15175249737307,False,False,0
raw_uncertainty,1,105,303.81038114035101,234.65375992320935,5.1887044204714536,False,False,0
raw_uncertainty,1,106,303.99940505739067,203.94257429189952,5.2294864544994626,False,False,0
raw_uncertainty,1,107,303.91279465024604,214.63329726988445,5.1556817777652757,False,False,0
raw_uncertainty,1,108,304.1265578171122,205.71375788896432,5.3071761444695049,False,False,0
raw_uncertainty,1,109,304.08590839978353,194.42999128228877,5.2490361115623525,False,False,0
raw_uncertainty,1,110,304.23801173139304,164.54215115915599,5.3533554502644281,False,True,0.0041753092718910135
raw_uncertainty,1,111,304.32801965654284,159.37838048491579,5.365678238542964,False,True,0.0057114090650087221
raw_uncertainty,1,112,304.12895510726264,158.68654866673558,5.2443322709501956,False,True,0.0073283464662948425
raw_uncertainty,1,113,304.53963768342442,158.83027520304466,5.4954090571387484,False,True,0.0045374003996773542
raw_uncertainty,1,114,304.45971070304387,133.85714002037093,5.3226717453536629,False,True,0.015495743390092569
raw_uncertainty,1,115,304.51609235826788,118.21811224703424,5.2885789905405662,False,True,0.021662085899870356
raw_uncertainty,1,116,305.04184559378604,103.48379754448661,5.7961322370346178,False,True,0.024646638368351279
raw_uncertainty,1,117,305.04504340126135,103.05651140145142,5.7962826341188629,False,True,0.024804183157192929
raw_uncertainty,1,118,305.22393927448849,105.66244680550756,5.9445087608795601,False,True,0.022559669407702848
raw_uncertainty,1,119,305.09783765999885,85.730369413201515,5.8646082168796854,False,True,0.031841543012282307
raw_uncertainty,1,120,305.21857398899891,83.597683234850706,6.0001699343851742,False,True,0.032020785360731878
raw_uncertainty,1,121,305.30407507012734,78.815098314707825,6.0787678102407483,False,True,0.033512518921076498
raw_uncertainty,1,122,305.34579332684484,78.414588894900135,6.1219437628527222,False,True,0.033427256219023621
raw_uncertainty,1,123,305.44047982810559,77.88449530620062,6.181684310409377,False,True,0.033024815172379547
raw_uncertainty,1,124,305.58523123389074,77.206691653605503,6.3651264492512976,False,True,0.032469787388976171
raw_uncertainty,1,125,305.72090300305803,75.43723387788134,6.4580066961982681,False,True,0.032330345695525516
raw_uncertainty,1,126,305.87937762754365,74.55487529554614,6.6552247924114711,False,True,0.031777587065216856
raw_uncertainty,1,127,306.06126261228349,74.223623092431581,6.7959523870911847,False,True,0.030792274301298484
raw_uncertainty,1,128,306.19263276024071,78.086753974716316,6.8548663057552632,False,True,0.028238523438831674
raw_uncertainty,1,129,306.22616491311283,65.519000976472967,6.8527195400982972,False,True,0.033283330305188458
raw_uncertainty,1,130,306.10741669980928,62.432185563159237,5.9609430200968863,False,True,0.034345870715451546
raw_uncertainty,1,131,306.18560749335239,61.191105335781458,6.0230215419535362,False,True,0.034370095949307788
raw_uncertainty,1,132,306.74950083491171,1825.5175123888248,4.3359464238720475,False,False,0
raw_uncertainty,1,133,306.82765165851396,1753.0258437646628,4.2609291559505893,False,False,0
raw_uncertainty,1,134,306.80346527442327,1757.8930458548371,4.2056787290771442,False,False,0
raw_uncertainty,1,135,306.86193220488252,1740.1421774611583,4.3333707409415689,False,False,0
raw_uncertainty,1,136,306.83755126450882,1725.6623884566852,4.1266235513979765,False,False,0
raw_uncertainty,1,137,306.90207884919084,1714.7774047356818,4.1651360226641909,False,False,0
raw_uncertainty,1,138,306.85614123688345,1648.8611384442552,4.1296473957845627,False,False,0
raw_uncertainty,1,139,307.02778348583479,1626.7333118757233,4.3715778756458832,False,False,0
raw_uncertainty,1,140,307.01989205183054,1590.1101717164588,4.3556241360837822,False,False,0
raw_uncertainty,1,141,307.00285054058531,1691.3966597709016,4.0405136191538968,False,False,0
raw_uncertainty,1,142,307.03770129158147,1681.3819263898874,4.1187663161450816,False,False,0
raw_uncertainty,1,143,307.05362950484482,1572.9282415262326,4.0955623050632468,False,False,0
raw_uncertainty,1,144,307.11873071633471,1520.6542620093903,4.1855053948900354,False,False,0
raw_uncertainty,1,145,307.1303391449128,1525.5631165005177,4.2358569594402624,False,False,0
raw_uncertainty,1,146,307.25525843822885,1486.9190620632821,4.1104045277223591,False,False,0
raw_uncertainty,1,147,307.23171018635622,1374.317584574942,4.3730528661293331,False,False,0
raw_uncertainty,1,148,307.34431474953078,1479.4012494430156,3.989534091807502,False,False,0
raw_uncertainty,1,149,307.37881073359262,1536.5227520172984,3.8181731625613824,False,False,0
raw_uncertainty,1,150,307.48846399150369,1574.9866937728311,3.9165224017557572,False,False,0
raw_uncertainty,1,151,307.53955229060261,1504.442715067157,3.8421537144818276,False,False,0
raw_uncertainty,1,152,307.53233228314861,1438.7199579362882,3.6384636023601402,False,False,0
raw_uncertainty,1,153,307.61956982180703,1398.7427316192825,3.7722941520475892,False,False,0
raw_uncertainty,1,154,307.61036957337853,1414.0959126674452,3.4999057075434497,False,False,0
raw_uncertainty,1,155,307.64441106503193,1399.3382387125489,3.4926776303199474,False,False,0
raw_uncertainty,1,156,307.97055249718483,1371.0711286500796,3.6238337304768882,False,False,0
raw_uncertainty,1,157,307.55486958836798,1246.6449224480389,4.1455052867566211,False,False,0
raw_uncertainty,1,158,307.72399586890907,1321.374219966945,3.7360036309095936,False,False,0
raw_uncertainty,1,159,307.67552558519839,1224.6435893966902,3.8258898481242469,False,False,0
raw_uncertainty,1,160,307.91797782784056,1343.9580918598272,3.2718273770306174,False,False,0
raw_uncertainty,1,161,307.59567414933178,1147.947592774874,3.9183737880619613,False,False,0
raw_uncertainty,1,162,307.89526993415598,1310.2262035991698,3.1288889381853626,False,False,0
raw_uncertainty,1,163,308.08267389523866,1204.9235715159557,3.6371501308029996,False,False,0
raw_uncertainty,1,164,307.85184500090099,1269.3933445421819,3.1402915612012037,False,False,0
raw_uncertainty,1,165,307.88320529846476,1038.2018621555646,4.3171820583645975,False,False,0
raw_uncertainty,1,166,307.98675110666306,1158.6093602598867,3.1997141049173186,False,False,0
raw_uncertainty,1,167,308.1074214113745,1084.6697812153748,3.3494772904522891,False,False,0
raw_uncertainty,1,168,307.91044450546758,971.16514853375566,4.1218356538097778,False,False,0
raw_uncertainty,1,169,308.18399816253736,1160.0485519857084,2.8836197427722032,False,False,0
raw_uncertainty,1,170,308.13074257572032,27.958552578794183,6.9992069953844585,False,True,0.038889479670713101
raw_uncertainty,1,171,308.15283593162968,1117.0335792479448,2.8575951048672645,False,False,0
raw_uncertainty,1,172,308.22414359855088,1076.9105666394148,2.9212881066315362,False,False,0
raw_uncertainty,1,173,308.49658075194827,553.59645020692687,5.1125870484418092,False,False,0
raw_uncertainty,1,174,308.53231881118529,1095.7826858790054,2.6970623417102346,False,False,0
raw_uncertainty,1,175,308.76546414580497,1042.207631033521,2.5986177836214157,False,False,0
raw_uncertainty,1,176,308.81767585279704,1043.8391773365188,2.5413952250998726,False,False,0
raw_uncertainty,1,177,308.85386842833219,1034.4618828069999,2.581898281112764,False,False,0
raw_uncertainty,1,178,308.44006492414206,804.37613429807061,3.8020175537609879,False,False,0
raw_uncertainty,1,179,308.85833131351649,921.24428459071896,2.3789986438450872,False,False,0
raw_uncertainty,1,180,308.56922112806075,841.7350287663038,2.8311188431271272,False,False,0
raw_uncertainty,1,181,309.00833285591159,892.3185537565854,3.061096006207277,False,False,0
raw_uncertainty,1,182,308.49650335347889,725.68914762865677,3.9153355844872584,False,False,0
raw_uncertainty,1,183,308.72512896992026,773.50648097302007,3.3211280301115043,False,False,0
raw_uncertainty,1,184,308.96884936991938,434.01853875508345,4.2101192448371121,False,False,0
raw_uncertainty,1,185,308.99642050197986,764.88987460934447,2.68698594786495,False,False,0
raw_uncertainty,1,186,309.03258600438971,746.8087507537748,2.7182652165154484,False,False,0
raw_uncertainty,1,187,309.10363941650945,732.19498040944131,2.6575847035265063,False,False,0
raw_uncertainty,1,188,309.04325261152798,743.96194891051312,2.2585213590077493,False,False,0
raw_uncertainty,1,189,308.97986312397012,676.80755133808566,2.7764737959105039,False,False,0
raw_uncertainty,1,190,308.98677874056153,644.72873293150235,3.2322422287091066,False,False,0
raw_uncertainty,1,191,309.22406211572087,402.58874761492257,3.4102596270487808,False,False,0
raw_uncertainty,1,192,309.29395764157425,313.69564177850651,4.008340636744296,False,False,0
raw_uncertainty,1,193,309.38385128416809,332.30559331310235,3.8984560094238323,False,False,0
raw_uncertainty,1,194,309.19920122868479,663.15330376411418,2.6653104614787546,False,False,0
raw_uncertainty,1,195,309.34465093950405,831.15521691054721,2.1307719402248892,False,False,0
raw_uncertainty,1,196,309.47203773358211,676.40727634244547,2.2491363970301732,False,False,0
raw_uncertainty,1,197,309.29535215492945,606.9680808514787,2.7210288753172072,False,False,0
raw_uncertainty,1,198,309.19824200097725,579.73747086473861,2.9716367099607051,False,False,0
raw_uncertainty,1,199,309.58906417416586,589.86505982650215,2.9535626540589548,False,False,0
raw_uncertainty,1,200,309.34664299314051,459.0382050092594,2.5189380194645246,False,False,0
raw_uncertainty,1,201,309.64140596246222,248.75809203390514,3.5895024072331112,False,False,0
raw_uncertainty,1,202,309.72464580315307,336.01178567097907,3.183858767404633,False,False,0
raw_uncertainty,1,203,309.58921452444412,793.19946798092258,2.0601072711094757,False,False,0
raw_uncertainty,1,204,309.82910675148315,320.04727459268128,2.5641365967974967,False,False,0
raw_uncertainty,1,205,309.93239372085526,232.51326029493896,3.459799693604416,False,False,0
raw_uncertainty,1,206,309.79011439751048,339.05542841307812,2.1219303428011478,False,False,0
raw_uncertainty,1,207,310.0086725942113,264.86139161035356,2.6826266248138508,False,False,0
raw_uncertainty,1,208,309.9345001270421,70.858135686733704,5.0813931405564539,False,True,0.0034377540151024075
raw_uncertainty,1,209,309.97189885499898,297.08297609770563,1.9401158061787509,False,False,0
raw_uncertainty,1,210,309.9727259010001,315.58675066486421,1.9469908277331758,False,False,0
raw_uncertainty,1,211,310.22073263618643,232.26754907432002,2.8161866849967203,False,False,0
raw_uncertainty,1,212,310.20049488943164,195.87309536900227,2.6261897486890398,False,False,0
raw_uncertainty,1,213,310.29870370872618,144.65210153216492,3.3615701821099115,False,False,0
raw_uncertainty,1,214,310.2880363924819,213.13329563765376,2.1850458259518111,False,False,0
raw_uncertainty,1,215,310.42207077043537,238.11444165407914,2.1347618211816144,False,False,0
raw_uncertainty,1,216,310.40886604713592,259.93934023140599,1.8610061046463677,False,False,0
raw_uncertainty,1,217,310.51551326955166,226.38586944294525,1.8815979351361856,False,False,0
raw_uncertainty,1,218,310.52011836232907,226.04145168341222,1.8831410855303554,False,False,0
raw_uncertainty,1,219,310.60883188693538,221.68062840148082,1.8130167939136177,False,False,0
raw_uncertainty,1,220,310.59459517520469,221.61252170508851,1.6132640184817655,False,False,0
raw_uncertainty,1,221,310.62647295536669,218.9692374744796,1.5864883254876316,False,False,0
raw_uncertainty,1,222,310.84417659817706,190.28964492205245,2.382458034083379,False,False,0
raw_uncertainty,1,223,310.75709206956554,192.13415474031569,1.6423369062773716,False,False,0
raw_uncertainty,1,224,310.77218237418043,53.317488966579504,4.2965536670985296,False,True,0.0039707486293490612
raw_uncertainty,1,225,310.90296236294438,199.42609126991118,1.7335069512513881,False,False,0
raw_uncertainty,1,226,311.02916753084259,188.10333407948815,1.5296202515495549,False,False,0
raw_uncertainty,1,227,311.22157293891206,165.96362664934298,1.3310425624417945,False,False,0
raw_uncertainty,1,228,311.25261384637099,161.05791856414794,1.5018015860864571,False,False,0
raw_uncertainty,1,229,311.15938317324213,-11.115653170103542,4.8458102230440279,True,True,0.031364852385013076
raw_uncertainty,1,230,311.41283189703069,150.35999592479766,1.0222548358716823,False,False,0
raw_uncertainty,1,231,311.49353615133674,137.53681397109978,1.0213163594243495,False,False,0
raw_uncertainty,1,232,311.60544789159673,142.24639412548316,1.0285056735508133,False,False,0
raw_uncertainty,1,233,311.57200636894919,115.22519180938718,1.0966231333424554,False,False,0
raw_uncertainty,1,234,311.78695951968893,126.18480358621969,0.95146567898270451,False,False,0
raw_uncertainty,1,235,311.75060757501052,116.30738790773592,1.0886059750993846,False,False,0
raw_uncertainty,1,236,311.8932862296096,105.13183352319231,0.92267906340195083,False,False,0
raw_uncertainty,1,237,311.90346898196344,104.09128402273177,0.93006906847924764,False,False,0
raw_uncertainty,1,238,311.99627942628172,102.58113010319278,0.85646832984312837,False,False,0
raw_uncertainty,1,239,312.09386020297842,94.573664147297222,0.82652051548045602,False,False,0
raw_uncertainty,1,240,312.17257787273184,93.614842695244306,0.81264926433381213,False,False,0
raw_uncertainty,1,241,312.21263366507611,90.936853593286173,0.78555848568470399,False,False,0
raw_uncertainty,1,242,312.10348970629616,78.207222688553998,1.10743925389355,False,False,0
raw_uncertainty,1,243,312.18737037745905,58.041624365850225,1.6042237155160075,False,False,0
raw_uncertainty,1,244,312.22810718053495,65.248826958896416,1.0255584149622452,False,False,0
raw_uncertainty,1,245,312.32315079879396,64.477176440730091,1.2396814944483712,False,False,0
raw_uncertainty,1,246,312.44431222616328,53.687833027944293,1.2077591615492986,False,False,0
raw_uncertainty,1,247,312.379020112761,60.702489626279203,0.9612386758270457,False,False,0
raw_uncertainty,1,248,312.55659150372816,45.725027459998842,1.1828931134068528,False,False,0
raw_uncertainty,1,249,312.55659150372816,45.725027459998955,1.1828931134068554,False,False,0
raw_uncertainty,1,250,312.54563615173356,50.456562122750711,0.95891069131191298,False,False,0
raw_uncertainty,1,251,312.6905570768497,38.04019269675814,1.0733075989999872,False,False,0
raw_uncertainty,1,252,312.71068605422329,38.460363139345986,0.990929308317682,False,False,0
raw_uncertainty,1,253,313.30423262506781,-24.639940063044605,0.95157221112646617,True,True,0.01288783876503052
raw_uncertainty,1,254,313.28866993370565,-25.455856785966148,0.98402980633128312,True,True,0.013425280088990087
raw_uncertainty,1,255,313.33171761884978,-24.571411125997315,0.93405252236338221,True,True,0.012674004546638078
raw_uncertainty,2,0,301.7363011018727,1531.3727594964498,8.7521059306255626,False,True,0.016532023737042885
raw_uncertainty,2,1,301.74422371900965,1530.5635223528157,8.7465503882014488,False,True,0.015869574383012945
raw_uncertainty,2,2,301.72146189518924,1527.3101393593208,8.7703813616263933,False,True,0.017226538568894376
raw_uncertainty,2,3,301.77108855834291,1481.66257472502,8.6422041039204629,False,True,0.0088933416772854663
raw_uncertainty,2,4,301.75282880014362,1476.6598723337374,8.6585862001306939,False,True,0.0097390748522145076
raw_uncertainty,2,5,301.75338711792546,1462.24456954939,8.574388710653956,False,True,0.008141283711279616
raw_uncertainty,2,6,301.79490686460451,1452.8990757138661,8.6205960704310804,False,True,0.0042646983900977544
raw_uncertainty,2,7,301.75756424541174,1450.2305720485115,8.5514871404519468,False,True,0.0066066828958015553
raw_uncertainty,2,8,301.77824730532234,1422.6545640419199,8.5204749144144802,False,True,0.0023106513958822301
raw_uncertainty,2,9,301.76422956977711,1398.0791418163931,8.4082005929758665,False,True,0.00071460577266057018
raw_uncertainty,2,10,301.7748185273017,1379.95176211445,8.3882603337435668,False,False,0
raw_uncertainty,2,11,301.82434055219261,1351.1989951615997,8.3205562704974909,False,False,0
raw_uncertainty,2,12,301.82112375285379,1348.3818025781177,8.2558552531900631,False,False,0
raw_uncertainty,2,13,301.82466643841229,1349.5087015684869,8.2467085625788421,False,False,0
raw_uncertainty,2,14,301.91341364748365,1319.8580121688474,8.2882716177772178,False,False,0
raw_uncertainty,2,15,301.99925493434972,1314.0174367192249,8.2652307255556074,False,False,0
raw_uncertainty,2,16,301.97361181633664,1284.0085782502138,8.1532732190434007,False,False,0
raw_uncertainty,2,17,301.99550199052993,1283.6381155288934,8.1310364724074127,False,False,0
raw_uncertainty,2,18,301.92958647529258,1267.4864015459611,8.0229021797629141,False,False,0
raw_uncertainty,2,19,302.00541390543702,1243.0803372366181,8.0016143062846261,False,False,0
raw_uncertainty,2,20,302.03886894167175,1228.780236909115,7.9735354820734727,False,False,0
raw_uncertainty,2,21,301.9803726465189,1230.6065759645489,7.8981399891146671,False,False,0
raw_uncertainty,2,22,302.01012118675317,1210.7301483290732,7.8303392170229165,False,False,0
raw_uncertainty,2,23,302.23216389171682,1180.2257254767283,7.9212034106445444,False,False,0
raw_uncertainty,2,24,302.1765568433517,878.74722636885554,6.7980183080839183,False,False,0
raw_uncertainty,2,25,302.2832807811028,835.27001286613756,6.7524549428710809,False,False,0
raw_uncertainty,2,26,302.15088004877248,814.73115598501772,6.621045979507663,False,False,0
raw_uncertainty,2,27,302.24344728884364,803.14920762996246,6.6712938195565732,False,False,0
raw_uncertainty,2,28,302.34851088408209,695.42917906707351,6.7083200089926498,False,False,0
raw_uncertainty,2,29,302.51088866669124,753.87475228717631,6.8236175991234829,False,False,0
raw_uncertainty,2,30,302.36922229907475,691.527712729065,6.5425083680699672,False,False,0
raw_uncertainty,2,31,302.35262497966551,682.40999420798653,6.4919101070225125,False,False,0
raw_uncertainty,2,32,302.40974827166576,644.24733822293672,6.6424827253525747,False,False,0
raw_uncertainty,2,33,302.49965621473933,674.61541955861992,6.5292945900982797,False,False,0
raw_uncertainty,2,34,302.45056309640029,639.69460034323913,6.5638397622978797,False,False,0
raw_uncertainty,2,35,302.32297342190139,776.92636958450566,6.6346247251729338,False,False,0
raw_uncertainty,2,36,302.41094948072924,611.46347565279916,6.3023964746233192,False,False,0
raw_uncertainty,2,37,302.37018891422656,594.43748263575128,6.3648901156173681,False,False,0
raw_uncertainty,2,38,302.43277419378188,720.88142950682538,6.4944540054611233,False,False,0
raw_uncertainty,2,39,302.4484308798539,629.19946148330428,6.1247840192314058,False,False,0
raw_uncertainty,2,40,302.37572441839177,582.75652801166279,6.2458297358860504,False,False,0
raw_uncertainty,2,41,303.25935191558159,1702.1901443921129,4.8934221304529926,False,False,0
raw_uncertainty,2,42,303.27149526714214,1634.2967976259365,5.1135794992667112,False,False,0
raw_uncertainty,2,43,303.2412892472891,1684.6925267691645,4.7588147670618071,False,False,0
raw_uncertainty,2,44,303.39376220004658,1707.0571248154783,4.8702889085239827,False,False,0
raw_uncertainty,2,45,302.70957348108436,556.01767522234809,6.0425423565817571,False,False,0
raw_uncertainty,2,46,302.70367527910366,544.28466192640201,6.2077491242193714,False,False,0
raw_uncertainty,2,47,303.51773649793103,1666.0009866550504,4.7860488271730057,False,False,0
raw_uncertainty,2,48,303.36339846891656,1620.6954454003758,4.6537810500591998,False,False,0
raw_uncertainty,2,49,302.76790443718079,606.35857006848948,5.9297550563459467,False,False,0
raw_uncertainty,2,50,303.59655355938645,1599.2326711653959,4.8488978131494278,False,False,0
raw_uncertainty,2,51,302.62197967844139,513.34683046288546,6.047369609861077,False,False,0
raw_uncertainty,2,52,302.70697680940418,505.89953063603309,5.9306052240612983,False,False,0
raw_uncertainty,2,53,303.56254277779908,1589.0988806403552,4.501740866588543,False,False,0
raw_uncertainty,2,54,302.65874421014735,492.15236702850109,5.9787291107507254,False,False,0
raw_uncertainty,2,55,302.60292823247153,484.04786300607964,6.1357865393744957,False,False,0
raw_uncertainty,2,56,303.60494692770374,1585.8548926560131,4.5058181500434209,False,False,0
raw_uncertainty,2,57,303.61907032255391,1583.7224231998271,4.455424188362338,False,False,0
raw_uncertainty,2,58,302.63228378898611,469.39999986931065,6.0837688546724467,False,False,0
raw_uncertainty,2,59,302.60207557613506,455.85852951665544,6.052875091039696,False,False,0
raw_uncertainty,2,60,304.08242899635263,540.82346200787208,7.3236456536288168,False,False,0
raw_uncertainty,2,61,304.18675017514886,521.87543222030547,7.3027749439670604,False,False,0
raw_uncertainty,2,62,304.24290440587362,516.61586789514126,7.1640448464223274,False,False,0
raw_uncertainty,2,63,304.28936617120672,499.31138488681893,7.2057787985780557,False,False,0
raw_uncertainty,2,64,303.13146501832301,461.72103190068253,5.4159182422062537,False,False,0
raw_uncertainty,2,65,303.22247432247184,449.28843448956036,5.4202715751417747,False,False,0
raw_uncertainty,2,66,304.42709279703024,493.39303013252504,7.1319698823461088,False,False,0
raw_uncertainty,2,67,304.17455691152321,435.57966092736956,8.2457642099446442,False,False,0
raw_uncertainty,2,68,303.93979930930124,1327.6848397885724,4.6495679565529509,False,False,0
raw_uncertainty,2,69,303.93263980292852,1722.2689893389165,4.5093706604377317,False,False,0
raw_uncertainty,2,70,303.98562476421768,1671.2357803329446,4.4567709944499736,False,False,0
raw_uncertainty,2,71,303.652135686907,2126.7984582496679,3.8093910968215559,False,True,0.003545675592867642
raw_uncertainty,2,72,304.13091767596615,1535.1432035289583,4.596920334715632,False,False,0
raw_uncertainty,2,73,304.16818965083223,423.24811181991117,7.804636759624481,False,False,0
raw_uncertainty,2,74,304.53303429313348,441.13646847588666,6.947015515468399,False,False,0
raw_uncertainty,2,75,304.19512967579385,379.18143784783467,7.9043972149824375,False,False,0
raw_uncertainty,2,76,304.02093068858403,402.96825503772061,7.5073105791727741,False,False,0
raw_uncertainty,2,77,304.19314068475921,1151.5334126177831,4.76540636625933,False,False,0
raw_uncertainty,2,78,304.23673208694748,1097.3864206690864,4.725387149277724,False,False,0
raw_uncertainty,2,79,304.13540163410846,392.72818711346514,7.5040766609962564,False,False,0
raw_uncertainty,2,80,304.30243823837912,1020.5301881283228,4.7352020559037928,False,False,0
raw_uncertainty,2,81,304.70494668676577,406.29342911492455,6.8196555883300398,False,False,0
raw_uncertainty,2,82,304.02697614933135,351.39250325686839,7.4480093966753103,False,False,0
raw_uncertainty,2,83,303.9862176646489,2127.6661115007905,3.7668146103625735,False,False,0
raw_uncertainty,2,84,304.0520919456348,2092.7705797362823,3.8070165294763396,False,False,0
raw_uncertainty,2,85,303.72061071417124,330.3207949784254,5.4499711542814628,False,False,0
raw_uncertainty,2,86,304.61735279045922,299.86243130085211,8.3286775495113758,False,True,0.00051039874745767433
raw_uncertainty,2,87,303.88485737850772,372.74206798412706,6.9406182492451425,False,False,0
raw_uncertainty,2,88,304.0848123763131,2102.5831240874568,3.7079993433615241,False,False,0
raw_uncertainty,2,89,304.56249862496713,325.02527738933463,5.9115747246887089,False,False,0
raw_uncertainty,2,90,305.09872635880077,277.81142641591043,6.8203595542117599,False,False,0
raw_uncertainty,2,91,305.09145515667922,302.39120401940761,6.5304199752785976,False,False,0
raw_uncertainty,2,92,303.98283336608176,277.46173101104262,5.4425490621730583,False,False,0
raw_uncertainty,2,93,304.6131202608637,2051.5173107815012,4.1121391600728989,False,False,0
raw_uncertainty,2,94,304.68881952690305,2031.952857654509,4.214903396504198,False,False,0
raw_uncertainty,2,95,305.31552709495236,233.54187455074964,6.553447763080273,False,False,0
raw_uncertainty,2,96,304.75699190400371,1989.8664053120465,4.0584097962578269,False,False,0
raw_uncertainty,2,97,304.81143804525942,1988.0182251374863,4.0149670860982223,False,False,0
raw_uncertainty,2,98,304.95836465510291,1975.098934567975,4.1490456619550393,False,False,0
raw_uncertainty,2,99,304.95836465510291,1975.098934567975,4.1490456619550384,False,False,0
raw_uncertainty,2,100,304.88763260475366,2000.7723086962746,3.9413334427411968,False,False,0
raw_uncertainty,2,101,304.78029164483115,278.82622476174635,6.0855599434106367,False,False,0
raw_uncertainty,2,102,305.03634679094091,1927.2257253817697,4.1166541980008589,False,False,0
raw_uncertainty,2,103,305.11542413365703,1917.0653881774497,4.0931883401832891,False,False,0
raw_uncertainty,2,104,305.26807557583254,1912.9039108670327,4.2446059361503004,False,False,0
raw_uncertainty,2,105,305.26957868403798,1944.9796424727729,4.0292364301484529,False,False,0
raw_uncertainty,2,106,305.40916047778137,187.56277708185092,6.1143732609953316,False,False,0
raw_uncertainty,2,107,305.839736983862,1898.1923978131458,4.5815260674563723,False,False,0
raw_uncertainty,2,108,304.90560360313935,229.87853029098113,5.7532727854077113,False,False,0
raw_uncertainty,2,109,305.63678835931216,1902.573620593776,4.2373164899724003,False,False,0
raw_uncertainty,2,110,305.95063476638904,1863.0564841039468,4.5556930726296629,False,False,0
raw_uncertainty,2,111,305.82810521326246,1872.5508816269316,4.2506756257860783,False,False,0
raw_uncertainty,2,112,305.65828953711627,1867.2012476643758,3.9854112636748029,False,False,0
raw_uncertainty,2,113,306.00445054079893,1850.2360907418956,4.3065539305069134,False,False,0
raw_uncertainty,2,114,305.70263537679534,1765.4289133747552,4.0581362490925432,False,False,0
raw_uncertainty,2,115,305.94554081232837,1826.145736913958,4.1228018377295985,False,False,0
raw_uncertainty,2,116,306.12330155901179,1823.6197222003038,4.2904735643037366,False,False,0
raw_uncertainty,2,117,306.23263979659237,1785.4989357452428,4.4251336877442524,False,False,0
raw_uncertainty,2,118,305.8542381988957,1779.7904951567552,3.8845643173862805,False,False,0
raw_uncertainty,2,119,305.95235313372427,1730.0577520327356,4.1631360804042377,False,False,0
raw_uncertainty,2,120,305.97887347102255,1825.4601508739606,3.9535098099843751,False,False,0
raw_uncertainty,2,121,306.11158098528256,1730.373953898581,4.3433421790171494,False,False,0
raw_uncertainty,2,122,306.12529808496771,1836.9115086619868,4.043240120830295,False,False,0
raw_uncertainty,2,123,306.21035924166438,1713.6056061713525,4.3662022169719368,False,False,0
raw_uncertainty,2,124,306.11556962433326,1702.7619873944468,4.1487265856609357,False,False,0
raw_uncertainty,2,125,306.58095214741974,1726.2340893266287,4.2238492743589617,False,False,0
raw_uncertainty,2,126,307.06311700848715,1723.1920797402772,4.3517403406633202,False,False,0
raw_uncertainty,2,127,307.14944071526151,1678.6071479738571,4.3309477876691513,False,False,0
raw_uncertainty,2,128,307.15109059522547,1655.9111277707971,4.2180404573836441,False,False,0
raw_uncertainty,2,129,306.90789046800023,1652.6644243843234,3.9864318388062658,False,False,0
raw_uncertainty,2,130,306.97540828369063,1587.0314340225079,3.9757475840243224,False,False,0
raw_uncertainty,2,131,306.99485337389518,1524.568703493185,3.9812745521163651,False,False,0
raw_uncertainty,2,132,307.31764153478059,1576.3383827200412,4.0401057875310507,False,False,0
raw_uncertainty,2,133,307.07074833840892,1507.0103810405471,4.0963233660888205,False,False,0
raw_uncertainty,2,134,306.97474314772222,1482.5700920852,3.8323459083970404,False,False,0
raw_uncertainty,2,135,307.34283606673523,1454.6984937223378,4.0920373136504882,False,False,0
raw_uncertainty,2,136,307.43029783756538,1437.6782514142676,4.2076470639532317,False,False,0
raw_uncertainty,2,137,307.20084847425414,1409.3618009169061,3.6843168984664336,False,False,0
raw_uncertainty,2,138,307.44587094573518,1385.7662034478767,4.1917923446999836,False,False,0
raw_uncertainty,2,139,307.04727803666071,1019.8203066083697,5.0494992755610184,False,False,0
raw_uncertainty,2,140,307.51091404184689,1334.8483460815755,3.6809484720155616,False,False,0
raw_uncertainty,2,141,307.68525292450511,1381.885583258244,3.3520507641373922,False,False,0
raw_uncertainty,2,142,307.62333270357948,1299.3305071134419,3.7978227903299433,False,False,0
raw_uncertainty,2,143,307.63181594906376,1288.7543967041238,3.4259295946563419,False,False,0
raw_uncertainty,2,144,307.60417796027019,1277.9478057107126,3.3909234535947084,False,False,0
raw_uncertainty,2,145,307.9142796742035,1276.3403731772651,3.4747430350246025,False,False,0
raw_uncertainty,2,146,307.33793563869403,962.37451657479664,4.9963408462261913,False,False,0
raw_uncertainty,2,147,307.72143294458385,1287.8792778545399,2.9244412655490661,False,False,0
raw_uncertainty,2,148,307.76441157331163,1194.4239418947116,3.0788913634764903,False,False,0
raw_uncertainty,2,149,307.81095418187931,1185.9799404891423,3.2410771060812658,False,False,0
raw_uncertainty,2,150,308.13761924380765,817.13969251500669,5.9078669168382305,False,False,0
raw_uncertainty,2,151,308.01091120262777,957.43532275979328,5.6770584916352398,False,False,0
raw_uncertainty,2,152,307.7875481766855,1046.5834221508007,5.2996028475160131,False,False,0
raw_uncertainty,2,153,307.95320968840116,942.10751230250276,5.4373190978167552,False,False,0
raw_uncertainty,2,154,307.92675876464256,934.09646632041631,5.3800192367172714,False,False,0
raw_uncertainty,2,155,308.3912632664584,1172.2234902819198,3.2742359017034386,False,False,0
raw_uncertainty,2,156,308.27543103054029,1141.8269546065339,2.6934471003194203,False,False,0
raw_uncertainty,2,157,307.93671769276045,1055.0430426094426,4.5211308427295966,False,False,0
raw_uncertainty,2,158,308.08092856063843,1094.1004438676568,3.5272895950792256,False,False,0
raw_uncertainty,2,159,308.09072848708536,1018.5422882139271,4.826884090273361,False,False,0
raw_uncertainty,2,160,307.91812488048419,95.347759026294455,7.1163012634367737,False,True,0.012052440889854316
raw_uncertainty,2,161,308.5868439011906,1041.1235646057512,2.5854141211368753,False,False,0
raw_uncertainty,2,162,308.54958520256832,1028.872442352224,2.7355421703767417,False,False,0
raw_uncertainty,2,163,308.22927694544421,878.71987648147797,4.802474318707711,False,False,0
raw_uncertainty,2,164,307.96874363584664,783.79179613493795,4.9349885659376573,False,False,0
raw_uncertainty,2,165,308.14347796480087,971.60395306686542,4.4271172776376932,False,False,0
raw_uncertainty,2,166,308.73535941078165,993.65322089288838,2.3108685425883455,False,False,0
raw_uncertainty,2,167,308.68929596442683,982.06259570700524,3.0117662448687534,False,False,0
raw_uncertainty,2,168,308.3076640969233,653.84526648423105,4.7631379671551048,False,False,0
raw_uncertainty,2,169,308.86379538589165,978.50597958361004,2.1480469796964217,False,False,0
raw_uncertainty,2,170,308.95139526553692,945.5802819708739,2.1937166279600371,False,False,0
raw_uncertainty,2,171,308.81109498986444,927.5444498211732,3.1239959975985725,False,False,0
raw_uncertainty,2,172,308.89889776201483,910.83481522766829,2.1237251435759799,False,False,0
raw_uncertainty,2,173,309.11175308132692,839.30575044964871,2.1403713879687647,False,False,0
raw_uncertainty,2,174,308.55345551613772,254.03549606494988,5.7247458821798327,False,False,0
raw_uncertainty,2,175,309.04600130550409,825.12284491888818,2.666244417407563,False,False,0
raw_uncertainty,2,176,308.46136455931133,546.1924441333972,4.2238139044518501,False,False,0
raw_uncertainty,2,177,309.19706632292866,849.02148240972588,1.9543788084134892,False,False,0
raw_uncertainty,2,178,308.63602519363911,262.61769714503856,5.6307557469820502,False,False,0
raw_uncertainty,2,179,308.81753502279042,197.92472113895559,5.9219776309127008,False,False,0
raw_uncertainty,2,180,308.80125296536914,682.62425814876929,3.8205238240045163,False,False,0
raw_uncertainty,2,181,309.54332398394945,667.83458757262588,2.6592479177472059,False,False,0
raw_uncertainty,2,182,309.57581895758352,645.80624712428551,2.6231069729201342,False,False,0
raw_uncertainty,2,183,308.96156412709399,473.86304057318944,3.6334886741593846,False,False,0
raw_uncertainty,2,184,309.31012973989181,498.34348349427103,3.2969667937964178,False,False,0
raw_uncertainty,2,185,309.14664442313034,376.38687133575218,3.7867119213251659,False,False,0
raw_uncertainty,2,186,309.14731567356534,366.81671659948074,3.7384840578510921,False,False,0
raw_uncertainty,2,187,309.72449028109651,732.70611207591105,1.8200992551221553,False,False,0
raw_uncertainty,2,188,309.53305222001967,473.95837563303661,2.400882706611347,False,False,0
raw_uncertainty,2,189,309.66447462539384,389.7171634150734,2.4880596709278384,False,False,0
raw_uncertainty,2,190,309.20128823508566,265.25939580947198,4.0720185771557933,False,False,0
raw_uncertainty,2,191,309.53732324371305,228.08363756684781,4.2978488402898067,False,False,0
raw_uncertainty,2,192,309.43024712999119,300.19949005064728,3.8248292636281338,False,False,0
raw_uncertainty,2,193,309.47659558895845,345.45762504023872,3.403185488771368,False,False,0
raw_uncertainty,2,194,310.08901098984001,308.06700026476506,3.6076151245720647,False,False,0
raw_uncertainty,2,195,310.03695114277588,296.56361681945526,3.1042445776024938,False,False,0
raw_uncertainty,2,196,309.61605713857233,183.02258861407938,6.5059245848120018,False,False,0
raw_uncertainty,2,197,310.26579109938984,261.31355575768998,2.9748462318331215,False,False,0
raw_uncertainty,2,198,309.99268472655592,204.02466648330693,4.029678819968634,False,False,0
raw_uncertainty,2,199,310.22613089309488,242.06925273702387,2.7443844527603445,False,False,0
raw_uncertainty,2,200,310.23718585697753,164.45217723473905,3.322066991383267,False,False,0
raw_uncertainty,2,201,310.3128530767832,127.802801892773,3.4257894111988563,False,False,0
raw_uncertainty,2,202,310.18856076009638,228.67252448482509,2.3187273336581562,False,False,0
raw_uncertainty,2,203,310.34469382801655,153.16422898808213,3.1397224280158849,False,False,0
raw_uncertainty,2,204,310.11056727939069,268.46480479683186,1.8171710028691868,False,False,0
raw_uncertainty,2,205,310.26144759143074,218.66669750880294,1.8820778987033528,False,False,0
raw_uncertainty,2,206,310.30437684800779,189.44853028764584,2.1246781733921578,False,False,0
raw_uncertainty,2,207,310.70509741113136,189.34347313750504,1.9391003093936061,False,False,0
raw_uncertainty,2,208,310.4813545441736,78.632628846673754,2.7167670144629734,False,False,0
raw_uncertainty,2,209,310.73870624460994,176.80154750542118,1.9623967855089304,False,False,0
raw_uncertainty,2,210,310.79953867126756,108.16272813567258,2.5371056820033462,False,False,0
raw_uncertainty,2,211,310.59998616273498,85.157335889856711,2.5323895195408466,False,False,0
raw_uncertainty,2,212,311.1343120888929,156.06056754071369,2.2283582489968636,False,False,0
raw_uncertainty,2,213,310.91084201115888,201.51609993819079,1.1762707687306246,False,False,0
raw_uncertainty,2,214,310.82380249947693,110.02959688716152,1.5990965227879546,False,False,0
raw_uncertainty,2,215,311.06054634886277,126.71908221923604,1.4728518567133602,False,False,0
raw_uncertainty,2,216,310.85820602069822,152.94193752753154,1.2853467801175844,False,False,0
raw_uncertainty,2,217,310.92136073313065,148.39237176043116,1.3501313277452107,False,False,0
raw_uncertainty,2,218,311.28263830407724,161.56470706798729,1.2282854622483308,False,False,0
raw_uncertainty,2,219,311.19049360882406,123.30685614886795,1.3404845332678104,False,False,0
raw_uncertainty,2,220,311.39662076600393,149.85255012985141,1.2169235384396782,False,False,0
raw_uncertainty,2,221,311.08490144797742,98.553161480899405,1.2941215693716881,False,False,0
raw_uncertainty,2,222,311.04795034502609,74.567587542032413,1.3770528259035233,False,False,0
raw_uncertainty,2,223,311.71698755992594,116.25549617582902,1.8316711978882445,False,False,0
raw_uncertainty,2,224,311.86050597201779,87.33133560957225,1.8525584865238867,False,False,0
raw_uncertainty,2,225,311.90994736425779,104.88381342968728,1.6599154281962054,False,False,0
raw_uncertainty,2,226,312.0135874816919,87.674477307196241,1.7096314819942116,False,False,0
raw_uncertainty,2,227,312.05084273385955,76.766150397764989,1.712779333050082,False,False,0
raw_uncertainty,2,228,312.04403607475825,76.13103914999374,1.6092788376910105,False,False,0
raw_uncertainty,2,229,312.08309342197532,71.530741063954508,1.7219114695538309,False,False,0
raw_uncertainty,2,230,312.16335605292824,67.894987310890144,1.5435415661637233,False,False,0
raw_uncertainty,2,231,312.16025960310628,62.128414255994926,1.5298697569611894,False,False,0
raw_uncertainty,2,232,312.24286650203408,60.620351727586467,1.493861493240642,False,False,0
raw_uncertainty,2,233,312.2318606337351,54.437176127287785,1.5094629725833899,False,False,0
raw_uncertainty,2,234,312.36842488853574,52.588901882308846,1.3165265393381009,False,False,0
raw_uncertainty,2,235,312.39950363732186,54.234255057752762,1.3308496412480357,False,False,0
raw_uncertainty,2,236,312.4363220231603,57.651492116634358,1.235169470124557,False,False,0
raw_uncertainty,2,237,312.50396779783438,47.504120579000528,1.2316886322509593,False,False,0
raw_uncertainty,2,238,312.58309556839424,43.601133881765236,1.1636346635799502,False,False,0
raw_uncertainty,2,239,312.67165333299573,35.106538796938366,1.1114106740176695,False,False,0
raw_uncertainty,2,240,312.73428982916977,33.959849176784473,1.0660517585367257,False,False,0
raw_uncertainty,2,241,312.78616736046973,42.779006985441356,0.98927596562195852,False,False,0
raw_uncertainty,2,242,313.15360510390406,18.008033898917347,0.59795350507674083,False,False,0
raw_uncertainty,2,243,313.20442989132988,14.584757144210585,0.54944692363267045,False,False,0
raw_uncertainty,2,244,313.24765468895441,11.399578365887237,0.70698994399741188,False,False,0
raw_uncertainty,2,245,313.21293856825787,7.521592874731482,0.87514348409927045,False,False,0
raw_uncertainty,2,246,313.25660524401786,5.779973848628174,0.82596983233971422,False,False,0
raw_uncertainty,2,247,313.14299973914075,7.0931653344082406,0.47390122526332146,False,False,0
raw_uncertainty,2,248,313.32910290418226,7.3662444680359158,0.97831565072687088,False,False,0
raw_uncertainty,2,249,313.32910290418226,7.3662444680358021,0.97831565072687265,False,False,0
raw_uncertainty,2,250,312.99361432230899,-20.422516634090243,0.54030848914494367,True,True,0.011514820731919569
raw_uncertainty,2,251,313.06968199781682,-15.645609553269082,0.52505129388410232,True,True,0.0089066819978274748
raw_uncertainty,2,252,313.10148622270276,0.20947857408168602,0.43990827315067538,False,True,0.0040682780396052226
raw_uncertainty,2,253,313.13706675417353,0.069792846642144468,0.39195128929168455,False,True,0.0056889217757687596
raw_uncertainty,2,254,313.19717038908107,-4.2990169149278472,0.37944340229974571,True,True,0.0064029177080503642
raw_uncertainty,2,255,313.19839142927248,-8.7748826418054477,0.39082291934501701,True,True,0.0073264846782576743
raw_uncertainty,3,0,302.26408661685429,1738.9419082392951,8.5851733102755592,False,False,0
raw_uncertainty,3,1,302.26573356454986,1713.7653400963491,8.5582605073149374,False,False,0
raw_uncertainty,3,2,302.26285945196997,1706.5610141053057,8.5401321023916204,False,False,0
raw_uncertainty,3,3,302.26648397417904,1681.8817798106804,8.4896557264413453,False,False,0
raw_uncertainty,3,4,302.26581664789427,1672.2215468114218,8.5019829557262128,False,False,0
raw_uncertainty,3,5,302.27145403369656,1592.8553600110354,8.438917354519992,False,False,0
raw_uncertainty,3,6,302.2757035842294,1583.8850037256398,8.3972376398126034,False,False,0
raw_uncertainty,3,7,302.27293057288057,1520.7422878900275,8.3771920589435478,False,False,0
raw_uncertainty,3,8,302.27279541345501,1527.350987194558,8.2664704697500024,False,False,0
raw_uncertainty,3,9,302.29707723193911,1464.8246797453996,8.2934926567424423,False,False,0
raw_uncertainty,3,10,302.27661882010068,1510.2064296263165,8.2269113513252172,False,False,0
raw_uncertainty,3,11,302.27954954243643,1460.0141948650039,8.2216188482267327,False,False,0
raw_uncertainty,3,12,302.28247541373088,1439.0992350703259,8.1911375681181653,False,False,0
raw_uncertainty,3,13,302.28318810333684,1422.5600031771148,8.1677996629330671,False,False,0
raw_uncertainty,3,14,302.29209311192261,1357.1833568581283,8.1117791696073649,False,False,0
raw_uncertainty,3,15,302.28577974887912,1399.3533345779488,8.0986407836993592,False,False,0
raw_uncertainty,3,16,302.34149484667381,1442.6722633052195,8.0983768445253883,False,False,0
raw_uncertainty,3,17,302.27934481460676,1413.9088167120315,8.072956161489639,False,False,0
raw_uncertainty,3,18,302.30614347304112,1257.0888218431498,7.9944022990028465,False,False,0
raw_uncertainty,3,19,302.31788460992959,1208.5764791820948,7.9553475954507782,False,False,0
raw_uncertainty,3,20,302.31905160457057,1210.2779807623672,7.9477640492837187,False,False,0
raw_uncertainty,3,21,302.33991342384678,1119.8181460477283,7.8364477461197488,False,False,0
raw_uncertainty,3,22,302.32857150481851,1155.5815953869978,7.8958992563790531,False,False,0
raw_uncertainty,3,23,302.33061363108345,1133.5903302007691,7.8326300952864107,False,False,0
raw_uncertainty,3,24,302.33444142333821,1111.3058799273251,7.7686268907090552,False,False,0
raw_uncertainty,3,25,302.37118552838427,1113.7051698527173,7.6944009560334692,False,False,0
raw_uncertainty,3,26,302.3772417677921,1092.5565478655583,7.6693127560820278,False,False,0
raw_uncertainty,3,27,302.39151346963706,1043.8264327037837,7.6265943375733869,False,False,0
raw_uncertainty,3,28,302.42719901672308,945.31162962203075,7.4578735687303421,False,False,0
raw_uncertainty,3,29,302.39095135066589,980.03416691388202,7.5548999794567964,False,False,0
raw_uncertainty,3,30,302.5176681690719,959.20816093861697,7.3283153807362211,False,False,0
raw_uncertainty,3,31,302.51171370447776,864.73224108180125,7.4401292132272241,False,False,0
raw_uncertainty,3,32,302.59004227736426,842.73249400082398,7.1040617049487835,False,False,0
raw_uncertainty,3,33,302.60249810405134,844.36887606714549,7.335382129569882,False,False,0
raw_uncertainty,3,34,302.87464935903648,2115.9935241949288,4.6283194982357285,False,True,0.0067906837582374074
raw_uncertainty,3,35,302.84662549353789,2083.232259806784,4.8927166848696402,False,False,0
raw_uncertainty,3,36,302.93297452014781,2058.8923336844855,4.5279766173280143,False,False,0
raw_uncertainty,3,37,302.64307559371957,648.3290875362627,7.3686386614465649,False,False,0
raw_uncertainty,3,38,302.95550933868685,2041.1573487663995,4.6595636893073156,False,False,0
raw_uncertainty,3,39,303.08315375076256,2168.2940940030389,4.6303801972641008,False,True,0.020056149228354116
raw_uncertainty,3,40,302.98210659950155,1851.135486330289,5.683819707102594,False,False,0
raw_uncertainty,3,41,302.92865262474447,1804.935266787362,5.9187964178904187,False,False,0
raw_uncertainty,3,42,303.06497849292634,1858.5475053417595,5.2836251418785638,False,False,0
raw_uncertainty,3,43,302.95800312988877,1647.2017027462493,5.9927539636679334,False,False,0
raw_uncertainty,3,44,302.93440549343075,1576.4010680363144,6.0989523279954163,False,False,0
raw_uncertainty,3,45,302.70947683614713,590.65454427012344,7.0313645231795743,False,False,0
raw_uncertainty,3,46,302.95219129967489,1568.2873511498688,6.0144253247250452,False,False,0
raw_uncertainty,3,47,303.05786091353775,2008.801988678716,4.5647510861133123,False,False,0
raw_uncertainty,3,48,303.17174035986073,2033.4328778101074,4.7203087298758515,False,False,0
raw_uncertainty,3,49,303.01397044937602,1740.4835922782006,5.6232282294254876,False,False,0
raw_uncertainty,3,50,303.17549966366181,2125.8917431287259,4.6665084703161313,False,True,0.00057839545187572672
raw_uncertainty,3,51,303.12934739588115,1685.5824597707178,5.3340613820766531,False,False,0
raw_uncertainty,3,52,302.74609476028644,619.40591311525066,7.2714507831513808,False,False,0
raw_uncertainty,3,53,303.14910836071306,1998.9083253548554,4.8057148152230589,False,False,0
raw_uncertainty,3,54,303.1978731116148,2117.446689246266,4.5591312443433605,False,False,0
raw_uncertainty,3,55,303.14029481216278,2053.2913482761542,4.5226644533295532,False,False,0
raw_uncertainty,3,56,303.22162940889683,1925.2148505888156,4.7871445759619826,False,False,0
raw_uncertainty,3,57,303.20919077000872,2018.7927077599045,4.6654998191976196,False,False,0
raw_uncertainty,3,58,303.17538067470542,1940.7011596262744,4.8382038434891665,False,False,0
raw_uncertainty,3,59,303.15177332943904,1657.8134733273423,5.1153607821129539,False,False,0
raw_uncertainty,3,60,302.91718531990199,564.86528516373369,6.5578653640766351,False,False,0
raw_uncertainty,3,61,303.2068662577164,2087.9373618614381,4.5431833011192202,False,False,0
raw_uncertainty,3,62,303.19087725689099,1243.4351183802578,5.5637486282342863,False,False,0
raw_uncertainty,3,63,303.27691730393582,1953.7498115464177,4.7003139004688759,False,False,0
raw_uncertainty,3,64,303.27386162650521,1969.1235045020105,4.7091241719168924,False,False,0
raw_uncertainty,3,65,303.23326958579082,1226.8386357981549,5.5514071682627009,False,False,0
raw_uncertainty,3,66,303.13423982083248,1064.6779685324641,5.9458083139245286,False,False,0
raw_uncertainty,3,67,302.90888112603182,537.87594758728983,7.2316799583174998,False,False,0
raw_uncertainty,3,68,303.34743237279832,1218.1622321102018,4.9764294615721658,False,False,0
raw_uncertainty,3,69,302.97413582221247,512.210532527689,6.9573195261498402,False,False,0
raw_uncertainty,3,70,303.16117162505407,705.99153324291353,6.0032356555462956,False,False,0
raw_uncertainty,3,71,303.44267739132454,1330.991688710666,4.7425077764363177,False,False,0
raw_uncertainty,3,72,303.43354195408466,1799.9621710416413,4.7707033973057174,False,False,0
raw_uncertainty,3,73,303.02857675647903,491.11848901875493,7.0596821111026937,False,False,0
raw_uncertainty,3,74,303.05582527969477,495.4499759693179,7.0421493893510227,False,False,0
raw_uncertainty,3,75,303.52229857114503,1203.9944751984904,4.7315778717218997,False,False,0
raw_uncertainty,3,76,303.56951362945148,1310.151512945682,4.7758596389517933,False,False,0
raw_uncertainty,3,77,303.41752444685272,492.70108134455745,5.4557745351849771,False,False,0
raw_uncertainty,3,78,303.39466578936668,453.76451153806249,5.6628713403491213,False,False,0
raw_uncertainty,3,79,303.52859325257305,453.54775606907685,5.2473368270832914,False,False,0
raw_uncertainty,3,80,303.65956474258434,459.51938373412122,4.815055013584125,False,False,0
raw_uncertainty,3,81,303.82525703503757,722.28930788607568,4.6787654219298274,False,False,0
raw_uncertainty,3,82,303.81680969504208,606.45483036159055,4.5574468458083306,False,False,0
raw_uncertainty,3,83,303.72109755389323,392.63063802004569,4.8373014881074692,False,False,0
raw_uncertainty,3,84,303.9331438108598,492.38804578568323,4.5000105414534799,False,False,0
raw_uncertainty,3,85,303.95029604313487,435.83166143941003,4.4736123348839527,False,False,0
raw_uncertainty,3,86,303.99496967110775,382.17574851408943,4.5503386514263768,False,False,0
raw_uncertainty,3,87,303.9016144741463,344.37903081169839,4.617254253085191,False,False,0
raw_uncertainty,3,88,303.96435772835309,334.63972124021637,4.5857650331540878,False,False,0
raw_uncertainty,3,89,304.03756516774467,331.09766111899188,4.5457549291673933,False,False,0
raw_uncertainty,3,90,304.13483882113223,328.58183311441701,4.5656349277220976,False,False,0
raw_uncertainty,3,91,304.17703984228535,319.52750856479958,4.6217603360481876,False,False,0
raw_uncertainty,3,92,304.27794096023865,333.2331607633991,4.7818458526335501,False,False,0
raw_uncertainty,3,93,304.3501105509136,328.77522944949624,4.8606918415135425,False,False,0
raw_uncertainty,3,94,304.45782813464155,333.33265818930016,5.1823457103888906,False,False,0
raw_uncertainty,3,95,304.51672496924215,331.91469862780036,5.3904670559320786,False,False,0
raw_uncertainty,3,96,304.53954019013941,302.38680921552094,5.0184026623389428,False,False,0
raw_uncertainty,3,97,304.61880870759427,297.35725075064863,5.4625393417989949,False,False,0
raw_uncertainty,3,98,304.61880870759427,297.35725075064875,5.4625393417989923,False,False,0
raw_uncertainty,3,99,304.71774471915091,296.52029217502502,5.3412627909900818,False,False,0
raw_uncertainty,3,100,304.79281832365518,283.72229729535297,5.3563029965820164,False,False,0
raw_uncertainty,3,101,304.68324680792074,233.84649579975422,6.868108591780401,False,False,0
raw_uncertainty,3,102,304.68365500521548,238.07800046728028,7.4532544836364245,False,True,0.0038373423914868088
raw_uncertainty,3,103,304.72270846286477,225.6344466632591,7.4877667437385167,False,True,0.0089217617695896562
raw_uncertainty,3,104,304.79132727793336,218.20076373306381,7.4374044772119383,False,True,0.0095363103397825555
raw_uncertainty,3,105,304.91983178069705,240.56162701684843,6.6407798557647011,False,False,0
raw_uncertainty,3,106,304.9230682565605,211.88232698532346,7.2236794104215098,False,True,0.0048592895261289348
raw_uncertainty,3,107,304.93311448079572,213.59045319595776,6.5244062917844916,False,False,0
raw_uncertainty,3,108,305.1174042869556,203.03011137252918,7.6579546098629852,False,True,0.014838311137810804
raw_uncertainty,3,109,305.1174042869556,203.03011137252957,7.6579546098629816,False,True,0.014838311137810554
raw_uncertainty,3,110,305.33708501783207,220.04995117503847,6.8118803907882661,False,False,0
raw_uncertainty,3,111,305.3385723513066,209.71579704943093,7.1764405711185093,False,False,0
raw_uncertainty,3,112,305.28605722376614,163.82145042597199,6.6248614741571341,False,True,0.0040485057537571201
raw_uncertainty,3,113,305.40306659525299,188.58718766153743,6.6636009733482044,False,False,0
raw_uncertainty,3,114,305.50077927749044,183.40697153845349,6.9858149492902122,False,True,0.00058131479291737009
raw_uncertainty,3,115,305.56878744843783,188.84214750154052,7.2589308250591182,False,True,0.0034069276589900194
raw_uncertainty,3,116,305.62135355416052,149.4360850819636,7.2271876180818939,False,True,0.017563638714102089
raw_uncertainty,3,117,305.73039351932499,167.92409699050688,7.1663999291518978,False,True,0.0068169786107731695
raw_uncertainty,3,118,305.8869592937728,149.76047614835522,7.3683879651450717,False,True,0.015917115968002785
raw_uncertainty,3,119,305.90983786268737,146.62800021030318,6.8438597903608951,False,True,0.0048239976354289005
raw_uncertainty,3,120,306.02971330347788,126.10104707386927,6.9879076631462045,False,True,0.014207019748671237
raw_uncertainty,3,121,306.11644307266465,122.36412777064538,7.2325349217134729,False,True,0.019731762362613106
raw_uncertainty,3,122,306.13243868336531,121.58217583101839,7.0196219575163861,False,True,0.014912923402915515
raw_uncertainty,3,123,306.32922135723629,123.16182885741102,7.0837002613801641,False,True,0.012232582429083774
raw_uncertainty,3,124,306.54540234706263,133.65243235982132,7.1465159059074796,False,True,0.0056014908151987286
raw_uncertainty,3,125,306.65055411432689,155.25183466214958,7.0893007741231351,False,False,0
raw_uncertainty,3,126,306.74244710304094,124.67758333053223,7.0692215012665178,False,True,0.004654837281903532
raw_uncertainty,3,127,306.84963397794542,119.50473563548667,7.0247343797801962,False,True,0.0059955368236325798
raw_uncertainty,3,128,306.89372470151488,115.19148537693331,6.9728591208056683,False,True,0.0074307809674613676
raw_uncertainty,3,129,306.97862479931706,151.28474063890019,6.9730951527418519,False,False,0
raw_uncertainty,3,130,307.25796324223529,147.23852515336068,7.2126502283492044,False,False,0
raw_uncertainty,3,131,307.41080705214591,137.0501678421623,6.9415376147602306,False,False,0
raw_uncertainty,3,132,307.45493036099919,109.79393392158624,6.9041130014930747,False,True,0.0056057819195616055
raw_uncertainty,3,133,307.40751114805983,98.068200037615156,6.9065686327816147,False,True,0.0108291778828732
raw_uncertainty,3,134,307.4821849424805,90.851416201626421,6.7767797202485625,False,True,0.013131898886636243
raw_uncertainty,3,135,307.62099939514906,105.70742797890443,6.8208728013870132,False,True,0.006225977567259758
raw_uncertainty,3,136,307.79763438447122,92.022407699993323,6.6556661678134752,False,True,0.010580867860975746
raw_uncertainty,3,137,307.89525896292383,89.775672161350599,6.6137919592413787,False,True,0.010904350809366199
raw_uncertainty,3,138,308.1504806311238,100.91730373219912,6.7167436414147001,False,True,0.0052742540078750122
raw_uncertainty,3,139,308.18368426352725,75.610186267628592,6.6336390481528973,False,True,0.015564874523124517
raw_uncertainty,3,140,307.92213162966056,1412.9456250950961,4.6149440943068933,False,False,0
raw_uncertainty,3,141,307.94071868680669,1401.8049478405751,4.6002953489375304,False,False,0
raw_uncertainty,3,142,307.8973527848903,1333.8415941992041,4.4369751962372685,False,False,0
raw_uncertainty,3,143,307.96474967284405,1379.2687988940979,4.5431663240164362,False,False,0
raw_uncertainty,3,144,308.00918220810792,1358.9758300795011,4.4938660120554221,False,False,0
raw_uncertainty,3,145,307.98580247467686,1270.4482044584693,4.3440102270508385,False,False,0
raw_uncertainty,3,146,308.09415222586517,1268.9842735242937,4.4127918465936382,False,False,0
raw_uncertainty,3,147,308.18554314600379,1414.8903035268181,4.3772300125021557,False,False,0
raw_uncertainty,3,148,308.11665217824992,1245.5915893978963,4.3903116836247928,False,False,0
raw_uncertainty,3,149,308.10953019030205,1228.1325530971967,4.2558832945785836,False,False,0
raw_uncertainty,3,150,308.16185510915437,1301.6541952802511,4.1190802233469341,False,False,0
raw_uncertainty,3,151,308.27478859114802,1267.2544477216047,4.3117669523814852,False,False,0
raw_uncertainty,3,152,308.2885799888071,1211.1734481505316,4.3502903843896936,False,False,0
raw_uncertainty,3,153,308.31575919482998,1186.3191411983912,4.3380919859666163,False,False,0
raw_uncertainty,3,154,308.38708040337605,1229.2379064732249,4.0901801132446458,False,False,0
raw_uncertainty,3,155,308.39532967693577,932.2442965354569,4.9324901139945414,False,False,0
raw_uncertainty,3,156,308.35268361144364,1163.7752792690169,3.9403094418514466,False,False,0
raw_uncertainty,3,157,308.51626777382739,1217.5096343034561,3.8751200850996446,False,False,0
raw_uncertainty,3,158,308.48569766704759,1174.0364779605729,4.2024316782645972,False,False,0
raw_uncertainty,3,159,308.46514074172455,1131.1411853824579,4.017689788679804,False,False,0
raw_uncertainty,3,160,308.51321181308748,1109.2034021367165,3.8694835421853617,False,False,0
raw_uncertainty,3,161,308.52790650556994,1106.6612285619174,3.8960235212580505,False,False,0
raw_uncertainty,3,162,308.5565312236638,297.77180694605426,5.0625957047220034,False,False,0
raw_uncertainty,3,163,308.6103778814649,848.79304715120304,4.3909745480884208,False,False,0
raw_uncertainty,3,164,308.62425179383945,449.23170299697495,4.7028092793436658,False,False,0
raw_uncertainty,3,165,308.60600370786693,862.23785384933308,4.299728164480225,False,False,0
raw_uncertainty,3,166,308.77088107778684,465.90492750770721,4.709614028805631,False,False,0
raw_uncertainty,3,167,308.66065571223265,1043.7504963273634,3.4131524942073868,False,False,0
raw_uncertainty,3,168,308.78703286557987,827.41867291042581,4.3833602894602377,False,False,0
raw_uncertainty,3,169,308.69922940805037,1032.1942280850881,3.2910264235417728,False,False,0
raw_uncertainty,3,170,308.84458225664264,715.51314474874778,4.1417330240771166,False,False,0
raw_uncertainty,3,171,308.84943084360737,1032.8290198233842,3.1349739325636889,False,False,0
raw_uncertainty,3,172,308.832243440843,656.21228861588088,4.0526756634319145,False,False,0
raw_uncertainty,3,173,308.93269826588579,440.99278169544084,4.1388618760518234,False,False,0
raw_uncertainty,3,174,308.89287283695228,709.10691467472225,3.8647851545801819,False,False,0
raw_uncertainty,3,175,309.00976720720007,918.34214263343097,3.2560443547741751,False,False,0
raw_uncertainty,3,176,308.99336856792712,689.96004972817127,3.7265777028843416,False,False,0
raw_uncertainty,3,177,309.01744667952022,505.37148460119101,3.8460851090402768,False,False,0
raw_uncertainty,3,178,309.0338409687887,531.41983688505024,3.8242960276867075,False,False,0
raw_uncertainty,3,179,309.09646616628169,464.89014612625897,4.0748067132550077,False,False,0
raw_uncertainty,3,180,309.01693627321964,523.10313147149736,3.7325016471062034,False,False,0
raw_uncertainty,3,181,309.16275328336769,1005.628203240429,3.1036746011336391,False,False,0
raw_uncertainty,3,182,309.1532890433075,889.68238844661983,3.171238883484834,False,False,0
raw_uncertainty,3,183,309.08309640441018,1069.455847294663,2.9540024089258927,False,False,0
raw_uncertainty,3,184,309.09388019624345,957.79027959790278,2.8321288128077753,False,False,0
raw_uncertainty,3,185,309.15880028441222,171.3675475296501,4.7853709158545801,False,False,0
raw_uncertainty,3,186,309.21289834673365,921.03881417199136,2.7812990744078099,False,False,0
raw_uncertainty,3,187,309.34204655961821,806.61582443296038,3.1466760231567057,False,False,0
raw_uncertainty,3,188,309.24606302459762,594.39366941883986,3.264428043546888,False,False,0
raw_uncertainty,3,189,309.3093755761509,587.84144744764285,3.2777941183834169,False,False,0
raw_uncertainty,3,190,309.24549257896246,473.55819941222262,3.2823077251599155,False,False,0
raw_uncertainty,3,191,309.37337137525611,889.48797702887248,2.6492574705166501,False,False,0
raw_uncertainty,3,192,309.29272614452424,375.73678352559796,3.3459311123743127,False,False,0
raw_uncertainty,3,193,309.52171160842823,919.42629763577565,2.6095523123983249,False,False,0
raw_uncertainty,3,194,309.57731642319214,837.65693351443394,2.5596817341959639,False,False,0
raw_uncertainty,3,195,309.6482417768467,387.67973926451589,3.1166763541278057,False,False,0
raw_uncertainty,3,196,309.70334381229651,426.25860637246865,3.0559718238611917,False,False,0
raw_uncertainty,3,197,309.92090477604967,927.93997097303009,2.5221157657249997,False,False,0
raw_uncertainty,3,198,309.88121495537888,910.31294555878912,2.4864391405969131,False,False,0
raw_uncertainty,3,199,310.1264290951305,253.6862238184458,2.3918429394995853,False,False,0
raw_uncertainty,3,200,310.15408586394733,226.25500676099546,2.4205297139668693,False,False,0
raw_uncertainty,3,201,310.22038927991036,198.84374055246781,2.4735658858830716,False,False,0
raw_uncertainty,3,202,310.08427428999374,150.65024221858698,4.1234002728707981,False,False,0
raw_uncertainty,3,203,310.12733135126899,134.95856660754328,4.1461360810289776,False,False,0
raw_uncertainty,3,204,310.17874573260832,132.79337788771568,3.8472098593601975,False,False,0
raw_uncertainty,3,205,310.25992287570739,133.72967993466989,4.0322804119887623,False,False,0
raw_uncertainty,3,206,310.43175289731681,159.60747645574838,2.5541813105583095,False,False,0
raw_uncertainty,3,207,310.46692632599576,156.96979496671315,2.5284723862049976,False,False,0
raw_uncertainty,3,208,310.50496992870404,154.00410854978315,2.6126609986705489,False,False,0
raw_uncertainty,3,209,310.55360271826362,127.43831399588703,2.6297479464967961,False,False,0
raw_uncertainty,3,210,310.5915247505643,123.67856656095194,2.8988645769328976,False,False,0
raw_uncertainty,3,211,310.65828291223329,166.99171537576456,2.2827738161829072,False,False,0
raw_uncertainty,3,212,310.71363799038159,143.22454628458934,3.0082868115921864,False,False,0
raw_uncertainty,3,213,310.76989497034765,141.65786352298346,2.768747503121022,False,False,0
raw_uncertainty,3,214,310.79957184317595,138.98563687069714,2.4934976111894183,False,False,0
raw_uncertainty,3,215,310.85386410327868,132.72562623792714,2.6157555385254527,False,False,0
raw_uncertainty,3,216,310.92972499299771,121.80678477508229,2.7154893369075066,False,False,0
raw_uncertainty,3,217,310.96051396334207,123.90732607315022,2.4383877912973388,False,False,0
raw_uncertainty,3,218,311.06147945637019,117.0357030045343,2.5703688106999736,False,False,0
raw_uncertainty,3,219,311.17423143414504,146.0299455393324,2.0282999114078635,False,False,0
raw_uncertainty,3,220,311.31713208732128,101.29481600960798,2.5700622238436179,False,False,0
raw_uncertainty,3,221,311.484452258126,113.89293242946007,1.9773070653058307,False,False,0
raw_uncertainty,3,222,311.47092328547711,105.29669012678119,2.0845769434998864,False,False,0
raw_uncertainty,3,223,311.534918957108,95.340628068595038,1.9629503877526133,False,False,0
raw_uncertainty,3,224,311.57073327277237,92.152335587610878,1.9217542189539305,False,False,0
raw_uncertainty,3,225,311.64589627731783,89.779910816020674,1.8435305974169935,False,False,0
raw_uncertainty,3,226,311.69355057887515,79.886093634143322,1.8291163670218573,False,False,0
raw_uncertainty,3,227,311.77076466819386,82.516556211615807,1.7410869873021007,False,False,0
raw_uncertainty,3,228,311.70789272365198,73.719356959398851,1.9424429718249501,False,False,0
raw_uncertainty,3,229,311.73990375177465,70.645552584034817,1.8835629542405803,False,False,0
raw_uncertainty,3,230,311.83021606652915,73.639479587693017,1.7422277401864612,False,False,0
raw_uncertainty,3,231,311.91311956625168,77.583661630779147,1.6258519424727904,False,False,0
raw_uncertainty,3,232,311.95104129905246,93.76636006809656,1.5856466728580569,False,False,0
raw_uncertainty,3,233,311.95210983964216,59.158419643003185,1.7006472252634701,False,False,0
raw_uncertainty,3,234,312.01270526337856,83.841316754705872,1.55822051187734,False,False,0
raw_uncertainty,3,235,312.10631453430733,63.007551131469768,1.4960139112578545,False,False,0
raw_uncertainty,3,236,312.18965704176918,54.505861134264251,1.4787554225415027,False,False,0
raw_uncertainty,3,237,312.20277545170734,119.4760132117085,1.3654549558669205,False,False,0
raw_uncertainty,3,238,312.34684359591535,73.334792499029163,1.3049024376859268,False,False,0
raw_uncertainty,3,239,312.35429277902784,45.29626075355452,1.378702728680798,False,False,0
raw_uncertainty,3,240,312.42274762097048,42.091583695920917,1.3290836210505983,False,False,0
raw_uncertainty,3,241,312.47331138482764,47.277738215543195,1.2923500712479221,False,False,0
raw_uncertainty,3,242,312.4859461022391,48.056455596100818,1.2181689677666876,False,False,0
raw_uncertainty,3,243,312.60448286284822,36.099426276785266,1.2194392089437693,False,False,0
raw_uncertainty,3,244,312.69034203742876,33.274075813730178,1.1253806338454613,False,False,0
raw_uncertainty,3,245,312.76664393327275,48.730183000354259,1.000307704373335,False,False,0
raw_uncertainty,3,246,312.76235055302095,29.774978924977063,1.0223914151956874,False,False,0
raw_uncertainty,3,247,312.79481180466826,38.108514364037092,0.97578637320455464,False,False,0
raw_uncertainty,3,248,312.90259249381762,51.592242356293696,0.88815841641288085,False,False,0
raw_uncertainty,3,249,312.85137696116294,32.081196331706451,0.91348792868241002,False,False,0
raw_uncertainty,3,250,312.96683640605329,47.021724452657168,0.86966057511949924,False,False,0
raw_uncertainty,3,251,313.00844258258422,47.361547416378244,0.7894364647746519,False,False,0
raw_uncertainty,3,252,313.13528388844577,40.433481427735387,0.56736748106592039,False,False,0
raw_uncertainty,3,253,313.05299883955172,45.892280034495457,0.7270578803096921,False,False,0
raw_uncertainty,3,254,313.09774276962202,42.377407560182746,0.70289892869235526,False,False,0
raw_uncertainty,3,255,313.17845781770109,37.38059945298744,0.61854452069303267,False,False,0
raw_uncertainty,4,0,301.13489682885267,349.615308934533,6.2263562160922552,False,True,0.075983265667815894
raw_uncertainty,4,1,301.16779096079722,341.00787152381554,6.1456628808625675,False,True,0.071897356440191212
raw_uncertainty,4,2,301.19911433975943,339.96523768548781,6.3532483985708694,False,True,0.079518593511806998
raw_uncertainty,4,3,301.18306501912554,332.30015808950606,6.2350620063632727,False,True,0.07648221463559865
raw_uncertainty,4,4,301.20148406877013,327.73540808969142,6.1874669721685702,False,True,0.074042925867339057
raw_uncertainty,4,5,301.21830552019588,324.12792211444707,6.1501658924278688,False,True,0.07199550748307551
raw_uncertainty,4,6,301.09788869551016,347.1558951525862,6.0746493264749359,False,True,0.071795848580199412
raw_uncertainty,4,7,301.19230067754,322.74840866077369,6.0413773255906857,False,True,0.068895745071228059
raw_uncertainty,4,8,301.17657689179896,320.76358039009642,5.9144405188622242,False,True,0.064480062663303084
raw_uncertainty,4,9,301.31669873211081,308.47133834657615,5.9838400135436052,False,True,0.061412696504252816
raw_uncertainty,4,10,301.41608119449432,311.10580723598764,6.10369197606874,False,True,0.060463233929898885
raw_uncertainty,4,11,301.31867795497334,303.37472181165219,5.8259201410874395,False,True,0.055095871211120903
raw_uncertainty,4,12,301.35425575624521,292.61565018102596,5.8488119843640618,False,True,0.055855153030138056
raw_uncertainty,4,13,301.4266872034396,356.99199019094652,5.8022325930295251,False,True,0.038520251909735133
raw_uncertainty,4,14,301.32574828053066,301.97710765700828,5.6872476312231806,False,True,0.048709523984925972
raw_uncertainty,4,15,301.31956307349179,305.74102171391274,5.6900491364789412,False,True,0.048558264862081396
raw_uncertainty,4,16,301.34606045376637,298.18764049768208,5.6641512471082347,False,True,0.047122960277844024
raw_uncertainty,4,17,301.44986504846662,288.99886334897121,5.6752224656893286,False,True,0.043058890836151789
raw_uncertainty,4,18,301.47616499052901,289.19145259201036,5.5727565725996353,False,True,0.036887275026224083
raw_uncertainty,4,19,301.62389051138871,283.66909922620312,5.761091012620672,False,True,0.037540845229774002
raw_uncertainty,4,20,301.58391929589271,271.53745657234879,5.6942455971050094,False,True,0.038975899434438174
raw_uncertainty,4,21,301.51278425711638,284.44683565882343,5.5408838576931281,False,True,0.034108308378401203
raw_uncertainty,4,22,301.66242828236778,267.69148263465843,6.0443760634054193,False,True,0.050671022581807258
raw_uncertainty,4,23,301.72569994015828,272.08379861655339,5.9486974174117249,False,True,0.041905283797374571
raw_uncertainty,4,24,301.65278387167746,265.1887766474473,5.6102843748590949,False,True,0.032235770990196699
raw_uncertainty,4,25,301.66209543743838,258.31434555709291,5.6376884580341908,False,True,0.034084903526805856
raw_uncertainty,4,26,301.81937436494991,265.44010380650161,5.5250776260145837,False,True,0.018547229518726116
raw_uncertainty,4,27,301.69100489098736,263.08896957505686,5.4326793199627952,False,True,0.022388002992941518
raw_uncertainty,4,28,301.7979461948064,248.50048787824807,5.4360259174867283,False,True,0.018713611223385433
raw_uncertainty,4,29,301.81480601309823,276.27742995678472,5.4231912456568336,False,True,0.012408525752891343
raw_uncertainty,4,30,301.90260784658625,246.1990669813074,5.2957674235236967,False,True,0.0066773169563968688
raw_uncertainty,4,31,301.96611640437584,248.69571724934019,5.335647562905625,False,True,0.0044786432349521177
raw_uncertainty,4,32,302.02060496882973,241.50580075999136,5.2241021581550031,False,False,0
raw_uncertainty,4,33,302.07499866931892,236.61841063140292,5.1828194371285639,False,False,0
raw_uncertainty,4,34,302.5040646173627,195.89376708380661,6.1295875004760472,False,True,0.030124042040159282
raw_uncertainty,4,35,302.54311883703508,182.55618685533989,6.0483405998110786,False,True,0.032511277768554545
raw_uncertainty,4,36,302.47318033259688,192.75466815118483,5.8067925969861465,False,True,0.023915829401168542
raw_uncertainty,4,37,302.82339200508062,165.22591355898373,6.6776743444698017,False,True,0.049345498154466344
raw_uncertainty,4,38,302.79863762814455,161.94277481632406,6.5546683695121359,False,True,0.04805421046604251
raw_uncertainty,4,39,302.90720966418161,156.95366545868035,6.8236538264610536,False,True,0.054531718290558778
raw_uncertainty,4,40,302.90107221589739,160.84868603230495,6.7890735851265935,False,True,0.052254921186658282
raw_uncertainty,4,41,303.07625002365751,141.48955338948485,7.0299892136453348,False,True,0.062291314140463086
raw_uncertainty,4,42,303.0894503641934,142.13579863582351,7.0703761303645756,False,True,0.062779340248343099
raw_uncertainty,4,43,303.16544150195318,142.89451403932168,7.241065318262434,False,True,0.065196686835928913
raw_uncertainty,4,44,303.29876012835621,140.69396008557453,7.4668786061775734,False,True,0.068971679023197077
raw_uncertainty,4,45,303.33022092581831,127.16061222174835,7.3260619661842998,False,True,0.070092989743347767
raw_uncertainty,4,46,303.41728506593455,129.87647143326933,7.5437365500387443,False,True,0.07269304992099529
raw_uncertainty,4,47,303.46242878366326,126.21738561102222,7.5235675550777614,False,True,0.072682696835972546
raw_uncertainty,4,48,303.57632844293096,117.92880556412445,7.5767557832391059,False,True,0.074908489404241052
raw_uncertainty,4,49,303.68874766950154,118.57057660894327,7.7622068259837622,False,True,0.076983505091204912
raw_uncertainty,4,50,303.72549532968526,116.83768113496251,7.7912530960842696,False,True,0.077630681161448181
raw_uncertainty,4,51,303.86344838007557,114.06810144958843,7.9181054572765586,False,True,0.079038533537139882
raw_uncertainty,4,52,303.96806548753796,105.63707182689598,7.8246560704201507,False,True,0.078196423437621579
raw_uncertainty,4,53,303.99962195662994,112.69606842574797,8.0696888724966556,False,True,0.080556749048375967
raw_uncertainty,4,54,304.14128603899087,104.16482497738389,8.0277497527487132,False,True,0.080325890687131501
raw_uncertainty,4,55,304.31421585347164,86.497038469571862,7.4674523865883282,False,True,0.071579294098680538
raw_uncertainty,4,56,304.26931594699096,107.53230517272777,8.2780443622273499,False,True,0.082392598297627989
raw_uncertainty,4,57,304.34713482854141,100.58711665686258,8.1520989321102473,False,True,0.080926276044912343
raw_uncertainty,4,58,304.37350778857876,102.08380897796951,8.262288153839787,False,True,0.082364648761523357
raw_uncertainty,4,59,304.47451659408011,100.56676515456195,8.3391500556144429,False,True,0.082924282326347298
raw_uncertainty,4,60,304.60057897853983,88.536951150117488,7.9785001264726505,False,True,0.077295420921196595
raw_uncertainty,4,61,304.62297255538078,98.229718566967904,8.425592088070113,False,True,0.083185972378092859
raw_uncertainty,4,62,304.69124277949231,89.86630727003967,8.2160511700132304,False,True,0.080555593826902777
raw_uncertainty,4,63,304.88143507346524,74.316374409044101,7.4070239767105877,False,True,0.06498823648058677
raw_uncertainty,4,64,304.78168404073023,88.244825297921921,8.2417212731060872,False,True,0.080179815597503284
raw_uncertainty,4,65,304.89315991665023,78.989290511533454,7.9584307754100312,False,True,0.075458686463156149
raw_uncertainty,4,66,305.094827180761,73.906475161788876,7.5100403993321967,False,True,0.063697116166629791
raw_uncertainty,4,67,305.11178561849158,78.029111448750655,8.0211565204674713,False,True,0.073377831486306513
raw_uncertainty,4,68,305.28744350511028,59.583265395801391,7.5304846191130714,False,True,0.066480197647569392
raw_uncertainty,4,69,305.35671612586964,66.194246069027599,7.5689444080374972,False,True,0.06346856168586168
raw_uncertainty,4,70,305.36696776398708,74.094483093593908,8.060319566367804,False,True,0.071303110649443377
raw_uncertainty,4,71,305.45519125677663,63.873063578260144,7.6978333245524286,False,True,0.06558065972796534
raw_uncertainty,4,72,305.41337140145129,70.334120117261023,8.0287990413572494,False,True,0.07126807671333811
raw_uncertainty,4,73,305.57015057119469,69.66240390332996,7.9586874418469078,False,True,0.067148595484685686
raw_uncertainty,4,74,305.68320586685309,60.595551678049105,7.5985677862945655,False,True,0.060574304589825489
raw_uncertainty,4,75,305.77466843412435,60.431728214238774,7.6941070694039126,False,True,0.061186123903734319
raw_uncertainty,4,76,305.87935600000407,53.259951980301366,7.5849203902202698,False,True,0.059713702823746037
raw_uncertainty,4,77,306.13477168671795,60.693451246613336,7.4562853757646419,False,True,0.049251623810636067
raw_uncertainty,4,78,306.18795348513777,68.452652691521394,7.5732757349412569,False,True,0.047853809029020852
raw_uncertainty,4,79,306.35340011872029,56.343206263445381,7.4259456245710007,False,True,0.046412362291884626
raw_uncertainty,4,80,306.62456098342142,57.127422014342983,7.2963404470911355,False,True,0.038316447625595496
raw_uncertainty,4,81,306.64947312807055,45.859292158541734,7.4253631196565051,False,True,0.045332883095253532
raw_uncertainty,4,82,306.69352454407448,45.332763842749728,7.4182015984839751,False,True,0.044596455532728202
raw_uncertainty,4,83,306.72745589544792,44.002980392739801,7.3643911845150463,False,True,0.043300554989622889
raw_uncertainty,4,84,306.99044759412732,55.387268699866809,7.208489442563554,False,True,0.032355653886868063
raw_uncertainty,4,85,306.99044759412737,55.387268699867491,7.2084894425635575,False,True,0.032355653886867355
raw_uncertainty,4,86,307.12354890547903,1543.5373599299417,5.0336609987948826,False,False,0
raw_uncertainty,4,87,307.12345049521741,1543.4590126400008,5.0332724178300552,False,False,0
raw_uncertainty,4,88,307.19068705787294,1534.3454789703374,5.0456683216608127,False,False,0
raw_uncertainty,4,89,307.19491079324496,1517.6885030131739,4.9533025203275471,False,False,0
raw_uncertainty,4,90,307.23872498470445,1506.2878873153475,4.9231668317346013,False,False,0
raw_uncertainty,4,91,307.22716241194598,1446.054722595009,4.9127775142846257,False,False,0
raw_uncertainty,4,92,307.15048125004654,1436.7582996198355,4.799513934090692,False,False,0
raw_uncertainty,4,93,307.22585019783639,1469.9146589193356,4.7847100569983922,False,False,0
raw_uncertainty,4,94,307.19447285530379,1402.1579488543689,4.7004612818468008,False,False,0
raw_uncertainty,4,95,307.2276378025087,1445.536769767315,4.6866188337839372,False,False,0
raw_uncertainty,4,96,307.31926906927123,1417.4290771997757,4.6645935173417152,False,False,0
raw_uncertainty,4,97,307.31152759569619,1371.2528728364628,4.6255228901098082,False,False,0
raw_uncertainty,4,98,307.31393755557497,1369.4508327510512,4.6048293846479682,False,False,0
raw_uncertainty,4,99,307.36118807135722,1401.2126924545419,4.5828841264497617,False,False,0
raw_uncertainty,4,100,307.35860279957666,1323.7933244616602,4.5589117883555392,False,False,0
raw_uncertainty,4,101,307.38459931239925,1359.6217245534758,4.5077169893886362,False,False,0
raw_uncertainty,4,102,307.47112666395196,1276.7572253239489,4.5906904014514929,False,False,0
raw_uncertainty,4,103,307.2954889397692,1248.4068636343823,4.7596404455112102,False,False,0
raw_uncertainty,4,104,307.36158502959165,1223.1575282641843,4.7033545682175717,False,False,0
raw_uncertainty,4,105,307.39675493827633,1207.4337444581129,4.549701721764265,False,False,0
raw_uncertainty,4,106,307.42821937829956,1276.3051628921103,4.3443636684280786,False,False,0
raw_uncertainty,4,107,307.30207065225272,1248.3440213626614,4.4153870092604306,False,False,0
raw_uncertainty,4,108,307.54478243978161,1310.1135173917955,4.369822936437064,False,False,0
raw_uncertainty,4,109,307.5884500749504,1270.9110107709093,4.532108848889246,False,False,0
raw_uncertainty,4,110,307.53721899948044,1171.4131669434164,4.6085496846218694,False,False,0
raw_uncertainty,4,111,307.60577375725592,1310.4552465960105,4.2860791897481043,False,False,0
raw_uncertainty,4,112,307.65535477361226,1213.465617907822,4.4193578430980516,False,False,0
raw_uncertainty,4,113,307.52457389239237,1232.3767118272826,4.2111013582666317,False,False,0
raw_uncertainty,4,114,307.58470664713468,1173.4540206017014,4.233991880828218,False,False,0
raw_uncertainty,4,115,307.52585307218783,1105.5441712910715,4.4253275486939572,False,False,0
raw_uncertainty,4,116,307.77033836751406,1236.7140695186404,4.2501819931119158,False,False,0
raw_uncertainty,4,117,307.75729606424005,1099.0314518283601,4.4814756971148695,False,False,0
raw_uncertainty,4,118,307.63946939112441,1105.6600707888258,4.238255374046517,False,False,0
raw_uncertainty,4,119,307.768791566218,1165.5635453532745,4.2042536219139155,False,False,0
raw_uncertainty,4,120,307.75852900734685,1081.1975307055186,4.4532304969295158,False,False,0
raw_uncertainty,4,121,307.79414786003161,1158.4429885727459,4.271757613028389,False,False,0
raw_uncertainty,4,122,307.71265823975864,1187.2645859686982,4.029133442612677,False,False,0
raw_uncertainty,4,123,307.65690600168807,1043.4932691448557,4.4521634946098336,False,False,0
raw_uncertainty,4,124,308.11980472438916,476.95324359883898,5.341686696498166,False,False,0
raw_uncertainty,4,125,308.13940530926777,474.33557050570846,5.31019846094458,False,False,0
raw_uncertainty,4,126,307.87476180842327,1139.7657504743399,4.1186596754847908,False,False,0
raw_uncertainty,4,127,308.09953917714728,445.6123975501024,4.9607428751077087,False,False,0
raw_uncertainty,4,128,307.65693338362428,1012.2340050903689,4.2672098636973974,False,False,0
raw_uncertainty,4,129,308.3001103864662,430.80925843993987,5.4276920117905849,False,False,0
raw_uncertainty,4,130,307.91512513455115,1186.4409576746407,3.9975968803898589,False,False,0
raw_uncertainty,4,131,307.86797680954112,1138.4432640997395,3.8742438456764496,False,False,0
raw_uncertainty,4,132,308.35159951142089,455.28788761857959,5.3364415088759758,False,False,0
raw_uncertainty,4,133,307.73918528246185,1063.8556897247352,3.9952644240048758,False,False,0
raw_uncertainty,4,134,308.01546560467995,1168.8233219749993,3.827856027248266,False,False,0
raw_uncertainty,4,135,308.18060912521418,1082.4930408063112,3.8625692085473702,False,False,0
raw_uncertainty,4,136,308.16101010114153,1120.4957109866127,3.8251515003839449,False,False,0
raw_uncertainty,4,137,308.17238662362877,971.1041924812755,4.1906922583852575,False,False,0
raw_uncertainty,4,138,308.05401087045567,1003.8799133230723,3.8355771674561643,False,False,0
raw_uncertainty,4,139,308.2720017637933,947.00606076158704,4.3210719705771323,False,False,0
raw_uncertainty,4,140,308.3264206841535,1064.4055018663621,3.7731477642050564,False,False,0
raw_uncertainty,4,141,308.31439526690809,1103.8511337035907,3.6792351503814404,False,False,0
raw_uncertainty,4,142,308.42746425510546,900.56239234681266,3.9285499198315059,False,False,0
raw_uncertainty,4,143,308.35866414858356,1000.3061644031882,3.5876386361132053,False,False,0
raw_uncertainty,4,144,308.18462477896162,939.72665169089692,3.6710706084951408,False,False,0
raw_uncertainty,4,145,308.52134845583544,839.01342444428019,3.9835346703763248,False,False,0
raw_uncertainty,4,146,307.97411932318863,51.144044072808811,7.0532566873081173,False,True,0.029921537090470955
raw_uncertainty,4,147,308.3283978711234,913.42245910416148,3.6526398777707456,False,False,0
raw_uncertainty,4,148,308.58751791472309,1079.9853409361453,3.5389048983947684,False,False,0
raw_uncertainty,4,149,308.53823904052729,961.4690453831239,3.4723589601461717,False,False,0
raw_uncertainty,4,150,308.67332067762561,1027.7422883553011,3.3006945209506218,False,False,0
raw_uncertainty,4,151,308.75966160708168,855.85501840719974,3.8403002617861413,False,False,0
raw_uncertainty,4,152,308.79101211720388,948.97879209753773,3.402274868553461,False,False,0
raw_uncertainty,4,153,308.85615584891173,809.22842928811849,3.7472828970818477,False,False,0
raw_uncertainty,4,154,308.86528916445701,915.25476324227895,3.2174641957813481,False,False,0
raw_uncertainty,4,155,308.86426665456054,764.5515480264911,3.8649084331075869,False,False,0
raw_uncertainty,4,156,308.92193762647173,939.43837701878761,3.1535240170940124,False,False,0
raw_uncertainty,4,157,308.95628857508996,910.2302840381974,3.3171729532142624,False,False,0
raw_uncertainty,4,158,309.07777375413815,892.63362654574883,3.0058700036873955,False,False,0
raw_uncertainty,4,159,309.05401423627887,819.75593492221606,3.3539938881513227,False,False,0
raw_uncertainty,4,160,309.18811984250124,762.91026936225876,3.2095610347772334,False,False,0
raw_uncertainty,4,161,309.18901075912277,795.13576527943462,3.0122061337506114,False,False,0
raw_uncertainty,4,162,309.15173841548233,988.45761116572044,2.9126711654449009,False,False,0
raw_uncertainty,4,163,309.20299885557142,905.99436450088251,2.9911240290068872,False,False,0
raw_uncertainty,4,164,309.24448727697563,738.50302989071088,3.2284361897589444,False,False,0
raw_uncertainty,4,165,309.21993332170371,852.6852096048616,2.8658090911657395,False,False,0
raw_uncertainty,4,166,309.40512767978481,737.18003485565282,3.0585986443433937,False,False,0
raw_uncertainty,4,167,309.16317148159015,310.34750402021024,3.5555492281440899,False,False,0
raw_uncertainty,4,168,309.51721130267714,696.61826869337347,3.0748522873062343,False,False,0
raw_uncertainty,4,169,309.39198571974191,813.49324754074291,2.7609572529686979,False,False,0
raw_uncertainty,4,170,309.5174565149452,684.80414150261572,3.149707440097552,False,False,0
raw_uncertainty,4,171,309.57494096797319,668.08591458949456,3.3146361229362125,False,False,0
raw_uncertainty,4,172,309.6135631542175,654.9760241621193,3.3161204178707835,False,False,0
raw_uncertainty,4,173,309.63866909932977,677.97148661772633,2.9367268641139108,False,False,0
raw_uncertainty,4,174,309.50981149805403,797.24858908252099,2.6837940740398158,False,False,0
raw_uncertainty,4,175,309.55129557333458,709.44768649745561,2.7114169849041176,False,False,0
raw_uncertainty,4,176,309.52100740443103,765.64794253550861,2.6490456115841394,False,False,0
raw_uncertainty,4,177,309.68978519881523,658.82206429231849,2.842021517189437,False,False,0
raw_uncertainty,4,178,309.75231044519575,651.08798239534542,2.7851351374315394,False,False,0
raw_uncertainty,4,179,309.64789183310103,713.27299333371138,2.6472989108916307,False,False,0
raw_uncertainty,4,180,309.74199946669557,636.87667313785767,2.7737138500743956,False,False,0
raw_uncertainty,4,181,309.85390572632389,614.06227573774277,3.1707148292067329,False,False,0
raw_uncertainty,4,182,309.81643163826004,622.44216242388507,2.7653584267016948,False,False,0
raw_uncertainty,4,183,309.1009059264519,58.770400298456707,6.8378825983114497,False,True,0.022763989532603689
raw_uncertainty,4,184,309.99364437854229,611.64983681593822,2.781279738237088,False,False,0
raw_uncertainty,4,185,309.82082216356218,835.90289402594681,2.4834858578002619,False,False,0
raw_uncertainty,4,186,309.91898652934481,684.0745037151579,2.5157058382701751,False,False,0
raw_uncertainty,4,187,309.8512511010394,866.58522300129459,2.4591397466664526,False,False,0
raw_uncertainty,4,188,310.02280372686596,579.42189689622239,2.6786133674491501,False,False,0
raw_uncertainty,4,189,309.9489556453716,856.28206793775507,2.4850442267237578,False,False,0
raw_uncertainty,4,190,309.83521453814683,205.07377130781811,3.4991672943990597,False,False,0
raw_uncertainty,4,191,310.10197098967302,561.17166780811215,2.7112387729865497,False,False,0
raw_uncertainty,4,192,310.03150280882795,232.33389009650409,2.67387718229116,False,False,0
raw_uncertainty,4,193,310.05740660696085,684.95766396712827,2.470106880509316,False,False,0
raw_uncertainty,4,194,310.19207970237039,232.83362339986348,2.3559670223184455,False,False,0
raw_uncertainty,4,195,310.27882329220938,208.34385940902968,2.7079901053914126,False,False,0
raw_uncertainty,4,196,310.23286148839389,204.90852765330737,2.2732507928794643,False,False,0
raw_uncertainty,4,197,310.32323307757372,204.10527450650397,2.2619474624098492,False,False,0
raw_uncertainty,4,198,310.45241093493831,192.40396101401154,2.210611409096876,False,False,0
raw_uncertainty,4,199,310.40857584457797,157.39757656665699,2.4341554488809987,False,False,0
raw_uncertainty,4,200,310.5490943935817,172.71861859424325,2.1831095682850243,False,False,0
raw_uncertainty,4,201,310.60166948253544,194.57456014535933,2.1953386017040684,False,False,0
raw_uncertainty,4,202,310.58794211408855,109.7181482795412,3.7824530543765711,False,False,0
raw_uncertainty,4,203,310.60309893531712,175.45522188610909,1.9733265788323937,False,False,0
raw_uncertainty,4,204,310.59086191664704,199.20557943834581,1.9107065268774042,False,False,0
raw_uncertainty,4,205,310.73936809862005,148.1934204058557,2.2912647782277111,False,False,0
raw_uncertainty,4,206,310.96310538860871,153.13882912190883,2.1718290695434086,False,False,0
raw_uncertainty,4,207,311.02723562091677,140.86757362418609,2.1852742903283295,False,False,0
raw_uncertainty,4,208,310.96774562108465,149.66107934713597,1.8284970962919189,False,False,0
raw_uncertainty,4,209,311.11041867721599,161.28085619147413,1.7366471804457779,False,False,0
raw_uncertainty,4,210,311.11868586300119,156.22882286982298,1.6372397659818043,False,False,0
raw_uncertainty,4,211,311.31862496141218,132.12738996285759,1.7371154425972266,False,False,0
raw_uncertainty,4,212,311.15924777908396,103.71701872754966,3.0052893114106238,False,False,0
raw_uncertainty,4,213,311.36050741665821,107.52344077265695,1.9921130783635883,False,False,0
raw_uncertainty,4,214,311.48908910001512,110.01360222058588,2.1162700756622717,False,False,0
raw_uncertainty,4,215,311.44135308334342,101.581167685521,1.9256366425384313,False,False,0
raw_uncertainty,4,216,311.62599264538602,94.892512318164904,2.0518071155614894,False,False,0
raw_uncertainty,4,217,311.4949340861192,109.23842788126285,1.5782561608485057,False,False,0
raw_uncertainty,4,218,311.90578205709164,92.838690444349822,1.8209308600343341,False,False,0
raw_uncertainty,4,219,311.96308585760244,84.960203275081653,1.7458698363498577,False,False,0
raw_uncertainty,4,220,311.95571584283766,85.98488923103821,1.608833142842621,False,False,0
raw_uncertainty,4,221,311.86344008324772,106.17010226395405,1.4951089103745154,False,False,0
raw_uncertainty,4,222,312.01259020571547,73.395834892836206,2.0723561622425315,False,False,0
raw_uncertainty,4,223,311.895261668638,100.01785337081674,1.3471914037836239,False,False,0
raw_uncertainty,4,224,312.18963633938375,79.062719539059117,1.4405398652288852,False,False,0
raw_uncertainty,4,225,312.2176120289148,77.837387959431226,1.4789871354319652,False,False,0
raw_uncertainty,4,226,312.18123987447871,93.118779781057356,1.2467958226976661,False,False,0
raw_uncertainty,4,227,312.45244000553583,63.761387897841814,1.7027958025187271,False,False,0
raw_uncertainty,4,228,312.29720935692313,85.684035891964982,1.2942889540410434,False,False,0
raw_uncertainty,4,229,312.33116483756129,83.736677487825091,1.1476997729113201,False,False,0
raw_uncertainty,4,230,312.38163978875542,84.133865058849437,1.0916928808559918,False,False,0
raw_uncertainty,4,231,312.49429280330429,70.27402049579166,1.4301148259280216,False,False,0
raw_uncertainty,4,232,312.48031666725672,80.872753182903807,1.0736526880923991,False,False,0
raw_uncertainty,4,233,312.59588316477061,70.961692429113214,1.2149369384458151,False,False,0
raw_uncertainty,4,234,312.44618152054574,119.00252238688267,0.94447642011241673,False,False,0
raw_uncertainty,4,235,312.5773640460381,107.93996193740202,0.90711367814319654,False,False,0
raw_uncertainty,4,236,312.56229407048721,101.37047492467275,0.92296305376577958,False,False,0
raw_uncertainty,4,237,312.7260788175825,66.407364595857189,0.9640087561787869,False,False,0
raw_uncertainty,4,238,312.68697820288077,56.715250610782846,0.92692610943717035,False,False,0
raw_uncertainty,4,239,312.69520598491886,54.083404939607703,0.89132749709394421,False,False,0
raw_uncertainty,4,240,312.82262859002753,59.713669230201504,0.93152054335773826,False,False,0
raw_uncertainty,4,241,312.927382422807,45.362061332531198,0.79402240371075816,False,False,0
raw_uncertainty,4,242,312.94762551134676,39.54223519494019,0.76172974662136372,False,False,0
raw_uncertainty,4,243,312.97152876707497,39.539555821750355,0.69206443787449068,False,False,0
raw_uncertainty,4,244,312.95834475045376,35.996955131933646,0.6672897068012773,False,False,0
raw_uncertainty,4,245,313.01466654291488,35.49114880342438,0.63860969070204554,False,False,0
raw_uncertainty,4,246,312.99688664522233,31.344367806719447,0.608925231453604,False,False,0
raw_uncertainty,4,247,313.03852349419384,30.68849923995549,0.57702901342428525,False,False,0
raw_uncertainty,4,248,313.07370474819612,29.089768451892837,0.57042164344915491,False,False,0
raw_uncertainty,4,249,313.09698657757167,23.933348211676503,0.50579474079739395,False,False,0
raw_uncertainty,4,250,313.12545543722854,27.022891653709166,0.54598632545064518,False,False,0
raw_uncertainty,4,251,313.11935838722718,17.546566383564141,0.45792064413885925,False,False,0
raw_uncertainty,4,252,313.16102400764913,20.561639419416565,0.45460101462759273,False,False,0
raw_uncertainty,4,253,313.18444033881161,19.271093397638651,0.46514413953108047,False,False,0
raw_uncertainty,4,254,313.19308257267841,18.816735006626459,0.46787102517490275,False,False,0
raw_uncertainty,4,255,313.19308257267841,18.816735006624867,0.46787102517489565,False,False,0
raw_uncertainty,5,0,302.52699845182394,1796.407713338092,9.533285572425136,False,False,0
raw_uncertainty,5,1,302.51648371227259,1782.532157831336,9.5067310870526143,False,False,0
raw_uncertainty,5,2,302.49878094773004,1756.1559832726275,9.4531046873663964,False,False,0
raw_uncertainty,5,3,302.04734271524291,296.85594449181224,5.4249547553083248,False,False,0
raw_uncertainty,5,4,302.05452185153081,290.8782673584418,5.3199413322388924,False,False,0
raw_uncertainty,5,5,302.16878374526249,277.72480295251194,5.3344038486537322,False,False,0
raw_uncertainty,5,6,302.07675643115692,294.76364821246483,5.3214982499079744,False,False,0
raw_uncertainty,5,7,302.18592864980047,275.11436728828107,5.1664710373211671,False,False,0
raw_uncertainty,5,8,302.21137827491788,269.35133789979307,5.1375574106643054,False,False,0
raw_uncertainty,5,9,302.2692451057369,256.67349088535758,5.3138942467403805,False,False,0
raw_uncertainty,5,10,302.3458949440024,253.00399368813959,5.3353755141757429,False,False,0
raw_uncertainty,5,11,302.21393627851808,277.13697394334923,5.3121266157833524,False,False,0
raw_uncertainty,5,12,303.12336505123568,2091.2195739883041,4.3246258039359562,False,False,0
raw_uncertainty,5,13,303.1140823873734,2045.6416715955852,4.097092684203071,False,False,0
raw_uncertainty,5,14,303.17428559180007,2080.5427417127066,4.1941546585097385,False,False,0
raw_uncertainty,5,15,303.16730246478903,2069.0316664452007,4.1479287181201414,False,False,0
raw_uncertainty,5,16,302.48775356834273,250.18721588145218,5.2831324947320564,False,False,0
raw_uncertainty,5,17,303.15070563104797,1997.7925595317665,3.7882711504093756,False,False,0
raw_uncertainty,5,18,303.16685326692306,1985.003620002447,3.7250513246218193,False,False,0
raw_uncertainty,5,19,303.17774079275546,1972.9428896181698,3.7064767117287798,False,False,0
raw_uncertainty,5,20,303.23694700902968,2019.4166980116206,3.8227504167340216,False,False,0
raw_uncertainty,5,21,303.21749942153798,2000.2434248019554,3.6371302631296274,False,False,0
raw_uncertainty,5,22,303.2183465356253,1980.8937712723455,3.7430724060655294,False,False,0
raw_uncertainty,5,23,302.7746423260952,242.08758814921248,5.3320043404302151,False,False,0
raw_uncertainty,5,24,303.2394413386001,1955.5636195527268,3.6785144061440334,False,False,0
raw_uncertainty,5,25,303.21513334164092,1933.3261657522789,3.5764889938858331,False,False,0
raw_uncertainty,5,26,303.22546390718202,1909.5175417486548,3.6406632139001309,False,False,0
raw_uncertainty,5,27,302.82712611472869,202.97218332649504,5.8306956886993593,False,True,0.014054332095310193
raw_uncertainty,5,28,302.85730036062324,239.71081636887789,5.3437503037452361,False,False,0
raw_uncertainty,5,29,303.30490451604715,1919.5205479430142,3.5225522342816626,False,False,0
raw_uncertainty,5,30,303.32583028623623,1895.8684307237922,3.4958692359709906,False,False,0
raw_uncertainty,5,31,303.00030325503207,230.95203739199627,6.5552894944984139,False,True,0.016694165240572795
raw_uncertainty,5,32,303.63014887160944,1564.2311671162779,4.53739674901027,False,False,0
raw_uncertainty,5,33,303.09968122310477,187.6838355145731,6.1341118976510964,False,True,0.022243714991718275
raw_uncertainty,5,34,303.70260149658196,1584.0838636931253,4.5900261041083716,False,False,0
raw_uncertainty,5,35,303.76831755708827,1594.2294079404064,4.6337683201689526,False,False,0
raw_uncertainty,5,36,303.79713736094158,1554.2059629232845,4.6233632267388867,False,False,0
raw_uncertainty,5,37,303.82641620417439,1491.3625669733729,4.567670057173804,False,False,0
raw_uncertainty,5,38,303.58284744024115,1823.1982395414389,3.49770174485095,False,False,0
raw_uncertainty,5,39,303.80122915004841,1441.4098099521893,4.6111467772166845,False,False,0
raw_uncertainty,5,40,303.70322105328313,1826.606001487813,4.1094362753005313,False,False,0
raw_uncertainty,5,41,303.9296656578781,1404.7707458148925,4.5644756067893066,False,False,0
raw_uncertainty,5,42,303.5778124079543,167.60869760732805,6.8640599762768577,False,True,0.038403913757846991
raw_uncertainty,5,43,303.9624745295626,1396.416938551562,4.5867293493594739,False,False,0
raw_uncertainty,5,44,303.70596591800467,1759.7965081667394,3.7664534579093267,False,False,0
raw_uncertainty,5,45,303.95984364327632,1326.252247906629,4.6001367922031591,False,False,0
raw_uncertainty,5,46,304.00276244611342,1358.6306975588275,4.5990952744898337,False,False,0
raw_uncertainty,5,47,304.04205106912707,1351.9624124901052,4.6503144794538009,False,False,0
raw_uncertainty,5,48,304.13258377502825,1377.140086862252,4.7569393176193433,False,False,0
raw_uncertainty,5,49,304.02182091256338,1303.809326575411,4.5811874618242872,False,False,0
raw_uncertainty,5,50,304.16619963987216,1319.689316904271,4.7209540754382218,False,False,0
raw_uncertainty,5,51,304.12044606152904,1286.9906409481455,4.6090132455844603,False,False,0
raw_uncertainty,5,52,304.12510067826383,1233.1435131263411,4.6356087377962627,False,False,0
raw_uncertainty,5,53,304.20747950160188,1223.3976997515995,4.6766278125537823,False,False,0
raw_uncertainty,5,54,304.20395479717962,1241.6376630246418,4.6273844514586067,False,False,0
raw_uncertainty,5,55,304.23178447501806,1264.9473401217633,4.6866057778074772,False,False,0
raw_uncertainty,5,56,304.23402722130788,1264.6507591183827,4.6873976610343489,False,False,0
raw_uncertainty,5,57,304.25207502029616,1225.6048593771261,4.6428686241669324,False,False,0
raw_uncertainty,5,58,304.3549714618598,1198.1100599806625,4.8124627856648132,False,False,0
raw_uncertainty,5,59,304.30775352350992,1199.0240443189546,4.704464594496625,False,False,0
raw_uncertainty,5,60,304.26610361808241,1177.1354457314524,4.6397938217248846,False,False,0
raw_uncertainty,5,61,304.31383707635132,1173.9595978162645,4.6624048469863233,False,False,0
raw_uncertainty,5,62,304.38600998731096,1124.0107142091717,4.7760505878276982,False,False,0
raw_uncertainty,5,63,304.3221698726216,1159.6782343119282,4.6312663391303071,False,False,0
raw_uncertainty,5,64,304.49926880482172,1091.7245850730931,4.9198641049491396,False,False,0
raw_uncertainty,5,65,304.45343638094675,1098.5457380456146,4.6907995344615783,False,False,0
raw_uncertainty,5,66,304.52420258864726,1085.4023903027282,4.8005065671080809,False,False,0
raw_uncertainty,5,67,304.45199086804126,1074.9747477149795,4.6745100746478032,False,False,0
raw_uncertainty,5,68,304.62822182228172,1040.2212061095088,4.8517723623679743,False,False,0
raw_uncertainty,5,69,304.95176049959275,145.20143941905758,7.730992328463735,False,True,0.042661759963719674
raw_uncertainty,5,70,304.67284637445346,1020.0808889536693,4.8979022569624462,False,False,0
raw_uncertainty,5,71,304.65265365183836,1037.1659261353623,4.8246501045930543,False,False,0
raw_uncertainty,5,72,305.06371152770117,139.2082394153706,7.753847961784686,False,True,0.04359335538646137
raw_uncertainty,5,73,304.82086652063089,987.00755835677865,4.9832316179428116,False,False,0
raw_uncertainty,5,74,304.86449858932565,916.41185461514272,4.9201012201120378,False,False,0
raw_uncertainty,5,75,304.79415234394747,955.87934653048819,4.8259493350954745,False,False,0
raw_uncertainty,5,76,305.20150978674189,128.79406313155653,7.2904098447240129,False,True,0.034766645059998214
raw_uncertainty,5,77,305.30794554492718,122.21134200693348,7.559392548062509,False,True,0.041637080937740455
raw_uncertainty,5,78,305.58950529779884,135.51131384308826,7.7813141290928458,False,True,0.036336465881697387
raw_uncertainty,5,79,305.48419948835664,123.66778759366139,7.4003418332601596,False,True,0.034291517586811468
raw_uncertainty,5,80,305.58333538652812,119.23527518255912,7.4014432848338023,False,True,0.034329686556432745
raw_uncertainty,5,81,305.15674682267382,1754.211300037432,4.3071736039613029,False,False,0
raw_uncertainty,5,82,305.17280837294163,1742.4630328403955,4.3200206003170365,False,False,0
raw_uncertainty,5,83,305.16218532102482,1681.5621144924939,4.2921630486235847,False,False,0
raw_uncertainty,5,84,305.91877805836538,124.15885918352285,7.6619507546911709,False,True,0.032309704399526934
raw_uncertainty,5,85,305.90804974431194,126.3684279497304,7.3578154515875198,False,True,0.024689227620662682
raw_uncertainty,5,86,305.8511994008046,129.36773597573051,7.2333656987053638,False,True,0.021664566056812593
raw_uncertainty,5,87,306.16532380054213,143.64478925022149,7.6598355101599696,False,True,0.020049009063451591
raw_uncertainty,5,88,305.43764241608386,1745.0351223701618,4.243420971689229,False,False,0
raw_uncertainty,5,89,306.10496971076509,123.87441914225838,7.7119788837756555,False,True,0.030246282341275986
raw_uncertainty,5,90,305.62087760031147,1754.3636856788385,4.2707193905860157,False,False,0
raw_uncertainty,5,91,305.61284499071542,1733.9414346733515,4.2843411562585061,False,False,0
raw_uncertainty,5,92,305.61123688580489,1722.0066087847604,4.2730994596242988,False,False,0
raw_uncertainty,5,93,305.54619672752801,1665.5963282882149,4.1837973991686663,False,False,0
raw_uncertainty,5,94,305.63668345201671,1651.1167850911811,4.240019882974627,False,False,0
raw_uncertainty,5,95,306.39163477401627,116.07585397903699,7.5741435687614835,False,True,0.025131543880330197
raw_uncertainty,5,96,305.65061393963293,1609.8421291066134,4.262659863757202,False,False,0
raw_uncertainty,5,97,305.83032001397464,1677.9793190825585,4.1952803773195271,False,False,0
raw_uncertainty,5,98,305.88414917853959,1655.6393462115116,4.3963550236762297,False,False,0
raw_uncertainty,5,99,306.58383748115534,115.45157265114028,7.2186981133506425,False,True,0.013865344363781867
raw_uncertainty,5,100,306.6508629394915,114.63195160565704,7.2100408204208346,False,True,0.012803254506618317
raw_uncertainty,5,101,305.90864472682085,1573.1274685758081,4.3373235872834384,False,False,0
raw_uncertainty,5,102,305.89646728936663,1566.1701982234565,4.3107200466332438,False,False,0
raw_uncertainty,5,103,305.87655921929303,1521.6829315630605,4.2821753195442884,False,False,0
raw_uncertainty,5,104,305.90311284072931,1502.2067941693801,4.0741977563095571,False,False,0
raw_uncertainty,5,105,306.10136510742188,1555.5480982955776,4.0348384919354405,False,False,0
raw_uncertainty,5,106,305.94148136440947,1468.8247862533092,4.1652004817812216,False,False,0
raw_uncertainty,5,107,306.25415165245721,1569.7558882465642,4.05663619471086,False,False,0
raw_uncertainty,5,108,306.81126003800046,97.438703424734285,7.0140011381424321,False,True,0.015618225994737653
raw_uncertainty,5,109,306.23961834789048,1533.4765990928383,4.0461554609554682,False,False,0
raw_uncertainty,5,110,306.27405562692803,1530.9272371093123,4.0927651061438501,False,False,0
raw_uncertainty,5,111,306.37841685685481,1540.7885879696087,4.3968483741217348,False,False,0
raw_uncertainty,5,112,306.26835487964098,1467.1159364491432,4.2802582113106791,False,False,0
raw_uncertainty,5,113,306.97208231163631,1548.1788183229432,4.1010417646708213,False,False,0
raw_uncertainty,5,114,306.29609011221703,1436.5577879077414,4.4383225782932012,False,False,0
raw_uncertainty,5,115,306.92338329983085,1548.009076996776,4.0980958453135647,False,False,0
raw_uncertainty,5,116,307.62595692363948,1204.074602806656,3.2059963189088867,False,False,0
raw_uncertainty,5,117,307.68033981514873,1140.2316263765683,2.9881569349323738,False,False,0
raw_uncertainty,5,118,307.68145365521673,1088.535196164893,2.7748201751276542,False,False,0
raw_uncertainty,5,119,307.85890143222957,1083.5784233777676,2.746725809922606,False,False,0
raw_uncertainty,5,120,307.89208011731193,1076.4213858027888,2.6977553778774337,False,False,0
raw_uncertainty,5,121,307.87788165279937,1073.9300326941234,2.7307195567726312,False,False,0
raw_uncertainty,5,122,307.8366748857697,1016.5709226078607,2.7589674591541797,False,False,0
raw_uncertainty,5,123,307.98335316846999,1093.9385753008069,2.6556821787180738,False,False,0
raw_uncertainty,5,124,307.89879567523576,1026.3564902190196,2.5287365285453056,False,False,0
raw_uncertainty,5,125,307.85038726313917,991.25683032286588,2.7989866021063223,False,False,0
raw_uncertainty,5,126,307.99065971092392,981.79116578679532,2.5958465280322565,False,False,0
raw_uncertainty,5,127,308.06489064168392,988.90987827876529,2.3989410345543427,False,False,0
raw_uncertainty,5,128,308.18139047708627,967.36064720702598,2.5110972267195635,False,False,0
raw_uncertainty,5,129,308.03885832315905,900.92805439897575,2.4424328490289899,False,False,0
raw_uncertainty,5,130,308.04724053346888,898.0786571992985,2.9260716172250714,False,False,0
raw_uncertainty,5,131,308.07127880440225,874.23239195107624,2.489586313366432,False,False,0
raw_uncertainty,5,132,308.25853050834587,893.86508848306062,2.3336791623622988,False,False,0
raw_uncertainty,5,133,308.46442649052699,975.17861100510254,2.4136394727986823,False,False,0
raw_uncertainty,5,134,308.46693862374957,997.7791086888958,2.3271814573760392,False,False,0
raw_uncertainty,5,135,308.37804715323347,889.66180525459595,2.4265623738767288,False,False,0
raw_uncertainty,5,136,308.54106959860849,956.56232643783471,2.3154717690617579,False,False,0
raw_uncertainty,5,137,308.45134024295578,877.30403541744829,2.4234897229958516,False,False,0
raw_uncertainty,5,138,308.20712551292593,812.16230706833744,2.5468964017284765,False,False,0
raw_uncertainty,5,139,308.61279909902856,887.67200913257921,2.1906917508781967,False,False,0
raw_uncertainty,5,140,308.59776951805031,831.65889194540091,3.4280959225237213,False,False,0
raw_uncertainty,5,141,308.20395544477162,598.79625843915153,4.4279499852927859,False,False,0
raw_uncertainty,5,142,308.49205541046217,786.71305486178755,2.2276312475305695,False,False,0
raw_uncertainty,5,143,308.31405155374046,565.60145331170816,4.2175420633472145,False,False,0
raw_uncertainty,5,144,308.36671273633101,572.64222362375699,4.2506550216997123,False,False,0
raw_uncertainty,5,145,308.42800298496019,679.04418425299184,4.0998935371216838,False,False,0
raw_uncertainty,5,146,308.52254492291053,400.22450642929812,4.2936844883370568,False,False,0
raw_uncertainty,5,147,308.50973718197804,689.60163783020619,4.053967694942008,False,False,0
raw_uncertainty,5,148,308.52985392609128,564.66217325904222,4.2848140369949208,False,False,0
raw_uncertainty,5,149,308.43453980948215,606.99022942334238,3.8082155129865329,False,False,0
raw_uncertainty,5,150,308.55515439180641,462.14451937411701,3.9450490215511294,False,False,0
raw_uncertainty,5,151,308.88541475242732,761.6784056942754,2.4820425200280449,False,False,0
raw_uncertainty,5,152,308.4893393857015,578.44114523486473,3.7927430393692361,False,False,0
raw_uncertainty,5,153,308.59228479375696,582.93130143432563,3.9885320451982271,False,False,0
raw_uncertainty,5,154,308.55874819156367,447.57448599685887,3.9613656061493656,False,False,0
raw_uncertainty,5,155,308.5221153215943,513.09396601209335,3.8404996136257523,False,False,0
raw_uncertainty,5,156,308.62815120636708,369.00663975787336,4.173940147550633,False,False,0
raw_uncertainty,5,157,309.08659727656419,833.24826160174405,2.1515283587155332,False,False,0
raw_uncertainty,5,158,308.73674340770293,597.68302202090592,3.6595042383545326,False,False,0
raw_uncertainty,5,159,309.18008048154132,865.58749562014418,2.196319957802126,False,False,0
raw_uncertainty,5,160,308.76360424941447,425.06434982470125,3.6229754558524863,False,False,0
raw_uncertainty,5,161,308.89992086989815,543.14607266828364,3.6748075561412405,False,False,0
raw_uncertainty,5,162,308.82393125048958,359.09465321300712,3.687872017056792,False,False,0
raw_uncertainty,5,163,308.4974930512866,209.05689999413374,5.7538352359871325,False,False,0
raw_uncertainty,5,164,308.57809874422185,203.22784754899311,5.6394718764340341,False,False,0
raw_uncertainty,5,165,309.21389601019706,749.30747631311965,2.8678167452196774,False,False,0
raw_uncertainty,5,166,308.80029177159736,442.15617741212327,3.4698088854379634,False,False,0
raw_uncertainty,5,167,308.81108573928719,431.45514467484884,3.4834639389836051,False,False,0
raw_uncertainty,5,168,309.34058518891311,762.59355820017402,2.4711915605756207,False,False,0
raw_uncertainty,5,169,309.29723596521075,800.57687759620489,2.0529028477578564,False,False,0
raw_uncertainty,5,170,309.14864994037646,254.14992935139759,4.4635503407028372,False,False,0
raw_uncertainty,5,171,308.96361113994709,488.00819278602683,3.1796518724523102,False,False,0
raw_uncertainty,5,172,308.94999689664166,433.47942778212206,3.4578756178533472,False,False,0
raw_uncertainty,5,173,309.42614036638594,789.91400735813193,2.0589079104935193,False,False,0
raw_uncertainty,5,174,309.45255689486476,788.66249665165287,2.0617098832452085,False,False,0
raw_uncertainty,5,175,308.74322477308056,110.38362593307659,6.8739179300236284,False,True,0.0018123271179957979
raw_uncertainty,5,176,308.80714092785138,110.30553461231864,6.6443423015615384,False,False,0
raw_uncertainty,5,177,309.23247634610505,346.91255863610758,3.4990794312317703,False,False,0
raw_uncertainty,5,178,309.70055433957805,800.2438704814831,2.2288610900059243,False,False,0
raw_uncertainty,5,179,308.79102810867198,104.2115541253022,7.1453820923223716,False,True,0.0075808694678496606
raw_uncertainty,5,180,309.33681658199208,337.05835895408711,3.3576553658741126,False,False,0
raw_uncertainty,5,181,308.95202005723007,119.07692433334694,7.0496520639443485,False,False,0
raw_uncertainty,5,182,308.96651329815921,103.22740215265844,6.1982909234561019,False,False,0
raw_uncertainty,5,183,308.96787678566022,117.36194610530208,7.0250693349126259,False,True,0.00037917100383653285
raw_uncertainty,5,184,309.05864851352538,103.56591953910265,6.4927561943552119,False,False,0
raw_uncertainty,5,185,309.45121668928925,309.67577098005529,3.2292750552884026,False,False,0
raw_uncertainty,5,186,308.94154510883527,100.94375509281485,6.7375429906580333,False,True,0.0039428999388487363
raw_uncertainty,5,187,309.33635919366833,326.85645723496111,2.9589288726501652,False,False,0
raw_uncertainty,5,188,309.75817535747996,747.264469275593,2.0822112492715159,False,False,0
raw_uncertainty,5,189,309.56152983507201,270.38006750873183,3.2612211460060103,False,False,0
raw_uncertainty,5,190,309.07603036351748,92.898032433797539,6.6623304025259076,False,True,0.0062874450739363805
raw_uncertainty,5,191,309.48147632217479,462.64504688685713,2.9985441532515882,False,False,0
raw_uncertainty,5,192,309.2965594646509,131.11569705186878,4.266531739516453,False,False,0
raw_uncertainty,5,193,309.58801627808862,249.71199055237963,3.0350666520311669,False,False,0
raw_uncertainty,5,194,309.50165637632489,383.03514430882359,2.9453187144042796,False,False,0
raw_uncertainty,5,195,309.62955004906678,436.68818188386706,2.6520855978834663,False,False,0
raw_uncertainty,5,196,309.70821436347103,307.16021030245065,3.2143356782265218,False,False,0
raw_uncertainty,5,197,309.4855746944973,118.10680484080319,6.5570191167026159,False,False,0
raw_uncertainty,5,198,309.37310263579343,88.341941588567465,6.4145686838865199,False,True,0.0049121560733286114
raw_uncertainty,5,199,309.55312099464038,131.5260201729609,4.2444075227007705,False,False,0
raw_uncertainty,5,200,309.6702405183504,120.31649271966626,4.2827259845104706,False,False,0
raw_uncertainty,5,201,309.51871065933119,86.919332252416893,6.2899322522575227,False,True,0.0038575459365754981
raw_uncertainty,5,202,309.73576102753844,392.07856477396172,2.3065769706089601,False,False,0
raw_uncertainty,5,203,309.80693986281875,347.57710745403108,2.5850425299884163,False,False,0
raw_uncertainty,5,204,309.88518150652828,263.14131672034591,2.3400874351370584,False,False,0
raw_uncertainty,5,205,309.93571125106547,315.59339439012456,2.3679997335572343,False,False,0
raw_uncertainty,5,206,310.05534818557652,99.830361027027266,4.8545475667377147,False,False,0
raw_uncertainty,5,207,310.01948317997466,113.64424565235117,4.3685114469928745,False,False,0
raw_uncertainty,5,208,310.1286324103375,162.3923518289987,3.9361058219041825,False,False,0
raw_uncertainty,5,209,310.01933666499548,161.48045413470425,3.5492725649184527,False,False,0
raw_uncertainty,5,210,310.28105541606595,96.767229343397617,4.5652324334466536,False,False,0
raw_uncertainty,5,211,310.19559306092304,184.33625370420879,2.8588897156349558,False,False,0
raw_uncertainty,5,212,310.25872641143729,233.93532407719101,1.9416036206198664,False,False,0
raw_uncertainty,5,213,310.49023548874521,228.29345764759523,1.7843743067233531,False,False,0
raw_uncertainty,5,214,310.50796324256117,224.57645033759042,1.7744681624159444,False,False,0
raw_uncertainty,5,215,310.5836910466769,210.42252758443908,1.7436010658855006,False,False,0
raw_uncertainty,5,216,310.43609739192931,102.29385756058298,3.722073799304157,False,False,0
raw_uncertainty,5,217,310.61018787770575,177.9532679026309,1.614007129606926,False,False,0
raw_uncertainty,5,218,310.45805810513258,124.62259713566493,3.5453807601821703,False,False,0
raw_uncertainty,5,219,310.878158657629,154.05908415291537,1.6010796415756152,False,False,0
raw_uncertainty,5,220,310.83955815530453,154.29697289783098,1.4545566148546136,False,False,0
raw_uncertainty,5,221,310.88827007064828,152.77313790184542,1.3632573942564665,False,False,0
raw_uncertainty,5,222,311.01523823489714,141.70237540474989,1.5208796378777834,False,False,0
raw_uncertainty,5,223,311.12820262032847,134.69679291253181,1.5807282602868069,False,False,0
raw_uncertainty,5,224,311.21055087299362,129.71115125821973,1.4822418655978522,False,False,0
raw_uncertainty,5,225,311.34004682437865,110.85302621180847,1.9471986227627553,False,False,0
raw_uncertainty,5,226,311.35395874424489,110.2724457705491,1.8448788774945299,False,False,0
raw_uncertainty,5,227,311.33057406017861,115.34907941009203,1.1854517305304402,False,False,0
raw_uncertainty,5,228,311.33057406017861,115.34907941009203,1.1854517305304393,False,False,0
raw_uncertainty,5,229,311.49095720898538,95.268580913158644,2.0605033377610011,False,False,0
raw_uncertainty,5,230,311.39764566479528,105.62208568857181,1.4856510457639347,False,False,0
raw_uncertainty,5,231,311.45354186391137,72.219265022575655,4.9825396085339957,False,False,0
raw_uncertainty,5,232,311.6239078522994,93.862292910814631,1.2984551951924015,False,False,0
raw_uncertainty,5,233,311.87199376924258,92.738072270484508,1.0054700224271507,False,False,0
raw_uncertainty,5,234,311.80437440748324,79.413687356172659,1.58667579692594,False,False,0
raw_uncertainty,5,235,311.78083045105143,80.26482562991248,1.5463994632273153,False,False,0
raw_uncertainty,5,236,312.13439909706597,76.991571707126241,1.1224583468081795,False,False,0
raw_uncertainty,5,237,312.02959448293745,71.207297367549813,1.4220423144613479,False,False,0
raw_uncertainty,5,238,312.20157804586535,73.67988092005055,1.1956203613773662,False,False,0
raw_uncertainty,5,239,312.20342410464792,68.524927793095912,1.2543229837539531,False,False,0
raw_uncertainty,5,240,312.27497175043231,62.500450469417387,1.2304022559519296,False,False,0
raw_uncertainty,5,241,312.30873392078092,65.055391632930423,1.1979744621720583,False,False,0
raw_uncertainty,5,242,312.3824069290427,65.27880030858762,1.2952718658481528,False,False,0
raw_uncertainty,5,243,312.47255323389254,64.397285018926823,1.2576261846081183,False,False,0
raw_uncertainty,5,244,312.54156558324024,61.500836362449945,1.2164948571480627,False,False,0
raw_uncertainty,5,245,312.58411626729782,67.729509580994886,1.1037096733328839,False,False,0
raw_uncertainty,5,246,312.69460370197135,54.528083338328088,0.88494116360826958,False,False,0
raw_uncertainty,5,247,312.84916507324527,46.731249611445037,1.0488043947292978,False,False,0
raw_uncertainty,5,248,312.84158946171317,45.469015693243364,0.97408788890833353,False,False,0
raw_uncertainty,5,249,312.90676006435251,39.756448106474295,1.0639607743379544,False,False,0
raw_uncertainty,5,250,312.99142822052875,41.885101900558539,0.76194363866545345,False,False,0
raw_uncertainty,5,251,312.95648372512755,34.894672556219689,0.67305447056656398,False,False,0
raw_uncertainty,5,252,313.10223550429021,31.898043109752621,0.78989371272982289,False,False,0
raw_uncertainty,5,253,313.0877619346316,36.251508807157052,0.68277154461857315,False,False,0
raw_uncertainty,5,254,312.99995042681098,29.535610079975299,0.54707272257197204,False,False,0
raw_uncertainty,5,255,312.99995042681098,29.535610079976323,0.5470727225719676,False,False,0
raw_uncertainty,6,0,302.27817472791787,1710.907526927751,9.2720852303745396,False,False,0
raw_uncertainty,6,1,302.27697918390896,1699.5173196767919,9.2022482489533282,False,False,0
raw_uncertainty,6,2,302.27615150478971,1666.9414388220293,9.0689192604789231,False,False,0
raw_uncertainty,6,3,302.27864763976118,1649.0890876959486,9.0129069545067004,False,False,0
raw_uncertainty,6,4,302.27896318075801,1632.1660536191339,8.9418823459025081,False,False,0
raw_uncertainty,6,5,302.2881526894497,1596.6277851033215,8.810782534814166,False,False,0
raw_uncertainty,6,6,302.28267704755507,1576.8193102206571,8.732478368414732,False,False,0
raw_uncertainty,6,7,302.28580776700585,1531.1516258478327,8.637647044149757,False,False,0
raw_uncertainty,6,8,302.29953556978063,1499.9851209081719,8.5897940790967819,False,False,0
raw_uncertainty,6,9,302.29693828447472,1494.9466305264909,8.5601779155240827,False,False,0
raw_uncertainty,6,10,302.28650709372607,1486.6716142464943,8.5003099084840308,False,False,0
raw_uncertainty,6,11,302.28731590316886,1375.6996345216735,8.2884076558117528,False,False,0
raw_uncertainty,6,12,302.31624126811687,1369.6624082324784,8.2657339654868895,False,False,0
raw_uncertainty,6,13,302.301309653705,1212.7049529995625,8.0125819886361267,False,False,0
raw_uncertainty,6,14,302.28980715342249,1196.2832518068526,7.8640269256041311,False,False,0
raw_uncertainty,6,15,302.32390983461278,1179.3175407897343,7.9245081239920356,False,False,0
raw_uncertainty,6,16,302.28172297417029,1197.4193176836529,7.8493284310705453,False,False,0
raw_uncertainty,6,17,302.29592838646943,1173.1965352849825,7.8493089987305114,False,False,0
raw_uncertainty,6,18,302.29781185772231,1163.9520421598418,7.7208615311283113,False,False,0
raw_uncertainty,6,19,302.2968989293355,1159.8638821702291,7.700942701732143,False,False,0
raw_uncertainty,6,20,302.30191938043157,1141.4641998350271,7.6224073281463491,False,False,0
raw_uncertainty,6,21,302.30204565445985,1125.2841504193793,7.5545466952192974,False,False,0
raw_uncertainty,6,22,302.3099251779912,1110.7562802173852,7.3978892678935368,False,False,0
raw_uncertainty,6,23,302.31115616663135,1097.9296210500615,7.3345372886965405,False,False,0
raw_uncertainty,6,24,302.3396164995217,1090.4591797337421,7.2030899084249285,False,False,0
raw_uncertainty,6,25,302.38587392649191,1037.6651389171625,6.8506816600773215,False,False,0
raw_uncertainty,6,26,302.38986034257505,1027.3780074515973,6.7507168165723703,False,False,0
raw_uncertainty,6,27,302.41893164004551,1044.9951098809624,6.7473809284751987,False,False,0
raw_uncertainty,6,28,302.41170864348481,1035.4251066094428,6.6473985695082609,False,False,0
raw_uncertainty,6,29,302.42602309844472,1023.5435089500754,6.5777739507132482,False,False,0
raw_uncertainty,6,30,302.36066776328028,952.51565577455381,6.2283725347209504,False,False,0
raw_uncertainty,6,31,302.3900939555632,909.14363988047353,5.9818078055845838,False,False,0
raw_uncertainty,6,32,302.39081666608564,910.13405662115736,5.9100041549362752,False,False,0
raw_uncertainty,6,33,302.55762481093967,866.34141956301346,6.0709869803405656,False,False,0
raw_uncertainty,6,34,302.47597315344865,660.53412940347869,5.5053284737419332,False,False,0
raw_uncertainty,6,35,302.42912160548315,685.64537401883535,5.3698203536481648,False,False,0
raw_uncertainty,6,36,302.48400629007983,620.89028599708934,5.4126831762709786,False,False,0
raw_uncertainty,6,37,302.51401650073853,578.82858473035799,5.3019414368150866,False,False,0
raw_uncertainty,6,38,302.51083661370933,473.26377001183027,4.8961707203646831,False,False,0
raw_uncertainty,6,39,302.52141152173698,444.67927776011811,4.8888234062044447,False,False,0
raw_uncertainty,6,40,302.52737869444491,424.65189417145882,4.7382656025135592,False,False,0
raw_uncertainty,6,41,302.54698626182284,406.42030330988189,4.7411116932156396,False,False,0
raw_uncertainty,6,42,302.5405832656059,438.24040407051984,4.7017768983702375,False,False,0
raw_uncertainty,6,43,302.70058786232187,353.8133606037722,4.6649857445906751,False,False,0
raw_uncertainty,6,44,302.6976183451784,342.49552698093368,4.7938473145779827,False,False,0
raw_uncertainty,6,45,302.70109182664049,352.74109211214221,4.8397926254720893,False,False,0
raw_uncertainty,6,46,302.71339987146786,333.23469329088113,4.748891317466625,False,False,0
raw_uncertainty,6,47,302.72317017793335,328.43430547936629,4.8484148611459075,False,False,0
raw_uncertainty,6,48,302.67812548705331,380.3307206965078,4.6659008179253849,False,False,0
raw_uncertainty,6,49,302.7275487849837,312.7361582051052,4.8461861396503849,False,False,0
raw_uncertainty,6,50,302.74342889637387,304.59949252778472,4.9036144018883245,False,False,0
raw_uncertainty,6,51,302.90380889264691,317.02256491416438,4.8009972295014522,False,False,0
raw_uncertainty,6,52,303.00192116578711,342.35358970720915,4.8442795255779227,False,False,0
raw_uncertainty,6,53,302.63303595767013,294.33334831690092,5.3294713267303644,False,False,0
raw_uncertainty,6,54,302.8361965629739,271.30236141992867,5.1430640393373226,False,False,0
raw_uncertainty,6,55,302.84017248721534,261.99159875573764,5.2355244936311944,False,False,0
raw_uncertainty,6,56,302.8833808861358,257.98717268857314,5.2940855930729667,False,False,0
raw_uncertainty,6,57,302.90538802408821,254.76278550454896,5.3159358305734496,False,False,0
raw_uncertainty,6,58,302.9014632198722,248.79007582186773,5.5308707920906182,False,False,0
raw_uncertainty,6,59,302.94314048412286,248.03545867316785,5.4554585947601932,False,False,0
raw_uncertainty,6,60,303.18391266128083,243.40804580274676,5.450909125093272,False,False,0
raw_uncertainty,6,61,302.95027496071498,228.60246128620543,5.7161756015197351,False,False,0
raw_uncertainty,6,62,303.0981069986434,228.84351037735115,5.6687078856184936,False,False,0
raw_uncertainty,6,63,303.1551421843763,224.62703490299327,5.8135472143576443,False,False,0
raw_uncertainty,6,64,303.27873601455764,216.49491516506805,5.8149727845875905,False,True,0.00022433245467089191
raw_uncertainty,6,65,303.35740901216934,219.64381423827723,5.7724857515218817,False,False,0
raw_uncertainty,6,66,303.48257686518036,227.30099923837196,5.6596110579087417,False,False,0
raw_uncertainty,6,67,303.35297179199779,210.33529458645609,5.9125696960566039,False,True,0.0035963090421859967
raw_uncertainty,6,68,303.37972405816464,216.74713943572391,6.0116648716933971,False,True,0.0028026061284880804
raw_uncertainty,6,69,303.45634182087599,213.52463695938889,6.0576038734110575,False,True,0.0037771418732741452
raw_uncertainty,6,70,303.50415332006503,210.64457793175882,6.0981372487315264,False,True,0.0050042871849140247
raw_uncertainty,6,71,303.75145955452189,200.10662971620383,6.0734941487555618,False,True,0.0042673562602586063
raw_uncertainty,6,72,303.70458794420387,200.36629654869608,6.2014150562053034,False,True,0.0079106585602766316
raw_uncertainty,6,73,303.80464345983671,190.91185435932471,6.2032534337714802,False,True,0.0099648028944299555
raw_uncertainty,6,74,303.89001491193534,186.79682325259046,6.2714608341596714,False,True,0.011648651047663591
raw_uncertainty,6,75,303.95913792591773,183.34805951242799,6.3342133661929285,False,True,0.013230324859278622
raw_uncertainty,6,76,304.00951444993552,183.41452739971641,6.4040191342700696,False,True,0.013895668798690211
raw_uncertainty,6,77,304.06105019268028,176.33881922023778,6.3987172016429161,False,True,0.015696809874215067
raw_uncertainty,6,78,304.11442074502736,172.73647920815228,6.4704343506393061,False,True,0.017824835645753156
raw_uncertainty,6,79,304.2028202575483,171.05995006646026,6.5376468708461299,False,True,0.018453386893924284
raw_uncertainty,6,80,304.30469741921473,164.47542302469594,6.6705084704519022,False,True,0.022306452493051965
raw_uncertainty,6,81,304.39453142994063,161.2159063817146,6.7777075976567236,False,True,0.024455233450171601
raw_uncertainty,6,82,304.64334015791331,145.97113491958112,7.0089018124163598,False,True,0.031405724802530469
raw_uncertainty,6,83,304.66610649164608,142.93860030926294,7.0026254196423423,False,True,0.03207440335453858
raw_uncertainty,6,84,304.78451040225417,140.1183472719506,7.1414485697760117,False,True,0.034258001216822542
raw_uncertainty,6,85,304.80912396471484,139.10754600743326,7.1700453587177835,False,True,0.034876357917981202
raw_uncertainty,6,86,304.99197029994605,143.91836879082962,7.4870725424737774,False,True,0.036906732408742218
raw_uncertainty,6,87,305.10018351661734,131.71684376599899,7.4882741090219795,False,True,0.039903619197618125
raw_uncertainty,6,88,305.1087763263198,127.86766255941802,7.4651484900772935,False,True,0.040768903453420477
raw_uncertainty,6,89,305.19184883710216,124.86192850777786,7.6155929615496554,False,True,0.043920910444372997
raw_uncertainty,6,90,305.2087422279676,134.44511809381015,6.9881239566843831,False,True,0.025487081063156544
raw_uncertainty,6,91,305.29624688481653,125.12137753763363,7.6948878753199281,False,True,0.043762562728915946
raw_uncertainty,6,92,305.37335528075062,113.61823903135303,7.465855076079186,False,True,0.041791090104348519
raw_uncertainty,6,93,305.42375637410191,124.23402506669061,7.2886197498194445,False,True,0.032597172404847316
raw_uncertainty,6,94,305.46588548132343,114.87665796198337,7.1807875824634086,False,True,0.033147152729182963
raw_uncertainty,6,95,305.50525752725264,106.72907304730359,7.2271954124727849,False,True,0.03677253388476838
raw_uncertainty,6,96,305.65444772298434,116.6828376190166,8.0698197212583107,False,True,0.049305436681464816
raw_uncertainty,6,97,305.74834582259939,109.1628738695473,8.0979424198739416,False,True,0.051291310209936755
raw_uncertainty,6,98,305.76129779652655,123.90576784927498,8.1823051355565326,False,True,0.047064284976041516
raw_uncertainty,6,99,305.95093245403649,125.66706197870712,7.5832021593179295,False,True,0.029338606879834105
raw_uncertainty,6,100,306.07930529728185,116.02919964631747,8.1162170550407922,False,True,0.043056136106275067
raw_uncertainty,6,101,306.06561083660597,115.94486640232105,7.2233242656096364,False,True,0.023003933792736186
raw_uncertainty,6,102,306.15189755890407,100.25370275196974,7.4510246002729037,False,True,0.032949063279409274
raw_uncertainty,6,103,306.30211857960251,98.978125317143849,7.5961998291631634,False,True,0.034090563303282757
raw_uncertainty,6,104,306.41413797368887,89.262409841867679,7.5335906402686046,False,True,0.034569070695774716
raw_uncertainty,6,105,306.48637575996014,1870.4499418785892,4.6103151034732646,False,False,0
raw_uncertainty,6,106,306.48651741521081,1870.3739865399141,4.6104719541526773,False,False,0
raw_uncertainty,6,107,306.55543794110054,1728.0445879392801,4.3882473899279653,False,False,0
raw_uncertainty,6,108,306.65282149019316,1832.640286973563,4.5266792003814098,False,False,0
raw_uncertainty,6,109,306.66773592572741,81.044520902664317,7.4447734107649284,False,True,0.031327736289499128
raw_uncertainty,6,110,306.70224280918393,1731.5136392306079,4.3597196894378234,False,False,0
raw_uncertainty,6,111,306.80091436519899,1862.654429411695,4.5619421647417404,False,False,0
raw_uncertainty,6,112,306.84518395512282,1840.7706657393783,4.5988811381575472,False,False,0
raw_uncertainty,6,113,306.84373094409892,1759.6620333253531,4.3727409605632079,False,False,0
raw_uncertainty,6,114,306.89295672286408,1712.4409101415702,4.3189383578238516,False,False,0
raw_uncertainty,6,115,307.15037921477438,83.497326138846461,7.2953873781159917,False,True,0.020166926564404337
raw_uncertainty,6,116,306.90634753765545,1600.8033821263521,4.2370558574690085,False,False,0
raw_uncertainty,6,117,307.02239986426594,1676.072335769582,4.3048379018395559,False,False,0
raw_uncertainty,6,118,307.29541752282262,81.076772447605549,7.1916600683351,False,True,0.019741203758679757
raw_uncertainty,6,119,307.37202458081134,136.10628317708972,7.1809552799702843,False,False,0
raw_uncertainty,6,120,307.19745861385184,1697.3127228421176,4.4087020380983084,False,False,0
raw_uncertainty,6,121,307.15950916444677,1557.6812726211049,4.232657786072064,False,False,0
raw_uncertainty,6,122,307.41136861101609,1758.3793263332595,4.5741599011461833,False,False,0
raw_uncertainty,6,123,307.28762217496831,1577.4698285912373,4.293018426306153,False,False,0
raw_uncertainty,6,124,307.3982758045488,1656.8480785502384,4.3975654500544499,False,False,0
raw_uncertainty,6,125,307.41115099378533,1609.1616697766972,4.351537967821999,False,False,0
raw_uncertainty,6,126,307.38402077874088,1562.6204006386829,4.2676943345739673,False,False,0
raw_uncertainty,6,127,307.44816241963633,1563.4537363653221,4.3249251085941136,False,False,0
raw_uncertainty,6,128,307.43924559326172,1541.7105100156296,4.297215757674226,False,False,0
raw_uncertainty,6,129,307.43704406366334,1406.2874940779686,4.2139964055205859,False,False,0
raw_uncertainty,6,130,307.58801306554813,1500.9838068627446,4.5939916406067987,False,False,0
raw_uncertainty,6,131,307.60951164463359,1427.2442178643739,4.2423284841698763,False,False,0
raw_uncertainty,6,132,307.74706519074095,1558.996266702191,4.4206614577033143,False,False,0
raw_uncertainty,6,133,307.74216840686137,1546.2509276218266,4.3985556455807187,False,False,0
raw_uncertainty,6,134,307.63754550718392,1366.1854801214495,4.2709962844839211,False,False,0
raw_uncertainty,6,135,307.85038082562357,1468.8149001545576,4.637558576036918,False,False,0
raw_uncertainty,6,136,307.8329424524407,1444.6531987710523,4.606605507225547,False,False,0
raw_uncertainty,6,137,307.92603563249475,1423.1784508018745,4.3639799043821466,False,False,0
raw_uncertainty,6,138,307.9897353251967,1446.5569465496023,4.4022881186496319,False,False,0
raw_uncertainty,6,139,308.11483863664347,1459.4150116668061,4.5067711913390118,False,False,0
raw_uncertainty,6,140,308.13575150575059,1321.6969241006241,4.1943581791592788,False,False,0
raw_uncertainty,6,141,308.16707185593151,1306.55785554981,4.0546031293078357,False,False,0
raw_uncertainty,6,142,308.21915302763705,1311.3073421410752,3.9967422998446449,False,False,0
raw_uncertainty,6,143,308.24417327092141,1287.8471155933007,3.9054264714378024,False,False,0
raw_uncertainty,6,144,308.27845199887497,1263.1989512057098,3.8204041349143822,False,False,0
raw_uncertainty,6,145,308.34761220545874,1263.0832554977906,3.6455048197954945,False,False,0
raw_uncertainty,6,146,308.56397985256228,1201.428745984615,3.1334452693462174,False,False,0
raw_uncertainty,6,147,308.56397985256228,1201.428745984615,3.1334452693462178,False,False,0
raw_uncertainty,6,148,308.56397985256228,1201.4287459846144,3.1334452693462174,False,False,0
raw_uncertainty,6,149,308.63737988778507,1164.8308155554303,2.935725112912297,False,False,0
raw_uncertainty,6,150,308.52355989093485,900.88343271804513,5.2413612385117876,False,False,0
raw_uncertainty,6,151,308.56790601829715,887.10268503197744,5.1753857578394138,False,False,0
raw_uncertainty,6,152,308.63930980525953,1120.8695349337213,2.7764595104693295,False,False,0
raw_uncertainty,6,153,308.73509050256183,1151.7794239083314,2.8377976975424013,False,False,0
raw_uncertainty,6,154,308.6769620836024,855.14059962832982,4.9764967957466064,False,False,0
raw_uncertainty,6,155,308.79661569218138,1117.6935181710032,2.699719865413567,False,False,0
raw_uncertainty,6,156,308.9121105033098,1080.7803807117793,2.7104744520385431,False,False,0
raw_uncertainty,6,157,308.65715369552424,770.33263655053975,4.939459128319247,False,False,0
raw_uncertainty,6,158,308.99004150565247,1052.7112427126422,2.7891296867747517,False,False,0
raw_uncertainty,6,159,308.96215697802506,1032.4108175160511,2.4615821792706338,False,False,0
raw_uncertainty,6,160,309.0186086966969,486.83339687833563,5.2991025457137768,False,False,0
raw_uncertainty,6,161,309.0542815170682,688.67533681557745,4.6912506848005409,False,False,0
raw_uncertainty,6,162,309.07207658157023,1012.7316605547736,2.3603012322829819,False,False,0
raw_uncertainty,6,163,309.12487408427268,1000.9265353371472,2.7548060703687307,False,False,0
raw_uncertainty,6,164,309.14212727401696,1031.3452703373505,2.3356960511522384,False,False,0
raw_uncertainty,6,165,309.14887644025231,1025.5010130882119,2.3179393300789384,False,False,0
raw_uncertainty,6,166,309.0779143987827,568.30712902271875,4.5545105628248965,False,False,0
raw_uncertainty,6,167,309.22451409735299,463.21568687575905,4.8630735657309865,False,False,0
raw_uncertainty,6,168,309.15157687006939,562.3106824710153,4.3684281407548937,False,False,0
raw_uncertainty,6,169,309.24487682849059,579.27876601736648,4.3184725790835268,False,False,0
raw_uncertainty,6,170,309.33462264447246,462.6847796562115,4.9183543032145067,False,False,0
raw_uncertainty,6,171,309.29747860539169,563.24151034522674,4.3113536254629494,False,False,0
raw_uncertainty,6,172,309.29275975477719,949.80330572580328,2.4135587316369116,False,False,0
raw_uncertainty,6,173,309.4020709525733,573.24088128853691,4.6720571257622066,False,False,0
raw_uncertainty,6,174,309.37517876586747,547.95667806570634,4.2199233513981387,False,False,0
raw_uncertainty,6,175,309.29456598265881,936.34986391986047,2.0472264028497253,False,False,0
raw_uncertainty,6,176,309.43181649884764,954.97522223090459,2.4306896616729845,False,False,0
raw_uncertainty,6,177,309.44453718817385,535.49620794139253,4.1869440108004961,False,False,0
raw_uncertainty,6,178,309.39789944037835,671.80750285595798,3.8740334187617447,False,False,0
raw_uncertainty,6,179,309.49537832997748,359.1152432041294,4.689358128489955,False,False,0
raw_uncertainty,6,180,309.45560960828146,608.53169277349639,3.9586271951884946,False,False,0
raw_uncertainty,6,181,309.4664305657659,623.43467445180545,3.9037949241008949,False,False,0
raw_uncertainty,6,182,309.51915567353421,879.7819556698189,1.9841526651674455,False,False,0
raw_uncertainty,6,183,309.53294436922283,877.16869289562806,1.995012601711629,False,False,0
raw_uncertainty,6,184,309.53332862307377,894.47352300880254,1.9782711607086343,False,False,0
raw_uncertainty,6,185,309.58722429045787,886.63715041306807,2.0813333636737621,False,False,0
raw_uncertainty,6,186,309.69159858582628,485.05785671376219,3.7323423303146259,False,False,0
raw_uncertainty,6,187,309.67868041261045,877.84413853679109,2.187459648555647,False,False,0
raw_uncertainty,6,188,309.67219349169028,609.52008152202802,3.3102020400964847,False,False,0
raw_uncertainty,6,189,309.71246254147911,813.53829758846859,2.2669474030651822,False,False,0
raw_uncertainty,6,190,309.74578451521813,800.41862505439474,3.4612500643238473,False,False,0
raw_uncertainty,6,191,309.85758345215453,531.05806732329995,3.2193167637687177,False,False,0
raw_uncertainty,6,192,309.84636131945831,408.28687355320091,3.564523686047774,False,False,0
raw_uncertainty,6,193,309.93005460635999,502.58909878057295,3.1591199181022245,False,False,0
raw_uncertainty,6,194,309.94968887686298,838.2914001371189,2.3072000136076802,False,False,0
raw_uncertainty,6,195,310.0093856825967,660.07732092132164,2.9693052945951659,False,False,0
raw_uncertainty,6,196,310.0542806926112,330.59770889092778,3.9883551326841342,False,False,0
raw_uncertainty,6,197,310.02066015933997,373.42770178063637,3.191824982139539,False,False,0
raw_uncertainty,6,198,309.99223314885512,476.16769487646275,2.7631961521106292,False,False,0
raw_uncertainty,6,199,309.88279386511607,70.573176861854563,5.5884398825188919,False,True,0.0056072767942056236
raw_uncertainty,6,200,310.07756787237088,443.34876000032273,3.0281647915555339,False,False,0
raw_uncertainty,6,201,310.10622560581555,413.10401522411865,2.7941031626818953,False,False,0
raw_uncertainty,6,202,310.08074289011751,75.986488324185757,5.3795499506384878,False,True,0.00159072682299117
raw_uncertainty,6,203,310.08250700749613,428.61540844222282,2.5780259986362992,False,False,0
raw_uncertainty,6,204,310.1225073064428,708.69494524072991,2.3341279033979947,False,False,0
raw_uncertainty,6,205,310.21867624599673,671.51040149489529,2.7545524174686182,False,False,0
raw_uncertainty,6,206,310.25743455463862,379.50280973126809,2.6736360275888589,False,False,0
raw_uncertainty,6,207,310.35772435509534,285.83076486014085,3.0005464843800236,False,False,0
raw_uncertainty,6,208,310.3634745420768,282.49147939227174,3.8746038674749941,False,False,0
raw_uncertainty,6,209,310.3498297439379,43.691346839041216,5.3765224658555226,False,True,0.013966161503900981
raw_uncertainty,6,210,310.39112010069755,93.199540483464716,3.9481429481002608,False,False,0
raw_uncertainty,6,211,310.42623359112577,163.69875630733952,3.3912531621934683,False,False,0
raw_uncertainty,6,212,310.54190839609169,152.63473809191134,3.4858461827269718,False,False,0
raw_uncertainty,6,213,310.76711409265027,178.31661337906229,2.7774964145632746,False,False,0
raw_uncertainty,6,214,310.74994599511319,51.783587567432278,3.360395808215987,False,True,0.0014220966021282399
raw_uncertainty,6,215,310.80795976946871,45.500747640972463,3.35680816506042,False,True,0.0037910577772994969
raw_uncertainty,6,216,310.87326987768068,40.228022981798517,3.7335040008430735,False,True,0.0070395340329433608
raw_uncertainty,6,217,310.90016660475118,123.81888992250742,2.6138372850279503,False,False,0
raw_uncertainty,6,218,310.95199633931384,45.952932596438245,2.9573183890019163,False,True,0.0015878229708927226
raw_uncertainty,6,219,310.9446059630057,89.068253393888199,3.012639936085908,False,False,0
raw_uncertainty,6,220,311.06211068883232,120.80968306184275,2.5472339847831771,False,False,0
raw_uncertainty,6,221,311.09863875933007,133.27950277856405,2.5190953755104735,False,False,0
raw_uncertainty,6,222,311.3527209296077,121.00098865041343,2.1362848625731252,False,False,0
raw_uncertainty,6,223,311.36442767563932,111.03281902341143,2.1414348746004035,False,False,0
raw_uncertainty,6,224,311.1342989106916,70.270408926630353,3.0930334030669031,False,False,0
raw_uncertainty,6,225,311.47748748746022,100.14484495958868,2.0200777698866883,False,False,0
raw_uncertainty,6,226,311.28981386617778,26.394804371331134,3.4845828177797147,False,True,0.0099751287732889309
raw_uncertainty,6,227,311.5342799808929,114.16222501363666,1.875977835346883,False,False,0
raw_uncertainty,6,228,311.5625853706311,63.593772049673134,1.9473914881539258,False,False,0
raw_uncertainty,6,229,311.58700040389266,61.28025165419524,2.1639550140533124,False,False,0
raw_uncertainty,6,230,311.61272689222073,58.492646303111542,2.1078423346292716,False,False,0
raw_uncertainty,6,231,311.68227795450963,68.391827221726999,1.8425471889907339,False,False,0
raw_uncertainty,6,232,311.77441655284662,116.61236591571219,1.7008176841573999,False,False,0
raw_uncertainty,6,233,311.77700012935219,53.445198015003029,1.9461016663618134,False,False,0
raw_uncertainty,6,234,311.88695451076359,50.541335763730103,1.7327209657639662,False,False,0
raw_uncertainty,6,235,311.90285203283054,53.506590655986201,1.8027273906888022,False,False,0
raw_uncertainty,6,236,311.98410659234986,104.15807359947792,1.476740655145564,False,False,0
raw_uncertainty,6,237,312.0542150339914,100.87198831503815,1.4232960427281096,False,False,0
raw_uncertainty,6,238,312.11188427927476,45.151286454552746,1.681641583159843,False,False,0
raw_uncertainty,6,239,312.21790202714629,98.204439942332556,1.305030504914086,False,False,0
raw_uncertainty,6,240,312.30692449989238,37.118168109413659,1.4216802264406097,False,False,0
raw_uncertainty,6,241,312.41882242496376,40.121929253676512,1.5353877261087678,False,False,0
raw_uncertainty,6,242,312.4799045425417,37.212535854338967,1.4266593043056099,False,False,0
raw_uncertainty,6,243,312.49480195427918,41.99427034770008,1.2730669524675964,False,False,0
raw_uncertainty,6,244,312.54070525285749,7.3081408199107045,1.257951110445358,False,True,0.0040299834941825985
raw_uncertainty,6,245,312.57395599442157,30.080579772013721,1.0862979976713039,False,False,0
raw_uncertainty,6,246,312.63390029570439,18.986847627429484,1.1573077517694728,False,False,0
raw_uncertainty,6,247,312.65537621598912,15.80917060739182,1.0371947516362914,False,False,0
raw_uncertainty,6,248,312.70489931427642,11.411483152497226,0.95769005528111784,False,True,0.00069329953160525795
raw_uncertainty,6,249,312.79486120251795,48.689904516333172,0.82075491534118417,False,False,0
raw_uncertainty,6,250,312.85668128318787,23.45189833481686,0.73070344337037252,False,False,0
raw_uncertainty,6,251,312.91159903179727,12.976573597653896,1.1426634879551125,False,False,0
raw_uncertainty,6,252,312.92295405887597,14.94730830288654,0.86740319505291197,False,False,0
raw_uncertainty,6,253,312.92793584304491,20.716291822215112,0.81044111612882741,False,False,0
raw_uncertainty,6,254,312.95440301411776,-2.9372971798692333,0.93299511709953009,True,True,0.0051806958242178215
raw_uncertainty,6,255,312.98445594187007,12.511787696870101,0.97393113744099491,False,False,0
raw_uncertainty,7,0,302.97432745264439,1913.2292607356624,7.070258455641083,False,False,0
raw_uncertainty,7,1,302.99349732648727,1893.439184447122,7.0562541673137495,False,False,0
raw_uncertainty,7,2,302.8639777870049,1761.3178584770462,7.2337919483302722,False,False,0
raw_uncertainty,7,3,302.84529836176858,1760.8103692732793,6.4063350532681165,False,False,0
raw_uncertainty,7,4,302.88878634436657,1788.9327641863033,6.2734902970886104,False,False,0
raw_uncertainty,7,5,302.93071786365908,1816.1139814840199,6.2213469901569676,False,False,0
raw_uncertainty,7,6,302.83108585047256,1740.0936662584638,6.1213749892043845,False,False,0
raw_uncertainty,7,7,302.78243610417741,1504.0972476756037,7.7729716077012156,False,False,0
raw_uncertainty,7,8,302.85969343871562,1698.3066171184166,6.2235060770575164,False,False,0
raw_uncertainty,7,9,302.93748145707656,1799.5047488894713,6.1794894884717486,False,False,0
raw_uncertainty,7,10,302.99034225067663,1834.9767038363052,6.1255564377530289,False,False,0
raw_uncertainty,7,11,302.91619261631615,1474.674642028127,7.2425001682284291,False,False,0
raw_uncertainty,7,12,302.91127623732046,1313.1018974217766,7.5982744081360174,False,False,0
raw_uncertainty,7,13,303.0640239051562,1847.4949880877923,6.081071190742696,False,False,0
raw_uncertainty,7,14,302.95044493962899,1273.6647819319555,7.5616502806562433,False,False,0
raw_uncertainty,7,15,303.02157937620751,1257.9857318888012,7.6227423346940224,False,False,0
raw_uncertainty,7,16,303.01901582858125,1204.8071414909427,7.4796497204516106,False,False,0
raw_uncertainty,7,17,303.05333456161355,1182.8996911412787,7.3910063713350489,False,False,0
raw_uncertainty,7,18,303.19031991207436,1184.1558433679456,7.4263651095621608,False,False,0
raw_uncertainty,7,19,303.02779344989534,1950.1127615082262,4.5688289497020325,False,False,0
raw_uncertainty,7,20,303.26661762026697,1188.5858368969712,7.9868253389358941,False,False,0
raw_uncertainty,7,21,303.10570871823734,1987.7919585911432,4.5072519318281232,False,False,0
raw_uncertainty,7,22,303.27399110515267,1166.9939526533021,7.7945316639188853,False,False,0
raw_uncertainty,7,23,303.0852336158859,1902.2716141533474,4.0539575004696884,False,False,0
raw_uncertainty,7,24,303.02898246216603,1686.8513723159726,5.3532007853759804,False,False,0
raw_uncertainty,7,25,303.37660834361543,1120.1031301502017,7.5943001813968838,False,False,0
raw_uncertainty,7,26,303.19927315342119,1063.8004174920629,7.3810251967114482,False,False,0
raw_uncertainty,7,27,303.41602731318176,1019.5537930404851,7.5356212652567667,False,False,0
raw_uncertainty,7,28,303.18392606875261,1110.947708547716,7.1063031799763463,False,False,0
raw_uncertainty,7,29,303.06365537608559,1741.173223401506,4.873545598313596,False,False,0
raw_uncertainty,7,30,303.10284762267923,1231.4117759126248,6.6225908605178905,False,False,0
raw_uncertainty,7,31,303.18196420598991,1509.8444064236694,6.1980540373244821,False,False,0
raw_uncertainty,7,32,303.25777100875757,1018.0088304550962,7.2520253895413926,False,False,0
raw_uncertainty,7,33,303.32591841927507,992.90006838307249,7.3231183339066748,False,False,0
raw_uncertainty,7,34,302.92355921822133,743.26023217722081,5.2020315014031109,False,False,0
raw_uncertainty,7,35,302.57982974064663,560.7518305268926,4.3452772863699805,False,False,0
raw_uncertainty,7,36,302.67327837005377,525.19501974888044,4.5383984296363851,False,False,0
raw_uncertainty,7,37,302.49595936566027,590.36225105855112,4.1255937773073565,False,False,0
raw_uncertainty,7,38,302.61336750665345,578.35650222521178,4.1397667617240268,False,False,0
raw_uncertainty,7,39,302.53508859997572,537.50511451653335,3.9988437720734105,False,False,0
raw_uncertainty,7,40,302.7756211603778,499.06130674257793,4.6301414573476238,False,False,0
raw_uncertainty,7,41,302.77581465683096,478.84664532719262,4.8274849563956002,False,False,0
raw_uncertainty,7,42,302.76663337898071,457.09717080575575,5.2618009915068331,False,False,0
raw_uncertainty,7,43,302.53934940608667,549.57453488393753,3.8397909662012784,False,False,0
raw_uncertainty,7,44,302.71937406000472,425.67149840265529,4.8923689427325954,False,False,0
raw_uncertainty,7,45,302.876423320122,415.12538176766282,5.4817842139763009,False,False,0
raw_uncertainty,7,46,302.7077140888357,444.51940221931164,4.2766724926852255,False,False,0
raw_uncertainty,7,47,302.61722871237856,599.20394896965445,3.7495906125403535,False,False,0
raw_uncertainty,7,48,303.11739422844738,362.70338959893178,5.5873249042797193,False,False,0
raw_uncertainty,7,49,302.86502126977138,482.16462258727614,4.9991115349784012,False,False,0
raw_uncertainty,7,50,303.04962907804088,342.82892247272321,5.367168390100213,False,False,0
raw_uncertainty,7,51,302.70941544617597,556.25983504638089,3.6256989091664842,False,True,0.00098828288599442371
raw_uncertainty,7,52,302.70946365443587,547.5223036893268,3.5741365198986346,False,True,0.0060520089967624063
raw_uncertainty,7,53,303.03153071291428,328.21939156118418,5.2330753628798856,False,False,0
raw_uncertainty,7,54,303.26909275404699,334.05951928527162,5.9850920588711878,False,False,0
raw_uncertainty,7,55,303.39286525565024,320.32545616197763,6.1817724958293798,False,False,0
raw_uncertainty,7,56,303.03040979629674,357.72636830395095,5.5524981544819365,False,False,0
raw_uncertainty,7,57,303.70845628662289,1846.276706751742,3.1516150252743862,False,False,0
raw_uncertainty,7,58,303.07353477382031,410.21737126788116,4.2779627864347898,False,False,0
raw_uncertainty,7,59,303.16550629423796,315.50791954011521,5.2453786530726134,False,False,0
raw_uncertainty,7,60,303.11322105884284,315.84956636767117,4.8384358214944383,False,False,0
raw_uncertainty,7,61,303.15921849601449,311.20882333280986,4.8098400258758796,False,False,0
raw_uncertainty,7,62,303.50038858806045,270.63612974716835,5.7446957226998938,False,False,0
raw_uncertainty,7,63,303.5104149614873,300.82756019201526,5.5665763391086163,False,False,0
raw_uncertainty,7,64,303.74040597399289,1626.5044558505247,3.2881880008522781,False,False,0
raw_uncertainty,7,65,303.24564358698626,400.10275908276896,4.0915871769149907,False,False,0
raw_uncertainty,7,66,303.37112865996966,292.27922363621013,4.9765856570976448,False,False,0
raw_uncertainty,7,67,303.08200920228677,557.05489803165165,3.276145372834133,False,True,0.018277452288322865
raw_uncertainty,7,68,303.17852015725691,510.01784753309914,3.497299541833216,False,False,0
raw_uncertainty,7,69,303.18977666741279,485.23451557050328,3.5758031751677564,False,False,0
raw_uncertainty,7,70,304.0464695417653,255.28069730290588,6.6867778744594455,False,False,0
raw_uncertainty,7,71,303.42329670788092,398.74369031432127,4.3401167451301479,False,False,0
raw_uncertainty,7,72,303.50055878505174,377.83357362376773,4.2152618913553468,False,False,0
raw_uncertainty,7,73,303.53418994128577,376.27040959770954,4.5242722200356074,False,False,0
raw_uncertainty,7,74,303.61636065393759,467.9722131448558,4.0397699356646584,False,False,0
raw_uncertainty,7,75,304.08050966380802,1641.6593557316528,3.3308173413351874,False,False,0
raw_uncertainty,7,76,303.79930343240238,264.56221169866797,5.3314105089814037,False,False,0
raw_uncertainty,7,77,304.11636139780177,1547.1995369944734,3.3503775535032521,False,False,0
raw_uncertainty,7,78,304.40572527293926,209.42198040324041,7.6340840013378539,False,True,0.024406637090906083
raw_uncertainty,7,79,303.81586741904198,448.48290865223106,3.9788385241727893,False,False,0
raw_uncertainty,7,80,304.4847582646492,196.18553364162682,6.9997507673341133,False,True,0.013868397329879933
raw_uncertainty,7,81,304.16879084086571,1430.0512379664158,3.4322094996458627,False,False,0
raw_uncertainty,7,82,304.49867957356128,191.14611007800181,7.5169741137669721,False,True,0.027419507602970024
raw_uncertainty,7,83,304.30123131620138,1564.2559382711056,2.945983176091957,False,False,0
raw_uncertainty,7,84,304.27580727953182,1424.464647082998,3.3989579945084469,False,False,0
raw_uncertainty,7,85,304.96816525275358,210.19530329424197,7.8104190633799355,False,True,0.018092354280553127
raw_uncertainty,7,86,304.534890558092,203.90335109878822,5.7997594564188901,False,False,0
raw_uncertainty,7,87,304.24760035637905,200.728969359975,5.1231304350085107,False,False,0
raw_uncertainty,7,88,304.37314518596105,1525.0147983241691,3.017515723289645,False,False,0
raw_uncertainty,7,89,304.96332012685758,195.46185664931141,7.8389383602465141,False,True,0.024741353908867905
raw_uncertainty,7,90,305.15836509521694,195.67878069433328,7.7096193608003905,False,True,0.018235503796992077
raw_uncertainty,7,91,305.3097922402859,201.17678706501863,7.8972146418109972,False,True,0.01760275427997119
raw_uncertainty,7,92,304.9719163433038,174.84867836846712,7.5265673651799938,False,True,0.025749159712944003
raw_uncertainty,7,93,304.69002593263485,1649.5627081739672,2.658632636339668,False,False,0
raw_uncertainty,7,94,304.65378464556414,1417.7408970144129,3.3439886641921373,False,False,0
raw_uncertainty,7,95,304.71852007844353,1625.9288132058523,2.6000436287704258,False,False,0
raw_uncertainty,7,96,304.86250581502708,1716.0611724199714,2.6222385602367089,False,False,0
raw_uncertainty,7,97,304.94936793134491,142.78434392188547,6.0673917461327065,False,True,0.0090201101083644281
raw_uncertainty,7,98,304.65513352038016,236.16620444531139,4.622507846544166,False,False,0
raw_uncertainty,7,99,304.90354364833507,1356.7684639522249,3.7536555319420803,False,False,0
raw_uncertainty,7,100,304.75318080300133,185.59315434311878,4.9384212830112144,False,False,0
raw_uncertainty,7,101,304.91262256282056,1332.5066232773152,3.616429437475869,False,False,0
raw_uncertainty,7,102,305.5115249838949,176.87924609955206,7.7076132564896955,False,True,0.019444232329222683
raw_uncertainty,7,103,304.90992933178757,1315.1944455412936,3.4448690084564966,False,False,0
raw_uncertainty,7,104,305.15041636408154,120.18584072786064,5.7806018606557474,False,True,0.016743145715832259
raw_uncertainty,7,105,305.09211505225323,1560.6469187999041,2.6174184718650908,False,False,0
raw_uncertainty,7,106,305.19115979599457,124.92808982912527,5.5383448757317773,False,True,0.014124988057798125
raw_uncertainty,7,107,305.1852374321025,1499.8448056084476,3.1024438163360459,False,False,0
raw_uncertainty,7,108,305.27235405040386,1558.909446022577,2.5612902633692505,False,False,0
raw_uncertainty,7,109,305.6826865872103,107.0934144484329,6.443711948721135,False,True,0.019180060218037264
raw_uncertainty,7,110,305.26692181844993,1540.6029976466568,2.587751457342264,False,False,0
raw_uncertainty,7,111,305.3523949356462,1499.736987015305,2.775818187459691,False,False,0
raw_uncertainty,7,112,305.36840670063037,1516.2846204805569,2.7406567153832566,False,False,0
raw_uncertainty,7,113,305.36754423184152,1501.1079587212703,2.6977729511123147,False,False,0
raw_uncertainty,7,114,305.39268713480772,1487.1268292905247,2.728608751638073,False,False,0
raw_uncertainty,7,115,306.17432572803222,162.16578900207816,7.4203798142807837,False,True,0.0070030658567813986
raw_uncertainty,7,116,305.73961970425563,158.54660482482694,5.6380964346931668,False,False,0
raw_uncertainty,7,117,305.88145145789503,153.81269540570452,5.7054247148387569,False,False,0
raw_uncertainty,7,118,305.55888156859373,1388.6624047946734,3.084920561798886,False,False,0
raw_uncertainty,7,119,305.52303062290031,1410.8044439027499,2.8804757111358539,False,False,0
raw_uncertainty,7,120,305.57210324976671,1295.333310968643,3.284358750848535,False,False,0
raw_uncertainty,7,121,305.69495983832286,1445.1734603976824,2.8172967375450857,False,False,0
raw_uncertainty,7,122,305.62737714113587,1306.1063436307727,3.2003750846446204,False,False,0
raw_uncertainty,7,123,305.64649470951969,1255.5932413742735,3.3552176323181926,False,False,0
raw_uncertainty,7,124,305.92274338826627,1520.8696992319137,2.5258865354594611,False,False,0
raw_uncertainty,7,125,305.85051724233983,1421.3293688766362,2.9021437536790482,False,False,0
raw_uncertainty,7,126,305.86845298867513,1412.0230657228026,2.9198234168656088,False,False,0
raw_uncertainty,7,127,305.9019138630656,1354.0395250770543,3.1131813634577545,False,False,0
raw_uncertainty,7,128,306.02313371733959,1437.3684074221892,2.7338345215456985,False,False,0
raw_uncertainty,7,129,305.98983889847415,1307.3489009158825,3.1880598265426636,False,False,0
raw_uncertainty,7,130,306.64112689260611,121.60112682836257,5.6689773695340602,False,True,0.0049412251856871372
raw_uncertainty,7,131,306.06510260576459,1370.6956758230788,2.7970098123351113,False,False,0
raw_uncertainty,7,132,306.08213027625527,1356.3864542528474,2.8453088732436318,False,False,0
raw_uncertainty,7,133,306.88514218381238,118.74537623584672,5.7319216286073882,False,True,0.0044204168025782477
raw_uncertainty,7,134,306.19839863062941,1321.517418386012,2.8378119692699282,False,False,0
raw_uncertainty,7,135,307.18566506197618,131.10207314841819,6.8682969676435643,False,False,0
raw_uncertainty,7,136,307.72206330783769,1485.974079434166,3.3939114287442944,False,False,0
raw_uncertainty,7,137,307.7101191567354,1476.5398604867937,3.3502282850405738,False,False,0
raw_uncertainty,7,138,307.71535693242947,1434.4200018134802,3.2557150279724612,False,False,0
raw_uncertainty,7,139,307.57437778565156,1359.4336016204229,2.825291508359709,False,False,0
raw_uncertainty,7,140,307.5603855291522,1298.0443885443344,2.7079368330573099,False,False,0
raw_uncertainty,7,141,307.63546085904244,1279.6016802666563,2.5770957110212644,False,False,0
raw_uncertainty,7,142,307.68558342002666,1244.2852682553985,2.4520251879135992,False,False,0
raw_uncertainty,7,143,307.72665521713049,1234.0691251899505,2.4144041894977448,False,False,0
raw_uncertainty,7,144,307.71004800501601,1230.7875325617388,2.3708592717583494,False,False,0
raw_uncertainty,7,145,307.70031801927104,1197.4157609124015,2.2713994502700454,False,False,0
raw_uncertainty,7,146,307.74005447811237,1188.5301512456965,2.2444526862622203,False,False,0
raw_uncertainty,7,147,307.84413786629381,1203.684691955852,2.3683214817543408,False,False,0
raw_uncertainty,7,148,307.90356596031751,1179.7595805081235,2.2816610078333022,False,False,0
raw_uncertainty,7,149,307.83969587503901,1148.9152051863748,2.0274415100348202,False,False,0
raw_uncertainty,7,150,307.84640675306338,1115.797138667542,1.9058263970665354,False,False,0
raw_uncertainty,7,151,307.91435442985312,1110.8639335858154,2.0112195413631273,False,False,0
raw_uncertainty,7,152,307.85737748980898,1110.2864110286878,1.8545672027368294,False,False,0
raw_uncertainty,7,153,307.92372801587555,1101.9891228214647,2.008736020641896,False,False,0
raw_uncertainty,7,154,307.86745155914065,1061.2823428238421,1.7567205710040499,False,False,0
raw_uncertainty,7,155,307.88788344220967,1071.5668982746915,1.7137597435502538,False,False,0
raw_uncertainty,7,156,308.01787003908311,1049.509570901555,1.7712464782290613,False,False,0
raw_uncertainty,7,157,307.92061201197509,1009.2797478197525,1.5068827797200637,False,False,0
raw_uncertainty,7,158,307.9291576955369,991.63639805724461,1.4120462021287965,False,False,0
raw_uncertainty,7,159,307.84097814281068,938.91090873865403,1.1367837147372901,False,True,0.012407959089404952
raw_uncertainty,7,160,307.94014813656673,947.10505166410508,1.3428774634010878,False,False,0
raw_uncertainty,7,161,307.98182457437468,908.67638585469103,1.1641723561427915,False,True,0.0077475785664572472
raw_uncertainty,7,162,308.14513518744849,968.20301774270843,1.2486758021454367,False,True,0.0055221752294768167
raw_uncertainty,7,163,308.17717119448719,917.26320399766837,1.1902838761230132,False,True,0.00074146872243806283
raw_uncertainty,7,164,308.1114568163303,935.73433542513601,1.0856222835049394,False,True,0.011649100364504372
raw_uncertainty,7,165,308.23320043108203,913.62028865222783,1.2664241158912839,False,False,0
raw_uncertainty,7,166,308.13060262894362,844.11309451187981,1.2046678033125238,False,True,0.0043774120768730884
raw_uncertainty,7,167,308.41908072506016,939.19113283381284,1.5083692443357384,False,False,0
raw_uncertainty,7,168,308.22363760597614,870.61371043625741,0.88654881252011464,False,True,0.026626357289242973
raw_uncertainty,7,169,308.24835509459734,823.54946917742689,0.76817322256277443,False,True,0.039192202514858832
raw_uncertainty,7,170,307.97928638390471,504.35462602362873,4.7764722929139758,False,False,0
raw_uncertainty,7,171,308.41499901198881,843.06879377289988,0.83384008971661494,False,True,0.027642140594428113
raw_uncertainty,7,172,308.48354667721389,745.57542057461592,0.81318145117872476,False,True,0.033608753244854572
raw_uncertainty,7,173,308.39932605729945,836.7725737888702,0.63822921809780198,False,True,0.046287132727372948
raw_uncertainty,7,174,308.50398873714983,818.61035458377091,0.71617888661932572,False,True,0.03691848707493256
raw_uncertainty,7,175,308.5694908330766,703.39706625649774,1.2428611696680969,False,False,0
raw_uncertainty,7,176,308.40364757953819,383.29714969062337,4.1766219801112463,False,False,0
raw_uncertainty,7,177,308.60292431182506,684.10437298446629,1.048254071261276,False,True,0.014423937219263661
raw_uncertainty,7,178,308.58587762371326,379.52648588600726,4.2332558986812607,False,False,0
raw_uncertainty,7,179,308.5441616649623,328.29329679534357,4.2335045546119972,False,False,0
raw_uncertainty,7,180,308.87453749897668,670.88185308565687,1.2270559532464613,False,False,0
raw_uncertainty,7,181,308.67432167906372,405.82583055579596,3.6350198894860313,False,False,0
raw_uncertainty,7,182,308.75993279610617,354.48477216134739,3.9517090003759798,False,False,0
raw_uncertainty,7,183,308.82762924735113,631.19603283337551,1.2611274004108992,False,False,0
raw_uncertainty,7,184,308.70755418345038,330.13678723378791,3.738420586006296,False,False,0
raw_uncertainty,7,185,308.99586308225804,626.8186069426099,1.6753681609732674,False,False,0
raw_uncertainty,7,186,308.79646456416873,303.30584690955965,4.6690536312232886,False,False,0
raw_uncertainty,7,187,309.06814390093456,648.23474788351882,1.1157316919013622,False,False,0
raw_uncertainty,7,188,308.9657491944082,355.01032237435004,3.8840063751269707,False,False,0
raw_uncertainty,7,189,308.86666595574815,277.99322185975586,4.2025169679126915,False,False,0
raw_uncertainty,7,190,308.88948038656503,290.64002913388839,3.5929423036327379,False,False,0
raw_uncertainty,7,191,309.03767535791189,371.47290945715912,2.9647092087269118,False,False,0
raw_uncertainty,7,192,309.06842885247568,337.13896119166083,3.2755250419397286,False,False,0
raw_uncertainty,7,193,309.03962875978834,371.00255060705973,2.7166449767505552,False,False,0
raw_uncertainty,7,194,309.09452061786772,576.43397228548645,1.9462335172746767,False,False,0
raw_uncertainty,7,195,309.03451636393117,275.34842008906685,3.407043667499122,False,False,0
raw_uncertainty,7,196,309.04251135750138,261.1825342112179,3.9702190566347491,False,False,0
raw_uncertainty,7,197,309.10346123919931,266.21744953359291,3.3043966210578639,False,False,0
raw_uncertainty,7,198,309.14853852158774,255.26973424346158,3.3380149837403854,False,False,0
raw_uncertainty,7,199,309.15655480107091,272.02065873752298,3.2468846042406847,False,False,0
raw_uncertainty,7,200,309.39242502296355,577.51652706698792,2.0708771612313059,False,False,0
raw_uncertainty,7,201,309.34746996228699,278.53020913095838,2.6824659197830791,False,False,0
raw_uncertainty,7,202,309.35216764695542,254.98716169986528,3.4882063587168113,False,False,0
raw_uncertainty,7,203,309.35788220736441,227.96061747113754,3.2097400189805549,False,False,0
raw_uncertainty,7,204,309.36017433529321,211.63331942656004,3.6600325208089441,False,False,0
raw_uncertainty,7,205,309.48073003237448,212.15992426023695,3.2585154183221672,False,False,0
raw_uncertainty,7,206,309.80728946482913,551.23265385650666,2.0998074680540117,False,False,0
raw_uncertainty,7,207,309.81342001386628,238.40528169838268,2.2949807645736624,False,False,0
raw_uncertainty,7,208,309.86784148048184,258.33163509384201,1.6283603206001063,False,False,0
raw_uncertainty,7,209,309.70646507156238,181.28546033775308,3.990715180615287,False,False,0
raw_uncertainty,7,210,309.86906128742629,215.22826395022105,1.9573945585529824,False,False,0
raw_uncertainty,7,211,309.86286715444163,158.22006102696065,4.1623064144136634,False,False,0
raw_uncertainty,7,212,309.90367764194815,156.59726044134328,4.063505628762373,False,False,0
raw_uncertainty,7,213,310.16647706152577,225.54115256037159,1.5265116701809678,False,False,0
raw_uncertainty,7,214,310.09500323956183,156.91304975267462,4.5149598810622447,False,False,0
raw_uncertainty,7,215,310.17127665811478,181.04077529302663,2.940297372604312,False,False,0
raw_uncertainty,7,216,310.29842760323015,206.32867159289293,1.5810500689752987,False,False,0
raw_uncertainty,7,217,310.2825224246489,157.56090216107424,4.182519789914128,False,False,0
raw_uncertainty,7,218,310.33183570887576,173.45784461887382,2.3545463780173357,False,False,0
raw_uncertainty,7,219,310.36987624470004,155.88577981828388,3.0348898665959547,False,False,0
raw_uncertainty,7,220,310.46823378989819,185.16010791726097,2.2519616598457137,False,False,0
raw_uncertainty,7,221,310.48359865798795,185.82600095207869,1.4533423055073262,False,False,0
raw_uncertainty,7,222,310.48566680936977,137.82604359896663,4.3059004880449816,False,False,0
raw_uncertainty,7,223,310.5509432486956,202.01015564138464,1.2621922013715752,False,False,0
raw_uncertainty,7,224,310.63006027015848,164.71528939665507,1.8965505152872852,False,False,0
raw_uncertainty,7,225,310.75441902443612,165.40590050247158,2.0228717452912104,False,False,0
raw_uncertainty,7,226,310.85346704205313,135.32474928724662,2.8189687971197159,False,False,0
raw_uncertainty,7,227,310.85179774812644,133.55295959041632,2.622222513346196,False,False,0
raw_uncertainty,7,228,310.78646168592496,177.26626080847518,0.728372737205917,False,True,0.0084656763040572569
raw_uncertainty,7,229,311.02423509735456,161.7496052281632,1.5336904905733864,False,False,0
raw_uncertainty,7,230,311.04304929448438,130.58290287016257,1.8425913713065967,False,False,0
raw_uncertainty,7,231,311.19370859190337,138.32933524262955,1.2593466390913779,False,False,0
raw_uncertainty,7,232,311.18104118377408,137.11054085967601,0.92468011806655603,False,False,0
raw_uncertainty,7,233,311.26302122415569,116.86546141650581,2.2100112307388438,False,False,0
raw_uncertainty,7,234,311.32153287002063,128.6004782757368,1.0894375148320758,False,False,0
raw_uncertainty,7,235,311.29549124827781,110.79925117495065,1.9439848487382401,False,False,0
raw_uncertainty,7,236,311.49647885977777,127.68772837242909,1.0998178496311564,False,False,0
raw_uncertainty,7,237,311.5163436654629,112.65151234050848,1.5808759676704964,False,False,0
raw_uncertainty,7,238,311.53414641518253,125.42157958574137,0.72200261503115204,False,False,0
raw_uncertainty,7,239,311.66086225263734,115.02507977696712,1.4006115451171803,False,False,0
raw_uncertainty,7,240,311.65559900230289,117.00161379582585,0.67392938363534061,False,False,0
raw_uncertainty,7,241,311.64349811085651,125.90447946828988,0.49290138474995526,False,True,0.0040047943944166997
raw_uncertainty,7,242,311.82059869163839,110.23691908782541,0.91552947233327586,False,False,0
raw_uncertainty,7,243,311.87073695301581,86.417637491225491,1.2136208098889085,False,False,0
raw_uncertainty,7,244,311.84325568079885,88.722721598179874,1.0402555368258941,False,False,0
raw_uncertainty,7,245,311.93506807977582,87.037855118512653,1.0522655934325993,False,False,0
raw_uncertainty,7,246,311.89959208275309,107.39211375205844,0.59380710419097493,False,False,0
raw_uncertainty,7,247,312.1634499850926,75.68553742399024,1.3314596378075336,False,False,0
raw_uncertainty,7,248,312.1317627353144,78.44386114309998,0.93636840789306675,False,False,0
raw_uncertainty,7,249,312.23237784949487,85.848809137147327,0.8326512875863612,False,False,0
raw_uncertainty,7,250,312.25922178227984,82.02499757696819,0.88005727474817252,False,False,0
raw_uncertainty,7,251,312.37597263169135,70.649886613544254,1.0915590237463126,False,False,0
raw_uncertainty,7,252,312.41340846717321,74.986796753874614,0.925483987488259,False,False,0
raw_uncertainty,7,253,312.46209137577199,63.961739817740522,1.2929523143844808,False,False,0
raw_uncertainty,7,254,312.52764677941985,60.090548576643414,1.2963770191143364,False,False,0
raw_uncertainty,7,255,312.56957724124601,58.350796217752986,1.274659947875425,False,False,0
raw_uncertainty,8,0,301.89045720538951,1583.48856111388,9.3316420238076354,False,True,0.011379678875917728
raw_uncertainty,8,1,301.89070690835331,1583.6096043691175,9.3268642434762796,False,True,0.011367023223225732
raw_uncertainty,8,2,301.89835546083827,1582.68680752616,9.3601520365416135,False,True,0.010767227154042925
raw_uncertainty,8,3,301.88610003894325,1576.6070243660033,9.2063511951191934,False,True,0.010833223184567389
raw_uncertainty,8,4,301.88993176214592,1564.4979544732873,9.1679036187197696,False,True,0.0092924741579359007
raw_uncertainty,8,5,301.88534217680279,1537.5619654981263,9.092717124012724,False,True,0.0068294030791274914
raw_uncertainty,8,6,301.88211144268689,1505.7412399080699,9.0038534261335474,False,True,0.0037608900057236883
raw_uncertainty,8,7,301.89206037346895,1486.4685441812537,9.0401020117951667,False,True,0.001165574405892638
raw_uncertainty,8,8,301.89518690713487,1494.0698352202166,8.9665394757357717,False,True,0.0015958778141343223
raw_uncertainty,8,9,301.86922050191868,1488.253187508049,8.8963333746555779,False,True,0.0027978294971728783
raw_uncertainty,8,10,301.89372635859786,1437.022531339318,8.8588248117002877,False,False,0
raw_uncertainty,8,11,301.91182284532186,1429.9909167534179,8.7287616633053986,False,False,0
raw_uncertainty,8,12,301.90549923633927,1404.1251010200342,8.6161860045354395,False,False,0
raw_uncertainty,8,13,301.92317093732214,1395.7153356331307,8.57068036032185,False,False,0
raw_uncertainty,8,14,301.92522307801107,1368.4433122390783,8.5097720561028005,False,False,0
raw_uncertainty,8,15,301.91061656337888,1337.1812153600108,8.3946544210382061,False,False,0
raw_uncertainty,8,16,301.92395567374723,1328.2493155433594,8.4582093459480525,False,False,0
raw_uncertainty,8,17,301.94271492671169,1273.6335395086826,8.1539888462278753,False,False,0
raw_uncertainty,8,18,301.9654822774977,1271.5135961764956,8.2384065836217033,False,False,0
raw_uncertainty,8,19,301.99871575439943,1255.5401026564327,8.0932764362342873,False,False,0
raw_uncertainty,8,20,302.02825881406449,1248.1124712197018,8.067177665471295,False,False,0
raw_uncertainty,8,21,302.03677743097654,1218.9144998322895,7.9548948559583845,False,False,0
raw_uncertainty,8,22,302.03030604176922,1170.3353657777627,7.8076436377377227,False,False,0
raw_uncertainty,8,23,302.09723656919135,1176.1107898797845,7.7562965717686634,False,False,0
raw_uncertainty,8,24,302.14701490783142,1169.6753105001867,7.808460075128993,False,False,0
raw_uncertainty,8,25,302.12154945804457,1131.6864741516949,7.5846545779052787,False,False,0
raw_uncertainty,8,26,302.15369406382575,1134.0366816294572,7.5576139657517656,False,False,0
raw_uncertainty,8,27,302.19829877633424,1109.206925487747,7.4551312573258057,False,False,0
raw_uncertainty,8,28,302.2355922985098,1053.5223712969039,7.2922231126844714,False,False,0
raw_uncertainty,8,29,302.24996246224066,1058.7665463259195,7.2809456799277488,False,False,0
raw_uncertainty,8,30,302.28580502047384,1024.2102984630114,7.0967629821809659,False,False,0
raw_uncertainty,8,31,302.31444187741079,1023.4549853299948,7.1384856763293438,False,False,0
raw_uncertainty,8,32,302.26614470655107,1015.4857455216486,7.0515670615380381,False,False,0
raw_uncertainty,8,33,302.31488356746661,1000.5837493904479,6.9641225862688447,False,False,0
raw_uncertainty,8,34,302.39774321050294,985.59421474429462,6.9933004201548714,False,False,0
raw_uncertainty,8,35,302.36226092963454,985.30829621121029,6.9087768793351341,False,False,0
raw_uncertainty,8,36,302.40271786385813,955.44268537535368,6.7932719695857688,False,False,0
raw_uncertainty,8,37,302.47663594188208,915.38644937514175,6.6748413611082444,False,False,0
raw_uncertainty,8,38,302.50963226866486,908.03629812548127,6.7482081505890177,False,False,0
raw_uncertainty,8,39,302.50965816081634,906.85564539807251,6.6451164138624925,False,False,0
raw_uncertainty,8,40,302.74588630584378,936.23004684673674,6.9190095913036851,False,False,0
raw_uncertainty,8,41,302.7625535372087,895.03196189594632,6.7669805209369063,False,False,0
raw_uncertainty,8,42,302.81347997127205,895.18933255895604,6.7633735976516034,False,False,0
raw_uncertainty,8,43,303.00149204440009,1017.612309850284,6.9944850254415654,False,False,0
raw_uncertainty,8,44,302.9754594091371,977.32886866459671,6.9181972880122871,False,False,0
raw_uncertainty,8,45,303.04985465328019,965.00309442245361,6.8579722982659996,False,False,0
raw_uncertainty,8,46,302.97354774319257,918.11522498463614,6.7178812642533714,False,False,0
raw_uncertainty,8,47,303.00971159198798,879.56781350272036,6.6059893138613699,False,False,0
raw_uncertainty,8,48,303.03667813884624,875.18768824203676,6.5781043575341673,False,False,0
raw_uncertainty,8,49,303.12201199783908,860.77321440391938,6.5767182482668876,False,False,0
raw_uncertainty,8,50,303.19269363840152,796.05038003895675,6.4735214715631777,False,False,0
raw_uncertainty,8,51,303.18954435656212,760.98037048759954,6.320405750182692,False,False,0
raw_uncertainty,8,52,303.26109148127637,757.86932956941564,6.4181678444904815,False,False,0
raw_uncertainty,8,53,303.47793177219279,878.37789882368259,6.3691406682476597,False,False,0
raw_uncertainty,8,54,303.52705321130134,810.3588091148398,6.2854427431415916,False,False,0
raw_uncertainty,8,55,303.53328557184943,783.4537140340301,6.2287470111056802,False,False,0
raw_uncertainty,8,56,303.42683339370632,717.532243919287,6.2205054280533281,False,False,0
raw_uncertainty,8,57,303.00731434081604,544.55625545115117,5.5468368886958208,False,False,0
raw_uncertainty,8,58,303.48155503794879,423.12256263687243,6.8032719330888103,False,False,0
raw_uncertainty,8,59,303.65973014444626,1987.2138926848952,4.7343947737028209,False,False,0
raw_uncertainty,8,60,303.30354647170594,424.74068911901253,5.976877973851666,False,False,0
raw_uncertainty,8,61,303.71866234166964,402.82988116865948,7.4863315413119427,False,False,0
raw_uncertainty,8,62,303.03120185580616,765.78395698226836,5.2366615228677169,False,False,0
raw_uncertainty,8,63,303.12750453061909,487.54390327233784,5.3541112178583443,False,False,0
raw_uncertainty,8,64,303.87000225642601,2009.0071014250316,4.1889154212993791,False,False,0
raw_uncertainty,8,65,303.27951639357514,451.79676308735191,5.6329481377347648,False,False,0
raw_uncertainty,8,66,303.93498587569178,2014.4978896067482,4.0731063544976092,False,False,0
raw_uncertainty,8,67,302.88672888171021,537.54332020158063,5.0055403702972532,False,False,0
raw_uncertainty,8,68,302.85543739736841,579.75116198777641,4.6214525627159944,False,False,0
raw_uncertainty,8,69,304.044373979451,2025.9941084464149,3.9129850836280249,False,False,0
raw_uncertainty,8,70,303.95910572523479,1969.6017804533471,4.2524302879118192,False,False,0
raw_uncertainty,8,71,303.47349566407178,388.95043414681084,5.7406043776501532,False,False,0
raw_uncertainty,8,72,304.0469010752945,2019.2629322836651,3.8487615808699438,False,False,0
raw_uncertainty,8,73,304.20544377251161,317.67497830013372,7.2986220684050496,False,False,0
raw_uncertainty,8,74,303.1099275900155,694.35366716707961,4.6378720594193759,False,False,0
raw_uncertainty,8,75,303.15914538714804,482.11340273593174,4.7251426756267847,False,False,0
raw_uncertainty,8,76,304.26239775271813,1932.5542570835978,4.6714375547238705,False,False,0
raw_uncertainty,8,77,304.26525130355549,1866.2488191214052,4.1795821768070951,False,False,0
raw_uncertainty,8,78,304.22481147849624,1863.0200431217404,4.163392811404341,False,False,0
raw_uncertainty,8,79,303.28466150385719,338.84820218499129,4.9987530508707865,False,False,0
raw_uncertainty,8,80,304.28994728105062,1966.0414415183786,3.5288858929090834,False,False,0
raw_uncertainty,8,81,304.23271647739409,349.15850938800668,6.5926890938038989,False,False,0
raw_uncertainty,8,82,304.2841642166872,1833.2350210771929,3.857592638148184,False,False,0
raw_uncertainty,8,83,303.22545095526146,611.76458108272084,4.1339258505255296,False,False,0
raw_uncertainty,8,84,304.85502972437735,298.11123588290229,7.8333341570448152,False,False,0
raw_uncertainty,8,85,303.75731808364282,262.80591623073258,5.5793950247267192,False,False,0
raw_uncertainty,8,86,304.0473263265967,418.54528819261907,5.4074309473122675,False,False,0
raw_uncertainty,8,87,304.79256456951668,2214.8766100890857,3.9172537353520527,False,True,0.020013176527182319
raw_uncertainty,8,88,304.81552492383878,319.2104656394971,8.0695462681840322,False,False,0
raw_uncertainty,8,89,304.33878937515448,267.7637541716814,7.6510556754431649,False,True,0.0025696219596638287
raw_uncertainty,8,90,304.52341350863088,1933.2883210994173,3.1008016235160349,False,False,0
raw_uncertainty,8,91,304.4737185076184,263.50917625040455,6.1504275610424202,False,False,0
raw_uncertainty,8,92,304.83417667787484,2141.6437905261873,3.1610191649031401,False,True,0.039131477294998634
raw_uncertainty,8,93,304.55047060186183,1767.2511084897405,4.0260875692447708,False,False,0
raw_uncertainty,8,94,303.62642756096966,311.12412845230796,4.8807889124049968,False,False,0
raw_uncertainty,8,95,303.67899456227747,380.47528979981581,4.5766127501374125,False,False,0
raw_uncertainty,8,96,304.87502660903601,2124.9679875720904,3.3127204134130022,False,True,0.025731481257045358
raw_uncertainty,8,97,303.94606097166093,262.8772363938848,5.2678787554078577,False,False,0
raw_uncertainty,8,98,304.84885481639571,2075.6139600936935,2.8623373768200273,False,True,0.045541821326562232
raw_uncertainty,8,99,304.790429179385,227.36046761833046,6.2868493926909732,False,False,0
raw_uncertainty,8,100,303.56018026139441,584.05873928119274,3.9423691519596789,False,False,0
raw_uncertainty,8,101,304.84265937118403,1956.836072678258,2.8065833163645229,False,True,0.021830400770851743
raw_uncertainty,8,102,304.89086334006112,1753.8007587601332,3.875090628089791,False,False,0
raw_uncertainty,8,103,305.108302526969,1972.5247366771473,3.1343960312275301,False,True,0.010263435122238485
raw_uncertainty,8,104,305.10957200927908,2038.9597864720909,2.7130763034686214,False,True,0.055640941231205915
raw_uncertainty,8,105,303.76955315868429,550.60142883688547,4.0121798612431263,False,False,0
raw_uncertainty,8,106,305.09626812735621,1947.550523665936,2.6686037023070921,False,True,0.037243584637978694
raw_uncertainty,8,107,305.15220597306529,2022.6158695765562,2.763806253808593,False,True,0.049553380143372849
raw_uncertainty,8,108,305.24686979515423,1906.180166505515,3.1104079509637379,False,True,0.00084997033005720923
raw_uncertainty,8,109,305.10102470276399,1716.0523920703472,4.0658466721596147,False,False,0
raw_uncertainty,8,110,304.39343573681941,256.34936587915809,5.0724356636444323,False,False,0
raw_uncertainty,8,111,305.30518131077974,2006.6748733868303,2.7147197185854188,False,True,0.054029466034948292
raw_uncertainty,8,112,305.36689252640224,1894.2583969708012,3.1974138403686685,False,False,0
raw_uncertainty,8,113,305.16737431904806,1768.5593845572066,4.0297858355118494,False,False,0
raw_uncertainty,8,114,305.26101977798135,1866.9039815517704,2.5538656444697101,False,True,0.03177460599116036
raw_uncertainty,8,115,304.60919640951232,252.90325628013142,5.0334943079521608,False,False,0
raw_uncertainty,8,116,305.54422330763549,1947.6994211505757,2.6376318971002495,False,True,0.053167770058639624
raw_uncertainty,8,117,305.31332962982805,1819.9550151101676,3.0815424317027906,False,False,0
raw_uncertainty,8,118,305.37099576221152,1657.5249482548818,4.0444795896665262,False,False,0
raw_uncertainty,8,119,305.37434663559014,1612.364262747612,4.1382210430239637,False,False,0
raw_uncertainty,8,120,305.37431798191494,1780.2445027265971,3.1986288228663664,False,False,0
raw_uncertainty,8,121,305.42890389237613,1759.672430838189,3.8172946741847187,False,False,0
raw_uncertainty,8,122,305.50405451708446,1714.7425303438959,3.2238145575382089,False,False,0
raw_uncertainty,8,123,305.46302527535079,1548.0365924013611,4.2635075637520776,False,False,0
raw_uncertainty,8,124,305.53437106180155,1694.5495417762927,3.3580154962323219,False,False,0
raw_uncertainty,8,125,305.44957571909407,1681.7250187935392,3.393727880951972,False,False,0
raw_uncertainty,8,126,305.70934118373214,1726.5214302160675,3.2555932638103404,False,False,0
raw_uncertainty,8,127,305.52539246024122,1506.7054957608873,4.3802045705411352,False,False,0
raw_uncertainty,8,128,305.51546634947317,1693.2715928249436,3.5032379857742781,False,False,0
raw_uncertainty,8,129,305.66468572125643,1629.9243640371631,3.5061783020940376,False,False,0
raw_uncertainty,8,130,306.02369966152696,1814.8924388965738,2.6465343646575894,False,True,0.036450770338343513
raw_uncertainty,8,131,305.63029985814791,1561.2489260931384,3.8009854798549281,False,False,0
raw_uncertainty,8,132,305.88158280094433,1655.2069028311521,3.2334855495732948,False,False,0
raw_uncertainty,8,133,305.66600582775158,1587.763348569805,3.7056763095905318,False,False,0
raw_uncertainty,8,134,305.88764419126295,1595.727384321083,3.5740013583090424,False,False,0
raw_uncertainty,8,135,305.81103085599585,1541.9083869493084,3.7224296376199724,False,False,0
raw_uncertainty,8,136,306.27256683504356,1711.3575170867537,2.8538760607141342,False,True,0.0053486562479283517
raw_uncertainty,8,137,305.96432662020658,1573.4546640086553,3.7865039199379211,False,False,0
raw_uncertainty,8,138,306.2280591449566,1672.0724751987341,2.59373189734591,False,True,0.013399034149625205
raw_uncertainty,8,139,306.0244709681337,1534.7068554212951,3.8804852660949329,False,False,0
raw_uncertainty,8,140,306.76673758294311,206.85590632488885,7.8361021745377588,False,False,0
raw_uncertainty,8,141,306.13320173797484,1478.1002003635656,3.8696239926846641,False,False,0
raw_uncertainty,8,142,306.06928632797485,1478.0143130975625,3.8485433994488654,False,False,0
raw_uncertainty,8,143,306.29893115920771,1524.9833253712472,3.613777677623307,False,False,0
raw_uncertainty,8,144,306.2904013330043,1507.6956607604452,3.4810697556353114,False,False,0
raw_uncertainty,8,145,306.52712375018683,1563.5602936813261,2.6606811495782714,False,False,0
raw_uncertainty,8,146,306.98472982677976,1662.304675651247,3.4649837985499348,False,False,0
raw_uncertainty,8,147,306.65281603546072,1562.2227103489495,2.6574247288793891,False,False,0
raw_uncertainty,8,148,306.81713912616181,1526.9568640300199,2.8270509353394302,False,False,0
raw_uncertainty,8,149,306.97561981444971,1444.2041287358725,2.7863379682318072,False,False,0
raw_uncertainty,8,150,306.88822620123693,1436.963478641961,2.6833103535303415,False,False,0
raw_uncertainty,8,151,307.09241933635519,1429.2927492337876,2.9159896750820513,False,False,0
raw_uncertainty,8,152,307.1126088003802,1409.2313982051674,2.9410696029160395,False,False,0
raw_uncertainty,8,153,307.24421839938947,1421.1856790702932,3.1133641103596208,False,False,0
raw_uncertainty,8,154,307.14904780113926,170.70274828509889,6.7636030895674244,False,False,0
raw_uncertainty,8,155,307.2011133396548,1373.5177353792164,2.7853259508233559,False,False,0
raw_uncertainty,8,156,307.2808365682294,1334.3200831932036,2.7359487587327522,False,False,0
raw_uncertainty,8,157,307.28952064466995,1315.9029906134629,2.9334645060235278,False,False,0
raw_uncertainty,8,158,307.71067982303634,1336.0846185612818,3.5546109288553995,False,False,0
raw_uncertainty,8,159,307.58235689947111,429.18954259514135,5.615614467895111,False,False,0
raw_uncertainty,8,160,307.59607152837276,1202.1767794400469,2.3838137984957974,False,False,0
raw_uncertainty,8,161,307.8017155698106,1221.7523000754531,2.3719560884799509,False,False,0
raw_uncertainty,8,162,307.699999886402,1185.8132827606225,2.6504825252862334,False,False,0
raw_uncertainty,8,163,307.96406207340186,1148.1100827023017,2.1966419186302018,False,False,0
raw_uncertainty,8,164,307.87750266775186,371.72941984032161,5.7941533125888256,False,False,0
raw_uncertainty,8,165,307.99072219409265,1099.8267419084232,2.2467442637990129,False,False,0
raw_uncertainty,8,166,308.0049993052246,1133.1309197687974,1.9875100270232418,False,False,0
raw_uncertainty,8,167,308.01405058489826,160.45643453086097,7.0557631425207736,False,False,0
raw_uncertainty,8,168,308.20140906115012,1062.974111199904,2.4963804387930035,False,False,0
raw_uncertainty,8,169,308.2620273837008,1146.6025874013521,1.9750567420595639,False,False,0
raw_uncertainty,8,170,308.2264332399991,338.62142642334101,5.1221527574131214,False,False,0
raw_uncertainty,8,171,308.268534765987,315.91431563617618,4.9739559521626884,False,False,0
raw_uncertainty,8,172,308.34118153793281,980.89090596330789,2.7414714071084654,False,False,0
raw_uncertainty,8,173,308.52673435726325,1095.0215666991746,1.9013634796873609,False,False,0
raw_uncertainty,8,174,308.47048536559424,939.77883693147055,3.1319960050851532,False,False,0
raw_uncertainty,8,175,308.66798470921458,951.67072596122875,1.8767165066781812,False,False,0
raw_uncertainty,8,176,308.50813174471256,118.77179618962646,7.379470419883984,False,True,0.0056802530672447199
raw_uncertainty,8,177,308.93944246915714,1012.78734686353,2.0068687130168552,False,False,0
raw_uncertainty,8,178,308.689550302947,868.28054364900004,2.0396066732823357,False,False,0
raw_uncertainty,8,179,308.64266453684036,242.31104213644142,5.1104266842616584,False,False,0
raw_uncertainty,8,180,308.80262543826115,272.93808843692881,4.3987847732966063,False,False,0
raw_uncertainty,8,181,309.0883964251787,926.66809748486889,1.8449451513468311,False,False,0
raw_uncertainty,8,182,308.96598234835255,250.49926474803675,4.9605367342087519,False,False,0
raw_uncertainty,8,183,309.01082792924552,798.76982706592594,2.3520384760547777,False,False,0
raw_uncertainty,8,184,309.19167311536717,871.86690606165439,2.1095472628245497,False,False,0
raw_uncertainty,8,185,308.90778325286783,797.73729669666682,2.0526121065312464,False,False,0
raw_uncertainty,8,186,309.21174567899442,243.63010702882286,4.8136711625992934,False,False,0
raw_uncertainty,8,187,309.37651305401215,933.84407226447536,1.8619911172652523,False,False,0
raw_uncertainty,8,188,309.37393393876363,933.62747928032638,1.8602268372612443,False,False,0
raw_uncertainty,8,189,309.3704402408539,951.48600230587635,1.8435450297691363,False,False,0
raw_uncertainty,8,190,309.29393117732519,747.77490258270632,2.3612472087541176,False,False,0
raw_uncertainty,8,191,309.4858475970783,915.68363894384891,1.8988424010171596,False,False,0
raw_uncertainty,8,192,309.55677022670062,740.76550814534062,2.4815350787915702,False,False,0
raw_uncertainty,8,193,309.60198444615054,894.16227606053951,2.0773989645572448,False,False,0
raw_uncertainty,8,194,309.48884312243786,750.8675121785385,1.9402974942754483,False,False,0
raw_uncertainty,8,195,309.76445776822703,723.71519824247889,2.5043644623172465,False,False,0
raw_uncertainty,8,196,309.64638446021939,738.09804020920478,2.1356473298635144,False,False,0
raw_uncertainty,8,197,309.71683200451037,721.99896386025057,2.5783581924079342,False,False,0
raw_uncertainty,8,198,309.6004588378978,757.96515261221089,1.865115086097239,False,False,0
raw_uncertainty,8,199,309.74056528825656,877.34758370567442,2.0239389110885813,False,False,0
raw_uncertainty,8,200,309.97918306056101,679.25797147088804,2.7442873755242436,False,False,0
raw_uncertainty,8,201,309.70288965947418,742.93462989481895,1.9335013310950471,False,False,0
raw_uncertainty,8,202,309.98955802244052,712.63866923940429,2.4926829253620548,False,False,0
raw_uncertainty,8,203,309.88990625670601,704.61188091028407,2.3493267877618327,False,False,0
raw_uncertainty,8,204,309.77091792848591,709.34192153746778,2.0417306894359801,False,False,0
raw_uncertainty,8,205,310.11888623595388,686.7851816037919,2.6818592154746068,False,False,0
raw_uncertainty,8,206,309.56162801430537,254.83345869206209,3.3413979984887616,False,False,0
raw_uncertainty,8,207,310.14796750645058,642.22697370089679,2.7939261795684618,False,False,0
raw_uncertainty,8,208,309.70138160285848,261.40188610991305,3.1067112692115324,False,False,0
raw_uncertainty,8,209,309.78078124227335,240.57289860468006,2.9575160705909744,False,False,0
raw_uncertainty,8,210,309.83080400399342,226.68046903972964,2.9880939637609543,False,False,0
raw_uncertainty,8,211,310.25686986239566,204.64372385247981,3.5957180962598314,False,False,0
raw_uncertainty,8,212,310.28917376702884,218.41228400311383,3.5254588367014934,False,False,0
raw_uncertainty,8,213,310.32328286762527,176.10640010655186,3.1261908120228785,False,False,0
raw_uncertainty,8,214,310.37029606498135,166.91714581932854,3.137104574584622,False,False,0
raw_uncertainty,8,215,310.4034480658911,136.57540737142983,5.9052959878902813,False,False,0
raw_uncertainty,8,216,310.61118935141803,152.70354251883884,3.3235438316747801,False,False,0
raw_uncertainty,8,217,310.69322919920717,185.30046560797609,2.34467735061722,False,False,0
raw_uncertainty,8,218,310.94586285575934,143.73490096106934,3.7155094075450763,False,False,0
raw_uncertainty,8,219,310.90191378307406,131.73961858742882,2.963365571880495,False,False,0
raw_uncertainty,8,220,310.84023751095305,193.20678492032545,2.0396643560434331,False,False,0
raw_uncertainty,8,221,311.0031618930426,149.68906946354446,2.0887226427284404,False,False,0
raw_uncertainty,8,222,311.10824494104031,144.110015543891,1.9117682866440151,False,False,0
raw_uncertainty,8,223,311.14090861985477,148.83390439637913,1.8852415521089738,False,False,0
raw_uncertainty,8,224,311.21046409868768,133.69649460289781,2.2392965586592672,False,False,0
raw_uncertainty,8,225,311.31367487988604,113.18176822446515,2.1852603678979974,False,False,0
raw_uncertainty,8,226,311.41189273503852,114.52175998425173,1.9839700916513356,False,False,0
raw_uncertainty,8,227,311.35046058271041,121.66591856719162,1.6653411967845324,False,False,0
raw_uncertainty,8,228,311.4523718313456,111.59851777489143,1.9134783143232355,False,False,0
raw_uncertainty,8,229,311.43565015046602,113.79521605737807,1.5913305689977175,False,False,0
raw_uncertainty,8,230,311.56830246192004,100.40403856122623,1.8152386847174506,False,False,0
raw_uncertainty,8,231,311.55586710676084,82.968816575866754,2.7711606664273769,False,False,0
raw_uncertainty,8,232,311.64259941736645,93.168451409744648,1.9457424037831772,False,False,0
raw_uncertainty,8,233,311.77902355631301,90.354484383856743,1.4101491357525848,False,False,0
raw_uncertainty,8,234,311.94220071161095,84.115468584447399,1.567986253010246,False,False,0
raw_uncertainty,8,235,311.9005541690446,84.846865630312436,1.2150611563536504,False,False,0
raw_uncertainty,8,236,312.02457039932642,78.073340767690979,1.4337347459389846,False,False,0
raw_uncertainty,8,237,312.07746047472261,80.626164752791738,0.99068094242276494,False,False,0
raw_uncertainty,8,238,312.14781614138997,71.813272818181758,1.7737523203565084,False,False,0
raw_uncertainty,8,239,312.22511967590464,69.795041949068718,1.7568414530112069,False,False,0
raw_uncertainty,8,240,312.28380764873452,63.754761056377447,1.715289800879221,False,False,0
raw_uncertainty,8,241,312.31379780198182,59.876446069634881,1.6084263784447232,False,False,0
raw_uncertainty,8,242,312.3579912257498,65.54169579477707,1.083665590120372,False,False,0
raw_uncertainty,8,243,312.42774913046031,60.936393445537647,1.3939967995469171,False,False,0
raw_uncertainty,8,244,312.42098409621576,62.675165942957847,1.1277862565707659,False,False,0
raw_uncertainty,8,245,312.5041695701708,59.006178673505246,1.3271832893104261,False,False,0
raw_uncertainty,8,246,312.538826443076,59.633152291479632,1.1979135366899474,False,False,0
raw_uncertainty,8,247,312.55820767380663,23.896090364477914,0.72556596598322987,False,False,0
raw_uncertainty,8,248,312.61755022981845,30.956891704543068,0.6458444669272918,False,False,0
raw_uncertainty,8,249,312.67141447372921,18.577536572593431,0.69518404596400707,False,False,0
raw_uncertainty,8,250,312.7631399520219,21.079156564892742,0.64509946776480831,False,False,0
raw_uncertainty,8,251,312.90857853430515,15.565125817810895,0.53065726307611616,False,False,0
raw_uncertainty,8,252,312.97796788787792,10.849659183309882,0.48608901846188868,False,True,0.00101120747501127
raw_uncertainty,8,253,313.05668083686908,4.3066370833417977,0.48720222869537544,False,True,0.0013499783564216074
raw_uncertainty,8,254,313.14287174579619,0.48703876966885673,0.49180674957924886,False,True,0.0014846429417400288
raw_uncertainty,8,255,313.16715946876218,-1.1723697934547772,0.50906380980823673,True,True,0.0020294841286807165
raw_uncertainty,9,0,302.07855877413596,1488.854054104258,8.1436614648271544,False,False,0
raw_uncertainty,9,1,302.0822798372879,1484.0302365304201,8.1029646501215851,False,False,0
raw_uncertainty,9,2,302.13110624333797,1465.5565777550776,8.0312053603121001,False,False,0
raw_uncertainty,9,3,302.15892127654354,1472.5246166866364,7.9562577426886261,False,False,0
raw_uncertainty,9,4,302.11470422305888,1414.7771458178158,7.9673803974179425,False,False,0
raw_uncertainty,9,5,302.10726171232636,1403.0306945841812,7.9449224708703028,False,False,0
raw_uncertainty,9,6,302.0992816326812,1382.8595288031215,7.9045155454014786,False,False,0
raw_uncertainty,9,7,302.19538577703315,1374.0781921588041,7.7817830354297488,False,False,0
raw_uncertainty,9,8,302.16671085403681,1355.6411868970727,7.8505960106073145,False,False,0
raw_uncertainty,9,9,302.12211710499622,1288.3442347842704,7.781470368884877,False,False,0
raw_uncertainty,9,10,302.04838212901291,1258.9033682153918,7.8805632269673076,False,False,0
raw_uncertainty,9,11,302.21233337121555,1266.1492618114401,7.5724739269401287,False,False,0
raw_uncertainty,9,12,302.10170736840922,1229.6752713784858,7.791840642167231,False,False,0
raw_uncertainty,9,13,302.25322072030195,1268.9854594094249,7.5775166903328337,False,False,0
raw_uncertainty,9,14,302.07633917056631,1223.5644546405938,7.7910791524010916,False,False,0
raw_uncertainty,9,15,302.25093222217424,1199.751220123231,7.4831594066361351,False,False,0
raw_uncertainty,9,16,302.12940110219029,1187.4261020809647,7.7490170444256199,False,False,0
raw_uncertainty,9,17,302.13482052386195,1182.3101317952951,7.7441043925159825,False,False,0
raw_uncertainty,9,18,302.24423819941666,1174.0296524876119,7.5928716749452585,False,False,0
raw_uncertainty,9,19,302.2618717409872,1166.6919227286942,7.5736899459300124,False,False,0
raw_uncertainty,9,20,302.2828696116793,1160.092874003572,7.4218868061157792,False,False,0
raw_uncertainty,9,21,301.86752659368409,543.47953948701945,6.5710465724911602,False,True,0.015124172379294962
raw_uncertainty,9,22,301.89294746044499,523.93720887308154,6.4670817395885862,False,True,0.012301854528307829
raw_uncertainty,9,23,301.90064572516542,523.37347245021772,6.4441604235186727,False,True,0.010917618070403479
raw_uncertainty,9,24,301.76296152074661,479.04340173052515,6.5283429189041717,False,True,0.030369138529548659
raw_uncertainty,9,25,302.08657902811575,515.18959769735932,6.1893627456323141,False,False,0
raw_uncertainty,9,26,302.20551912976538,557.58482346898472,6.1730342420454569,False,False,0
raw_uncertainty,9,27,302.26226722723959,489.42950805905457,6.1406430730938641,False,False,0
raw_uncertainty,9,28,302.27083676212396,463.34929953880589,5.9564794203931326,False,False,0
raw_uncertainty,9,29,302.31544016310244,482.77879533789525,5.9125134543811511,False,False,0
raw_uncertainty,9,30,301.81417291280383,415.10597421044287,6.4389849890821296,False,True,0.03424730762101974
raw_uncertainty,9,31,302.9138361841421,1793.8084342100994,4.6124262777523359,False,False,0
raw_uncertainty,9,32,302.90135183900964,1812.1296687429167,4.5297549566872259,False,False,0
raw_uncertainty,9,33,302.90058568351742,1846.0228101286891,4.4729472458255932,False,False,0
raw_uncertainty,9,34,302.9025826515948,1878.1721750558188,4.4284599253525965,False,False,0
raw_uncertainty,9,35,302.0553702141421,369.48012144010693,5.9651037458063927,False,True,0.0065789976042068682
raw_uncertainty,9,36,302.95070318434961,1728.5607373084283,4.6773215244478363,False,False,0
raw_uncertainty,9,37,302.90836400404356,1925.0668861517727,4.3287662911721618,False,False,0
raw_uncertainty,9,38,302.90843456025726,1815.5133131005182,4.5678139222465415,False,False,0
raw_uncertainty,9,39,302.95635496792835,1747.3890918192114,4.6744881009322876,False,False,0
raw_uncertainty,9,40,302.9014972117505,1987.212080634986,4.2134959704057611,False,False,0
raw_uncertainty,9,41,302.02259796803133,337.03586718076627,5.9767115523514631,False,True,0.014563971641166906
raw_uncertainty,9,42,302.05819323787415,327.02032208258652,5.8540637160406028,False,True,0.0086807161648513181
raw_uncertainty,9,43,302.92334335810739,2018.0157038469167,4.1046413461482105,False,False,0
raw_uncertainty,9,44,302.92566102984171,2016.6650708834711,4.0536256838084759,False,False,0
raw_uncertainty,9,45,302.95231693681751,1996.1491994854973,4.1747638017498883,False,False,0
raw_uncertainty,9,46,302.99642165650329,1929.8571967533069,4.3860786928835038,False,False,0
raw_uncertainty,9,47,302.17777417491175,313.54803694890302,5.9996795493347861,False,True,0.010438432700005752
raw_uncertainty,9,48,302.48318429977667,322.79671290767766,6.0120797570596336,False,False,0
raw_uncertainty,9,49,302.66273226094398,363.73639555832068,5.4020412081906457,False,False,0
raw_uncertainty,9,50,303.00814797238104,1981.2631305485115,4.18710488284961,False,False,0
raw_uncertainty,9,51,302.46343078033141,302.7089778613547,5.4674052748214379,False,False,0
raw_uncertainty,9,52,302.51256681111602,289.86720894796133,5.3179223428577069,False,False,0
raw_uncertainty,9,53,302.52181568022377,296.68482354945922,5.3305451250178981,False,False,0
raw_uncertainty,9,54,302.65451076521299,280.9588770147227,5.4488001155689121,False,False,0
raw_uncertainty,9,55,302.72445035676725,279.0787874178277,5.5794224974087818,False,False,0
raw_uncertainty,9,56,303.40018704614516,261.20056413100372,6.4220648556929154,False,False,0
raw_uncertainty,9,57,303.50344302290631,259.88543227073762,6.5947218471480884,False,False,0
raw_uncertainty,9,58,303.67914091156791,255.67717360735202,6.7278823922045827,False,False,0
raw_uncertainty,9,59,303.68260093554755,251.56403801738145,6.6559541239696625,False,False,0
raw_uncertainty,9,60,303.77040511799811,254.65236336572536,6.8845417557313215,False,True,0.00050414491338346412
raw_uncertainty,9,61,303.79236677101215,248.29724077736523,6.7775188825456398,False,True,0.00022683094203972132
raw_uncertainty,9,62,303.91136509945648,246.72166322239656,6.9680698589893497,False,True,0.003078057720729846
raw_uncertainty,9,63,303.99358355035895,243.79619323017107,7.0512310674663814,False,True,0.0046811126356682414
raw_uncertainty,9,64,304.06631910797495,242.89086242943546,7.180870544582528,False,True,0.0067005431024764056
raw_uncertainty,9,65,304.18371855428626,239.25892946694006,7.261550090255442,False,True,0.0079039524226990621
raw_uncertainty,9,66,304.22037005465268,234.53501212923925,7.2910523020411979,False,True,0.0098187695021038218
raw_uncertainty,9,67,304.39934033929092,227.590337697113,7.3611336528052167,False,True,0.011013688033727986
raw_uncertainty,9,68,304.50734289747589,224.84040309676845,7.6739999044523568,False,True,0.017317075867124741
raw_uncertainty,9,69,304.61591922950822,222.14672758756478,7.7500767746370354,False,True,0.018196281170849572
raw_uncertainty,9,70,304.7518508830388,218.5126285496097,7.9728323661607714,False,True,0.022305327236438292
raw_uncertainty,9,71,304.19793965848294,176.86440562272207,6.6042628670374119,False,True,0.017727435446109371
raw_uncertainty,9,72,304.55178626206123,173.76661818417404,6.8860943295738961,False,True,0.019084560076469054
raw_uncertainty,9,73,305.0687888340305,208.82310146761245,8.2595929764866884,False,True,0.027077770292666337
raw_uncertainty,9,74,304.40683622644269,162.66889253722013,6.645240364030502,False,True,0.020636778570243652
raw_uncertainty,9,75,304.50028612640773,162.16895924114317,6.5747393761420367,False,True,0.017567578693871086
raw_uncertainty,9,76,303.85820412251263,173.35485940405351,6.0047977387511171,False,True,0.011538736668525673
raw_uncertainty,9,77,305.19087449101505,210.2493364130691,8.0958726437848263,False,True,0.020602918401063
raw_uncertainty,9,78,304.1182366777623,157.89654409055663,6.2030248638905787,False,True,0.017624386197209976
raw_uncertainty,9,79,304.65084374334731,151.43730778692304,6.7880095626138548,False,True,0.024048760072031397
raw_uncertainty,9,80,304.06862673815351,157.83526304964278,6.101219333195683,False,True,0.016214712820940017
raw_uncertainty,9,81,304.26940057008107,146.39969155598249,6.2047114550504707,False,True,0.019584405940475488
raw_uncertainty,9,82,304.54388171980418,139.57135939694103,6.4465462008478589,False,True,0.022941879719009906
raw_uncertainty,9,83,304.5637027545763,139.38877411201133,6.3816665321674719,False,True,0.021184861908465483
raw_uncertainty,9,84,305.66197586412278,192.47428978494628,8.6720939010685463,False,True,0.032465029531138813
raw_uncertainty,9,85,305.04775699751281,129.8024343353851,6.8096808629254308,False,True,0.026155185124427063
raw_uncertainty,9,86,305.25582970599902,128.78748163571152,6.9311339302108426,False,True,0.025621439464388052
raw_uncertainty,9,87,304.86462583261078,124.21433854531074,6.5789430423222326,False,True,0.026406541934301767
raw_uncertainty,9,88,305.38372941367686,117.59884568152313,7.0821244955792562,False,True,0.031271617649643021
raw_uncertainty,9,89,305.15080809703306,111.31469928611023,6.7374403157094997,False,True,0.030094848659972862
raw_uncertainty,9,90,305.61546976962654,130.19802221578868,7.4211122693125837,False,True,0.029805153197088846
raw_uncertainty,9,91,305.41696316983615,105.4385881147864,6.9659770593854873,False,True,0.032915679168100315
raw_uncertainty,9,92,305.56177176223463,105.99454946346577,7.0701110304080261,False,True,0.032484038543315275
raw_uncertainty,9,93,305.45876330989148,98.086640308714891,6.8969501897634604,False,True,0.033550179349220749
raw_uncertainty,9,94,305.61830960466898,93.664838693762476,6.9904249947830088,False,True,0.034611170032078267
raw_uncertainty,9,95,305.81661239039897,90.377160146871574,7.0666802686347534,False,True,0.034134533647235468
raw_uncertainty,9,96,306.29011855247978,107.0196221933644,7.3709566419092925,False,True,0.025948334284447414
raw_uncertainty,9,97,306.26722188906035,97.451748354317715,7.3584256896460705,False,True,0.029910998765559499
raw_uncertainty,9,98,306.35611230330852,89.170178507944343,7.2346360640222684,False,True,0.028832906212703721
raw_uncertainty,9,99,306.58611515208764,93.197996990405159,7.2790737223088549,False,True,0.024131033973539689
raw_uncertainty,9,100,306.6601172994549,94.770010396172438,7.5074822487035213,False,True,0.027382448426748585
raw_uncertainty,9,101,306.7100621734964,89.56529614531496,7.4695331637464593,False,True,0.027717662059065909
raw_uncertainty,9,102,307.15794744029773,118.58395024542722,7.4893766549190692,False,True,0.01019344220292491
raw_uncertainty,9,103,306.89618977600406,80.335558091936946,7.4655297337677702,False,True,0.028015395774700289
raw_uncertainty,9,104,307.0282271871132,89.591551758167839,7.3061103105648399,False,True,0.018327110264002303
raw_uncertainty,9,105,307.05336789380283,82.567049272246322,7.3236732685038692,False,True,0.021335094490330397
raw_uncertainty,9,106,307.51581991186356,1693.4818873151733,5.023848588686767,False,False,0
raw_uncertainty,9,107,307.52422434991792,1707.6710279013164,5.0019540586815312,False,False,0
raw_uncertainty,9,108,307.52935701533914,1673.1558068808708,4.9923945382666099,False,False,0
raw_uncertainty,9,109,307.68266046235942,1629.223502774596,5.088956800951161,False,False,0
raw_uncertainty,9,110,307.55112977198087,1656.8819085482733,4.9122596070408076,False,False,0
raw_uncertainty,9,111,307.56526654029852,1646.8787700750463,4.9096569136393224,False,False,0
raw_uncertainty,9,112,307.68643700545533,1641.3033850093368,4.9305991721605249,False,False,0
raw_uncertainty,9,113,307.58120173246209,1571.2311911033812,4.9172989336610131,False,False,0
raw_uncertainty,9,114,307.6547859654267,1606.8294922677587,4.8529889366671046,False,False,0
raw_uncertainty,9,115,307.61224115597071,1585.753794687047,4.772065213726691,False,False,0
raw_uncertainty,9,116,307.75079889345602,1545.7820255826134,4.7102979798089306,False,False,0
raw_uncertainty,9,117,307.7946587160406,1546.4149336834976,4.6982820815687187,False,False,0
raw_uncertainty,9,118,307.56072397870855,1447.9600709524589,4.789978860772603,False,False,0
raw_uncertainty,9,119,307.86820330637721,1484.6225445586442,4.6817425814168878,False,False,0
raw_uncertainty,9,120,307.5688684474826,1404.0496620632821,4.8260230708490361,False,False,0
raw_uncertainty,9,121,308.05678547852051,1507.4331261083621,4.4657852194198409,False,False,0
raw_uncertainty,9,122,308.14340715511042,1455.2322761755943,4.4957514879364835,False,False,0
raw_uncertainty,9,123,307.69274167434577,1343.4738330098021,4.7177981430401017,False,False,0
raw_uncertainty,9,124,307.87053405821189,1088.5972219547184,4.9314800082455612,False,False,0
raw_uncertainty,9,125,308.1837271061213,1390.7914814710994,4.2012382032319602,False,False,0
raw_uncertainty,9,126,307.85969541221681,1031.812994864074,4.9833882166129744,False,False,0
raw_uncertainty,9,127,308.06725272910967,1340.7245349032055,4.2007766954603287,False,False,0
raw_uncertainty,9,128,307.90312234649792,923.06217234573637,4.9259622629949948,False,False,0
raw_uncertainty,9,129,307.90633585573568,930.38906952304137,4.7708708843443874,False,False,0
raw_uncertainty,9,130,307.96484347978861,878.50859483866839,4.9479974186145883,False,False,0
raw_uncertainty,9,131,307.70101180114835,1090.9035228911628,4.50625350464062,False,False,0
raw_uncertainty,9,132,308.01337605072251,857.85772411057076,4.7985166181836316,False,False,0
raw_uncertainty,9,133,307.97782230732668,884.28828282414645,4.5683079312943722,False,False,0
raw_uncertainty,9,134,308.27951600696969,1377.3971794657689,3.9462912885805634,False,False,0
raw_uncertainty,9,135,308.15293372472178,732.02588635283632,4.842079461282661,False,False,0
raw_uncertainty,9,136,308.45570606414907,1288.9865460667893,3.8265232252027741,False,False,0
raw_uncertainty,9,137,307.80147491312732,1072.3985828920131,4.3013021581610555,False,False,0
raw_uncertainty,9,138,307.80714570501493,1058.8104327273586,4.2860158965766884,False,False,0
raw_uncertainty,9,139,308.245854501606,647.55962634868808,4.9366310736168524,False,False,0
raw_uncertainty,9,140,307.8326453592303,1030.9409776407722,4.2771190987194165,False,False,0
raw_uncertainty,9,141,308.03807458725771,947.48989545718041,4.2945346282005401,False,False,0
raw_uncertainty,9,142,308.02667190262531,940.95265403422604,4.2609005881634898,False,False,0
raw_uncertainty,9,143,308.42878577472237,588.17878696283867,4.5142559824662358,False,False,0
raw_uncertainty,9,144,308.46123510794263,571.43964804162022,4.5045315193612812,False,False,0
raw_uncertainty,9,145,308.16943005140428,848.72094080817624,4.1533442223110733,False,False,0
raw_uncertainty,9,146,308.26080257543265,1144.21234048975,3.9377364315937728,False,False,0
raw_uncertainty,9,147,308.40218072510112,682.2374905513575,4.3436771397033285,False,False,0
raw_uncertainty,9,148,308.24211172819241,795.47604263553819,4.1442118087797013,False,False,0
raw_uncertainty,9,149,308.42974206013804,1101.8944296231014,3.9223748125371505,False,False,0
raw_uncertainty,9,150,308.33189137475381,735.37757385418706,4.0554710544487342,False,False,0
raw_uncertainty,9,151,308.52266689005796,633.12883857729798,4.2799269226685084,False,False,0
raw_uncertainty,9,152,308.73672565177611,1198.6730135645034,3.5237839969128273,False,False,0
raw_uncertainty,9,153,308.44258612383254,1079.3737897246615,3.7433767585222384,False,False,0
raw_uncertainty,9,154,308.21190116842314,888.97572857089335,3.877859179394854,False,False,0
raw_uncertainty,9,155,308.44763228674702,778.16622111485037,3.9578684979155434,False,False,0
raw_uncertainty,9,156,308.70018118420177,1189.368611246718,3.5118202129765161,False,False,0
raw_uncertainty,9,157,308.5243478398387,811.04937996440253,3.9810036472756138,False,False,0
raw_uncertainty,9,158,308.40425799381779,821.68384185507955,3.8504711003766956,False,False,0
raw_uncertainty,9,159,308.53068091554712,737.26984464520467,3.8147634216445798,False,False,0
raw_uncertainty,9,160,308.50730757014691,761.49422920001109,3.7973874791290174,False,False,0
raw_uncertainty,9,161,308.56214992475168,713.27744699243976,3.8217778385705463,False,False,0
raw_uncertainty,9,162,308.76303956307959,443.49541737259307,4.0703243967553879,False,False,0
raw_uncertainty,9,163,308.68169532115354,614.96391159446148,3.8790475633180463,False,False,0
raw_uncertainty,9,164,308.93557906157724,1145.2963982012179,3.3649362430748604,False,False,0
raw_uncertainty,9,165,308.62462161466362,687.4689820669231,3.760381427890739,False,False,0
raw_uncertainty,9,166,308.74114828077694,647.46938773954525,3.8341170296405194,False,False,0
raw_uncertainty,9,167,308.92144843522283,1072.6515136815674,3.4979129970317082,False,False,0
raw_uncertainty,9,168,308.81670536208685,627.13869170639987,3.7002756299671091,False,False,0
raw_uncertainty,9,169,308.83797351175525,1006.1074036626158,3.3874810553193186,False,False,0
raw_uncertainty,9,170,308.84382214863962,576.06357989163098,3.8090741927369622,False,False,0
raw_uncertainty,9,171,308.83472000545532,1018.4069479156517,3.3702510671304537,False,False,0
raw_uncertainty,9,172,308.87953833447688,469.93993148032609,3.6970308517323103,False,False,0
raw_uncertainty,9,173,308.8541650445211,985.6094908727539,3.3968249890953661,False,False,0
raw_uncertainty,9,174,308.84528759927099,415.5995508756551,3.6455058982689956,False,False,0
raw_uncertainty,9,175,308.8466417469192,414.930337342646,3.6448744808261524,False,False,0
raw_uncertainty,9,176,308.85325302408273,976.53754043119511,3.3418503838899465,False,False,0
raw_uncertainty,9,177,308.86000205272364,391.38534501557046,3.6384537981377774,False,False,0
raw_uncertainty,9,178,308.8946451301947,637.73939547158079,3.4402292211622356,False,False,0
raw_uncertainty,9,179,308.99811152265227,531.38102883795602,3.3700568111405,False,False,0
raw_uncertainty,9,180,309.13827084183083,472.23907997696108,3.0884348871407994,False,False,0
raw_uncertainty,9,181,309.06008507618361,417.1618095416452,2.99432327312776,False,False,0
raw_uncertainty,9,182,309.09542482966356,386.26753334724111,3.037457463099587,False,False,0
raw_uncertainty,9,183,309.37362661509792,376.51193392716431,2.8795848129123929,False,False,0
raw_uncertainty,9,184,309.50177335880755,339.08159655824755,2.8007231093070697,False,False,0
raw_uncertainty,9,185,309.5841533217536,323.17186299552031,2.7818126364765843,False,False,0
raw_uncertainty,9,186,309.44469771581106,357.28400060586813,2.3769202519535537,False,False,0
raw_uncertainty,9,187,309.44469771581106,357.2840006058683,2.3769202519535568,False,False,0
raw_uncertainty,9,188,309.4149361666332,337.83558488820853,2.3874750638548621,False,False,0
raw_uncertainty,9,189,309.48214663512834,312.08804024526927,3.3543105447014914,False,False,0
raw_uncertainty,9,190,309.78418958604647,306.20569150511068,2.2971809317242133,False,False,0
raw_uncertainty,9,191,309.08677740173118,183.72948012882426,4.5920400947814564,False,False,0
raw_uncertainty,9,192,309.99417825478247,269.22431028040546,2.3670187178536644,False,False,0
raw_uncertainty,9,193,310.08869848809127,240.28374137345463,2.3803392649741459,False,False,0
raw_uncertainty,9,194,310.13555606836593,231.95926097797661,2.3964446676822075,False,False,0
raw_uncertainty,9,195,310.10322408837868,249.87879936616957,2.1399965035962878,False,False,0
raw_uncertainty,9,196,309.74473908534208,153.69973044615881,3.1401749440628128,False,False,0
raw_uncertainty,9,197,310.21559098739135,207.635284310656,2.3393000350269153,False,False,0
raw_uncertainty,9,198,309.89228809715752,154.64029739959255,2.7485272151981874,False,False,0
raw_uncertainty,9,199,309.92706229731539,140.0628395253857,3.6928997638048164,False,False,0
raw_uncertainty,9,200,310.06559218314783,116.74298098226404,3.3173233546560543,False,False,0
raw_uncertainty,9,201,309.99939721136298,117.75512262065035,2.7826065063193557,False,False,0
raw_uncertainty,9,202,310.24091432986842,121.33051811219434,2.6604441925135487,False,False,0
raw_uncertainty,9,203,310.30105589231511,124.01346146302831,2.6558886756378066,False,False,0
raw_uncertainty,9,204,310.52056613163506,144.46461019509138,2.5207192585140268,False,False,0
raw_uncertainty,9,205,310.70006527186291,160.31316765697761,2.3033629803231053,False,False,0
raw_uncertainty,9,206,310.19016568852118,87.233211126651895,2.5783285489821006,False,False,0
raw_uncertainty,9,207,310.45918510536887,106.6505997292312,2.4895580230005692,False,False,0
raw_uncertainty,9,208,310.7280905899305,188.17444866177169,1.8052020148253956,False,False,0
raw_uncertainty,9,209,310.39314196884476,78.199448391355418,2.5229143627606074,False,False,0
raw_uncertainty,9,210,310.51427722951655,77.231517147137311,2.5117562437611487,False,False,0
raw_uncertainty,9,211,310.96568993783325,182.30982106665539,1.7325334245957507,False,False,0
raw_uncertainty,9,212,310.15651148937553,5.6299716290511697,5.7843851814619605,False,True,0.032529893405065916
raw_uncertainty,9,213,310.89380221544229,130.71892216808124,2.0777371162704847,False,False,0
raw_uncertainty,9,214,311.10999451285915,169.25745872462926,1.7187607939360889,False,False,0
raw_uncertainty,9,215,311.12012720317142,157.29964397406923,1.6210717469818867,False,False,0
raw_uncertainty,9,216,311.1872392544168,149.5051998063534,1.7559379114977682,False,False,0
raw_uncertainty,9,217,311.23610458924037,149.13292748852996,1.6234463604555494,False,False,0
raw_uncertainty,9,218,310.92972602661717,72.960046476094476,2.5699207271932898,False,False,0
raw_uncertainty,9,219,311.24840239927028,142.45181544482114,1.900331416415094,False,False,0
raw_uncertainty,9,220,311.44155190637144,141.64738643189082,1.9612464300775025,False,False,0
raw_uncertainty,9,221,311.43873779872735,145.20125162151294,1.8845702009249443,False,False,0
raw_uncertainty,9,222,311.18588425089706,49.225409045909146,4.7313547294082605,False,True,0.0052005852999772659
raw_uncertainty,9,223,311.07665576930987,61.657864698104618,2.4382063656460975,False,False,0
raw_uncertainty,9,224,311.28222913145163,95.954220223858556,1.7367579720888839,False,False,0
raw_uncertainty,9,225,311.72426591388273,117.65262797364005,1.5680844154739031,False,False,0
raw_uncertainty,9,226,311.52672147681386,102.59927816007928,1.7704857457272567,False,False,0
raw_uncertainty,9,227,311.56245925105793,100.73204830313864,1.7528821400060188,False,False,0
raw_uncertainty,9,228,311.78554615461337,90.602258712163348,1.6278401543609107,False,False,0
raw_uncertainty,9,229,311.97830293488539,90.916694815720803,1.5816927091191753,False,False,0
raw_uncertainty,9,230,311.94875677543325,85.082400693195154,1.3946577420466948,False,False,0
raw_uncertainty,9,231,311.72312712358234,24.410624035917863,4.708327122264425,False,True,0.013179999946334642
raw_uncertainty,9,232,311.35421810286215,-7.5367834149006967,4.6674570260768542,True,True,0.02825081146649069
raw_uncertainty,9,233,312.03296591243338,79.787046831506245,1.4508048237131277,False,False,0
raw_uncertainty,9,234,312.48425640953445,73.132350885864639,1.4780100019452247,False,False,0
raw_uncertainty,9,235,312.55536337287305,67.499223753601655,1.4841490634654209,False,False,0
raw_uncertainty,9,236,312.63927929443639,67.682127043241508,1.5163621374535419,False,False,0
raw_uncertainty,9,237,312.63955795147223,70.018636760967979,1.5935453195227796,False,False,0
raw_uncertainty,9,238,312.68718278479304,68.232886489848624,1.6154300518173894,False,False,0
raw_uncertainty,9,239,312.72993257465686,63.735620151057219,1.4705453606483871,False,False,0
raw_uncertainty,9,240,312.74941774334906,43.57672789124058,0.88775703437514153,False,False,0
raw_uncertainty,9,241,312.64554904630467,44.464210032553979,0.80430952147175017,False,False,0
raw_uncertainty,9,242,312.73953499320527,48.398878143427964,0.78922092459916993,False,False,0
raw_uncertainty,9,243,312.80551963695206,37.705914029816881,0.70482021695329156,False,False,0
raw_uncertainty,9,244,312.85199909927655,28.896660911850745,0.63133472437272786,False,False,0
raw_uncertainty,9,245,312.85591796969169,26.154808765435519,0.6154188182667939,False,False,0
raw_uncertainty,9,246,312.81167248853899,24.575461764172928,0.66455789699239709,False,False,0
raw_uncertainty,9,247,312.94342833361429,26.493341917496423,0.55834477498122848,False,False,0
raw_uncertainty,9,248,312.94747740825653,20.811151872377764,0.53369581735324356,False,False,0
raw_uncertainty,9,249,312.95149205730627,21.69694182702176,0.53685277530727138,False,False,0
raw_uncertainty,9,250,312.86245020206798,11.79073002817961,0.68303623473482222,False,False,0
raw_uncertainty,9,251,313.05601775352505,12.456624191271317,0.5653049094608642,False,False,0
raw_uncertainty,9,252,313.16943580724404,13.405242667202401,0.61764184249462151,False,False,0
raw_uncertainty,9,253,314.0293263338458,12.962142826289892,3.001401960470846,False,True,0.0016400344569602009
raw_uncertainty,9,254,314.17307064728402,12.185549204912036,3.3382141548153528,False,True,0.0044273655777464643
raw_uncertainty,9,255,314.17703277547639,11.832167497488058,3.3585245155205672,False,True,0.0047561225235021841
cfsc,0,0,302.24074471934853,1358.4099479647084,8.3398106142736026,False,False,0
cfsc,0,1,302.20967278069872,1298.8119268971682,8.2673101327858998,False,False,0
cfsc,0,2,302.24837155943965,1303.5950572500619,8.1947447205410668,False,False,0
cfsc,0,3,302.26358457546229,1302.1416527487099,8.1883837458446553,False,False,0
cfsc,0,4,302.25531195735397,1256.7845429405475,8.214645646192114,False,False,0
cfsc,0,5,302.26365235437834,1232.5997039109516,8.12936157761626,False,False,0
cfsc,0,6,302.26365235437828,1232.5997039109523,8.1293615776162618,False,False,0
cfsc,0,7,302.26230305908399,1228.0367335547289,8.245745857652901,False,False,0
cfsc,0,8,302.28234807382546,1175.2736389151501,8.1780518629479353,False,False,0
cfsc,0,9,302.34669691087976,1167.7027885311686,8.0391619359450601,False,False,0
cfsc,0,10,302.37640260281495,1159.3158630105554,8.0164799218316993,False,False,0
cfsc,0,11,302.38590593931366,1152.3240523146537,8.0820379539215814,False,False,0
cfsc,0,12,302.29740982776792,1119.5023338334909,8.0868981452609319,False,False,0
cfsc,0,13,302.26917064119903,1120.3097545662449,8.0543622375176174,False,False,0
cfsc,0,14,302.40260431034113,1109.5652209035889,7.9751002017541648,False,False,0
cfsc,0,15,302.31805023411056,1075.9136431767174,7.9524549858862965,False,False,0
cfsc,0,16,302.36437986928451,1016.0725691982209,7.9084377198383562,False,False,0
cfsc,0,17,302.43969600229013,1041.6171784751505,7.6483866525755095,False,False,0
cfsc,0,18,302.736306357861,1024.9894860205395,7.6641983611664877,False,False,0
cfsc,0,19,302.72560023503115,872.45368969422429,7.5786230786259585,False,False,0
cfsc,0,20,302.77883611393509,853.52453267433657,7.708987921751838,False,False,0
cfsc,0,21,302.60445000581268,825.25401575770707,7.4182217472631971,False,False,0
cfsc,0,22,302.92475024389029,955.27186041917957,7.5305451012545497,False,False,0
cfsc,0,23,302.96693418126705,765.99342237560461,7.3685771282284502,False,False,0
cfsc,0,24,303.01933798338138,739.23876067054198,7.2007049578851525,False,False,0
cfsc,0,25,303.05406820104156,722.41470763248378,7.0749955520412477,False,False,0
cfsc,0,26,303.10297164091054,684.33343989701837,6.9348770745245005,False,False,0
cfsc,0,27,303.49190137245222,739.81774416570056,7.5397129273313395,False,False,0
cfsc,0,28,303.6915524133002,719.5067910874194,7.5410437824487024,False,False,0
cfsc,0,29,303.17763640554398,630.79519303228994,6.7448595984115567,False,False,0
cfsc,0,30,303.57168190811075,642.06154965365192,7.1829808835940669,False,False,0
cfsc,0,31,303.63630998278342,618.16029213665252,7.1948865953095904,False,False,0
cfsc,0,32,303.36276357692418,613.5896683268536,6.7118143545284843,False,False,0
cfsc,0,33,303.36276357692418,613.58966832685326,6.7118143545284843,False,False,0
cfsc,0,34,303.49073586182158,620.60626927505871,6.8242803981721245,False,False,0
cfsc,0,35,302.9243173294725,425.1509164439683,7.1393200246269801,False,False,0
cfsc,0,36,302.92826590955502,412.21009221183954,7.1302353821947477,False,False,0
cfsc,0,37,302.91468518616381,375.56269918912972,6.9467622690781319,False,False,0
cfsc,0,38,302.92131402645941,391.16561590404513,7.163555879866518,False,True,0.0054227711831856679
cfsc,0,39,302.94222845159402,353.58959734120049,6.9655323040731307,False,True,0.0017305664053529901
cfsc,0,40,302.93172905232865,354.03868821058819,6.9662193566443369,False,True,0.0023043965995939303
cfsc,0,41,303.03601578464912,359.07615607882394,6.938932681180269,False,False,0
cfsc,0,42,303.20505336581658,336.96651397512039,6.837252391247719,False,False,0
cfsc,0,43,303.18401449118693,360.28967867047731,6.6137112200709467,False,False,0
cfsc,0,44,303.08100407024148,326.38744844240153,6.6895642543054858,False,False,0
cfsc,0,45,303.0678699722618,338.48261081281584,6.7692578043257736,False,False,0
cfsc,0,46,303.0433872240892,335.11844298478786,6.9217887620941081,False,False,0
cfsc,0,47,302.99595909778191,334.92421715356221,6.9886156511334816,False,True,0.002775010169183606
cfsc,0,48,303.37043294303612,329.7297056271247,6.7503026466951273,False,False,0
cfsc,0,49,303.14649686926373,351.76270956850817,6.5216243983803865,False,False,0
cfsc,0,50,303.60827637122168,325.73812610633246,6.8498985393891711,False,False,0
cfsc,0,51,303.42036773679314,285.78053389798424,6.4580446907731934,False,False,0
cfsc,0,52,303.11260233879972,293.83379111142176,7.2060519319043674,False,True,0.014798162472067083
cfsc,0,53,303.44378652700925,291.12590562524383,6.8109805506537882,False,False,0
cfsc,0,54,303.44515690739286,290.89227704777142,6.7146709549188159,False,False,0
cfsc,0,55,303.10067726693796,283.14952239744048,7.042683719112059,False,True,0.011143982464586283
cfsc,0,56,303.37940575535561,291.02699345282173,6.6682641802404783,False,False,0
cfsc,0,57,303.39440227476678,277.9135634957164,7.2586584777058096,False,True,0.0077270802747673078
cfsc,0,58,303.49035834014529,271.87423211891115,6.9424537936759041,False,True,0.00011363382570152292
cfsc,0,59,303.68031868980097,307.15194286989572,6.3634667041731676,False,False,0
cfsc,0,60,303.60892032786626,278.04330415791213,6.7844017736232045,False,False,0
cfsc,0,61,303.32713321340015,271.82111175823599,6.7855726590705903,False,False,0
cfsc,0,62,303.36008911424943,275.97216949152369,7.0516988722042173,False,True,0.0039734999179054098
cfsc,0,63,302.83347515872299,285.22839239243928,6.675272483675637,False,True,0.0084787443305068266
cfsc,0,64,303.80703713727002,251.08416598480494,7.0364290308119255,False,True,0.0047420012454051641
cfsc,0,65,303.87166333164447,247.74857441239487,6.5783606908808085,False,False,0
cfsc,0,66,304.01008759947638,293.85971286654905,6.8174218580191557,False,False,0
cfsc,0,67,303.84334562718078,292.71622393583334,6.1402776419509379,False,False,0
cfsc,0,68,304.04587586766547,278.97788264487394,7.0698824964890488,False,False,0
cfsc,0,69,303.30745199634305,265.42500980779869,6.7745278564857445,False,True,0.0022379342358467558
cfsc,0,70,302.77917577315662,277.88365959867792,6.4120954814741964,False,True,0.0018772156989554645
cfsc,0,71,304.15531015271472,254.68938191128694,7.1139661399827094,False,False,0
cfsc,0,72,303.98069543327421,227.22879893221608,6.1690091675120424,False,False,0
cfsc,0,73,303.70761228205163,242.85716988057072,6.4184541332818501,False,False,0
cfsc,0,74,302.90085533000126,283.12045824794933,6.514349427213741,False,False,0
cfsc,0,75,303.97300184121337,217.18018659389236,6.3746482264880626,False,True,0.00032531211220124256
cfsc,0,76,304.03249132851317,184.02906466885418,6.2876394672609228,False,True,0.010589919145695209
cfsc,0,77,304.17900987484148,196.45261646592257,6.181528826654036,False,True,0.00057770678378470108
cfsc,0,78,304.02358353024482,190.09045179765099,6.1933363142041697,False,True,0.0061686671258120579
cfsc,0,79,304.35977404621411,198.97227932870067,6.1825605612588301,False,False,0
cfsc,0,80,304.04876336655173,176.13314198647851,6.2677474348961004,False,True,0.013016217605804278
cfsc,0,81,304.4216469494624,194.68945694435797,6.1403033464148429,False,False,0
cfsc,0,82,304.12998206102702,172.95525170344177,6.1945787609918463,False,True,0.011178966275919355
cfsc,0,83,304.284660952823,153.3617262699475,6.1680145437237464,False,True,0.015682781243658322
cfsc,0,84,304.77561328274544,195.10311948019955,6.2623139080117616,False,False,0
cfsc,0,85,304.76333431230023,192.25955727158367,6.2361826083089911,False,False,0
cfsc,0,86,304.5768187910316,155.09478075287223,6.2258060724892088,False,True,0.011098799003934831
cfsc,0,87,304.89914020737388,178.87792609136193,6.2695869975186689,False,False,0
cfsc,0,88,304.63620960688019,168.92622834910065,6.2608459291791752,False,True,0.0052873494763701206
cfsc,0,89,304.92054956277349,156.69213927617187,6.2211586881846852,False,True,0.0042289514274655854
cfsc,0,90,304.90018426479782,168.61559424610829,6.388015068030688,False,True,0.0036052799875085639
cfsc,0,91,304.90239718646734,172.29979162876742,6.3634518567687,False,True,0.0015279170700199102
cfsc,0,92,305.07762523823158,170.91788798829634,6.517596663663209,False,True,0.0024708633752001108
cfsc,0,93,305.10717637596082,140.28518978048976,6.3406729801814787,False,True,0.010210739651133199
cfsc,0,94,305.2270873269556,147.92453374229842,6.4662452780140196,False,True,0.0078677739473234642
cfsc,0,95,307.30992300761181,2060.0190955957187,6.3979005604906334,False,False,0
cfsc,0,96,305.19478124581389,128.35507912616413,6.3269370744684439,False,True,0.013642152053468758
cfsc,0,97,305.41721376204043,166.87921250883898,6.754072378828277,False,True,0.0034269089739060593
cfsc,0,98,305.49509709566632,164.55193588870668,6.7755385801674661,False,True,0.0034623839525740746
cfsc,0,99,307.342823688392,2046.6315124059147,6.4029787862844598,False,False,0
cfsc,0,100,307.37179915637165,1975.9632740148609,6.5221202050012312,False,False,0
cfsc,0,101,307.41137979044623,1897.3531195913108,6.5909362651941947,False,False,0
cfsc,0,102,307.42281186780514,1863.2238973963094,6.6246339583619465,False,False,0
cfsc,0,103,307.42811169537492,1793.4567751103821,6.7563431659018756,False,False,0
cfsc,0,104,307.4444717762388,1739.558653020164,6.7695349295128517,False,False,0
cfsc,0,105,307.48889742002189,1849.4884630896915,6.6267388189122105,False,False,0
cfsc,0,106,307.4616206246323,1686.8359508598317,6.8198462233173567,False,False,0
cfsc,0,107,307.53565081008588,1842.1767094358895,6.6433722076518569,False,False,0
cfsc,0,108,307.49148313307251,1621.4203402204971,6.8998004304491811,False,False,0
cfsc,0,109,307.46729854601307,1600.8485992290537,6.96691507653793,False,False,0
cfsc,0,110,307.48724645999664,1592.7559369581822,6.9453023107485778,False,False,0
cfsc,0,111,307.49729159524293,1562.5136867652848,6.9647377766738003,False,False,0
cfsc,0,112,307.5792145365794,1570.5376577965544,6.8597695520558721,False,False,0
cfsc,0,113,307.58883614281302,1625.6909746166375,6.7970594274745615,False,False,0
cfsc,0,114,307.63938331347094,1680.2030244939365,6.7207093194768426,False,False,0
cfsc,0,115,307.87204064244474,2063.7414521198198,5.9752820370466271,False,False,0
cfsc,0,116,307.8602494786337,2041.6009294674086,6.0056791355814685,False,False,0
cfsc,0,117,307.86617996855853,2025.7106084073969,6.0083820206381287,False,False,0
cfsc,0,118,307.86731122172324,2039.2574608055215,5.9983432497912617,False,False,0
cfsc,0,119,307.86771744365404,2017.8320673939227,6.0123822966920564,False,False,0
cfsc,0,120,307.88160770839733,2005.5562508725691,6.0039643647310479,False,False,0
cfsc,0,121,307.61350919277368,1303.2485934123099,7.0396878353762213,False,False,0
cfsc,0,122,307.87128071178364,1989.9353990305426,6.0286402773466854,False,False,0
cfsc,0,123,307.8690730974306,1989.6561673258357,6.0386137149741748,False,False,0
cfsc,0,124,307.89924067353724,2000.3210329638689,6.0131185416365147,False,False,0
cfsc,0,125,307.89406495698671,1984.3000273376467,6.0341960446762508,False,False,0
cfsc,0,126,307.82891079373843,1986.7090505586239,6.1013419692225783,False,False,0
cfsc,0,127,307.89564623580378,1951.3009985479546,6.0552245978731527,False,False,0
cfsc,0,128,307.90264784657575,2048.3379010389381,5.9613112782233442,False,False,0
cfsc,0,129,307.83823638683407,1922.6352792044904,6.1410444253108256,False,False,0
cfsc,0,130,308.0246618390488,1566.9532346200783,6.7769246635754987,False,False,0
cfsc,0,131,307.95082545249289,1359.7341471022892,6.9208258732149508,False,False,0
cfsc,0,132,307.90960679803084,1857.6916624396538,6.1144920229486228,False,False,0
cfsc,0,133,306.82091405838077,129.28486095484084,7.4543732226390578,False,True,0.0094562147129331198
cfsc,0,134,307.91585707789818,1819.0377386153034,6.1397930279772783,False,False,0
cfsc,0,135,307.03235638471153,144.42484822869346,7.4651448773293581,False,False,0
cfsc,0,136,307.92158366370643,1786.1447173439574,6.161719632825962,False,False,0
cfsc,0,137,306.89186442808506,131.08950010921353,7.4126845468437192,False,True,0.0065188682628023326
cfsc,0,138,307.9508023973296,1929.885552525295,6.0186395637584091,False,False,0
cfsc,0,139,307.1386658041236,139.52472874511136,7.4326556482429842,False,True,0.00025120945002186923
cfsc,0,140,307.92998478454831,1737.0124598092789,6.1944902718222838,False,False,0
cfsc,0,141,307.95524735474942,1781.5798975848556,6.1245940750130723,False,False,0
cfsc,0,142,307.97106681932269,1900.5915753293941,6.0180374661051559,False,False,0
cfsc,0,143,307.90304990929366,1677.2133149826088,6.2588141671787874,False,False,0
cfsc,0,144,307.92542305545828,1660.5500293840928,6.2399691094812448,False,False,0
cfsc,0,145,307.92450794394529,1627.3126461971985,6.2736584567305886,False,False,0
cfsc,0,146,307.97131190129352,1717.6167531867427,6.1451761550991577,False,False,0
cfsc,0,147,307.22943680359145,116.79094486491226,7.2964697454963998,False,True,0.0061862538118353447
cfsc,0,148,307.96428408516226,1530.4119562193998,6.3093205847021503,False,False,0
cfsc,0,149,307.77262683249654,112.68531570162656,7.1767508872516323,False,True,0.0056186821139916215
cfsc,0,150,308.00429371557289,1702.374895681771,6.1728736627986232,False,False,0
cfsc,0,151,308.01567135308119,1779.4089368136201,6.0718493504318953,False,False,0
cfsc,0,152,307.93668373559137,1403.8603623545018,6.4681904937439496,False,False,0
cfsc,0,153,307.95235639900363,1400.9024996725016,6.4469352219964557,False,False,0
cfsc,0,154,308.04064404060978,1526.3333984470132,6.3792737469626575,False,False,0
cfsc,0,155,308.01794388834509,1354.0704516807787,6.4996363792404921,False,False,0
cfsc,0,156,308.02212066058354,1351.5376696030382,6.4018039393999739,False,False,0
cfsc,0,157,308.07767542105353,1591.7173756398397,6.2202640552963757,False,False,0
cfsc,0,158,308.09124387093027,1522.7663912541811,6.265361940692987,False,False,0
cfsc,0,159,307.85956829390102,117.95504855526258,7.2385144701269972,False,True,0.0040508203356485334
cfsc,0,160,307.86370343768351,117.18037356356331,7.2341681529216917,False,True,0.0042924077058238315
cfsc,0,161,308.09719317819304,1513.3985643922056,6.2052188107379243,False,False,0
cfsc,0,162,308.10445948056002,1608.0388011876043,6.1156043291961266,False,False,0
cfsc,0,163,308.08535421615437,1486.4596506570933,6.2082967661179129,False,False,0
cfsc,0,164,308.14335713828041,1251.4234313238671,6.5632455953943794,False,False,0
cfsc,0,165,308.28124083476564,566.61044425153091,7.1412471951271232,False,False,0
cfsc,0,166,307.93637748145534,99.42245610776763,7.1674445025458526,False,True,0.010913978797451953
cfsc,0,167,308.10575423569873,777.25894900411629,6.8000650630026049,False,False,0
cfsc,0,168,308.16348286235137,1454.5886566322361,6.194788128219745,False,False,0
cfsc,0,169,308.16842172704543,1483.6044576755075,6.1513790128632095,False,False,0
cfsc,0,170,308.12210162281923,732.29447662113989,6.7859852200884934,False,False,0
cfsc,0,171,308.27609286579667,1286.6614894571167,6.5674682347110345,False,False,0
cfsc,0,172,308.18437313230282,1507.2560117427513,6.0989470633519147,False,False,0
cfsc,0,173,308.20211227994429,717.47114116582372,6.6642855775869032,False,False,0
cfsc,0,174,308.23473552082379,1325.9140764144427,6.2241802877777888,False,False,0
cfsc,0,175,308.25374737486788,761.76172625005063,6.7060863318565866,False,False,0
cfsc,0,176,308.22663260611836,1445.871967513438,6.0886764720131481,False,False,0
cfsc,0,177,308.25642403409165,1402.351682005863,6.123699982381285,False,False,0
cfsc,0,178,308.29767823114202,1319.8486674730534,6.2177418136329798,False,False,0
cfsc,0,179,308.26993232428686,1352.8228163762531,6.1422955850568286,False,False,0
cfsc,0,180,308.32621919519505,1298.3432498174661,6.181423740313706,False,False,0
cfsc,0,181,308.29860335795075,661.62953420947781,6.5851929212258735,False,False,0
cfsc,0,182,309.01414160791273,1252.7373195767968,4.78258373179888,False,False,0
cfsc,0,183,308.37052385762826,665.7177459040023,6.6395377982972548,False,False,0
cfsc,0,184,309.03949568680423,1231.051741632928,4.7837053897138553,False,False,0
cfsc,0,185,308.71068493694531,1175.9919307711557,5.4560654693852957,False,False,0
cfsc,0,186,309.01812960112829,1200.922616174747,4.8229003247093836,False,False,0
cfsc,0,187,308.70837384228815,1147.9202048942027,5.4738352382611835,False,False,0
cfsc,0,188,309.06297591719959,1246.2139797531745,4.6954289630555195,False,False,0
cfsc,0,189,309.05899056196699,1246.0824974720499,4.6884711401786658,False,False,0
cfsc,0,190,308.46857948388578,889.84669983145159,6.2938836682708814,False,False,0
cfsc,0,191,309.00490292365549,1170.6244822875697,4.7872718733789235,False,False,0
cfsc,0,192,309.06245184603193,1065.624075032533,4.9496791626723606,False,False,0
cfsc,0,193,309.06815784009439,1042.1712317781241,4.9652990655332125,False,False,0
cfsc,0,194,309.05103236704605,984.02379401790313,4.9892343006184978,False,False,0
cfsc,0,195,309.13020444713152,1080.7251663456072,4.8697758062006598,False,False,0
cfsc,0,196,309.09344156054834,967.13775219802801,4.9888752603172497,False,False,0
cfsc,0,197,309.17584852909755,1268.3631623899505,4.5477057626752524,False,False,0
cfsc,0,198,309.10327202544528,881.07142889497527,5.0503898114338934,False,False,0
cfsc,0,199,309.10795604875545,865.98293157784303,5.0600364629433345,False,False,0
cfsc,0,200,309.19036040633671,1051.982404851776,4.7713486043698721,False,False,0
cfsc,0,201,309.11586791142139,840.93731383810609,5.07485398416698,False,False,0
cfsc,0,202,309.12121483612367,824.28289151039758,5.0838942997335117,False,False,0
cfsc,0,203,309.1283808932875,815.85586343097737,5.0866632633347955,False,False,0
cfsc,0,204,309.26388995748903,1030.207329310887,4.8255808700910379,False,False,0
cfsc,0,205,309.23521045176091,949.04698376618489,4.9049721041852052,False,False,0
cfsc,0,206,308.72437247280334,596.99429466392223,6.2804685370220996,False,False,0
cfsc,0,207,309.10896094660905,805.14971757426736,5.0445330082130564,False,False,0
cfsc,0,208,309.13984303071112,772.88945305751452,5.1419946485132524,False,False,0
cfsc,0,209,308.42754493681906,809.77376553459862,5.7577728795833121,False,False,0
cfsc,0,210,308.71342064044842,689.21059021451777,6.0042741525281143,False,False,0
cfsc,0,211,308.72156618532063,620.17778940079927,6.0790599352950467,False,False,0
cfsc,0,212,308.68537740483487,471.40779421727154,6.2332841402099488,False,False,0
cfsc,0,213,309.27368968688245,916.22001539195458,4.8632102532376713,False,False,0
cfsc,0,214,308.65670813757669,421.75043739074266,6.2878071753508671,False,False,0
cfsc,0,215,308.79273102583193,587.98113577174945,6.183456202685969,False,False,0
cfsc,0,216,308.84117529600917,599.29950444013207,6.0991642756745428,False,False,0
cfsc,0,217,308.62703682089978,363.53503194836213,6.2665407878601007,False,False,0
cfsc,0,218,308.68785192069612,577.45963204337522,5.5770336964747935,False,False,0
cfsc,0,219,308.94582769600072,1228.7008400502004,3.5835520870330586,False,False,0
cfsc,0,220,308.95791396175775,497.928254917826,5.0158668674832771,False,False,0
cfsc,0,221,309.25460259612197,624.86691573457767,5.0895863739374976,False,False,0
cfsc,0,222,309.00854906971972,1087.9514907748087,3.7902430425983988,False,False,0
cfsc,0,223,309.0260197361975,1168.2736536486327,3.5900025787020478,False,False,0
cfsc,0,224,308.95829107577856,951.86167137865255,4.0978091032373261,False,False,0
cfsc,0,225,309.46174766039246,980.32227747230286,4.652978802030268,False,False,0
cfsc,0,226,309.35978169410834,891.78877765711127,4.6498901533464387,False,False,0
cfsc,0,227,309.32773625708512,886.6383185155878,4.0460388404494196,False,False,0
cfsc,0,228,309.21646591889117,1081.9051681549618,3.5611604516133673,False,False,0
cfsc,0,229,309.06277088830325,994.12312203342344,3.8447820239181256,False,False,0
cfsc,0,230,309.30824219026357,884.58926440448636,3.9939954830310027,False,False,0
cfsc,0,231,309.23204151760024,1097.6767589275594,3.5236009435886895,False,False,0
cfsc,0,232,309.38372053506362,555.5750399671789,4.9623531083329127,False,False,0
cfsc,0,233,309.288493722032,990.13904662257858,3.7701023748877418,False,False,0
cfsc,0,234,309.30693470035339,883.45058569168964,3.9276704943378498,False,False,0
cfsc,0,235,309.17369460782771,1156.3697444647719,3.4522678009165246,False,False,0
cfsc,0,236,309.19901438452496,1139.0111679545539,3.4448062647329465,False,False,0
cfsc,0,237,309.13562856904775,1219.0427447490106,3.3649133046183373,False,False,0
cfsc,0,238,309.43359404096088,827.14396863603884,3.9556622219159721,False,False,0
cfsc,0,239,309.25013105430435,1120.8145301955797,3.4183899158699829,False,False,0
cfsc,0,240,309.20016470301874,1148.0964874761687,3.3745119076516947,False,False,0
cfsc,0,241,310.18866123851063,259.98680201652638,2.4894896946667076,False,False,0
cfsc,0,242,310.47535234977028,94.783691675242153,4.1718467838224917,False,False,0
cfsc,0,243,309.94264017803243,945.75697837220957,2.493196517233244,False,False,0
cfsc,0,244,309.96257447922738,934.18423527635832,2.4773880912058885,False,False,0
cfsc,0,245,310.30124820922214,83.519850841471225,3.1185714547328436,False,False,0
cfsc,0,246,310.27850451373706,93.01191445580514,3.0562955453538265,False,False,0
cfsc,0,247,311.75214849570693,91.336411796300013,2.7634917844824192,False,False,0
cfsc,0,248,311.7769708657072,94.217922766658262,2.7567193220238031,False,False,0
cfsc,0,249,312.61061112401364,194.94362883295065,1.3278915739395512,False,False,0
cfsc,0,250,312.61061112401364,194.94362883294946,1.327891573939552,False,False,0
cfsc,0,251,312.60073700630733,44.911745189005728,1.3142677000233123,False,False,0
cfsc,0,252,312.60073700630727,44.911745189005728,1.3142677000233132,False,False,0
cfsc,0,253,312.60039954604025,44.905193924095329,1.3157058617099047,False,False,0
cfsc,0,254,312.62705316986785,44.915380375304608,1.2918123300180433,False,False,0
cfsc,0,255,312.63916259024427,42.867785367472266,1.2832968717777549,False,False,0
cfsc,1,0,302.15324002742574,1825.9262347827653,10.623524292236208,False,True,0.018363778552923059
cfsc,1,1,302.16710667333444,1826.8532295296145,10.629502981298138,False,True,0.017460293210123261
cfsc,1,2,302.14102738936452,1801.6800207748363,10.58547337592978,False,True,0.016773330880633423
cfsc,1,3,302.1572538697925,1778.3767435637096,10.517186997515168,False,True,0.013174964601248545
cfsc,1,4,302.10778384089929,1766.5881892100861,10.413573264772635,False,True,0.015436264133869188
cfsc,1,5,302.17571477267666,1771.3573138454271,10.477744142390549,False,True,0.011081593224399267
cfsc,1,6,302.12313227969048,1765.192909261347,10.325878912102299,False,True,0.014062893135622838
cfsc,1,7,302.1325360854504,1728.1884199492695,10.434751281521478,False,True,0.0098370202129334471
cfsc,1,8,302.11965144708483,1745.1846328030174,10.288373119145252,False,True,0.012264063021635584
cfsc,1,9,302.07131088723037,1695.1471548410066,10.194749759904994,False,True,0.010636688724023855
cfsc,1,10,302.04503160361458,1691.2584579343666,10.064628942105969,False,True,0.011970373951063429
cfsc,1,11,302.09611950701145,1652.7512317815056,10.110495501534437,False,True,0.0044872081385206927
cfsc,1,12,302.02383484952719,1674.3304528646818,10.033590123512408,False,True,0.011771493470756442
cfsc,1,13,302.13803313315458,1647.9214620038692,10.274392823562611,False,True,0.0011972334388506731
cfsc,1,14,302.11119772085647,1633.5552906917537,10.250024185433119,False,True,0.001671990916858285
cfsc,1,15,302.04424266883137,1605.6521379969313,9.9344352759940282,False,True,0.0032945920514336705
cfsc,1,16,302.03848020099628,1539.7554275970488,9.7754275283312762,False,False,0
cfsc,1,17,302.0396574041668,1506.8653486598132,9.722837092766083,False,False,0
cfsc,1,18,301.99783124128209,1501.7600047774304,9.6371137214293512,False,False,0
cfsc,1,19,302.03979993531851,1487.6310985103364,9.6584813763704709,False,False,0
cfsc,1,20,302.98318611872816,1934.3044831628679,7.2685872834710308,False,False,0
cfsc,1,21,301.97008820809964,1522.4360184455459,9.2861209129718993,False,False,0
cfsc,1,22,302.01737900813526,1471.5063497349372,9.385493868258834,False,False,0
cfsc,1,23,301.99010730651133,1455.9564006940391,9.3694505653153062,False,False,0
cfsc,1,24,302.97224823827332,1939.6484904438723,7.3531613285911792,False,False,0
cfsc,1,25,301.96845749498891,1445.865396504603,9.0840342159190666,False,False,0
cfsc,1,26,302.03799938118652,1425.3877300945337,9.4974619235619926,False,False,0
cfsc,1,27,301.96713362741281,1400.6658531032022,8.9730817678301751,False,False,0
cfsc,1,28,302.02825400159963,1388.9524974972783,9.3653591536632526,False,False,0
cfsc,1,29,301.96673912619485,1363.4196401409599,8.8754613203466555,False,False,0
cfsc,1,30,301.9668965354515,1349.6710529362294,8.8394554005218762,False,False,0
cfsc,1,31,302.9249317101789,2004.4956515496074,6.4585729903801123,False,False,0
cfsc,1,32,302.92950725718367,2004.3587194583129,6.4564813687241855,False,False,0
cfsc,1,33,301.9678036285361,1338.0793868815767,8.9162694109149676,False,False,0
cfsc,1,34,303.30661148031027,1932.1289517047126,7.4042889848812337,False,False,0
cfsc,1,35,301.97157975683791,1323.7576012344707,8.8071215006894246,False,False,0
cfsc,1,36,302.82698142366206,1719.5238570610768,6.8647383170932068,False,False,0
cfsc,1,37,303.10893560204283,1757.7700204319513,6.9710616611170044,False,False,0
cfsc,1,38,302.3445681516024,1353.3573380759349,8.8974252342078568,False,False,0
cfsc,1,39,302.7175497737,1415.49221803721,8.1004236546038939,False,False,0
cfsc,1,40,301.98450385731718,1273.1250685380385,8.4595172445913001,False,False,0
cfsc,1,41,301.98801958867006,1249.6387373317507,8.4318993207074477,False,False,0
cfsc,1,42,302.94743406778417,1232.6744123398512,7.9557612345067703,False,False,0
cfsc,1,43,302.3934019967221,1210.3215153519745,8.5553625678030016,False,False,0
cfsc,1,44,302.8803471568757,1196.6659305895519,8.174855195318262,False,False,0
cfsc,1,45,303.01825729311759,2043.0324998867218,6.4028780041105193,False,False,0
cfsc,1,46,302.39921727463479,1179.5893301429496,8.3988523383620475,False,False,0
cfsc,1,47,302.36610528538216,1158.9059926977484,8.2848802995306308,False,False,0
cfsc,1,48,302.38244640611538,1147.0808112785262,8.2516742534205871,False,False,0
cfsc,1,49,302.41827117554749,1141.3715810338763,8.2948421785569977,False,False,0
cfsc,1,50,302.42545828695745,1141.1946026833762,8.2353139776593647,False,False,0
cfsc,1,51,302.41281824211603,1086.7668553561243,8.1322031776031753,False,False,0
cfsc,1,52,302.48258420371349,1071.8308326384526,8.1823304676467075,False,False,0
cfsc,1,53,303.40822074984891,1773.8675269138139,6.7718470550598813,False,False,0
cfsc,1,54,303.19598170785167,2042.8858836829324,6.5235706733948184,False,False,0
cfsc,1,55,303.04217622911244,1015.3981296658208,7.9571318714211783,False,False,0
cfsc,1,56,302.48558170787834,960.39848611620891,7.6927650785307904,False,False,0
cfsc,1,57,303.0542880578455,1001.6468315141616,7.9386955869998586,False,False,0
cfsc,1,58,302.99322808783216,985.27443397658624,8.0032839074526265,False,False,0
cfsc,1,59,303.09774039823628,959.11324534976143,7.8668195636017257,False,False,0
cfsc,1,60,303.10913773426967,947.70418996442947,7.8473809249165098,False,False,0
cfsc,1,61,303.15697366002979,946.5191093086903,7.7622441560902091,False,False,0
cfsc,1,62,303.11300403761481,935.12011914586355,7.8011178527508971,False,False,0
cfsc,1,63,302.98859688839212,911.45819705773715,7.9593562064809849,False,False,0
cfsc,1,64,303.18804434572706,878.68513999536003,7.7214151233947623,False,False,0
cfsc,1,65,303.35835277093304,847.35684084052002,7.5332244678664164,False,False,0
cfsc,1,66,303.30708903035702,791.07286267499012,7.5445673750034636,False,False,0
cfsc,1,67,303.31608228342884,788.24568987576913,7.3777994872228669,False,False,0
cfsc,1,68,303.4354600026569,769.27120249438212,7.3226055455383321,False,False,0
cfsc,1,69,302.91851204013051,765.45727235540471,6.3331143217677699,False,False,0
cfsc,1,70,302.9597023264937,688.77203555390736,6.1704459723873537,False,False,0
cfsc,1,71,302.94599536282789,669.04366685988975,6.1258460320543486,False,False,0
cfsc,1,72,303.36833271798184,727.62214277917371,7.4908110056975419,False,False,0
cfsc,1,73,303.06437753020964,644.03096423077898,5.7734882602334912,False,False,0
cfsc,1,74,302.90631545915454,594.77918872494593,5.858512228319575,False,False,0
cfsc,1,75,303.02089553832724,599.1061087192686,5.9249315324349761,False,False,0
cfsc,1,76,302.88896549351443,596.72295395950141,6.0716677123109442,False,False,0
cfsc,1,77,302.8349227194077,562.63695477473323,5.894905354703619,False,False,0
cfsc,1,78,302.9185372359301,557.35479935650858,5.8312892888311616,False,False,0
cfsc,1,79,302.91713815808026,566.91292096327948,6.4178856723735063,False,False,0
cfsc,1,80,302.94535014600871,539.89624019066275,5.7832275466974323,False,False,0
cfsc,1,81,302.72272642481875,542.20266764960445,6.1009738015550194,False,False,0
cfsc,1,82,302.83484683849031,539.12117044699619,5.9502926963963088,False,False,0
cfsc,1,83,303.58886208350901,543.89797412706912,5.566383231631967,False,False,0
cfsc,1,84,302.68366325999676,534.92428201330199,6.3272677573917822,False,False,0
cfsc,1,85,303.9191025266262,586.20271335760992,7.0446817403124005,False,False,0
cfsc,1,86,303.09072290333995,518.07926475259057,5.8416691516730159,False,False,0
cfsc,1,87,304.10972838206209,561.96878380977671,7.0826497558982844,False,False,0
cfsc,1,88,303.71304557177234,438.08282549437683,5.4936729423570014,False,False,0
cfsc,1,89,304.18392698954847,532.91934621773021,7.0293863451502574,False,False,0
cfsc,1,90,304.20712599827556,520.62167631804368,7.0142501445784093,False,False,0
cfsc,1,91,303.33391618605327,453.87172278743549,5.3230596510275721,False,False,0
cfsc,1,92,304.24481100071768,505.69125244640361,7.0309958115727031,False,False,0
cfsc,1,93,303.92972971321251,387.41843400253231,5.543777057787767,False,False,0
cfsc,1,94,303.83287129604332,378.86915455914902,5.5184006298061474,False,False,0
cfsc,1,95,303.61559149079972,408.38965343355471,5.4233848724991036,False,False,0
cfsc,1,96,303.80371594845025,349.9482410149609,5.4408733149630937,False,False,0
cfsc,1,97,303.98309957654095,335.52090045938871,5.4869051468008347,False,False,0
cfsc,1,98,304.05478154660057,318.65700756362276,5.5262082555987613,False,False,0
cfsc,1,99,304.06485980918904,315.46896858176768,5.5273215372061779,False,False,0
cfsc,1,100,303.91187724696584,328.64469548048964,5.4175889834988968,False,False,0
cfsc,1,101,304.12437115185747,297.05428074480653,5.5339798670394833,False,False,0
cfsc,1,102,304.17511272607288,301.88408730544688,5.5440671287665051,False,False,0
cfsc,1,103,303.40338659661819,351.59533710897279,5.1885121598926007,False,False,0
cfsc,1,104,303.3212086218636,359.14643084770699,5.1324355843780527,False,False,0
cfsc,1,105,303.94827658188586,267.0111316112102,5.4270537013026798,False,False,0
cfsc,1,106,303.91853346888377,281.51847478535848,5.338615303648516,False,False,0
cfsc,1,107,304.04941038520479,276.23732738548637,5.3926817455137028,False,False,0
cfsc,1,108,304.41917635313354,261.85223512799655,5.6542238446496267,False,False,0
cfsc,1,109,304.18867323755734,240.11625097173595,5.5108425860525649,False,False,0
cfsc,1,110,303.68754194588627,333.53542799429738,5.3368090250630003,False,False,0
cfsc,1,111,304.17691695876596,235.39911161335181,5.5886056214085071,False,False,0
cfsc,1,112,304.374612555537,228.58895170845489,5.5574135471549795,False,False,0
cfsc,1,113,304.02334432266332,218.08528773033436,5.4197202849501629,False,False,0
cfsc,1,114,304.29945495104312,214.83732416932168,5.467554826549275,False,False,0
cfsc,1,115,304.30082793798567,186.20778497659512,5.4456066974931305,False,False,0
cfsc,1,116,304.36346882836187,202.99369418155408,5.4808354211246124,False,False,0
cfsc,1,117,304.34756279521969,176.90034257465283,5.4518212533427057,False,False,0
cfsc,1,118,304.19484488753989,202.42115165073898,5.3401652815805578,False,False,0
cfsc,1,119,304.22359836317139,170.70476067128158,5.3415572259481552,False,True,0.0016556549822601173
cfsc,1,120,307.03810024222236,2096.0884587752353,6.2144448356130297,False,False,0
cfsc,1,121,307.03310673822841,2106.4262337148884,6.1546000846010882,False,False,0
cfsc,1,122,307.04241959046431,2104.3707273489581,6.1441363273550929,False,False,0
cfsc,1,123,307.09213676088547,2052.8756222019219,6.2486389337721198,False,False,0
cfsc,1,124,307.11751959142879,2083.3750343319257,6.0439686403249588,False,False,0
cfsc,1,125,307.13027626358274,2071.1022013439388,6.0214262785288355,False,False,0
cfsc,1,126,307.21814662500799,2036.4211768721116,6.0937043085352895,False,False,0
cfsc,1,127,307.27568381594278,2051.0792885887631,6.0048456372669703,False,False,0
cfsc,1,128,307.36021014898762,1959.2058504883512,6.3022092002897452,False,False,0
cfsc,1,129,307.43239212394212,1979.540142074834,6.0989027355139411,False,False,0
cfsc,1,130,307.43941424154519,1973.2042922256469,6.1101462790911221,False,False,0
cfsc,1,131,307.45819635521889,1985.3086970959416,6.0882827069384442,False,False,0
cfsc,1,132,307.51449055673936,1921.7140616422907,6.1842514286718888,False,False,0
cfsc,1,133,307.5479340577578,1947.9656281031309,6.0291018126624536,False,False,0
cfsc,1,134,307.61184885835701,1917.1570128524979,6.0249001423664783,False,False,0
cfsc,1,135,307.51242058244611,1804.3006320646882,6.4792007747291525,False,False,0
cfsc,1,136,307.7027984267786,1819.9623499079898,6.2468353052986059,False,False,0
cfsc,1,137,307.65467837944698,1755.331899355969,6.5272336196743739,False,False,0
cfsc,1,138,307.77129753439249,1771.7601341262507,6.2838426756253529,False,False,0
cfsc,1,139,307.73433086038574,1731.3989378658032,6.3522292231864386,False,False,0
cfsc,1,140,307.77616912681611,1716.7867738703758,6.3575386386387382,False,False,0
cfsc,1,141,307.79339624331476,1710.1612161291514,6.4161125500352183,False,False,0
cfsc,1,142,307.82059799828914,1672.6532086559275,6.3856858103821637,False,False,0
cfsc,1,143,307.73407495260739,1573.4842079023083,6.7098978007397294,False,False,0
cfsc,1,144,307.84888564271802,1572.5113725351666,6.5776629885111575,False,False,0
cfsc,1,145,308.00155135905857,1305.8975071473797,6.8952272594292179,False,False,0
cfsc,1,146,307.29000539612991,169.61865707038618,7.6986340855910775,False,False,0
cfsc,1,147,307.93280914717138,1414.2945813223644,6.7725380133465372,False,False,0
cfsc,1,148,307.47853550181509,142.70549969430351,7.4939005862973351,False,False,0
cfsc,1,149,308.03301357927,1637.6308579989395,6.2008944556228336,False,False,0
cfsc,1,150,308.07385152434887,1624.1472890798948,6.1823783446446505,False,False,0
cfsc,1,151,307.4539129344692,123.63426868788292,7.4005456733403472,False,True,0.0050168336062115168
cfsc,1,152,308.18241268344985,1697.2506040125752,5.7028184695896975,False,False,0
cfsc,1,153,308.23988199726784,1590.065193491354,6.0228580666376379,False,False,0
cfsc,1,154,308.35154557215048,1621.7424041916865,5.7049875462077475,False,False,0
cfsc,1,155,308.38041219692838,1601.0336307971315,5.6567973247590375,False,False,0
cfsc,1,156,308.38427083509634,1636.1551075713523,5.4055315845827661,False,False,0
cfsc,1,157,308.47844743187898,1562.4000487833628,5.5708978679158774,False,False,0
cfsc,1,158,307.86385112785212,1590.105427701259,4.1498563789386251,False,False,0
cfsc,1,159,308.23730827096114,1578.2620464410577,4.9168877767877568,False,False,0
cfsc,1,160,308.42237957905508,1499.8500994620736,5.166559995523178,False,False,0
cfsc,1,161,308.18158924831482,1456.9911962387339,3.833966458659849,False,False,0
cfsc,1,162,308.18838875603387,1346.481120767497,3.6512704084378607,False,False,0
cfsc,1,163,308.25903312847674,1327.5972409346014,3.4983553569313135,False,False,0
cfsc,1,164,308.31481442487836,1305.7534235325122,3.4316651417563047,False,False,0
cfsc,1,165,308.30887209634875,1253.2834542628998,3.5123305906662803,False,False,0
cfsc,1,166,308.33816953352454,1230.5570608635574,3.5364437732981098,False,False,0
cfsc,1,167,308.57410250532911,1222.1141273805015,3.6023207242993021,False,False,0
cfsc,1,168,308.34281698111147,1202.2120404122027,3.0607600141812381,False,False,0
cfsc,1,169,308.60569980132647,1148.8600213862946,3.2021015085156752,False,False,0
cfsc,1,170,308.63834906003035,1129.190851299928,3.0332381190738795,False,False,0
cfsc,1,171,308.62379820873298,1136.8991497214986,2.9300810420524015,False,False,0
cfsc,1,172,308.75671947303687,1146.7887499708338,2.951386430469161,False,False,0
cfsc,1,173,308.74942646234933,1054.3967209083301,3.1503026066788307,False,False,0
cfsc,1,174,308.84561278610096,1027.3230092582171,3.0689782328099411,False,False,0
cfsc,1,175,308.89881677502132,1085.4950706369618,2.8617607533800165,False,False,0
cfsc,1,176,308.69150612449567,984.92908752994083,3.3602268641942103,False,False,0
cfsc,1,177,308.93246560932965,944.19409047748809,3.1819635505184265,False,False,0
cfsc,1,178,308.96089501577831,926.62648642607564,3.2167898477050265,False,False,0
cfsc,1,179,309.00654644393052,898.20706136177034,2.9871933971059068,False,False,0
cfsc,1,180,309.09757469762479,874.52236580810973,3.1160707511185675,False,False,0
cfsc,1,181,309.22222825948188,923.36090721725793,2.9695746001941776,False,False,0
cfsc,1,182,308.73531753051066,534.60353301339137,4.43207151386886,False,False,0
cfsc,1,183,309.07088087756006,847.70982480884254,2.740435042043909,False,False,0
cfsc,1,184,309.3018262851549,813.69335274603691,2.8677462788970409,False,False,0
cfsc,1,185,309.22717692186694,806.12897984538165,3.0950059351174137,False,False,0
cfsc,1,186,309.25629584219826,826.90247442013992,2.7858336022411394,False,False,0
cfsc,1,187,309.15647608841795,959.68695921242977,2.4690205282867956,False,False,0
cfsc,1,188,309.35446582876148,786.61390241127992,2.9408429168595451,False,False,0
cfsc,1,189,309.36980392437107,266.37759546628394,5.0757579962173835,False,False,0
cfsc,1,190,309.21152399395038,233.96941813208059,5.1040911941373235,False,False,0
cfsc,1,191,309.21795241745917,234.081828535809,5.1167535180708255,False,False,0
cfsc,1,192,309.55312265642181,695.61667184106341,3.1445133859045269,False,False,0
cfsc,1,193,309.28351954454615,213.22086022259259,5.1190735660752926,False,False,0
cfsc,1,194,309.29188356091964,372.01424468974477,3.9931967489643276,False,False,0
cfsc,1,195,309.52081571552549,749.34617363725829,2.369611158286455,False,False,0
cfsc,1,196,309.41251434959634,346.6258529561614,3.9094254327679328,False,False,0
cfsc,1,197,309.65839845286018,636.16761848166004,3.1707744950168006,False,False,0
cfsc,1,198,309.50780380845316,197.04383040147235,4.5469570391619687,False,False,0
cfsc,1,199,309.46262018903735,666.92717307028545,2.4055010705454074,False,False,0
cfsc,1,200,309.39956835037219,403.84590704363239,3.3505585835748093,False,False,0
cfsc,1,201,309.63309919011198,695.04906693657881,2.3302576208851491,False,False,0
cfsc,1,202,309.85358689230509,217.84184355629503,5.0464014680006475,False,False,0
cfsc,1,203,309.88830075043211,597.69018263458918,3.0112590099895971,False,False,0
cfsc,1,204,309.76388840748251,287.8034484796446,3.4416976067748588,False,False,0
cfsc,1,205,309.8959901754734,193.92767269965412,4.5085519000429164,False,False,0
cfsc,1,206,309.89709437872415,620.16259145834658,2.6039746974331286,False,False,0
cfsc,1,207,309.85612473295458,595.72479261374656,2.5403997955480042,False,False,0
cfsc,1,208,309.83564687043707,311.21572025150306,2.5481910979549762,False,False,0
cfsc,1,209,310.08236614081704,185.5245576008528,4.2222401617421301,False,False,0
cfsc,1,210,310.03820698754288,272.29400213105009,3.0662525889820711,False,False,0
cfsc,1,211,310.17294917021883,296.43619896255899,2.9756978309996911,False,False,0
cfsc,1,212,310.28982170593383,268.31147636811966,2.9220238030034866,False,False,0
cfsc,1,213,310.01551240439551,264.17287058748087,2.3332953728796384,False,False,0
cfsc,1,214,310.2368519206571,254.90612684744843,2.2056421893558418,False,False,0
cfsc,1,215,310.34633461250951,243.03647888385251,2.2140496042231415,False,False,0
cfsc,1,216,310.47863864126197,231.91826025120542,2.2673922285459303,False,False,0
cfsc,1,217,310.46133857980567,232.96213285260069,2.0272432682827413,False,False,0
cfsc,1,218,310.54263609940767,227.09335468682656,2.1533322323391157,False,False,0
cfsc,1,219,310.41391224020714,97.450050772086229,3.7963456472932724,False,False,0
cfsc,1,220,310.41527870575788,94.19749046034633,3.8307905946710621,False,False,0
cfsc,1,221,310.75932307114482,213.71248154474739,2.0864516856855606,False,False,0
cfsc,1,222,310.70465553064264,214.17038090170462,1.7520106077277964,False,False,0
cfsc,1,223,310.88577703585327,203.71082451756394,1.7940533885857439,False,False,0
cfsc,1,224,310.88544401201585,194.02387065149509,1.7322966680706537,False,False,0
cfsc,1,225,310.97030419724246,195.611926773162,1.672007256713834,False,False,0
cfsc,1,226,311.12780529348186,180.5427807533664,1.6445726323180523,False,False,0
cfsc,1,227,311.21333391762323,172.65344827834423,1.5340084422752005,False,False,0
cfsc,1,228,311.15782702757639,178.86701336348091,2.3692431318502969,False,False,0
cfsc,1,229,311.19790149734297,177.96980043728291,2.2566595248178829,False,False,0
cfsc,1,230,311.25703166420953,166.66598408032502,2.1744877027345306,False,False,0
cfsc,1,231,311.28552272206599,162.35049735856745,2.110177886181805,False,False,0
cfsc,1,232,311.26814543784445,162.40665278845461,2.1585179094102052,False,False,0
cfsc,1,233,311.3356848675993,149.42495586946723,2.0486352857749064,False,False,0
cfsc,1,234,311.42194196835601,147.62861367302747,1.8579700291415637,False,False,0
cfsc,1,235,311.47311309218435,141.92395178261484,1.8148112003975294,False,False,0
cfsc,1,236,311.48807794440575,135.30894127886711,1.7826468156533162,False,False,0
cfsc,1,237,311.59610784533146,124.95810958547838,1.6418862919874542,False,False,0
cfsc,1,238,311.63669300584741,115.76210277183839,1.5778754966942863,False,False,0
cfsc,1,239,312.09113673499513,102.65406101329904,0.81390680510714919,False,False,0
cfsc,1,240,312.08937883174025,103.14244252842332,0.81356932849395136,False,False,0
cfsc,1,241,311.8032117229057,98.264661318404592,1.4761149348313998,False,False,0
cfsc,1,242,312.2166223618994,95.991570451751613,1.0069315129981922,False,False,0
cfsc,1,243,312.31070536997345,85.278815550270792,0.89634889115930427,False,False,0
cfsc,1,244,312.27657246172743,80.895056135508639,1.0229647533466952,False,False,0
cfsc,1,245,311.96735688382262,87.313513812845713,1.2364982712598298,False,False,0
cfsc,1,246,312.15881126088902,72.999805273380389,1.4379134830489519,False,False,0
cfsc,1,247,312.16890150709247,67.599109898111124,1.4884002911114917,False,False,0
cfsc,1,248,312.25342541359464,64.169633666712912,1.4114256128458509,False,False,0
cfsc,1,249,312.38767650242232,58.731050009574801,1.2418943703814884,False,False,0
cfsc,1,250,312.36942478673029,55.556296441166069,1.3555405659515625,False,False,0
cfsc,1,251,312.44122251835267,52.162785808637636,1.284498199745733,False,False,0
cfsc,1,252,312.4515245781289,50.647747088929009,1.2944616807590759,False,False,0
cfsc,1,253,312.48316491638946,52.680696483130305,1.1820433739605436,False,False,0
cfsc,1,254,312.4925355030245,47.732579437510026,1.2683890269476708,False,False,0
cfsc,1,255,312.54603006411259,45.008374590399967,1.2383116719822498,False,False,0
cfsc,2,0,301.82259841445091,1555.5495209458663,8.8088955043678947,False,True,0.012775390700700291
cfsc,2,1,301.82300475323325,1555.5168290524243,8.808960498500312,False,True,0.012742782796476438
cfsc,2,2,301.8271546641858,1503.503245317861,8.7166028972466911,False,True,0.007117669543570058
cfsc,2,3,301.83825881658953,1498.859487253291,8.6892728079459296,False,True,0.0058113751746620241
cfsc,2,4,301.82893656134848,1456.7264132045163,8.6318982412478427,False,True,0.0021978624087338507
cfsc,2,5,301.86855511164202,1432.9392728409762,8.5785921683888073,False,False,0
cfsc,2,6,301.89878147794906,1432.2530556207435,8.608607681775883,False,False,0
cfsc,2,7,301.96001587198651,1417.4852463545981,8.5648450641014477,False,False,0
cfsc,2,8,301.95363104757075,1416.9101542967142,8.5777173188906062,False,False,0
cfsc,2,9,301.95695506315735,1412.0443098412925,8.5632438389049437,False,False,0
cfsc,2,10,301.90189269417863,1382.2581655727727,8.4371799940796102,False,False,0
cfsc,2,11,303.20904948739889,1809.6437160811352,6.9150730048118865,False,False,0
cfsc,2,12,301.91330873329838,1371.1433356995753,8.4066060193689776,False,False,0
cfsc,2,13,303.18910107948778,1797.7666594815269,6.6803001079530429,False,False,0
cfsc,2,14,303.13599314323596,1804.175846544792,6.5265336156245786,False,False,0
cfsc,2,15,303.33034153710616,1771.4250404166191,6.8516927446997231,False,False,0
cfsc,2,16,303.25953327807025,1746.4190198185647,6.8951555458671967,False,False,0
cfsc,2,17,303.18615178815554,1748.0007112816829,6.3873372604726724,False,False,0
cfsc,2,18,301.89901191619077,1373.6045935183533,8.3599836379226868,False,False,0
cfsc,2,19,302.07370422706077,1352.2574258440397,8.4323789802454705,False,False,0
cfsc,2,20,303.27509187325938,1688.8715052895272,6.9142105360147417,False,False,0
cfsc,2,21,302.06562419078671,1330.8591601901458,8.4120884057915646,False,False,0
cfsc,2,22,303.30284886366991,1661.7606939253578,6.9967312625060636,False,False,0
cfsc,2,23,302.06853535446152,1313.8121157124353,8.3614908479678789,False,False,0
cfsc,2,24,302.00621579292283,1301.6265421677176,8.2606306486141268,False,False,0
cfsc,2,25,302.09020561307142,1293.9129290872067,8.2810891196038394,False,False,0
cfsc,2,26,303.1570829181112,1915.2622175870447,6.8478909334169691,False,False,0
cfsc,2,27,303.45762078057646,1684.0879700846713,7.2504348271483599,False,False,0
cfsc,2,28,302.04889830099887,1316.8187592970653,8.2798785586597052,False,False,0
cfsc,2,29,303.47936498728848,1644.1964503957279,7.2280094007864504,False,False,0
cfsc,2,30,302.0602128585337,1273.7398655019056,8.1932533672620345,False,False,0
cfsc,2,31,303.11736277334006,1877.4624375558869,6.1853865349014603,False,False,0
cfsc,2,32,303.44348983427113,1598.5167347105457,7.3687047115303885,False,False,0
cfsc,2,33,303.24869135692347,1827.4404605992004,5.9311504084670403,False,False,0
cfsc,2,34,303.41175859785778,1598.5810964218035,7.4132185614472625,False,False,0
cfsc,2,35,303.44379220614223,1712.3132569055347,6.6504285373222638,False,False,0
cfsc,2,36,303.3380134862864,1589.3963636522044,6.7502874868853713,False,False,0
cfsc,2,37,302.2620244400552,1256.2984447363474,8.2400341880942456,False,False,0
cfsc,2,38,303.28940797274498,1394.1852121937022,7.9432182834037572,False,False,0
cfsc,2,39,303.30445689854503,1696.6680092274328,6.5210470136160987,False,False,0
cfsc,2,40,303.37515913986778,1597.647401759235,6.2108298177110477,False,False,0
cfsc,2,41,303.35430078811402,1290.1918564564799,8.7524941660657198,False,False,0
cfsc,2,42,303.43578368788195,1604.5701084634779,5.985795928813789,False,False,0
cfsc,2,43,303.40450016006361,1330.0826540929993,7.8308614773559899,False,False,0
cfsc,2,44,303.40107489413401,1335.5508404650625,7.7843562198621683,False,False,0
cfsc,2,45,303.53516689328768,1538.4021594346864,6.150719321770028,False,False,0
cfsc,2,46,303.20762826591346,1903.8590258518457,5.6853112339632208,False,False,0
cfsc,2,47,303.49150259295959,1596.6265657925746,5.5701353797520241,False,False,0
cfsc,2,48,303.56870780476675,1250.3816395928152,7.8010880512029317,False,False,0
cfsc,2,49,303.37636548030292,1539.3486811631951,5.8240917507557137,False,False,0
cfsc,2,50,302.56851845175623,757.32173008135715,6.7226592342854534,False,False,0
cfsc,2,51,302.42118802944077,718.51923673558895,6.8074472768668786,False,False,0
cfsc,2,52,302.64998674749813,782.84619942248116,6.7892259009917151,False,False,0
cfsc,2,53,302.7734860948018,771.08298142381273,6.8042459253370007,False,False,0
cfsc,2,54,302.81540988256381,755.48975859732673,6.7874281148055182,False,False,0
cfsc,2,55,303.97421347712992,672.76170384203169,7.5153569225939698,False,False,0
cfsc,2,56,304.14384752439213,607.53787863920388,7.3793941111138954,False,False,0
cfsc,2,57,304.25042568331065,595.18903958590943,7.4351129234110456,False,False,0
cfsc,2,58,304.30877930499571,547.71568588265302,7.2850128822405225,False,False,0
cfsc,2,59,304.36937253549212,522.41983996349836,7.2565037751613453,False,False,0
cfsc,2,60,304.34808884731615,533.17046695936665,7.2282219234844645,False,False,0
cfsc,2,61,304.41133023911527,505.41042495622554,7.2085375765557727,False,False,0
cfsc,2,62,304.42964909474415,503.32329329426443,7.1760663514471021,False,False,0
cfsc,2,63,304.47364265610702,490.60032764470111,7.1392541271145671,False,False,0
cfsc,2,64,304.53755235754039,487.30632995128542,7.1922901951979714,False,False,0
cfsc,2,65,304.61701853760627,471.26679914526824,7.22429464892239,False,False,0
cfsc,2,66,303.68617535248575,1551.6664286918972,4.6250930751141626,False,False,0
cfsc,2,67,303.77354578626478,1523.6847283617021,4.6542272741732162,False,False,0
cfsc,2,68,304.11024005326971,1447.754955119387,4.9200057660671934,False,False,0
cfsc,2,69,303.94537297865338,1596.0590795374751,4.6353311491641609,False,False,0
cfsc,2,70,303.96318865609726,1583.6269028822437,4.6460061281264018,False,False,0
cfsc,2,71,304.07308522403144,1511.2636130670817,4.7058278423713507,False,False,0
cfsc,2,72,303.89984973151297,1691.5210263878121,4.6638718946173077,False,False,0
cfsc,2,73,304.80713371877931,394.91919583802888,8.5872279756923842,False,False,0
cfsc,2,74,305.23499861932703,350.86306883409173,9.1649960669545099,False,False,0
cfsc,2,75,304.48922916144829,345.70088995312477,8.2980398133896838,False,False,0
cfsc,2,76,304.76968567720343,387.5795515216621,8.5584031272461196,False,False,0
cfsc,2,77,305.50001260874427,341.26912061292319,9.3032971985332722,False,False,0
cfsc,2,78,305.53828181566422,337.12891704790235,9.2834977482961722,False,False,0
cfsc,2,79,304.49195188033298,349.06995324920024,8.1686533780315855,False,False,0
cfsc,2,80,305.25865357833402,351.94413057587917,9.1001935859882437,False,False,0
cfsc,2,81,304.97998383777906,334.90093255702243,8.5956335634186711,False,False,0
cfsc,2,82,305.31929451611109,347.0952424255712,9.0282043660241289,False,False,0
cfsc,2,83,304.77671414410111,319.25043625659168,8.534609477473813,False,False,0
cfsc,2,84,306.63682761140905,2153.726293325079,6.6488382278366895,False,False,0
cfsc,2,85,306.49998606584427,2174.4852862976682,6.4626622592640643,False,False,0
cfsc,2,86,306.55991718143025,2176.0844654287439,6.5523087792243047,False,False,0
cfsc,2,87,306.64907405675609,2123.3101075511513,6.6107381593968313,False,False,0
cfsc,2,88,304.96807817561614,340.90875855371047,8.4176775627958538,False,False,0
cfsc,2,89,305.05587492802408,334.84448662374587,8.4969511078764803,False,False,0
cfsc,2,90,305.44964585766002,345.20724118704157,8.6805083720782417,False,False,0
cfsc,2,91,306.21657771334515,314.64461553073124,9.3575731812633354,False,False,0
cfsc,2,92,307.05731807108469,2081.6919205600957,6.6264094423275637,False,False,0
cfsc,2,93,306.94090895542746,2110.6020569127209,6.3336945544248895,False,False,0
cfsc,2,94,306.89642535265574,2099.1179432432741,6.2199007691489587,False,False,0
cfsc,2,95,306.92676813751109,2074.9257713316015,6.2394804832998325,False,False,0
cfsc,2,96,307.11956143288353,2018.3127343809419,6.5200926050377666,False,False,0
cfsc,2,97,305.2126510197271,354.92882744140985,7.4365571883560415,False,False,0
cfsc,2,98,305.50192552611986,216.39868207323866,6.6026114244093419,False,False,0
cfsc,2,99,306.99945704169818,2077.9231220765528,6.1623567439238514,False,False,0
cfsc,2,100,307.16392854337806,1978.0480393460803,6.5242843108571948,False,False,0
cfsc,2,101,307.33257843426526,2002.8430233313406,6.5441211561549899,False,False,0
cfsc,2,102,307.2466670976267,1927.4606857246395,6.6353987787322408,False,False,0
cfsc,2,103,307.36401145518499,1951.414893043258,6.5296056456877949,False,False,0
cfsc,2,104,307.23846618115294,2079.0214045372895,6.1867862354152763,False,False,0
cfsc,2,105,307.37516636626128,1914.4240378273817,6.9053233029740806,False,False,0
cfsc,2,106,307.47444836393953,2022.459231715558,6.352564893024689,False,False,0
cfsc,2,107,307.47316914548782,1946.425222825409,6.713753312838433,False,False,0
cfsc,2,108,307.46448594058234,1842.3055439501786,7.139148082675792,False,False,0
cfsc,2,109,307.35309606433458,2079.740948973144,5.9625863724949868,False,False,0
cfsc,2,110,305.75160901189292,170.43701256660074,6.8201569519079959,False,False,0
cfsc,2,111,307.46481723284285,2088.4984607812726,5.9642869301026735,False,False,0
cfsc,2,112,307.91669978198638,1816.8277327924625,5.7945375217137256,False,False,0
cfsc,2,113,307.60133140876144,1598.1991571350518,7.3214815762721521,False,False,0
cfsc,2,114,307.98459215275193,1767.8611603553736,5.8694744414869158,False,False,0
cfsc,2,115,308.06206861075566,1064.2451881999641,7.3670553638757141,False,False,0
cfsc,2,116,307.60772840504092,1966.4520704083598,5.556441465288291,False,False,0
cfsc,2,117,306.2252971788144,184.65782418257476,7.2468375542616483,False,False,0
cfsc,2,118,307.1035474048403,181.37451450089748,7.186060297269707,False,False,0
cfsc,2,119,307.9137955837723,1374.1450607261258,7.1504891588788873,False,False,0
cfsc,2,120,307.87457326875062,1576.7147098894645,6.5642448220866569,False,False,0
cfsc,2,121,308.12819522322798,1114.1283288148695,7.1015464951074021,False,False,0
cfsc,2,122,308.01745511338805,1734.6830629521114,5.4819902099983313,False,False,0
cfsc,2,123,307.08056253451713,151.90966187868509,7.1032511588166614,False,False,0
cfsc,2,124,308.00920414780325,1512.4263258482092,6.4532032168548721,False,False,0
cfsc,2,125,308.27217849341662,1019.6377304147309,6.9947502396028227,False,False,0
cfsc,2,126,308.2437623984905,1188.5770283930292,6.8215057798600949,False,False,0
cfsc,2,127,306.1282633610702,118.30727656619388,6.5552901372841266,False,True,0.011262454108217544
cfsc,2,128,308.19826801324314,1224.8855813700434,6.7375729987182336,False,False,0
cfsc,2,129,308.2250004892839,1224.0112765483007,6.7334657493516321,False,False,0
cfsc,2,130,307.86380768234113,1790.1440153243748,5.203691353307808,False,False,0
cfsc,2,131,305.855320820472,180.58200753080348,6.5057216361477375,False,False,0
cfsc,2,132,305.65958461024451,184.16085847397369,6.31102492815414,False,False,0
cfsc,2,133,305.63956997998849,188.02921766332662,6.2877491614794092,False,False,0
cfsc,2,134,308.37399869832899,1060.7502707565409,6.462453459050236,False,False,0
cfsc,2,135,307.52199711319793,146.79699286337291,7.1770307072843842,False,False,0
cfsc,2,136,307.44052217578496,1473.4004930542781,3.9707810037751914,False,False,0
cfsc,2,137,308.53343022359309,955.28722540780723,6.6360134785099802,False,False,0
cfsc,2,138,308.34111196312841,1312.4219206439061,5.962762897615451,False,False,0
cfsc,2,139,307.9369978873583,1412.3047706838036,3.8750800961543064,False,False,0
cfsc,2,140,308.44305507511586,883.50876916662764,6.2225785585235274,False,False,0
cfsc,2,141,307.74257981695968,1391.1329819612356,3.6519947673722903,False,False,0
cfsc,2,142,308.22730662841752,1336.0874106524043,3.8084094285967227,False,False,0
cfsc,2,143,308.46839393943321,786.81401968484693,6.5334601989175498,False,False,0
cfsc,2,144,308.21728430150642,1290.9872231558754,3.751095430994281,False,False,0
cfsc,2,145,308.14810942336021,1286.4053927463492,3.5526790263138168,False,False,0
cfsc,2,146,308.86966195347827,764.04786602207355,6.0157028067917295,False,False,0
cfsc,2,147,308.8874318916196,768.00991083317558,5.9827545865335203,False,False,0
cfsc,2,148,308.95413001559035,751.56065715153773,6.0332126768489207,False,False,0
cfsc,2,149,308.57221207421514,1133.2042255270999,5.969947029555299,False,False,0
cfsc,2,150,308.85980521704056,721.3400257714552,6.0183954091567982,False,False,0
cfsc,2,151,308.28925887980216,1265.5911690171965,3.2930128161615095,False,False,0
cfsc,2,152,308.74234238452942,1153.739033553016,5.7610707924790665,False,False,0
cfsc,2,153,308.5784897765289,1210.2614722233584,3.4218630405365733,False,False,0
cfsc,2,154,308.61148905479217,1180.5225618919044,3.3966124347345614,False,False,0
cfsc,2,155,308.22776688892691,1198.6648411772046,3.2750209573748754,False,False,0
cfsc,2,156,308.48494750417382,1193.1697885777553,3.129735800997508,False,False,0
cfsc,2,157,309.20230963136464,714.31971755945892,5.8033593313495722,False,False,0
cfsc,2,158,308.52925593499305,1157.5576572185778,2.9887373654173306,False,False,0
cfsc,2,159,309.20556577053361,689.77114945878407,5.7240082415277262,False,False,0
cfsc,2,160,308.46126637262063,1163.4132047853614,2.6801380340145253,False,False,0
cfsc,2,161,308.88593238227202,1085.6851857480888,3.0563483243844192,False,False,0
cfsc,2,162,308.46139348460616,1128.7577743642978,2.627190750424877,False,False,0
cfsc,2,163,308.83334133914104,1048.2839996823707,2.858299207461418,False,False,0
cfsc,2,164,308.48910924612721,1093.2929776882434,2.6988889725648315,False,False,0
cfsc,2,165,308.71767254866103,1023.7777659935271,2.4926589032904896,False,False,0
cfsc,2,166,308.92913304482465,924.95999806209863,5.6252510287345538,False,False,0
cfsc,2,167,309.02596561867841,978.64782511704038,2.3695702936243803,False,False,0
cfsc,2,168,308.85883239761353,950.89850057595936,2.3695834968948506,False,False,0
cfsc,2,169,308.8591722841926,950.06965126500734,2.3988370512876962,False,False,0
cfsc,2,170,308.89389125550787,905.75054979386505,2.412370238913403,False,False,0
cfsc,2,171,308.89121453636432,913.38185177261676,2.2308924184175183,False,False,0
cfsc,2,172,309.43944277565242,623.97402133419621,5.684509371037211,False,False,0
cfsc,2,173,309.09377817475621,866.32540856006199,2.2206789751922535,False,False,0
cfsc,2,174,308.7963172588631,638.11834743194049,5.5633561525651753,False,False,0
cfsc,2,175,309.02502060980112,849.68323425469066,2.234811993386205,False,False,0
cfsc,2,176,308.53115937088802,578.5506015886217,5.5180404294880034,False,False,0
cfsc,2,177,309.18589222716997,780.62858467416675,2.5271637252122208,False,False,0
cfsc,2,178,308.63434430130792,539.04653582398123,5.4724951906246373,False,False,0
cfsc,2,179,309.37183531555479,797.32362968506425,2.2846962573316381,False,False,0
cfsc,2,180,309.56878662480557,679.49139513561454,5.2597923670477433,False,False,0
cfsc,2,181,309.55798363036507,715.2037490615935,2.6646802981370734,False,False,0
cfsc,2,182,309.47248009884214,716.40219865179756,2.1326325723215258,False,False,0
cfsc,2,183,309.67615151383802,687.21828454511581,2.1796395020315025,False,False,0
cfsc,2,184,309.76741408665453,652.80387701575717,2.3029820690663509,False,False,0
cfsc,2,185,309.77263037931266,631.10667653736687,2.5597081348712285,False,False,0
cfsc,2,186,309.10452580590612,509.15223926311569,5.2363095471650185,False,False,0
cfsc,2,187,309.67887370327293,661.74941191101527,2.0725849678627766,False,False,0
cfsc,2,188,309.13029017182072,528.94568280458452,5.0261177250841556,False,False,0
cfsc,2,189,309.99098297345864,602.17137751248003,2.4874751723239488,False,False,0
cfsc,2,190,309.86609463393347,651.38060307041656,1.9259189151342762,False,False,0
cfsc,2,191,309.36175831759073,358.75320151256619,5.4054013258732514,False,False,0
cfsc,2,192,308.86186950138165,502.38213913914228,4.5467147746128616,False,False,0
cfsc,2,193,309.00509679363205,394.85333031089306,4.790600365202188,False,False,0
cfsc,2,194,309.81887841480841,598.83983702390526,2.1339472091352016,False,False,0
cfsc,2,195,309.08320400075451,219.63864815697946,5.855446585445252,False,False,0
cfsc,2,196,309.55904191678269,421.46785824769466,3.2672195437546625,False,False,0
cfsc,2,197,309.82977906386213,386.1493631281146,3.7001882224932237,False,False,0
cfsc,2,198,309.83113764857274,388.04418671980744,3.6335707000016231,False,False,0
cfsc,2,199,309.81738443422813,347.67134100523515,3.372336312766488,False,False,0
cfsc,2,200,310.05194424315192,307.23544404521579,2.8542325293174953,False,False,0
cfsc,2,201,310.22184716178691,594.3585479738299,1.9659514881461879,False,False,0
cfsc,2,202,310.25211968136642,281.53676629227658,3.2056363471017097,False,False,0
cfsc,2,203,310.13330357695895,284.10064514972203,2.8280391128820703,False,False,0
cfsc,2,204,309.90615494415249,326.37667688351394,2.3398249409838296,False,False,0
cfsc,2,205,309.7778036088622,410.59823725003832,2.3112772463539333,False,False,0
cfsc,2,206,309.7510951094954,410.80843845725371,2.1490667798035856,False,False,0
cfsc,2,207,310.36532892726609,117.07368853361965,4.2223231082385135,False,False,0
cfsc,2,208,310.47663661317864,106.10142535612061,4.4791430531909313,False,False,0
cfsc,2,209,310.38117177328058,156.18506380335504,4.1298691281853737,False,False,0
cfsc,2,210,310.52672675208726,100.24276817674587,4.3968629027514385,False,False,0
cfsc,2,211,310.44240421834616,103.82983398260922,4.097932621002494,False,False,0
cfsc,2,212,310.57214887149286,120.39175783021341,3.9367415963240551,False,False,0
cfsc,2,213,310.52989607426446,106.22929710754431,3.4627806962865693,False,False,0
cfsc,2,214,310.46412813976684,97.746729464539953,3.4900274984328181,False,False,0
cfsc,2,215,310.58777067755665,92.379280780520958,3.3785261239026201,False,False,0
cfsc,2,216,310.4624213072284,134.28706115516059,3.1298262830292418,False,False,0
cfsc,2,217,310.637481559874,226.60838794570043,1.7293547380554095,False,False,0
cfsc,2,218,310.52962279525497,78.255990697738355,3.2366772083000468,False,False,0
cfsc,2,219,311.31030762910706,90.033237407479362,5.4600734774114841,False,False,0
cfsc,2,220,310.56180239679327,218.07610490125342,1.8654067889489201,False,False,0
cfsc,2,221,311.1197916586907,84.584039438340767,4.8680557468314261,False,False,0
cfsc,2,222,310.44611698739777,121.45818071072091,2.6777905300374925,False,False,0
cfsc,2,223,311.5669086150973,85.074020427936887,5.4754607083737108,False,False,0
cfsc,2,224,311.63797597817836,88.801924860823988,5.1345717962433666,False,False,0
cfsc,2,225,311.4636246867093,84.021914368539399,4.8354130652114122,False,False,0
cfsc,2,226,311.76018771023405,88.857140686491164,5.4649397454827211,False,False,0
cfsc,2,227,311.66650736120937,87.751919762792681,5.0473607885211473,False,False,0
cfsc,2,228,311.29716089150878,78.63721396093257,4.6956354877786755,False,False,0
cfsc,2,229,311.78667095691935,79.909462519637032,5.1416393923747066,False,False,0
cfsc,2,230,311.78667095691941,79.909462519637088,5.141639392374711,False,False,0
cfsc,2,231,311.3929573660788,77.242977892143642,4.6657244311846826,False,False,0
cfsc,2,232,311.08429106803851,127.13646875159344,2.6058760701704138,False,False,0
cfsc,2,233,310.82145923247987,197.52442465036501,1.4680866737052343,False,False,0
cfsc,2,234,311.10287580733507,95.31532666708506,2.6535230660837525,False,False,0
cfsc,2,235,311.88511517478497,157.68014471361852,2.1997898603406334,False,False,0
cfsc,2,236,311.9619851920715,180.36240170438447,2.157364759720422,False,False,0
cfsc,2,237,311.92118313801097,157.51389995614755,2.0007203173796597,False,False,0
cfsc,2,238,312.04825792336345,135.84853946704862,1.9418046397515591,False,False,0
cfsc,2,239,312.02830953182939,160.93737503646793,1.9910686726148898,False,False,0
cfsc,2,240,312.02830953182939,160.93737503646861,1.9910686726148881,False,False,0
cfsc,2,241,312.1273543557694,150.46481537276611,1.8829391129109272,False,False,0
cfsc,2,242,311.88736684467477,86.362304973847586,1.8621852655066773,False,False,0
cfsc,2,243,311.92201117186426,82.653809147150014,1.8255448751362278,False,False,0
cfsc,2,244,311.97425943268985,79.092965994044789,1.7673584232942385,False,False,0
cfsc,2,245,311.98256005013587,81.63705088482817,1.7109395900956637,False,False,0
cfsc,2,246,311.96916239851743,77.729788790344685,1.7654555272992081,False,False,0
cfsc,2,247,312.05515665663353,75.514734276694412,1.6401457898639391,False,False,0
cfsc,2,248,312.16433693378292,65.443068824383943,1.5257548148823288,False,False,0
cfsc,2,249,312.14364298413994,64.781478170545029,1.5900580342185737,False,False,0
cfsc,2,250,312.17477097239464,60.381849998071061,1.5167389954546122,False,False,0
cfsc,2,251,312.3240063859335,51.378415169542109,1.4004355149346779,False,False,0
cfsc,2,252,312.37481001743208,51.883742090413534,1.3408376928960255,False,False,0
cfsc,2,253,312.54784865879287,41.253112604398098,1.2017294467064117,False,False,0
cfsc,2,254,312.51955453373267,52.729154411524746,1.2042760389446148,False,False,0
cfsc,2,255,312.61009125816435,48.005322202282969,1.1289231185038613,False,False,0
cfsc,3,0,302.63385599467694,1888.6640227614598,10.606179207570371,False,False,0
cfsc,3,1,302.61509118059865,1905.6917348654365,10.555916521725695,False,False,0
cfsc,3,2,302.61735457839114,1913.5243627292718,10.419320259648146,False,False,0
cfsc,3,3,302.61735457839114,1913.5243627292721,10.41932025964816,False,False,0
cfsc,3,4,302.61373881849192,1890.8737583741024,10.365106354783126,False,False,0
cfsc,3,5,302.61258448050438,1888.722564250015,10.362635133027116,False,False,0
cfsc,3,6,302.52164706361799,1937.3210933762566,10.190684403451819,False,True,0.0022026896987660258
cfsc,3,7,302.62238209520359,1889.8475586760487,10.272206773207255,False,False,0
cfsc,3,8,302.54395556251416,1894.9455387616704,10.110171587020911,False,False,0
cfsc,3,9,302.50317557366094,1926.8484623233066,10.085232451617822,False,True,0.0023475238489337798
cfsc,3,10,302.55203979629567,1939.0483379581487,9.876387498945947,False,False,0
cfsc,3,11,302.62392108904953,1863.3376362654124,10.199281879199226,False,False,0
cfsc,3,12,302.49351024261807,1980.9954623572382,9.660211491448333,False,True,0.0078640582792841116
cfsc,3,13,302.55887728883437,1897.5555620081307,9.8276398948199049,False,False,0
cfsc,3,14,302.4599849817792,1979.8178294282495,9.5969642882707547,False,True,0.010086633513862225
cfsc,3,15,302.45435560632626,1948.6536952630963,9.7758768921560524,False,True,0.0076307178131337933
cfsc,3,16,302.50054595544145,1917.0477710437663,9.6318115983882855,False,True,0.00092693768701904329
cfsc,3,17,302.45324050283926,1917.277083382432,9.5030607826370996,False,True,0.0041969051799746974
cfsc,3,18,302.45176282088653,1910.2083667954062,9.4574762850639509,False,True,0.0035342845845097379
cfsc,3,19,302.45773476692801,1927.2050682645431,9.5658111769649317,False,True,0.0049505703632666898
cfsc,3,20,302.39894073326116,1997.8822857743767,9.4345897388340223,False,True,0.016086490419993899
cfsc,3,21,302.57053483639976,1836.4878405835577,9.9686768570890329,False,False,0
cfsc,3,22,302.58799229542029,1893.0241151287926,9.8618138370551485,False,False,0
cfsc,3,23,302.52512300837924,1859.5308727527986,9.7802484654634938,False,False,0
cfsc,3,24,302.54677758137854,1845.351604695629,9.8668176121047448,False,False,0
cfsc,3,25,302.38143257628155,1920.0639540031132,9.166315650416248,False,True,0.0092072386053629607
cfsc,3,26,302.39794445421109,1899.4193035484871,9.090062632368376,False,True,0.0058426721072936125
cfsc,3,27,302.38535168293544,1937.257102314617,9.2999395262580009,False,True,0.010827095164656696
cfsc,3,28,302.4394905534532,1846.4058715472386,9.2118746513512946,False,False,0
cfsc,3,29,302.37019160924251,1898.1488980219694,9.1587324249092141,False,True,0.0078217446023759116
cfsc,3,30,302.37247046706398,1901.7070351887614,9.0096537247948323,False,True,0.0078043019612917481
cfsc,3,31,302.62711778916315,1824.3892466816171,10.108759251444724,False,False,0
cfsc,3,32,302.3820179447041,1800.8545088450667,8.8669724688756233,False,False,0
cfsc,3,33,302.38171221572259,1796.6542022962249,8.8600236141238593,False,False,0
cfsc,3,34,302.34878565825056,1831.3628479407746,8.8095795597702491,False,True,0.0022141301367891364
cfsc,3,35,302.35074305301902,1788.0414008120426,8.7555513062418733,False,False,0
cfsc,3,36,302.36574877221318,1753.2459841886464,8.7385029823982165,False,False,0
cfsc,3,37,302.34776109554309,1736.5529086933841,8.6738928823254575,False,False,0
cfsc,3,38,302.33644117779926,1723.455168978953,8.5806927597068494,False,False,0
cfsc,3,39,302.33840369188408,1687.2450628601462,8.5374525529959335,False,False,0
cfsc,3,40,302.35274332573198,1677.6507484921726,8.6118249055091116,False,False,0
cfsc,3,41,302.33739763428167,1586.1057001138347,8.405799126846393,False,False,0
cfsc,3,42,302.33975200586423,1555.457581947358,8.3810587659111651,False,False,0
cfsc,3,43,302.3365657597891,1542.5067675936807,8.3151575185796567,False,False,0
cfsc,3,44,302.340437663991,1502.8829377331285,8.2623993794088655,False,False,0
cfsc,3,45,302.34700684080423,1470.4501661379295,8.3134221798819201,False,False,0
cfsc,3,46,302.33349305179343,1490.0158627791636,8.1801667579902748,False,False,0
cfsc,3,47,302.37076072011183,1523.4753943877058,8.1596829284768333,False,False,0
cfsc,3,48,302.34507196934021,1370.229010723742,8.0863233190981543,False,False,0
cfsc,3,49,302.38073489631336,1373.7143541874391,8.0070499991555835,False,False,0
cfsc,3,50,302.36593286557661,1359.827501628783,8.000905338130023,False,False,0
cfsc,3,51,302.37492551295969,1181.7228132744044,7.8619184965048934,False,False,0
cfsc,3,52,302.41134411614252,1253.8581904796724,7.8007972389639075,False,False,0
cfsc,3,53,302.40201694206951,1092.5777189495166,7.7056197660994723,False,False,0
cfsc,3,54,302.94084305458784,2117.5979220600088,4.4097864502611639,False,True,0.0044084559080573432
cfsc,3,55,302.4459630920071,1121.4057149796502,7.6438673560455364,False,False,0
cfsc,3,56,302.42867952283626,1050.9181844573852,7.5848114477019291,False,False,0
cfsc,3,57,303.01017716968306,2192.9298465023594,4.9622225048494952,False,True,0.027620596073296623
cfsc,3,58,303.0114613907237,2192.2602398693116,4.9641304757852813,False,True,0.027300610523035673
cfsc,3,59,302.51185713596175,1043.3548119128636,7.4923849922027568,False,False,0
cfsc,3,60,303.06298293461492,2159.8125774146429,4.7158363504918137,False,True,0.015949946472143983
cfsc,3,61,302.52367417030661,967.82072575364282,7.3736643412813123,False,False,0
cfsc,3,62,303.0123126025241,2199.8239009190011,5.1496739681396893,False,True,0.028229600410556124
cfsc,3,63,303.0191004239777,2193.2225913777411,5.1410289991989702,False,True,0.0255004689438489
cfsc,3,64,302.5104118416287,969.05155053189014,7.3483078292749191,False,False,0
cfsc,3,65,302.51540423917083,1003.6255200833106,7.4133112849429077,False,False,0
cfsc,3,66,302.50528962681062,913.82624472970917,7.2742286078352487,False,False,0
cfsc,3,67,302.6881022913762,892.14520096936553,6.9330261187391811,False,False,0
cfsc,3,68,302.55395724377235,899.04412252948293,7.3017409248094305,False,False,0
cfsc,3,69,303.1199789906866,2091.3127553177792,5.3776805398668364,False,False,0
cfsc,3,70,303.15527439623412,1994.4448324710088,5.2620083016475228,False,False,0
cfsc,3,71,302.71870387377481,850.59727773246163,6.8251818819459524,False,False,0
cfsc,3,72,302.74943121940373,813.70948021938671,6.7185456678372866,False,False,0
cfsc,3,73,302.61876131028527,841.07396594033276,7.1668104244025237,False,False,0
cfsc,3,74,303.15021964523834,2021.9883552846859,4.7776163256243844,False,False,0
cfsc,3,75,302.86928404120317,797.43558448687781,6.4902254246468498,False,False,0
cfsc,3,76,303.07481611713695,2103.3875081365777,4.9268726846193776,False,False,0
cfsc,3,77,302.64516002268817,806.64559596476442,7.1177180864171206,False,False,0
cfsc,3,78,303.26361187476851,1587.9803167425782,4.9038588701350836,False,False,0
cfsc,3,79,302.67228257087595,768.54901953058754,7.0561645765278875,False,False,0
cfsc,3,80,303.31256526719528,1640.7207808830813,4.8485428182108468,False,False,0
cfsc,3,81,302.68853871379719,773.5788127359092,7.0948277135799316,False,False,0
cfsc,3,82,303.34216876593808,1484.175339417269,4.8766305102120109,False,False,0
cfsc,3,83,303.0686511394286,755.01227560726988,6.2981752045151547,False,False,0
cfsc,3,84,302.64404785734314,812.59366806886419,7.2337646957899997,False,False,0
cfsc,3,85,302.66529798188373,789.34111753930415,7.2099857289748686,False,False,0
cfsc,3,86,302.89893625680696,766.84337014224388,7.0277154960324513,False,False,0
cfsc,3,87,303.36432556901366,1630.455732777622,4.7919900633738264,False,False,0
cfsc,3,88,303.34603283930642,1634.0344441734117,5.0006799333109715,False,False,0
cfsc,3,89,303.46076887881912,1210.7355406710963,4.7935998035159013,False,False,0
cfsc,3,90,302.82254163876792,799.19215245474902,7.4089724224421944,False,False,0
cfsc,3,91,302.87178904287094,636.76167211657639,6.9716035825134224,False,False,0
cfsc,3,92,302.84564899593778,639.89705139458192,7.0382930242453634,False,False,0
cfsc,3,93,303.62532222272756,697.92957096744999,4.7900132205485066,False,False,0
cfsc,3,94,303.61372421058576,630.66464198445976,4.7364243712592611,False,False,0
cfsc,3,95,303.75502376195737,617.29755117594584,4.6050980665406334,False,False,0
cfsc,3,96,303.79503652406783,563.27727299224352,4.597746422275252,False,False,0
cfsc,3,97,303.81145342424639,564.71271905902768,4.5886898602598558,False,False,0
cfsc,3,98,303.78095742778305,534.56039582227538,4.6445574720787022,False,False,0
cfsc,3,99,303.82791172283299,549.01680584644919,4.5452589056028767,False,False,0
cfsc,3,100,303.87732101818244,529.04099201705117,4.5256636868243714,False,False,0
cfsc,3,101,303.88736453594714,425.27790522028101,4.5945530041931564,False,False,0
cfsc,3,102,304.07786685536161,433.76197295114468,4.6402732339169175,False,False,0
cfsc,3,103,303.98471443779647,368.06558924612466,4.5466601232673245,False,False,0
cfsc,3,104,304.11607010709929,367.53115207986662,4.6529038604212065,False,False,0
cfsc,3,105,304.16226836683683,357.55487655503691,4.6219226535892393,False,False,0
cfsc,3,106,304.18318227524526,362.86023295068225,4.7849457408526321,False,False,0
cfsc,3,107,304.24634622207424,347.03305129611522,4.8976846394582276,False,False,0
cfsc,3,108,304.32730584300725,358.64966229393309,5.0905920536874039,False,False,0
cfsc,3,109,304.37019080080682,339.78912253727657,4.8484707876208466,False,False,0
cfsc,3,110,304.37617783132595,337.21467906233966,4.972583481639302,False,False,0
cfsc,3,111,304.42596122753798,352.98892844269506,5.2281759237309657,False,False,0
cfsc,3,112,304.46413502216524,334.11152555253761,4.9826896498533833,False,False,0
cfsc,3,113,304.50523038226237,332.04599414577405,5.2463381629116963,False,False,0
cfsc,3,114,304.6090186383185,329.93436123375335,5.3088800652832209,False,False,0
cfsc,3,115,304.60868078243732,324.087326814405,5.2802170661571708,False,False,0
cfsc,3,116,304.69061686475385,325.85108083588523,5.4221797982009505,False,False,0
cfsc,3,117,304.78454884550473,331.75961086104627,5.8169952295496836,False,False,0
cfsc,3,118,304.91006883722264,327.44179689590419,5.7459852641380449,False,False,0
cfsc,3,119,304.95753890310647,316.10172894988597,5.7646342394220262,False,False,0
cfsc,3,120,305.07999795979754,308.98959080141537,5.9386625076009301,False,False,0
cfsc,3,121,305.07999795979754,308.98959080141492,5.9386625076009292,False,False,0
cfsc,3,122,305.21834741801621,305.82431191690006,6.2651266461030648,False,False,0
cfsc,3,123,305.22504834038551,292.42307682458187,6.1599393623256677,False,False,0
cfsc,3,124,305.3340334396255,296.77931078296638,6.3889748716451038,False,False,0
cfsc,3,125,305.36003424837463,295.30263955899449,6.3334070355823728,False,False,0
cfsc,3,126,305.549831056551,291.61928082927216,6.7664879649378653,False,False,0
cfsc,3,127,305.53597320362064,289.01629506918147,6.50082754643695,False,False,0
cfsc,3,128,305.99257599700923,294.00231267475021,7.257385572162133,False,False,0
cfsc,3,129,305.91847251409922,284.65195769037251,6.9344034602617457,False,False,0
cfsc,3,130,306.03266773587092,281.12187810352088,7.0427643095945927,False,False,0
cfsc,3,131,305.43185297249727,177.8192900520234,6.9748738582493583,False,True,0.0038026397562921921
cfsc,3,132,305.57818603118346,199.77061978778318,7.1245231994766067,False,False,0
cfsc,3,133,307.13697899331032,2169.6211693650703,6.1653055735626481,False,False,0
cfsc,3,134,305.74201350440342,195.36187181529294,7.2003468515380566,False,False,0
cfsc,3,135,307.24742276063967,2122.1230647604693,6.137614657895182,False,False,0
cfsc,3,136,307.27960275110973,2132.458196237315,6.1727376617042786,False,False,0
cfsc,3,137,307.31957684219628,2026.4575177312722,6.2473898191877026,False,False,0
cfsc,3,138,305.71872282243822,163.51518681591381,7.0561712176757894,False,True,0.0062846471655087499
cfsc,3,139,307.36359982140038,1992.1259940661294,6.3313844167513178,False,False,0
cfsc,3,140,307.36359982140038,1992.1259940661296,6.3313844167513196,False,False,0
cfsc,3,141,307.36235743687729,1940.4392242813431,6.4309786016998567,False,False,0
cfsc,3,142,307.44217790995702,1954.6074773393395,6.3962341111861267,False,False,0
cfsc,3,143,306.12388604982095,135.17992541884939,7.2031712352447341,False,True,0.013786919670806363
cfsc,3,144,307.50564077438167,1940.4859670947699,6.3203081327956614,False,False,0
cfsc,3,145,307.52596994068944,1891.3651116347353,6.3905273469448325,False,False,0
cfsc,3,146,307.60642753475759,1913.5447731649977,6.3140011383856178,False,False,0
cfsc,3,147,307.63873286538757,1855.7559325017755,6.3893829608892503,False,False,0
cfsc,3,148,307.67963158731027,1894.4686631433797,6.3029024421796933,False,False,0
cfsc,3,149,307.67633264310672,1844.4641482574193,6.3806090259775647,False,False,0
cfsc,3,150,307.83890056498058,1977.4120529937384,6.0471107171147107,False,False,0
cfsc,3,151,307.86092331437993,1898.1652995793597,6.1136058466780048,False,False,0
cfsc,3,152,307.8656744688742,1896.9080443878604,6.2039740012766416,False,False,0
cfsc,3,153,307.88073887387765,1828.6597089477689,6.1725990473592205,False,False,0
cfsc,3,154,307.89192029014055,1827.4072963142257,6.1945856222606759,False,False,0
cfsc,3,155,307.99223419565334,1785.9378496822121,6.1841296810317941,False,False,0
cfsc,3,156,308.01082179219753,1765.9315021061716,6.2079752081321677,False,False,0
cfsc,3,157,308.04164730061558,1765.1341722791487,6.2185861107360916,False,False,0
cfsc,3,158,308.08863882120079,1704.8085185151556,6.1860771037783557,False,False,0
cfsc,3,159,308.1678916279422,1740.6539063354471,6.049328455682307,False,False,0
cfsc,3,160,308.1696492949381,1741.0875960189728,6.0491990293766715,False,False,0
cfsc,3,161,308.02882314998612,80.577267854680713,6.8853090398659891,False,True,0.015421980625334127
cfsc,3,162,308.28880356242331,1687.4727946934545,6.0038832576638912,False,False,0
cfsc,3,163,308.32225810523545,1657.6268753240965,5.9738135478655296,False,False,0
cfsc,3,164,308.34533538565591,1674.1711256060362,5.8730985398642632,False,False,0
cfsc,3,165,308.40323156884187,1627.1028149979365,5.8948931458405109,False,False,0
cfsc,3,166,308.43014799541697,1625.57063549643,5.8170453119432679,False,False,0
cfsc,3,167,308.44961591134955,1620.5491312699792,5.805512749389548,False,False,0
cfsc,3,168,308.83367691442368,367.42871498026818,5.2351336170705203,False,False,0
cfsc,3,169,308.72439869707068,1128.9887016201444,3.2024416773173661,False,False,0
cfsc,3,170,308.75692277890374,1117.8441757859327,3.2070790747454101,False,False,0
cfsc,3,171,308.78668244250224,1109.4644091107884,3.2983761415107535,False,False,0
cfsc,3,172,308.79222011356751,1109.2465054748943,3.2273949475844468,False,False,0
cfsc,3,173,308.83284850927595,1084.5342378122007,3.3256547676240906,False,False,0
cfsc,3,174,308.88276881137745,1072.9190797383078,3.3065153119419168,False,False,0
cfsc,3,175,308.98698827354372,324.06920007323276,4.9532519533813693,False,False,0
cfsc,3,176,308.84820841859533,1035.2660244042477,3.4716273889821334,False,False,0
cfsc,3,177,308.91905074812723,1029.7697997063992,3.2993921509947364,False,False,0
cfsc,3,178,308.89047931957163,993.34609222686527,3.5159254818964434,False,False,0
cfsc,3,179,309.100258546779,984.80193893039166,3.535171155722328,False,False,0
cfsc,3,180,309.01980369852009,946.27801483017151,3.5981478171176766,False,False,0
cfsc,3,181,309.03001840503106,424.44875721546612,4.3116989681130065,False,False,0
cfsc,3,182,308.97308064264467,629.90597109263501,4.1112956237285516,False,False,0
cfsc,3,183,308.98040770485295,590.6953243936814,4.1312117612960115,False,False,0
cfsc,3,184,308.98984409853517,639.5363264614856,3.9948325002005025,False,False,0
cfsc,3,185,309.19975641842319,900.65835005534109,3.4082263108619815,False,False,0
cfsc,3,186,308.97176700246911,632.45887114721972,3.8879014496371767,False,False,0
cfsc,3,187,309.83010842652811,641.80186286422406,2.6356200335846665,False,False,0
cfsc,3,188,309.87670166202764,633.84999749606504,2.6153118204514638,False,False,0
cfsc,3,189,309.23688025720003,455.48492362920615,3.8484161801103323,False,False,0
cfsc,3,190,309.89965536639369,625.98282780702266,2.8563744617841027,False,False,0
cfsc,3,191,309.92584224209986,620.61227391838565,2.6427876479116486,False,False,0
cfsc,3,192,309.39940000262033,436.41487251725152,4.072073689385018,False,False,0
cfsc,3,193,309.37767847225649,443.02310667429867,3.7609502774473764,False,False,0
cfsc,3,194,309.97329169525381,605.34432252076579,2.9013514526150481,False,False,0
cfsc,3,195,309.97329169525381,605.34432252076522,2.901351452615049,False,False,0
cfsc,3,196,309.27816471721417,383.95849743142458,3.5515289876011136,False,False,0
cfsc,3,197,309.51362644164971,276.10325548453739,3.8916547521904006,False,False,0
cfsc,3,198,310.06930713523303,584.41046491701491,2.9762528893936118,False,False,0
cfsc,3,199,310.08200247909269,581.66051296741875,2.9854046413799717,False,False,0
cfsc,3,200,310.18112808659873,235.87520661450554,2.376682575847771,False,False,0
cfsc,3,201,310.15187161631064,216.42703978459224,2.423510848503645,False,False,0
cfsc,3,202,310.19322682386553,213.86723312982753,2.3906159745738864,False,False,0
cfsc,3,203,310.25291319059079,212.60512098036997,2.3935313958197799,False,False,0
cfsc,3,204,310.30257163178408,205.99698101972365,2.4413089645129324,False,False,0
cfsc,3,205,310.37350195469025,205.51907823203624,2.4908754872942884,False,False,0
cfsc,3,206,310.39720542775274,190.14358213170942,2.4864299585717555,False,False,0
cfsc,3,207,310.44650774795025,181.98891000197233,2.5167094081657293,False,False,0
cfsc,3,208,310.51172940432087,179.5571163009356,2.5614412320080437,False,False,0
cfsc,3,209,310.53728300143018,178.34578726109731,2.548978760048807,False,False,0
cfsc,3,210,310.56505921621766,189.13352867467211,2.4162578049446095,False,False,0
cfsc,3,211,310.27110867999187,111.29962243604768,5.1273909036397125,False,False,0
cfsc,3,212,310.36146863857277,117.03639768628477,4.7264321554781574,False,False,0
cfsc,3,213,310.51640310276963,118.18257034913927,4.8917433669194308,False,False,0
cfsc,3,214,310.82273465046836,125.67968733200394,2.7072105929323769,False,False,0
cfsc,3,215,310.59047178225461,109.585376512994,4.4640305857962037,False,False,0
cfsc,3,216,310.92911753201957,155.78115503907782,2.4729638178439015,False,False,0
cfsc,3,217,310.90295637409974,116.86289491852881,2.9943488638929687,False,False,0
cfsc,3,218,310.75799084463767,108.84012652336037,4.460408426435432,False,False,0
cfsc,3,219,310.98111909097196,111.33101622984771,2.990200036195906,False,False,0
cfsc,3,220,311.06927449315742,111.82945188583676,2.8250810509459017,False,False,0
cfsc,3,221,311.05379785568647,109.31949060670843,3.1814103214353411,False,False,0
cfsc,3,222,311.46810476334326,125.37288941661552,1.92931590436703,False,False,0
cfsc,3,223,310.9572317468772,97.927542549928376,4.1913219147621046,False,False,0
cfsc,3,224,311.55761215165199,95.365221482267202,1.8959856215977293,False,False,0
cfsc,3,225,311.06073223076999,96.458132613726434,4.1107810839978161,False,False,0
cfsc,3,226,311.584686580881,89.918721979773068,1.90777569767166,False,False,0
cfsc,3,227,311.60183998858759,85.639654996179161,1.9116855059017093,False,False,0
cfsc,3,228,311.23260483528793,87.419279865044018,4.3969830155533058,False,False,0
cfsc,3,229,311.34918361164296,82.23445225100113,4.8201859303909771,False,False,0
cfsc,3,230,311.40009893091064,78.077991116902353,4.9444940478808128,False,False,0
cfsc,3,231,311.78558673125639,105.27881102373715,1.6764512589252165,False,False,0
cfsc,3,232,311.30122795071901,84.004288899448852,4.1374101654247637,False,False,0
cfsc,3,233,311.47320384918436,73.913758138100093,4.648961892360858,False,False,0
cfsc,3,234,311.86134245685344,72.507867597067843,1.6894796127830984,False,False,0
cfsc,3,235,311.94489365558445,73.824853586713857,1.6036391379300303,False,False,0
cfsc,3,236,311.96278561990539,68.075106522380111,1.6135237258429447,False,False,0
cfsc,3,237,312.14099762676631,86.478377752236725,1.4359740431734851,False,False,0
cfsc,3,238,312.7029349554399,65.409294038578764,1.3167065289874431,False,False,0
cfsc,3,239,312.64710566085404,38.108552743934297,1.2153911091847167,False,False,0
cfsc,3,240,312.64442572055503,36.928390410459315,1.2056624340842612,False,False,0
cfsc,3,241,312.75833249882663,61.981215443580822,1.2681449107348097,False,False,0
cfsc,3,242,312.74991928135131,62.453117848344959,1.2349366570816418,False,False,0
cfsc,3,243,312.79820389859583,58.343148583326297,1.2357101912691189,False,False,0
cfsc,3,244,312.8004416014661,59.476541642561301,1.2098875009230685,False,False,0
cfsc,3,245,312.8198931806657,59.07846135902696,1.1257814668348187,False,False,0
cfsc,3,246,312.83484961284267,58.504136049133081,1.1077528925105034,False,False,0
cfsc,3,247,312.83779853029915,58.191694101098165,1.103987723126572,False,False,0
cfsc,3,248,312.83779853029915,58.19169410109771,1.1039877231265756,False,False,0
cfsc,3,249,313.10385917041299,44.305468304560009,0.59559633234844611,False,False,0
cfsc,3,250,313.11487073728591,41.935418145907761,0.57696259117701665,False,False,0
cfsc,3,251,313.12001590540262,43.802945640129906,0.60102237420084315,False,False,0
cfsc,3,252,313.13536874786058,42.661443786186737,0.61490904605162111,False,False,0
cfsc,3,253,313.06703121811688,45.78241333525591,0.6569811312870053,False,False,0
cfsc,3,254,313.1277026085445,42.859301529699906,0.63824973871997415,False,False,0
cfsc,3,255,313.05181110549631,43.631952282310294,0.76180604460475809,False,False,0
cfsc,4,0,301.24702770153436,368.9042725028566,6.3138137215080112,False,True,0.069992024908554148
cfsc,4,1,301.22023214073749,363.17781029745851,6.2573356760083811,False,True,0.070021578131317971
cfsc,4,2,301.24487974481895,345.67396830890414,6.1501067984539795,False,True,0.066751255844638022
cfsc,4,3,301.3004237312544,340.1289460798202,6.4059248676202563,False,True,0.075869683421259437
cfsc,4,4,301.33400500133649,368.28435026467793,6.1463712963330934,False,True,0.057469432827673972
cfsc,4,5,301.32691961211071,333.8490002087176,6.2389639535627657,False,True,0.067903006353786668
cfsc,4,6,301.26634521108201,319.51528785389644,6.0987432195956677,False,True,0.067644936136932565
cfsc,4,7,301.2382946726587,322.90269043127415,6.0234280330692229,False,True,0.065351572721862816
cfsc,4,8,301.32604743800414,332.63936533730481,5.9765464179908774,False,True,0.056414192187861194
cfsc,4,9,301.34381575460804,316.52343658770104,6.0777434833136663,False,True,0.062642947110219088
cfsc,4,10,301.42549535015661,340.19658865674683,6.0131123639476156,False,True,0.050893504302072776
cfsc,4,11,301.35345823268477,327.03121029901735,5.872833045227396,False,True,0.051110118893681326
cfsc,4,12,301.25243220551494,312.02901602787267,5.8445661349782805,False,True,0.058364687278000357
cfsc,4,13,301.47729679346787,318.27233183275865,5.9409863396479974,False,True,0.048345567273952776
cfsc,4,14,301.45337828240139,306.55094164076894,5.9155604174095444,False,True,0.050617350228395211
cfsc,4,15,301.55614639640515,339.34796860805562,5.8877261993414285,False,True,0.037714974882969918
cfsc,4,16,301.4921900321516,334.25540841891313,5.801630503454275,False,True,0.038503797560701714
cfsc,4,17,301.57682561060773,300.76212203115102,6.3260738903074056,False,True,0.062694495198104785
cfsc,4,18,301.3192778861424,313.50059205667355,5.7672013885867583,False,True,0.050705744212968765
cfsc,4,19,301.6200511190512,322.20248177216888,5.9730488607118595,False,True,0.040685857748958693
cfsc,4,20,301.58149880926754,338.45786471413828,5.8522399603060631,False,True,0.034782051135487449
cfsc,4,21,301.48343422445589,316.53593059866938,5.7662553952592051,False,True,0.040457962444788248
cfsc,4,22,301.450198269049,300.06241553531032,5.6885400143531051,False,True,0.041749181019789292
cfsc,4,23,301.44509393523538,310.56780891872017,5.689268672248617,False,True,0.040292022817199478
cfsc,4,24,301.55654896853827,285.11349799407304,5.713432204211073,False,True,0.039135532198499176
cfsc,4,25,301.44681009155875,286.31201707630152,5.6179227362727389,False,True,0.04113236261882712
cfsc,4,26,301.66119241585301,286.01091068829516,5.7287648622642289,False,True,0.033493162473051112
cfsc,4,27,301.48337827718871,278.12214697925589,5.603538951538714,False,True,0.039726627112668
cfsc,4,28,301.59185808958199,294.64093563135248,5.6030152370772095,False,True,0.030484858752922363
cfsc,4,29,301.57938516262891,294.16242217165416,5.5929603245980726,False,True,0.030852463724787213
cfsc,4,30,301.80272208833389,280.69422104279823,5.7735972603964134,False,True,0.028053792328733874
cfsc,4,31,301.77403709142732,289.74040389545269,5.6021866784968957,False,True,0.020531646109115703
cfsc,4,32,301.66640596154224,289.34314946712504,5.5420444539399032,False,True,0.024259272926818846
cfsc,4,33,301.71731318574854,283.45526336079882,5.5180073859072527,False,True,0.021182734175201726
cfsc,4,34,301.63192049946184,301.57551654959053,5.6197566493581412,False,True,0.027687655956323918
cfsc,4,35,301.86444695865873,277.67501857103457,5.4502466663609228,False,True,0.010451688589848365
cfsc,4,36,301.87699036861562,276.43485517709308,5.4350347313674305,False,True,0.0092419213613746526
cfsc,4,37,301.82785586372529,259.85114730623314,5.4092158633423315,False,True,0.013813232155974228
cfsc,4,38,301.94043390975105,270.68440665698103,5.3627372865560492,False,True,0.0032418364239479164
cfsc,4,39,302.06540779853526,269.3327060147879,5.5186857145139037,False,True,0.0030774117533529516
cfsc,4,40,302.86306667587502,168.25927331887073,6.7473375291703546,False,True,0.0490790948925066
cfsc,4,41,301.77196790999426,265.76177375142765,5.4808163637592378,False,True,0.019308906610224087
cfsc,4,42,301.91407550747454,254.38768670915073,5.343154215094934,False,True,0.0066991818516203422
cfsc,4,43,302.14221811019888,236.10345967382295,5.173456864928978,False,False,0
cfsc,4,44,302.24310967155418,241.61818516456918,5.2234864900829994,False,False,0
cfsc,4,45,302.19821950029507,233.18411364503226,5.1388805463151428,False,False,0
cfsc,4,46,302.7822819712232,187.70558533065065,6.5300459152888717,False,True,0.037633350835230589
cfsc,4,47,302.4075647949175,224.3939019660906,5.7016363523999489,False,True,0.010132422110619474
cfsc,4,48,307.17787152624652,2175.8841150492003,6.5618071625275007,False,False,0
cfsc,4,49,307.15782727553869,2204.7636950167589,6.5291297645207491,False,False,0
cfsc,4,50,307.2152207130905,2197.2509995218988,6.4897744616899233,False,False,0
cfsc,4,51,307.23008862055838,2134.6586234196138,6.5477655624318531,False,False,0
cfsc,4,52,307.21505252215559,2125.7437567495926,6.4937290645100445,False,False,0
cfsc,4,53,307.25760078346201,2109.6925804698776,6.395639985631659,False,False,0
cfsc,4,54,307.4380679645929,2135.3266579538731,6.2555690740874503,False,False,0
cfsc,4,55,307.48933271044115,2114.7675932514931,6.2235729606387258,False,False,0
cfsc,4,56,307.48933271044115,2114.7675932514921,6.2235729606387258,False,False,0
cfsc,4,57,307.52905421482996,2056.7516348295994,6.2849595555920503,False,False,0
cfsc,4,58,307.57772519749187,2145.5489863144426,6.1082004656264184,False,False,0
cfsc,4,59,307.62018098550175,2072.9872702905727,6.1238725346230876,False,False,0
cfsc,4,60,307.64084955144176,2015.8044823767816,6.1697341207923735,False,False,0
cfsc,4,61,307.61077577957553,2006.3745696603328,6.1761223358358066,False,False,0
cfsc,4,62,307.660645335673,2004.1091084140489,6.1603366125665788,False,False,0
cfsc,4,63,307.73015587797642,1979.4391119084385,6.1543241210910322,False,False,0
cfsc,4,64,307.69035777641358,1959.1282489414396,6.1644689129683536,False,False,0
cfsc,4,65,307.74601422442583,2087.9205210881082,5.9481762878744595,False,False,0
cfsc,4,66,307.77438385420101,1948.871098633145,6.1559902276494114,False,False,0
cfsc,4,67,307.75511604842052,2054.0364017387142,5.9629327724692143,False,False,0
cfsc,4,68,307.74037277003379,2119.8292995268653,5.9227972361314611,False,False,0
cfsc,4,69,307.82956835453501,1919.875789577326,6.1027504416333649,False,False,0
cfsc,4,70,307.84048396534183,2007.2526807240315,5.9374419118210957,False,False,0
cfsc,4,71,307.85114858529016,1937.4340496131092,6.0552723625665053,False,False,0
cfsc,4,72,307.8703059487039,1965.8569025368811,5.9690583994922823,False,False,0
cfsc,4,73,307.89493868550892,1920.5323911636242,6.0075849788779436,False,False,0
cfsc,4,74,307.92645436200587,1885.1815628470154,5.9932766925266332,False,False,0
cfsc,4,75,307.94551537801334,1927.4003312019859,5.9187552849113176,False,False,0
cfsc,4,76,307.97725472427152,1909.1600964992551,5.9181327557193839,False,False,0
cfsc,4,77,307.98899057014722,1903.1022146372609,5.910481871942622,False,False,0
cfsc,4,78,307.9917122005179,1853.9785336954074,5.9347231526412365,False,False,0
cfsc,4,79,308.01203031114113,1834.1148101632596,5.9369411145178841,False,False,0
cfsc,4,80,308.04810760597098,1788.2453959877114,6.0461247000501928,False,False,0
cfsc,4,81,308.06392266707695,1783.9964306091963,5.9876134781367822,False,False,0
cfsc,4,82,308.0763529537823,1777.1080266776848,5.9870535348290463,False,False,0
cfsc,4,83,308.0390984596105,1792.8494344715336,6.0745322275988869,False,False,0
cfsc,4,84,308.17810162215943,1744.1061907462715,6.0276276994649152,False,False,0
cfsc,4,85,308.21191100838291,1731.2737822512131,6.00387003681222,False,False,0
cfsc,4,86,308.07954893602573,1703.3782162840257,5.7723255456531595,False,False,0
cfsc,4,87,308.2299425400721,1744.6435155445031,5.8242070816002771,False,False,0
cfsc,4,88,308.14360934933364,1675.6801015800713,5.7557012337793463,False,False,0
cfsc,4,89,308.31195442806808,1679.5012892926213,5.8259193432349781,False,False,0
cfsc,4,90,308.23132032649727,1604.7183852454893,5.7492573821224786,False,False,0
cfsc,4,91,308.24776564867381,1669.2033213634404,5.5507376828391912,False,False,0
cfsc,4,92,308.33100873810895,1627.3815261092752,5.4944488185040159,False,False,0
cfsc,4,93,308.35148719295847,1610.0334637073511,5.507822754978231,False,False,0
cfsc,4,94,308.36639674739087,1582.2531122076321,5.5537686761937808,False,False,0
cfsc,4,95,308.39765701959766,1543.8416810924546,5.5406511819178794,False,False,0
cfsc,4,96,308.47656886458969,1543.8318555279275,5.4391901236404694,False,False,0
cfsc,4,97,308.49788404569182,1532.4066391825381,5.4425769643831492,False,False,0
cfsc,4,98,308.50048815014867,1498.8289088485412,5.482652396482715,False,False,0
cfsc,4,99,308.4894809016476,1577.3557627488506,5.2909897519919156,False,False,0
cfsc,4,100,308.51244547971271,1475.5933959707384,5.4317439006428705,False,False,0
cfsc,4,101,308.59433237123653,1491.0958084594677,5.2011032222764566,False,False,0
cfsc,4,102,308.69810816346126,1489.6466085449147,5.216282631089233,False,False,0
cfsc,4,103,308.68461824811459,1466.8845805758938,5.2055898256471975,False,False,0
cfsc,4,104,308.68640722010434,1439.5382180273891,5.2347854739591178,False,False,0
cfsc,4,105,308.63587351147447,1517.3865021634947,5.1141374089714153,False,False,0
cfsc,4,106,308.69592002435752,1512.4959974682506,5.0849377815639016,False,False,0
cfsc,4,107,308.72073670605221,1431.8516052041089,5.2278974351635483,False,False,0
cfsc,4,108,308.73331806217743,1446.4581580347108,5.0798839314230779,False,False,0
cfsc,4,109,308.72720173137964,1373.1528947029406,5.2952065358629934,False,False,0
cfsc,4,110,308.82349255475941,1398.911537463096,5.1244516613478064,False,False,0
cfsc,4,111,308.90315079644597,1410.6465810494155,5.0640688654382702,False,False,0
cfsc,4,112,308.90615235254506,1423.28638483547,4.9956574099487128,False,False,0
cfsc,4,113,308.92876327695654,1403.476092502332,4.9573779794530521,False,False,0
cfsc,4,114,309.00378792061514,1362.1085961903946,4.9857930342412109,False,False,0
cfsc,4,115,309.02199078987701,1417.7670755041477,4.8421729928473702,False,False,0
cfsc,4,116,309.06221463921838,1385.388231197584,4.8149740347197465,False,False,0
cfsc,4,117,309.08504567839321,1339.262152986561,4.9434715705456629,False,False,0
cfsc,4,118,309.07825790423232,1289.3891675957464,4.9448347020670198,False,False,0
cfsc,4,119,309.13528856337172,1305.6825016453572,4.8440655266642754,False,False,0
cfsc,4,120,309.18387662344674,1339.6528164168471,4.7870653874969031,False,False,0
cfsc,4,121,309.18113386484345,1314.6999986853825,4.7847807072673856,False,False,0
cfsc,4,122,309.20670578162947,1290.8584519509,4.7910892737488169,False,False,0
cfsc,4,123,309.22914445377489,1278.2639149189442,4.8004396837610441,False,False,0
cfsc,4,124,308.11491228867737,1022.5263270695541,4.1155434490002873,False,False,0
cfsc,4,125,309.20455147138614,1203.9531964831567,4.8419014834594618,False,False,0
cfsc,4,126,309.32623246719771,1292.8015858777781,4.7156715081103844,False,False,0
cfsc,4,127,309.27421708691747,1188.8996945743979,4.8941356515759216,False,False,0
cfsc,4,128,308.18081341963585,933.92251216118427,4.1988964571398135,False,False,0
cfsc,4,129,309.33760345062984,1220.7635477231784,4.8266182187649349,False,False,0
cfsc,4,130,309.41456443999886,1207.4082362775907,4.761045688715158,False,False,0
cfsc,4,131,308.73324352815064,304.16479639721979,4.2796373631247784,False,False,0
cfsc,4,132,308.65051815353593,223.32266705954083,4.9499182042512606,False,False,0
cfsc,4,133,308.610214405482,864.1800203110821,3.8250944006715994,False,False,0
cfsc,4,134,308.75476580279991,848.30659039289935,3.8247756429194828,False,False,0
cfsc,4,135,308.80823765945911,880.68788819365989,3.511659175139219,False,False,0
cfsc,4,136,308.84466670034283,823.40917560286766,3.6568630924653394,False,False,0
cfsc,4,137,309.00373462892003,795.12960703611384,3.8434422406771258,False,False,0
cfsc,4,138,308.75567231478783,837.74724864088864,3.529848453172713,False,False,0
cfsc,4,139,309.03046937619212,846.26665568203043,3.2693607456256091,False,False,0
cfsc,4,140,309.10311827477813,806.17532660746713,3.321126709824735,False,False,0
cfsc,4,141,309.10423329116696,824.35469593815765,3.1738153119034038,False,False,0
cfsc,4,142,309.15807807537067,772.52836052536156,3.3133683911377685,False,False,0
cfsc,4,143,309.18764842606146,774.3135036435167,3.6150003446788133,False,False,0
cfsc,4,144,309.28042272611611,758.70850823054934,3.5115920787924213,False,False,0
cfsc,4,145,309.22941964695048,786.11847975987826,3.1269013611082666,False,False,0
cfsc,4,146,309.28009623432678,736.0534077468551,3.1926285379757693,False,False,0
cfsc,4,147,309.39320635184811,728.51124340323827,3.175551209918027,False,False,0
cfsc,4,148,309.45300441170355,705.11542480072012,3.1557440114637854,False,False,0
cfsc,4,149,309.49686017845755,697.40400501375973,3.0811745029808781,False,False,0
cfsc,4,150,309.55315133283284,699.8957505699218,3.3110050785191492,False,False,0
cfsc,4,151,309.51755842447886,690.74877182276032,3.0943709632336724,False,False,0
cfsc,4,152,309.43272922509323,750.25369745603757,2.8529961277675016,False,False,0
cfsc,4,153,309.54635380704298,708.53668893069857,2.8627679962375092,False,False,0
cfsc,4,154,309.49278092259942,755.4435280444701,2.8149561706598867,False,False,0
cfsc,4,155,309.71968272513345,678.93019735282178,3.1489619393936374,False,False,0
cfsc,4,156,309.56832419526694,719.56234233616112,2.8157753154454177,False,False,0
cfsc,4,157,309.64298102020103,710.08878904197047,2.7708635369709986,False,False,0
cfsc,4,158,309.43624456194914,260.63105071686863,4.2917909196983013,False,False,0
cfsc,4,159,309.68110121093224,708.26962306842722,2.7354013320295216,False,False,0
cfsc,4,160,309.77322159208586,646.30226766406906,2.8382671022465704,False,False,0
cfsc,4,161,309.77981164491058,651.86999806387962,2.7813105617756082,False,False,0
cfsc,4,162,309.78264199943396,647.19665631262171,2.743620747964933,False,False,0
cfsc,4,163,309.77340774363427,672.63541340529582,2.7168587065310685,False,False,0
cfsc,4,164,309.25041592765393,166.31778837447007,4.6189490668203517,False,False,0
cfsc,4,165,309.90631692143364,633.05902552563884,3.1492085963433176,False,False,0
cfsc,4,166,309.83443784714956,634.95705679663934,2.7682469656366608,False,False,0
cfsc,4,167,309.62670688630703,931.3495313228907,2.5906522804444942,False,False,0
cfsc,4,168,309.61686407982245,963.05659792163385,2.5799990084256401,False,False,0
cfsc,4,169,309.62757610781551,998.08402709014604,2.6174292614134971,False,False,0
cfsc,4,170,309.95117932054796,298.08060773637817,3.2869056123076983,False,False,0
cfsc,4,171,309.72459101547872,949.70923348975612,2.5327237686173176,False,False,0
cfsc,4,172,310.01636189389501,245.2246548518865,3.0778584391106474,False,False,0
cfsc,4,173,310.14844703491366,122.79854882119935,4.1040525141432962,False,False,0
cfsc,4,174,309.89451749777828,916.51270206938534,2.5467914351201597,False,False,0
cfsc,4,175,310.14483369111815,595.7488518707346,2.9149142998267794,False,False,0
cfsc,4,176,309.90627514975341,960.70480007940512,2.5017047116720712,False,False,0
cfsc,4,177,309.90455334032686,957.10816278501443,2.4813101983648136,False,False,0
cfsc,4,178,309.95219349129229,878.90033616360745,2.4562002863713159,False,False,0
cfsc,4,179,310.19540269916882,246.71174234524284,2.7362833305144942,False,False,0
cfsc,4,180,309.93859066688566,856.7512101980891,2.478141243889088,False,False,0
cfsc,4,181,309.96794891089206,826.81480552284438,2.4940889269711337,False,False,0
cfsc,4,182,309.95303820829378,827.38897852944865,2.4757420859634625,False,False,0
cfsc,4,183,309.99848763416622,822.58154340900705,2.519601639952421,False,False,0
cfsc,4,184,310.01892244806322,766.10639375238088,2.48859821082493,False,False,0
cfsc,4,185,309.97478009175387,858.01174449402356,2.4742176696235276,False,False,0
cfsc,4,186,309.99415373136804,829.68434359352761,2.4668043206635311,False,False,0
cfsc,4,187,310.13061810358801,198.03109315313037,2.8815772953344831,False,False,0
cfsc,4,188,310.02112767012443,795.4092337715482,2.4602821447196934,False,False,0
cfsc,4,189,310.68898936528961,112.12535784010527,3.9194512721611647,False,False,0
cfsc,4,190,310.30102865646342,183.21769349874091,2.9763456802081012,False,False,0
cfsc,4,191,310.09852944735053,119.55616185352983,3.7250572077427648,False,False,0
cfsc,4,192,310.61928690798726,208.96072636375141,2.4203313514828877,False,False,0
cfsc,4,193,310.22009815591139,135.31097839746781,3.0768211321723764,False,False,0
cfsc,4,194,310.43652162531453,123.8246918021174,3.8357834300147471,False,False,0
cfsc,4,195,310.46671476881482,115.49081914006877,3.8431757443186489,False,False,0
cfsc,4,196,310.63077724665288,186.43017770069292,2.0230269607033771,False,False,0
cfsc,4,197,310.69965062025813,170.17646799157956,2.1328305680400259,False,False,0
cfsc,4,198,310.83800870903673,172.97423177047119,2.2569311807354655,False,False,0
cfsc,4,199,310.37814513639449,97.46902134718664,3.8767893135410239,False,False,0
cfsc,4,200,310.89166724939355,167.01162432000973,1.9660700358240124,False,False,0
cfsc,4,201,310.98436041162688,163.24368237874711,1.9683069788412366,False,False,0
cfsc,4,202,311.01800270612534,158.55869598280196,1.9352659080152019,False,False,0
cfsc,4,203,311.05987425502281,150.70238723417287,1.974886187937666,False,False,0
cfsc,4,204,311.15008412947338,146.26788954004041,1.8946681051450112,False,False,0
cfsc,4,205,311.23508937267059,148.29347902009818,1.8500140833528578,False,False,0
cfsc,4,206,311.31137303508029,132.61103159044296,1.9755389017557334,False,False,0
cfsc,4,207,311.38694670475331,129.00594343613102,1.8995032766380389,False,False,0
cfsc,4,208,311.31477654758828,137.07015940362277,1.8295448904512366,False,False,0
cfsc,4,209,311.49802273343306,120.84015890555293,1.9723830081958642,False,False,0
cfsc,4,210,311.35623456055799,139.50452924040025,1.7282249526871762,False,False,0
cfsc,4,211,311.49073611679205,124.57369305022041,1.7998936083556307,False,False,0
cfsc,4,212,311.59028619734158,110.07839083204703,1.9453325048927121,False,False,0
cfsc,4,213,311.62102579171096,106.28320046185854,1.9300567912962148,False,False,0
cfsc,4,214,311.66167268286466,104.01408426430658,1.9700170184238823,False,False,0
cfsc,4,215,311.63389370650543,107.0597039175949,1.7973575161074615,False,False,0
cfsc,4,216,311.63389370650549,107.05970391759615,1.7973575161074598,False,False,0
cfsc,4,217,311.81793186836893,93.924021281864043,1.8288879096181851,False,False,0
cfsc,4,218,311.84476060113968,87.244055524149871,2.0112970558652057,False,False,0
cfsc,4,219,312.02490031769372,80.297710161779264,1.9016926184325849,False,False,0
cfsc,4,220,312.04914353286273,78.773881802274104,1.9058261548927486,False,False,0
cfsc,4,221,312.08979505459405,76.498009314692922,1.9176216135839406,False,False,0
cfsc,4,222,312.14230476424746,75.376381004659947,1.9495082768134893,False,False,0
cfsc,4,223,312.1134394168306,73.978860782326478,2.0091000809504704,False,False,0
cfsc,4,224,312.11356727049122,74.831295267898213,1.8341682909813386,False,False,0
cfsc,4,225,312.16154943341127,73.130067684396067,2.0884179896999671,False,False,0
cfsc,4,226,312.19609570459136,71.263294908308239,1.9230576567555158,False,False,0
cfsc,4,227,312.2780129166955,68.288599770422479,1.9021772227229716,False,False,0
cfsc,4,228,312.24928408287161,68.76495438594975,1.8688538172748927,False,False,0
cfsc,4,229,312.28756720730144,67.261384517626198,1.8514001986651989,False,False,0
cfsc,4,230,312.28616551600163,66.606908462786805,1.8845817510707521,False,False,0
cfsc,4,231,312.84329014502373,55.327576513483677,0.89907139885013621,False,False,0
cfsc,4,232,312.88390212004367,52.13836748369954,0.83760934819207566,False,False,0
cfsc,4,233,312.91135740677868,49.021782618590578,0.82135598335544646,False,False,0
cfsc,4,234,312.92618983686083,45.469456970357442,0.7276930853002348,False,False,0
cfsc,4,235,312.95230449329017,43.54976564678384,0.71196778665555538,False,False,0
cfsc,4,236,312.94322488126193,41.812614391556167,0.70687384913154983,False,False,0
cfsc,4,237,312.96863403233988,40.815652749192395,0.69215650090822667,False,False,0
cfsc,4,238,313.00167688594587,37.752584200671663,0.64704311264639713,False,False,0
cfsc,4,239,313.02442034821246,35.167163929298226,0.64940031901376294,False,False,0
cfsc,4,240,313.04240467050482,32.999246990607503,0.59695062773668717,False,False,0
cfsc,4,241,313.04240467050482,32.999246990607844,0.59695062773668273,False,False,0
cfsc,4,242,313.04951347596312,28.73193755096122,0.56351502957931832,False,False,0
cfsc,4,243,313.04970062889777,28.714977009101403,0.56332669006798053,False,False,0
cfsc,4,244,313.05904301053465,26.915412491789311,0.54497128975181308,False,False,0
cfsc,4,245,313.02958739988196,32.711827754881256,0.63174566390886966,False,False,0
cfsc,4,246,313.07628782963025,26.47789294459983,0.53703123906023009,False,False,0
cfsc,4,247,313.06091497984619,36.263414135692869,0.64409655790257236,False,False,0
cfsc,4,248,313.08359466610233,25.029357314563754,0.52130194500727267,False,False,0
cfsc,4,249,313.09770318766903,23.29333203354372,0.50131601280423244,False,False,0
cfsc,4,250,313.10515653874705,21.712561267580327,0.48641517533055367,False,False,0
cfsc,4,251,313.11070038690684,21.303278578093455,0.48405379377625835,False,False,0
cfsc,4,252,313.14132933813312,26.083671245831852,0.50556568527506496,False,False,0
cfsc,4,253,313.14209135097337,19.410470026000212,0.46000785940984468,False,False,0
cfsc,4,254,313.1400526736839,18.758543158770976,0.45460407389888591,False,False,0
cfsc,4,255,313.15085337273035,20.832532610975363,0.46340153986032995,False,False,0
cfsc,5,0,302.7183499267224,1892.3903464691916,8.9084679355752794,False,False,0
cfsc,5,1,302.66269192945049,1838.329317485227,8.8311874480274017,False,False,0
cfsc,5,2,302.60659209052335,1804.1322656021966,8.8010485070178799,False,False,0
cfsc,5,3,302.68343751443081,1789.8961746225946,8.7343389357603822,False,False,0
cfsc,5,4,302.67897836907167,1767.5329741333444,8.7113762477681966,False,False,0
cfsc,5,5,302.66647793064993,1698.9910536132047,8.6120719289015017,False,False,0
cfsc,5,6,302.7010152953398,1671.4008631944496,8.5603885930820631,False,False,0
cfsc,5,7,302.74419666227232,1638.0173511432206,8.5170033156010199,False,False,0
cfsc,5,8,302.65597470408062,1647.984776992294,8.5583067056386053,False,False,0
cfsc,5,9,302.74894120927894,1664.5331265051959,8.5885412006255422,False,False,0
cfsc,5,10,302.77717387318864,1651.9994476635848,8.5187401132642915,False,False,0
cfsc,5,11,302.77226958985136,1606.823516702842,8.4686446653622909,False,False,0
cfsc,5,12,302.83478660145818,1550.7806968797538,8.3899768038579818,False,False,0
cfsc,5,13,302.9568758514792,1550.082966168553,8.3161037102621833,False,False,0
cfsc,5,14,302.87537829940919,1511.3388703046949,8.3749645115224016,False,False,0
cfsc,5,15,302.89038837020377,1497.4547594750229,8.359453505142568,False,False,0
cfsc,5,16,302.98402110100699,1522.7239055604625,8.2812151344074874,False,False,0
cfsc,5,17,303.29492538998801,1814.265885841744,6.1788409595801772,False,False,0
cfsc,5,18,303.28607448435588,1725.8663643088662,6.6896111562240481,False,False,0
cfsc,5,19,303.31187488139557,1903.3766022884101,5.254981953515796,False,False,0
cfsc,5,20,303.34594593519978,1739.691512492609,6.4411410122035511,False,False,0
cfsc,5,21,303.33049602536647,1862.407648264706,5.2742727164164132,False,False,0
cfsc,5,22,302.9289048979835,1498.287111194757,8.2814530387258465,False,False,0
cfsc,5,23,303.31220697408247,2004.610453370673,4.9269183945212882,False,False,0
cfsc,5,24,303.35145014745399,1920.1109970981647,4.9036177465771393,False,False,0
cfsc,5,25,303.3593003212568,1661.8396610791369,7.3212681256395147,False,False,0
cfsc,5,26,303.07411724317075,1465.7267280166864,8.2105465591339311,False,False,0
cfsc,5,27,303.13163001865138,1533.2655009666489,8.1659321763272423,False,False,0
cfsc,5,28,303.32828514453666,1821.899080712964,4.9065589383719201,False,False,0
cfsc,5,29,303.3947500305398,2013.0377241404303,4.9602394758000923,False,False,0
cfsc,5,30,303.35810463147959,1504.953474332184,7.5017655265759551,False,False,0
cfsc,5,31,303.35810463147965,1504.9534743321842,7.5017655265759489,False,False,0
cfsc,5,32,303.39451352916905,1672.6649592432536,6.2168967413442173,False,False,0
cfsc,5,33,303.38217171151376,1868.1882255048445,4.7902000437927024,False,False,0
cfsc,5,34,302.92670191016413,1439.0999865852905,8.2490092697918431,False,False,0
cfsc,5,35,303.47813406676795,1964.6436235747515,5.1115727355993865,False,False,0
cfsc,5,36,303.33168129866397,1627.0954815584807,6.3745009821983363,False,False,0
cfsc,5,37,303.34234930512798,1862.1642698924929,4.5698850740730954,False,False,0
cfsc,5,38,302.89283672829634,1409.5262469090471,8.2787985307587171,False,False,0
cfsc,5,39,303.36407804277763,1568.8803478769948,6.5721312715036797,False,False,0
cfsc,5,40,303.4176567657758,1394.7331890846549,7.4658171039479582,False,False,0
cfsc,5,41,303.11919902766488,1371.8520551122137,8.203895521628688,False,False,0
cfsc,5,42,303.44569491842168,1365.1360925308209,7.6643645165782583,False,False,0
cfsc,5,43,303.12587224205998,1359.739211107898,8.1151395419873875,False,False,0
cfsc,5,44,303.41672707776706,2095.7526923992505,4.9046526455852586,False,False,0
cfsc,5,45,303.2407013726534,1372.4387832074335,8.0466241301719741,False,False,0
cfsc,5,46,303.50111189218728,1805.4722062387782,4.6358632729794955,False,False,0
cfsc,5,47,303.53659796953889,2015.5666698039749,4.8299368444156876,False,False,0
cfsc,5,48,303.03760739391487,1355.0542242901524,8.1013582272974656,False,False,0
cfsc,5,49,303.01885192269594,1340.6353916153785,8.108277387837326,False,False,0
cfsc,5,50,303.47439055461757,1705.3343861594794,5.3119448358913104,False,False,0
cfsc,5,51,303.06797635134177,1349.5155342165181,8.082364170365036,False,False,0
cfsc,5,52,303.43140929336505,2025.1120594127237,4.4892252233379528,False,False,0
cfsc,5,53,303.5649529771008,1255.4692658706576,7.6050316705455954,False,False,0
cfsc,5,54,303.56219546123077,1863.7577179368827,4.5284273247238893,False,False,0
cfsc,5,55,303.19156895023684,1281.2194604091503,8.0206012886472386,False,False,0
cfsc,5,56,303.58613040893738,1229.9632548292855,7.5984803067568354,False,False,0
cfsc,5,57,303.42484979439905,2115.965775013145,4.5562666686788695,False,False,0
cfsc,5,58,303.62741494779044,1663.7744274257225,5.1658388538057451,False,False,0
cfsc,5,59,303.60708586977637,1207.5259287392664,7.6042365142766766,False,False,0
cfsc,5,60,303.64598849348596,1774.4162451442953,4.6036222132965197,False,False,0
cfsc,5,61,303.44558150201345,2096.6554056190421,4.4817465061646722,False,False,0
cfsc,5,62,303.59941372842854,1188.6184427403664,7.5857010558774256,False,False,0
cfsc,5,63,303.81562677536829,1541.5657407009155,6.1488736731538269,False,False,0
cfsc,5,64,303.43669789718012,2078.5959815799506,4.3565410816798549,False,False,0
cfsc,5,65,303.69311311323486,1890.5810262896985,4.6961143454809449,False,False,0
cfsc,5,66,303.66720471390175,1148.1958214070075,7.5859973347532161,False,False,0
cfsc,5,67,303.43636074131825,2051.9323839949066,4.1965590209540906,False,False,0
cfsc,5,68,303.72128405107327,1080.6189906309594,7.5239799813979413,False,False,0
cfsc,5,69,303.78066743470418,999.74750474889743,7.478380196250618,False,False,0
cfsc,5,70,303.69921129765066,1039.4367847927901,7.6091344133291736,False,False,0
cfsc,5,71,303.85421158371219,939.08544634117959,7.4164393892366505,False,False,0
cfsc,5,72,303.84493808086876,912.4367751505763,7.3701717175237444,False,False,0
cfsc,5,73,303.37738238387868,1980.66381341225,3.7773312174294031,False,False,0
cfsc,5,74,303.36676919392681,1905.702651370781,3.5848625924343804,False,False,0
cfsc,5,75,303.93933095702499,876.72254578762147,7.3965345536215175,False,False,0
cfsc,5,76,303.90237808069276,835.9648147955171,7.3680546935257176,False,False,0
cfsc,5,77,303.79707010894163,893.50084078603174,7.4384583412696088,False,False,0
cfsc,5,78,304.05066442772699,1590.0752245614349,4.9071263274713921,False,False,0
cfsc,5,79,304.03579713271483,1591.5324644927841,4.9019579806695219,False,False,0
cfsc,5,80,303.92398350541885,802.72072035060467,7.2515130712063964,False,False,0
cfsc,5,81,303.97008472242663,783.89773457806507,7.2383226638730553,False,False,0
cfsc,5,82,304.03573553538297,777.49577259363321,7.3206722074166954,False,False,0
cfsc,5,83,303.96036603548021,804.56178253141388,7.3632656885529606,False,False,0
cfsc,5,84,303.52298852756758,347.0190397091875,5.6228987040400478,False,False,0
cfsc,5,85,303.54987566592968,356.09968997877166,5.6186577791264982,False,False,0
cfsc,5,86,302.83737670058701,230.61500217133892,6.0076137243097403,False,True,0.006805337261695521
cfsc,5,87,306.85054670592615,2224.8157208658313,6.6358845911468469,False,False,0
cfsc,5,88,307.10144568547872,2156.6579310696366,6.6802627292211074,False,False,0
cfsc,5,89,303.7255726831537,389.21835405869831,5.6842653627738562,False,False,0
cfsc,5,90,307.14270366094166,2145.2172357913892,6.6849845104625523,False,False,0
cfsc,5,91,303.81777005238172,363.05684151117788,5.6789174542534662,False,False,0
cfsc,5,92,307.16381166167207,2060.2482358932239,6.9125476436394893,False,False,0
cfsc,5,93,307.18511936652294,2046.953978558553,6.969280762174912,False,False,0
cfsc,5,94,307.15645911315619,2210.4446490456776,6.4801412729886367,False,False,0
cfsc,5,95,307.21135932340701,2043.8526301851739,6.9654341158062003,False,False,0
cfsc,5,96,307.27291671552189,2021.8537916465389,6.9447181147706765,False,False,0
cfsc,5,97,307.39281020628187,2012.072608296111,6.855109330840655,False,False,0
cfsc,5,98,307.39527391424286,2008.7456736752083,6.8690614631104543,False,False,0
cfsc,5,99,307.36486959113756,1984.5738642717993,6.9482727066799175,False,False,0
cfsc,5,100,307.44488693758228,1968.1859952634995,6.9216584674250523,False,False,0
cfsc,5,101,303.8496040741199,411.55765990161615,5.6403354937296779,False,False,0
cfsc,5,102,307.50199642722208,2065.9283426964789,6.0485801974139122,False,False,0
cfsc,5,103,304.44394706191537,342.33833154481442,5.6701964160226934,False,False,0
cfsc,5,104,303.83035423178399,406.61914142366584,5.5965271937067111,False,False,0
cfsc,5,105,307.54633375891785,2144.5480559561829,5.9214816864095088,False,False,0
cfsc,5,106,307.5920917714646,2090.6595132381312,5.9901005891818402,False,False,0
cfsc,5,107,303.89952657748427,420.31141222049939,5.6211825021462358,False,False,0
cfsc,5,108,307.58334374662354,1966.7641165463579,6.1102320220258175,False,False,0
cfsc,5,109,307.65614043038238,2052.1106447326483,5.9578820080189487,False,False,0
cfsc,5,110,307.76544860447552,2086.4499949582305,5.822431845672333,False,False,0
cfsc,5,111,307.74051285551928,2101.6578492228191,5.7740785366034277,False,False,0
cfsc,5,112,307.80896595017344,1968.7782764726553,5.8388690366836791,False,False,0
cfsc,5,113,307.80948847600382,1908.413681629489,5.9212306340731686,False,False,0
cfsc,5,114,307.91096232785992,1256.5244415516465,7.2374725906376529,False,False,0
cfsc,5,115,307.95887643937476,1209.3998754018678,7.3224590194423884,False,False,0
cfsc,5,116,307.62494631363546,1487.3922128428787,7.144351183371267,False,False,0
cfsc,5,117,307.79783932347641,1446.8005516430908,7.0735754833398747,False,False,0
cfsc,5,118,307.88612951412881,1412.6626207296354,7.0739643269762915,False,False,0
cfsc,5,119,307.94986559716415,1389.243717032602,7.0177400654078568,False,False,0
cfsc,5,120,308.20622726605887,1206.5547409212115,7.1345093970396611,False,False,0
cfsc,5,121,308.08549269966619,1339.718068264739,7.012451639595362,False,False,0
cfsc,5,122,308.00750842378886,1385.6281706450902,6.9635905815493375,False,False,0
cfsc,5,123,307.82675271785462,1456.7803875489403,6.9137614776146377,False,False,0
cfsc,5,124,308.17463761506224,1285.680623427412,6.9680536606619183,False,False,0
cfsc,5,125,307.89329725509572,1497.7669596394533,6.9396647550883959,False,False,0
cfsc,5,126,308.18627132399649,1862.154296751195,5.6298974974841878,False,False,0
cfsc,5,127,308.20034146460932,1853.7357241799382,5.6461356143627768,False,False,0
cfsc,5,128,308.22338856819573,1883.7974330934508,5.6566750746070404,False,False,0
cfsc,5,129,308.20875777311761,1834.0107503445129,5.5976980817399573,False,False,0
cfsc,5,130,308.41220846345033,1088.2453822479474,7.1304695522276873,False,False,0
cfsc,5,131,308.41223832864574,1122.8999044103116,7.1332550313614291,False,False,0
cfsc,5,132,308.14800570808177,1717.964790851222,5.9790734595521915,False,False,0
cfsc,5,133,308.44930650312,1038.569672104014,7.0831410993470669,False,False,0
cfsc,5,134,308.19524703719497,1700.1114489079532,5.9609691100053199,False,False,0
cfsc,5,135,308.18625005091752,1626.3920808765615,4.806235386849389,False,False,0
cfsc,5,136,308.05864273580124,1583.9801214602883,4.7184788952079799,False,False,0
cfsc,5,137,308.46369259255073,1127.187869609061,6.8104697586558514,False,False,0
cfsc,5,138,308.38529153964527,1539.6041967849201,4.5794457962416075,False,False,0
cfsc,5,139,308.22635362214135,1443.5479635699003,4.1939772556021726,False,False,0
cfsc,5,140,308.25024836476643,1115.1267025643328,2.7756715799600031,False,False,0
cfsc,5,141,308.26666267750079,1096.5361202257607,2.7530365887110095,False,False,0
cfsc,5,142,308.24664057208588,1079.7206587061216,2.7473347208238401,False,False,0
cfsc,5,143,308.33991862348307,1100.6443372375395,2.6770000619959937,False,False,0
cfsc,5,144,308.26248805183855,1039.6668899026276,2.5666190474495045,False,False,0
cfsc,5,145,308.34124230194595,1060.9008226704873,2.5536607529778594,False,False,0
cfsc,5,146,308.40643652381419,1036.3331732802562,2.5665934137296773,False,False,0
cfsc,5,147,308.53311526802366,1047.28342306584,2.5606475100656882,False,False,0
cfsc,5,148,308.5963515586439,1038.1617060450512,2.5305479046394188,False,False,0
cfsc,5,149,308.60424375744242,1001.7096467207693,2.5137054565858366,False,False,0
cfsc,5,150,308.59059050608136,962.96940179518401,2.431841108330107,False,False,0
cfsc,5,151,308.68988020740375,967.05709567815984,2.4261969886077726,False,False,0
cfsc,5,152,308.6825835193423,958.26183778062068,2.4217206415908641,False,False,0
cfsc,5,153,308.68247529761089,996.38531594713584,2.420399299962114,False,False,0
cfsc,5,154,308.81895097863594,957.2022858764285,2.3987126416563278,False,False,0
cfsc,5,155,308.65087427267764,897.55998401769853,2.7198321850427005,False,False,0
cfsc,5,156,308.82837377672126,935.93057634476804,2.338175522394105,False,False,0
cfsc,5,157,308.78944364318272,916.82989334264482,2.2571007068102231,False,False,0
cfsc,5,158,308.60053682745729,846.15415315184407,2.6954703887878737,False,False,0
cfsc,5,159,308.62973082384502,827.94817455215843,2.7801971502442218,False,False,0
cfsc,5,160,308.75186107909144,822.92061952948268,2.774916763268124,False,False,0
cfsc,5,161,308.8931527912535,609.16742356111683,6.1762533784368463,False,False,0
cfsc,5,162,308.74046442181378,596.69573393683652,6.0364230782146366,False,False,0
cfsc,5,163,308.79979046810837,585.05050965919327,5.9938591415545188,False,False,0
cfsc,5,164,308.71929927212409,565.84791717599956,5.8286650516306766,False,False,0
cfsc,5,165,309.10088500202636,878.06999845989947,2.286306271561811,False,False,0
cfsc,5,166,308.50757812916925,482.07551430226357,5.2138436034514841,False,False,0
cfsc,5,167,309.14904221409518,787.21124282887183,3.3338651588167747,False,False,0
cfsc,5,168,308.82256649437943,384.10909390596885,5.876537984572229,False,False,0
cfsc,5,169,309.14162348057084,767.25330705686792,2.7672255766403042,False,False,0
cfsc,5,170,308.43735449839903,368.62289209956538,5.0371455951285515,False,False,0
cfsc,5,171,309.15850992447815,874.29499748361002,2.1307031401750378,False,False,0
cfsc,5,172,309.23205080173062,803.43001945947753,2.5112859139366659,False,False,0
cfsc,5,173,309.06841709824778,366.62746223100055,5.4363535816946298,False,False,0
cfsc,5,174,309.34386795841414,717.56396685428786,2.7148350333068207,False,False,0
cfsc,5,175,308.88710405878362,320.33349893045602,4.9125004238710357,False,False,0
cfsc,5,176,309.38678528556744,748.07498437562947,2.4520808853417102,False,False,0
cfsc,5,177,309.36507426976971,719.70607786575954,2.311085159219191,False,False,0
cfsc,5,178,309.53908407664869,845.31853549122025,2.2339199316342802,False,False,0
cfsc,5,179,309.54832828667583,674.0779538254227,3.086631196115766,False,False,0
cfsc,5,180,309.18914155538886,320.58948325450166,4.7836890245217578,False,False,0
cfsc,5,181,309.25593418524625,310.36978109327083,4.7582625873715942,False,False,0
cfsc,5,182,309.74817755768493,659.97227216920271,2.8660833522641731,False,False,0
cfsc,5,183,309.76141131365375,666.56836711401047,3.6670160907302574,False,False,0
cfsc,5,184,309.27954609402434,348.29549499413662,3.9068702846426522,False,False,0
cfsc,5,185,309.80876809135941,635.33012781515208,2.9269755860235138,False,False,0
cfsc,5,186,309.25321435072095,346.0935346525888,3.6942104017504294,False,False,0
cfsc,5,187,309.37686010460902,338.43072844457919,3.8334591767880628,False,False,0
cfsc,5,188,309.48045830684941,273.29200937689171,4.2410476278486158,False,False,0
cfsc,5,189,310.07620740886449,634.50988472061647,3.5188616809367037,False,False,0
cfsc,5,190,309.72168295410495,240.61701702614346,4.5229145771595824,False,False,0
cfsc,5,191,309.55088985570046,299.74219333694276,3.9356936811545258,False,False,0
cfsc,5,192,309.54542199084023,297.40549189236947,3.7937379413526231,False,False,0
cfsc,5,193,309.6716944520349,284.85229314358168,3.8984497062520655,False,False,0
cfsc,5,194,309.65761831830116,269.89532025542428,3.8076301105469046,False,False,0
cfsc,5,195,309.86630256793205,250.27275291481834,4.3329903173471465,False,False,0
cfsc,5,196,309.84205633808028,229.00098801162727,4.3037658887504957,False,False,0
cfsc,5,197,309.80198198034026,374.51596421171081,3.556605377361064,False,False,0
cfsc,5,198,309.62642970856643,294.71563683350126,3.3113953793150173,False,False,0
cfsc,5,199,309.43751756319796,321.58404954600365,3.0754190049130892,False,False,0
cfsc,5,200,309.80152203278271,278.8438009164966,3.693888345287597,False,False,0
cfsc,5,201,309.6810454356098,278.67724085437845,3.3109866559972478,False,False,0
cfsc,5,202,309.80598496026369,248.59242916462648,3.8356211161065605,False,False,0
cfsc,5,203,310.03403535478179,368.59759649350644,3.7110585245678269,False,False,0
cfsc,5,204,309.90411162489374,285.77430827380238,3.3158859103465885,False,False,0
cfsc,5,205,309.95017456448431,268.09680303937785,3.2881132323072424,False,False,0
cfsc,5,206,309.94276324307225,197.6644041027912,5.8032892662290188,False,False,0
cfsc,5,207,310.01211079823531,253.18998616579324,3.4374616274802743,False,False,0
cfsc,5,208,310.0589040623575,293.87500439025496,3.3925789269543034,False,False,0
cfsc,5,209,310.10352486083599,296.61054246492796,3.174275694572998,False,False,0
cfsc,5,210,309.94291634828289,307.21606161380322,2.9213411579501312,False,False,0
cfsc,5,211,310.19889091594581,276.30211987966203,3.3007119362101838,False,False,0
cfsc,5,212,310.28151092836566,237.37572913716377,3.6176659270115259,False,False,0
cfsc,5,213,310.23261920816043,282.42741966010817,2.964332359992409,False,False,0
cfsc,5,214,310.13724304259881,328.48226096412066,2.7159251507207438,False,False,0
cfsc,5,215,310.69064630227962,87.013665618615732,4.7325671417532398,False,False,0
cfsc,5,216,310.19851617053939,312.98625598054485,2.7808790196618989,False,False,0
cfsc,5,217,310.43559879841689,241.00282258449585,3.2645975188126943,False,False,0
cfsc,5,218,310.4041632465196,227.75029628040193,2.9614910431968275,False,False,0
cfsc,5,219,310.28198083029878,263.33686141171017,2.493833886536073,False,False,0
cfsc,5,220,310.62933903932867,192.39682936297612,2.1804329501011646,False,False,0
cfsc,5,221,310.80481112588137,194.99143048829359,2.7858491337016691,False,False,0
cfsc,5,222,310.84632483136949,168.81839533410931,2.2858486964248685,False,False,0
cfsc,5,223,310.95644237676703,158.68876278299024,2.535620412382821,False,False,0
cfsc,5,224,310.93173407631889,155.34629294787146,1.751068493199794,False,False,0
cfsc,5,225,311.05633420245152,140.42570844725526,1.7585346269900741,False,False,0
cfsc,5,226,310.99368135047575,143.95300675353474,1.5692741045895753,False,False,0
cfsc,5,227,311.1549292431053,134.66547495117334,1.5359968981597234,False,False,0
cfsc,5,228,311.12454767871071,133.23309205467649,1.2550702075464981,False,False,0
cfsc,5,229,311.29472522970144,131.18521088034549,1.2460127879121909,False,False,0
cfsc,5,230,311.32979394320029,125.21820313202932,1.1886116236877582,False,False,0
cfsc,5,231,311.38069037865625,118.29292098763813,1.2301490673204709,False,False,0
cfsc,5,232,311.29309039707897,113.48246401201573,1.6078900547267079,False,False,0
cfsc,5,233,311.37240069324793,111.28987891899919,1.3946327285353251,False,False,0
cfsc,5,234,311.44532424424608,104.51228812524766,1.4120733556440355,False,False,0
cfsc,5,235,311.53504692166604,99.304059425954847,1.3280320467704563,False,False,0
cfsc,5,236,311.88123855828007,94.351568425062851,1.0469832799331469,False,False,0
cfsc,5,237,311.92537888022161,90.388318379042516,1.0288397617173315,False,False,0
cfsc,5,238,311.70558350879043,109.57302628684101,1.8866722823694948,False,False,0
cfsc,5,239,311.74956340266698,118.35096707951448,1.6835949733912985,False,False,0
cfsc,5,240,312.00209491173922,82.254197862594197,1.104781144874762,False,False,0
cfsc,5,241,311.94419009785219,95.103358199247168,1.6502697151774957,False,False,0
cfsc,5,242,311.81275821974037,122.55451661684515,1.5635952856681588,False,False,0
cfsc,5,243,311.97711882614141,81.464380944084041,1.7207994887878817,False,False,0
cfsc,5,244,312.12149787082495,70.277214838083864,1.6231614718124048,False,False,0
cfsc,5,245,312.31348970235643,74.361457304110559,1.1580977111925135,False,False,0
cfsc,5,246,312.13219474363194,84.371673682902383,1.4332490224809655,False,False,0
cfsc,5,247,312.15322106322174,82.375601982896228,1.4212971424402703,False,False,0
cfsc,5,248,312.49766742619965,76.248236672514054,1.3142380978546582,False,False,0
cfsc,5,249,312.53198872587154,71.543177859470234,1.2974129158299812,False,False,0
cfsc,5,250,312.66799298709338,63.463215288767401,1.1831291636588244,False,False,0
cfsc,5,251,312.6650916203198,68.333771496265854,1.2091724942892608,False,False,0
cfsc,5,252,312.67597719216144,65.145798807324468,1.1621704031054234,False,False,0
cfsc,5,253,312.86028280384346,56.971003560904137,1.0524592438084426,False,False,0
cfsc,5,254,312.90007422858747,52.655410446838914,0.95575590009874745,False,False,0
cfsc,5,255,312.95038833662983,50.312403471153402,0.90779116953379013,False,False,0
cfsc,6,0,303.05486177690943,843.46251924632202,6.1058614842960202,False,False,0
cfsc,6,1,303.09641060814067,829.66637380461179,6.12754705716545,False,False,0
cfsc,6,2,303.10924998174215,829.04728723580683,6.1649086476345465,False,False,0
cfsc,6,3,303.1053187130367,630.73172546889703,5.5307501579805294,False,False,0
cfsc,6,4,303.04890834327676,564.94222554263183,5.3683557712112897,False,False,0
cfsc,6,5,303.15646035398419,541.62853946790631,5.362646814835168,False,False,0
cfsc,6,6,303.17169030914249,535.64470783466004,5.3896058474624366,False,False,0
cfsc,6,7,303.1300956154081,437.58276751957669,5.0959302812476128,False,False,0
cfsc,6,8,302.82955833985972,437.45704804503589,5.0245109684029323,False,False,0
cfsc,6,9,302.84598233239512,380.6707672070952,4.7341059564439094,False,False,0
cfsc,6,10,303.07827196647577,397.89908831118248,4.8771952617523526,False,False,0
cfsc,6,11,303.12211654445503,382.48181774588738,4.8772367623479678,False,False,0
cfsc,6,12,302.84277229900766,370.61134905451144,4.8108650499727776,False,False,0
cfsc,6,13,303.18294865586904,431.52728055424006,5.2388276884583567,False,False,0
cfsc,6,14,303.16904850253889,335.62231341350963,4.8741380646022767,False,False,0
cfsc,6,15,302.70263570267798,402.18832172890478,5.0934315053821129,False,False,0
cfsc,6,16,302.78058979771606,356.40763472216696,4.9121292105200087,False,False,0
cfsc,6,17,302.7570937656792,324.10919935849086,4.7520339649579579,False,False,0
cfsc,6,18,302.91650559717277,311.3738228884655,4.8726208367186938,False,False,0
cfsc,6,19,303.134594500378,309.08605926100614,4.9935288358075907,False,False,0
cfsc,6,20,302.89607792661712,297.10882796098997,4.9302166259481481,False,False,0
cfsc,6,21,302.79283341014406,302.02894383751726,4.9190580970117388,False,False,0
cfsc,6,22,302.79593076522758,297.00331916423556,4.994985677161953,False,False,0
cfsc,6,23,302.84050853693043,288.11207472468078,5.0382827210624681,False,False,0
cfsc,6,24,302.78334201593606,287.70117248717804,5.0321405461514512,False,False,0
cfsc,6,25,302.85092959330245,275.13291188005093,5.1210494080331861,False,False,0
cfsc,6,26,302.87240923211544,271.94239896611401,5.1923931769207945,False,False,0
cfsc,6,27,302.77195993831083,272.12523804839236,5.2466354463156772,False,False,0
cfsc,6,28,302.71628553882391,267.60595418649859,5.2370785373734927,False,False,0
cfsc,6,29,302.76440083905726,263.31731763298109,5.285001824227014,False,False,0
cfsc,6,30,302.72773641911675,258.28475687618123,5.2845550768963765,False,False,0
cfsc,6,31,302.66468295756135,253.13337882749556,5.3548261207446117,False,False,0
cfsc,6,32,302.87424478249272,246.60855035520768,5.4018348706434036,False,False,0
cfsc,6,33,302.94232493459657,246.40798985810466,5.4712901317888232,False,False,0
cfsc,6,34,302.71204135334949,243.98262598401493,5.4704308525272207,False,False,0
cfsc,6,35,302.92393317791056,239.70055607776834,5.5105150401193566,False,False,0
cfsc,6,36,302.98093134207016,231.15135208232977,5.6114296452105243,False,False,0
cfsc,6,37,303.61503701172558,215.74294281685854,5.8761386440970158,False,False,0
cfsc,6,38,303.63220618948873,214.7429726107996,5.8790712817921076,False,False,0
cfsc,6,39,303.66461307046802,208.08075943131348,5.9593839173849394,False,True,1.5766705308742357e-05
cfsc,6,40,303.66727628285275,207.85265806328414,5.9679707308265488,False,True,0.00025538662454083205
cfsc,6,41,303.64687616662917,204.53905073496503,6.0045415388218268,False,True,0.0027813794788606599
cfsc,6,42,303.67160489731458,197.8690056207156,6.0538239514206031,False,True,0.0061400361880562804
cfsc,6,43,303.84166183502515,190.80009358464946,6.1824998146082724,False,True,0.0088777126069055079
cfsc,6,44,304.03564048996134,209.26199954745658,6.4053021165332664,False,True,0.0030854755291192526
cfsc,6,45,304.12653151781791,231.18549738097107,6.6834491292706284,False,False,0
cfsc,6,46,304.06829790586534,180.88195524395348,6.4242077802947888,False,True,0.014324680772160564
cfsc,6,47,304.17323539290226,196.0134288693373,6.6320954027338574,False,True,0.011115645407191274
cfsc,6,48,304.06964036618973,181.54317136548218,6.4571640966160517,False,True,0.014785756645166848
cfsc,6,49,304.20133796053278,196.3503471093922,6.6826786445959545,False,True,0.011631540227151752
cfsc,6,50,304.29268498867481,189.78878019544482,6.7495446332238007,False,True,0.014160332381573215
cfsc,6,51,304.40322471820161,183.97723043250642,6.8632698059559667,False,True,0.01711314076163592
cfsc,6,52,304.55701322490717,185.99049126986188,7.0585140928639962,False,True,0.018011106617180486
cfsc,6,53,304.56227376591545,181.01456875312948,7.0458512172979537,False,True,0.019626195435406862
cfsc,6,54,304.63343911296579,178.26995797769644,7.159494209108729,False,True,0.022047582056358955
cfsc,6,55,304.79964711305058,169.84224770092192,7.1872316364467705,False,True,0.023100945864280575
cfsc,6,56,304.78781027961708,170.19321513444646,7.2864315333819087,False,True,0.02542958525247542
cfsc,6,57,304.86231595737542,166.71054249858901,7.3710905924806145,False,True,0.027427769160991156
cfsc,6,58,304.96950631615516,176.49529037171885,7.5679702801826583,False,True,0.026073903289572473
cfsc,6,59,305.07535625984298,152.82356724199678,7.4319905689892298,False,True,0.030593074671475179
cfsc,6,60,305.13057160861729,169.11258973321111,7.6186629953136409,False,True,0.027322116411615451
cfsc,6,61,305.13057160861729,169.11258973321162,7.6186629953136302,False,True,0.027322116411615006
cfsc,6,62,305.36503581630313,180.6165652747398,7.8926800155554124,False,True,0.024767397884397413
cfsc,6,63,305.43964475631805,208.24976003746212,7.9717233553214273,False,True,0.014147363570485919
cfsc,6,64,306.09496766217165,180.3978644203869,8.483437533397046,False,True,0.025303565613614624
cfsc,6,65,305.85885431149916,173.61804580220507,8.414535779503117,False,True,0.030661799550035472
cfsc,6,66,305.85772910582654,153.8062254101726,8.3373806762571583,False,True,0.036876700879839013
cfsc,6,67,306.16186093530501,166.06049462130807,8.4341939869116374,False,True,0.028745154150955549
cfsc,6,68,306.15054722674154,179.78304886307643,8.5421142337793405,False,True,0.025896269543037406
cfsc,6,69,305.973222714857,152.6235944342709,8.3300651328507787,False,True,0.035127486843711753
cfsc,6,70,305.98149045073961,151.19678906425884,8.3085400164594816,False,True,0.035062769794223556
cfsc,6,71,305.78519626758543,158.7033034858116,8.2279164349432961,False,True,0.033710914190273167
cfsc,6,72,305.68132516466329,149.6888456137998,8.1901053682830423,False,True,0.038318276485177639
cfsc,6,73,306.64665699173685,1193.6855451736467,6.5176375409342455,False,False,0
cfsc,6,74,306.02170138331769,154.96521374099495,8.3511307937364485,False,True,0.033803745656586712
cfsc,6,75,306.74015815958813,1003.4503960736652,6.6451887030633863,False,False,0
cfsc,6,76,306.04849059918394,154.74084902161644,8.2439165765405154,False,True,0.030975469213050583
cfsc,6,77,306.74348948066392,1039.5904498023165,6.5428846329207691,False,False,0
cfsc,6,78,306.16985896201248,148.05379702650293,8.3196889010076998,False,True,0.033222636727761733
cfsc,6,79,306.08126437750809,150.39612860900115,8.0996148004011879,False,True,0.02884988043942615
cfsc,6,80,306.09411006750605,149.0232712027007,8.0422323298925633,False,True,0.027865538687981632
cfsc,6,81,306.75849525210896,1021.9973966440498,6.5234613928249692,False,False,0
cfsc,6,82,306.72421475793448,1240.2605481358614,6.3677894886641457,False,False,0
cfsc,6,83,306.78984521450036,1050.3702762520497,6.5489144530610499,False,False,0
cfsc,6,84,306.75760008978239,963.63963048327685,6.5948810763687202,False,False,0
cfsc,6,85,306.80337485056862,996.12957886741901,6.5770030776040045,False,False,0
cfsc,6,86,306.77876423410549,1158.7201418695163,6.4208370204385679,False,False,0
cfsc,6,87,306.30296365428899,164.08246677828356,8.0215011351564183,False,True,0.017629091441855517
cfsc,6,88,306.79342788635745,1174.1667497485282,6.3608800882613465,False,False,0
cfsc,6,89,307.25890805853385,2159.3141091155844,5.9411871145279544,False,False,0
cfsc,6,90,306.83114228632058,1013.6143934126995,6.4504087700333281,False,False,0
cfsc,6,91,307.31221338585863,2064.2006717286858,6.249048397552853,False,False,0
cfsc,6,92,306.39643281927528,170.39720604333223,8.1145752969668585,False,True,0.015548834320668149
cfsc,6,93,307.30060385248919,2146.5656121815064,5.674276388406132,False,False,0
cfsc,6,94,307.35203886076221,2076.26708165438,6.1501550798643327,False,False,0
cfsc,6,95,307.3099615901524,1997.1115388043165,6.3971624785843311,False,False,0
cfsc,6,96,307.39014057168907,1923.5018708679427,6.4495707277471466,False,False,0
cfsc,6,97,306.87149066917937,1146.1789802358492,6.3330391040538405,False,False,0
cfsc,6,98,307.33259179141805,2156.915118887684,5.863488147154257,False,False,0
cfsc,6,99,306.43190364038873,125.15713324700891,7.6286343881219674,False,True,0.022010094020800106
cfsc,6,100,306.8431866918142,1428.8131156545226,6.108342628814456,False,False,0
cfsc,6,101,307.38781300133246,2129.6717584560829,5.9062068068442448,False,False,0
cfsc,6,102,306.89180739223292,1215.2167772118964,6.2875207978821965,False,False,0
cfsc,6,103,306.93150918794038,1020.3484565399915,6.4832835785935359,False,False,0
cfsc,6,104,306.86512091000594,1354.4942866774322,6.1215922238607297,False,False,0
cfsc,6,105,307.37951480406235,2091.8248323449816,5.8054579921615561,False,False,0
cfsc,6,106,307.42007822850314,2126.0057912195743,5.703634999032106,False,False,0
cfsc,6,107,307.44297977340636,1951.9172314358232,6.3463036868637372,False,False,0
cfsc,6,108,306.73202183086465,155.39512677970868,7.8124425089697391,False,True,0.0087129380032818851
cfsc,6,109,307.48474436841946,2049.6958842252352,5.9714811308340403,False,False,0
cfsc,6,110,306.9374744344355,1326.5685755217332,6.1417979749774094,False,False,0
cfsc,6,111,307.06523172894708,198.39521200641633,7.6041625986408565,False,False,0
cfsc,6,112,307.48270683400392,1988.1665679718856,6.4275036077124073,False,False,0
cfsc,6,113,307.48603673483518,1975.1069866673254,6.4511300529307505,False,False,0
cfsc,6,114,307.57744821589739,1877.2690795688463,6.3890416627173314,False,False,0
cfsc,6,115,306.91816954662806,122.4784492686656,7.6580301323345932,False,True,0.015092577238903081
cfsc,6,116,307.45004416089108,2057.2268330089246,5.708183291276157,False,False,0
cfsc,6,117,307.58340700824641,1945.4544205236032,6.3535653089082738,False,False,0
cfsc,6,118,307.59839183958206,2044.7298597901563,5.9252353136765956,False,False,0
cfsc,6,119,307.63787720814753,1874.0778803291503,6.4452385031693202,False,False,0
cfsc,6,120,306.80351163220848,141.924079619743,7.6327652710095197,False,True,0.0087551416738672963
cfsc,6,121,307.08528968636745,1264.541976298352,6.1081400062051934,False,False,0
cfsc,6,122,307.67257137271139,2039.6570484760828,5.9357786961502264,False,False,0
cfsc,6,123,307.71592793337391,1884.5924861614287,6.2797179488568799,False,False,0
cfsc,6,124,307.679737098852,1896.0115501926464,6.2872083429670091,False,False,0
cfsc,6,125,307.76529165559077,1836.1511620170984,6.2804181790987377,False,False,0
cfsc,6,126,307.92661850435638,1995.9119713212785,5.9051060854793791,False,False,0
cfsc,6,127,307.04370091802946,129.52468687203418,7.3042021402621931,False,True,0.0019722281769191247
cfsc,6,128,307.94144047557074,1890.7812431796069,6.0479913949489665,False,False,0
cfsc,6,129,307.88675416887457,1776.7155789394449,6.2939558531200817,False,False,0
cfsc,6,130,307.33452759039108,100.08155431587591,7.2538678530591394,False,True,0.012397346861846497
cfsc,6,131,307.91489891077453,1916.1517301046927,5.9694841463188766,False,False,0
cfsc,6,132,307.57826059279608,103.40239789387999,6.9229986499606007,False,True,0.0077774112437342087
cfsc,6,133,307.65354931384496,137.98997147369323,6.9652445879626814,False,False,0
cfsc,6,134,307.98454000432884,1844.4316193903248,5.9819167599019982,False,False,0
cfsc,6,135,307.72107979667061,119.06962333750937,6.7983106414363688,False,False,0
cfsc,6,136,307.72885869231601,106.41135869251343,6.7564799752888796,False,True,0.0051660021492330108
cfsc,6,137,308.07983824310935,1772.1190123548051,6.0421512935571906,False,False,0
cfsc,6,138,308.08234921201574,1760.2832878745287,6.0614425280923179,False,False,0
cfsc,6,139,308.08117818092808,1849.2814390732499,5.8576286164652842,False,False,0
cfsc,6,140,308.11062602167908,1726.3609131043022,6.0351727471768761,False,False,0
cfsc,6,141,308.07220225231549,1808.3214046318658,5.9140203719559903,False,False,0
cfsc,6,142,308.16121103417686,1722.2054545955918,5.9876097172320915,False,False,0
cfsc,6,143,308.11144494862225,1792.3729629448278,5.8859827154626307,False,False,0
cfsc,6,144,308.20406524128146,1716.1149736525867,6.0228842618091827,False,False,0
cfsc,6,145,308.22171204409733,1605.9567634566074,6.1671396995495966,False,False,0
cfsc,6,146,308.20604477852697,1816.9841801563095,5.7650180266118829,False,False,0
cfsc,6,147,308.26526210347521,1594.8096319045999,6.1485576051542177,False,False,0
cfsc,6,148,308.25671415210275,1631.8482209025319,6.0391851865215056,False,False,0
cfsc,6,149,308.28657080168927,1655.4417943776009,6.0920621876572092,False,False,0
cfsc,6,150,308.88005065401933,1440.9628052856906,4.4098479217991722,False,False,0
cfsc,6,151,308.89462999958954,1435.2063011403047,4.3797092847945578,False,False,0
cfsc,6,152,308.87771692011836,1457.3361845428003,4.2776567631209375,False,False,0
cfsc,6,153,308.88953274587573,1423.4529997378893,4.2940108849622431,False,False,0
cfsc,6,154,308.97038565362965,1313.7403167793223,4.5031931869514112,False,False,0
cfsc,6,155,308.99831673931345,1273.3672155244615,4.6091191819459523,False,False,0
cfsc,6,156,308.91933828950101,1406.7505428333902,4.2526915491203887,False,False,0
cfsc,6,157,308.92864400919905,1402.0088964331671,4.2303659244738192,False,False,0
cfsc,6,158,308.87483506980033,1345.310849598925,4.421461736532307,False,False,0
cfsc,6,159,309.02082869851677,1213.9085016951431,4.7265410229632678,False,False,0
cfsc,6,160,308.58337470664662,1206.2495016481553,3.1776946813983455,False,False,0
cfsc,6,161,308.69502979331884,1162.6836485544363,2.9134532217182025,False,False,0
cfsc,6,162,308.77830398978961,1131.8333214850381,2.9348797643457831,False,False,0
cfsc,6,163,308.7453696547168,1120.285592531598,2.7388442046980543,False,False,0
cfsc,6,164,308.80633490229837,1111.4789347222306,2.8420272637227568,False,False,0
cfsc,6,165,308.84901235538877,1097.860311919007,2.7446480932838186,False,False,0
cfsc,6,166,308.84120205374938,394.48789260757633,5.3385417540488476,False,False,0
cfsc,6,167,308.98042084632914,1092.9512526297885,2.7732624567985114,False,False,0
cfsc,6,168,308.96910611336114,1064.1471952689001,2.6567685012473365,False,False,0
cfsc,6,169,309.00368445701747,1049.3264963736153,2.6595808485022792,False,False,0
cfsc,6,170,308.91109946510738,739.17841010317329,4.849032537844737,False,False,0
cfsc,6,171,309.07735407509136,1048.0871205532344,2.5719151795797006,False,False,0
cfsc,6,172,308.95887675336388,554.7617216294102,5.0269187781133526,False,False,0
cfsc,6,173,309.0366561309479,362.80260611206728,5.2168795093874172,False,False,0
cfsc,6,174,309.03746515997722,1072.4733426523826,2.5036339264861951,False,False,0
cfsc,6,175,309.17851976748915,1031.1036734617458,2.5478019209663039,False,False,0
cfsc,6,176,309.15250425060924,495.54459063631111,5.1294237046744042,False,False,0
cfsc,6,177,309.17869856261564,520.50551056648385,4.8301488316787022,False,False,0
cfsc,6,178,309.17538311247239,1031.1877131137087,2.4073553728244308,False,False,0
cfsc,6,179,309.29922615747222,539.3594666135574,4.6130582205960913,False,False,0
cfsc,6,180,309.24304582357104,981.20062866204694,2.5049411756107594,False,False,0
cfsc,6,181,309.34258150155125,532.28989450325344,4.5971887592265306,False,False,0
cfsc,6,182,309.27484506138273,1017.2330506341341,2.3683123345784982,False,False,0
cfsc,6,183,309.41950556099999,478.63393008588366,4.542725106885543,False,False,0
cfsc,6,184,309.3999933338273,966.44166886199935,2.7030657965310909,False,False,0
cfsc,6,185,309.46430686985207,440.424269990825,4.4752063594011098,False,False,0
cfsc,6,186,309.54941965820728,466.81537930336322,4.3852808021645568,False,False,0
cfsc,6,187,309.48841894212859,952.3698338098236,2.831439414492035,False,False,0
cfsc,6,188,309.56734472474085,335.5242624792387,4.5793779123772929,False,False,0
cfsc,6,189,309.65320655141034,427.42068283257015,4.194970371629954,False,False,0
cfsc,6,190,309.66764299461892,377.50756456823996,4.2817002330156573,False,False,0
cfsc,6,191,309.60177642046295,929.809012035043,2.9837802059831389,False,False,0
cfsc,6,192,309.59395379391958,918.60624552983404,2.3960204623428201,False,False,0
cfsc,6,193,309.81202675054362,310.05261593045446,4.4565274059538513,False,False,0
cfsc,6,194,309.61898393359184,895.36570306680835,3.4841152362967764,False,False,0
cfsc,6,195,309.73679297460973,120.04443454234388,5.0542838336176761,False,False,0
cfsc,6,196,309.70850725720129,86.754663671958042,5.2372884579530359,False,False,0
cfsc,6,197,309.68068123786537,874.50715155262083,3.6214727398088549,False,False,0
cfsc,6,198,309.7208670554682,866.83196563351214,2.6202467485114291,False,False,0
cfsc,6,199,309.74457542523868,843.3648791379851,2.3766030347031974,False,False,0
cfsc,6,200,309.8001546457532,851.62574772976586,2.5432374201560126,False,False,0
cfsc,6,201,309.91349190831471,434.90422282060513,3.6018116357411403,False,False,0
cfsc,6,202,310.0516813014334,387.13484131843086,3.7185460784402813,False,False,0
cfsc,6,203,309.91849680919313,851.84272143876603,2.5069877282370761,False,False,0
cfsc,6,204,309.94145804109399,855.56924023906458,2.5517117450800866,False,False,0
cfsc,6,205,309.87538919781508,875.69549040308505,2.2507107693588049,False,False,0
cfsc,6,206,309.90335242407184,784.76522570044824,3.0938234113606535,False,False,0
cfsc,6,207,309.94296727919061,768.66626493517481,3.0813019176393865,False,False,0
cfsc,6,208,309.9944088657798,749.52030772132559,3.0754965058850923,False,False,0
cfsc,6,209,310.10761638979506,781.47894858822428,2.9743868331385852,False,False,0
cfsc,6,210,310.17507099048998,390.83476611118323,3.1091464648006184,False,False,0
cfsc,6,211,310.10268470934318,769.69124282115331,2.5718832202541888,False,False,0
cfsc,6,212,310.29558081554882,176.45264879098727,4.0728021077357308,False,False,0
cfsc,6,213,310.37371407342596,68.512483313122857,4.6653300282346617,False,True,0.00079118078325480633
cfsc,6,214,310.38993578587792,90.443023897396301,4.2293161327870976,False,False,0
cfsc,6,215,310.40002528739041,95.252808099533013,4.0590996875012255,False,False,0
cfsc,6,216,310.36870921227171,157.15450948750527,3.1643093772189399,False,False,0
cfsc,6,217,310.41917417290074,86.269683023931975,3.9679835511333508,False,False,0
cfsc,6,218,310.43208374191266,90.737479375849148,3.2858143151961476,False,False,0
cfsc,6,219,310.51061445969322,74.995859270707001,3.4354585446248591,False,False,0
cfsc,6,220,310.5884054160594,66.038079834765995,3.8200168392716889,False,False,0
cfsc,6,221,310.64121209925599,58.20472497668402,3.7471848826013909,False,True,0.00060011790857827409
cfsc,6,222,310.61402072403706,148.52488225927198,2.8169718650089002,False,False,0
cfsc,6,223,311.33367917685223,183.07895469777674,2.1865812479665245,False,False,0
cfsc,6,224,311.41759916110192,112.38069432811631,1.9881776634472814,False,False,0
cfsc,6,225,311.40233628021554,95.344139069980201,2.0957315047773584,False,False,0
cfsc,6,226,311.47384023638176,123.42174940482676,1.9561878256983753,False,False,0
cfsc,6,227,311.41653432554443,74.274898877445366,2.1531003118734406,False,False,0
cfsc,6,228,311.48431980353087,71.542327390871264,2.0208645887134509,False,False,0
cfsc,6,229,311.47461142690162,71.228224990036551,2.0886941063705109,False,False,0
cfsc,6,230,311.51267015067236,68.861930566624096,2.0322053032643366,False,False,0
cfsc,6,231,311.52849635110175,112.65711014251553,1.8957281171114708,False,False,0
cfsc,6,232,311.63127734542422,60.912455146373986,1.9285651050180856,False,False,0
cfsc,6,233,311.6712459705567,77.423874234952905,1.8088221910701252,False,False,0
cfsc,6,234,311.7183683304055,93.913038437721184,1.7400654889574749,False,False,0
cfsc,6,235,311.71101127890194,57.842913328196573,1.8579329599410865,False,False,0
cfsc,6,236,311.76155257228061,56.338633722431268,1.8178531246328271,False,False,0
cfsc,6,237,311.80256002844476,55.205974782165072,1.9174299406226787,False,False,0
cfsc,6,238,311.84681360152274,54.638890868636054,1.7296928578600372,False,False,0
cfsc,6,239,311.85443076883723,48.352029927830245,1.9108764890957142,False,False,0
cfsc,6,240,312.73250087380842,53.586947131273973,1.447331416098355,False,False,0
cfsc,6,241,312.72542522256083,27.213877374862591,1.4551334602281818,False,False,0
cfsc,6,242,312.70480168718109,30.433883138754027,1.4343727787088634,False,False,0
cfsc,6,243,312.71268023311973,55.089038086289406,1.2954110585324301,False,False,0
cfsc,6,244,312.63097399907895,53.288503756693672,1.1706088262697039,False,False,0
cfsc,6,245,312.62610279754529,53.529325547181429,1.1545163947360368,False,False,0
cfsc,6,246,312.64696254064927,34.404031085718771,1.1559825664017014,False,False,0
cfsc,6,247,312.65992516756597,32.138583415976541,0.95575726150548768,False,False,0
cfsc,6,248,312.72499709476097,24.580091156971321,0.94779993773462312,False,False,0
cfsc,6,249,312.72499709476097,24.580091156971321,0.9477999377346169,False,False,0
cfsc,6,250,312.77420678754515,21.865388286653229,1.0202640540334507,False,False,0
cfsc,6,251,312.81518891578992,17.62978019615025,1.1556029598731747,False,False,0
cfsc,6,252,312.83909168706526,36.583272313315888,0.93060252480982353,False,False,0
cfsc,6,253,312.8439082283183,15.8024383132107,0.9467522587918813,False,False,0
cfsc,6,254,312.95463744331425,26.925147061963344,1.222315612049603,False,False,0
cfsc,6,255,312.9546374433142,26.925147061962548,1.2223156120496057,False,False,0
cfsc,7,0,303.10204034422242,1937.8046132451245,7.4734679844318892,False,False,0
cfsc,7,1,303.23727213748043,1949.0908081011817,7.9567869544585514,False,False,0
cfsc,7,2,303.1358602541888,1892.458486138911,7.2878907661436578,False,False,0
cfsc,7,3,303.24447757339442,1908.6408213224913,7.430577710083301,False,False,0
cfsc,7,4,303.25849192826701,1854.7881024028552,7.7591171544968196,False,False,0
cfsc,7,5,303.42724387292589,1869.4408873416849,8.2825991966043393,False,False,0
cfsc,7,6,303.35979530503499,1872.4253206945325,7.8180486990610918,False,False,0
cfsc,7,7,303.34888537457567,1794.0408356259265,7.9328822527928819,False,False,0
cfsc,7,8,303.20994172587353,1839.6642227917062,6.7643011398056494,False,False,0
cfsc,7,9,303.4901997602289,1930.5677471292245,7.5381806386267876,False,False,0
cfsc,7,10,303.35588654003317,1899.3324824653312,6.9155484634718007,False,False,0
cfsc,7,11,303.13699314039042,1243.4215947695534,7.8429931804470243,False,False,0
cfsc,7,12,303.1475588251011,1270.3968351920416,7.6628947881304441,False,False,0
cfsc,7,13,303.19562002673945,1184.2809304351244,7.772461614121748,False,False,0
cfsc,7,14,303.31060157814693,1098.943283353447,7.7137918271595378,False,False,0
cfsc,7,15,303.30283504188196,1086.2303828718004,7.6479088547520577,False,False,0
cfsc,7,16,303.10643565011281,2012.4442973060466,4.5679754462937856,False,False,0
cfsc,7,17,303.04734998007916,1957.5318936231977,4.3909420912207437,False,False,0
cfsc,7,18,303.35495475030251,1800.6795321759471,6.3755755754797896,False,False,0
cfsc,7,19,303.19188602009422,2030.18389261121,4.4487054421653021,False,False,0
cfsc,7,20,303.1524112606055,1988.9747657780351,4.2640825271856917,False,False,0
cfsc,7,21,303.47354435479122,1024.9109108324128,7.3862754300546234,False,False,0
cfsc,7,22,303.20007820238459,2021.7124070318634,4.2596301829135079,False,False,0
cfsc,7,23,303.43431024957903,959.65786895116935,7.3416769317773873,False,False,0
cfsc,7,24,303.49502441598787,952.18535223337835,7.2922655817095379,False,False,0
cfsc,7,25,303.75615368800067,940.05303556797492,7.9875644062651627,False,False,0
cfsc,7,26,303.59217688772054,924.1705952456814,7.3884620400256802,False,False,0
cfsc,7,27,303.88150531849675,911.54081453963477,8.0274556900495551,False,False,0
cfsc,7,28,303.12887280131207,1845.6160972091241,3.9331076101761404,False,False,0
cfsc,7,29,303.95752448602025,911.03605044662299,8.152484752078232,False,False,0
cfsc,7,30,303.78925791615035,891.88166727500447,7.5132204405905956,False,False,0
cfsc,7,31,303.89135164339046,857.07785574459376,7.6284940694058685,False,False,0
cfsc,7,32,303.85418840530565,878.03961256367825,7.419560101696856,False,False,0
cfsc,7,33,303.42885702226101,535.49648226460386,6.7153491292328189,False,False,0
cfsc,7,34,302.93469745777998,588.26189656671943,5.3998991040622162,False,False,0
cfsc,7,35,303.5409439392169,493.92265904126106,7.1107059189238866,False,False,0
cfsc,7,36,303.11752856881014,1682.1468388717512,3.8495626642192544,False,False,0
cfsc,7,37,303.53225232447966,1988.9599355854414,3.7431815119537606,False,False,0
cfsc,7,38,302.87150563424058,491.46910132847489,5.3830638542492659,False,False,0
cfsc,7,39,302.90733591617175,485.66333140894358,5.2812633656595311,False,False,0
cfsc,7,40,302.93128906297937,464.45638866150807,5.3093503743991466,False,False,0
cfsc,7,41,303.26456654443712,428.33355699494371,6.5620012121608848,False,False,0
cfsc,7,42,303.50820937527152,1906.117039003803,3.2055372575507333,False,False,0
cfsc,7,43,302.69487504083958,540.453514006197,4.9311170214301665,False,False,0
cfsc,7,44,304.05065283239003,428.45620434936063,7.913067348637898,False,False,0
cfsc,7,45,303.40817249075201,380.15133406605895,6.1299805613064793,False,False,0
cfsc,7,46,303.49520274991409,1535.8251033339529,4.7060445297661291,False,False,0
cfsc,7,47,303.17529350035409,402.47019484582569,5.6475902747879951,False,False,0
cfsc,7,48,302.90850704482267,454.11154943994347,5.4899811265503011,False,False,0
cfsc,7,49,302.92300841361163,451.98833776823187,5.5234278648241535,False,False,0
cfsc,7,50,302.49734620570541,597.50023746033253,3.8586777085973232,False,False,0
cfsc,7,51,303.51112165845791,337.67110818191247,6.7848823503142697,False,False,0
cfsc,7,52,302.62310412271898,633.44792756390996,3.9246116602848446,False,False,0
cfsc,7,53,303.47185141670224,319.14654980698367,6.6269137030007226,False,False,0
cfsc,7,54,302.5889719824246,603.38535966527093,3.7238684068570134,False,False,0
cfsc,7,55,302.57325250953426,505.93191390156869,3.9924321060836667,False,False,0
cfsc,7,56,304.43382240079018,310.24512103915265,7.8250864105121272,False,False,0
cfsc,7,57,302.72269751765049,468.91929555393835,4.8015350091240157,False,False,0
cfsc,7,58,302.94053434577199,354.02950444412716,4.8565804223174247,False,False,0
cfsc,7,59,304.58116377413648,304.49576288351881,7.9552962746926594,False,False,0
cfsc,7,60,304.78535656050917,316.4116814400823,8.0282234309578673,False,False,0
cfsc,7,61,304.86128507469488,312.64481627166606,8.2187540534401933,False,False,0
cfsc,7,62,303.66446839872975,333.7418500477811,6.2494813153732078,False,False,0
cfsc,7,63,303.94413954151526,302.72385460395367,7.6853267468714401,False,False,0
cfsc,7,64,304.9623474963783,310.08064227378287,8.2719326322818798,False,False,0
cfsc,7,65,304.38967881992306,265.48515187665078,7.7277785648502668,False,True,0.0043245290942045544
cfsc,7,66,304.07604460826036,289.78531558273596,7.4146329330068301,False,False,0
cfsc,7,67,304.52975085363937,254.84273131774802,7.36767203516247,False,False,0
cfsc,7,68,304.67430879596981,272.49838099576317,7.512833926082866,False,False,0
cfsc,7,69,303.06104092887529,402.41777736193046,4.1672243025443727,False,False,0
cfsc,7,70,304.44238281963652,1513.8312022042135,5.2126488877494976,False,False,0
cfsc,7,71,304.49652049374947,1314.7901902845583,5.6705224721962759,False,False,0
cfsc,7,72,304.35066008695662,1428.5331832535276,4.9790862042038571,False,False,0
cfsc,7,73,304.41964567927755,1250.4450552770188,5.18745241400811,False,False,0
cfsc,7,74,305.02936568297622,242.87682998537485,8.0658540821332245,False,True,0.0097011990914152718
cfsc,7,75,304.51284413474116,1286.5523303886621,5.1055872921959295,False,False,0
cfsc,7,76,304.77287758041416,1271.0809613358851,5.5367054380738736,False,False,0
cfsc,7,77,303.73315448934181,412.43623188884044,4.4744056576033353,False,False,0
cfsc,7,78,304.8640776686297,1261.968122051368,5.5323511166192789,False,False,0
cfsc,7,79,303.36006829852806,487.62495005637811,3.6373667694359781,False,False,0
cfsc,7,80,306.07907556159637,2229.2255857566547,6.2839556896787121,False,False,0
cfsc,7,81,306.14529620073438,2239.010866371983,6.3873378891074939,False,False,0
cfsc,7,82,306.20047163416467,2224.7565165014089,6.2987825501786832,False,False,0
cfsc,7,83,306.20047163416467,2224.7565165014103,6.2987825501786912,False,False,0
cfsc,7,84,306.34391261229484,2217.7238150736857,6.4357423601298898,False,False,0
cfsc,7,85,306.27766369545151,2221.9953804755787,6.1845255690057863,False,False,0
cfsc,7,86,306.30941454578675,2204.8207804695912,6.3134377998240954,False,False,0
cfsc,7,87,306.34181031666918,2230.5521094734822,6.1812606636230116,False,False,0
cfsc,7,88,306.41333633338746,2200.0419554260734,6.2121688799605685,False,False,0
cfsc,7,89,303.9393954344921,384.44468844466195,4.9933577416718009,False,False,0
cfsc,7,90,306.48428931585596,2214.2815681065395,6.1888851184493534,False,False,0
cfsc,7,91,306.5448595382199,2189.0137556521663,6.3274838548622743,False,False,0
cfsc,7,92,306.51083042492473,2183.865078031115,6.1382991013339057,False,False,0
cfsc,7,93,306.57123165267694,2178.1613020382147,6.2686141516087623,False,False,0
cfsc,7,94,306.51259335580812,2162.3020161528316,6.139877364779605,False,False,0
cfsc,7,95,306.64446768867606,2188.1462854049396,6.1200740292749227,False,False,0
cfsc,7,96,306.62916653927579,2200.4590776014124,6.0454145536061841,False,False,0
cfsc,7,97,306.72507561058563,2190.4458153266432,6.3480401593216786,False,False,0
cfsc,7,98,306.72658768650115,2149.7634849855954,6.356398540027592,False,False,0
cfsc,7,99,305.91189271746805,218.63975866219494,8.3165001228193489,False,True,0.0094151762081504595
cfsc,7,100,306.76418470687076,2144.6502201919434,6.3460489748421347,False,False,0
cfsc,7,101,306.80017698804681,2132.1181111548262,6.1602735426945676,False,False,0
cfsc,7,102,306.8188105259934,2116.6897893179612,6.2286666055732773,False,False,0
cfsc,7,103,303.80925577733524,410.93804619953016,4.4037698917646546,False,False,0
cfsc,7,104,306.96286933157609,2122.4473315366959,6.0314050705561204,False,False,0
cfsc,7,105,307.11022698200759,2103.7698932391099,5.9822202986326687,False,False,0
cfsc,7,106,307.15515908105851,2035.8149648822341,6.3824355663858867,False,False,0
cfsc,7,107,306.26156562558043,228.45851313918524,8.3940315731065578,False,True,0.0010108839005919315
cfsc,7,108,307.13808718232224,2086.0276146624992,5.9582693605373551,False,False,0
cfsc,7,109,306.24813596530527,223.47930585740852,8.3483265841887473,False,True,0.0022078969148126085
cfsc,7,110,307.17760274698622,1981.2505679149995,6.6495364167465452,False,False,0
cfsc,7,111,307.04628222079123,2000.380150506875,5.9903161863936933,False,False,0
cfsc,7,112,307.23129999143981,1979.1547492172285,6.4173892506281183,False,False,0
cfsc,7,113,307.21000676287127,2070.014696396509,5.6736463429762534,False,False,0
cfsc,7,114,307.31032303753216,1965.0163993511092,6.1453032466331097,False,False,0
cfsc,7,115,307.62888554527768,1237.5507082875606,8.0823216600813019,False,False,0
cfsc,7,116,307.64222650632161,1191.8535189395006,8.1882880148398662,False,False,0
cfsc,7,117,307.50841766318416,2012.7270308444904,5.9845458513971534,False,False,0
cfsc,7,118,307.70181199522182,1202.2869471258973,7.8834533660803334,False,False,0
cfsc,7,119,307.45238308485193,1914.6082185374901,5.602520562723396,False,False,0
cfsc,7,120,307.32268906241126,1805.2295998565799,6.9364205315571228,False,False,0
cfsc,7,121,307.46312929474152,1902.3226502187658,5.5493868570037801,False,False,0
cfsc,7,122,307.82413899276264,1109.5104587739797,7.9675278993840681,False,False,0
cfsc,7,123,307.57395083639045,1892.4804075673271,5.4820511324208425,False,False,0
cfsc,7,124,307.65503817123266,1844.5231725495826,6.1583612300113559,False,False,0
cfsc,7,125,307.50676515371924,1827.9312049813113,5.1754057159617464,False,False,0
cfsc,7,126,307.98902515172063,1072.1431038070759,7.7286859774790475,False,False,0
cfsc,7,127,307.63698537280931,1710.7251214233654,6.4121667696380324,False,False,0
cfsc,7,128,308.07837954446711,1030.285262371629,7.6991898655473054,False,False,0
cfsc,7,129,307.59506441544926,1685.0072401919733,6.2186429637120595,False,False,0
cfsc,7,130,307.98774170508079,1821.2540818275775,5.59781433467559,False,False,0
cfsc,7,131,308.11910586530968,999.37449632546191,7.6918942261715504,False,False,0
cfsc,7,132,308.01478485161317,1770.4274497433412,5.1113494762454827,False,False,0
cfsc,7,133,307.77774976372518,1674.3575574816787,4.8597897271676551,False,False,0
cfsc,7,134,308.16558368432112,981.97852228414331,7.6196049867089171,False,False,0
cfsc,7,135,307.93295935602561,1745.1071845268364,4.6323579241606989,False,False,0
cfsc,7,136,307.88572614824903,1710.2704337753771,4.4701860918396967,False,False,0
cfsc,7,137,308.17574942678027,1688.317173384276,5.170636357772084,False,False,0
cfsc,7,138,307.95558608017592,1589.0035659248051,5.2429596447007665,False,False,0
cfsc,7,139,307.81358099476051,1619.0397929392182,4.392426923092879,False,False,0
cfsc,7,140,308.19992757980481,1637.9945825369568,5.366763963944317,False,False,0
cfsc,7,141,308.20662321799114,1629.4427624072555,5.3911575991151937,False,False,0
cfsc,7,142,307.98864266872869,1608.805935968875,4.1860940955614083,False,False,0
cfsc,7,143,308.10523059367307,1613.7689452220807,4.2766612038111269,False,False,0
cfsc,7,144,308.10328537833522,1599.1891334401566,4.2010062083643103,False,False,0
cfsc,7,145,308.17391537026987,1615.6781645831111,4.3284579562455168,False,False,0
cfsc,7,146,308.06774080747334,1566.6193742918431,4.0632453081908304,False,False,0
cfsc,7,147,308.10454845290195,1500.9637495672359,3.8103503138437906,False,False,0
cfsc,7,148,308.09524100550743,1484.6340182727718,3.7120089662258362,False,False,0
cfsc,7,149,308.15210653163348,1461.3694050015365,3.685380669674184,False,False,0
cfsc,7,150,308.15811235647351,1458.9337441061346,3.7034506591943583,False,False,0
cfsc,7,151,308.19686683214798,1440.0693937463593,3.6719632997254608,False,False,0
cfsc,7,152,308.26506533346435,1414.2463327512639,3.6976257516931716,False,False,0
cfsc,7,153,308.21580733593743,1390.1123416905971,3.551023978017005,False,False,0
cfsc,7,154,308.24837369220734,1338.8829965193136,3.2281691813047702,False,False,0
cfsc,7,155,308.32388591517241,1329.0452475836073,3.1995744969455324,False,False,0
cfsc,7,156,308.22499075470091,1226.3186331170054,2.7143293971186462,False,False,0
cfsc,7,157,308.27231598715088,1198.9389802567612,2.5780676688189095,False,False,0
cfsc,7,158,308.34880945065913,1198.3680366835044,2.6306233620037656,False,False,0
cfsc,7,159,308.32893862419326,1137.7915535388101,2.4396054763600343,False,False,0
cfsc,7,160,308.36138916250331,1121.396745380458,2.3749879227819437,False,False,0
cfsc,7,161,308.397354683716,926.1549600614253,7.2423386960069926,False,False,0
cfsc,7,162,308.43141402808328,1106.9441625547156,2.395762100577786,False,False,0
cfsc,7,163,308.27097208243651,887.33661155301934,6.9884050846685959,False,False,0
cfsc,7,164,308.40338822664398,1097.4963779555519,2.0898162698447313,False,False,0
cfsc,7,165,308.47211957672039,937.29319504963428,6.8782784193552686,False,False,0
cfsc,7,166,308.42088638284503,897.601378798734,6.9637099976399188,False,False,0
cfsc,7,167,308.51375217505228,1018.9236023057745,2.1395925404937959,False,False,0
cfsc,7,168,308.67689782173994,995.32966168056532,1.9430196407099931,False,False,0
cfsc,7,169,308.59931908008156,930.10780277162223,6.7990693268910372,False,False,0
cfsc,7,170,308.50560338205815,842.0324190155909,6.8448423930006443,False,False,0
cfsc,7,171,308.65335099893809,886.03253831954419,6.7738653402966644,False,False,0
cfsc,7,172,308.68550215255243,875.55294314597995,6.7290785657869145,False,False,0
cfsc,7,173,308.79990795557711,801.30307378885357,1.756778128223023,False,False,0
cfsc,7,174,308.89691538933675,784.07288899190871,1.7157167737717112,False,False,0
cfsc,7,175,308.86507710151614,765.76299639616036,1.8361700135507739,False,False,0
cfsc,7,176,308.49680034376024,528.19858856208566,5.1419892129221312,False,False,0
cfsc,7,177,308.5150482270999,479.44286575694179,5.1643155050626754,False,False,0
cfsc,7,178,308.28023786035453,485.64040718503952,4.7747995795919795,False,False,0
cfsc,7,179,308.64635380943116,687.30579314220472,1.1975791725856055,False,True,2.9578486042181051e-05
cfsc,7,180,308.38592610707019,461.09763494040618,4.4097123681307666,False,False,0
cfsc,7,181,308.36517539014824,424.70089457708713,4.2494325108589628,False,False,0
cfsc,7,182,308.7430506308998,455.72980601460637,4.5768867647187594,False,False,0
cfsc,7,183,308.75619011308447,457.25942341081043,4.5984285396656865,False,False,0
cfsc,7,184,308.59902732684372,440.72006361036711,4.3461686197569023,False,False,0
cfsc,7,185,308.658608085114,409.76475110276175,4.1637554342457044,False,False,0
cfsc,7,186,308.61174143605342,430.15328457895453,3.990926725641406,False,False,0
cfsc,7,187,308.54286747331105,394.10254503622764,3.9328145324518085,False,False,0
cfsc,7,188,308.62448682307325,362.92074664737544,3.734143249393068,False,False,0
cfsc,7,189,309.06260548392089,749.46592768755715,1.0733138622799547,False,False,0
cfsc,7,190,308.7680469010657,395.17630693675835,3.6535114061543243,False,False,0
cfsc,7,191,308.88417523084979,379.97312465017728,3.6160327331295883,False,False,0
cfsc,7,192,308.80627793646096,372.48636464804468,3.4772156749487904,False,False,0
cfsc,7,193,308.86868518596748,353.75967610800711,3.4205159962359342,False,False,0
cfsc,7,194,309.05384152078472,373.15201609000519,3.5315355946855291,False,False,0
cfsc,7,195,309.1209801846469,362.93419841133971,3.3690682522563291,False,False,0
cfsc,7,196,308.99690630267747,333.42269986658295,2.9233951238559603,False,False,0
cfsc,7,197,308.97818192042854,328.48134891802152,2.9533495475819063,False,False,0
cfsc,7,198,309.02079988836726,318.22103145991264,3.1068993855643869,False,False,0
cfsc,7,199,309.2473474757644,345.49461838910207,3.0547274601608132,False,False,0
cfsc,7,200,309.22581920935812,342.91531473545547,3.548041606861795,False,False,0
cfsc,7,201,309.126503304072,308.93420051628925,2.831310837854442,False,False,0
cfsc,7,202,309.30898081974823,291.64530660222789,2.5353618973240275,False,False,0
cfsc,7,203,309.4082398288964,306.68684390112429,2.9910065135200949,False,False,0
cfsc,7,204,309.44992020743359,309.26313144170217,2.7876859327223658,False,False,0
cfsc,7,205,309.32098350150335,284.12522525383133,2.5350562196454023,False,False,0
cfsc,7,206,309.47795005420733,299.92017817905429,2.8241029415753789,False,False,0
cfsc,7,207,309.50034710470959,296.5997866383322,2.7851002393177948,False,False,0
cfsc,7,208,309.55304355927484,278.66223032176458,2.5209626196869439,False,False,0
cfsc,7,209,309.47743721669042,309.96479303814715,1.8475950772365302,False,False,0
cfsc,7,210,309.71266531989579,273.8742951665073,2.0859469820577088,False,False,0
cfsc,7,211,309.78141082110398,267.76383254855972,2.2924949254315288,False,False,0
cfsc,7,212,309.66543817404471,252.46767703868449,1.7905996760560763,False,False,0
cfsc,7,213,309.81901320908764,268.53359134841355,1.7287636831509721,False,False,0
cfsc,7,214,309.87110723147532,267.09189773169021,1.491810084259666,False,False,0
cfsc,7,215,310.09520909337164,233.65421826674924,2.3010912347692036,False,False,0
cfsc,7,216,310.19521269938292,229.81504915547742,2.0620727763365299,False,False,0
cfsc,7,217,310.26301953639904,209.80290610709142,2.3945434802027172,False,False,0
cfsc,7,218,310.12758409653446,212.61974546696683,1.6572291032574968,False,False,0
cfsc,7,219,310.22119669852725,210.94895699742636,1.4685506425841623,False,False,0
cfsc,7,220,310.31688144862562,211.39496401916875,1.5250798087399566,False,False,0
cfsc,7,221,310.39390739313779,208.73526436403444,1.6423651134272443,False,False,0
cfsc,7,222,310.49547564306863,208.1438838609738,1.6006289992515672,False,False,0
cfsc,7,223,310.35407062886424,217.88427766212692,1.1588938509899105,False,False,0
cfsc,7,224,310.6183988524877,212.5987578082981,1.9238123778549729,False,False,0
cfsc,7,225,310.58526314706796,184.97871905689277,1.8501732105526685,False,False,0
cfsc,7,226,310.58636170177994,193.69631312769673,1.253124313250237,False,False,0
cfsc,7,227,310.55212925319216,208.95788044507049,1.0671283747798617,False,False,0
cfsc,7,228,310.8036599488438,188.29707810915863,1.7201335139184577,False,False,0
cfsc,7,229,310.65777507728427,197.58653216669376,0.90332585264313892,False,False,0
cfsc,7,230,310.85163281796059,158.27120600904999,1.7104291909176608,False,False,0
cfsc,7,231,310.85153648942259,169.89675458280726,1.1367357192863974,False,False,0
cfsc,7,232,310.95265656868202,170.80670224194625,1.7065592602568609,False,False,0
cfsc,7,233,311.08693411329011,127.36941400938599,2.9129079961463491,False,False,0
cfsc,7,234,311.10345978901353,147.37482339056055,1.766513341548781,False,False,0
cfsc,7,235,311.12147445144029,143.69984129846466,1.2384144374346127,False,False,0
cfsc,7,236,311.13789271499598,141.39469801740665,1.1402136888070729,False,False,0
cfsc,7,237,311.17836956191081,137.53375989473375,1.1779669969273945,False,False,0
cfsc,7,238,311.21248350643799,135.30548984187351,1.2398625263726011,False,False,0
cfsc,7,239,311.34428207393637,127.27727004588064,1.2636388041444304,False,False,0
cfsc,7,240,311.37570367142774,128.66580096717303,1.0856474460303387,False,False,0
cfsc,7,241,311.487436258461,112.6898939491075,1.4535210341283964,False,False,0
cfsc,7,242,311.55544363328971,113.64216682025506,1.2115044299567046,False,False,0
cfsc,7,243,311.60838451300748,111.41902020696023,1.168959636806961,False,False,0
cfsc,7,244,311.65524333731366,114.72916580736523,0.82195036409071598,False,False,0
cfsc,7,245,311.7604218273662,112.71682571230292,1.0848047564976886,False,False,0
cfsc,7,246,311.74064877975576,100.76537537848787,1.460527020059593,False,False,0
cfsc,7,247,311.94279568419108,94.578692586007605,1.0501549926291345,False,False,0
cfsc,7,248,311.98112171049644,102.08455913971886,0.75810419206873902,False,False,0
cfsc,7,249,312.04962332589707,93.957093126930886,0.85384951536212661,False,False,0
cfsc,7,250,312.15387672247033,86.292994522451522,1.0098042088950772,False,False,0
cfsc,7,251,312.07054562485376,98.054259043473166,0.71897057653993013,False,False,0
cfsc,7,252,312.27984281821392,82.355326964636902,1.0041170423788026,False,False,0
cfsc,7,253,312.28925092950044,73.399104995649509,1.3038904630022632,False,False,0
cfsc,7,254,312.36297293350407,71.068731231391553,1.1583279902895294,False,False,0
cfsc,7,255,312.40224972711553,68.35942182089093,1.2147549681753516,False,False,0
cfsc,8,0,301.93305746663168,1694.006747631242,9.6762783834521997,False,True,0.019814325370648624
cfsc,8,1,301.93305746663174,1694.0067476312406,9.6762783834521997,False,True,0.019814325370644377
cfsc,8,2,301.92515880997053,1678.3210316519676,9.631047151660967,False,True,0.018756520118308858
cfsc,8,3,301.92262925555008,1659.1785249599511,9.604034950242113,False,True,0.016989896478109404
cfsc,8,4,301.90551468404448,1634.6021700402321,9.5417716467727303,False,True,0.015687787031338458
cfsc,8,5,301.89553050388508,1620.8380477367491,9.4913424778268105,False,True,0.014965752508891119
cfsc,8,6,301.90607065815243,1600.7914532159798,9.4135641618881287,False,True,0.012091358222753985
cfsc,8,7,301.89592601520098,1585.4374796963264,9.3752215523127376,False,True,0.011238980167914161
cfsc,8,8,301.8891610797553,1557.8777247275102,9.2692883035694784,False,True,0.0088283099171766084
cfsc,8,9,301.88617513785232,1535.7673078327703,9.1388615604081931,False,True,0.006654117784987439
cfsc,8,10,301.88296666951749,1507.9477353413481,9.134664211362761,False,True,0.0041016979428078774
cfsc,8,11,301.89887939985761,1510.9132383320041,9.1946382525408481,False,True,0.0033289046610823084
cfsc,8,12,301.87670344913329,1476.5044518560367,8.9383747205414146,False,True,0.0011407987772941676
cfsc,8,13,301.88141447381048,1468.3804793889735,8.9940979932630452,False,True,6.5709186408178556e-05
cfsc,8,14,301.87879788538919,1437.4398470479921,8.7610230021776321,False,False,0
cfsc,8,15,301.89705826923523,1437.1147914087765,8.734408607474677,False,False,0
cfsc,8,16,301.89603239206798,1425.7187886324418,8.6699635096934315,False,False,0
cfsc,8,17,301.91577598639805,1423.9512958699934,8.7531292263103069,False,False,0
cfsc,8,18,301.94078395029902,1377.7732645459428,8.5169817536714305,False,False,0
cfsc,8,19,301.91186520059932,1353.4904717340783,8.4998279979197537,False,False,0
cfsc,8,20,301.95897185616013,1341.6961797599154,8.3797049200248477,False,False,0
cfsc,8,21,301.97137624377552,1302.3612132991395,8.3403284314009518,False,False,0
cfsc,8,22,301.93797146658585,1282.7760120302482,8.1754429669095394,False,False,0
cfsc,8,23,301.96828087671776,1275.6164573987755,8.1305466253993952,False,False,0
cfsc,8,24,302.03863445189813,1250.9918039088366,8.0382893017550074,False,False,0
cfsc,8,25,301.98362960726536,1217.9510873693544,7.9264544360596867,False,False,0
cfsc,8,26,302.03282326175264,1203.774925964065,7.9574565629217675,False,False,0
cfsc,8,27,302.11467516129943,1239.4423477660916,7.988252969516922,False,False,0
cfsc,8,28,302.09225980375174,1169.1097123187442,7.7352862588422928,False,False,0
cfsc,8,29,302.08861240070433,1149.1460588637701,7.6455541802973626,False,False,0
cfsc,8,30,302.12064724548446,1117.8078260219133,7.6116466839757901,False,False,0
cfsc,8,31,302.22781847416098,1173.7681181456246,7.716064806358597,False,False,0
cfsc,8,32,302.16629612713655,1083.3279870042973,7.4349225183928729,False,False,0
cfsc,8,33,302.18518776456716,1135.7090935802387,7.5242301911634577,False,False,0
cfsc,8,34,302.20524816074806,1060.3006775069593,7.3094355119053152,False,False,0
cfsc,8,35,302.1845658588847,1060.7210054793518,7.2869844292783119,False,False,0
cfsc,8,36,302.2394118408875,1094.3289750730657,7.3660125504362712,False,False,0
cfsc,8,37,302.31815601316055,1074.6152029847908,7.3678871084045623,False,False,0
cfsc,8,38,303.16676703952652,1302.2319249455945,8.0569115612322193,False,False,0
cfsc,8,39,302.42202242019306,1029.7201407919595,7.2566214923720684,False,False,0
cfsc,8,40,303.3929581589689,1134.8252273686762,7.9736028834434922,False,False,0
cfsc,8,41,302.55132053768813,1056.8040690758651,7.3296885627945922,False,False,0
cfsc,8,42,303.44449140624579,1197.2251021711572,7.7582465014098645,False,False,0
cfsc,8,43,303.57112573677074,1034.3876181400281,7.7955493288062598,False,False,0
cfsc,8,44,303.57340559092501,1027.71229117904,7.8039718940701945,False,False,0
cfsc,8,45,303.69504937484299,971.17888022060379,7.724068269987681,False,False,0
cfsc,8,46,303.71671178123069,965.38455960315991,7.6150326258488796,False,False,0
cfsc,8,47,303.88010973232093,936.24057937182306,7.6115390505845602,False,False,0
cfsc,8,48,303.87723494716056,919.75458118361757,7.7914505315617779,False,False,0
cfsc,8,49,303.78168475772907,892.35590991443121,7.5981573430846066,False,False,0
cfsc,8,50,304.01590661841703,868.68833169678237,7.5919390515663858,False,False,0
cfsc,8,51,303.95224111669103,843.93213911640714,7.5480897271879694,False,False,0
cfsc,8,52,304.11717283513872,841.41950510021229,7.6141710031039755,False,False,0
cfsc,8,53,304.10002127178109,807.80375891010726,7.4542379089369506,False,False,0
cfsc,8,54,304.18084788360045,786.10985770042305,7.6545209928569591,False,False,0
cfsc,8,55,304.26036117245366,773.90309407427515,7.5469025119635695,False,False,0
cfsc,8,56,304.31090269712337,749.45494198734741,7.4898149910776475,False,False,0
cfsc,8,57,304.23678114924206,754.61152910777696,7.3146944228515318,False,False,0
cfsc,8,58,304.27131560726286,720.84039260991301,7.3683027176265234,False,False,0
cfsc,8,59,304.26590809269197,703.75983474456302,7.3636432246203967,False,False,0
cfsc,8,60,303.59756321451351,803.76693620583751,6.5084567588988032,False,False,0
cfsc,8,61,303.62762259406304,800.02009910392633,6.4529169068292509,False,False,0
cfsc,8,62,303.49745742028443,518.97757461894525,6.8642734053394214,False,False,0
cfsc,8,63,303.54158498841571,486.86225879231893,7.0613999271912551,False,False,0
cfsc,8,64,304.50901162878426,655.9836370559326,7.3614752172652995,False,False,0
cfsc,8,65,303.5741452446598,477.62335775739086,6.8111857504194688,False,False,0
cfsc,8,66,304.4969489959733,633.24793462440255,7.1943303923058561,False,False,0
cfsc,8,67,303.91892107897007,2070.7084032856055,4.2431757824197698,False,False,0
cfsc,8,68,303.37313652999291,406.38160007216527,6.5567229971203025,False,False,0
cfsc,8,69,303.2606789052063,435.72651774211306,6.431242950692619,False,False,0
cfsc,8,70,303.95405344769398,2036.007594919326,4.1151640257396345,False,False,0
cfsc,8,71,303.75503733192119,453.307443511862,6.6214974682295633,False,False,0
cfsc,8,72,303.80192161015481,442.54620726739006,6.7407093546909467,False,False,0
cfsc,8,73,304.09413779455696,1949.6618912558774,4.776247672215904,False,False,0
cfsc,8,74,304.88361482898893,2173.0267551995485,5.3208820607719725,False,False,0
cfsc,8,75,303.98658988465542,1980.143112342083,4.1081956694254362,False,False,0
cfsc,8,76,304.45795455255615,376.96366296777757,8.3646112558641281,False,False,0
cfsc,8,77,304.80326077031515,2144.1848419480093,4.9599993042854145,False,False,0
cfsc,8,78,304.90039647344855,2160.8811799419941,5.0419315873833597,False,False,0
cfsc,8,79,304.19302993351658,1928.3118618477083,4.7154825520026851,False,False,0
cfsc,8,80,304.26401990766664,2145.5882923205181,4.5547825710631091,False,False,0
cfsc,8,81,305.05225996415732,1889.4351279945831,6.0017571777637286,False,False,0
cfsc,8,82,303.65052990857089,311.13433335833014,6.8438198150846246,False,False,0
cfsc,8,83,304.34582357980401,1958.3775368389179,4.3134257560683738,False,False,0
cfsc,8,84,305.3611012217948,1958.6763195978174,5.4109960527623038,False,False,0
cfsc,8,85,305.14579270923349,1768.6050341687646,6.1335886663723462,False,False,0
cfsc,8,86,304.90329726661236,379.37444031280955,8.3407888304568516,False,False,0
cfsc,8,87,304.58015049078472,2151.0251328499075,3.8226357830834869,False,False,0
cfsc,8,88,304.50946170640731,2182.4301741508111,4.1648423964700845,False,True,0.0081756747137643054
cfsc,8,89,304.12453866963739,1878.6084764473462,4.528543930286177,False,False,0
cfsc,8,90,304.58436766776327,2148.8102795907835,3.4527055898043479,False,True,0.012412311329204506
cfsc,8,91,304.70243509222524,2051.7966921580341,4.4669642694925331,False,False,0
cfsc,8,92,304.79264087261748,2137.2954579121488,3.6746528551504363,False,True,0.00032625208690781338
cfsc,8,93,304.79177782722064,2136.137991738085,3.6677543708846838,False,True,0.00052264647465424807
cfsc,8,94,304.88013672408971,2201.0982444960837,3.9302457394689498,False,True,0.012752551803051959
cfsc,8,95,305.31445179959496,305.53351934049232,8.0275057824747797,False,False,0
cfsc,8,96,303.93300781140937,492.32738630051875,5.6161282131113897,False,False,0
cfsc,8,97,304.09993119065939,295.98131488870609,7.5721492194429585,False,False,0
cfsc,8,98,305.59711459601084,1761.1745060915873,5.8768413692139205,False,False,0
cfsc,8,99,305.81657441888586,1866.6332182990836,5.2119235596114839,False,False,0
cfsc,8,100,305.60632870097669,1719.1818720588135,5.7666441830105253,False,False,0
cfsc,8,101,304.95793839113048,2143.5892833418325,3.311447772456694,False,True,0.032664619697810066
cfsc,8,102,305.62091986741723,1648.894407861435,5.9508929767308576,False,False,0
cfsc,8,103,303.73353057559416,341.92178038442194,5.851069812593396,False,False,0
cfsc,8,104,304.53646028934742,1949.3590274809258,3.9744979489339824,False,False,0
cfsc,8,105,305.12169937630205,2037.7506348433226,3.4667300586606613,False,True,0.0021314996284612364
cfsc,8,106,305.16279599587136,256.00766468523659,6.9544879087011466,False,False,0
cfsc,8,107,306.14806105027174,1765.3252165199547,5.4641577568753226,False,False,0
cfsc,8,108,306.11322883920968,1758.5208188704109,5.3585393684714369,False,False,0
cfsc,8,109,305.06865419476753,2152.5897704738336,3.2822406640556951,False,True,0.040207573121953388
cfsc,8,110,304.21497509955418,398.68020114037796,5.8052834985241324,False,False,0
cfsc,8,111,306.02130491386288,1553.8843774057111,5.960873679406129,False,False,0
cfsc,8,112,305.32535106705319,1950.2516237594268,3.6540815904919057,False,False,0
cfsc,8,113,304.10855073681591,604.04897885028208,5.1972208131327458,False,False,0
cfsc,8,114,305.19079102455805,1917.1826174982134,3.0316323107004064,False,True,0.0072852416580169166
cfsc,8,115,306.54375290041912,2144.4634479028127,5.7327625366287283,False,False,0
cfsc,8,116,306.28686822334492,1541.6949701130795,5.8023299314068941,False,False,0
cfsc,8,117,304.97375350819601,1903.4716369647781,3.1690849121379752,False,False,0
cfsc,8,118,304.0331143052781,561.5572250152486,5.0578452858052483,False,False,0
cfsc,8,119,304.59670477518364,365.89106555809013,5.9615122133173495,False,False,0
cfsc,8,120,306.11951089330012,2080.5109081405903,4.3928846097890286,False,False,0
cfsc,8,121,306.11916808491816,2073.2228622045445,4.3569719211752487,False,False,0
cfsc,8,122,303.75085984598513,653.08456281928511,4.6515438301065313,False,False,0
cfsc,8,123,306.15023085912941,2050.8875829439335,4.3924080359314077,False,False,0
cfsc,8,124,306.12761173360059,2015.098716132572,4.1050306780512962,False,False,0
cfsc,8,125,306.28919877090044,1468.7778942252571,5.84657513520468,False,False,0
cfsc,8,126,306.73843636604443,2021.3490567449267,6.069450198850185,False,False,0
cfsc,8,127,303.61948514200475,614.66549940675418,4.3306686115224498,False,False,0
cfsc,8,128,306.8331138013408,2005.911217552024,5.4505210194720268,False,False,0
cfsc,8,129,306.41620846041945,1482.2664087796079,5.1469564986466896,False,False,0
cfsc,8,130,306.91835995011104,2034.4415473309823,5.2588259843678413,False,False,0
cfsc,8,131,306.19593956683167,2030.9021356076587,3.9163037217327785,False,True,0.0013955280631894329
cfsc,8,132,306.98726992050177,2034.7377878191978,5.1707399152312128,False,False,0
cfsc,8,133,306.30779558667439,1944.5783315208168,3.7699332502500305,False,False,0
cfsc,8,134,306.57341880532437,1901.0329090290415,4.3435624945542788,False,False,0
cfsc,8,135,307.02001749016023,1909.9010375093394,5.6814249402420263,False,False,0
cfsc,8,136,306.68457249554757,1221.45765232964,5.8547554771704498,False,False,0
cfsc,8,137,306.74638349276677,1212.3092105367286,5.8387214879375273,False,False,0
cfsc,8,138,306.18973053035592,1867.3746078434606,3.142032581825827,False,True,0.018429038801625885
cfsc,8,139,306.7255536789192,1812.251407992404,4.2905305397470315,False,False,0
cfsc,8,140,306.91218899014376,988.8266745720523,6.1443842731536114,False,False,0
cfsc,8,141,306.56675571061947,1829.2311452575659,3.6326925001751591,False,False,0
cfsc,8,142,307.06486152259646,1552.6579762368799,5.3246201609949955,False,False,0
cfsc,8,143,307.09749927672084,1483.2038421709535,5.4000865402173615,False,False,0
cfsc,8,144,306.69206136973958,1754.7127761559786,3.8178978232848757,False,False,0
cfsc,8,145,306.8010506277314,1790.3855562962444,3.7972392605570655,False,False,0
cfsc,8,146,306.41797454085884,1769.6241283582158,3.0011042703282431,False,True,0.012804528806899723
cfsc,8,147,306.8279937701684,1768.0399926502046,3.7936344204457515,False,False,0
cfsc,8,148,306.88564018459124,1771.3078600521749,3.7511481026711091,False,False,0
cfsc,8,149,306.98140175898681,1701.6466766044496,3.8092880326067915,False,False,0
cfsc,8,150,306.95721325511471,1735.2362526403599,3.7147372871416562,False,False,0
cfsc,8,151,307.33972104195198,1414.5729316618899,5.4365506572653066,False,False,0
cfsc,8,152,307.46031409260081,627.30461573596631,6.4227540204693385,False,False,0
cfsc,8,153,307.26716733445789,1620.6440295006273,4.3420907571707508,False,False,0
cfsc,8,154,307.19093842335059,969.38451760650264,5.7018858241576087,False,False,0
cfsc,8,155,307.43613619856916,1598.4429236734013,3.6373763206549548,False,False,0
cfsc,8,156,307.13099786648564,1521.264319788723,3.0781260156379369,False,False,0
cfsc,8,157,307.78448052602369,1043.0029951046427,6.3017799977283291,False,False,0
cfsc,8,158,307.72098728123757,524.66020464564417,6.1514842756849921,False,False,0
cfsc,8,159,307.65217996028053,1406.4742684499083,3.8364599164907767,False,False,0
cfsc,8,160,307.42111983310758,180.11693743655621,6.9118448500719651,False,False,0
cfsc,8,161,307.32558650421839,1385.3935306571811,2.6562612674230777,False,False,0
cfsc,8,162,308.19078235575529,1295.9919631538978,3.2755613545394606,False,False,0
cfsc,8,163,308.12756302805417,1035.4601779117343,5.9858006035584932,False,False,0
cfsc,8,164,308.00607913503183,1261.4211240556488,2.6487536733269561,False,False,0
cfsc,8,165,308.02642626653494,1239.4308525616821,2.6044563751976,False,False,0
cfsc,8,166,308.24701620962344,475.05725988830636,6.1134986045638735,False,False,0
cfsc,8,167,308.11121087088878,1199.8227076682665,2.4653038541258079,False,False,0
cfsc,8,168,308.20410753732807,1162.1879551357374,2.4128341449476052,False,False,0
cfsc,8,169,308.09376712197206,126.09495676281017,7.6239737881870546,False,True,0.0074746366715618753
cfsc,8,170,308.18215640726891,398.68572691679839,5.923220071475737,False,False,0
cfsc,8,171,308.32434179578291,428.65360490718547,6.0213109865223728,False,False,0
cfsc,8,172,308.40222300504399,381.89334029110898,5.7219747266859953,False,False,0
cfsc,8,173,308.07127993917322,1067.9869799094731,2.3782714897105315,False,False,0
cfsc,8,174,308.24992025602785,1059.4958884523514,2.0985065698615988,False,False,0
cfsc,8,175,307.69863008735916,170.15199798193703,6.4163649529891824,False,False,0
cfsc,8,176,307.77468846473465,163.31743876950895,6.5497142043590628,False,False,0
cfsc,8,177,308.27938545320518,331.28226877335612,5.2474092817907039,False,False,0
cfsc,8,178,308.49189980194319,343.48504153870545,5.6057822990085873,False,False,0
cfsc,8,179,308.67539316898086,346.28773727011293,5.4040396728965563,False,False,0
cfsc,8,180,308.55453402049477,1020.2316819965229,1.8381211788199066,False,False,0
cfsc,8,181,308.59394319826697,1013.73781681709,1.8340995522171228,False,False,0
cfsc,8,182,308.48756194848357,95.89058845847353,7.2402864149536903,False,True,0.012725756437844231
cfsc,8,183,308.69787486933274,955.8607511194125,1.8619430306612168,False,False,0
cfsc,8,184,308.68384860217088,922.00405084311478,2.2893618262150919,False,False,0
cfsc,8,185,308.78851386381746,916.36847595305483,2.196278963589918,False,False,0
cfsc,8,186,308.74696797976532,947.5585754456838,1.7094101067804655,False,False,0
cfsc,8,187,308.96618074844213,1020.3065529402238,1.8243120021188375,False,True,0.00095160032574455322
cfsc,8,188,308.92627341748204,900.75356513465715,1.9751819529039407,False,False,0
cfsc,8,189,308.77733434420566,940.68419479117438,1.6967261787584809,False,False,0
cfsc,8,190,308.89900601727152,863.48375849184072,2.1633140412057057,False,False,0
cfsc,8,191,309.10785840157388,867.02521171973069,2.0215563328843769,False,False,0
cfsc,8,192,309.19694564631533,916.76482859998589,1.8829181870498428,False,False,0
cfsc,8,193,309.2364279431772,888.99038698926427,1.8710531718701722,False,False,0
cfsc,8,194,309.32418670966734,877.97242693238695,1.9662108030934888,False,False,0
cfsc,8,195,309.37584485506011,889.28460581721515,1.9291194347718843,False,False,0
cfsc,8,196,309.38285323279928,817.03690350968282,2.0937249269914067,False,False,0
cfsc,8,197,309.42012225602065,806.33390357942665,2.1457690443773005,False,False,0
cfsc,8,198,309.41792895533058,742.9362896309417,2.3534113159595917,False,False,0
cfsc,8,199,309.46523268652084,281.96200827611943,4.4830397444551107,False,False,0
cfsc,8,200,309.6601616040661,751.19867982203357,2.4522418363620697,False,False,0
cfsc,8,201,309.62821855770289,802.66041872206267,2.4117757654151672,False,False,0
cfsc,8,202,309.61263964458504,854.65046514304538,2.0161741823272616,False,False,0
cfsc,8,203,309.60327869355041,248.63965679042178,4.5426390454514269,False,False,0
cfsc,8,204,309.52334556669155,741.48969153898611,2.1173950204544369,False,False,0
cfsc,8,205,309.77296347579107,725.35161912573187,2.5510539321966612,False,False,0
cfsc,8,206,309.67182710241769,680.61600611561141,2.7354988198510921,False,False,0
cfsc,8,207,309.68804865081381,251.98240934624573,4.3057997034594537,False,False,0
cfsc,8,208,309.95806012081749,687.48522936629161,2.5472456130489562,False,False,0
cfsc,8,209,310.13051522241091,673.24347951059372,3.0046200070553439,False,False,0
cfsc,8,210,310.11310223499402,677.41966740382463,2.6053147316483818,False,False,0
cfsc,8,211,310.08990324595976,695.39427154386385,2.671520345940686,False,False,0
cfsc,8,212,309.88563620459195,180.36578601189535,4.4516918491251136,False,False,0
cfsc,8,213,309.95210887650103,193.50304323730677,4.1283152073341061,False,False,0
cfsc,8,214,309.95685831743737,268.69327662486961,3.8354384111829898,False,False,0
cfsc,8,215,310.0644992832685,188.39549989399279,4.0563270590507994,False,False,0
cfsc,8,216,310.01516159918077,269.38869648299755,3.7534207743709964,False,False,0
cfsc,8,217,310.0902424571147,157.14427586998238,4.8513372763663964,False,False,0
cfsc,8,218,310.18708724900546,209.70511016366549,3.6522355598236058,False,False,0
cfsc,8,219,310.17080527590247,155.13153434758408,4.1598751120973638,False,False,0
cfsc,8,220,310.13702842700661,178.79025535138851,3.6028995779872237,False,False,0
cfsc,8,221,310.29689335847763,189.74379533081895,3.6099306294717217,False,False,0
cfsc,8,222,310.40193956378573,171.16995609487742,3.629026434138396,False,False,0
cfsc,8,223,310.38474873841665,212.65234984695616,3.2894019955704494,False,False,0
cfsc,8,224,310.45589547225961,115.40721577023965,4.2540070707967521,False,False,0
cfsc,8,225,310.58148966936261,107.09153486432706,5.0534893316081657,False,False,0
cfsc,8,226,310.52779862579547,150.01767307303919,3.6831311131433244,False,False,0
cfsc,8,227,310.6430827490924,169.09162181552972,2.9853970165182551,False,False,0
cfsc,8,228,310.74058541859091,103.76921563390908,4.19714885022234,False,False,0
cfsc,8,229,310.74520176550777,166.25521320359246,2.8068078843556181,False,False,0
cfsc,8,230,310.96587035301206,146.95396198828598,3.0609900049198329,False,False,0
cfsc,8,231,310.99862902064177,147.48668503488182,2.9604902921541654,False,False,0
cfsc,8,232,310.82013996102427,215.02823522096253,2.3395221437798837,False,False,0
cfsc,8,233,311.03112408753458,180.69100691006031,2.0902723090964699,False,False,0
cfsc,8,234,311.11022712210359,168.97150805020851,2.0307223425571999,False,False,0
cfsc,8,235,310.95585628054482,119.47862613660322,3.6956800220870654,False,False,0
cfsc,8,236,311.3707816557158,124.88497034854925,2.3591187317219164,False,False,0
cfsc,8,237,311.15710467600928,161.92308475996447,1.9276078580444689,False,False,0
cfsc,8,238,311.20107409320343,152.0637535855243,1.8345897579545536,False,False,0
cfsc,8,239,311.24586403549216,142.51958742340071,1.7759292427518574,False,False,0
cfsc,8,240,311.38292173467948,114.52230654920447,2.2404687130883851,False,False,0
cfsc,8,241,311.35662055484994,132.04681902720711,1.763309641676071,False,False,0
cfsc,8,242,311.62871197255544,109.32333034490659,2.7326269758209376,False,False,0
cfsc,8,243,311.44240505944327,122.14356963329783,1.7882395786599874,False,False,0
cfsc,8,244,311.59076478768441,102.8350110857325,2.1628049684371677,False,False,0
cfsc,8,245,311.49990944979288,117.30030535006199,1.642634590889732,False,False,0
cfsc,8,246,311.76910142664815,90.420687147426293,2.6300164501642018,False,False,0
cfsc,8,247,311.80529382889216,95.288477665780078,2.470269864146649,False,False,0
cfsc,8,248,311.85249035180289,91.606337269425239,2.4047329001898063,False,False,0
cfsc,8,249,311.75207159239511,86.682077878933228,1.4916570942369818,False,False,0
cfsc,8,250,312.0372911774881,80.411077230508226,1.4526389796601178,False,False,0
cfsc,8,251,312.0629278300359,74.152764105119331,1.3133145229156904,False,False,0
cfsc,8,252,311.88784283982915,70.504626744563211,1.2359853229607252,False,False,0
cfsc,8,253,312.2998919044748,62.004986382722109,1.4356838176277087,False,False,0
cfsc,8,254,312.00422847698911,57.960795743092945,1.1945470268592935,False,False,0
cfsc,8,255,312.3786726141098,60.604028575570055,1.3103096276683273,False,False,0
cfsc,9,0,302.2498165080209,1539.4398267963775,7.9743645819462712,False,False,0
cfsc,9,1,302.24981650802096,1539.4398267963775,7.9743645819462685,False,False,0
cfsc,9,2,302.22870509531685,1529.4650944938305,7.9781343081040301,False,False,0
cfsc,9,3,302.24082849685874,1507.9366175700707,7.9227648640071742,False,False,0
cfsc,9,4,302.22937231985208,1477.9652741587424,7.876507915774833,False,False,0
cfsc,9,5,302.30023302018571,1499.6334093600549,7.8443712074756071,False,False,0
cfsc,9,6,302.23610858360621,1464.4627017946586,7.8677904443141875,False,False,0
cfsc,9,7,302.26527179191203,1458.9764770252841,7.8005905833692255,False,False,0
cfsc,9,8,302.15907629685739,1445.1681995631463,7.9097208343438155,False,False,0
cfsc,9,9,302.24410028238219,1447.2523955271593,7.8057355341005614,False,False,0
cfsc,9,10,302.17596700806087,1400.4880852801771,7.8193075649170591,False,False,0
cfsc,9,11,302.19142909861114,1385.0397212875368,7.7562262647408247,False,False,0
cfsc,9,12,302.26667486092862,1370.6952344350161,7.6686350828156993,False,False,0
cfsc,9,13,302.18037198877408,1336.0250854172173,7.7046900272278824,False,False,0
cfsc,9,14,302.22837377104247,1342.9457399265123,7.6846186014728364,False,False,0
cfsc,9,15,302.26401420585023,1313.9200649902202,7.5734517184974504,False,False,0
cfsc,9,16,302.20517765501916,1285.8556420311584,7.6076393398298272,False,False,0
cfsc,9,17,302.17516505468348,1257.9081939711193,7.6352823088403614,False,False,0
cfsc,9,18,302.96068862165021,1836.2918444430975,4.820378484015305,False,False,0
cfsc,9,19,302.3089151846267,1246.769906713414,7.4787590504518917,False,False,0
cfsc,9,20,302.34957326234252,1182.6716646556483,7.3750797722010981,False,False,0
cfsc,9,21,302.39420299542229,1182.6762697905194,7.3340502435322454,False,False,0
cfsc,9,22,302.34307895179791,1155.2214091039359,7.3783070812392673,False,False,0
cfsc,9,23,302.97527176624021,1736.84829269126,4.7960916805563674,False,False,0
cfsc,9,24,302.92435942282077,1985.2985580688544,4.5606977445246057,False,False,0
cfsc,9,25,302.35979021670988,1137.2902813256155,7.3521295859849864,False,False,0
cfsc,9,26,302.90696788529993,1975.3310331919049,4.34258927989063,False,False,0
cfsc,9,27,302.36791326032341,1129.0636884867095,7.321624458137368,False,False,0
cfsc,9,28,303.04792439306192,1719.7989282983128,4.9184738449919934,False,False,0
cfsc,9,29,303.0043198600535,1700.2723083436929,4.8497084115615205,False,False,0
cfsc,9,30,302.89904373462952,1951.5119414806902,4.2816087305847885,False,False,0
cfsc,9,31,302.38174771627513,1117.5130395436797,7.3015511632723431,False,False,0
cfsc,9,32,303.00297138307644,1687.9233160086224,4.8117809686482431,False,False,0
cfsc,9,33,302.91826785676636,2005.4057616410139,4.3516105810800383,False,False,0
cfsc,9,34,302.44047576305576,1110.7417860664805,7.2551551907128689,False,False,0
cfsc,9,35,302.93414686208649,1930.3244893566398,4.3685584462054186,False,False,0
cfsc,9,36,302.4202463450348,1084.185117979998,7.2601427441270054,False,False,0
cfsc,9,37,302.97761263423598,1785.8263745648114,4.641184229187358,False,False,0
cfsc,9,38,302.96622761830014,1859.2819009463326,4.5334057075267946,False,False,0
cfsc,9,39,302.44362533346629,1071.6080320067679,7.2182730613779196,False,False,0
cfsc,9,40,303.05786584171608,1695.3274892103896,4.8481455543759227,False,False,0
cfsc,9,41,302.98292259473646,1838.2382767833033,4.5652613928259376,False,False,0
cfsc,9,42,303.07851658598338,1638.6275257661389,4.9313361629438317,False,False,0
cfsc,9,43,302.49260647830982,532.84809089946611,6.0277754908737045,False,False,0
cfsc,9,44,302.32582053184734,504.30922480675372,6.189932190517335,False,False,0
cfsc,9,45,302.53904156304139,491.28080100235888,6.046268138836318,False,False,0
cfsc,9,46,302.57718467105821,485.06149569314221,6.0238213470646151,False,False,0
cfsc,9,47,302.21374207681555,459.31268186875002,6.1779417260802081,False,False,0
cfsc,9,48,302.70328812320065,532.52201903826358,5.7132805919344349,False,False,0
cfsc,9,49,302.45904484315525,448.53903744447513,6.1829613095230451,False,False,0
cfsc,9,50,302.30124367648932,446.67988899143086,5.8771769606297646,False,False,0
cfsc,9,51,302.6414746445522,433.34898494495616,5.9847941370368378,False,False,0
cfsc,9,52,302.7933248745918,561.90984187754339,5.7307321560220448,False,False,0
cfsc,9,53,302.67026173450625,603.03643823823541,5.8659618686944386,False,False,0
cfsc,9,54,302.34102564342498,397.85792914335565,5.8803086621848504,False,False,0
cfsc,9,55,302.70924683952796,600.87831509125738,5.8760954274213972,False,False,0
cfsc,9,56,302.58450628966193,417.91608345337954,5.6732773701858843,False,False,0
cfsc,9,57,302.41664670760935,394.1746595585177,5.7732341580468489,False,False,0
cfsc,9,58,302.37142636628948,375.96140235362077,5.7360047734308646,False,False,0
cfsc,9,59,302.86282304219708,569.55010113433946,5.8415194533256187,False,False,0
cfsc,9,60,302.52968658006125,524.49310195422709,5.8446435825253689,False,False,0
cfsc,9,61,302.76062807953241,576.92649363184319,5.8507039675457486,False,False,0
cfsc,9,62,302.76387874661054,576.43523510351008,5.8384218747993044,False,False,0
cfsc,9,63,302.64688305394185,456.85320771759984,5.7211744346152109,False,False,0
cfsc,9,64,302.32374962844466,370.40989819236194,5.5925593839774974,False,False,0
cfsc,9,65,302.45177920388534,354.07590657105112,5.4847095266072996,False,False,0
cfsc,9,66,302.38715672647999,355.00702518942444,5.5251530830077691,False,False,0
cfsc,9,67,302.43342147578744,348.69372158844772,5.6188798026704694,False,False,0
cfsc,9,68,302.21651148183565,333.75684609917545,5.6411018549808718,False,False,0
cfsc,9,69,302.39026565950405,428.86913032293216,5.7742934886951787,False,False,0
cfsc,9,70,302.42434241421472,330.33670500719074,5.6159042337202036,False,False,0
cfsc,9,71,302.40245399671392,444.51439721921861,5.813027011409579,False,False,0
cfsc,9,72,302.42075507678845,296.38788784825618,5.6021673318798024,False,False,0
cfsc,9,73,302.2766576863998,330.96539221666075,5.6544352560478668,False,False,0
cfsc,9,74,302.46645581605412,426.19395015504102,5.772624515999893,False,False,0
cfsc,9,75,302.29687270444083,332.23912350833569,5.6476199301213672,False,False,0
cfsc,9,76,302.35730803726273,360.78637093519285,5.666656767450144,False,False,0
cfsc,9,77,302.39820001922357,394.18623249411496,5.70169581934835,False,False,0
cfsc,9,78,302.38380327877979,335.45972515547936,5.6310990330786908,False,False,0
cfsc,9,79,302.34263749380574,384.65755817210612,5.7604381233873401,False,False,0
cfsc,9,80,302.34594998723782,337.39310022262481,5.7032379241651796,False,False,0
cfsc,9,81,302.41877358968929,356.86571214023644,5.7216024545738318,False,False,0
cfsc,9,82,302.40768367664907,326.46974585126327,5.7087803582434127,False,False,0
cfsc,9,83,302.40419725815548,335.56898498123087,5.6972537435112622,False,False,0
cfsc,9,84,302.3543088425746,356.31248034202298,5.7133929637416028,False,False,0
cfsc,9,85,302.28128925315076,368.03741028753166,5.7955921125971805,False,False,0
cfsc,9,86,305.54281480231901,335.11083271436974,8.5140869897080442,False,False,0
cfsc,9,87,305.59018412271428,330.2064920355765,8.5003078072297011,False,False,0
cfsc,9,88,305.57374341161108,305.23833811539373,8.4240493409572075,False,False,0
cfsc,9,89,305.61934942133695,329.98388658844993,8.2701744646561401,False,False,0
cfsc,9,90,305.81126176702782,311.26401438295773,8.7170487427873198,False,False,0
cfsc,9,91,305.87178527627248,334.13966499328791,8.8892105766526424,False,False,0
cfsc,9,92,305.78586246657562,341.46840865164205,8.3334693975155609,False,False,0
cfsc,9,93,305.93325716109064,336.89488491138627,8.926554224932719,False,False,0
cfsc,9,94,306.01447669989329,320.84064973031707,9.0025151779623815,False,False,0
cfsc,9,95,306.02984122971208,338.25487556608067,9.1377306137232281,False,False,0
cfsc,9,96,306.0136300419627,330.25746166834165,8.761882657953544,False,False,0
cfsc,9,97,306.11169602139648,335.35106955408645,9.2192393023060628,False,False,0
cfsc,9,98,306.16792776101602,325.07017392015564,9.1842473121067023,False,False,0
cfsc,9,99,306.17796449953352,335.62363195309814,9.0730270966065927,False,False,0
cfsc,9,100,306.18598262998842,322.90697742266167,8.6566941032829874,False,False,0
cfsc,9,101,306.10739655191884,293.04512133489163,8.4086286678836402,False,False,0
cfsc,9,102,306.14819550906464,287.80373894401498,8.4221346078783892,False,False,0
cfsc,9,103,306.20480502877984,276.59370269957253,8.5899287219866611,False,False,0
cfsc,9,104,305.91685362163582,298.29827432272981,7.8342407178218219,False,False,0
cfsc,9,105,306.22169454848046,288.94729732731884,8.42894827438632,False,False,0
cfsc,9,106,306.24478330049863,284.26204914663418,8.4272468280648773,False,False,0
cfsc,9,107,306.29603064663763,273.19719788002533,8.2300468516950289,False,False,0
cfsc,9,108,306.35078572981013,268.54137060414922,8.2206532171339468,False,False,0
cfsc,9,109,305.95232145979742,181.45588513941567,7.7217003977024135,False,True,0.010076150325483306
cfsc,9,110,306.00357453387505,206.87798046280869,8.1122786940106657,False,True,0.0078528337739207435
cfsc,9,111,305.9100445791957,170.93761990155588,7.7022259499471257,False,True,0.014607387667872888
cfsc,9,112,306.6090389141612,194.23907162105212,7.9436489867919695,False,False,0
cfsc,9,113,306.62606303365601,191.86758489070644,7.8746718606816177,False,False,0
cfsc,9,114,306.55401786328105,186.13118584209815,7.8057874461191972,False,False,0
cfsc,9,115,306.6368018223128,180.50256762802309,7.7875344232239723,False,False,0
cfsc,9,116,307.35986400654997,357.29986828819307,7.5991900168006605,False,False,0
cfsc,9,117,306.71477442628981,187.94159217220425,7.6326005819344287,False,False,0
cfsc,9,118,306.72977968888756,183.59118897053884,7.6057802104736831,False,False,0
cfsc,9,119,306.82851627647443,170.96147522810065,7.6658211197156056,False,False,0
cfsc,9,120,307.40208368720209,334.82346560847765,7.6251855684576411,False,False,0
cfsc,9,121,307.60080889883437,349.68030571090463,7.5846254977721514,False,False,0
cfsc,9,122,307.60080889883437,349.68030571090412,7.5846254977721541,False,False,0
cfsc,9,123,307.49918527722821,320.71502091451828,7.5739834148982474,False,False,0
cfsc,9,124,307.70507799001552,327.8203380063045,7.6923873630672688,False,False,0
cfsc,9,125,307.7865664020045,321.70286526463281,7.6585052502617135,False,False,0
cfsc,9,126,307.79235279062374,309.39856113886822,7.6516549280895783,False,False,0
cfsc,9,127,307.80625683222252,308.27140311562721,7.6566671724407813,False,False,0
cfsc,9,128,307.59091678515392,125.43189863352075,7.3869670415359101,False,True,0.0038885993371849739
cfsc,9,129,308.60208421636503,1530.6996061787579,5.0969110386220127,False,False,0
cfsc,9,130,308.59138844763675,1541.1317523904795,5.0029290728718436,False,False,0
cfsc,9,131,308.63510676142505,1516.5922870483091,5.0159007337501951,False,False,0
cfsc,9,132,308.68985232718489,1502.6127685950923,5.051577308058997,False,False,0
cfsc,9,133,308.65934588803179,1463.6446746187344,5.1098358782082087,False,False,0
cfsc,9,134,308.69204887796644,1446.0584634726793,5.1450337228475531,False,False,0
cfsc,9,135,308.67598661928429,1483.4052706423327,4.8171312587870814,False,False,0
cfsc,9,136,308.76049196769731,1453.6369308753692,4.7406737900204003,False,False,0
cfsc,9,137,308.79997858046482,1395.58820612813,4.865976413978883,False,False,0
cfsc,9,138,308.44721693711716,1402.278540693414,4.1828639676347272,False,False,0
cfsc,9,139,308.64220200844244,1356.252844517388,4.493768006642509,False,False,0
cfsc,9,140,308.50458639340815,1393.2790310347802,3.9936815103599468,False,False,0
cfsc,9,141,308.610498186624,1329.4869196603693,4.2306003647194714,False,False,0
cfsc,9,142,308.81474665360304,1293.918022842955,4.7543947226349648,False,False,0
cfsc,9,143,308.69292803606953,1349.8061595335,3.879641395498282,False,False,0
cfsc,9,144,308.76628061082471,1329.8210153120363,3.9967892084310916,False,False,0
cfsc,9,145,308.3910913288334,881.57881789946646,5.0012119136852506,False,False,0
cfsc,9,146,308.77969141084719,1282.3371289611036,3.9013689821652839,False,False,0
cfsc,9,147,308.10518989846349,904.04413473392265,5.0180572051068033,False,False,0
cfsc,9,148,308.54233202439354,811.96025321067066,4.9513615523778434,False,False,0
cfsc,9,149,308.83634353565145,1180.4100711874551,4.2625746065248045,False,False,0
cfsc,9,150,308.82215160451017,1290.4164097136813,4.0105336017930826,False,False,0
cfsc,9,151,308.94291818419856,1140.2224953786358,4.0920400538111306,False,False,0
cfsc,9,152,309.09137736298078,1118.8730697639166,4.3542100003350459,False,False,0
cfsc,9,153,308.75767461988471,698.93971358498493,4.6091824590681458,False,False,0
cfsc,9,154,308.4810205412702,769.43464365017769,4.4469577807159979,False,False,0
cfsc,9,155,308.52859280615871,695.06889098631586,4.3998945787349681,False,False,0
cfsc,9,156,308.45236362502089,797.49820670624786,4.3650774921916566,False,False,0
cfsc,9,157,308.54195504025614,744.27896747927775,4.3646466694719885,False,False,0
cfsc,9,158,308.80594440587885,1174.4192948362825,3.3966401539943356,False,False,0
cfsc,9,159,308.8105338948161,1161.0061312005619,3.423960278536637,False,False,0
cfsc,9,160,308.56186739267224,739.28280488840892,4.3313332828541515,False,False,0
cfsc,9,161,308.5142058245068,775.38333388294723,4.2841446100711043,False,False,0
cfsc,9,162,308.77596126665384,1116.1175530136777,3.5624200006244182,False,False,0
cfsc,9,163,308.66616527069914,1047.890277223833,3.8457563174968574,False,False,0
cfsc,9,164,308.61715164656829,311.72943901511439,6.8564656434952358,False,False,0
cfsc,9,165,308.71191734091587,662.64809382407179,4.2580914713683784,False,False,0
cfsc,9,166,308.58382800018046,753.03254859186791,4.1962220744475909,False,False,0
cfsc,9,167,308.65942022029066,305.50746390901719,6.8330023319866049,False,False,0
cfsc,9,168,308.81597933797303,998.1489659447941,3.8973098848862433,False,False,0
cfsc,9,169,308.83815669970494,981.92451504316352,3.8864120724114235,False,False,0
cfsc,9,170,308.72163851948426,1002.5671493857074,3.7070700305201827,False,False,0
cfsc,9,171,308.83996498200196,1082.2705442194208,3.5317452677466337,False,False,0
cfsc,9,172,308.82412489490491,605.60739209922269,4.1822579439517966,False,False,0
cfsc,9,173,308.82152792561698,952.38571814519651,3.8231698583105955,False,False,0
cfsc,9,174,308.82250189115661,960.32491267067871,3.7879915638355519,False,False,0
cfsc,9,175,309.15337677860691,1065.8639144360131,3.5158874226709393,False,False,0
cfsc,9,176,309.02951566541208,1112.8949506069159,3.3608506632578501,False,False,0
cfsc,9,177,308.86488587652553,624.95346876024792,3.9927781845620571,False,False,0
cfsc,9,178,309.09264675631999,1032.0894984037313,3.5399582392589175,False,False,0
cfsc,9,179,308.9024564442654,940.39700383008676,3.7063910549124381,False,False,0
cfsc,9,180,309.00541910098104,1149.8754209314629,3.2971178673844999,False,False,0
cfsc,9,181,308.98200987925378,1041.3553054755382,3.3820434828191974,False,False,0
cfsc,9,182,308.95179304198575,924.27034789075685,3.6823925954712302,False,False,0
cfsc,9,183,308.99755068016992,903.97971995761623,3.7506812082788259,False,False,0
cfsc,9,184,308.92151583395048,278.28192826173216,6.7498360141355471,False,False,0
cfsc,9,185,308.89228769017359,935.17693056825487,3.5511248975476617,False,False,0
cfsc,9,186,309.16081659130822,537.60201666142814,4.0443313084813717,False,False,0
cfsc,9,187,309.13596680130428,1133.0540371668367,3.1813207807919617,False,False,0
cfsc,9,188,309.10056062519578,1057.1456453365356,3.2941713221185767,False,False,0
cfsc,9,189,309.10161060739966,1087.3222353330946,3.130473742762991,False,False,0
cfsc,9,190,309.13252846586914,993.45200971207271,3.4454223378212001,False,False,0
cfsc,9,191,308.98034649702919,873.09868287158224,3.5860126797633525,False,False,0
cfsc,9,192,309.50161311803532,376.39323688943892,2.8379813177844673,False,False,0
cfsc,9,193,309.50595816960669,371.35806438574582,2.7588007195189812,False,False,0
cfsc,9,194,309.50274565287629,366.98174243186691,2.7781269103192625,False,False,0
cfsc,9,195,309.59090504450802,345.95667377325407,2.520281149457031,False,False,0
cfsc,9,196,309.60435714204357,343.99270149859768,2.4633137240145428,False,False,0
cfsc,9,197,309.69277264669432,297.6227906465038,2.5601028614723438,False,False,0
cfsc,9,198,309.74073716320692,326.44466707869725,2.3997860452250057,False,False,0
cfsc,9,199,309.90331455076796,286.96555970224165,2.5367895340485949,False,False,0
cfsc,9,200,309.9089488557604,282.70150222765523,2.3559676314144213,False,False,0
cfsc,9,201,309.9571085653015,282.78231719193388,2.3929470311202956,False,False,0
cfsc,9,202,310.00543974685269,278.5040934336231,2.447584279945048,False,False,0
cfsc,9,203,310.05775458196467,266.75873895486416,2.3427384057969731,False,False,0
cfsc,9,204,309.49809502356169,111.86966189690611,5.8351542090515993,False,False,0
cfsc,9,205,309.7318085009768,119.21434745552176,5.9733945416592249,False,False,0
cfsc,9,206,309.50911952877561,108.54062222224309,5.8311440979573455,False,False,0
cfsc,9,207,309.60387636850317,106.0272793351553,5.8295757028791151,False,False,0
cfsc,9,208,309.74292284141495,111.82162282068293,5.6431915781958573,False,False,0
cfsc,9,209,309.70725642129332,95.721701579466071,5.762996717857745,False,False,0
cfsc,9,210,310.18227675518978,121.85371764966908,4.6280844581150635,False,False,0
cfsc,9,211,310.2332877669196,117.47757153870498,4.5917782253597865,False,False,0
cfsc,9,212,310.49122058693655,213.35801077631965,2.2106091562599377,False,False,0
cfsc,9,213,310.29363641964198,109.54596089251424,4.5370402317008658,False,False,0
cfsc,9,214,310.52264276388854,210.79195450316621,2.2156723063887465,False,False,0
cfsc,9,215,310.42551042826221,102.86910882331188,4.7471062889884559,False,False,0
cfsc,9,216,310.47203444738415,101.38061894472537,4.6853547057615836,False,False,0
cfsc,9,217,310.47032813243027,100.77991644606152,4.4456456739839485,False,False,0
cfsc,9,218,310.55223850682478,99.767433079739249,4.585327964095657,False,False,0
cfsc,9,219,310.63900576028698,200.66562918731029,2.2866004776676165,False,False,0
cfsc,9,220,310.71747734205883,201.40928210574276,2.308601767690253,False,False,0
cfsc,9,221,310.71607305198859,197.37142150321785,2.2139314566554522,False,False,0
cfsc,9,222,310.78620859713118,201.0150804534689,2.4280045892727609,False,False,0
cfsc,9,223,310.73921386190943,196.62411504625857,2.2142588304456017,False,False,0
cfsc,9,224,310.45221226374929,66.128935028940987,5.8084464385408241,False,True,0.005793999645195713
cfsc,9,225,310.53413588213874,66.419960993622112,5.8519418231568423,False,True,0.0060862312880041267
cfsc,9,226,310.74156282658754,192.58096255271272,1.9569910386207292,False,False,0
cfsc,9,227,310.61941143361116,66.322221260745891,5.9515979531643337,False,True,0.0072044635678930949
cfsc,9,228,310.73335276244069,62.507961666618485,5.6321948658319636,False,True,0.0049818875321958472
cfsc,9,229,310.92202081071906,177.89226252355149,2.0087561692335623,False,False,0
cfsc,9,230,310.96383987384064,170.99462066483574,1.8907157102235512,False,False,0
cfsc,9,231,311.04058740888445,169.79162876502198,1.7577214843399176,False,False,0
cfsc,9,232,311.1246950934995,162.45324470229832,1.7531976144105279,False,False,0
cfsc,9,233,311.15436337961154,157.84781889552403,1.6130421667416703,False,False,0
cfsc,9,234,311.2230104764584,152.15038940087788,1.6209726648965264,False,False,0
cfsc,9,235,311.24627980145124,149.91840947490527,1.6229663261259555,False,False,0
cfsc,9,236,311.38660497533505,158.17622907390296,2.0345524129824097,False,False,0
cfsc,9,237,311.34584452164222,153.93915212986929,1.9747898175266476,False,False,0
cfsc,9,238,311.43529594656729,149.25787916313539,1.9741529439065726,False,False,0
cfsc,9,239,311.44247621805505,145.77198519550109,1.899337587080395,False,False,0
cfsc,9,240,311.47337895244993,146.66359698047279,1.8852043506883227,False,False,0
cfsc,9,241,311.46181520443571,147.76102027697493,1.8720692537075054,False,False,0
cfsc,9,242,311.57609005515837,146.33451758713909,1.8679019438963795,False,False,0
cfsc,9,243,311.57441272315748,147.46545408465033,1.8705244564778498,False,False,0
cfsc,9,244,312.61856666966514,68.280706538665981,1.4522510046109955,False,False,0
cfsc,9,245,312.63818923741854,69.131259065448489,1.4807120201244643,False,False,0
cfsc,9,246,312.63656648758359,68.432611584379742,1.4793325000351789,False,False,0
cfsc,9,247,312.63265206607855,67.627377857502211,1.4788706827641072,False,False,0
cfsc,9,248,312.66320460750126,67.45650239730162,1.4656954197842254,False,False,0
cfsc,9,249,312.6823186640579,67.513580104270318,1.5031495429469253,False,False,0
cfsc,9,250,312.70946195944106,66.16336417316586,1.4268900332091015,False,False,0
cfsc,9,251,312.94374607625349,27.130165083462202,0.56490467666514732,False,False,0
cfsc,9,252,312.93921837486442,23.514615952798295,0.54412791911528302,False,False,0
cfsc,9,253,312.9391921068592,23.300376118410895,0.54058352458200076,False,False,0
cfsc,9,254,312.91509824358144,23.25207738662175,0.56306620504416927,False,False,0
cfsc,9,255,312.94723632937865,23.42616810266577,0.53672984713162375,False,False,0
