repeat,partition_seed,method,observation_id,outer_fold,T_true,T_mean,T_std,P_true,P_mean,P_std,TD_true,TD_mean,TD_std
0,0,Single GP,0,2,312.33,313.17628116458883,0.41599450038789054,84.06,53.43875271948116,105.87010808365295,0.31,2.6755756620383977,1.2185557814757142
0,0,Single GP,1,2,311.68,309.1997149241437,0.43725018507810964,204.84,189.95810021075988,167.33512980082705,9.2,7.489399374535136,1.3665864255053475
0,0,Single GP,2,0,301.44,304.9636114744865,0.45819068201278684,220.66,527.8409000636295,147.51356979605472,4.44,7.683464953821662,1.4545097657872612
0,0,Single GP,3,1,314.31,314.46503915463046,0.638513226042029,12.81,8.418186275817561,135.1237186017757,2.87,5.673387205304757,2.4192842138693673
0,0,Single GP,4,2,306.89,304.7717536487255,0.32440438212939193,422.12,341.2256136270441,171.34288873688166,12.1,7.483246634363306,1.4573728635772312
0,0,Single GP,5,2,307.84,308.3141107818636,0.2669102253816552,2201.12,1886.5159522605097,122.075024560545,5.77,5.794876274737793,1.2939745913864937
0,0,Single GP,6,1,314.22,313.663318350414,0.5841130438377328,87.66,47.87768331190534,212.40086197019102,3.45,5.1999730162287126,2.100263633155571
0,0,Single GP,7,0,301.14,303.54976218859525,0.6134666141244532,965.47,1390.4801992901898,197.2770187934479,6.46,8.493895299411204,1.476654611101442
0,0,Single GP,8,0,306.32,306.464148899207,0.36065536544822574,331.97,624.0616504826107,97.72248571913994,10.22,7.84399590179192,1.1969931174077475
0,0,Single GP,9,4,304.34,303.76816880200477,0.5736500453164857,421.99,406.81090730667415,218.67351572303897,3.37,8.949777625296766,2.0095572576323257
0,0,Single GP,10,3,303.31,303.5434508499705,0.4328961876363683,1035.72,372.2026525558469,133.59993847857535,5.86,5.269441724987555,1.1297552928211705
0,0,Single GP,11,2,308.31,307.61043931041667,0.2897428643509207,374.66,401.9516954667994,143.2917781827825,8.57,8.231470275651608,1.3587565779219783
0,0,Single GP,12,4,307.47,307.02660918709785,0.34553344264587266,850.87,1077.8158934531075,134.76805562349992,10.63,11.018082768368945,0.9093991365091849
0,0,Single GP,13,0,306.43,307.1229891389533,0.32261884847033534,2256.33,1099.3519041488403,92.05451157084644,4.77,8.647468907562219,1.0426929955280368
0,0,Single GP,14,3,313.31,313.54165013809455,0.781478635315543,0.85,95.32196842158714,287.9524094937093,0.42,2.079641643206304,2.268174981577672
0,0,Single GP,15,2,311.83,313.0799433653729,0.28389876603400677,194.23,108.81152690940576,109.00497437512495,3.51,2.2939516933216644,0.9682827724490563
0,0,Single GP,16,0,307.32,306.2927836429625,0.3474527032691974,1604.24,1717.0653665147202,64.00923309530377,11.92,11.24624981538906,0.40679200382417785
0,0,Single GP,17,2,311.08,311.1590286715756,0.331406264438113,560.59,415.5630853548212,114.85243146712463,3.19,2.60265087364435,1.0772788732284846
0,0,Single GP,18,1,311.14,309.5374027167526,0.35123922200293667,68.07,50.20300473676241,150.31420450429988,5.46,5.623939803323543,1.977549120162428
0,0,Single GP,19,3,312.39,312.0866758366119,0.5207139795295083,59.84,85.56641086495301,174.4291335676624,5.02,5.220213940997604,1.6915197386655436
0,0,Single GP,20,3,308.85,309.19094071480134,0.33129337398182457,484.91,377.58882006529683,106.59046700733835,7.06,8.052525141904763,1.1954805920563136
0,0,Single GP,21,4,311.28,310.45637762063717,0.3101801901106416,410.23,811.1480787659655,159.34901519821167,5.16,6.703903712713815,0.9866079520580763
0,0,Single GP,22,0,312.03,312.9839479036054,0.4449011920212576,122.49,184.32879889097842,136.99148352561585,3.07,5.829034823923791,1.2007711679810271
0,0,Single GP,23,2,307.93,307.04152350047417,0.3881963353175145,117.49,203.1274373983602,173.2407353484196,6.42,9.61022752436347,1.4416598295791851
0,0,Single GP,24,0,306.65,306.67277269353093,0.36316282107559783,1388.31,1300.70195964286,73.69175719240639,11.47,11.705797276980139,0.8515605879327532
0,0,Single GP,25,4,308.18,308.45541094755816,0.2808776186477209,1252.74,1113.6704893289248,129.63984539521297,7.11,8.010055075626575,0.7047090844375938
0,0,Single GP,26,0,310.29,309.9145365160726,0.5006310102603264,785.56,707.2835411760539,161.98441133091652,5.06,4.109652398022963,1.65019758210182
0,0,Single GP,27,1,303.33,303.44880272432414,0.4525962170911699,1918.36,1981.879745994223,151.39054081139525,8.91,5.90851415661506,1.8657917618917428
0,0,Single GP,28,2,302.73,301.52849028157465,0.839178494805288,2026.87,2070.038792839975,260.08438424736926,13.02,5.833729978226895,1.6829955587379002
0,0,Single GP,29,3,310.24,310.46793737412463,0.554089368763556,305.92,269.4985937530416,174.9486045522299,5.99,6.079078784824349,2.2172874190965413
0,0,Single GP,30,0,305.2,305.0349251240598,0.41639446047944156,2372.98,2244.3530799088944,116.5580658092674,10.28,8.52701258387119,1.2563747319666654
0,0,Single GP,31,3,307.79,306.7519932908899,0.42819913822927314,1236.45,1211.8959428397043,114.94297277517114,12.82,11.002550848385138,1.1681607924449686
0,0,Single GP,32,3,309.58,309.76522362304587,0.37446793681690577,717.28,589.9819406082244,110.9317051682518,6.31,7.155007200099188,1.7265217186905741
0,0,Single GP,33,0,311.54,311.02902894223087,0.3842033470473143,686.14,683.5108140940755,96.73113743484664,4.98,1.8172638883861207,0.8806093256800965
0,0,Single GP,34,2,308.55,309.4206594424818,0.31056628511145906,367.47,422.57884970075224,115.27304622633427,5.43,5.927258923436162,1.1642962647446782
0,0,Single GP,35,2,306.8,306.50232350137554,0.2975188431224993,554.95,485.157579587055,159.6128483786586,12.78,8.99506751356128,1.46008127620255
0,0,Single GP,36,4,307.12,307.6500190581664,0.3471789161983965,2075.38,2178.012027622449,132.15058329528924,5.9,6.240372004519603,0.7188975323968166
0,0,Single GP,37,4,309.05,308.8803161886271,0.35094726359557143,1337.07,1606.3686007804927,178.53247038573483,4.68,5.4692007953374295,1.1143943181025642
0,0,Single GP,38,2,307.56,307.3288314715389,0.45296717405972536,316.18,599.3008566355148,169.73454924508118,8.14,6.827085301274121,1.6134409444587676
0,0,Single GP,39,4,312.34,312.66695576418476,0.5290981541274749,106.38,192.70767107120366,256.1998740790387,5.13,5.570096714581524,1.96002570942296
0,0,Single GP,40,2,309.58,308.3934810801881,0.34072018398196047,435.02,416.4877966418817,94.9508827776468,7.83,8.35397192081798,1.038670590847287
0,0,Single GP,41,2,307.48,307.19499917714427,0.2744348955469298,1296.42,986.3401162571358,80.6523639580003,8.74,8.240571964615443,1.1157336754993188
0,0,Single GP,42,2,304.47,304.92340385648487,0.39128073757225246,451.73,760.6340003479503,150.4363467677561,7.37,8.714322857845243,1.7261102496493925
0,0,Single GP,43,1,311.63,312.4780950420516,0.3964613565391144,91.86,132.97783085106835,124.06614488318661,2.46,3.0289310110774212,1.7241047842726753
0,0,Single GP,44,4,312.52,312.5544206001653,0.5104356025465374,220.1,292.29035966320487,161.771593706305,1.31,1.582173648465325,0.7811008785007855
0,0,Single GP,45,1,312.59,312.35621611730784,0.43027871324907413,188.63,171.59762757159763,139.3631426807524,1.23,1.421724307933986,0.8635459434102124
0,0,Single GP,46,4,306.36,306.9333495808132,0.3886947455250517,947.21,817.9228679690364,154.81553561107123,7.22,6.865386376108645,1.1478725434847332
0,0,Single GP,47,4,302.67,305.410953643812,0.5173526196885414,1366.98,1125.181859049419,196.04288307186087,10.28,12.054436859594635,1.431465246318164
0,0,Single GP,48,1,312.73,311.94330036824874,0.49899268066281627,46.91,45.998562485463935,150.74074078937878,1.25,1.5104301740562684,1.5575424124945787
0,0,Single GP,49,3,310.89,310.26130415681047,0.4279136190403904,93.48,67.2826853606789,151.80619575898623,4.63,4.53160489910429,1.455768823443234
0,0,Single GP,50,2,307.08,304.86340607515876,0.4796309109235211,130.32,363.7646426228508,273.7561725761966,7.26,7.658522029972687,1.4600315190831996
0,0,Single GP,51,1,306.76,306.7575868776635,0.25042540988114664,1543.82,1695.7300521180264,92.96637818156626,10.96,10.601170226579173,0.975161216887091
0,0,Single GP,52,2,310.33,310.0690988130088,0.344788515740113,570.52,581.4988324015416,128.27799597447472,5.7,5.782223062987326,1.817989211628162
0,0,Single GP,53,0,312.69,312.9815398595341,0.4141896254975414,95.36,24.369780925881173,97.49456243343283,1.39,1.4712527166828204,1.2042219719264293
0,0,Single GP,54,0,311.54,311.6402754657519,0.3396020999387241,223.41,264.94210774605585,111.51568104010299,4.71,5.6944097196325405,0.8215926472780278
0,0,Single GP,55,0,308.42,305.99315842516546,0.31619466456390566,709.64,789.048210117471,98.77204785754661,12.53,8.972717307176994,1.0353417608603095
0,0,Single GP,56,1,308.18,307.99540008418404,0.23944623401910833,1523.36,1840.6014337211245,96.36784624894298,7.59,6.2459190603251304,0.7972779278787127
0,0,Single GP,57,3,308.44,309.1854744086297,0.4229729556598546,1059.82,1256.1181183517344,114.43942496145532,5.32,6.413496465660981,1.7010710906643358
0,0,Single GP,58,4,309.87,311.0073622657609,0.33065126892381796,261.82,75.9528567341116,181.83472225606374,2.03,3.476545016070887,1.2054558190343623
0,0,Single GP,59,2,308.33,309.81655632244184,0.2778404782541619,1098.75,1311.567600054931,115.42089223444991,2.44,3.795988458875037,0.9763005828687911
0,0,Single GP,60,1,306.45,305.9617744926097,0.4944778594204372,268.91,282.8263518873785,133.07673215717438,8.27,6.692842553665274,1.9056032562852674
0,0,Single GP,61,2,303.98,303.3184789875613,0.4559132855055062,704.72,1310.0851608599887,166.02884220792194,7.93,6.581804143034003,1.6189942188892863
0,0,Single GP,62,1,308.91,309.0955195410169,0.2536572744645045,671.26,1027.3779699235033,92.96218251738016,8.35,8.559988421994582,1.1812344940476687
0,0,Single GP,63,1,309.65,310.29860370602626,0.33461562415761675,616.92,582.6518527320567,86.4794692088546,2.11,2.1441776666341807,1.0818070173169059
0,0,Single GP,64,4,311.97,312.0580983020851,0.42033772579398454,177.02,229.66938831801167,161.85337674444887,2.3,1.2330013397252308,1.486457132413663
0,0,Single GP,65,4,306.98,308.14700725494885,0.34368583929657837,2215.59,1748.5648180533242,159.7879531811873,6.68,7.792466819142139,1.0838928208876817
0,0,Single GP,66,3,306.01,306.47278047157005,0.4380832796034988,1493.56,1447.667039370247,117.9185919687707,12.0,11.971312182988825,0.9587312673541921
0,0,Single GP,67,4,311.22,311.8736041325591,0.3553996979693703,462.07,539.0547843898057,162.28274714407118,3.64,7.759783832767022,1.138963236940666
0,0,Single GP,68,1,304.88,309.0431055058091,0.3235620086266617,395.97,331.9669931199715,107.21376862265963,8.3,9.08437416146566,1.7051740819346333
0,0,Single GP,69,3,310.04,309.74692097249994,0.6289645491630884,990.55,803.7905203120057,220.398823751979,2.36,1.9536851844907845,2.1825612589866212
0,0,Single GP,70,4,312.89,312.1062327340893,0.36806502103948097,164.97,335.0770583945882,174.33778754760542,0.86,5.468830862107407,1.108439814809447
0,0,Single GP,71,1,312.89,311.8185337957249,0.5782300932005217,42.42,85.28386375879415,248.35615799761956,0.86,1.738557850290836,2.0694546028406577
0,0,Single GP,72,3,311.83,311.3456226134549,0.3135232201766989,492.81,421.3582084687231,89.67512249511047,6.49,3.677254330680018,0.9071359669028595
0,0,Single GP,73,0,307.38,307.71356055447717,0.46483993028379245,663.32,582.9277837649462,131.17770742208108,9.56,8.366627854818853,1.6471889649079776
0,0,Single GP,74,1,313.21,312.5121072840991,0.508063373993391,15.08,18.60826118754528,182.28783259081519,0.39,1.0172240094941678,1.6019370949190708
0,0,Single GP,75,0,307.86,307.76037484375786,0.3400579895696707,946.9,1149.0728103084912,87.33359155193259,8.0,6.974239655983791,1.1014051967699718
0,0,Single GP,76,1,307.58,307.8369774878313,0.24936913053611354,1109.01,1246.2528000447828,89.24428482034688,8.19,7.529832037902359,0.9193622868522511
0,0,Single GP,77,3,312.31,312.52755828888365,0.47607861764646403,65.54,79.97270184292393,119.66273694063938,2.01,0.8981536588864314,1.3673671711072977
0,0,Single GP,78,0,312.73,313.1710602632984,0.35806133026666354,68.26,78.56768262853495,137.86429480868827,1.34,2.958013664826823,1.4067563897065887
0,0,Single GP,79,3,306.53,307.4545617538809,0.4380507857629292,466.58,487.90970032516566,132.53159937621683,7.25,6.876554736143717,1.377206094529698
0,0,Single GP,80,1,315.92,312.98281626567535,0.5121055323369117,84.11,121.18600548083498,110.85193767939673,3.9,2.1959815957990863,1.550290552987121
0,0,Single GP,81,4,309.26,307.8021592349286,0.8442503319890748,613.05,791.939339100508,275.75954497591687,8.86,11.169266214449696,1.788758257621544
0,0,Single GP,82,1,310.16,307.94255977096145,0.27103533193733664,517.94,753.5808740442178,99.05410853624406,7.35,5.395760222399758,1.0358767013005423
0,0,Single GP,83,4,304.65,304.18464062542404,0.48919212506070137,2419.87,1646.0815847488288,241.29417319925636,12.79,9.31785543653791,1.9295073661637467
0,0,Single GP,84,3,315.33,313.5311407396551,0.46052515776290587,96.59,43.02040774496072,138.36339939571397,6.91,4.373719183637782,1.8858405291614448
0,0,Single GP,85,3,311.02,311.10722841412036,0.6663434930314347,146.83,126.97554742468981,234.44884270279667,5.0,5.849322454183707,2.4734850979558347
0,0,Single GP,86,0,309.61,309.51064120533,0.47341715300300385,540.43,408.0162152661627,134.48026153130567,7.42,8.795382233775111,1.1919579846024886
0,0,Single GP,87,4,311.04,312.16236893254825,0.4450889332855384,153.39,169.69472248583514,230.21841755008205,1.96,1.4312990140981974,1.2168678772956532
0,0,Single GP,88,4,312.29,313.3542416047072,0.4338927544310477,42.84,46.077412705515144,214.69393657511407,3.51,2.5121589232145816,1.910972735747071
0,0,Single GP,89,3,311.14,311.06038276015954,0.521976700531024,504.12,501.1227786702507,151.6298176699357,4.26,4.909524296911155,1.9858933895802655
0,0,Single GP,90,1,308.79,307.3963921301298,0.3089758072483627,843.81,984.3873008926964,98.12483465600424,7.69,7.262377135777517,1.2441833139924308
0,0,Single GP,91,2,302.53,303.9749390314859,0.4612262511856797,2030.6,2628.2715431394704,224.3632404106072,2.36,7.0423239357318295,1.714174972351581
0,0,Single GP,92,0,312.07,311.1988995065698,0.40409027683202503,81.77,75.68085746530096,80.99245809919569,5.71,4.562042187933724,0.6901595600415803
0,0,Single GP,93,0,306.81,306.739973372912,0.3380803354399169,673.45,823.3222278343655,96.81433617120499,7.15,6.468712563335867,1.0053831532502273
0,0,Single GP,94,3,309.96,309.89374674792157,0.43441116713017575,659.22,489.45372315472355,120.40958504355635,4.79,5.949429213354949,1.8826836151935558
0,0,Single GP,95,0,314.36,313.8465070622957,0.381165605333165,139.42,-32.99917835465055,108.22259995716668,5.84,3.66820445202759,1.0085674096485648
0,0,Single GP,96,4,310.35,310.74004461791947,0.49416873673701595,94.55,98.72740983189476,114.10248952163266,3.98,5.569556939566509,1.1056868016176107
0,0,Single GP,97,3,313.16,313.42836405442716,0.6502724391101211,15.39,55.74449550472923,214.31386339752223,0.53,1.8314555053403687,1.9166022013230721
0,0,Single GP,98,3,306.83,306.53822678579496,0.32271999196788825,1407.27,1550.8831503188958,76.45686263428385,10.88,12.312385823013521,0.5882787288449648
0,0,Single GP,99,1,309.81,309.7008526300543,0.244127402765609,533.37,621.5448110415067,108.5920620858559,7.02,5.453858592420776,1.4493511043041152
0,0,Model Selection,0,2,312.33,313.93519063440937,0.9084113676984462,84.06,81.74849047175121,203.54258695840502,0.31,2.5554792234062718,1.2890091676622584
0,0,Model Selection,1,2,311.68,309.5264347769451,1.2105378680579821,204.84,218.4550741573599,253.87460294796233,9.2,6.976948851576707,1.4834783215615746
0,0,Model Selection,2,0,301.44,305.6699846451151,0.9750005485029214,220.66,570.9931224772228,231.81636386559603,4.44,7.683464953821662,1.4545097657872612
0,0,Model Selection,3,1,314.31,314.46503915463046,0.638513226042029,12.81,29.31494802811949,222.55432058508512,2.87,3.933675893658428,2.2095114576727153
0,0,Model Selection,4,2,306.89,305.1078798101117,1.0317555345969478,422.12,402.2718729619052,249.96945577796228,12.1,10.035779961937285,1.5014011653454382
0,0,Model Selection,5,2,307.84,308.0819238294705,0.8144374166137732,2201.12,1830.3804601507509,198.0938836752027,5.77,6.0303688122520365,1.2385051254256927
0,0,Model Selection,6,1,314.22,313.663318350414,0.5841130438377328,87.66,86.96734229013964,272.43968604325,3.45,3.715817725174036,1.9872534091742875
0,0,Model Selection,7,0,301.14,304.08818750134566,1.1028075293849684,965.47,1036.9505826878003,205.93060190123916,6.46,8.493895299411204,1.476654611101442
0,0,Model Selection,8,0,306.32,306.50214890348093,0.9220379895112726,331.97,474.5729944808586,218.35485746038475,10.22,7.84399590179192,1.1969931174077475
0,0,Model Selection,9,4,304.34,304.6648947956378,0.7712333706145639,421.99,590.0313856638626,163.36106796711903,3.37,7.283539864150345,1.0885567133862675
0,0,Model Selection,10,3,303.31,304.02683532931945,0.5808846599543064,1035.72,433.1259878676816,138.2934072348171,5.86,7.411914071808104,0.6781703202179244
0,0,Model Selection,11,2,308.31,307.2925898241393,0.8647114482735331,374.66,365.7174867333393,231.24050573640392,8.57,8.557000946904944,1.3306215334516762
0,0,Model Selection,12,4,307.47,307.16861860747366,0.39305751354741963,850.87,933.7786847155754,78.13888277674675,10.63,11.00931290097942,0.4743434470700185
0,0,Model Selection,13,0,306.43,307.60967604999803,0.9263777067948317,2256.33,1221.2291990649906,179.1326027638016,4.77,8.647468907562219,1.0426929955280368
0,0,Model Selection,14,3,313.31,312.27629429982534,0.9999446279054065,0.85,92.93705386063652,258.0080988373796,0.42,1.1240995034749588,1.2430361270098038
0,0,Model Selection,15,2,311.83,313.1501933989974,0.8802697484028144,194.23,162.2107031961437,217.56136747295753,3.51,3.709379378938396,1.200057876240657
0,0,Model Selection,16,0,307.32,306.92860910346144,0.641361429638434,1604.24,1686.2634303046248,135.25342927984005,11.92,11.24624981538906,0.40679200382417785
0,0,Model Selection,17,2,311.08,311.54489787120383,0.965021334474751,560.59,439.3314127883945,229.92940507853936,3.19,2.9271034897882258,1.2862306375324783
0,0,Model Selection,18,1,311.14,309.5374027167526,0.35123922200293667,68.07,43.29210863973424,235.76718504546398,5.46,5.95612991505004,1.7634675255841725
0,0,Model Selection,19,3,312.39,312.0009012752111,0.6895661806334883,59.84,59.55676654851072,169.26370887264343,5.02,4.6720950669679215,0.826404795082037
0,0,Model Selection,20,3,308.85,309.0841830354376,0.3823232722436881,484.91,395.5460363977125,89.68275089425167,7.06,7.302002317859833,0.4409123083037729
0,0,Model Selection,21,4,311.28,310.777110244494,0.36337995314895816,410.23,797.2871114484637,74.62655177519031,5.16,4.946828008991265,0.4789202125814215
0,0,Model Selection,22,0,312.03,313.01219909563395,0.9658984909427495,122.49,106.86429950802335,110.50206974947632,3.07,5.829034823923791,1.2007711679810271
0,0,Model Selection,23,2,307.93,307.12837497734034,1.0008418998119706,117.49,199.90720452885995,263.45641339391983,6.42,8.155046030142929,1.450238694494912
0,0,Model Selection,24,0,306.65,306.7341289029584,0.7137892656302369,1388.31,1550.6875423069823,146.6275218386743,11.47,11.705797276980139,0.8515605879327532
0,0,Model Selection,25,4,308.18,308.30049608938134,0.3138069101622722,1252.74,1158.479136685054,62.73291799193722,7.11,7.343824911464044,0.38302928822809673
0,0,Model Selection,26,0,310.29,309.9441934680028,1.0445246670951713,785.56,872.7909378053364,185.82589934561952,5.06,4.109652398022963,1.65019758210182
0,0,Model Selection,27,1,303.33,303.44880272432414,0.4525962170911699,1918.36,2049.1299776917767,227.57902752407432,8.91,6.554570898364938,1.8536168236126338
0,0,Model Selection,28,2,302.73,301.8497407538339,1.4077833023223278,2026.87,1905.866958792739,299.13948820226705,13.02,5.611125636215874,1.8763393630752088
0,0,Model Selection,29,3,310.24,310.5464461551777,0.6308658085633727,305.92,244.96748854204975,156.55087893682284,5.99,6.5710028914945156,0.7608535508109376
0,0,Model Selection,30,0,305.2,305.0399673093926,0.9831758258789448,2372.98,1973.5214800775452,183.6158475742404,10.28,8.52701258387119,1.2563747319666654
0,0,Model Selection,31,3,307.79,306.63421501842527,0.5133057082593663,1236.45,1256.9777022718813,114.89418097638047,12.82,10.816053624935119,0.5710395199685296
0,0,Model Selection,32,3,309.58,310.0806785910839,0.3984237966150704,717.28,591.9112018133169,93.70937217054059,6.31,6.680322733682362,0.4611121580820151
0,0,Model Selection,33,0,311.54,311.24362604282345,0.9989161789061918,686.14,514.028417541561,184.04474240793834,4.98,1.8172638883861207,0.8806093256800965
0,0,Model Selection,34,2,308.55,309.58853350662463,1.044867268058499,367.47,479.98257775548274,222.76564837074662,5.43,5.3291153792241035,1.340943841405076
0,0,Model Selection,35,2,306.8,306.69399808765337,0.7232893459127415,554.95,554.0575057870218,244.76617549074365,12.78,10.930080220050506,1.3607990074639786
0,0,Model Selection,36,4,307.12,306.7997832291162,0.4665588192395509,2075.38,1941.848765840534,95.21604518020597,5.9,5.98122107840571,0.5931478742525212
0,0,Model Selection,37,4,309.05,308.7141071198285,0.42722670069008484,1337.07,1393.097723285157,85.62045102588581,4.68,4.678150410433147,0.5329356857944617
0,0,Model Selection,38,2,307.56,307.7467394971783,1.276431678772921,316.18,519.9753483425336,247.94647703424474,8.14,6.089948225352105,1.592730664696579
0,0,Model Selection,39,4,312.34,312.81181264215127,0.7417573196308048,106.38,130.1649920007809,158.25847878596664,5.13,5.15495480105051,1.0702939528071216
0,0,Model Selection,40,2,309.58,308.3345891507557,0.9505300645912275,435.02,405.4164537752289,192.86707945822874,7.83,8.135995619998042,1.2154939258259962
0,0,Model Selection,41,2,307.48,306.9260977481821,0.9589419114796464,1296.42,951.2367731402419,172.52349551409503,8.74,8.70627516054066,1.2354640917292778
0,0,Model Selection,42,2,304.47,304.5960835052708,1.1524081577640382,451.73,683.6406956435761,244.47255444858774,7.37,8.09253121716274,1.4982009671880117
0,0,Model Selection,43,1,311.63,312.4780950420516,0.3964613565391144,91.86,108.61859006901295,234.0814363596351,2.46,3.555402815638808,1.6087056436144913
0,0,Model Selection,44,4,312.52,312.30074098642996,0.6842143442443367,220.1,273.0272158801721,142.8631336123574,1.31,2.556004604004476,0.9278614371249669
0,0,Model Selection,45,1,312.59,312.35621611730784,0.43027871324907413,188.63,171.8981787444011,204.40701153266585,1.23,1.4951017412558292,1.2662746508681844
0,0,Model Selection,46,4,306.36,306.4371565108186,0.5131950040044897,947.21,982.5989421062045,106.88943806703557,7.22,6.819017309813398,0.689986491302698
0,0,Model Selection,47,4,302.67,305.2533189900051,0.5474919023746927,1366.98,1208.6326062164753,116.6682141499266,10.28,12.237458113217674,0.8047716106319347
0,0,Model Selection,48,1,312.73,311.94330036824874,0.49899268066281627,46.91,62.13386251303791,242.93986126506647,1.25,1.4225065228947615,1.6049765886421643
0,0,Model Selection,49,3,310.89,310.2161700804279,0.612394851230386,93.48,87.48063818226706,148.79468026998512,4.63,4.608892550020763,0.7273181477981787
0,0,Model Selection,50,2,307.08,305.26484868079376,1.1613346375581954,130.32,370.6281273419121,321.8255538596313,7.26,8.318023126194506,1.581141083854843
0,0,Model Selection,51,1,306.76,306.7575868776635,0.25042540988114664,1543.82,1711.3035407911261,192.5243947150202,10.96,10.706496497898968,1.3135810758370179
0,0,Model Selection,52,2,310.33,310.5876983427408,1.0378410083957805,570.52,623.901764986158,234.16128008083248,5.7,5.710692308164998,1.5438892737434016
0,0,Model Selection,53,0,312.69,312.92154711655314,0.9570071201530261,95.36,85.79450652908213,184.08175552848667,1.39,1.4712527166828204,1.2042219719264293
0,0,Model Selection,54,0,311.54,311.4495484672318,0.9860530775728573,223.41,158.3539974242767,168.01173209678333,4.71,5.6944097196325405,0.8215926472780278
0,0,Model Selection,55,0,308.42,304.5033427079595,0.9265232181350834,709.64,881.739480243481,164.56219616810372,12.53,8.972717307176994,1.0353417608603095
0,0,Model Selection,56,1,308.18,307.99540008418404,0.23944623401910833,1523.36,1939.0949669289198,196.82953764633615,7.59,6.588008425973587,1.3003657312430232
0,0,Model Selection,57,3,308.44,309.4107642021684,0.45249485013528257,1059.82,1247.0894490342157,105.99280041437606,5.32,5.8287267915184175,0.5221066962645906
0,0,Model Selection,58,4,309.87,311.3843170485674,0.4298332629100049,261.82,275.1585945555289,89.31391471229855,2.03,3.6232463488295443,0.5822545632131059
0,0,Model Selection,59,2,308.33,309.9113177129147,0.8283178874981839,1098.75,1245.9778503910625,217.37515844444232,2.44,4.366019347159898,1.2760328508563257
0,0,Model Selection,60,1,306.45,305.9617744926097,0.4944778594204372,268.91,347.8274939352387,200.42956389058645,8.27,5.358281654691367,1.9040735445383374
0,0,Model Selection,61,2,303.98,302.908080023186,1.0360876443575318,704.72,1115.1824407551835,249.53043051762126,7.93,5.874521888104856,1.413550877061047
0,0,Model Selection,62,1,308.91,309.0955195410169,0.2536572744645045,671.26,1066.0036766454314,211.42440085655278,8.35,8.284839517702423,1.4547964464014074
0,0,Model Selection,63,1,309.65,310.29860370602626,0.33461562415761675,616.92,574.3756996954324,179.8506075253077,2.11,2.6152682650003505,1.1660595996618996
0,0,Model Selection,64,4,311.97,312.0309553598932,0.47857885156087554,177.02,183.4905293767983,97.01121282141868,2.3,1.9636465848590934,0.6138994514312001
0,0,Model Selection,65,4,306.98,307.38982855037693,0.4545472028118293,2215.59,1702.7907503818076,93.64051063777264,6.68,7.037166810293338,0.5927555245301553
0,0,Model Selection,66,3,306.01,306.33577778719103,0.5226753243895653,1493.56,1505.3102529339517,122.24363397029381,12.0,12.198388623246009,0.6017832526689948
0,0,Model Selection,67,4,311.22,312.2487392081341,0.4858607746656975,462.07,551.67188408126,102.10188472855263,3.64,5.366991076123621,0.6861040082113715
0,0,Model Selection,68,1,304.88,309.0431055058091,0.3235620086266617,395.97,409.51446706097664,214.22181795290825,8.3,9.623023098490473,1.6826917903783665
0,0,Model Selection,69,3,310.04,309.4542039975655,0.8278648804525292,990.55,870.4292971102975,211.33856183107903,2.36,2.0681238801196997,1.022121108897771
0,0,Model Selection,70,4,312.89,312.4514476207065,0.41913814534195476,164.97,424.29879590876897,85.21500630837446,0.86,4.421309983805116,0.5384463996382175
0,0,Model Selection,71,1,312.89,311.8185337957249,0.5782300932005217,42.42,108.69912818821786,293.1574890971252,0.86,1.4247314244149232,1.9187361131239384
0,0,Model Selection,72,3,311.83,311.58209961878987,0.3972544401234048,492.81,504.46580746014945,88.91711811170698,6.49,3.5055817576662474,0.4409118769626397
0,0,Model Selection,73,0,307.38,307.7969438096867,0.9335251722342295,663.32,734.7667231211444,187.3024631257921,9.56,8.366627854818853,1.6471889649079776
0,0,Model Selection,74,1,313.21,312.5121072840991,0.508063373993391,15.08,51.671287629614426,252.3191821568313,0.39,0.8748861462420097,1.6882709331457535
0,0,Model Selection,75,0,307.86,308.05337739703833,0.8058232153249033,946.9,1075.625109647607,189.0443222286631,8.0,6.974239655983791,1.1014051967699718
0,0,Model Selection,76,1,307.58,307.8369774878313,0.24936913053611354,1109.01,1261.063659128591,183.05495392241718,8.19,7.543309707989739,1.2142568033343324
0,0,Model Selection,77,3,312.31,312.3410168833676,0.5844844397943665,65.54,55.58168786010367,136.02951105825989,2.01,3.0316626377197777,0.6706693562459249
0,0,Model Selection,78,0,312.73,312.8046136207354,0.9593983442756687,68.26,53.79788920089402,167.75206543705661,1.34,2.958013664826823,1.4067563897065887
0,0,Model Selection,79,3,306.53,307.57041921330784,0.5665846070597866,466.58,645.3342910813201,135.99994428667014,7.25,7.7232114223396815,0.6668225173199898
0,0,Model Selection,80,1,315.92,312.98281626567535,0.5121055323369117,84.11,103.88773520093537,178.38640179403956,3.9,2.062681320944053,1.5854140973452364
0,0,Model Selection,81,4,309.26,307.7081174788604,0.9819952896905634,613.05,630.636898733191,217.9908956438508,8.86,10.159539039392083,1.579231317609756
0,0,Model Selection,82,1,310.16,307.94255977096145,0.27103533193733664,517.94,709.4813796198392,216.8918547725676,7.35,6.291960955205481,1.4363700596522706
0,0,Model Selection,83,4,304.65,304.03358175280005,0.5877582597432127,2419.87,1744.6331341806995,126.51090944588374,12.79,11.703905680382135,0.901350085263421
0,0,Model Selection,84,3,315.33,313.7296179212601,0.5597641742758005,96.59,26.112942509916593,131.04182166226127,6.91,3.84380736389503,0.6436761914165829
0,0,Model Selection,85,3,311.02,310.92868863675284,0.8338296666428732,146.83,17.577691929769003,215.5377871421322,5.0,5.883059220020541,1.0383605811695198
0,0,Model Selection,86,0,309.61,309.67522263743047,0.9561879409534767,540.43,582.5169760888567,168.21751215272013,7.42,8.795382233775111,1.1919579846024886
0,0,Model Selection,87,4,311.04,312.18074570467496,0.47114237902737727,153.39,136.2068896318048,96.3496555529499,1.96,1.063570372517578,0.6205801181296187
0,0,Model Selection,88,4,312.29,312.8545394947171,0.6201881189715991,42.84,87.0865211249386,132.06035174229058,3.51,2.229041281832763,0.9003045095449284
0,0,Model Selection,89,3,311.14,311.2009640338333,0.6245256504349241,504.12,570.9717620067722,149.083348579974,4.26,4.4197431313969515,0.7313308535470403
0,0,Model Selection,90,1,308.79,307.3963921301298,0.3089758072483627,843.81,966.171584797991,197.7122591668131,7.69,6.775047542581547,1.503656801262044
0,0,Model Selection,91,2,302.53,304.0570723600203,0.7855641379989503,2030.6,2342.461549026838,279.9745263977541,2.36,6.3612152966578455,1.625668148651436
0,0,Model Selection,92,0,312.07,310.9315836942768,0.8558366084179011,81.77,71.93629214181476,165.93693923126844,5.71,4.562042187933724,0.6901595600415803
0,0,Model Selection,93,0,306.81,307.04770488064025,0.9618385617286916,673.45,920.9404706807106,181.67287799697908,7.15,6.468712563335867,1.0053831532502273
0,0,Model Selection,94,3,309.96,310.41606484258676,0.49515896137336657,659.22,524.0277625073526,117.03920319034675,4.79,5.267053087816969,0.5753568428720607
0,0,Model Selection,95,0,314.36,314.14884040472407,0.9710446890190843,139.42,114.69148365110959,203.06797138922474,5.84,3.66820445202759,1.0085674096485648
0,0,Model Selection,96,4,310.35,310.79172058764476,0.5420038301789379,94.55,54.99792373039827,110.78759630762124,3.98,5.0318334715512,0.6993927702765185
0,0,Model Selection,97,3,313.16,312.99165854091456,0.806436681530876,15.39,-1.611703768425059,197.2988009122063,0.53,1.971316224395669,0.9621776091679699
0,0,Model Selection,98,3,306.83,306.3436385642011,0.39134463606481,1407.27,1550.500445152763,87.26853819531067,10.88,10.92374462363652,0.4336821784330461
0,0,Model Selection,99,1,309.81,309.7008526300543,0.244127402765609,533.37,683.70348373262,232.83867087470426,7.02,5.230097331380604,1.5352689215590682
0,0,Model Selection + Bagging,0,2,312.33,313.121916379941,1.4199925482661708,84.06,88.90274392587605,215.97472966246295,0.31,2.6230247327439535,1.4480440848782328
0,0,Model Selection + Bagging,1,2,311.68,309.1810080899036,1.3794136884220929,204.84,324.5494710361264,292.3109379985477,9.2,7.223661896180454,1.6304609403940726
0,0,Model Selection + Bagging,2,0,301.44,304.94740065953545,1.355920091889252,220.66,491.72887858264176,298.0482863357664,4.44,8.067680691886471,2.1612395532989837
0,0,Model Selection + Bagging,3,1,314.31,313.518262784132,1.5790657802836026,12.81,17.801099767161645,263.8467521641407,2.87,2.8064918387617026,2.5581941059715496
0,0,Model Selection + Bagging,4,2,306.89,304.93965086122137,1.393054286525773,422.12,441.2103648533395,265.05485291470313,12.1,9.908465043626475,1.9352685603168434
0,0,Model Selection + Bagging,5,2,307.84,308.17410036352356,1.0112104063420446,2201.12,1669.0543752026063,331.119742593476,5.77,6.60699486764091,1.4051842660467073
0,0,Model Selection + Bagging,6,1,314.22,313.26257436213535,1.5133414963633338,87.66,98.51571124626457,296.73837641637243,3.45,2.724183685170098,2.5003598362349657
0,0,Model Selection + Bagging,7,0,301.14,304.12831985092197,1.3804788778223498,965.47,1148.4260808441252,294.01387604514366,6.46,8.2469950650784,2.0730598558832027
0,0,Model Selection + Bagging,8,0,306.32,306.3312681069842,1.1247179898159123,331.97,445.55002116759874,255.84948061005306,10.22,7.732106728727295,1.7408723950305778
0,0,Model Selection + Bagging,9,4,304.34,305.12534978486343,1.8054374145106977,421.99,517.819219823718,373.61931128876813,3.37,8.726206147993224,2.500770075590862
0,0,Model Selection + Bagging,10,3,303.31,304.9120697214378,3.460619696182552,1035.72,379.7303458153464,342.2598549348427,5.86,7.553985506291966,3.0935084195310614
0,0,Model Selection + Bagging,11,2,308.31,307.5776031918881,1.0597147885265732,374.66,376.61271449836397,245.93472295623468,8.57,8.224295682963275,1.3675041067418374
0,0,Model Selection + Bagging,12,4,307.47,307.1535860520769,0.945354107383931,850.87,1084.3970999865428,281.6713549660581,10.63,11.278666699857054,1.4517264981966196
0,0,Model Selection + Bagging,13,0,306.43,307.51345774530824,1.0997648943862943,2256.33,1204.8219240660087,211.3183459311207,4.77,8.024797401004738,1.2781338919595686
0,0,Model Selection + Bagging,14,3,313.31,311.09344194782653,2.632069196430972,0.85,297.7731167329403,522.9543660606705,0.42,3.441495518727682,3.1571152105974907
0,0,Model Selection + Bagging,15,2,311.83,313.01404109894145,1.1961055580276163,194.23,186.16950584959585,235.28375448977786,3.51,3.628932032391854,1.4097844450979897
0,0,Model Selection + Bagging,16,0,307.32,306.7210276116517,0.8045571516746709,1604.24,1732.0391297271244,193.31138991966563,11.92,11.38538772774973,0.7005089292158807
0,0,Model Selection + Bagging,17,2,311.08,311.4093007130566,1.1439506471599343,560.59,455.71584639185596,254.67883745843574,3.19,3.0197605854092444,1.5624553228704023
0,0,Model Selection + Bagging,18,1,311.14,309.9686234318028,1.1892552720006195,68.07,44.92711995710431,267.00143067693705,5.46,5.976154523344746,1.7743218710298994
0,0,Model Selection + Bagging,19,3,312.39,311.373732900524,2.0842847774719013,59.84,257.9090966730534,418.3828009379016,5.02,5.475506713715445,2.347210636702664
0,0,Model Selection + Bagging,20,3,308.85,310.16945789003086,1.5231554813895174,484.91,398.94732164542995,384.68488949300786,7.06,8.01475285302469,1.8658224655428313
0,0,Model Selection + Bagging,21,4,311.28,310.4371574872372,1.3949571951355975,410.23,689.717219829845,253.11771258633988,5.16,5.25890855306167,1.6533471329315281
0,0,Model Selection + Bagging,22,0,312.03,313.0183583166203,1.1410413153615742,122.49,151.9408546488374,199.1865859415164,3.07,6.239553638738454,1.6848970105099397
0,0,Model Selection + Bagging,23,2,307.93,307.0528565424414,1.193291577602324,117.49,185.02819623366094,282.3524404063762,6.42,7.772537201679777,1.7062911549822395
0,0,Model Selection + Bagging,24,0,306.65,306.5961675832704,0.8475487817544674,1388.31,1559.4970979511381,191.45825496418206,11.47,11.978092571419197,1.1050727739902992
0,0,Model Selection + Bagging,25,4,308.18,308.1830103591077,0.7810180796512759,1252.74,1180.5955731381669,288.7373092448793,7.11,7.415829027941349,0.8845660776271195
0,0,Model Selection + Bagging,26,0,310.29,310.0168306339712,1.1461948811453964,785.56,919.4222086008897,220.81844318606647,5.06,4.445848461528158,1.812925561446154
0,0,Model Selection + Bagging,27,1,303.33,304.22948045595285,1.2234488850363217,1918.36,2003.3381603165449,307.36599776885754,8.91,6.908089130947872,2.258342284190984
0,0,Model Selection + Bagging,28,2,302.73,302.2201959762613,1.7731281344225036,2026.87,1630.1077477254858,406.9789547780073,13.02,6.0647251505982975,2.28509233907393
0,0,Model Selection + Bagging,29,3,310.24,309.75556031724784,2.3550990632365463,305.92,404.4944482744911,483.2350602165058,5.99,6.907128802850865,2.6238104655907892
0,0,Model Selection + Bagging,30,0,305.2,305.27896246253164,1.1179013984650987,2372.98,1952.560281108706,216.8394777344814,10.28,8.446092260755176,1.5054752688475068
0,0,Model Selection + Bagging,31,3,307.79,306.8962825575389,1.6658950159738366,1236.45,1319.910718442437,277.17108382569876,12.82,10.851286956301166,1.7483797124787386
0,0,Model Selection + Bagging,32,3,309.58,309.50385435639726,1.5316438374711654,717.28,651.0238573591647,386.74289141807225,6.31,7.296144855435942,1.775763922528581
0,0,Model Selection + Bagging,33,0,311.54,311.0649379553155,1.0442177409913862,686.14,604.4964915411493,235.29782947960658,4.98,2.5156653079819145,1.3322901647399756
0,0,Model Selection + Bagging,34,2,308.55,309.6888397286941,1.1581766556278683,367.47,481.87232904357955,230.1541882782832,5.43,5.00978099457766,1.4981914503043903
0,0,Model Selection + Bagging,35,2,306.8,306.4067274825678,1.1608871210337646,554.95,582.2295673101686,254.92268860661184,12.78,11.072966627148267,1.5769351539519458
0,0,Model Selection + Bagging,36,4,307.12,307.2128701920124,1.1929915185785476,2075.38,1837.1225809717075,487.2813018018589,5.9,6.382448454776263,1.652966921321356
0,0,Model Selection + Bagging,37,4,309.05,308.6869086715379,1.284000083674962,1337.07,1261.0066617721955,351.7043672582877,4.68,4.556392472941558,1.5934321694996056
0,0,Model Selection + Bagging,38,2,307.56,307.419948932764,1.407041825339088,316.18,525.0373787437951,321.6471884403902,8.14,6.393429081024266,1.7575324019904368
0,0,Model Selection + Bagging,39,4,312.34,311.89840015585094,1.9391986297913941,106.38,260.1071571326676,340.51685372678827,5.13,4.886574085376178,2.441820457958639
0,0,Model Selection + Bagging,40,2,309.58,308.17162387692684,1.184660404554372,435.02,465.7302259705069,226.43821119547528,7.83,8.401193354531403,1.3703748946177636
0,0,Model Selection + Bagging,41,2,307.48,307.1501605671438,1.0396936261263785,1296.42,948.0718040116781,194.52634136394437,8.74,8.44004240116071,1.3072280551566329
0,0,Model Selection + Bagging,42,2,304.47,304.61744167920835,1.3369597811105567,451.73,713.583040689443,312.2922738807132,7.37,7.7756898221010395,1.8365348669761685
0,0,Model Selection + Bagging,43,1,311.63,312.20713942099025,1.3492521760687848,91.86,101.89387058733428,275.3508808156342,2.46,2.984078722063649,1.8801179046114982
0,0,Model Selection + Bagging,44,4,312.52,312.0258918703294,1.477206812253026,220.1,316.0401680271579,287.4200936367491,1.31,2.659933128531147,2.1191833268339324
0,0,Model Selection + Bagging,45,1,312.59,312.7815734271586,0.66818911108438,188.63,195.36097608018991,237.6957527159551,1.23,1.6358256752589844,1.4047549577865368
0,0,Model Selection + Bagging,46,4,306.36,306.4653198851666,1.583708164035018,947.21,786.7450504009237,333.47958479877235,7.22,6.722542673170539,1.8168491344791051
0,0,Model Selection + Bagging,47,4,302.67,306.7238351487755,2.222702725911074,1366.98,1189.5965991514236,334.70201671600984,10.28,11.4911357260291,2.0248944943811016
0,0,Model Selection + Bagging,48,1,312.73,311.8001576292442,1.2030238349211364,46.91,56.449727490926534,287.1828617472602,1.25,1.5986303499884587,1.7018400669516087
0,0,Model Selection + Bagging,49,3,310.89,309.37057713779836,2.0268162179421156,93.48,268.81191178904345,415.7162413352557,4.63,5.192094568529471,2.4001457384983387
0,0,Model Selection + Bagging,50,2,307.08,304.6205021607474,1.661847508133281,130.32,346.0319212682898,361.50469301884283,7.26,8.579380520275905,2.11435028792326
0,0,Model Selection + Bagging,51,1,306.76,306.5923779907886,0.6586976601376235,1543.82,1792.0063574726896,271.0769800520053,10.96,10.420867897441857,1.5332236075335288
0,0,Model Selection + Bagging,52,2,310.33,310.25900314176425,1.2117236759518384,570.52,677.2952847655754,264.20198671043147,5.7,5.941179071861896,1.5694316447634646
0,0,Model Selection + Bagging,53,0,312.69,312.87064888634427,1.1130957194208029,95.36,81.21216810957719,217.06417357300316,1.39,1.7227328634134427,1.7432650000594727
0,0,Model Selection + Bagging,54,0,311.54,311.6448962052014,1.0202068081293372,223.41,155.21820157845025,199.99168943411524,4.71,5.319139663334469,1.1415394867888309
0,0,Model Selection + Bagging,55,0,308.42,305.24124643484566,1.3672312928259447,709.64,826.6100839070662,232.82156546641167,12.53,9.488959830881605,1.568689244524368
0,0,Model Selection + Bagging,56,1,308.18,307.6705587706626,0.5922471497209378,1523.36,1810.7774566523071,313.1685209351748,7.59,6.585960515099833,1.4129313877797054
0,0,Model Selection + Bagging,57,3,308.44,309.0480716639029,1.4578501574355347,1059.82,1259.5085461883675,368.4088228408484,5.32,6.340401825075433,1.6783405791278916
0,0,Model Selection + Bagging,58,4,309.87,310.7975112343395,1.3974547982030767,261.82,211.47568576735023,237.5007759496707,2.03,3.686817751200779,1.5472692741149832
0,0,Model Selection + Bagging,59,2,308.33,309.7582605272304,1.0787616887511122,1098.75,1169.6311965393268,267.5877298346122,2.44,4.931998503393382,1.4542950473677108
0,0,Model Selection + Bagging,60,1,306.45,305.99266712688785,1.8564923441852665,268.91,395.6531655245521,266.7480204402135,8.27,5.672342809043127,2.325396820837696
0,0,Model Selection + Bagging,61,2,303.98,303.1723425154665,1.404849403344768,704.72,993.7155968920373,323.9725222866482,7.93,6.324749773507212,1.7066607260360083
0,0,Model Selection + Bagging,62,1,308.91,309.1435301920684,0.7763023087023532,671.26,1020.6837836200453,292.31755179039374,8.35,8.581162023732034,1.6129055461678257
0,0,Model Selection + Bagging,63,1,309.65,309.78729482049226,1.2747347097686397,616.92,602.348204590143,219.2462098512958,2.11,3.096512982001932,1.5257200564305085
0,0,Model Selection + Bagging,64,4,311.97,312.27009862916304,1.370708342943545,177.02,238.1829780310229,267.0659832069821,2.3,1.923501653428457,1.5879583922609917
0,0,Model Selection + Bagging,65,4,306.98,307.77934488717256,1.1168760448094,2215.59,1609.0575539786373,366.4785306161555,6.68,7.409851500393076,1.5228657731899777
0,0,Model Selection + Bagging,66,3,306.01,306.53342396921613,1.5407050074710054,1493.56,1359.6533707309736,237.73766888233726,12.0,11.839128816794016,1.6887435337247088
0,0,Model Selection + Bagging,67,4,311.22,312.01086711382465,1.467489418382445,462.07,531.4566370963521,258.8639378786296,3.64,5.565064312864353,2.1839706552812306
0,0,Model Selection + Bagging,68,1,304.88,309.4647606667595,1.114376199200829,395.97,421.54611978315484,245.07029181048614,8.3,10.01471543094501,1.867960532783667
0,0,Model Selection + Bagging,69,3,310.04,308.8269249164464,1.9328494284823206,990.55,818.016134290493,415.52482415999197,2.36,2.614648682713693,2.2912242079107976
0,0,Model Selection + Bagging,70,4,312.89,312.4040796090817,1.400750893293045,164.97,433.52512218847255,252.62464784238352,0.86,4.192668783549587,1.7919436096762562
0,0,Model Selection + Bagging,71,1,312.89,311.7706679859106,1.2180056525992125,42.42,114.66915889611289,318.2260425748554,0.86,1.4869068642637995,1.8716841588951805
0,0,Model Selection + Bagging,72,3,311.83,311.4671246074975,1.0063818904219928,492.81,323.81588626030185,220.18945237206816,6.49,3.5739751952458834,1.1675440966876105
0,0,Model Selection + Bagging,73,0,307.38,307.5355592214894,1.1304764539624013,663.32,754.890482926263,217.9747622104116,9.56,8.923176192541648,1.688626405809885
0,0,Model Selection + Bagging,74,1,313.21,312.3188443244446,1.0566203462076884,15.08,46.28198075410876,280.8755340715889,0.39,1.1784520964833094,1.886280447813851
0,0,Model Selection + Bagging,75,0,307.86,307.909230419443,0.9996318302728443,946.9,1111.5780109158413,227.26298986613048,8.0,6.930136756940828,1.3939188122594885
0,0,Model Selection + Bagging,76,1,307.58,307.69246018988576,0.47557477516371965,1109.01,1257.649451928649,223.8593149087629,8.19,7.777856133434268,1.3034648456028013
0,0,Model Selection + Bagging,77,3,312.31,311.5927580638041,1.5752777806088356,65.54,167.81245291459163,319.46695727982245,2.01,2.2436646309324497,2.114499696990234
0,0,Model Selection + Bagging,78,0,312.73,313.0192415470097,1.0713663372520417,68.26,48.9934556320685,193.39494370774668,1.34,2.8146192875200273,1.6545542457678413
0,0,Model Selection + Bagging,79,3,306.53,307.0417663196569,1.793998526467012,466.58,613.5768585103585,362.34370379660083,7.25,7.639086064944056,1.8928978228939095
0,0,Model Selection + Bagging,80,1,315.92,312.51185732639493,1.6309248037289554,84.11,110.34812257456406,225.207991890677,3.9,2.6262867492322615,1.9523650789454101
0,0,Model Selection + Bagging,81,4,309.26,307.7311643827344,2.256656907704732,613.05,768.2945622057116,434.09526471775445,8.86,10.17269404243372,3.049020812348506
0,0,Model Selection + Bagging,82,1,310.16,308.3142811832729,0.7724887992159193,517.94,693.095403961785,267.07095927263856,7.35,6.3608141982551905,1.5973389115723684
0,0,Model Selection + Bagging,83,4,304.65,305.51502955132173,1.9881228676790736,2419.87,1586.2289146452931,398.6928109050525,12.79,10.677248263213496,2.4550691671353815
0,0,Model Selection + Bagging,84,3,315.33,313.4494060302647,2.108575322424395,96.59,123.22747694570273,356.9486728881227,6.91,4.3772240457979645,2.011439377549615
0,0,Model Selection + Bagging,85,3,311.02,310.1424731846393,2.653261239634303,146.83,322.6035552417742,547.3004979772059,5.0,6.554327794183051,3.022923364753717
0,0,Model Selection + Bagging,86,0,309.61,309.5762596917559,1.101362678346781,540.43,577.6091465828023,194.36202969849055,7.42,8.169062063347297,1.5714006493307509
0,0,Model Selection + Bagging,87,4,311.04,312.30936321828847,1.4494817641162154,153.39,177.0140910254408,285.54480773646765,1.96,1.6013541144560044,2.012691468652506
0,0,Model Selection + Bagging,88,4,312.29,312.2737743105741,1.5318168181834533,42.84,98.41329930133645,285.9663691465147,3.51,2.662236135398571,1.8762339077681185
0,0,Model Selection + Bagging,89,3,311.14,310.8232443309552,2.068592616341541,504.12,491.9268034606882,455.8456730039642,4.26,5.4675903002309125,2.334536080781658
0,0,Model Selection + Bagging,90,1,308.79,307.5806142453659,0.775511286132435,843.81,1009.4961499753362,254.26746984231832,7.69,6.458265610470325,1.6875377806280711
0,0,Model Selection + Bagging,91,2,302.53,304.16678977410953,1.3318044007959333,2030.6,2019.0840493335643,363.41268001842525,2.36,6.465359474608879,2.0822909158144607
0,0,Model Selection + Bagging,92,0,312.07,311.0298090246982,1.0330930666164528,81.77,71.73070031430143,193.8265781325839,5.71,4.464849014476885,0.9660886701430541
0,0,Model Selection + Bagging,93,0,306.81,306.9224198666588,1.1067154490300863,673.45,896.0205439520525,214.0669186174074,7.15,6.978212959326461,1.8151108151591921
0,0,Model Selection + Bagging,94,3,309.96,309.81747776756663,1.7260254291801367,659.22,596.9986171752976,378.69142303626654,4.79,5.9756775879795985,1.9465114403850634
0,0,Model Selection + Bagging,95,0,314.36,313.6352442942859,1.202509576794548,139.42,129.1823006122354,235.7525368656476,5.84,3.7194454460816027,1.3102055695553525
0,0,Model Selection + Bagging,96,4,310.35,310.70317365512307,1.5941057091656958,94.55,92.38158786181339,260.51842536616493,3.98,5.806121999212821,1.6266174095535357
0,0,Model Selection + Bagging,97,3,313.16,311.9404924870188,2.1696894203811903,15.39,208.29695893382075,417.00035616627406,0.53,2.5236035194341424,2.647341175426785
0,0,Model Selection + Bagging,98,3,306.83,306.63421720497854,0.9594879047346888,1407.27,1486.3291421352978,167.22966456539075,10.88,11.591737870813645,0.9597915893078727
0,0,Model Selection + Bagging,99,1,309.81,309.8729967952562,0.93792898986966,533.37,686.3138060503373,275.0909198443339,7.02,5.290405486628136,1.6057053973631665
1,1,Single GP,0,3,312.33,313.03430816430773,0.4160869306706703,84.06,91.13827263006135,74.94077934569034,0.31,0.7497223161298114,0.9212043014720678
1,1,Single GP,1,4,311.68,309.5388755633102,0.397375364483638,204.84,180.91919609102376,157.9826533519226,9.2,6.747792828555489,1.4448217899510865
1,1,Single GP,2,1,301.44,306.8095752181229,1.1372972312129348,220.66,268.64620621414167,255.40773382973452,4.44,8.437819615602843,1.1530170430836684
1,1,Single GP,3,2,314.31,315.5589068795317,0.7608103128544337,12.81,24.310878238862756,113.8236536305603,2.87,5.769273117281367,2.172497578389239
1,1,Single GP,4,2,306.89,304.55081169264514,0.4353641832762178,422.12,422.63721467468883,112.05310925132024,12.1,9.968583596515405,1.7064952013627033
1,1,Single GP,5,4,307.84,308.222305992873,0.31027135325344013,2201.12,1835.4849398217889,127.90878336644661,5.77,5.519214415212853,1.014696873951704
1,1,Single GP,6,4,314.22,313.33903888005904,0.5167036821729611,87.66,50.98465741772736,185.28505233206334,3.45,3.522656192062754,1.8246458544916435
1,1,Single GP,7,3,301.14,303.4675980556797,0.6548769992681038,965.47,1633.7158809887974,190.14152696448127,6.46,8.999827908846287,2.0786210354086125
1,1,Single GP,8,3,306.32,305.7371976208364,0.38269760419215954,331.97,431.6434892920246,78.65311110433744,10.22,5.7641892432824795,0.9260972950256352
1,1,Single GP,9,4,304.34,303.5576308761623,0.5548469410732066,421.99,459.6172396011071,174.52394801670195,3.37,7.81735578957254,1.9920049360009227
1,1,Single GP,10,0,303.31,303.6955588754571,0.38851338506864086,1035.72,329.4512625069397,131.911786550619,5.86,6.01914352025408,1.11404686405756
1,1,Single GP,11,4,308.31,307.93980131653524,0.331300465836101,374.66,464.8564219493054,141.24123554329987,8.57,7.965055545604175,1.314358192150095
1,1,Single GP,12,4,307.47,306.92634591719457,0.3077750452250234,850.87,934.987359133497,97.42475993175795,10.63,11.520509367981207,0.9944662172637079
1,1,Single GP,13,3,306.43,307.1937208159846,0.3339102544505117,2256.33,1144.2776692917614,76.82152456523045,4.77,8.778821698305155,1.0020076901361272
1,1,Single GP,14,3,313.31,313.3073153761577,0.6434512121322298,0.85,35.569771404368,185.2623757128707,0.42,0.14530193413462733,1.4332233259439267
1,1,Single GP,15,2,311.83,313.13565292468195,0.3358847657391483,194.23,150.1091859877954,89.47167873018202,3.51,3.8261095850700837,1.1296243105812307
1,1,Single GP,16,4,307.32,306.6991776940925,0.2762701947137587,1604.24,1741.5083371238115,85.28085634934874,11.92,10.654014696626355,0.46714040605404733
1,1,Single GP,17,0,311.08,311.1741769755712,0.35870613401581364,560.59,451.82858642781,162.76581302500892,3.19,3.0185767476868013,1.4666627391143072
1,1,Single GP,18,4,311.14,309.4876721591468,0.35598784611021045,68.07,57.794834244455615,124.2940365568244,5.46,6.6105376797673365,1.585597054364526
1,1,Single GP,19,1,312.39,312.1050967698358,1.4725098223767707,59.84,46.98415653040479,299.53732415807497,5.02,5.734842641683329,2.040893476704004
1,1,Single GP,20,4,308.85,308.7589177564155,0.28724147614859286,484.91,364.38224705554893,107.22201144567842,7.06,8.323266279179238,1.2155176384102324
1,1,Single GP,21,2,311.28,310.4365708730765,0.2891457990558238,410.23,666.8504727682375,80.78139149525862,5.16,6.256190925312631,1.0639846155904544
1,1,Single GP,22,3,312.03,313.38880184354554,0.4556944066194114,122.49,95.31280512168985,118.73861886215107,3.07,6.3735341237326395,1.3250820133667294
1,1,Single GP,23,1,307.93,308.2840635596696,0.9187104840027549,117.49,134.4365248576088,165.0442250896105,6.42,9.23846705794744,1.7651407859319945
1,1,Single GP,24,2,306.65,306.9694308445728,0.3840142308381811,1388.31,1488.9353606916045,76.52247099349448,11.47,12.283764220782661,0.7779075613751992
1,1,Single GP,25,4,308.18,308.3675270515257,0.25933927180925964,1252.74,1269.296265900006,91.18400523804584,7.11,7.948339524720163,0.9895364515094056
1,1,Single GP,26,2,310.29,310.27489400964373,0.5581336076125045,785.56,953.3190560570051,86.78789144620545,5.06,5.2096084188263605,1.9698377811218906
1,1,Single GP,27,1,303.33,304.466621534028,1.206528049250092,1918.36,2285.592343372952,250.516088315954,8.91,5.950380976793073,1.5092204159296398
1,1,Single GP,28,4,302.73,300.8498328289892,0.7754076211781823,2026.87,1659.2568015419317,216.1449843570257,13.02,4.700452339152372,2.114154986624324
1,1,Single GP,29,4,310.24,310.15618624620214,0.38309583337089803,305.92,323.4802478728037,126.4860146777591,5.99,5.447510417384776,1.0488620721105928
1,1,Single GP,30,3,305.2,304.92330980735613,0.45833094443097155,2372.98,2248.5664909399275,101.69316793108004,10.28,9.53747667146963,1.2696228154814289
1,1,Single GP,31,0,307.79,306.15943510098884,0.436325059403243,1236.45,1331.3644256844652,152.82953949397287,12.82,11.29667192778089,1.4366545949806153
1,1,Single GP,32,0,309.58,309.857187181273,0.27360435161407454,717.28,478.88360734335873,120.16604526618357,6.31,6.6297029517557835,1.6261666758710671
1,1,Single GP,33,0,311.54,311.05053649515366,0.3405583248061464,686.14,454.4357598617146,161.24213223620552,4.98,2.1659348603830906,1.393410076297974
1,1,Single GP,34,1,308.55,310.07465761027777,1.1096197089738478,367.47,272.9257538224837,203.36904336494513,5.43,5.13688951033869,1.5858074921916827
1,1,Single GP,35,1,306.8,307.3341096922792,1.2063699446164873,554.95,446.02378682012284,210.60159715409685,12.78,11.641749696915412,1.0461002589296111
1,1,Single GP,36,0,307.12,307.5504952785383,0.3078168271148249,2075.38,2457.775237941183,104.01932861479435,5.9,6.408033807101525,0.730410678440177
1,1,Single GP,37,4,309.05,309.22484441116336,0.29512221672603245,1337.07,1353.3646432153491,103.69092676575505,4.68,4.564418568472752,1.2095318346190864
1,1,Single GP,38,1,307.56,308.6215724464642,0.9616682523139031,316.18,209.24387202834316,220.2291254387797,8.14,7.384543601824243,2.029806118358674
1,1,Single GP,39,0,312.34,312.1673603937405,0.4920883327114391,106.38,159.19461032093005,205.07028999819335,5.13,3.917866144575726,2.201440803295479
1,1,Single GP,40,1,309.58,306.80211211753385,0.7817189128733283,435.02,433.861626887546,130.54918503534083,7.83,8.438347074064417,1.2120848689857404
1,1,Single GP,41,2,307.48,307.36991810697066,0.29016445697094284,1296.42,987.9897893832397,68.19782237759594,8.74,8.664785764519907,0.8517638437237647
1,1,Single GP,42,3,304.47,305.1147798489375,0.4431709721384556,451.73,827.8899270379136,109.98578932441067,7.37,7.043281837433162,1.1374055790662605
1,1,Single GP,43,2,311.63,312.516336549916,0.44164212655880275,91.86,122.62171616268336,108.64285173679373,2.46,2.789935879162999,1.811585578648327
1,1,Single GP,44,0,312.52,312.2738846690484,0.4618539587698816,220.1,264.26232804825605,111.23923287533597,1.31,1.7553854854005468,1.1937428414030988
1,1,Single GP,45,2,312.59,312.8301037668014,0.45617253671826313,188.63,184.24656439851964,106.66877975540503,1.23,1.082616468444697,0.8195835467529208
1,1,Single GP,46,1,306.36,305.4139474668985,0.6138546487439235,947.21,934.287611839901,155.59142118915577,7.22,8.225921123095457,1.2548400560364552
1,1,Single GP,47,3,302.67,306.1260349742243,0.448403930435651,1366.98,1474.0004095179127,86.24171633702693,10.28,12.833586711582264,0.973713560856096
1,1,Single GP,48,1,312.73,312.7437274377086,0.9866725380957737,46.91,20.441040394133438,253.17102036417396,1.25,0.521083240268279,1.2310714732638035
1,1,Single GP,49,2,310.89,310.28069233921815,0.4168717727163491,93.48,146.74364764877885,151.52306749656609,4.63,4.914535158334779,1.4769019561754444
1,1,Single GP,50,4,307.08,305.4734300644469,0.47582673441438694,130.32,238.67710804583118,233.35552468108324,7.26,6.551058926648034,1.845398034975527
1,1,Single GP,51,0,306.76,306.6152981755363,0.2704061947173523,1543.82,1627.9640417194714,91.38676399168695,10.96,11.43325780197761,0.8265122129068271
1,1,Single GP,52,0,310.33,310.2742624382006,0.37121899584521495,570.52,675.7525788575556,220.08415100822316,5.7,5.728674164424192,1.6781074950868569
1,1,Single GP,53,2,312.69,312.7349383521066,0.4176212489509782,95.36,72.07656333688465,96.11660716650222,1.39,0.7695701811075617,1.3527363509300954
1,1,Single GP,54,1,311.54,311.6597250849783,0.9437105148802466,223.41,190.55631560366146,188.7580720234577,4.71,6.355556363383148,1.6108175074650335
1,1,Single GP,55,2,308.42,305.48506712172633,0.34636848156521605,709.64,781.7625359143805,81.66337703259312,12.53,11.133822277194119,1.2003254643795294
1,1,Single GP,56,0,308.18,308.2399067312325,0.27732280113130964,1523.36,2062.9615887130444,142.8385694226981,7.59,6.460640676152176,1.530371641295243
1,1,Single GP,57,3,308.44,309.0630217202354,0.40331788565242244,1059.82,1329.6555865314626,90.58058100098239,5.32,5.987016327779718,1.024844995865577
1,1,Single GP,58,2,309.87,311.1138140158079,0.3645937875504573,261.82,290.34106361357397,90.65403629598639,2.03,2.712470512880358,1.242867248020951
1,1,Single GP,59,1,308.33,308.55636390106037,0.8340811487963838,1098.75,1413.0354647909235,179.6865012111003,2.44,3.6989898367832486,1.0511556669307165
1,1,Single GP,60,3,306.45,306.07315749751496,0.611367871497922,268.91,168.13851100197456,135.03200976533654,8.27,5.208609822777423,1.6373711174839964
1,1,Single GP,61,3,303.98,303.08220584871873,0.44197323057880983,704.72,1243.8638229215662,112.60546670282729,7.93,8.345191811775152,1.0361565210773758
1,1,Single GP,62,1,308.91,308.1140560883689,0.8462280391700383,671.26,762.8049841529082,195.74948337391172,8.35,8.341958138416576,1.3494598804154612
1,1,Single GP,63,3,309.65,310.58728164341426,0.3724199711143332,616.92,535.1360530987307,101.63420642974715,2.11,4.0746331522355534,1.3286365134520068
1,1,Single GP,64,4,311.97,311.81654857419323,0.32701117566104343,177.02,217.7852546669772,133.18938447742738,2.3,2.5661361976072876,1.3519582055958361
1,1,Single GP,65,0,306.98,307.97868962484574,0.3104788325056013,2215.59,2309.388030380721,183.55765045783934,6.68,6.990634264075951,1.718583892866396
1,1,Single GP,66,3,306.01,307.136860808196,0.3872509240623037,1493.56,1412.071305593844,85.48212818146163,12.0,12.718262364010243,0.9554820147928043
1,1,Single GP,67,1,311.22,312.6836888972937,0.8009343503408729,462.07,775.8777705010544,183.50285121940246,3.64,5.445696344003245,1.0937774190276148
1,1,Single GP,68,3,304.88,308.8588697262303,0.41386116983443083,395.97,346.3685537115249,84.18993919483901,8.3,9.033096175554272,0.9545858469320663
1,1,Single GP,69,0,310.04,309.70348402509865,0.5308528990735512,990.55,826.2170965087114,245.6544719489514,2.36,3.9841634050262873,2.2632207739390395
1,1,Single GP,70,3,312.89,311.98743906556325,0.32358077003608293,164.97,369.72712586027546,76.67011788663815,0.86,3.8173018028114494,1.025390630779408
1,1,Single GP,71,4,312.89,312.2300678116787,0.48855001347629035,42.42,110.00144684667043,197.7048612195293,0.86,1.4453044756230078,1.4455301272663121
1,1,Single GP,72,4,311.83,311.5911501953348,0.25724075354699827,492.81,426.29915223498915,92.28392141402081,6.49,3.3278915862908263,0.797907441694444
1,1,Single GP,73,1,307.38,307.91025833708323,1.0630711870794474,663.32,540.5663944601297,213.47329495199153,9.56,9.183894267523723,1.466380880870011
1,1,Single GP,74,2,313.21,313.0749810588379,0.5241262404335834,15.08,26.367964613091885,139.84398533389907,0.39,0.8775435066203139,1.6473843510014035
1,1,Single GP,75,4,307.86,307.8305730683297,0.31584413210777024,946.9,1200.9957501882518,118.04118253626544,8.0,7.339020091235441,1.0074400776852224
1,1,Single GP,76,4,307.58,307.9144678091549,0.2917791487950487,1109.01,1204.3747352619457,95.24746044490439,8.19,7.710637546675263,0.9157353312765911
1,1,Single GP,77,2,312.31,312.9519750551876,0.5128766192868678,65.54,74.97675842199874,98.33987112028099,2.01,0.8998441142277844,1.3441998007859073
1,1,Single GP,78,0,312.73,313.0767213007429,0.3371651377987144,68.26,41.3339006346057,136.5341694088019,1.34,2.189460419198244,1.342143773516768
1,1,Single GP,79,4,306.53,307.33859481772845,0.3868796308323052,466.58,493.4648751177681,142.65151068564816,7.25,7.124404298551734,1.290331848705413
1,1,Single GP,80,0,315.92,312.7895637589495,0.4755250703638745,84.11,102.2265504032091,186.927251917233,3.9,2.9027283363964633,1.6658339345959694
1,1,Single GP,81,0,309.26,306.744409003117,0.7599114080163626,613.05,643.8998578879625,327.29251292038015,8.86,7.685968109787608,2.3550268927877793
1,1,Single GP,82,0,310.16,308.2590107673848,0.28409231694475945,517.94,901.4145364383737,104.37343019977577,7.35,7.523825722372113,1.0667533386425754
1,1,Single GP,83,2,304.65,302.7659086754689,0.493388868950212,2419.87,1723.1905688367776,97.53219782669781,12.79,7.857971369282236,1.6312703096801526
1,1,Single GP,84,0,315.33,313.2298536271875,0.422662428486229,96.59,67.04122298561981,183.53207435425617,6.91,3.0352126016952736,1.8587222686871923
1,1,Single GP,85,3,311.02,311.0679894800296,0.5760846933148667,146.83,133.21154727039027,136.98530066786336,5.0,4.933221419610044,1.6311862154924996
1,1,Single GP,86,2,309.61,310.0259679675349,0.5651074759941839,540.43,684.6562361223664,73.1733212958829,7.42,7.5308623177301275,1.8647420137834878
1,1,Single GP,87,2,311.04,312.06182738434336,0.4403940018638678,153.39,140.33038719593128,88.65667709270642,1.96,1.9827455080561114,1.267135232538929
1,1,Single GP,88,1,312.29,311.9406831485516,1.5092717159302211,42.84,68.07706114400264,312.11216579004554,3.51,1.6877233980325208,1.4420915517195945
1,1,Single GP,89,3,311.14,310.9531492401238,0.5063544263868455,504.12,532.9251861376471,115.85910730350489,4.26,4.270407134739866,1.2033574833949918
1,1,Single GP,90,3,308.79,307.5443863058773,0.3705539813152482,843.81,825.5112201234663,75.24474093968344,7.69,7.449841527174136,1.084772665743139
1,1,Single GP,91,2,302.53,303.77834023135193,0.4927295482438948,2030.6,2323.303083126232,128.4748398651715,2.36,6.853428735901347,1.7618508653877822
1,1,Single GP,92,0,312.07,310.8332147497947,0.3594562775065548,81.77,52.75619674761583,110.55892710787944,5.71,3.8896513837660778,1.0655040591130451
1,1,Single GP,93,0,306.81,306.5163670746507,0.2846623392049014,673.45,1388.7149623710964,133.04587932228907,7.15,4.514219564644609,1.3969626352920248
1,1,Single GP,94,1,309.96,309.9731710107267,1.0942564885325317,659.22,591.6070660477957,185.0238424004306,4.79,5.484148067900755,1.7578436727038365
1,1,Single GP,95,1,314.36,313.0874209742076,1.0199245948803555,139.42,-118.44245074094931,197.60054993466102,5.84,2.7590846212095808,1.5909563377812888
1,1,Single GP,96,3,310.35,311.0889657285127,0.4803709795935689,94.55,77.14807946923838,83.57990131905494,3.98,4.954713113517446,0.7900530991305001
1,1,Single GP,97,1,313.16,313.3435283952319,0.9181856864185087,15.39,125.73308098358507,286.61180482839757,0.53,1.2022180363417805,1.3318810466606796
1,1,Single GP,98,2,306.83,306.28945860921317,0.3029409244888503,1407.27,1506.702830431774,76.67022060744124,10.88,12.026861342287873,0.5775209465120281
1,1,Single GP,99,1,309.81,309.6079893445398,1.1687384807950958,533.37,1053.4081667629562,163.73499175613944,7.02,5.148539304235481,1.4316299356351534
1,1,Model Selection,0,3,312.33,313.1725312154031,0.7948708059510654,84.06,91.13827263006135,74.94077934569034,0.31,2.440672482426168,1.3087531532778751
1,1,Model Selection,1,4,311.68,309.9487864683925,1.2130067523023615,204.84,261.46394243150866,242.57320173930188,9.2,6.695563672201895,1.4685155614767496
1,1,Model Selection,2,1,301.44,305.1030442958209,0.9100342199715785,220.66,530.7455236400706,265.8461280796862,4.44,9.025988105809772,1.3958843017843936
1,1,Model Selection,3,2,314.31,314.2877526821199,0.8635482274008349,12.81,22.19554628594767,183.3382737015355,2.87,2.850292082904474,1.0745519694443921
1,1,Model Selection,4,2,306.89,304.8977667259188,0.6284476243092246,422.12,502.7154213559626,131.31265662651813,12.1,8.885268853695354,0.7460143978660222
1,1,Model Selection,5,4,307.84,307.8254786617791,1.051937955128671,2201.12,1791.7375415698675,214.28189896015698,5.77,5.578286808064659,1.2499825836950142
1,1,Model Selection,6,4,314.22,313.35292782118313,1.2788975459412304,87.66,101.982962860523,265.13693587960927,3.45,2.6344370902180745,1.6731617071484706
1,1,Model Selection,7,3,301.14,303.768052201053,1.0263421518472187,965.47,1633.7158809887974,190.14152696448127,6.46,10.10580673791545,1.6707759063432375
1,1,Model Selection,8,3,306.32,305.4794907941436,0.9164638860447839,331.97,431.6434892920246,78.65311110433744,10.22,6.64580403639239,1.431830730134933
1,1,Model Selection,9,4,304.34,303.5114884441094,1.1870186300363568,421.99,462.99724546441246,206.83025350730384,3.37,7.199406099607783,1.7112488828580428
1,1,Model Selection,10,0,303.31,304.08539729146634,0.5361120014731791,1035.72,435.8249636410044,127.84017233126326,5.86,7.516423382314394,0.6499175325249702
1,1,Model Selection,11,4,308.31,307.9902328350568,0.9819122535027626,374.66,340.987049311557,204.2066236185387,8.57,8.514544521041376,1.4214815379560235
1,1,Model Selection,12,4,307.47,307.01442349695117,0.9724153810667612,850.87,855.2375228242333,217.69580823039917,10.63,10.97928543109207,1.2446897508409158
1,1,Model Selection,13,3,306.43,307.74608484599696,0.7828736129717051,2256.33,1144.2776692917614,76.82152456523045,4.77,7.371639214774728,1.2347433010828552
1,1,Model Selection,14,3,313.31,313.4701841141695,0.918722384584353,0.85,35.569771404368,185.2623757128707,0.42,0.6236869735746362,1.506563771362636
1,1,Model Selection,15,2,311.83,313.51828873109645,0.44531945719201727,194.23,154.35687769450965,90.00667619588357,3.51,4.015035936132982,0.48674762152784934
1,1,Model Selection,16,4,307.32,306.66266317499833,0.7022653578426891,1604.24,1645.925639111323,160.27763487585457,11.92,10.983951572297215,0.8971493274741817
1,1,Model Selection,17,0,311.08,311.3416938751237,0.4554926729684905,560.59,453.7910681110228,105.48643948830347,3.19,3.4234687113428666,0.5426401236163515
1,1,Model Selection,18,4,311.14,310.3884303915128,1.2163974989604895,68.07,38.2114805439445,240.95863073062085,5.46,6.530926408602872,1.4924267429344122
1,1,Model Selection,19,1,312.39,311.9230033142752,1.1249515423839769,59.84,12.01532124722678,251.671034375401,5.02,5.465172679383015,1.5503230928898435
1,1,Model Selection,20,4,308.85,309.8859663206383,0.978365775208673,484.91,292.5439569207182,230.1059708284791,7.06,7.709499470389492,1.3785877071839536
1,1,Model Selection,21,2,311.28,310.6995061756045,0.35810127540128,410.23,787.247166920733,73.87982899234022,5.16,4.358546922710143,0.410817834169907
1,1,Model Selection,22,3,312.03,313.1713205830463,0.9338319998997323,122.49,95.31280512168985,118.73861886215107,3.07,5.212467292326886,1.4445540160337011
1,1,Model Selection,23,1,307.93,307.9760471182157,1.162654286828617,117.49,107.52448148583039,278.5241430313015,6.42,7.825931553068184,1.650977636718497
1,1,Model Selection,24,2,306.65,306.87980732657195,0.47856004221636134,1388.31,1384.7944658342863,96.77719999586752,11.47,12.131536410341502,0.5198994727753066
1,1,Model Selection,25,4,308.18,308.51213312254976,0.912588983511178,1252.74,1253.0781504218412,219.91314185442604,7.11,7.256678647104781,1.2714520322668852
1,1,Model Selection,26,2,310.29,310.17321120075263,0.677691163199024,785.56,870.4792862899269,143.39367559633706,5.06,3.97986706974899,0.8333036143678207
1,1,Model Selection,27,1,303.33,304.30989337595685,1.0780979005623854,1918.36,2059.0591356908135,230.74921540341,8.91,7.524305795048271,1.7033424445398313
1,1,Model Selection,28,4,302.73,301.68328908217137,1.4020444586170733,2026.87,1908.6710695103548,283.42039051248696,13.02,5.017142399013393,1.8776755275768493
1,1,Model Selection,29,4,310.24,310.24126564910335,0.9642919575503615,305.92,358.0026245902857,215.11776706564342,5.99,5.697563670016969,1.289438836471213
1,1,Model Selection,30,3,305.2,305.2962712105764,1.0100498953881138,2372.98,2248.5664909399275,101.69316793108004,10.28,9.357649821735935,1.5887791719756532
1,1,Model Selection,31,0,307.79,306.19288711233077,0.5356602145944627,1236.45,1226.1813210183172,128.69154988551654,12.82,10.822077858593403,0.6513160970634073
1,1,Model Selection,32,0,309.58,310.04224396199794,0.3288773591381812,717.28,623.3661933182334,76.33813198144743,6.31,6.633165082610872,0.3929867509613937
1,1,Model Selection,33,0,311.54,311.26090646458675,0.45503821365548386,686.14,671.796090772728,104.83983010711584,4.98,3.3040827251931995,0.5408540377550213
1,1,Model Selection,34,1,308.55,309.59423055664246,1.1170455839138946,367.47,515.4706616912079,182.66926048337191,5.43,5.057248606007566,1.564587612533583
1,1,Model Selection,35,1,306.8,307.08195367079094,0.8335928482291494,554.95,573.2959124216089,189.55629311861503,12.78,11.9519631832999,1.0249123807724425
1,1,Model Selection,36,0,307.12,307.1468491816309,0.425880686460083,2075.38,1895.5541175885674,96.98774090863942,5.9,6.74602700247881,0.5029252515197206
1,1,Model Selection,37,4,309.05,308.6428714269411,0.9562869641789181,1337.07,1195.786416956204,206.65765606492639,4.68,4.390434598589396,1.3732746643220388
1,1,Model Selection,38,1,307.56,308.06291038582253,1.2953553703453333,316.18,288.47659442930166,202.66946985091118,8.14,6.414151133978136,1.8751210972545231
1,1,Model Selection,39,0,312.34,312.18284420911004,0.75062427688562,106.38,71.55791471803127,187.60782530240434,5.13,3.9506530543343024,0.9390116613427224
1,1,Model Selection,40,1,309.58,308.81398210667146,0.9446049072926942,435.02,425.4068322008322,203.99986834330483,7.83,8.500785529915733,1.452281619407264
1,1,Model Selection,41,2,307.48,307.4640378307438,0.3412340766293228,1296.42,1026.791128983002,69.13763066084938,8.74,9.051206191803582,0.37587538354680333
1,1,Model Selection,42,3,304.47,304.85253361372355,0.9393784613513037,451.73,827.8899270379136,109.98578932441067,7.37,6.855835778967226,1.5483943072330653
1,1,Model Selection,43,2,311.63,311.89732092518,0.6723871631612537,91.86,108.51961017641895,140.77286319243467,2.46,3.4851016027224273,0.807240414471289
1,1,Model Selection,44,0,312.52,312.076901488726,0.6679675550964331,220.1,246.3296067451705,164.02808814019485,1.31,1.691613886390094,0.8259030439400975
1,1,Model Selection,45,2,312.59,312.8379706095924,0.5777771505040336,188.63,151.43414948595853,117.26597737682127,1.23,2.148876194194555,0.6309794806476803
1,1,Model Selection,46,1,306.36,306.97277110439177,0.98323834602534,947.21,789.5940567407458,235.8965430360932,7.22,8.564288047754893,1.4605449405644464
1,1,Model Selection,47,3,302.67,306.7112673296588,0.8648565068456613,1366.98,1474.0004095179127,86.24171633702693,10.28,12.421668156058757,1.3806221698534173
1,1,Model Selection,48,1,312.73,312.28665408308285,0.9966845405941545,46.91,36.21752112301351,241.41523964910252,1.25,1.0891564015144999,1.3527683279877785
1,1,Model Selection,49,2,310.89,310.2825402366266,0.7458496594140769,93.48,116.39501971416973,159.8451487530256,4.63,5.298167845856455,0.9550770869521853
1,1,Model Selection,50,4,307.08,305.2131723820044,1.2060801819125544,130.32,456.96619289186935,327.75570912569987,7.26,7.865870945218145,1.7304910308210049
1,1,Model Selection,51,0,306.76,306.28033347742485,0.35478663149727,1543.82,1680.652161901188,80.23617189618506,10.96,10.6639611186276,0.4164733430231913
1,1,Model Selection,52,0,310.33,310.355234817512,0.4954737702503607,570.52,644.0254830382077,115.99274193355676,5.7,5.8087456786185285,0.595267412656796
1,1,Model Selection,53,2,312.69,313.17648080415745,0.6467698592217782,95.36,26.703863615474233,135.7284231668871,1.39,2.0039000662404023,0.7835089925154557
1,1,Model Selection,54,1,311.54,311.69403230046174,1.0054835501075057,223.41,156.9491342522067,201.53905130677649,4.71,5.493380551707801,1.526561751324247
1,1,Model Selection,55,2,308.42,305.33382037237317,0.4596255483927481,709.64,748.8760665387772,94.93202173633823,12.53,9.73873162215712,0.5317596734395656
1,1,Model Selection,56,0,308.18,307.93307127299164,0.3524146106502724,1523.36,1452.5728359678287,83.72564219645625,7.59,7.322033900409212,0.4263525611178948
1,1,Model Selection,57,3,308.44,309.2479989878447,0.918643424246274,1059.82,1329.6555865314626,90.58058100098239,5.32,5.639950452591417,1.4388345803527587
1,1,Model Selection,58,2,309.87,311.4138741308025,0.4945455755678604,261.82,260.6949211743702,102.00209613600697,2.03,3.6377383141641753,0.5674293795216422
1,1,Model Selection,59,1,308.33,309.6252536329536,0.901265701039226,1098.75,1309.7832208923824,230.56845346151107,2.44,4.790899817094169,1.3171213840628107
1,1,Model Selection,60,3,306.45,306.04526613856524,1.0370605404623707,268.91,168.13851100197456,135.03200976533654,8.27,5.996207275486938,1.6479350853450738
1,1,Model Selection,61,3,303.98,303.15700150700644,0.858363291762448,704.72,1243.8638229215662,112.60546670282729,7.93,6.039816659405472,1.4064064803004126
1,1,Model Selection,62,1,308.91,309.0360406485437,1.0128663775310855,671.26,1011.4569248202871,211.41469832733952,8.35,8.464943928942178,1.5713856309744532
1,1,Model Selection,63,3,309.65,310.0867068706685,0.7470002078686078,616.92,535.1360530987307,101.63420642974715,2.11,3.1137029933279847,1.2892520542494967
1,1,Model Selection,64,4,311.97,311.551554833464,1.0011926943818203,177.02,225.4872388626028,236.9689295222404,2.3,2.4295644299363532,1.4382511234322997
1,1,Model Selection,65,0,306.98,307.581301189037,0.42653179832836274,2215.59,1692.5263928441072,102.28891809785013,6.68,7.690269433333118,0.5195302946423536
1,1,Model Selection,66,3,306.01,306.67498574162283,0.7017650023935551,1493.56,1412.071305593844,85.48212818146163,12.0,12.530046124425596,1.0738610083180986
1,1,Model Selection,67,1,311.22,311.8709828270925,0.9536739063164276,462.07,506.0634458575508,233.66087730110146,3.64,4.067307834262301,1.3927815090828046
1,1,Model Selection,68,3,304.88,308.63251524113025,0.9363982206667232,395.97,346.3685537115249,84.18993919483901,8.3,9.381671357330765,1.4904174847597171
1,1,Model Selection,69,0,310.04,309.3862285248574,0.7855924777452216,990.55,846.44145123476,206.2723255411056,2.36,2.1999866772831207,1.0113047573461942
1,1,Model Selection,70,3,312.89,311.81264582340395,0.8264944405017093,164.97,369.72712586027546,76.67011788663815,0.86,3.6418451184505485,1.3046133327446923
1,1,Model Selection,71,4,312.89,312.5494132295462,1.1076577775150045,42.42,130.7352023606719,301.7287791284679,0.86,1.2762983387610882,1.5179051914401802
1,1,Model Selection,72,4,311.83,310.8899579040155,0.9396191452083994,492.81,416.66882809575395,183.865743070532,6.49,3.6341380818895352,1.187879368605357
1,1,Model Selection,73,1,307.38,307.4862564391807,1.1308942433876854,663.32,753.0727013008208,223.06189805770003,9.56,9.755754888896444,1.6405922446187455
1,1,Model Selection,74,2,313.21,313.2147542270324,0.7861853213006104,15.08,-28.987223237563057,168.42850825729678,0.39,0.9239971782891372,1.0144839649262762
1,1,Model Selection,75,4,307.86,308.149886618274,0.9861726449403102,946.9,1132.7560133441482,226.86750145222035,8.0,6.994531256040638,1.2899182803150246
1,1,Model Selection,76,4,307.58,307.6361829904472,0.9629149397874804,1109.01,1231.0807481175693,176.00539173843387,8.19,7.970875051146702,1.1759462839880972
1,1,Model Selection,77,2,312.31,312.24894332524843,0.6739637991173557,65.54,34.86305889636549,138.73719896013407,2.01,2.3280469879644317,0.761315202284321
1,1,Model Selection,78,0,312.73,313.45017438524366,0.4222543637166352,68.26,53.43646058346826,97.54514255994938,1.34,2.338907945510252,0.5006102436147377
1,1,Model Selection,79,4,306.53,306.5182638694451,1.0288878004890258,466.58,592.6166250724172,238.70628716710814,7.25,7.7092460668059575,1.4280922381775962
1,1,Model Selection,80,0,315.92,312.3881725041281,0.6994131121407339,84.11,5.21865190962103,169.1595174652137,3.9,3.1899047081878704,0.8572966532056311
1,1,Model Selection,81,0,309.26,307.02201894512467,0.9185511824112177,613.05,567.9769526139095,254.0835979144371,8.86,8.874465498524104,1.21640562961091
1,1,Model Selection,82,0,310.16,308.09649963033894,0.3527688301782873,517.94,679.034717521781,81.81036397519647,7.35,6.857905119016392,0.42239231172789193
1,1,Model Selection,83,2,304.65,303.41987649573167,0.5802555933371665,2419.87,1836.254241677956,122.05147971513189,12.79,11.332296843756158,0.7099920608196877
1,1,Model Selection,84,0,315.33,313.30268920992415,0.5865211482779936,96.59,21.437790818302915,140.31926210071566,6.91,3.540420368298869,0.7132124367302154
1,1,Model Selection,85,3,311.02,310.8397894729603,0.8846675477095715,146.83,133.21154727039027,136.98530066786336,5.0,5.763939228431234,1.3613192245820267
1,1,Model Selection,86,2,309.61,309.8383249137912,0.5754911245953453,540.43,515.8878280361039,120.34140233484912,7.42,8.467933878189278,0.687903844763542
1,1,Model Selection,87,2,311.04,312.2213987490996,0.5224009525864555,153.39,111.25540876590321,108.34794041155372,1.96,1.1737788612442062,0.6128046924908375
1,1,Model Selection,88,1,312.29,313.10553492856894,0.9954760756785129,42.84,11.085826880986588,264.19773429067925,3.51,3.270039251185969,1.543100991319809
1,1,Model Selection,89,3,311.14,311.03311170677404,0.9981618837256735,504.12,532.9251861376471,115.85910730350489,4.26,4.974152317265391,1.5572824740944555
1,1,Model Selection,90,3,308.79,307.58079001466535,0.8077521382552602,843.81,825.5112201234663,75.24474093968344,7.69,7.448538397377063,1.2782772285446113
1,1,Model Selection,91,2,302.53,303.2488624373725,0.753154384814854,2030.6,2286.356751874756,159.10336258456758,2.36,9.514627564058333,0.9264059386756651
1,1,Model Selection,92,0,312.07,310.92271036888263,0.46506223547232384,81.77,76.63481810866062,104.8636167321846,5.71,4.113721560144396,0.5461990554793947
1,1,Model Selection,93,0,306.81,306.28688576258975,0.3567670971771626,673.45,897.2509608214959,81.04662456097641,7.15,6.888247649155578,0.4193848961442476
1,1,Model Selection,94,1,309.96,309.96162227403784,1.143111981446384,659.22,504.0823073400944,265.70728999047316,4.79,4.63363974265893,1.542574645863302
1,1,Model Selection,95,1,314.36,313.9870999565269,1.107756865488979,139.42,129.53179150840697,238.22018612417583,5.84,3.1081085171174094,1.5469616499532246
1,1,Model Selection,96,3,310.35,311.07290029620793,0.8796286054524479,94.55,77.14807946923838,83.57990131905494,3.98,5.328506969481514,1.394507206632866
1,1,Model Selection,97,1,313.16,313.473220092038,1.0612266331832236,15.39,7.613661717891432,262.34839658739594,0.53,1.2118959990437297,1.4191092189597045
1,1,Model Selection,98,2,306.83,306.32499025802764,0.391811704506969,1407.27,1490.1669797450668,78.78954279606866,10.88,11.184182838803766,0.41874111780923917
1,1,Model Selection,99,1,309.81,310.28025691972704,1.0298335570022266,533.37,628.7244308032297,232.63315222700965,7.02,5.601919938450171,1.4845638696431702
1,1,Model Selection + Bagging,0,3,312.33,313.0415010820547,1.0376116878785353,84.06,89.46323279621481,143.7780245902007,0.31,2.956945111371757,1.6470725489596594
1,1,Model Selection + Bagging,1,4,311.68,309.76813335848,1.3474137916069828,204.84,270.321042610478,284.05121246298256,9.2,7.26176040242601,1.527806390408907
1,1,Model Selection + Bagging,2,1,301.44,305.19810489803,1.2924729990289003,220.66,470.96724845799304,324.43118491085517,4.44,8.792956933995852,1.7664387459656836
1,1,Model Selection + Bagging,3,2,314.31,312.67015677440475,2.015730119726469,12.81,203.43446730154795,410.11202355216375,2.87,2.840559949342913,3.225567619523867
1,1,Model Selection + Bagging,4,2,306.89,305.9510792342286,1.8579656486221283,422.12,467.0586394770588,317.11363992204656,12.1,10.180389601509118,2.3609635544564336
1,1,Model Selection + Bagging,5,4,307.84,307.91821569605617,1.1714122089575048,2201.12,1726.4461664567052,278.7749740502047,5.77,5.961823125347409,1.4086682271913615
1,1,Model Selection + Bagging,6,4,314.22,313.42528873508,1.4643070524411772,87.66,112.47827221935597,305.91293193461485,3.45,3.177340310659704,2.016290523735081
1,1,Model Selection + Bagging,7,3,301.14,303.78974961815254,1.227917735371609,965.47,1516.3525035619382,355.54710123168377,6.46,9.674018553318259,3.0327036968392083
1,1,Model Selection + Bagging,8,3,306.32,305.5766241609503,1.09750151040586,331.97,449.1611999336851,162.90130594862188,10.22,6.889454296009699,1.6969293413822664
1,1,Model Selection + Bagging,9,4,304.34,303.8219589630587,1.4662209390823921,421.99,516.7497171537732,267.03895036125624,3.37,6.474317298524017,2.4600598585341507
1,1,Model Selection + Bagging,10,0,303.31,305.0175317734219,3.044287927074921,1035.72,388.3780278178618,270.0104955668413,5.86,7.8633286642076925,3.0238477477728645
1,1,Model Selection + Bagging,11,4,308.31,307.8602510539799,1.1512962757202585,374.66,422.34383052387864,269.9035076898802,8.57,8.308674056443632,1.5496039903731817
1,1,Model Selection + Bagging,12,4,307.47,307.002848355709,1.1194764378176207,850.87,911.3647510906246,256.9535613469712,10.63,10.532958327278022,1.4487233891588585
1,1,Model Selection + Bagging,13,3,306.43,307.52833149315575,0.946812844062268,2256.33,1144.4343947298928,162.1472296867462,4.77,7.225787493075218,1.437267560187448
1,1,Model Selection + Bagging,14,3,313.31,313.4749130980679,1.0643648838645279,0.85,83.86157429405785,316.3590637788635,0.42,0.9838669652872003,1.6566027593452681
1,1,Model Selection + Bagging,15,2,311.83,314.23828148392676,1.7235919622266245,194.23,185.13763949778286,284.0477808135445,3.51,5.560034002225375,2.6810779116376935
1,1,Model Selection + Bagging,16,4,307.32,306.5616490833074,0.971126927971417,1604.24,1675.4165643080732,230.4463148649446,11.92,11.054388074997544,1.1762409376352456
1,1,Model Selection + Bagging,17,0,311.08,311.1040734250035,1.47724591345304,560.59,435.35143795159945,322.28130325277345,3.19,2.6070902546539183,2.177213646313718
1,1,Model Selection + Bagging,18,4,311.14,309.9488533392378,1.4164316542915634,68.07,53.910207563081144,262.50790848856525,5.46,6.350667808861479,1.615026491093845
1,1,Model Selection + Bagging,19,1,312.39,311.9118411275491,1.2918069472382583,59.84,9.643934185814373,285.1732614629658,5.02,5.007930928195606,1.8858430991593527
1,1,Model Selection + Bagging,20,4,308.85,309.265068926837,1.2957858200124655,484.91,331.168255573103,257.9618175686707,7.06,7.304676848922938,1.5272837245880762
1,1,Model Selection + Bagging,21,2,311.28,310.915591334217,1.022851757856782,410.23,664.5433708980634,251.729397723416,5.16,6.032483794456526,2.2737933059810818
1,1,Model Selection + Bagging,22,3,312.03,313.13349926806455,1.090815818565792,122.49,196.72227226192769,268.77383403816594,3.07,4.921442947409017,1.6294405345460696
1,1,Model Selection + Bagging,23,1,307.93,307.80631040224307,1.2578101475148733,117.49,127.20181248909728,302.1082904901421,6.42,7.929783786449222,1.9198971290806002
1,1,Model Selection + Bagging,24,2,306.65,306.6206003237037,0.9998800709144052,1388.31,1392.3877252811208,186.87113643576467,11.47,12.285579140715278,0.9689811535642009
1,1,Model Selection + Bagging,25,4,308.18,308.33210322153604,1.0609441962540893,1252.74,1248.7054077056082,257.8833519819192,7.11,6.901428300941173,1.4042365959506873
1,1,Model Selection + Bagging,26,2,310.29,309.7249662222671,1.5481835320824122,785.56,805.8151337582908,351.67818775733974,5.06,5.754117610424047,2.4120740499926407
1,1,Model Selection + Bagging,27,1,303.33,304.21846800701985,1.2616214201501688,1918.36,1948.762151197779,342.8486184074237,8.91,7.615984925250972,2.2099481230481746
1,1,Model Selection + Bagging,28,4,302.73,301.84210609292467,1.687953276997227,2026.87,1685.3486792787266,380.65238139095567,13.02,5.2311034935695595,2.405932649759829
1,1,Model Selection + Bagging,29,4,310.24,310.2018041099231,1.1660089281203572,305.92,369.1725392707284,251.3961728749217,5.99,5.776460652460787,1.5244219458196935
1,1,Model Selection + Bagging,30,3,305.2,305.3661543682043,1.077677518320068,2372.98,2036.39386620658,228.73290189111498,10.28,8.709624238827374,1.740310785683906
1,1,Model Selection + Bagging,31,0,307.79,306.4474689425621,1.9714854477310315,1236.45,1226.1343665748082,329.359697649431,12.82,10.179165498216232,1.8866619433740086
1,1,Model Selection + Bagging,32,0,309.58,309.60317060094286,1.1689416873210716,717.28,574.7267859808862,254.1635651382939,6.31,6.279219809723093,1.4794502200321193
1,1,Model Selection + Bagging,33,0,311.54,311.18068323287866,1.4524681535413715,686.14,555.6012307584317,296.56128253804593,4.98,2.977752059585562,2.665473559704461
1,1,Model Selection + Bagging,34,1,308.55,309.63128898829996,1.1652883851887126,367.47,492.5716845057943,238.2258399082608,5.43,4.96982599524304,1.609657354802433
1,1,Model Selection + Bagging,35,1,306.8,306.86063747465147,1.0118923810219382,554.95,614.9909733137125,246.06729082728003,12.78,11.505087835706224,1.4064048354603615
1,1,Model Selection + Bagging,36,0,307.12,307.4059433223426,1.034534624064259,2075.38,2214.056985575895,299.233847725589,5.9,6.455926197065036,1.3958459734851176
1,1,Model Selection + Bagging,37,4,309.05,308.8246857867466,1.1297790692422442,1337.07,1235.7051528749753,248.25695557408753,4.68,4.715908513781521,1.51065646740377
1,1,Model Selection + Bagging,38,1,307.56,307.59668489298446,1.4375653068702832,316.18,336.93127466138657,261.6797930200123,8.14,6.087783613726072,1.8978556454900246
1,1,Model Selection + Bagging,39,0,312.34,311.59201557031656,1.93316840650209,106.38,241.45438428623424,350.2833386319754,5.13,4.247972081549526,2.596257525733557
1,1,Model Selection + Bagging,40,1,309.58,308.25515740409054,1.2933965791013324,435.02,444.6889254983417,226.75785503670315,7.83,8.412424273232746,1.6493529512621083
1,1,Model Selection + Bagging,41,2,307.48,307.59268866143765,0.7414989163756124,1296.42,974.1576778525333,148.01875578849706,8.74,8.608180082896624,0.818984537624047
1,1,Model Selection + Bagging,42,3,304.47,305.1997462623373,1.1567518429721162,451.73,745.5520014072507,269.4216443696488,7.37,8.164349896619038,2.105600174420106
1,1,Model Selection + Bagging,43,2,311.63,311.2866980379585,1.6609782299600322,91.86,194.84095926277598,363.68637687014854,2.46,3.4100936369498664,2.405402028742642
1,1,Model Selection + Bagging,44,0,312.52,311.58792541933184,1.6850570477554743,220.1,361.0783255655006,350.9345900280775,1.31,2.226800067762509,2.163970174049352
1,1,Model Selection + Bagging,45,2,312.59,312.6044395535685,1.4067124271451277,188.63,226.50335218688696,308.49975378003177,1.23,1.7940864249265758,2.017919006524375
1,1,Model Selection + Bagging,46,1,306.36,306.696993851468,1.1626195897832479,947.21,826.5376136582615,269.36518720975926,7.22,8.239601752637343,1.699180518171553
1,1,Model Selection + Bagging,47,3,302.67,306.3133180449534,1.0852276437420585,1366.98,1405.4920514990158,227.62329814213552,10.28,11.829489559568263,1.9750467307876147
1,1,Model Selection + Bagging,48,1,312.73,312.4180125016104,1.157413742333716,46.91,28.867277503718128,279.3544072060064,1.25,1.2598921512573948,1.5866584178260354
1,1,Model Selection + Bagging,49,2,310.89,309.78032445445376,2.006805215774836,93.48,272.6415967255533,435.6390792261442,4.63,5.040324661964694,2.553074750093
1,1,Model Selection + Bagging,50,4,307.08,305.40799354126983,1.5253942368985234,130.32,309.53440269217447,391.6006815574768,7.26,9.207135383438258,2.0296413266489863
1,1,Model Selection + Bagging,51,0,306.76,306.878930680031,1.1300058846949759,1543.82,1722.8613451026881,303.54040592511615,10.96,10.709652097846828,1.3618216881123144
1,1,Model Selection + Bagging,52,0,310.33,310.5006258068245,1.730929219054982,570.52,680.654248602367,375.0758899651604,5.7,6.145624323378741,2.171445922196154
1,1,Model Selection + Bagging,53,2,312.69,312.5420847277579,1.8843228649216346,95.36,146.85172491512242,373.0454009255034,1.39,2.9556619276090395,2.4181498807357356
1,1,Model Selection + Bagging,54,1,311.54,311.7199261932397,1.1646173771838644,223.41,163.16305994530546,239.48993703318106,4.71,4.96025141734529,1.7814122683579552
1,1,Model Selection + Bagging,55,2,308.42,303.2661083032767,1.8101076081481802,709.64,810.0817087692033,282.61210219810386,12.53,8.815329847075777,1.6069801194652373
1,1,Model Selection + Bagging,56,0,308.18,308.2450132413355,1.442283206068628,1523.36,1754.2669131401162,434.1779665921732,7.59,6.671377811432735,2.0223511779522028
1,1,Model Selection + Bagging,57,3,308.44,309.28287124025167,0.9967541098540296,1059.82,1164.8966616393093,264.0254478144174,5.32,5.818299724950329,1.5266538960803913
1,1,Model Selection + Bagging,58,2,309.87,310.70230933225156,1.2938483133087413,261.82,258.4159745298454,301.6801328056356,2.03,4.254784984984051,1.950268096494343
1,1,Model Selection + Bagging,59,1,308.33,309.50970954345394,1.067602443171587,1098.75,1296.5809681072224,273.1954422801407,2.44,4.482964585074972,1.5739410803361247
1,1,Model Selection + Bagging,60,3,306.45,305.94622313817996,1.1266323427229452,268.91,286.394328811773,273.81004581166354,8.27,5.532363559349513,2.0212253326668224
1,1,Model Selection + Bagging,61,3,303.98,303.3514033303112,1.116014584860658,704.72,1132.2070432463606,329.54594754771915,7.93,7.218849712888856,2.086193364102682
1,1,Model Selection + Bagging,62,1,308.91,308.5459964986071,1.231858194215459,671.26,923.1058142020111,278.88376770654287,8.35,8.448717260294927,1.624913239689358
1,1,Model Selection + Bagging,63,3,309.65,310.52528224364755,0.9544542339487484,616.92,626.9727676772533,211.74025071273238,2.11,3.4169042329401833,1.428856889401257
1,1,Model Selection + Bagging,64,4,311.97,311.69170220374724,1.1852990574727116,177.02,224.55973975082776,274.98747634562466,2.3,2.430533614286494,1.471380466753706
1,1,Model Selection + Bagging,65,0,306.98,307.9745631409248,1.750606700253469,2215.59,1943.3163881565824,406.2757059192135,6.68,6.943200661114446,2.271248180479148
1,1,Model Selection + Bagging,66,3,306.01,306.84818774596283,0.8984907024247359,1493.56,1314.2476934709016,199.14560678740932,12.0,12.09382196943248,1.3679846116226353
1,1,Model Selection + Bagging,67,1,311.22,312.1598140510864,1.061462241166043,462.07,501.2522083667068,258.02605209727625,3.64,4.36346127099648,1.7431983460396576
1,1,Model Selection + Bagging,68,3,304.88,308.6024289007829,1.0210291800757625,395.97,417.81844556702595,133.02658134431238,8.3,10.092074499102116,1.6578601408571654
1,1,Model Selection + Bagging,69,0,310.04,308.97987431261464,1.6706365187727894,990.55,804.6855328805393,356.32107664894863,2.36,3.0294809434518704,2.3797935368324543
1,1,Model Selection + Bagging,70,3,312.89,311.9143650773092,0.9521662223166079,164.97,324.60025215824436,162.0750202033642,0.86,3.9290479969519785,1.5782709871240457
1,1,Model Selection + Bagging,71,4,312.89,312.49594719909726,1.2509797873613517,42.42,136.76609895906165,332.6861194875487,0.86,1.0908224791452215,1.4871815718905295
1,1,Model Selection + Bagging,72,4,311.83,311.07658389597816,1.049860720308259,492.81,418.00996660533895,215.25291023279468,6.49,3.528738570481545,1.279954337662041
1,1,Model Selection + Bagging,73,1,307.38,307.5478778339662,1.2404895883445441,663.32,748.2606783190428,267.3409427250179,9.56,9.661262479141723,1.6882373798362333
1,1,Model Selection + Bagging,74,2,313.21,312.1884899703651,2.05220826497703,15.08,160.61434888508552,423.0980960873266,0.39,1.9115815598378498,2.5159947910505194
1,1,Model Selection + Bagging,75,4,307.86,308.0211308576376,1.2201588777494465,946.9,1157.675146876093,275.0531959504913,8.0,6.709638329997211,1.4975683232371517
1,1,Model Selection + Bagging,76,4,307.58,307.63245430629183,1.072741801767328,1109.01,1217.2882510882637,239.44421743513757,8.19,7.770726423959573,1.3272207587205682
1,1,Model Selection + Bagging,77,2,312.31,311.77453664251175,1.5287190594629965,65.54,162.3218245637932,299.81177284824196,2.01,2.9533131330069233,2.5034908928805457
1,1,Model Selection + Bagging,78,0,312.73,313.15690626555687,1.421427288431961,68.26,10.448320269305441,261.4640363406305,1.34,1.7999829399379532,1.9707048727656724
1,1,Model Selection + Bagging,79,4,306.53,307.14571688297787,1.368881339755667,466.58,600.1805365176874,293.88829532353526,7.25,8.902470399405109,1.8817965996681607
1,1,Model Selection + Bagging,80,0,315.92,311.38561333642366,1.5150551621716841,84.11,161.30950104551977,267.113999813321,3.9,2.948428270522001,2.1035597565291226
1,1,Model Selection + Bagging,81,0,309.26,306.1083954971657,3.0767119830703473,613.05,703.340812246561,469.24430546717116,8.86,7.5945218660946265,2.9578900647379225
1,1,Model Selection + Bagging,82,0,310.16,308.5611282942217,0.9888472571916515,517.94,767.0468436761859,292.57930846121167,7.35,7.368108053508816,1.4255668384970146
1,1,Model Selection + Bagging,83,2,304.65,304.79306170787544,2.090115408274613,2419.87,1636.6052866627147,359.62550212275556,12.79,11.372771557390706,2.312866412149204
1,1,Model Selection + Bagging,84,0,315.33,312.53803297415254,1.663150831201603,96.59,123.37772379552086,295.68176444590307,6.91,3.6757413468952405,2.499841341953823
1,1,Model Selection + Bagging,85,3,311.02,310.80733129843986,0.9963336581901691,146.83,196.4217532558851,220.79846862119427,5.0,5.855112246420992,1.6428393881555277
1,1,Model Selection + Bagging,86,2,309.61,309.82641298193516,1.3301553466658393,540.43,501.84200856705957,264.1733224546846,7.42,8.418116389563085,1.705305182105909
1,1,Model Selection + Bagging,87,2,311.04,312.09533586805276,1.4901909530126654,153.39,181.32397185523524,324.7609879351596,1.96,1.9212152573253318,1.8353092587129647
1,1,Model Selection + Bagging,88,1,312.29,313.09858485612574,1.2624864234104134,42.84,1.752234117591911,298.3125930019138,3.51,3.1009251857258424,1.9063134245621847
1,1,Model Selection + Bagging,89,3,311.14,311.08648109094503,1.0894912729571802,504.12,568.6318081670825,247.43545782922422,4.26,4.894148632800178,1.7386232311758947
1,1,Model Selection + Bagging,90,3,308.79,307.5279179152174,0.8653342559438546,843.81,847.9251897470452,182.53835965274558,7.69,7.142562109376163,1.372567605573703
1,1,Model Selection + Bagging,91,2,302.53,304.7948028072279,2.20692000028063,2030.6,1924.5365245922274,597.6954566392309,2.36,8.842584903299302,2.88544053211631
1,1,Model Selection + Bagging,92,0,312.07,311.08545050883316,1.2901880104811747,81.77,75.57785745182946,227.37184052574284,5.71,4.553070015465763,1.7123918809990186
1,1,Model Selection + Bagging,93,0,306.81,306.631121997862,1.3966154846689587,673.45,1197.5284361812433,367.3054203266091,7.15,7.540824257755455,1.8847428941996558
1,1,Model Selection + Bagging,94,1,309.96,310.01542203771925,1.2055344541085018,659.22,504.5676295750976,288.8020553722826,4.79,4.781220969112313,1.7258194592572542
1,1,Model Selection + Bagging,95,1,314.36,313.9142344435516,1.1885528306477338,139.42,142.24151484476363,273.5068004061116,5.84,3.3467755199897025,1.7665696478743755
1,1,Model Selection + Bagging,96,3,310.35,311.0207275067735,0.9676593908293465,94.55,96.05609002116853,133.0922459189131,3.98,5.259942191911731,1.471384149080542
1,1,Model Selection + Bagging,97,1,313.16,313.4330909219248,1.1634654478989925,15.39,-4.879570197903831,294.01331874331373,0.53,1.4325640634992212,1.6384016595671256
1,1,Model Selection + Bagging,98,2,306.83,306.65010704883287,0.7281196136351233,1407.27,1453.8860666871883,153.66952012492777,10.88,11.806851065386748,0.750022871437503
1,1,Model Selection + Bagging,99,1,309.81,310.1462807963116,1.1240520903327245,533.37,672.6455487791029,278.75246549166576,7.02,5.409536829633242,1.56547270102726
2,2,Single GP,0,0,312.33,313.1580516500378,0.4553956109575149,84.06,94.01916073075392,63.82292225071488,0.31,3.0270958028979784,0.8888173901849058
2,2,Single GP,1,1,311.68,309.4633408865365,0.3794008121088931,204.84,208.14833312856973,142.26316745961856,9.2,6.497672533066014,0.8453758174769457
2,2,Single GP,2,0,301.44,304.9451117062937,0.44666821117783395,220.66,589.0923564665817,109.86343046299767,4.44,7.6970224345180185,0.9712967795181093
2,2,Single GP,3,0,314.31,315.49661947784114,0.7372518297610036,12.81,17.548296100427933,91.87089108465807,2.87,6.481716014926838,1.8463003627425965
2,2,Single GP,4,4,306.89,305.1043399624877,0.45924658331386403,422.12,454.3415063799275,142.79881880929523,12.1,10.79765674967783,1.4885404583307387
2,2,Single GP,5,1,307.84,308.30267792851765,0.29776749675466896,2201.12,1634.4004119329093,142.02972211149404,5.77,6.374978930599813,0.8265538224438371
2,2,Single GP,6,1,314.22,313.2270867441503,0.5042330704165338,87.66,10.969097318068634,169.1130448414963,3.45,2.2316897089039776,1.0786485366077303
2,2,Single GP,7,4,301.14,304.40101797564,0.6724619284781382,965.47,1223.5981198024785,209.15343921129832,6.46,11.323135314846095,1.8816428672791585
2,2,Single GP,8,2,306.32,305.83033176585326,0.30821554285881664,331.97,446.1120040987662,107.29890040132409,10.22,5.44913334812189,1.4140742415035803
2,2,Single GP,9,2,304.34,303.7514448347891,0.5865055763743567,421.99,518.9199681145994,232.62436684513983,3.37,7.403515292298556,2.1441059481385176
2,2,Single GP,10,1,303.31,303.5908857203063,0.3694803467828817,1035.72,342.467396419431,130.7364934651176,5.86,6.751036865792273,0.8150008790321356
2,2,Single GP,11,1,308.31,307.9996494737767,0.3165865907729262,374.66,486.89789102144425,153.85944666909765,8.57,8.802076789665199,0.8479589925473875
2,2,Single GP,12,2,307.47,306.85882201981315,0.3152887264427551,850.87,876.4921552345087,93.73895726337551,10.63,11.71279765257113,1.070423392380249
2,2,Single GP,13,0,306.43,307.1809999995088,0.29709543752930306,2256.33,1340.5588928865468,66.69922796470526,4.77,6.747324358777796,0.706406389473962
2,2,Single GP,14,0,313.31,313.5443158310227,0.6475519711202584,0.85,8.962600785027348,184.80169663065877,0.42,0.774862165626609,1.1246134605744549
2,2,Single GP,15,4,311.83,313.6419962116339,0.3992062601703983,194.23,103.030846748101,118.11860713628977,3.51,3.137142596354907,1.3071274085765665
2,2,Single GP,16,0,307.32,306.3921957712382,0.33877788215136023,1604.24,1593.3870088032563,55.756207254707974,11.92,10.897937564803401,0.4024796248578288
2,2,Single GP,17,2,311.08,311.2321899077546,0.3988537956523553,560.59,457.05218624144294,118.63999288335941,3.19,3.1759318764119238,1.2317276659349514
2,2,Single GP,18,1,311.14,309.4115991466369,0.3397476043475321,68.07,82.61346458728167,111.75558128287716,5.46,6.125579316497972,0.7979141806645342
2,2,Single GP,19,2,312.39,312.2625241056871,0.42806215636311973,59.84,51.20986816707273,153.85542467393626,5.02,4.629049364419105,2.043289683576118
2,2,Single GP,20,4,308.85,309.55358341751764,0.38205592452054055,484.91,439.58112739101495,114.3125988904257,7.06,7.130055154244401,1.3109826644428944
2,2,Single GP,21,0,311.28,310.28748419247296,0.26466645355178997,410.23,614.8861422934043,60.84522242318702,5.16,5.258999389498109,0.9447067704102162
2,2,Single GP,22,4,312.03,313.8364980347295,0.6301558627568267,122.49,117.90897361519455,174.08665056862853,3.07,5.046884564232721,1.8942861365365191
2,2,Single GP,23,0,307.93,308.4119835537407,0.42397205010851435,117.49,25.17416033133543,131.1794878100876,6.42,9.045402303562618,1.2590281496403974
2,2,Single GP,24,0,306.65,306.88705742053367,0.35231603564361813,1388.31,1415.96918613353,57.590722001754514,11.47,11.793367493336332,0.54677969108463
2,2,Single GP,25,1,308.18,308.38587426868605,0.2419230186477225,1252.74,1227.1134546276216,80.44616168779108,7.11,7.267401436099343,0.499797553277889
2,2,Single GP,26,2,310.29,310.5382773485509,0.5097004303432229,785.56,920.5727612274892,166.58007011012634,5.06,6.006513499206012,2.0363715652375003
2,2,Single GP,27,0,303.33,303.44178663051616,0.48869790820680065,1918.36,1686.7820715730481,167.3901182992551,8.91,5.031296105891082,1.5377922653422074
2,2,Single GP,28,0,302.73,299.90953230831957,0.8615791250657069,2026.87,1661.5350516053456,163.5229061016069,13.02,5.003550795036979,1.8701493863514755
2,2,Single GP,29,0,310.24,310.4420961339324,0.4170669638541236,305.92,414.5818197893645,64.76535929112494,5.99,5.515781392470429,0.8931573727523634
2,2,Single GP,30,0,305.2,304.993128953328,0.4268292729894334,2372.98,1930.8420295603178,153.27729846027884,10.28,8.29447139451267,1.6448201605301924
2,2,Single GP,31,4,307.79,307.37777884959394,0.39240688388815087,1236.45,1204.9479581186188,115.42424920995394,12.82,11.203680397837207,0.9700235936159951
2,2,Single GP,32,2,309.58,309.79058855478974,0.304091640535051,717.28,581.3787697374805,106.30105588183496,6.31,7.253044362780716,1.4201575912712479
2,2,Single GP,33,3,311.54,310.884623466753,0.3383635471100258,686.14,686.0115663906292,110.86266612139448,4.98,2.679501763197363,1.615471790307974
2,2,Single GP,34,4,308.55,309.14616081668447,0.4864556253467072,367.47,480.7544486684901,144.78396658807395,5.43,4.947754853092658,1.487737636511656
2,2,Single GP,35,1,306.8,306.75985029855843,0.32938916864491696,554.95,593.2862930949582,126.10304216598517,12.78,11.339979611553328,0.817638090559495
2,2,Single GP,36,1,307.12,307.77737582446207,0.28388656905124193,2075.38,1822.4153247037434,114.75071594393603,5.9,7.0399380592826235,0.7515477375295135
2,2,Single GP,37,4,309.05,308.7680509550252,0.3742674206368197,1337.07,1412.0891190943455,93.83275423849769,4.68,4.441512512051287,1.138850861571072
2,2,Single GP,38,3,307.56,307.38126140629146,0.4665254269426305,316.18,403.9051545541805,148.28646511405222,8.14,6.142590118673843,2.1153467927541576
2,2,Single GP,39,4,312.34,313.43164784001704,0.6871365152023251,106.38,155.91107124915845,212.3192071078993,5.13,5.43173879958339,2.0481129030405523
2,2,Single GP,40,4,309.58,308.712897224797,0.3518498963036899,435.02,419.39372043100735,92.68761917414425,7.83,8.308444869187321,0.9545829137387952
2,2,Single GP,41,2,307.48,307.3987388693261,0.2816510710611192,1296.42,1016.5751379323901,86.6133650313665,8.74,9.19797729842935,0.7004728538476591
2,2,Single GP,42,3,304.47,305.1169647725615,0.39296278672859425,451.73,613.7609463112234,129.82905690909968,7.37,6.882241538881448,1.8486238660554701
2,2,Single GP,43,4,311.63,311.95959648084147,0.48274517493680497,91.86,95.78377256366298,164.79657528760987,2.46,0.7860759903215069,1.6826677278470934
2,2,Single GP,44,1,312.52,312.01670712616897,0.4451530036999188,220.1,327.1975727908558,139.8240147959589,1.31,1.8317393631506205,0.8960077724762616
2,2,Single GP,45,2,312.59,312.6062548282991,0.46848196337605197,188.63,165.83691365182983,117.91578270254783,1.23,1.2717457705429291,0.8694039813059493
2,2,Single GP,46,3,306.36,306.985373942596,0.38277240032252025,947.21,947.4714686613538,129.54335704873986,7.22,7.9458298063258805,1.5474072468166642
2,2,Single GP,47,4,302.67,306.1293617583163,0.4911661256159936,1366.98,1387.249748437182,117.03229635709037,10.28,12.682698283919663,1.2645207636403146
2,2,Single GP,48,1,312.73,312.40623658589783,0.4489774762045072,46.91,27.26362522529689,142.81455896083816,1.25,1.0905486401540996,0.8214765630754729
2,2,Single GP,49,4,310.89,310.035934466164,0.5479727507338773,93.48,106.64678794707413,202.18362108699725,4.63,4.159949413326175,1.5867560652907484
2,2,Single GP,50,3,307.08,305.67990310890565,0.577194253744003,130.32,179.21334256623095,245.45474722983144,7.26,6.326570764769055,2.3564562466731873
2,2,Single GP,51,3,306.76,306.9274213847726,0.29614571286973124,1543.82,1849.0249891079065,89.11830586219834,10.96,11.158213665285356,0.9435270956771283
2,2,Single GP,52,3,310.33,310.3953574638515,0.3688896032089132,570.52,621.248081810819,125.46187802956435,5.7,6.631415069778722,1.9413261909731947
2,2,Single GP,53,2,312.69,312.9495371270797,0.4083274407365347,95.36,44.03097009956116,129.03658791570277,1.39,0.8652736857985293,1.1633961479456392
2,2,Single GP,54,2,311.54,311.9098323967029,0.33495526236284445,223.41,153.76703468458118,114.20221179754557,4.71,5.296736024263442,1.5209666298425732
2,2,Single GP,55,2,308.42,305.8751503870303,0.3055251266212514,709.64,747.0958817026064,110.28858311555925,12.53,8.473465807278018,1.2247596569550667
2,2,Single GP,56,0,308.18,308.1477201878406,0.27331956487974335,1523.36,1640.6128563952432,70.36223635445943,7.59,6.282518560132606,0.5437754196355226
2,2,Single GP,57,2,308.44,309.4321019070184,0.38738764744245135,1059.82,1275.3322730163031,125.83101584622442,5.32,6.438417239977609,1.339125491383609
2,2,Single GP,58,3,309.87,310.86259542190606,0.2918381909751807,261.82,244.68731433404736,109.95524671788233,2.03,3.034040342629635,1.1459856205470156
2,2,Single GP,59,2,308.33,309.40992095389623,0.3194568138215426,1098.75,1314.3660438654856,108.40073178041717,2.44,2.17818152286363,1.3466046404419079
2,2,Single GP,60,2,306.45,305.5911810257998,0.5594043941857811,268.91,286.75651419444455,235.91605288757236,8.27,7.986872575102574,2.024819868919487
2,2,Single GP,61,0,303.98,303.1653803441927,0.4185622102663568,704.72,842.2763192936584,58.04199586639966,7.93,5.180428611494311,1.0762091439516428
2,2,Single GP,62,1,308.91,308.67466286638967,0.28019171629893413,671.26,770.7201071049769,92.94191364334569,8.35,8.353070665211977,0.6112058637561162
2,2,Single GP,63,4,309.65,310.77727404443107,0.45499290700547096,616.92,572.9519828305309,154.31735181443457,2.11,2.311389233736157,1.2276802672391653
2,2,Single GP,64,2,311.97,312.0872059761462,0.3898238738547955,177.02,167.29027241734934,116.1403288941038,2.3,2.1373240386134205,1.4266841356312794
2,2,Single GP,65,1,306.98,308.08237653861585,0.2759055290184187,2215.59,1624.6186609382512,110.69578578375467,6.68,7.661791428388357,0.7415578962937796
2,2,Single GP,66,3,306.01,306.8290125121048,0.3885915038796631,1493.56,1502.4279138628638,122.05644628833954,12.0,11.57062648564806,0.9896372730930988
2,2,Single GP,67,4,311.22,312.61387349021663,0.4375109225908311,462.07,419.1381627531101,139.929732731959,3.64,3.105963899180146,1.37425507564208
2,2,Single GP,68,3,304.88,308.9282105930048,0.43042814700948695,395.97,345.4396567396216,130.9180393551305,8.3,9.728851086361376,1.6934242801579562
2,2,Single GP,69,3,310.04,309.1490383764581,0.620687524721214,990.55,855.4008929937067,218.7086320202786,2.36,2.1636887320745113,2.3051836415858133
2,2,Single GP,70,3,312.89,312.0709754033678,0.3153594136650799,164.97,371.8262398456761,110.14259935802704,0.86,2.3738155016573383,1.3877636324993239
2,2,Single GP,71,3,312.89,312.3359048475363,0.4934415569949902,42.42,50.684059546099775,176.82008415772287,0.86,1.808611262966183,1.8713469560307063
2,2,Single GP,72,4,311.83,312.0947010834017,0.4354827623942586,492.81,385.2805991246168,130.07119644728553,6.49,3.4888174485708072,1.4087989363544138
2,2,Single GP,73,1,307.38,307.60121000447253,0.39833628726200165,663.32,726.2576592872214,170.28547384589874,9.56,10.037950464394648,0.9835578152618344
2,2,Single GP,74,1,313.21,312.91180572485183,0.5014303159312108,15.08,29.82981583095443,146.16436961793715,0.39,0.7207405373841409,0.910413666627873
2,2,Single GP,75,4,307.86,307.71727732839133,0.4057517072075545,946.9,1205.2662521868656,112.79208367813064,8.0,7.091016079000317,0.8131353187700336
2,2,Single GP,76,0,307.58,308.0766474486932,0.2798197864455522,1109.01,1141.3176741196476,53.50676605781325,8.19,7.618538027760335,0.6441504547484037
2,2,Single GP,77,1,312.31,312.56935923338335,0.41658042341568363,65.54,72.21199727287194,110.2504480868388,2.01,2.2421718689825423,0.8269730107963607
2,2,Single GP,78,1,312.73,313.0409465702504,0.3469111457967899,68.26,31.213231646755844,115.96153093162297,1.34,2.3555699110206363,0.7147702994431812
2,2,Single GP,79,0,306.53,307.2877991560426,0.4168351393116877,466.58,481.1844311797006,106.43690931336482,7.25,6.776372025032183,1.0257510725250183
2,2,Single GP,80,3,315.92,312.8357283272083,0.4767845628588637,84.11,82.59512942459185,166.59278748999307,3.9,1.6915251703413938,1.7219577986197911
2,2,Single GP,81,3,309.26,308.33315120793833,0.9236342394706352,613.05,544.2381424821328,261.85514451615074,8.86,9.475355768340378,2.3723035361092575
2,2,Single GP,82,4,310.16,308.7360570496137,0.37384379107102134,517.94,691.906338475062,108.79463880446367,7.35,5.484858064838435,1.0773563154647339
2,2,Single GP,83,0,304.65,303.27811713342726,0.46424008325182686,2419.87,1612.1595706357189,100.55737245329286,12.79,8.782649012809223,1.1723398419017281
2,2,Single GP,84,1,315.33,313.5017342415195,0.39030566693972774,96.59,56.18861740433351,124.89240095669095,6.91,4.175215785368259,0.8628082509699507
2,2,Single GP,85,4,311.02,311.1839173443052,0.6180841041718756,146.83,109.12573461419231,175.68281586914804,5.0,5.737252082380665,1.146389600800212
2,2,Single GP,86,3,309.61,310.21053328688083,0.5817049157366213,540.43,450.01835479273484,140.61321303932678,7.42,7.485860097484306,1.9339755682004276
2,2,Single GP,87,2,311.04,312.2616542940488,0.4178472012759204,153.39,122.84492206261586,124.69345463141696,1.96,1.9091446346078227,1.3671266187612723
2,2,Single GP,88,3,312.29,313.66321068386304,0.4266716743387554,42.84,77.28738267817596,147.91932293933507,3.51,3.084205569075289,1.8516442961829918
2,2,Single GP,89,1,311.14,311.02845765981607,0.3675147645937524,504.12,445.660755699488,144.35238362531453,4.26,4.688240636776537,0.9246145980113731
2,2,Single GP,90,3,308.79,307.4887672556767,0.3121727412442943,843.81,921.3575048144659,100.77017697793649,7.69,7.893125996603691,1.1062006587768343
2,2,Single GP,91,1,302.53,303.96144591769934,0.4118232835535533,2030.6,2412.023441203864,162.5149673592602,2.36,8.888717255464051,1.0630461381938405
2,2,Single GP,92,0,312.07,311.0541416177074,0.3799615283883604,81.77,72.74486188494382,86.70132084316056,5.71,3.462842680878917,1.1197484837099403
2,2,Single GP,93,4,306.81,306.7206682830339,0.3707689030164794,673.45,1023.6894511255514,117.5411038435599,7.15,7.484593308793304,0.9973896869163621
2,2,Single GP,94,3,309.96,309.81357176539933,0.3630488660542562,659.22,496.60243556221263,121.89581984428577,4.79,4.949080975785637,1.6446550685549235
2,2,Single GP,95,2,314.36,313.3666026341806,0.3645333164735186,139.42,34.09472259047391,127.26787718359964,5.84,3.0619044926912373,1.629251728746808
2,2,Single GP,96,2,310.35,310.41294957210187,0.44047679762716274,94.55,88.47036257443983,109.48227016262497,3.98,5.526917081685686,0.9314385346419225
2,2,Single GP,97,2,313.16,313.5980067604742,0.5349069229090165,15.39,15.261878244196623,173.95124700336655,0.53,2.03491950837339,1.583959528770934
2,2,Single GP,98,3,306.83,306.98532880517575,0.2856931047922094,1407.27,1603.4325094918022,81.17236182898166,10.88,12.56580694368662,0.6337271867595287
2,2,Single GP,99,0,309.81,309.68414005132774,0.2701008403850114,533.37,606.3867754718702,74.60552922460424,7.02,4.764872409108127,1.1323300377745202
2,2,Model Selection,0,0,312.33,312.7168538940106,0.5179003919411367,84.06,78.23688004060119,107.48733538439608,0.31,2.5612985264152734,0.6488882605097869
2,2,Model Selection,1,1,311.68,309.59644358409867,0.5049063887090044,204.84,203.55186567081245,113.49772421042059,9.2,6.519527010442639,0.5914296053957087
2,2,Model Selection,2,0,301.44,304.9497008305996,0.5243423555899303,220.66,505.2144365021984,108.79670303344776,4.44,8.423512200838724,0.6571173995806536
2,2,Model Selection,3,0,314.31,315.0982178133187,0.8318964619233813,12.81,2.6031367549093147,189.60145878546592,2.87,5.371405580418788,1.1555950021937162
2,2,Model Selection,4,4,306.89,305.3568314031743,0.5678953094046022,422.12,539.6999510499684,133.15590629450108,12.1,9.530453343795804,0.81249837290973
2,2,Model Selection,5,1,307.84,307.81163292320565,0.5220333876445741,2201.12,1690.0671911433951,117.22760144042174,5.77,6.93213081630428,0.6108611327653356
2,2,Model Selection,6,1,314.22,312.87913583411427,0.6248234692173538,87.66,9.071783189977396,144.61926874945962,3.45,1.5424185571830726,0.745484268702706
2,2,Model Selection,7,4,301.14,304.69669253263834,0.7978350565605209,965.47,1494.544959791007,189.79825339813948,6.46,11.807820092479464,1.2291140820650919
2,2,Model Selection,8,2,306.32,305.2926780178906,0.563460284743325,331.97,464.864354843192,106.3441204692375,10.22,6.205149224844534,0.7274258485292128
2,2,Model Selection,9,2,304.34,306.20577352232914,1.2875767332662749,421.99,571.030409831406,226.69438859654403,3.37,8.42862428488408,1.956581933410906
2,2,Model Selection,10,1,303.31,303.98529809612376,0.5265615611833062,1035.72,377.8488779699695,116.42625903434693,5.86,7.341712570767852,0.6106713127545669
2,2,Model Selection,11,1,308.31,308.3327073582617,0.545020294250639,374.66,597.3146240622814,122.69443360868911,8.57,8.573602293828767,0.6387354130521339
2,2,Model Selection,12,2,307.47,307.1694614757514,0.4600722458437275,850.87,899.998100388761,88.87760455235032,10.63,11.280678728681387,0.5585514920029216
2,2,Model Selection,13,0,306.43,306.8028472705948,0.35694783874956004,2256.33,1216.6715332878712,74.61074410125248,4.77,6.643605746856317,0.450889644666491
2,2,Model Selection,14,0,313.31,312.4995875896873,0.8008852989097769,0.85,89.24619902632168,181.5964360123256,0.42,0.24036042985117678,1.1058716426194493
2,2,Model Selection,15,4,311.83,313.9403471575386,0.45409115693477764,194.23,107.7130502050909,101.76784483331375,3.51,4.179272962120808,0.582107379216707
2,2,Model Selection,16,0,307.32,306.29049989599457,0.38971674281967866,1604.24,1620.2347117091,78.97706975337927,11.92,10.85083303879839,0.47563409181199834
2,2,Model Selection,17,2,311.08,311.66231568791096,0.6178382715651777,560.59,453.07065509134884,116.38364815708665,3.19,3.3938127876578426,0.8051092648106297
2,2,Model Selection,18,1,311.14,309.61024691577387,0.5106648898852827,68.07,34.99934924982119,109.93718989148631,5.46,5.54739415018545,0.5821926250265955
2,2,Model Selection,19,2,312.39,312.3774379353303,0.820497876572765,59.84,55.198095024449685,148.66839663255007,5.02,4.046726755535889,1.1789373922289619
2,2,Model Selection,20,4,308.85,309.3742871662403,0.3746863830649754,484.91,449.48228137526803,86.44761077591954,7.06,8.345630439292242,0.521662773917737
2,2,Model Selection,21,0,311.28,310.28342105355796,0.3202371220258765,410.23,757.2244968863617,66.3145071603972,5.16,4.1504082604233385,0.4002059609469617
2,2,Model Selection,22,4,312.03,314.27415589917103,0.7453400858501205,122.49,94.10248542724878,175.72912490980633,3.07,5.860400824175851,1.0941290331021996
2,2,Model Selection,23,0,307.93,308.8268784034627,0.5454810410714794,117.49,-34.72518887118713,119.4623772488563,6.42,8.613335446681027,0.725450001213411
2,2,Model Selection,24,0,306.65,306.875735820495,0.4024939405308904,1388.31,1325.7755965814408,81.39571240186386,11.47,11.856841384540335,0.4903244810534205
2,2,Model Selection,25,1,308.18,308.323472585797,0.2823612152455815,1252.74,1105.28335071345,58.772314261246976,7.11,7.2453192380253615,0.31582283903935393
2,2,Model Selection,26,2,310.29,310.47830027161416,0.9272911406116928,785.56,942.279526309166,165.66921717051926,5.06,4.718120906755914,1.3713375849059506
2,2,Model Selection,27,0,303.33,303.7319247714016,0.7234969250836483,1918.36,1730.2022283678955,164.9799577255634,8.91,5.6604861295004,1.0056007054898455
2,2,Model Selection,28,0,302.73,300.43724945239734,0.9357486201573222,2026.87,1648.0883122706036,208.3536816029155,13.02,2.296466499491103,1.2672918721069109
2,2,Model Selection,29,0,310.24,310.204083680548,0.4720759437916809,305.92,357.95993210498193,95.54945851017355,5.99,5.719283133404672,0.5754262656245845
2,2,Model Selection,30,0,305.2,305.0304440935389,0.6105166402105325,2372.98,2016.75515147384,138.83435307262394,10.28,7.844190565915138,0.8456634282246108
2,2,Model Selection,31,4,307.79,307.2334067254939,0.44579607702732926,1236.45,1228.2686241860083,98.33946096278733,12.82,11.399994049050825,0.5447160895866089
2,2,Model Selection,32,2,309.58,310.2925304204021,0.5418954672010013,717.28,558.9328738740836,100.98626688399446,6.31,6.634963190949819,0.7171136337420733
2,2,Model Selection,33,3,311.54,310.884623466753,0.3383635471100258,686.14,566.8580309530472,253.4385374474635,4.98,3.495076166272991,1.5702405880053318
2,2,Model Selection,34,4,308.55,309.37484772913547,0.5200696018591596,367.47,508.5943238054117,122.60644306297483,5.43,5.069752538657737,0.7624456343436785
2,2,Model Selection,35,1,306.8,306.8920054827931,0.5593700898222789,554.95,738.8990069494106,123.65628592611007,12.78,10.678106972657295,0.6482857685125143
2,2,Model Selection,36,1,307.12,307.2909078606963,0.4452780608818944,2075.38,1767.1515134538145,97.72655419926163,5.9,7.7108967653282905,0.5138552616410015
2,2,Model Selection,37,4,309.05,308.8574941654031,0.38591556959711115,1337.07,1396.3985589323738,85.88872466058893,4.68,4.331406482968757,0.4901080440993434
2,2,Model Selection,38,3,307.56,307.38126140629146,0.4665254269426305,316.18,320.5410128292524,185.72558320737008,8.14,6.020461874063177,1.7647873655610005
2,2,Model Selection,39,4,312.34,313.76655403825737,0.8011609336537976,106.38,123.92960678426141,192.1561648591722,5.13,6.182662222560982,1.2318917585138922
2,2,Model Selection,40,4,309.58,308.7929249475859,0.3862697363514273,435.02,411.87502534604397,86.70341330708824,7.83,8.92235927328896,0.4869645259749183
2,2,Model Selection,41,2,307.48,307.5755414034776,0.415436096152653,1296.42,1038.1505950899755,79.1932582194817,8.74,9.338503313205482,0.5218779934846547
2,2,Model Selection,42,3,304.47,305.1169647725615,0.39296278672859425,451.73,527.2392111129786,248.9001157165924,7.37,7.3050483709026,1.6670142790021565
2,2,Model Selection,43,4,311.63,311.80078556381096,0.5947769038498282,91.86,121.2554628164088,141.90822959032812,2.46,2.638212822178869,0.9128268889458478
2,2,Model Selection,44,1,312.52,311.9527647654556,0.6327046460898261,220.1,265.781152324363,140.75610392181028,1.31,1.69979963924638,0.7362078761931234
2,2,Model Selection,45,2,312.59,313.026462481221,0.6086643209433225,188.63,141.5879620249964,118.6063490045064,1.23,1.4656463078245041,0.7124269465500824
2,2,Model Selection,46,3,306.36,306.985373942596,0.38277240032252025,947.21,825.7235374636207,244.37198236818998,7.22,7.641495439260108,1.4829536309139029
2,2,Model Selection,47,4,302.67,305.7590559337234,0.5138695194231095,1366.98,1420.7312304393663,120.38609688348049,10.28,12.996258671031006,0.736122429562691
2,2,Model Selection,48,1,312.73,312.19943256147087,0.5728120439943433,46.91,3.873973778254708,123.76117056894762,1.25,1.2252562141140526,0.6547029658080582
2,2,Model Selection,49,4,310.89,310.3744887530091,0.7266124891401657,93.48,175.09203673785748,178.59303157426402,4.63,4.608068936211366,1.2045710002079788
2,2,Model Selection,50,3,307.08,305.67990310890565,0.577194253744003,130.32,468.000537026242,339.2576524164282,7.26,9.956153917725613,1.7139264269537977
2,2,Model Selection,51,3,306.76,306.9274213847726,0.29614571286973124,1543.82,1696.022726453233,199.23601165817328,10.96,10.619898984218267,1.286279717240963
2,2,Model Selection,52,3,310.33,310.3953574638515,0.3688896032089132,570.52,671.0164040849049,267.52901697050544,5.7,6.160054076616094,1.717058156524139
2,2,Model Selection,53,2,312.69,312.9857086837903,0.6613064081928546,95.36,45.425116408170425,126.19409114462977,1.39,1.73092304015384,0.8247442100494177
2,2,Model Selection,54,2,311.54,312.2670494834684,0.5304335973893781,223.41,137.96656019724003,98.66703031463562,4.71,4.18591485998674,0.7052598787647764
2,2,Model Selection,55,2,308.42,304.29077885804395,0.5763908789464415,709.64,774.0659997964905,107.4415091574105,12.53,8.219609345821018,0.7617309078718
2,2,Model Selection,56,0,308.18,307.7883537020396,0.31746651878056553,1523.36,1554.266145275315,64.01135383319053,7.59,6.757276107583011,0.3854753652969203
2,2,Model Selection,57,2,308.44,309.1556584864279,0.6512214164300427,1059.82,1300.343858530951,119.32949859720598,5.32,6.205701595984969,0.913601986262343
2,2,Model Selection,58,3,309.87,310.86259542190606,0.2918381909751807,261.82,277.64327660021,212.0848776787182,2.03,2.733989340752518,1.185875424178246
2,2,Model Selection,59,2,308.33,308.5574519082325,0.5971770793397714,1098.75,1314.9422934657769,111.6148166249056,2.44,2.260742225185883,0.8006836501572994
2,2,Model Selection,60,2,306.45,308.15218865990107,1.2968522869199353,268.91,350.6570045645896,227.92107550828746,8.27,8.866961425863387,1.975021602363208
2,2,Model Selection,61,0,303.98,302.7229292429157,0.48550934776083515,704.72,968.2981779411089,100.87952084918516,7.93,5.627149879479174,0.6095881500759351
2,2,Model Selection,62,1,308.91,308.65266058014134,0.32625491170759935,671.26,785.4686538458222,68.24678062659737,8.35,8.724699271785186,0.36605259569580123
2,2,Model Selection,63,4,309.65,311.00419950390506,0.5510373377203276,616.92,614.8658611353826,127.02145796982637,2.11,2.7211777115693225,0.7700965997433223
2,2,Model Selection,64,2,311.97,312.55482526084387,0.594882247667052,177.02,105.18695386279683,112.67930760525684,2.3,2.124166913205742,0.767631472416602
2,2,Model Selection,65,1,306.98,307.69705774482554,0.4195756456525856,2215.59,1573.3211257805588,92.16560659684328,6.68,8.358686409291316,0.48431389996570107
2,2,Model Selection,66,3,306.01,306.8290125121048,0.3885915038796631,1493.56,1539.5132424544927,230.09242159201034,12.0,12.324322257776107,1.1432413734407887
2,2,Model Selection,67,4,311.22,312.92814712090086,0.5047248625044353,462.07,440.80071563911747,118.29284000152904,3.64,4.941713869913115,0.7406183949773534
2,2,Model Selection,68,3,304.88,308.9282105930048,0.43042814700948695,395.97,459.34277313252556,233.76866976027708,8.3,10.470085054212593,1.6292534600997304
2,2,Model Selection,69,3,310.04,309.1490383764581,0.620687524721214,990.55,1018.5804689300812,271.35022487178026,2.36,2.1491821277353464,1.7099381167480636
2,2,Model Selection,70,3,312.89,312.0709754033678,0.3153594136650799,164.97,317.0959708368454,245.90722993730307,0.86,4.094824605700831,1.4617806724583644
2,2,Model Selection,71,3,312.89,312.3359048475363,0.4934415569949902,42.42,93.06868903888346,251.002149902582,0.86,0.888384767918323,1.5545374537387946
2,2,Model Selection,72,4,311.83,312.55013936738254,0.47011440319939934,492.81,441.2171308637387,107.6620668265512,6.49,4.525441618542731,0.6436991403316276
2,2,Model Selection,73,1,307.38,307.83099775037283,0.640935244251064,663.32,875.2690482702533,146.81358105854497,9.56,9.888532722766797,0.7593190253091067
2,2,Model Selection,74,1,313.21,312.90621313721016,0.6116979468272885,15.08,0.25786138963576377,136.93311612903366,0.39,1.0440264082700494,0.7148020556797606
2,2,Model Selection,75,4,307.86,307.8612423118879,0.4411684216705396,946.9,1315.802967455555,101.57850769542203,8.0,7.082055460460956,0.6043851288497043
2,2,Model Selection,76,0,307.58,307.94446289355704,0.3086766093016944,1109.01,1160.1905657964685,61.19387788743105,8.19,8.240215616567426,0.3680444223668464
2,2,Model Selection,77,1,312.31,312.443898724052,0.5330287486572522,65.54,2.4346532128818126,114.76811397410886,2.01,3.3006083125030696,0.608027282137155
2,2,Model Selection,78,1,312.73,313.2727492362159,0.41925904725188484,68.26,51.441977869366724,88.94373321356724,1.34,2.3253234614387046,0.47444675538786846
2,2,Model Selection,79,0,306.53,307.6192172871879,0.525550329296089,466.58,534.4414551397313,111.87814732839341,7.25,8.278568714104694,0.6768412708524363
2,2,Model Selection,80,3,315.92,312.8357283272083,0.4767845628588637,84.11,102.86347837310393,184.04553599303586,3.9,1.7536963170669955,1.4754308478341815
2,2,Model Selection,81,3,309.26,308.33315120793833,0.9236342394706352,613.05,774.5630762737577,243.77527125701747,8.86,10.93473720648775,2.1885614073394244
2,2,Model Selection,82,4,310.16,308.48472576791625,0.3793718691978042,517.94,726.5504097368425,86.71611285804033,7.35,7.730440804227979,0.5092719363320332
2,2,Model Selection,83,0,304.65,303.05750322542406,0.5738251886748817,2419.87,1732.8094992676695,125.38836100021618,12.79,9.29192212930478,0.7612184598109095
2,2,Model Selection,84,1,315.33,313.7514132211613,0.4897311055407711,96.59,89.41291602679803,105.77666336309657,6.91,3.65880097082186,0.5600196245788703
2,2,Model Selection,85,4,311.02,310.6829705678058,0.7390735699332694,146.83,75.68144846318921,175.85763056292953,5.0,5.670755053174745,1.0920565893395224
2,2,Model Selection,86,3,309.61,310.21053328688083,0.5817049157366213,540.43,620.7446707749307,212.57034801200362,7.42,8.247710416863907,2.0518182501735005
2,2,Model Selection,87,2,311.04,312.6691069317225,0.6744843794422329,153.39,70.13363743660591,125.5376370499115,1.96,1.3511813876677303,0.914690436393654
2,2,Model Selection,88,3,312.29,313.66321068386304,0.4266716743387554,42.84,26.022325289717628,246.40597725379348,3.51,3.9629296334990864,1.6263806514259407
2,2,Model Selection,89,1,311.14,311.13035376828714,0.5770795696965109,504.12,473.834650121791,126.77776657267623,4.26,4.484314148764843,0.6661513773370368
2,2,Model Selection,90,3,308.79,307.4887672556767,0.3121727412442943,843.81,899.4526068813292,186.20730674113892,7.69,7.07090588897824,1.457706620958754
2,2,Model Selection,91,1,302.53,303.33118089473726,0.6206173369345921,2030.6,2178.669022983867,138.65671661972135,2.36,9.58600238099097,0.7241987592856047
2,2,Model Selection,92,0,312.07,311.2072878620239,0.4506897169061988,81.77,85.20275371197988,91.1779688155572,5.71,3.922445795596479,0.5493314541086488
2,2,Model Selection,93,4,306.81,306.4390844985026,0.3959942665944327,673.45,933.0117406520669,90.64939002430302,7.15,7.3329343864204315,0.5425789308634765
2,2,Model Selection,94,3,309.96,309.81357176539933,0.3630488660542562,659.22,491.4956470223427,270.34489965919846,4.79,4.646209978870559,1.6742455979476272
2,2,Model Selection,95,2,314.36,313.2302271026845,0.7075667472196283,139.42,41.184239955251996,129.4617919528307,5.84,3.216207595301782,0.9968820585007873
2,2,Model Selection,96,2,310.35,311.1796524269284,0.5562506963418691,94.55,96.4754836685064,107.62623441756303,3.98,4.855550995526429,0.6707549459934345
2,2,Model Selection,97,2,313.16,313.97398050075293,0.9754576818962521,15.39,37.41125088314345,177.07814958737703,0.53,2.954145964494501,1.4031480364847486
2,2,Model Selection,98,3,306.83,306.98532880517575,0.2856931047922094,1407.27,1414.5580469323827,169.8505286736338,10.88,12.004299897114677,0.9678533007297869
2,2,Model Selection,99,0,309.81,309.6587498086417,0.33560301575976886,533.37,652.7797760214195,71.04759677432767,7.02,4.868530090272421,0.4295685315524631
2,2,Model Selection + Bagging,0,0,312.33,311.55993061824836,1.7213237503703926,84.06,156.64779448629247,222.85181663918914,0.31,2.3959524849087557,1.722080056996744
2,2,Model Selection + Bagging,1,1,311.68,308.8950256661645,2.359087298977382,204.84,284.50400327034384,350.3023917102256,9.2,6.348641509705794,2.2162913367794137
2,2,Model Selection + Bagging,2,0,301.44,306.33238955071556,1.8488335646969192,220.66,496.2377816671307,279.07959968919846,4.44,9.085210492444308,1.9243955224687057
2,2,Model Selection + Bagging,3,0,314.31,313.11510100279094,2.522170167617682,12.81,192.70400168970758,338.73391767811626,2.87,4.452670242056123,2.6820435615685674
2,2,Model Selection + Bagging,4,4,306.89,305.0347660718549,1.7376011393015929,422.12,405.51143095980774,344.51470775109277,12.1,9.687287378281553,2.3085571265633154
2,2,Model Selection + Bagging,5,1,307.84,307.7876176802832,1.6615685252013026,2201.12,1504.825753509967,338.4433398433959,5.77,6.200266189737774,2.2450513423566956
2,2,Model Selection + Bagging,6,1,314.22,312.4257565263678,2.176638605554569,87.66,103.40594996141056,384.6947658821375,3.45,2.100412718219438,2.618414967141107
2,2,Model Selection + Bagging,7,4,301.14,305.14159063185866,2.150794860476102,965.47,1477.2263361270323,591.6697419877814,6.46,10.398368521833593,3.296201505119831
2,2,Model Selection + Bagging,8,2,306.32,305.69668474091236,1.8019377231176676,331.97,351.0660863200307,398.7021507395379,10.22,7.102907288909145,2.1411097731825333
2,2,Model Selection + Bagging,9,2,304.34,306.73335295538874,2.407640807338287,421.99,479.4710216709964,521.678835975345,3.37,8.831039595305274,3.042899987598935
2,2,Model Selection + Bagging,10,1,303.31,303.9962212833831,2.738459543424709,1035.72,318.8149972042201,276.8668396817325,5.86,6.650179160948748,2.808238152761275
2,2,Model Selection + Bagging,11,1,308.31,308.4920713044569,1.6441826406334172,374.66,660.768244811837,328.21242938330755,8.57,8.599539231992043,2.0764093835431208
2,2,Model Selection + Bagging,12,2,307.47,307.0601850821322,1.3844173789650036,850.87,740.8885500369599,308.8721740828275,10.63,10.912894843611106,1.9321331864417972
2,2,Model Selection + Bagging,13,0,306.43,307.4809540438965,1.5234234721366324,2256.33,1115.122982002742,259.54186234268127,4.77,6.686660143934147,1.5465177339938905
2,2,Model Selection + Bagging,14,0,313.31,312.16647251878953,2.2599554846437697,0.85,146.57564057128894,325.5846711374168,0.42,1.8756108140198426,2.7425744090595585
2,2,Model Selection + Bagging,15,4,311.83,314.28052193399975,1.5061675741818719,194.23,72.47753267131793,266.59313668871073,3.51,3.9622997826469555,2.360775760769178
2,2,Model Selection + Bagging,16,0,307.32,306.8681901670909,0.776179020601266,1604.24,1501.1661905215392,121.04305341231543,11.92,11.12439055134511,0.7680522133300337
2,2,Model Selection + Bagging,17,2,311.08,311.5311959506977,1.646531482532467,560.59,449.7168411342272,401.6031679726477,3.19,2.9188426975287616,2.3015208266773013
2,2,Model Selection + Bagging,18,1,311.14,309.68450527964944,1.6900795002679931,68.07,109.02032615334451,275.6815756108965,5.46,5.153034613278253,2.171214284234333
2,2,Model Selection + Bagging,19,2,312.39,311.8021569618179,1.9275159353316758,59.84,115.19396003810277,410.45820079371197,5.02,4.353923420945673,2.3004699297193363
2,2,Model Selection + Bagging,20,4,308.85,309.7543463900105,1.325839704082305,484.91,617.2708974313377,383.35010670338244,7.06,7.718373156325657,2.0635509137265986
2,2,Model Selection + Bagging,21,0,311.28,310.37534193079944,1.3109160048936959,410.23,662.1760673158263,167.21769217939706,5.16,4.113076612104848,1.7921598700386447
2,2,Model Selection + Bagging,22,4,312.03,313.66265302710775,2.221894047626164,122.49,175.30232622229278,401.751287032031,3.07,5.538085682258496,3.028368053648458
2,2,Model Selection + Bagging,23,0,307.93,308.1774829343773,1.7205499939771787,117.49,136.71278961910923,255.59675506328458,6.42,8.048140966719199,1.733957733465232
2,2,Model Selection + Bagging,24,0,306.65,306.8322959546656,1.328137760619205,1388.31,1310.7378844041282,200.29915674451684,11.47,11.73098752056273,1.0895173419195483
2,2,Model Selection + Bagging,25,1,308.18,308.0376939645074,0.8782466473664682,1252.74,1234.4867382140264,227.6064551564949,7.11,7.074287499847585,1.1736545638167384
2,2,Model Selection + Bagging,26,2,310.29,310.1689795302535,1.877134200548078,785.56,825.7731419351882,506.68757988938836,5.06,6.639375606816828,2.502474303527033
2,2,Model Selection + Bagging,27,0,303.33,305.3327987414118,2.345424082525738,1918.36,1320.6977873997307,407.28863940350357,8.91,6.384396191065982,3.0070773955851804
2,2,Model Selection + Bagging,28,0,302.73,303.182787453806,3.3296560324199445,2026.87,1332.3592228663213,466.13895412337223,13.02,4.226268729604836,2.811005051956811
2,2,Model Selection + Bagging,29,0,310.24,309.8022913320327,1.6290184117336934,305.92,389.74402317027835,290.94887779617403,5.99,5.838025619526267,1.6641241598012166
2,2,Model Selection + Bagging,30,0,305.2,306.01448208271734,1.808651388768012,2372.98,1605.59691297153,409.4523980236459,10.28,8.18163841599657,2.2822772617787694
2,2,Model Selection + Bagging,31,4,307.79,307.53711093764935,1.0232521611921186,1236.45,1296.5267013543323,280.43214499383794,12.82,10.776966390569738,1.3964931208874025
2,2,Model Selection + Bagging,32,2,309.58,309.6342047748569,1.2171697867592504,717.28,500.75832007019534,337.4612257909566,6.31,6.599119524093167,1.8101978672357222
2,2,Model Selection + Bagging,33,3,311.54,311.2989817017941,0.980106236962215,686.14,637.2320751614598,289.1864383909644,4.98,3.5837208318442855,1.6858878657942316
2,2,Model Selection + Bagging,34,4,308.55,309.03964413897177,1.3467038036365602,367.47,518.1606283899378,330.600023650188,5.43,4.80402227010545,1.821013011879949
2,2,Model Selection + Bagging,35,1,306.8,307.3014138287435,1.6052622283057802,554.95,598.0603986347991,284.7681267273371,12.78,11.635456175302739,2.231917768779382
2,2,Model Selection + Bagging,36,1,307.12,307.29301814499127,1.6570348519787113,2075.38,1751.1194246759492,341.5823330434507,5.9,7.030041253416792,2.105335854201641
2,2,Model Selection + Bagging,37,4,309.05,308.8256076020667,0.9529341245350433,1337.07,1300.0326663320202,248.54058549172012,4.68,4.2774965827017954,1.245500649994118
2,2,Model Selection + Bagging,38,3,307.56,308.3723201816617,1.550377382269451,316.18,414.23635549675254,288.42656803706114,8.14,6.1691786496814975,1.7483522367481028
2,2,Model Selection + Bagging,39,4,312.34,312.58230284021084,2.0103016210500453,106.38,253.85174548475305,437.4082466195486,5.13,5.508614505042542,2.656922784212292
2,2,Model Selection + Bagging,40,4,309.58,308.4678042250232,1.0098604243775724,435.02,405.7812802643586,195.83708304370973,7.83,8.403303493243286,0.9395577858633294
2,2,Model Selection + Bagging,41,2,307.48,307.380369576304,0.8119371648534435,1296.42,930.2465007947775,226.1137705899901,8.74,8.631032726566835,1.070889659635579
2,2,Model Selection + Bagging,42,3,304.47,305.0732508244173,1.5100091478630386,451.73,663.4294227160093,316.646875696609,7.37,8.21050123432022,2.0158147913465685
2,2,Model Selection + Bagging,43,4,311.63,311.4751163847811,1.428227583572506,91.86,180.3169622467433,322.50806631242307,2.46,1.906998286817144,1.8821260459806564
2,2,Model Selection + Bagging,44,1,312.52,311.8115852829452,1.6305834124760095,220.1,353.33484936428414,307.11665069429137,1.31,2.8467940349933913,2.0377596012301584
2,2,Model Selection + Bagging,45,2,312.59,312.76493361667224,1.6004446413688678,188.63,214.47733188819092,375.6829186023739,1.23,1.5618785182066999,2.1762984820067506
2,2,Model Selection + Bagging,46,3,306.36,306.43586043618717,1.5423421493554188,947.21,965.1020503249467,335.2393543121773,7.22,7.974153686313957,1.7323330730890136
2,2,Model Selection + Bagging,47,4,302.67,306.33699380935786,1.8505291840433065,1366.98,1566.967380182031,376.6291036685399,10.28,11.900813922890288,1.8824015676519772
2,2,Model Selection + Bagging,48,1,312.73,311.56959317248027,1.7709055439059294,46.91,104.67436396178607,301.41041571492633,1.25,2.0062431616406036,2.0439977286624127
2,2,Model Selection + Bagging,49,4,310.89,310.06847004072347,1.9381939081814914,93.48,271.76371233428955,416.40244218634115,4.63,4.048447536322815,2.4960810797895667
2,2,Model Selection + Bagging,50,3,307.08,306.0630475197076,1.9975008027922028,130.32,402.14089154794215,392.39350822449364,7.26,9.458081268091533,2.425911968269332
2,2,Model Selection + Bagging,51,3,306.76,306.7888801180135,0.919769112073457,1543.82,1745.946764059227,231.86777682433416,10.96,10.559691811752101,1.4736835391149237
2,2,Model Selection + Bagging,52,3,310.33,310.68270723748077,1.0518461907308292,570.52,688.751696805677,315.57755554525494,5.7,5.997312552058658,1.7475136809143212
2,2,Model Selection + Bagging,53,2,312.69,312.67786069334085,1.603377365164668,95.36,108.95883924468069,314.15885656966265,1.39,2.4162799459805897,2.0323727899409363
2,2,Model Selection + Bagging,54,2,311.54,311.6543814311796,1.6371182874455896,223.41,127.78866279657552,308.5029117605676,4.71,3.0465998232612725,2.1250043286613054
2,2,Model Selection + Bagging,55,2,308.42,303.8536882737853,1.6201736308924364,709.64,750.1972836166096,303.2872485884714,12.53,8.607121589961668,1.539270625994712
2,2,Model Selection + Bagging,56,0,308.18,307.75902802502515,0.9126096644880897,1523.36,1717.4251182158355,304.6984132665846,7.59,6.450255241533545,0.9620843035162484
2,2,Model Selection + Bagging,57,2,308.44,308.9947135309722,1.505910562860304,1059.82,1289.3472306546046,464.1275196252675,5.32,6.602814847931245,1.772446364243351
2,2,Model Selection + Bagging,58,3,309.87,310.695880728407,0.8103764772859001,261.82,288.60403582561963,264.947498578563,2.03,3.212950457196289,1.5115706359844843
2,2,Model Selection + Bagging,59,2,308.33,308.841431164076,1.3574343595523346,1098.75,1252.3444685220857,369.96613118658894,2.44,3.6507936818597573,1.9297096960592381
2,2,Model Selection + Bagging,60,2,306.45,308.23343378101424,2.1721619373669308,268.91,403.30996521860175,540.4055209014601,8.27,7.8041624690655995,2.598542705097726
2,2,Model Selection + Bagging,61,0,303.98,303.238408558375,2.108542004253698,704.72,1018.3789773468943,321.5048463107691,7.93,6.6180580251217815,2.247542274369628
2,2,Model Selection + Bagging,62,1,308.91,308.7794940973296,1.8052400655856362,671.26,725.6557313260288,279.3685616400962,8.35,8.018417586051934,1.6897627786740665
2,2,Model Selection + Bagging,63,4,309.65,310.6303532901284,1.347992858045886,616.92,529.7363905765836,342.0559521081725,2.11,3.1845386393566084,1.9488082234339408
2,2,Model Selection + Bagging,64,2,311.97,312.28908438184425,1.7546352601295625,177.02,200.46950533202858,382.1012477011671,2.3,1.8766618646831823,2.3534005742301862
2,2,Model Selection + Bagging,65,1,306.98,307.7161001141548,1.478719162488012,2215.59,1593.6240323177992,350.3105410633303,6.68,7.735912894953785,2.132393884125631
2,2,Model Selection + Bagging,66,3,306.01,306.0675568624687,1.0844375147522474,1493.56,1497.6954147513743,269.800580828517,12.0,12.238586899027219,1.2865651300779366
2,2,Model Selection + Bagging,67,4,311.22,313.02638786001796,1.4141899701500382,462.07,383.08311627599767,310.6442976454681,3.64,4.283337469756571,1.9693321419847114
2,2,Model Selection + Bagging,68,3,304.88,309.2160144137921,1.2123691806105847,395.97,474.41234566798073,274.9579284838059,8.3,10.384001530780647,1.9209843315442798
2,2,Model Selection + Bagging,69,3,310.04,308.6258614611948,1.5971278358049363,990.55,1055.3207319051335,340.1522407347317,2.36,2.7903570537087123,1.926660049773673
2,2,Model Selection + Bagging,70,3,312.89,312.1942614258588,1.0386019304085026,164.97,370.3974287432975,284.3205181012817,0.86,4.173629289946572,1.7668116329387746
2,2,Model Selection + Bagging,71,3,312.89,312.24739222481844,1.139847001823924,42.42,108.22295987226835,312.1924848088967,0.86,1.1069295310011977,1.5874794718096767
2,2,Model Selection + Bagging,72,4,311.83,312.62250589205763,1.3663419137067583,492.81,317.024297479392,294.4042571537,6.49,4.264684469549483,1.8372738565134727
2,2,Model Selection + Bagging,73,1,307.38,307.8776836450465,1.6039505411310446,663.32,831.5912430419957,384.8041069123473,9.56,9.265575720801031,2.013447653416842
2,2,Model Selection + Bagging,74,1,313.21,312.16659937884384,2.0837669662877762,15.08,156.97915818536836,370.72184502286694,0.39,2.204483753104702,2.714620663788532
2,2,Model Selection + Bagging,75,4,307.86,308.08958441732534,1.0781368347913587,946.9,1082.9455173842432,292.03711557367126,8.0,7.103849087360714,1.28682077248129
2,2,Model Selection + Bagging,76,0,307.58,307.68974810088923,0.6661403721143477,1109.01,1311.4782319978863,173.15718230813903,8.19,8.238125448480757,0.7149202897465002
2,2,Model Selection + Bagging,77,1,312.31,312.1254011411211,1.387780635132767,65.54,119.55690065590011,247.06709873731137,2.01,2.2621951459207565,1.9286989127902858
2,2,Model Selection + Bagging,78,1,312.73,312.92676341624656,1.6112125180499186,68.26,8.54874768595505,288.6653489682303,1.34,1.732860259951936,2.284882368586274
2,2,Model Selection + Bagging,79,0,306.53,307.5862430958838,2.0317572511522637,466.58,616.7845205231202,263.4571152594166,7.25,7.845964502780234,1.842195708254882
2,2,Model Selection + Bagging,80,3,315.92,312.2589724763398,1.31080862435682,84.11,111.4985858124171,267.4035041855379,3.9,2.387456622144596,1.9756486908227375
2,2,Model Selection + Bagging,81,3,309.26,308.43632511496986,2.258519876480543,613.05,890.6826044489048,392.2818841691266,8.86,10.726930781872236,2.4649523387867043
2,2,Model Selection + Bagging,82,4,310.16,308.9606776061255,1.2885566773808226,517.94,936.6848381796735,507.4204140688122,7.35,7.580897861482115,2.0996432617614285
2,2,Model Selection + Bagging,83,0,304.65,302.76815105763154,3.160055165138007,2419.87,1504.2109880889475,323.48206846427746,12.79,8.755129223009543,2.363623726679782
2,2,Model Selection + Bagging,84,1,315.33,313.8012989181342,2.279468241956114,96.59,148.54833960492812,334.4634578935586,6.91,4.643837175898215,2.7869602098604647
2,2,Model Selection + Bagging,85,4,311.02,310.62596261467905,1.459636841833158,146.83,300.2395877600041,360.9329499883887,5.0,5.760371957564192,2.026019093298269
2,2,Model Selection + Bagging,86,3,309.61,310.0388187937165,1.2758774532681545,540.43,622.5876594534147,282.9779483533867,7.42,8.217414339764945,1.9644061927500818
2,2,Model Selection + Bagging,87,2,311.04,312.42047818836244,1.62023518794461,153.39,106.31176443589845,351.86866584240016,1.96,1.255643071707036,2.608850338088636
2,2,Model Selection + Bagging,88,3,312.29,312.99733531332976,1.211549723042821,42.84,21.623955814735268,289.48452950532425,3.51,3.0495835728880873,1.8938606676568877
2,2,Model Selection + Bagging,89,1,311.14,310.8533054700375,1.9082931212715246,504.12,506.5777867253907,364.22132370955944,4.26,6.018486711351219,2.580781185552806
2,2,Model Selection + Bagging,90,3,308.79,307.5259000633639,0.5956934294815652,843.81,925.6922400965857,234.26632719064338,7.69,7.014002041951379,1.4996903657077025
2,2,Model Selection + Bagging,91,1,302.53,305.04795731816904,2.4835958984803,2030.6,1972.6821271357458,521.5748600204765,2.36,8.73365055281154,3.290813879258149
2,2,Model Selection + Bagging,92,0,312.07,310.83236479296016,1.2602192747114807,81.77,90.71357511863647,175.84885849068246,5.71,3.492374579309382,1.2227330154863487
2,2,Model Selection + Bagging,93,4,306.81,306.6183488401727,1.2028296635566313,673.45,1346.9276930404862,499.27588718259415,7.15,7.106951029986859,2.2681831967369694
2,2,Model Selection + Bagging,94,3,309.96,309.8504066345686,0.8075099408402847,659.22,509.36260420930887,300.03477942888554,4.79,5.045977112971201,1.6276213379260132
2,2,Model Selection + Bagging,95,2,314.36,312.9392259718212,2.1109821546676755,139.42,147.87898144219173,373.2742594059731,5.84,2.5045705514065695,1.9887394075066902
2,2,Model Selection + Bagging,96,2,310.35,311.3684070253797,1.292765182299204,94.55,125.7200682476074,305.25138946458645,3.98,5.7843451448479355,1.4657099456864708
2,2,Model Selection + Bagging,97,2,313.16,312.85464051546126,1.9576950282254943,15.39,204.95826223826145,398.6540567711023,0.53,3.6292121273963827,2.6368113482505717
2,2,Model Selection + Bagging,98,3,306.83,306.9508717073396,0.8387274079318325,1407.27,1493.1605054640108,207.36051701209254,10.88,11.708920136977696,1.184777620537201
2,2,Model Selection + Bagging,99,0,309.81,309.90850803854767,1.4476020831652796,533.37,553.6641985961547,200.16263764795164,7.02,4.313064074705429,1.4715251548096457
3,3,Single GP,0,4,312.33,313.27216187079716,0.49299402660453384,84.06,82.32986070106006,125.84155199597124,0.31,2.7948073566640317,1.193121252975434
3,3,Single GP,1,3,311.68,309.44699567206163,0.40074907524915665,204.84,137.69792110540118,215.32743276209155,9.2,6.068287981339452,0.899853045693683
3,3,Single GP,2,3,301.44,305.13561281530144,0.4105923271579054,220.66,267.6862606508058,239.05451891754637,4.44,9.581152496973393,0.7456094890503694
3,3,Single GP,3,4,314.31,315.3272423758234,0.8220123092050762,12.81,62.52219028362015,205.380147684077,2.87,6.115974093137915,2.2711350027504467
3,3,Single GP,4,1,306.89,304.9308278539882,0.39510317088686203,422.12,535.0301200682303,118.38981170401267,12.1,12.020970991403352,1.6496234901300384
3,3,Single GP,5,1,307.84,308.24814476800276,0.326742125530193,2201.12,1841.4988259746174,91.66342567418732,5.77,5.7428540855428265,0.7853144733582587
3,3,Single GP,6,0,314.22,313.3424391053381,0.570061539719217,87.66,69.11125413749983,164.35239643996468,3.45,4.53173971213061,1.9644174739630609
3,3,Single GP,7,3,301.14,302.8033226660799,0.7052071916301789,965.47,1194.640917171038,380.9569206904224,6.46,7.126966239657272,1.0477292882462417
3,3,Single GP,8,1,306.32,305.632100718677,0.3597433516990499,331.97,475.6989433830385,72.69772478937146,10.22,5.549617781676811,1.4910898261538932
3,3,Single GP,9,0,304.34,304.20149823060717,0.5885545315929238,421.99,523.0500984005052,107.38438128591093,3.37,3.5180720785891357,1.6531602661136726
3,3,Single GP,10,4,303.31,303.51252351824604,0.4516118246072602,1035.72,339.16169007330586,141.36247625993224,5.86,5.580025043501027,1.0607572899850233
3,3,Single GP,11,1,308.31,307.8057338321764,0.4023372478869921,374.66,551.8525505064603,124.50622195849438,8.57,9.110575653486464,0.8965970749087276
3,3,Single GP,12,1,307.47,306.6468575325646,0.427617399313946,850.87,991.0361647040588,79.70539571295488,10.63,11.360957785306473,1.2421621841701855
3,3,Single GP,13,1,306.43,307.71059938635545,0.31648435722288776,2256.33,1151.216615739073,71.63432229395735,4.77,7.323719488208177,1.1671810954285733
3,3,Single GP,14,4,313.31,313.5386806583382,0.7900918739414288,0.85,59.3550339996242,246.6175538939352,0.42,1.3530030015457326,1.67728656989269
3,3,Single GP,15,0,311.83,313.02192798109627,0.3150755903970701,194.23,147.3831905390448,85.42699117710333,3.51,3.076465887831886,1.0025040692494045
3,3,Single GP,16,2,307.32,306.7373485585805,0.2620174795784653,1604.24,1767.5670371170352,83.09377586407894,11.92,11.151820230614842,0.49742920854612044
3,3,Single GP,17,1,311.08,311.1104317318746,0.4070277168387067,560.59,463.52351472412386,73.53321274842473,3.19,3.2385320640813196,1.2961965299065243
3,3,Single GP,18,2,311.14,309.6400666061441,0.36112852076774726,68.07,45.39115048417068,128.44307854870348,5.46,5.493247339115344,1.376309930056644
3,3,Single GP,19,4,312.39,312.08901530594693,0.5304248211029089,59.84,90.07452230204251,174.86552824108028,5.02,5.335809788054434,1.3931926674118513
3,3,Single GP,20,4,308.85,309.3131835128863,0.34676877072856466,484.91,365.1645062528782,109.03798309578781,7.06,8.109232745873772,1.116672945267262
3,3,Single GP,21,4,311.28,310.3381545902019,0.3285835884688642,410.23,808.7167127658588,100.34759625167845,5.16,4.30910939460266,1.2792431275060245
3,3,Single GP,22,4,312.03,312.94890316655017,0.5234084259796399,122.49,126.88818388781363,173.719963010212,3.07,4.487697134714614,1.6676887239594202
3,3,Single GP,23,0,307.93,307.5403549648395,0.3995628258903944,117.49,-61.62606522145268,151.37411103780448,6.42,8.088271020749636,1.4243930070981239
3,3,Single GP,24,4,306.65,306.92209351714683,0.442304983004371,1388.31,1235.3615070183116,113.79708431247515,11.47,12.505708624910014,1.0122689672050655
3,3,Single GP,25,0,308.18,308.2804519999665,0.25231292454361154,1252.74,1222.7882669627159,73.38485565850651,7.11,7.151389507219202,0.8028886747511456
3,3,Single GP,26,4,310.29,309.9206481172769,0.5445276331082641,785.56,775.282520101148,179.7856166253006,5.06,4.607519437043269,1.752300894505363
3,3,Single GP,27,2,303.33,303.99470871184445,0.4677175966204506,1918.36,2136.4632222185255,176.92534205856884,8.91,8.278047840113745,1.736295978803511
3,3,Single GP,28,3,302.73,301.3346587815603,0.8816125489297111,2026.87,1470.6774872464593,375.74486284669945,13.02,3.717115721219543,1.3287805318144508
3,3,Single GP,29,3,310.24,310.2375435240293,0.4108543793846985,305.92,383.5964880575606,202.20584905398604,5.99,6.125818738725576,0.7517634092258674
3,3,Single GP,30,1,305.2,305.2501923831618,0.48160704691824835,2372.98,2147.0852923002367,96.42521219985431,10.28,8.871053779462342,1.9242877342767826
3,3,Single GP,31,1,307.79,307.1668026336866,0.40790878064607483,1236.45,1208.894019772403,84.22249591588725,12.82,10.777567722765804,1.2745661941833
3,3,Single GP,32,1,309.58,309.5651185281711,0.33040220800477327,717.28,657.1701176800749,73.26764532740577,6.31,6.651867660476594,1.6099996359119286
3,3,Single GP,33,3,311.54,311.09574465528,0.32785581053818613,686.14,577.2678054401474,189.64040637749508,4.98,2.4509477646075473,0.6050986221926662
3,3,Single GP,34,0,308.55,309.32504016043157,0.35427876817251275,367.47,510.6080836068573,86.84213660195947,5.43,6.377738668504254,1.6015559844292766
3,3,Single GP,35,2,306.8,306.83985493493486,0.31638876094214596,554.95,532.5921698458584,126.20285580346916,12.78,11.555561713214443,1.0941764762540422
3,3,Single GP,36,2,307.12,307.53574259432196,0.2666815992029045,2075.38,2127.087518470431,92.92810957118398,5.9,6.40381238369512,0.7810284030300162
3,3,Single GP,37,3,309.05,308.95870451586137,0.3093217069344037,1337.07,1291.4201561405102,168.66087065513355,4.68,4.514813752157007,0.5616873101932587
3,3,Single GP,38,4,307.56,307.23904942573853,0.518245659678502,316.18,248.42158394373484,157.09566630901477,8.14,5.440913193726331,1.9807783009221465
3,3,Single GP,39,4,312.34,312.6408535979428,0.6088725899101131,106.38,140.12917412677564,226.7206019096979,5.13,5.454273910146734,2.1818443893494033
3,3,Single GP,40,1,309.58,308.70320091127337,0.42897619495263617,435.02,415.9474079874931,65.1603752743118,7.83,8.267978273648122,1.022316824910301
3,3,Single GP,41,4,307.48,307.63326302465464,0.31414664076080073,1296.42,1022.5127512270906,81.63436706619727,8.74,8.415375555595647,0.9771996193764755
3,3,Single GP,42,0,304.47,305.1963804634048,0.3732294143755218,451.73,489.4801823196168,96.01551644134958,7.37,6.435509892705807,1.7501282023153264
3,3,Single GP,43,3,311.63,312.3232270058504,0.38590652417969545,91.86,107.42122215408665,252.25348299058396,2.46,4.193910878988129,0.7697872478609031
3,3,Single GP,44,4,312.52,312.4962273409761,0.538401682601623,220.1,313.81822584519614,144.8529636661689,1.31,1.3995363298572014,0.7594290261805077
3,3,Single GP,45,0,312.59,312.30744580295783,0.4892497050337854,188.63,187.14757512017604,121.0033607647815,1.23,1.478890705917932,0.7722728244059391
3,3,Single GP,46,2,306.36,306.92860508552025,0.3160138075837842,947.21,902.4572486438585,121.53622156280043,7.22,8.015355266615396,1.3621355713417627
3,3,Single GP,47,1,302.67,305.42190860938973,0.5178029544077243,1366.98,1440.2349059463136,81.68607877384883,10.28,13.836897649251721,1.2498244181658782
3,3,Single GP,48,3,312.73,312.5028269954338,0.43822068032394945,46.91,5.359440835012833,220.38973455726833,1.25,1.1821718319115355,0.8715650405691544
3,3,Single GP,49,3,310.89,310.55419390835374,0.3994882289070402,93.48,144.33315762315385,332.65211938457173,4.63,4.49997626258725,0.7229081913443212
3,3,Single GP,50,1,307.08,305.2975375439609,0.5500723771732564,130.32,121.32772314531377,183.6356608008739,7.26,8.94392062893097,2.2323132971543203
3,3,Single GP,51,3,306.76,306.4752454447674,0.2668255917420666,1543.82,1722.4378279514938,90.85658051417613,10.96,10.77471834868815,0.4775935110815959
3,3,Single GP,52,3,310.33,309.8932882386443,0.4036561818292967,570.52,655.8264748482546,246.89015719673614,5.7,5.606925913124091,0.8507358820908493
3,3,Single GP,53,2,312.69,312.7269183043585,0.3196750702444121,95.36,44.601201491015445,124.15386645876436,1.39,1.1678523073966405,1.440403655711842
3,3,Single GP,54,2,311.54,311.90717617875833,0.2864802394938844,223.41,161.82123886634207,114.76862870764623,4.71,5.610287655170595,1.2853096445336096
3,3,Single GP,55,2,308.42,306.17387122431586,0.29101664231503815,709.64,757.480833842547,123.44515432824676,12.53,9.605233601684583,1.202214602163455
3,3,Single GP,56,4,308.18,308.23632549050893,0.30579655149064694,1523.36,1814.338561754738,95.29125149583874,7.59,6.49011250203284,0.7377088135881569
3,3,Single GP,57,2,308.44,309.2106568225628,0.32104781544215144,1059.82,1271.1835834463106,114.95393499114903,5.32,5.677946515520135,1.4234350653518157
3,3,Single GP,58,1,309.87,310.91649626336095,0.3175351578550051,261.82,201.82767915998852,79.78803274639704,2.03,2.3912134400588743,0.7887575336979321
3,3,Single GP,59,0,308.33,309.43009319831236,0.3540628563046234,1098.75,1282.4895733254548,96.42483500173921,2.44,4.996699478859636,1.1814411984585382
3,3,Single GP,60,3,306.45,306.22074858764984,0.5086890302899938,268.91,324.65680897530166,252.44740758226195,8.27,4.838558652066552,0.9430074308046842
3,3,Single GP,61,2,303.98,303.4786671127559,0.33650769649247414,704.72,1133.9994995619381,134.86772128553486,7.93,8.14841594336808,1.183053259310789
3,3,Single GP,62,3,308.91,308.54824561976926,0.29059733187566933,671.26,801.564549271612,148.94257687139404,8.35,8.866868131040881,0.6219664286625862
3,3,Single GP,63,3,309.65,310.5869988659444,0.3910260422571061,616.92,574.2166027481355,164.6031384580979,2.11,2.7349874596194796,0.771859604124529
3,3,Single GP,64,0,311.97,311.77902550027426,0.37792906371118345,177.02,201.2073804376442,107.17403519662886,2.3,2.147696409831756,1.415186146912342
3,3,Single GP,65,1,306.98,308.3416687668596,0.3217130078834382,2215.59,1681.2864360373055,73.03240964365934,6.68,7.916731710611595,0.9849052581608223
3,3,Single GP,66,4,306.01,306.56105176083526,0.4608202264758181,1493.56,1313.6942955659645,143.89844027938528,12.0,13.259662511590488,1.1336673275206353
3,3,Single GP,67,0,311.22,312.00863200777894,0.3185016649785969,462.07,420.8192413068622,107.54387190443975,3.64,4.143874151445811,1.1239394973553964
3,3,Single GP,68,2,304.88,308.8083726414854,0.326905566940715,395.97,357.9662326824472,120.22858202748728,8.3,8.591285433210448,1.4474465888978034
3,3,Single GP,69,3,310.04,309.99262435292593,0.5782266173884261,990.55,794.4582761079921,261.0289560988593,2.36,2.4941286776962874,1.5065385733311882
3,3,Single GP,70,2,312.89,311.97938415319044,0.28277822080588255,164.97,333.653138850823,110.73404775109843,0.86,2.7051130622192425,1.2748583311603459
3,3,Single GP,71,0,312.89,312.12045703547585,0.5535880494745473,42.42,87.4604739720595,196.0570398311529,0.86,1.0818767225453234,1.3977210223871441
3,3,Single GP,72,4,311.83,311.44519363357836,0.3560090831198261,492.81,486.785544296343,98.24871112279325,6.49,3.351848976020072,1.148969862886617
3,3,Single GP,73,1,307.38,307.1882462797088,0.5688327608426244,663.32,780.3621601782172,152.55881223956598,9.56,9.747956133980344,2.2142933502994815
3,3,Single GP,74,4,313.21,313.19136577869074,0.6316646498617549,15.08,47.07119827964095,154.42810309392542,0.39,1.1526062292083212,1.62434839888365
3,3,Single GP,75,0,307.86,307.75272607726805,0.3265908326315791,946.9,1209.901979688051,106.51114027187887,8.0,7.075300120082522,0.9969756660540888
3,3,Single GP,76,2,307.58,307.9131208418856,0.2549115121905216,1109.01,1174.5345690109998,84.62914246598054,8.19,7.856951807917483,0.7674007792437101
3,3,Single GP,77,0,312.31,312.80086472388155,0.4815596756230154,65.54,85.2876760802958,102.70852154954373,2.01,0.05134281591981704,1.3828402114665808
3,3,Single GP,78,2,312.73,313.25164342094564,0.33921490301763507,68.26,25.67632836245957,124.94499238138461,1.34,2.624667367211866,1.445387860283494
3,3,Single GP,79,1,306.53,307.26809085150717,0.43863404290492075,466.58,475.809926167187,97.08321003913474,7.25,8.458820307169086,1.7177223626366975
3,3,Single GP,80,2,315.92,312.8373445449474,0.4423963313621465,84.11,98.01997314304776,155.33444732047894,3.9,2.499609041355824,1.5548387276931042
3,3,Single GP,81,4,309.26,307.2839458457468,0.8687211824465467,613.05,683.7567262266305,253.92366787108259,8.86,9.83951544929197,2.002222747582145
3,3,Single GP,82,0,310.16,308.16846331127624,0.30267463908311665,517.94,717.4646504821504,79.37366128301842,7.35,5.063218712770888,0.9075130966289067
3,3,Single GP,83,0,304.65,303.42749161657594,0.43470723057901944,2419.87,1694.9281451864563,91.21917576050046,12.79,7.0934538608655995,1.5946594499361506
3,3,Single GP,84,3,315.33,313.6118892523811,0.3794255418680594,96.59,24.171357632748027,246.44169708218314,6.91,4.310700041226233,0.9165624928940872
3,3,Single GP,85,1,311.02,310.7562004211379,0.5546923822017711,146.83,77.75575060976053,132.48574548200935,5.0,5.7632796896399645,1.5946541014600022
3,3,Single GP,86,1,309.61,309.48683592278866,0.6436224846424969,540.43,442.3508797931551,104.50363100902192,7.42,7.619025380241103,2.1294785996563323
3,3,Single GP,87,3,311.04,312.0761186041095,0.36793025126139084,153.39,162.70098692447255,218.11995664371995,1.96,1.8025701370938974,0.722470462105892
3,3,Single GP,88,1,312.29,313.4029283135728,0.3588527952458574,42.84,78.61561072326231,112.87750367192102,3.51,3.612493994978069,1.7296782838972913
3,3,Single GP,89,3,311.14,310.79720775014664,0.4736075397181374,504.12,742.5144688740141,287.23812660920487,4.26,3.9775668835564466,0.8964506734959041
3,3,Single GP,90,2,308.79,307.5738657752277,0.2895573643341343,843.81,957.8580568649706,97.16688689245487,7.69,8.27324410388818,0.9632576210513405
3,3,Single GP,91,2,302.53,303.90582063426086,0.4441212703895408,2030.6,2549.419365285581,182.21007158904945,2.36,7.572602714334654,2.0206778781104404
3,3,Single GP,92,2,312.07,310.8293227207458,0.35452058079551857,81.77,56.46454108162777,111.79226718020702,5.71,3.9104870711513353,1.1049551684542378
3,3,Single GP,93,0,306.81,306.42056587175733,0.3224070812647685,673.45,1033.5964293944521,84.56778273574729,7.15,7.024464472425021,1.070667265164442
3,3,Single GP,94,4,309.96,309.6519912639483,0.43823437240731056,659.22,474.32746215274506,121.5310582331213,4.79,5.446465380010448,1.7181841051703803
3,3,Single GP,95,2,314.36,313.2674216615518,0.3295903695064419,139.42,74.46017431346104,137.0716457218915,5.84,3.3571026649494518,1.5597585266148117
3,3,Single GP,96,0,310.35,310.4632966598114,0.4725516140495126,94.55,114.65840451086774,92.56680068857841,3.98,5.8208575999482335,1.6039276911791314
3,3,Single GP,97,0,313.16,313.56298660311245,0.4871443334459166,15.39,31.119404737622176,128.47443924294188,0.53,0.8192772384074205,1.1475244752327176
3,3,Single GP,98,0,306.83,306.59559162182404,0.27481420376043186,1407.27,1406.249136785997,68.38937171533631,10.88,12.217386311398311,0.4841176549179286
3,3,Single GP,99,3,309.81,309.8034753999505,0.24375259116494485,533.37,1002.6476755893771,164.08241533493944,7.02,5.653751077696232,0.49600556524923706
3,3,Model Selection,0,4,312.33,313.2359521211586,0.989941162482635,84.06,95.1652470770531,187.6649330032817,0.31,2.935475770726051,1.4009395203827597
3,3,Model Selection,1,3,311.68,309.37090824086425,0.49979843901894916,204.84,198.38354106656504,128.58018007811023,9.2,6.34954962044437,0.6446224947252431
3,3,Model Selection,2,3,301.44,305.4653697979523,0.5203896833404223,220.66,423.20507138785763,130.60716770184092,4.44,9.070592507384424,0.6590688760189414
3,3,Model Selection,3,4,314.31,315.11701025302585,1.5081226434369568,12.81,16.503637756441435,220.28440022731684,2.87,4.991500774346173,2.1117820406910024
3,3,Model Selection,4,1,306.89,305.29356209526173,1.0352802049375518,422.12,409.79033115169284,161.9039859705043,12.1,11.68459244517203,1.6256381532873503
3,3,Model Selection,5,1,307.84,307.7981952266001,0.8485558532279966,2201.12,1791.8002758531402,159.02938956041606,5.77,6.566192721172901,1.2539260209091199
3,3,Model Selection,6,0,314.22,313.3152585172869,0.5190337650338759,87.66,89.76897141355926,258.94290895739186,3.45,3.65282568688409,1.866443024830762
3,3,Model Selection,7,3,301.14,303.3632768302028,0.8396707631315888,965.47,1274.6931020259062,228.79870610682275,6.46,6.3863959413286695,1.1363235409442538
3,3,Model Selection,8,1,306.32,305.536168968172,0.9954858938332756,331.97,369.56110064763845,193.56157830724436,10.22,6.632649855004713,1.592511231747697
3,3,Model Selection,9,0,304.34,304.1069694613457,0.5408365953433799,421.99,466.66148890121383,190.9191059711436,3.37,4.158063638189024,1.3916546404364047
3,3,Model Selection,10,4,303.31,302.82178711360535,0.9470121978657713,1035.72,449.33336229728906,209.36489453787402,5.86,6.679166847414278,1.3312691238602918
3,3,Model Selection,11,1,308.31,307.85154956795157,0.8161712220663906,374.66,356.73106000765654,155.53745081574152,8.57,8.584759670871918,1.2509357569742112
3,3,Model Selection,12,1,307.47,306.85026903210354,0.954939117567081,850.87,913.7217205975747,170.3557339943355,10.63,10.756780842644481,1.4412781888294344
3,3,Model Selection,13,1,306.43,308.1414724652655,0.841283171472983,2256.33,1175.412935303401,168.70730242711332,4.77,7.382824763884865,1.3832856680865109
3,3,Model Selection,14,4,313.31,313.4951358440038,1.3414184623818441,0.85,-46.41033625826958,302.2914469471493,0.42,1.084459471576265,1.7665357047202508
3,3,Model Selection,15,0,311.83,313.02022914292047,0.29632225284326885,194.23,160.31824954147066,211.51347371079473,3.51,3.0068400310489523,1.3210433486839646
3,3,Model Selection,16,2,307.32,306.44259305144004,0.36969159083055425,1604.24,1744.0260189641174,81.17329369139341,11.92,11.234228812488492,0.45529720648730976
3,3,Model Selection,17,1,311.08,311.57034345576113,0.9327559057791965,560.59,454.19025871560297,192.95368482277206,3.19,3.0494939741678766,1.5172064292466765
3,3,Model Selection,18,2,311.14,309.9393863816518,0.5520397407243802,68.07,16.031990908108924,123.95331783086922,5.46,5.76157144082738,0.7030729082613439
3,3,Model Selection,19,4,312.39,311.99421869593255,1.1081583533328339,59.84,28.79927572317422,231.29561603971752,5.02,5.1097076119030564,1.5743077361305826
3,3,Model Selection,20,4,308.85,310.0905360044212,0.9591707980054808,484.91,293.2202828140666,201.78859987111926,7.06,7.1085738550640984,1.442332227061894
3,3,Model Selection,21,4,311.28,310.08051422495737,0.9954543013149726,410.23,635.1713695526145,196.78935268121532,5.16,4.344265961193716,1.5017486542596283
3,3,Model Selection,22,4,312.03,312.5102798613737,1.2060093923380395,122.49,177.69263523251345,253.53131125875672,3.07,4.228628926554637,1.6969697569634956
3,3,Model Selection,23,0,307.93,307.47462094602264,0.3532640731819185,117.49,87.24491043502746,260.4049813945046,6.42,7.7284349541870565,1.5095003066255237
3,3,Model Selection,24,4,306.65,307.3543024967763,0.97225730198051,1388.31,1558.2561011631883,175.41960623946807,11.47,12.295382304977734,1.4170777811607007
3,3,Model Selection,25,0,308.18,308.247937649708,0.2180032138793158,1252.74,1221.5554708254176,199.47602501392993,7.11,6.13427792458193,1.1020066081706967
3,3,Model Selection,26,4,310.29,309.93426674073646,1.208953185798032,785.56,957.2139950792299,209.49536257183985,5.06,4.680859871638727,1.8061894584870137
3,3,Model Selection,27,2,303.33,304.46364242238235,0.7088239754482146,1918.36,2149.759497920351,164.83893874599963,8.91,10.27909032661336,0.9639171276162646
3,3,Model Selection,28,3,302.73,301.98858917862117,0.9687036645201268,2026.87,1857.4792025188594,261.9846613273341,13.02,3.8484518739901445,1.3055485598906447
3,3,Model Selection,29,3,310.24,310.2418040018433,0.46410035955374945,305.92,295.68840388059033,113.1552178841018,5.99,5.685539497006298,0.5747775945993291
3,3,Model Selection,30,1,305.2,305.3002324741885,1.1444209121280722,2372.98,1944.5276648415174,171.51723009258964,10.28,9.229103489988269,1.8472554726177919
3,3,Model Selection,31,1,307.79,307.6813391451314,0.8912226081815605,1236.45,1457.1899845709518,176.16574398629444,12.82,10.984510010767243,1.4380913524601386
3,3,Model Selection,32,1,309.58,309.27829639340956,0.9567192684730929,717.28,518.3992846211704,144.2906192452537,6.31,6.034377705793982,1.5409510438789342
3,3,Model Selection,33,3,311.54,311.23355323687065,0.3782302307880944,686.14,738.0815244410975,91.2848285312302,4.98,3.082783180127321,0.4631133689768081
3,3,Model Selection,34,0,308.55,309.28270784866913,0.32256362725148147,367.47,532.1110902002677,171.24634470076774,5.43,5.6351286771621885,1.626510605861432
3,3,Model Selection,35,2,306.8,306.9946831902683,0.5299132206644726,554.95,569.7528945492292,120.35196303030065,12.78,10.81695637949802,0.6939916106336578
3,3,Model Selection,36,2,307.12,307.0794727853394,0.40521596339183563,2075.38,2061.5104221711235,88.46428206837085,5.9,6.902090232976843,0.4908019607394191
3,3,Model Selection,37,3,309.05,308.76638040790624,0.37783544239576894,1337.07,1385.454867673226,91.30556024987366,4.68,4.4147189107683555,0.4633225075616077
3,3,Model Selection,38,4,307.56,307.77757353427404,1.2364136455329082,316.18,301.65535288385024,168.53152894020363,8.14,5.860772958199831,1.8744837392715423
3,3,Model Selection,39,4,312.34,312.4935251754099,1.3706300900181159,106.38,196.8680193210646,271.02778681487814,5.13,4.69417394648536,1.9350950243092027
3,3,Model Selection,40,1,309.58,308.5476802647348,0.9165372699740477,435.02,436.4512952889156,145.44219081061084,7.83,8.753423092145196,1.3550415471955435
3,3,Model Selection,41,4,307.48,307.42978471496815,0.8787660110208211,1296.42,955.9865035497809,168.60044554875188,8.74,8.39053718707657,1.2994923731429189
3,3,Model Selection,42,0,304.47,305.3092953595337,0.3381795023352044,451.73,469.75838960438637,210.8021838924888,7.37,6.636545633178216,1.618019717193204
3,3,Model Selection,43,3,311.63,312.1421052969249,0.5056516519303559,91.86,77.57330413356101,130.77832450714698,2.46,3.434575591062954,0.6554520037303657
3,3,Model Selection,44,4,312.52,312.44823541488466,0.8145671940671031,220.1,336.85993104953957,206.9376942531681,1.31,1.3277825558047294,1.1610842563223276
3,3,Model Selection,45,0,312.59,312.2359025340257,0.45617180069948676,188.63,172.69813744834858,195.56751341598525,1.23,1.4930830758581397,1.2093527219242697
3,3,Model Selection,46,2,306.36,306.5493243253358,0.4669310446290611,947.21,1001.1149850031456,105.43594858879179,7.22,7.72867946415193,0.6035039771413211
3,3,Model Selection,47,1,302.67,306.484199076188,1.0047050650089673,1366.98,1325.980278411175,183.71328788935253,10.28,12.710598136113003,1.5431227923662814
3,3,Model Selection,48,3,312.73,312.4307024466059,0.5711797477782752,46.91,42.15578139338618,143.22169384443245,1.25,0.8510920866307039,0.7239247898299239
3,3,Model Selection,49,3,310.89,310.3447618576203,0.5759182427852165,93.48,74.2503127692828,154.60515564392728,4.63,4.296925484931228,0.7699043084745001
3,3,Model Selection,50,1,307.08,305.9244548174762,1.141192568068067,130.32,385.858364750929,261.65419916561365,7.26,9.569615144058474,1.8848302444324796
3,3,Model Selection,51,3,306.76,306.313586941471,0.29705093341992483,1543.82,1747.279015522104,70.42556162482404,10.96,10.867670245814764,0.35849983889658593
3,3,Model Selection,52,3,310.33,310.03923999670565,0.4701618704033269,570.52,723.252861066197,119.31245447240128,5.7,5.665885992636191,0.5997892355977298
3,3,Model Selection,53,2,312.69,313.2116848561775,0.4943960515130184,95.36,40.604539305532626,110.0397392140717,1.39,2.1505304124912534,0.6213029892533912
3,3,Model Selection,54,2,311.54,312.40450396021635,0.39545509494131953,223.41,201.65004819597084,90.4312485603978,4.71,4.80886648915689,0.5227185773414389
3,3,Model Selection,55,2,308.42,306.04360685425684,0.43119374876693956,709.64,769.5195888314497,98.99991819487725,12.53,9.967335649374014,0.5784928660219565
3,3,Model Selection,56,4,308.18,307.931627747866,0.8615978363149897,1523.36,1953.9770425396616,184.8537995197854,7.59,6.570956985261633,1.2696147056205542
3,3,Model Selection,57,2,308.44,309.075327979307,0.43665795904306476,1059.82,1277.253893234514,98.18911529820201,5.32,5.395657152788436,0.5608750861496153
3,3,Model Selection,58,1,309.87,310.64548388124916,0.7727262074787425,261.82,279.3305143856663,163.7282782904949,2.03,2.238072710148104,0.9223238404220107
3,3,Model Selection,59,0,308.33,309.4237016977167,0.3146064158372362,1098.75,1306.5107629946099,214.83046901775228,2.44,5.363064811769021,1.341800411987831
3,3,Model Selection,60,3,306.45,306.5034221126002,0.6821748739505687,268.91,267.28948260477983,173.26297284123254,8.27,5.021959835056192,0.8734099552882146
3,3,Model Selection,61,2,303.98,302.9142122725815,0.5054132722123006,704.72,1065.2526474214196,115.15782643822047,7.93,7.239709787217379,0.6653199485726505
3,3,Model Selection,62,3,308.91,308.5110918913794,0.3225834769710799,671.26,779.3522616558193,78.31166628119843,8.35,8.645139436427316,0.3972195736726728
3,3,Model Selection,63,3,309.65,310.5400119529432,0.505805301882512,616.92,618.0184597346694,128.68944693229568,2.11,2.965854057486182,0.6475454529379612
3,3,Model Selection,64,0,311.97,311.8520746245887,0.3434647869279049,177.02,220.67582239203307,225.5306741358278,2.3,2.4785761729634035,1.5270046108536985
3,3,Model Selection,65,1,306.98,308.0903235082272,0.8078452181646018,2215.59,1699.366224190192,166.61298605808128,6.68,8.033870722601652,1.2599461529647282
3,3,Model Selection,66,4,306.01,307.06346629712584,1.0369663924837873,1493.56,1603.6636833478601,227.28959512244242,12.0,12.8735010226473,1.4429815299271123
3,3,Model Selection,67,0,311.22,311.94862375603395,0.2808101310250038,462.07,512.4523715020192,215.49184844130042,3.64,3.7987895288054685,1.3825916792692068
3,3,Model Selection,68,2,304.88,308.8538914020581,0.463055737946495,395.97,343.2567625684332,105.12356377648003,8.3,9.207921835820366,0.6077663603692006
3,3,Model Selection,69,3,310.04,309.5051232922542,0.8475221602576773,990.55,795.0337419513288,235.30296596406458,2.36,1.8090599696326244,1.1644222708397483
3,3,Model Selection,70,2,312.89,312.38353901159775,0.3815515503389124,164.97,383.6708330682902,85.90396690808434,0.86,3.547715756433809,0.49226071841435304
3,3,Model Selection,71,0,312.89,312.05817063042775,0.5232388089117626,42.42,117.34898165874449,289.811998626442,0.86,1.0840205230848108,1.6109227782503486
3,3,Model Selection,72,4,311.83,310.74104455253814,0.9731068095320632,492.81,428.7694474506492,173.43287347673632,6.49,3.3482513478267633,1.474628168411619
3,3,Model Selection,73,1,307.38,307.349770320833,1.172471404322923,663.32,753.1908106902729,185.73088416876814,9.56,9.815280334700478,1.89348280811004
3,3,Model Selection,74,4,313.21,313.2913797844403,1.2587725732975623,15.08,47.51719321958058,233.14450427334742,0.39,0.9574206867938448,1.7032236482850902
3,3,Model Selection,75,0,307.86,307.6990252228589,0.2898563708290723,946.9,1094.0642619951202,211.20725542350726,8.0,6.504103487026758,1.3657448185165875
3,3,Model Selection,76,2,307.58,307.8793701457976,0.3309979146390082,1109.01,1179.48167575555,72.4465157709158,8.19,8.364774629080866,0.4061607028982616
3,3,Model Selection,77,0,312.31,312.9120512261251,0.4523352538816059,65.54,74.45207626097715,203.24712795619885,2.01,1.5678980250369428,1.5576522882268546
3,3,Model Selection,78,2,312.73,313.76607924524484,0.4406423768642682,68.26,39.842392340762444,100.26159469636096,1.34,2.8837509956982763,0.5834665614357457
3,3,Model Selection,79,1,306.53,306.7872197714539,0.9877445661042915,466.58,555.8614509827612,188.69993889056576,7.25,8.345478358858282,1.6502700142000357
3,3,Model Selection,80,2,315.92,312.54909527102143,0.6785986696054913,84.11,44.53517610085305,156.23736291034513,3.9,3.4176646075248813,0.9121505620305288
3,3,Model Selection,81,4,309.26,306.6902891873505,1.4056718907698018,613.05,728.7126150497503,214.76003992985687,8.86,10.331870509830999,2.1069110496525116
3,3,Model Selection,82,0,310.16,308.1029012984552,0.2560345396976963,517.94,575.406838765265,197.47691081536854,7.35,6.153304460032847,1.3521970102444916
3,3,Model Selection,83,0,304.65,303.5360705534221,0.3837052433565089,2419.87,1690.5563312438564,204.09993922779978,12.79,8.283326356074905,1.5991499998850192
3,3,Model Selection,84,3,315.33,313.7888054403623,0.48718613632441937,96.59,13.029698288804752,123.36589877305671,6.91,4.048445431415198,0.6195116918587522
3,3,Model Selection,85,1,311.02,310.7634841034007,0.942548759106472,146.83,191.89571953969886,171.62664530225456,5.0,5.658823800437894,1.5450319557380632
3,3,Model Selection,86,1,309.61,309.1504522542976,1.1999801385991993,540.43,582.4671707922049,165.99232684693288,7.42,7.9970000949206925,1.9306119067842855
3,3,Model Selection,87,3,311.04,312.265884760271,0.434139020809619,153.39,144.2147471249749,105.82947216598289,1.96,1.359477762143639,0.5364903468489828
3,3,Model Selection,88,1,312.29,313.6876259698753,0.9862939750310142,42.84,22.733175690098278,195.20006740558776,3.51,3.6667540685889093,1.5957261397310765
3,3,Model Selection,89,3,311.14,310.9716020761488,0.5886881787296857,504.12,611.7998313847193,152.89045075835728,4.26,4.163242976402205,0.7662631358712005
3,3,Model Selection,90,2,308.79,307.7433665797539,0.389176459734322,843.81,1008.6942548567347,85.9171482819719,7.69,7.2884793203420415,0.48378288387291085
3,3,Model Selection,91,2,302.53,303.6853540388688,0.7385418090466384,2030.6,2368.7866554262514,171.99207630559633,2.36,10.000562415999152,1.0127032320422957
3,3,Model Selection,92,2,312.07,311.19196556618306,0.49636078782434595,81.77,43.39790868767841,109.87571036637227,5.71,4.404803591377157,0.61780854752213
3,3,Model Selection,93,0,306.81,306.3416538875605,0.28222794767155684,673.45,1026.3424207556516,197.89478777513995,7.15,6.947318561961449,1.4255720646125862
3,3,Model Selection,94,4,309.96,309.83529477364726,1.207058333699854,659.22,488.6282289467972,245.9657441639082,4.79,4.670151981327842,1.6863521961497259
3,3,Model Selection,95,2,314.36,313.6940949091501,0.4973726221944989,139.42,108.65349573454318,113.71510453038037,5.84,3.856700206673171,0.6583741569376095
3,3,Model Selection,96,0,310.35,310.39640261163504,0.4416681569678299,94.55,98.70502844798239,169.38777327579552,3.98,5.477474007778742,1.678248924350489
3,3,Model Selection,97,0,313.16,313.5351135021464,0.4698244636714217,15.39,3.5916198687016276,243.56272863761356,0.53,0.9993946146001056,1.430850302747057
3,3,Model Selection,98,0,306.83,306.58419504656666,0.24886898608050134,1407.27,1393.6342483365515,154.91547248524063,10.88,11.919628543428974,0.9673749431794451
3,3,Model Selection,99,3,309.81,309.8545690624754,0.29099834599949137,533.37,671.0503658841494,72.11057828101559,7.02,5.307621855475286,0.3652968490011274
3,3,Model Selection + Bagging,0,4,312.33,313.0699050755857,1.2571623226303157,84.06,82.01743439036477,236.74204194700746,0.31,2.943207893014241,1.6602712109167788
3,3,Model Selection + Bagging,1,3,311.68,309.35586608946346,2.107316545069333,204.84,259.3241959827287,371.5654212018627,9.2,6.292820432485452,1.8430023730900822
3,3,Model Selection + Bagging,2,3,301.44,306.07832748504813,2.0462232020836724,220.66,565.1138161546301,438.22173460429104,4.44,8.603319774366167,2.4056061841236835
3,3,Model Selection + Bagging,3,4,314.31,314.610629807215,1.6863815982926718,12.81,7.46630898845001,277.5621141920568,2.87,4.021249410435637,2.323509026186194
3,3,Model Selection + Bagging,4,1,306.89,305.2052238714858,1.122975508154737,422.12,511.70694707939316,256.2565073371417,12.1,9.43073533537103,2.4802941672608094
3,3,Model Selection + Bagging,5,1,307.84,307.9318064723167,0.8881332870921946,2201.12,1685.4845325992223,246.44312329341045,5.77,5.963330455679564,1.5574844001999233
3,3,Model Selection + Bagging,6,0,314.22,312.4157903801695,2.0825347543220225,87.66,107.87207961335264,286.39018301751656,3.45,3.246502276185743,2.3403978909148333
3,3,Model Selection + Bagging,7,3,301.14,306.2182833329313,2.7096008987892124,965.47,879.6731877627583,538.8432264995403,6.46,6.625250264282772,2.7014493845556995
3,3,Model Selection + Bagging,8,1,306.32,305.50144332403727,1.0950753786245633,331.97,431.13186366789455,233.24703929868645,10.22,6.642531899430736,1.6731497986203745
3,3,Model Selection + Bagging,9,0,304.34,305.66982128866874,2.5630543562227674,421.99,517.0887358223534,226.19799995747078,3.37,5.604860898217666,2.863477733079134
3,3,Model Selection + Bagging,10,4,303.31,303.40582113711,1.7625477911414655,1035.72,457.84629623076535,264.82717004284024,5.86,7.521574942569837,2.1823207464574934
3,3,Model Selection + Bagging,11,1,308.31,307.75194332961394,0.8791316664631893,374.66,488.7929409841017,256.0637251163944,8.57,8.051373994916025,1.71108659042889
3,3,Model Selection + Bagging,12,1,307.47,306.7734585762832,1.091921724608083,850.87,974.4551000988041,219.59867283188865,10.63,9.985633095584895,1.7916678003377886
3,3,Model Selection + Bagging,13,1,306.43,308.05098589039426,1.01810463979058,2256.33,1145.0033324595854,205.1634673234427,4.77,7.263863425338498,1.460770486679041
3,3,Model Selection + Bagging,14,4,313.31,313.50915115970383,1.5034140765613146,0.85,-48.50495995491576,347.9763086520252,0.42,1.4642094350114938,2.131611368890977
3,3,Model Selection + Bagging,15,0,311.83,313.69954906788,1.1807509105632652,194.23,161.6470021476107,226.03014501148664,3.51,3.4248670983020237,1.6967836803230711
3,3,Model Selection + Bagging,16,2,307.32,306.89716843015134,0.5669262787619208,1604.24,1591.3591652129571,219.13711202235174,11.92,11.46228410826831,0.7192139432575365
3,3,Model Selection + Bagging,17,1,311.08,311.39271389597866,1.0646071620892334,560.59,472.3614752933968,216.04469265164866,3.19,3.391281169503141,1.7976817438220098
3,3,Model Selection + Bagging,18,2,311.14,309.90755602720924,1.4503213883569142,68.07,103.05967441148812,375.4094495909436,5.46,5.970663649002461,2.146726929233228
3,3,Model Selection + Bagging,19,4,312.39,311.83900964794486,1.2419894097113886,59.84,18.938820421803143,276.7714408676567,5.02,4.801416497832627,1.8074381542645546
3,3,Model Selection + Bagging,20,4,308.85,309.625176792624,1.2095012598042785,484.91,313.46286178810544,240.83175301658287,7.06,6.980890393248494,1.5989370275133465
3,3,Model Selection + Bagging,21,4,311.28,310.12440428805763,1.052263958708335,410.23,679.327032827199,241.1981827677996,5.16,4.278996253605953,1.562826403236684
3,3,Model Selection + Bagging,22,4,312.03,312.6123730938105,1.4138211422075577,122.49,205.17610952571016,290.1004011104758,3.07,4.144310650870011,1.8696794444350582
3,3,Model Selection + Bagging,23,0,307.93,308.12120787821317,1.6374706410518978,117.49,125.78145201377902,283.6878470582451,6.42,8.26224805722818,1.9140476868512486
3,3,Model Selection + Bagging,24,4,306.65,307.1615375438504,1.1062067911699751,1388.31,1520.4104955225498,230.49426517347618,11.47,11.955453710057162,1.5602879380853265
3,3,Model Selection + Bagging,25,0,308.18,308.4128723002213,0.856803180900051,1252.74,1178.1303437811277,240.11283530042675,7.11,6.494587305715847,1.365395036212346
3,3,Model Selection + Bagging,26,4,310.29,310.0146422272095,1.336712677993298,785.56,963.3708528944132,256.7395289657008,5.06,4.858021316619913,1.9032001772858331
3,3,Model Selection + Bagging,27,2,303.33,305.36396311498646,1.7616015965912684,1918.36,1956.9864865265001,436.5478149766019,8.91,8.566968980553956,2.370513423586793
3,3,Model Selection + Bagging,28,3,302.73,305.81065076627607,2.9598264152173765,2026.87,1116.7041886438392,622.2276625082786,13.02,5.44781948195885,3.2430143450549935
3,3,Model Selection + Bagging,29,3,310.24,309.95176166923727,1.6619492731514232,305.92,456.5001536494425,384.5031336374336,5.99,6.32281213340788,1.778253392980811
3,3,Model Selection + Bagging,30,1,305.2,305.40079784981145,1.232731203646197,2372.98,1884.0275247257835,222.73593587328185,10.28,8.334505826326787,1.760505070877549
3,3,Model Selection + Bagging,31,1,307.79,307.3251324647579,1.2933994288722503,1236.45,1396.8797621536469,224.59866545221922,12.82,10.969087183929869,1.4895569078166238
3,3,Model Selection + Bagging,32,1,309.58,309.3141464932051,1.0102506325436418,717.28,539.2832792690656,180.0517423339009,6.31,6.26275817272153,1.5773874229833882
3,3,Model Selection + Bagging,33,3,311.54,311.1074068385406,1.4850566179022748,686.14,562.0466258158798,305.06823819511845,4.98,2.8323105305700804,1.9647733812662833
3,3,Model Selection + Bagging,34,0,308.55,310.0156138215873,1.609774802285116,367.47,512.2981366149127,213.430216061358,5.43,5.318744707029525,1.6719377219730673
3,3,Model Selection + Bagging,35,2,306.8,307.19829129525516,1.2057053714700159,554.95,550.312727333559,317.6560265956925,12.78,11.134088094456855,1.8846398709661114
3,3,Model Selection + Bagging,36,2,307.12,307.11196982851914,0.6401444465158489,2075.38,2236.7580641777395,252.14313404977227,5.9,6.6991797592914235,1.0159295973314557
3,3,Model Selection + Bagging,37,3,309.05,308.7069635155988,1.2480955054051777,1337.07,1290.5341499387614,324.7545280084421,4.68,4.449735026281656,1.7512909698089207
3,3,Model Selection + Bagging,38,4,307.56,307.6269077687348,1.3529647551815223,316.18,329.3256807657037,228.859207865413,8.14,5.965025713532656,1.9145793525900416
3,3,Model Selection + Bagging,39,4,312.34,312.4791583928581,1.4976320740518265,106.38,224.62159586000382,312.32757219020266,5.13,4.408742388876162,2.1409437098237625
3,3,Model Selection + Bagging,40,1,309.58,308.7078219631239,1.1656499594172962,435.02,446.9553885074978,170.89105696983336,7.83,9.007807977692515,1.432236532931233
3,3,Model Selection + Bagging,41,4,307.48,307.42256260611526,1.0141413905059558,1296.42,963.9849655041942,200.24072919760778,8.74,8.457827586927031,1.401703461391711
3,3,Model Selection + Bagging,42,0,304.47,304.90938661781604,2.152915240861125,451.73,509.43403763488993,230.98096469742705,7.37,7.793883970978932,1.9883446810796324
3,3,Model Selection + Bagging,43,3,311.63,311.5791418490104,1.8718238122775335,91.86,136.16993063054497,375.56467923873953,2.46,3.129784418234385,2.1606383552535924
3,3,Model Selection + Bagging,44,4,312.52,312.49043433996025,1.13137457739424,220.1,381.25041256753315,291.4471283489738,1.31,1.8162209039694615,1.677664620236434
3,3,Model Selection + Bagging,45,0,312.59,312.47983170499697,1.3647890740209232,188.63,229.26975996973255,256.00288990043543,1.23,1.8409862379987638,1.7460580246616864
3,3,Model Selection + Bagging,46,2,306.36,306.4808773051264,1.3708198473595363,947.21,875.6491580933454,308.65297761726737,7.22,7.440318272227531,1.9662386512777092
3,3,Model Selection + Bagging,47,1,302.67,305.8669110657486,1.3408391005815679,1366.98,1339.8523760197063,223.8349832217126,10.28,11.678509699478068,1.9475467744669348
3,3,Model Selection + Bagging,48,3,312.73,312.3623726338414,1.7912248220274574,46.91,76.16379555930996,351.86170769511097,1.25,1.940630822663767,2.0409094619635497
3,3,Model Selection + Bagging,49,3,310.89,309.415076799785,1.9132064255826655,93.48,246.73693695279485,387.33731336600516,4.63,4.702803085619795,2.133677235435759
3,3,Model Selection + Bagging,50,1,307.08,305.77718975665715,1.502368697725705,130.32,392.45156273760745,309.06129350543773,7.26,8.869274864121357,2.2179192733694464
3,3,Model Selection + Bagging,51,3,306.76,306.8985888204676,0.7346979760682154,1543.82,1700.421352381265,182.1885052458741,10.96,10.575525262287908,0.9619408337912636
3,3,Model Selection + Bagging,52,3,310.33,310.3472563147344,2.2289130274215934,570.52,639.1749768150598,524.1233512995494,5.7,6.493040263247443,2.4180840841487834
3,3,Model Selection + Bagging,53,2,312.69,313.1071005014167,1.3187343224476809,95.36,40.22264029430778,277.6960622614363,1.39,1.9583440997522894,1.94713811372915
3,3,Model Selection + Bagging,54,2,311.54,311.87004572147293,1.277236545082386,223.41,134.69119133006984,316.80446502949155,4.71,4.438367244618252,1.8236623672887982
3,3,Model Selection + Bagging,55,2,308.42,304.71717118774586,1.5344712289464633,709.64,772.7930145813158,323.78893215761,12.53,9.08366221462797,1.9135125802201929
3,3,Model Selection + Bagging,56,4,308.18,307.9850527780693,1.0068368746119174,1523.36,1787.0946408969444,322.472382439649,7.59,6.571018081862844,1.371821505370694
3,3,Model Selection + Bagging,57,2,308.44,309.2693039435182,1.0560014025854525,1059.82,1287.8120048594847,310.1627479904317,5.32,6.334989449130713,1.734344547383716
3,3,Model Selection + Bagging,58,1,309.87,310.6661125280917,0.9664334704231563,261.82,275.99970084786423,184.86836875299977,2.03,3.1952883783774246,1.5021196498481861
3,3,Model Selection + Bagging,59,0,308.33,308.91997394302365,1.290843085974229,1098.75,1325.4387205856228,240.52081156413058,2.44,4.922396265376089,1.669534704213576
3,3,Model Selection + Bagging,60,3,306.45,307.15819525971375,2.073922107995924,268.91,394.91064284656113,454.1454262264712,8.27,5.418625863417814,2.646909268556413
3,3,Model Selection + Bagging,61,2,303.98,302.8732965484268,1.6053389827309834,704.72,1075.5205837113801,393.2204510686601,7.93,7.186053253312712,2.2135543537536013
3,3,Model Selection + Bagging,62,3,308.91,309.77197297803446,1.7101078205761955,671.26,788.4328670118158,260.4211332840441,8.35,8.449108790017618,1.3806408036696936
3,3,Model Selection + Bagging,63,3,309.65,310.28894825926733,1.5984864686097482,616.92,632.1486583071716,299.2302537621676,2.11,4.659780677328201,2.317283023173903
3,3,Model Selection + Bagging,64,0,311.97,311.4664056046134,1.448289313794664,177.02,213.57047123985063,255.75782051113072,2.3,2.497103970356913,1.704728557177607
3,3,Model Selection + Bagging,65,1,306.98,308.0797190691023,0.8817083140195376,2215.59,1586.8276690377847,230.0444418791961,6.68,7.451647631251113,1.5248605335275502
3,3,Model Selection + Bagging,66,4,306.01,306.8172552342193,1.1805649042261852,1493.56,1569.9678107705267,276.8001261359133,12.0,12.397606282092998,1.58184175487021
3,3,Model Selection + Bagging,67,0,311.22,312.5645386483432,1.1526000774865295,462.07,512.398318499484,229.94825891211764,3.64,3.969857337158994,1.7322429012319542
3,3,Model Selection + Bagging,68,2,304.88,308.4503253623655,1.2959684124353859,395.97,439.81447334562824,285.12916912825494,8.3,8.605883102581853,1.8372442829470284
3,3,Model Selection + Bagging,69,3,310.04,308.90752278089354,2.1288658346037392,990.55,804.373196888251,422.93985077629355,2.36,3.4484311963562244,2.8359916771144444
3,3,Model Selection + Bagging,70,2,312.89,311.8464666636125,1.121033927214789,164.97,317.7156274272655,256.35439787230246,0.86,3.060486338599965,1.724187516677596
3,3,Model Selection + Bagging,71,0,312.89,311.8669372544054,1.8903562098690139,42.42,128.3409088232114,315.6119109381936,0.86,1.3261067313048978,1.750709107623848
3,3,Model Selection + Bagging,72,4,311.83,310.9785966892176,1.072364090714807,492.81,444.2574650667974,209.17026707794568,6.49,3.452055320864973,1.5371616734400135
3,3,Model Selection + Bagging,73,1,307.38,307.22287287646077,1.2804287285609546,663.32,832.4901985100313,260.23147210902647,9.56,9.20818988540858,1.932456317237067
3,3,Model Selection + Bagging,74,4,313.21,313.2023005371535,1.327278155009295,15.08,45.31538793042148,276.0790608507821,0.39,1.1923191397791904,1.8585706469555756
3,3,Model Selection + Bagging,75,0,307.86,308.3832697429144,1.170508787908015,946.9,1098.0864627080923,242.7348085080608,8.0,6.584241196146673,1.5805907113696656
3,3,Model Selection + Bagging,76,2,307.58,307.74784260043015,0.6449523563574888,1109.01,1252.5941982193626,221.26585151631852,8.19,8.36392878889213,1.021267892323587
3,3,Model Selection + Bagging,77,0,312.31,311.57759532265766,1.6628375255088528,65.54,61.39393623561102,228.83723815975029,2.01,2.1691194109545933,1.8727951861654344
3,3,Model Selection + Bagging,78,2,312.73,313.4514686623546,1.3586268462719198,68.26,-31.11881317700545,313.52422622431646,1.34,2.1792076834632272,1.9402822484110043
3,3,Model Selection + Bagging,79,1,306.53,306.9273764709623,1.2350844845738054,466.58,601.7412118559151,228.45016821264701,7.25,8.771396245191223,1.601574080212816
3,3,Model Selection + Bagging,80,2,315.92,311.63333358961967,1.333083246241005,84.11,279.9735289281961,309.1371427793929,3.9,3.2622414491064227,2.829364733647617
3,3,Model Selection + Bagging,81,4,309.26,306.819338794583,1.785143952735299,613.05,788.165708019949,298.1045781077997,8.86,9.81244683266603,2.3184508991546995
3,3,Model Selection + Bagging,82,0,310.16,308.2277460770032,1.0125920176634824,517.94,569.6982805199168,226.41317979077118,7.35,6.985494702374565,1.6810302957809864
3,3,Model Selection + Bagging,83,0,304.65,303.5336304416828,2.7664006944134734,2419.87,1652.840477164704,237.764774212989,12.79,9.3350564710437,2.1291959350845135
3,3,Model Selection + Bagging,84,3,315.33,312.84565852295316,2.190776815930562,96.59,86.90109676329234,342.42586477687513,6.91,3.4548681703752475,2.0231599757453576
3,3,Model Selection + Bagging,85,1,311.02,310.6787903393698,1.1196276906074603,146.83,169.34227997244182,205.30842253701786,5.0,5.812814290742865,1.8462682933173613
3,3,Model Selection + Bagging,86,1,309.61,309.30745566848645,1.3353059644036145,540.43,572.8194158313652,196.15669539588174,7.42,8.40320812745325,1.934175950616478
3,3,Model Selection + Bagging,87,3,311.04,312.3609543560055,1.6138761024823332,153.39,133.64737243069146,320.3576578364018,1.96,2.209888853006589,1.7532953431407823
3,3,Model Selection + Bagging,88,1,312.29,313.4614193609251,1.0612424926926727,42.84,11.32653756184368,220.08673933098518,3.51,2.9438947056405613,1.828692585806865
3,3,Model Selection + Bagging,89,3,311.14,310.88084101215674,2.243554033678238,504.12,600.9547633838163,473.7706934799221,4.26,5.974046262192614,2.747996863322614
3,3,Model Selection + Bagging,90,2,308.79,307.58954609238117,0.7585318735174763,843.81,902.4983027512302,256.562824895865,7.69,7.4913589937772915,1.1911076695272054
3,3,Model Selection + Bagging,91,2,302.53,304.5960616659421,2.0409226661837456,2030.6,2211.930646605175,725.2122050643977,2.36,8.437345716658438,3.107856273956817
3,3,Model Selection + Bagging,92,2,312.07,311.1551619246763,1.190658244686074,81.77,58.634646104024114,315.11412810786504,5.71,4.3412485435194315,1.7889569297495667
3,3,Model Selection + Bagging,93,0,306.81,306.90881969208624,1.3340394413583847,673.45,991.692154250265,244.95350215110824,7.15,7.075414124709682,1.842345741784199
3,3,Model Selection + Bagging,94,4,309.96,309.7901209457494,1.2310268896552865,659.22,499.56796867253433,280.2407775738475,4.79,4.550736382799027,1.7472470651090537
3,3,Model Selection + Bagging,95,2,314.36,312.69266308508907,1.4989594573426575,139.42,228.12977132675604,298.6423910815466,5.84,3.980862711637461,2.253703402519985
3,3,Model Selection + Bagging,96,0,310.35,311.5930680241589,1.4254613159869876,94.55,96.70882862703411,189.45742713803804,3.98,5.3059913843252815,1.8015601452764047
3,3,Model Selection + Bagging,97,0,313.16,312.9898355169102,1.377153880483104,15.39,-6.39390263677933,270.34393097912096,0.53,1.4297374358312096,1.7940698970614621
3,3,Model Selection + Bagging,98,0,306.83,306.78257498378497,0.9432537082596278,1407.27,1420.1222392484754,183.45175817205546,10.88,11.767127095772999,1.1688507000842778
3,3,Model Selection + Bagging,99,3,309.81,310.13901152292874,1.245674840590989,533.37,715.7036952673545,355.6824303579465,7.02,4.667303083272358,1.5372483709249027
4,4,Single GP,0,4,312.33,313.3572394488084,0.4822653967258131,84.06,74.57508130342524,136.48137604989128,0.31,2.592132762970074,1.0878400766216199
4,4,Single GP,1,4,311.68,309.47019479705006,0.4705388419982621,204.84,190.94891796954977,155.04083878837,9.2,6.34358892923091,1.7336128835358142
4,4,Single GP,2,0,301.44,305.589447096014,0.4918771120913686,220.66,250.34665624524752,119.40545131158643,4.44,11.63706021055673,1.1316692733387448
4,4,Single GP,3,4,314.31,315.39176013748073,0.7515829503095165,12.81,62.949603904675314,196.8440885071961,2.87,6.446625090568105,2.169609188380123
4,4,Single GP,4,1,306.89,305.16248083190186,0.36726443631449224,422.12,397.2771158763812,137.61927203134204,12.1,10.426114679252652,1.1782434029823028
4,4,Single GP,5,1,307.84,308.20604048686414,0.3218476763709395,2201.12,1711.3105624646423,121.60005927157165,5.77,5.842298334738649,1.078946924938049
4,4,Single GP,6,2,314.22,313.3086165709711,0.652150818426653,87.66,63.397903896694174,107.28289337521068,3.45,4.47048784004296,1.7385959303285017
4,4,Single GP,7,1,301.14,303.0595815190441,0.568049830996556,965.47,1347.052379745704,203.31987391452327,6.46,11.924156950157844,1.547491919879493
4,4,Single GP,8,3,306.32,305.8413243427214,0.743903023459094,331.97,551.4634866833494,140.54317957137772,10.22,5.258797702306718,0.8862841883328342
4,4,Single GP,9,4,304.34,304.13967162542264,0.5926872142152563,421.99,572.6965158830656,182.4795119006413,3.37,7.238454119693548,1.9397485217409285
4,4,Single GP,10,0,303.31,304.54326753178293,0.48504115941687237,1035.72,403.4764440194727,113.29270119973569,5.86,8.025339121913001,1.0345596799110404
4,4,Single GP,11,2,308.31,308.2038761823449,0.4023085568500538,374.66,338.67271929962686,102.62478653429801,8.57,9.148556003371503,0.8732950406289498
4,4,Single GP,12,2,307.47,307.0655422328816,0.32609766233972326,850.87,891.8871484678218,80.46618765531838,10.63,10.465954604872561,1.1580163765623817
4,4,Single GP,13,0,306.43,307.4228593418497,0.3225387669931146,2256.33,1131.369628676342,74.08931942451294,4.77,9.30874093601027,1.0269866372332561
4,4,Single GP,14,0,313.31,313.4511866768931,0.7952873911376885,0.85,60.366640445080066,248.02961382339606,0.42,4.691226802099598,2.6303351191296276
4,4,Single GP,15,2,311.83,313.32354536486474,0.3436385128740935,194.23,137.136113895893,86.2027020803929,3.51,4.703358269159666,0.9821574971457762
4,4,Single GP,16,0,307.32,306.3315093169863,0.34466719574956056,1604.24,1724.0084564022336,58.363733429179625,11.92,10.939779838155314,0.5483387551025649
4,4,Single GP,17,2,311.08,311.31257378479893,0.4300149174637776,560.59,310.9608928007736,132.24786653268148,3.19,2.18060536556099,1.0935842899590131
4,4,Single GP,18,1,311.14,309.7060948623738,0.38249827324491126,68.07,71.4267551068001,121.49014870601685,5.46,6.331267284123517,1.4340654381598434
4,4,Single GP,19,1,312.39,312.2893057499683,0.4493694097556979,59.84,53.63437420961418,191.2737939460476,5.02,4.847370796457867,1.235637971862594
4,4,Single GP,20,0,308.85,309.84240032212733,0.32839219469078007,484.91,387.07700044237697,77.91695269977347,7.06,7.885206323744627,0.8114314672742038
4,4,Single GP,21,3,311.28,309.9188601397868,0.7188361518858808,410.23,980.8839828995866,143.01886744281762,5.16,3.5980919444200286,1.202528268918328
4,4,Single GP,22,2,312.03,313.80811376511247,0.5429177687770326,122.49,97.89996582987146,108.81555260129704,3.07,7.048046829534631,1.2098998576070754
4,4,Single GP,23,2,307.93,307.96696409365717,0.45475387115776994,117.49,-56.90130248620494,156.09076933524076,6.42,8.291343844742753,1.2263462687819526
4,4,Single GP,24,0,306.65,307.1313069975898,0.3716660053758384,1388.31,1332.0176243768406,67.95183092863927,11.47,10.90616442437246,0.987738817667629
4,4,Single GP,25,2,308.18,308.29597451169593,0.26326767206570045,1252.74,1165.9545255666067,70.42449950121744,7.11,7.502408318480052,0.6011335471164078
4,4,Single GP,26,0,310.29,309.7824749818212,0.5202186519642672,785.56,744.3718644420538,138.3353349369247,5.06,5.647957820170806,1.6006579176544702
4,4,Single GP,27,1,303.33,303.7910043912445,0.47400083246745467,1918.36,2119.078854436534,168.3568163303144,8.91,6.463097152455625,1.208361667086157
4,4,Single GP,28,3,302.73,301.73598889931174,2.337852400348022,2026.87,1388.3996563615165,360.5693021418326,13.02,7.119505170568442,2.4528938299737786
4,4,Single GP,29,0,310.24,310.4904655997482,0.4507966874077696,305.92,299.4670592468381,86.65006766199583,5.99,5.104721120677917,1.4201316863092854
4,4,Single GP,30,3,305.2,304.7664360566855,1.1725326359629389,2372.98,2006.874936142808,183.28903861919432,10.28,8.819904634296352,1.198935337821995
4,4,Single GP,31,2,307.79,307.1403853895744,0.3793267411390665,1236.45,1248.49774305273,78.00219513811358,12.82,11.140019314349043,0.9500930182430225
4,4,Single GP,32,3,309.58,309.0726273214892,0.8498697647641549,717.28,748.1467171258139,145.10461809879723,6.31,5.533676505144579,1.3918326388114373
4,4,Single GP,33,3,311.54,311.57425319693874,1.165167974025065,686.14,744.7693718615019,165.85132694252388,4.98,1.8362962855522849,1.258057391296278
4,4,Single GP,34,2,308.55,309.1526115868188,0.356581606400475,367.47,425.1147193165724,84.84159427564602,5.43,5.3912290872044935,1.179811332618024
4,4,Single GP,35,0,306.8,307.3499134351219,0.42226973682949087,554.95,553.246890082895,98.74075964782358,12.78,12.337625945694933,0.9164042790740059
4,4,Single GP,36,4,307.12,307.4667079910218,0.31711141691653216,2075.38,2090.235207820909,93.04304031736359,5.9,6.2044203093947115,0.7714841191988763
4,4,Single GP,37,0,309.05,308.7270207571845,0.3371293114749708,1337.07,1342.659893939242,69.10670165179582,4.68,4.237227062798954,0.7439366266282865
4,4,Single GP,38,4,307.56,307.3207686314257,0.5078491120610337,316.18,373.40383087725326,146.66839667491988,8.14,6.2442219523957405,1.7288779205700104
4,4,Single GP,39,1,312.34,312.6698960013615,0.4925024638613112,106.38,186.77271542376815,188.6453850678324,5.13,4.95434696964643,1.6090331281772818
4,4,Single GP,40,3,309.58,307.8784495038918,0.42880928726070916,435.02,402.13783475964215,93.83782036132146,7.83,8.293181580216507,0.8051536067391024
4,4,Single GP,41,0,307.48,307.72744285929224,0.2966340402743333,1296.42,1030.7225865617058,56.255809699831985,8.74,8.938708737063696,0.4360022202009704
4,4,Single GP,42,3,304.47,305.42192965451824,1.3750659495681126,451.73,478.44163818028863,230.2925117160295,7.37,6.8592529866583245,1.1747817681151809
4,4,Single GP,43,0,311.63,312.070362166262,0.4346793856028418,91.86,118.75293824979087,91.80716715050355,2.46,2.278140091267107,1.2270215810700333
4,4,Single GP,44,4,312.52,312.52005396130835,0.4855075771740858,220.1,327.7878376198082,156.15153135827245,1.31,1.7318606300537978,0.7835120193019404
4,4,Single GP,45,3,312.59,312.8805230506537,0.7869461231631301,188.63,101.34186327780026,128.453801887577,1.23,0.9891453569923376,1.0807278381487544
4,4,Single GP,46,4,306.36,306.60245227764915,0.3969278137590284,947.21,886.5133171409971,129.9027066793208,7.22,7.886254185159376,1.258320199529091
4,4,Single GP,47,0,302.67,306.31090139792207,0.4471714256208046,1366.98,1373.2689427932582,80.09848415723091,10.28,13.527689435285426,1.140834715585019
4,4,Single GP,48,2,312.73,312.22051472804173,0.4570844778053273,46.91,56.20285604178946,98.0789136390363,1.25,1.2006307089832307,1.0372779737587194
4,4,Single GP,49,3,310.89,310.99834876271143,1.3468495974663,93.48,95.07702479900047,217.4768568488714,4.63,3.6640057852419736,1.0205153567531178
4,4,Single GP,50,4,307.08,304.7023329181679,0.5952091584246212,130.32,190.92990626595304,244.32558091500084,7.26,4.429443114068717,2.0910902528319846
4,4,Single GP,51,2,306.76,306.38586240881426,0.31218760981911975,1543.82,1697.772323615373,76.28154861381682,10.96,10.180951031819404,1.0441421750489908
4,4,Single GP,52,4,310.33,310.2006646290124,0.4497806100662663,570.52,610.6461056618216,163.27320372156484,5.7,6.888296745781964,2.098922921391798
4,4,Single GP,53,0,312.69,313.0095453428678,0.4573392988239334,95.36,53.41145602921915,87.06869253453272,1.39,0.5146625538263727,1.0261843296670126
4,4,Single GP,54,0,311.54,311.61693576050027,0.3419188772379671,223.41,218.6080612673531,90.79294983964876,4.71,5.134270994911343,0.97533236962041
4,4,Single GP,55,4,308.42,305.5093782485979,0.3459880963272529,709.64,750.5516237756315,117.96042521234655,12.53,9.628560845600846,1.1149060175928878
4,4,Single GP,56,3,308.18,307.4074861172149,0.8247769367723411,1523.36,1842.732539739351,134.48766311097262,7.59,5.770316558568683,0.770534469340085
4,4,Single GP,57,4,308.44,309.2393930776517,0.3855372731116841,1059.82,1273.556099056534,116.54608060204231,5.32,5.924564188159903,1.3228246577843417
4,4,Single GP,58,4,309.87,311.0878422546084,0.33431996207760933,261.82,247.83029050806743,118.78295623157373,2.03,3.135430444360776,1.1647384529387907
4,4,Single GP,59,2,308.33,309.2650301121094,0.3705138418247774,1098.75,1301.2510599845432,96.30407201529863,2.44,4.994318145581242,1.1210614597568644
4,4,Single GP,60,1,306.45,305.6948520997085,0.518895907872044,268.91,191.2625253780942,166.4943534886117,8.27,7.146556041257087,1.5357722193591716
4,4,Single GP,61,1,303.98,303.6457833535159,0.39475966408537483,704.72,1201.1277442056612,138.48264488350503,7.93,5.408458223242235,1.235505033865213
4,4,Single GP,62,1,308.91,308.85433335251054,0.2981411798109105,671.26,746.9876557385578,93.67659515926832,8.35,8.860677747290872,0.7575964545489319
4,4,Single GP,63,0,309.65,310.46572928923223,0.37469202744263613,616.92,531.2696088035774,105.44026462601425,2.11,4.266572122412466,1.2969095566678008
4,4,Single GP,64,3,311.97,311.8910717910233,1.0455914866323037,177.02,252.7614441478919,138.85490466842222,2.3,1.7433243409738264,1.153935999709587
4,4,Single GP,65,1,306.98,308.2026752910279,0.295279543768229,2215.59,1646.6120423339698,100.67899660659205,6.68,7.737235597962757,1.0198759110040703
4,4,Single GP,66,3,306.01,304.8336023055155,0.6619328673519187,1493.56,1364.3063894185752,162.12466507820267,12.0,12.407390579113164,1.091325727049676
4,4,Single GP,67,3,311.22,312.8483917051027,0.9668754927832508,462.07,592.7034575613596,163.4772863644454,3.64,3.9489648803688757,1.4134260340462084
4,4,Single GP,68,2,304.88,309.5095064566591,0.4109504629666253,395.97,358.76269075410096,92.31250226903083,8.3,9.899589179674837,1.2746818887856206
4,4,Single GP,69,4,310.04,309.5982770506376,0.6364667913696955,990.55,843.9076862281211,219.86449659459078,2.36,1.6305037200975363,2.0042257359464863
4,4,Single GP,70,1,312.89,312.05013591022396,0.30387858283314423,164.97,409.20701836516974,103.53794207201955,0.86,4.05479389607992,0.983329203794309
4,4,Single GP,71,1,312.89,312.3781267762291,0.492352995163083,42.42,66.06522701826668,165.54547427172284,0.86,0.6078783705651052,1.1230425929655992
4,4,Single GP,72,4,311.83,311.488122038633,0.29875573918980597,492.81,416.51832003398675,94.50842075366523,6.49,3.541801889941676,0.7459316465655019
4,4,Single GP,73,3,307.38,306.95507581675736,0.8346641362849816,663.32,566.6985359322113,189.5673212705035,9.56,8.236091755729191,1.7750233052011304
4,4,Single GP,74,3,313.21,312.4828492435479,1.0422698734742046,15.08,64.6374596228327,185.44600586351467,0.39,1.9590825512511603,1.5819949441856467
4,4,Single GP,75,1,307.86,307.79172101813106,0.33581208352332403,946.9,1230.7058382777907,108.9446599163031,8.0,7.171816074152766,0.7849405697773556
4,4,Single GP,76,1,307.58,308.02004043802054,0.2952920877731889,1109.01,1192.9084506516733,81.35591875081447,8.19,8.101253297459396,0.868910866323787
4,4,Single GP,77,2,312.31,312.5273035672639,0.49205318322018815,65.54,78.07826140137945,103.86378864605922,2.01,0.3542930935060884,1.2036296183541362
4,4,Single GP,78,1,312.73,313.3643057816725,0.37385702144850186,68.26,34.8692208524069,122.7837314502252,1.34,2.5981003106268594,1.0792392753557822
4,4,Single GP,79,3,306.53,307.38356260757547,0.8223456351566498,466.58,466.4139470811234,179.64527889873588,7.25,8.083067506870169,1.4876780682567046
4,4,Single GP,80,1,315.92,313.0809404555821,0.45998851652091266,84.11,97.30429346491144,161.0355378895618,3.9,3.0087562399597,1.3030876002476859
4,4,Single GP,81,1,309.26,307.4583996617492,0.7621697902487,613.05,674.1484346693633,237.76699894072533,8.86,10.125821176563893,1.741558999761171
4,4,Single GP,82,2,310.16,308.20947139416336,0.32371417587672274,517.94,684.3053064492988,78.41769300452032,7.35,5.036019588901267,0.7512072767152027
4,4,Single GP,83,2,304.65,302.3225499319262,0.5268659341190333,2419.87,1685.9934807188265,96.66617312527363,12.79,6.904313441693266,1.5327360552171665
4,4,Single GP,84,3,315.33,314.6676863088705,1.327299628911245,96.59,-13.237563934268678,227.62502124517866,6.91,3.311726117057508,1.4636323573135155
4,4,Single GP,85,1,311.02,310.877696065954,0.497559518018021,146.83,125.32508997832304,174.4807478213947,5.0,5.639033686739069,1.118990238201727
4,4,Single GP,86,2,309.61,310.4583172772346,0.5720702506219051,540.43,730.8675544902136,74.40352272417728,7.42,7.368967144073381,2.1796416147846585
4,4,Single GP,87,4,311.04,312.1208544289146,0.3966212700961142,153.39,123.069690184151,110.73911625622799,1.96,2.2654530109621547,1.0631607784615769
4,4,Single GP,88,1,312.29,313.4410821855335,0.4046795818799475,42.84,70.00669326751222,175.4136106078923,3.51,3.512167325111527,1.5281399493013816
4,4,Single GP,89,4,311.14,311.0148344433243,0.5023969953355005,504.12,520.646313383746,186.98315216944738,4.26,5.568469361559388,2.0441769126079734
4,4,Single GP,90,4,308.79,307.4978658102545,0.3428827523291439,843.81,983.8463593745528,101.28581164954325,7.69,7.731581608726412,0.8664806261512769
4,4,Single GP,91,3,302.53,301.7727325880916,2.2312011937892438,2030.6,2004.3655648963145,323.080685523023,2.36,5.21741822462764,1.9568748339232442
4,4,Single GP,92,2,312.07,311.5239557673371,0.4225657688398739,81.77,69.35266304227866,110.25619501270279,5.71,4.583991755558589,1.0869772163206333
4,4,Single GP,93,4,306.81,306.5401664267919,0.34981897190506916,673.45,1043.470244404198,118.12452713750149,7.15,6.232670113094067,1.0590324907904065
4,4,Single GP,94,2,309.96,310.160126435528,0.4458675849202761,659.22,327.1416399467481,154.28000126047453,4.79,4.377563584229657,1.4990274517246862
4,4,Single GP,95,0,314.36,313.95383150241514,0.387286269328872,139.42,6.023137065932701,90.76172048777784,5.84,3.5226082419384004,1.2202998779549785
4,4,Single GP,96,0,310.35,311.0110832757377,0.473738467594065,94.55,92.29375791067173,76.72930732244765,3.98,4.818503970479839,0.616986118279387
4,4,Single GP,97,0,313.16,313.6568149884464,0.6209226247115455,15.39,22.477926128198533,181.19643619865658,0.53,5.674812145008074,2.2987084942171996
4,4,Single GP,98,4,306.83,306.44410644335596,0.283867858532319,1407.27,1555.8838786386182,74.87980533829338,10.88,12.201200010160544,0.5351375854079818
4,4,Single GP,99,3,309.81,309.1869391081788,1.0256375916286926,533.37,1002.1999885131488,133.95411615819756,7.02,3.7281951997216733,1.0310894205798775
4,4,Model Selection,0,4,312.33,313.1922470504557,0.47590945724360006,84.06,92.94331187397518,203.38181620375553,0.31,2.74881986643165,1.3902468999441118
4,4,Model Selection,1,4,311.68,309.5569553670349,0.43179413121248833,204.84,247.1516914709975,271.6678756159132,9.2,6.557851692316293,1.651289411208046
4,4,Model Selection,2,0,301.44,305.74345505535945,0.9434687180955013,220.66,335.3119612591405,226.2849294928728,4.44,11.63706021055673,1.1316692733387448
4,4,Model Selection,3,4,314.31,315.19227767784525,0.7466548111851578,12.81,19.00723809544229,215.41093052187026,2.87,4.6594674534660525,1.943154012496749
4,4,Model Selection,4,1,306.89,305.3589299724187,0.547474605354705,422.12,523.6850946447059,126.74883170489677,12.1,8.996513016388606,0.8147282372869115
4,4,Model Selection,5,1,307.84,307.59039966792443,0.4913630075288333,2201.12,1774.2230812683642,112.24743018602915,5.77,5.4712706885687465,0.7089514308443327
4,4,Model Selection,6,2,314.22,313.344802206781,1.1647503606580687,87.66,64.61318345389452,216.41791534394955,3.45,3.6612306990426524,1.8204769020288585
4,4,Model Selection,7,1,301.14,303.8857988048821,0.7722217559031228,965.47,1548.5605684541238,181.48869826422163,6.46,11.225603068754134,1.1972557625062672
4,4,Model Selection,8,3,306.32,306.05500571051664,0.3804403905461819,331.97,465.61807905930357,83.03306684709997,10.22,7.329649063414436,0.44192552714524536
4,4,Model Selection,9,4,304.34,304.3420652123109,0.6062550393856835,421.99,471.37367095450793,204.79760155502476,3.37,7.033823184047515,1.768991984128963
4,4,Model Selection,10,0,303.31,304.52768807118116,0.9036387098913904,1035.72,475.0007652699046,194.57859720970063,5.86,8.025339121913001,1.0345596799110404
4,4,Model Selection,11,2,308.31,308.02763474317163,0.8433605586930827,374.66,347.76011267562956,193.1364604906325,8.57,8.284598046651745,1.243928061377277
4,4,Model Selection,12,2,307.47,307.18565697689314,0.8653621077402681,850.87,867.1806807225488,201.97797530405367,10.63,10.231220558082242,1.504252398006832
4,4,Model Selection,13,0,306.43,307.76438174042966,0.8158699864368764,2256.33,1202.1038316488616,173.2526273385993,4.77,9.30874093601027,1.0269866372332561
4,4,Model Selection,14,0,313.31,313.6544205149969,1.2162173344896918,0.85,-58.410138791395866,257.5669194302965,0.42,4.691226802099598,2.6303351191296276
4,4,Model Selection,15,2,311.83,313.5496855594764,0.8668381392568021,194.23,151.60779974939624,212.47695417665662,3.51,3.5775597231432172,1.358741813631703
4,4,Model Selection,16,0,307.32,306.61708142988533,0.6204264020059962,1604.24,1687.8689095101986,131.0719638661369,11.92,10.939779838155314,0.5483387551025649
4,4,Model Selection,17,2,311.08,311.52072777345614,0.9591005429572438,560.59,372.29315140550517,249.48342881110926,3.19,3.0254101153794126,1.5151961307146822
4,4,Model Selection,18,1,311.14,310.0184256972819,0.5324559431656765,68.07,-18.91538262397694,121.22433056208571,5.46,6.317540902265188,0.7540362341307015
4,4,Model Selection,19,1,312.39,312.1018956733007,0.7052265504810837,59.84,54.764503091070424,170.71999600091877,5.02,4.465494547721253,1.1475106579107714
4,4,Model Selection,20,0,308.85,310.28388477262564,0.8209800546402996,484.91,314.4408901127581,182.6964704752895,7.06,7.885206323744627,0.8114314672742038
4,4,Model Selection,21,3,311.28,310.5346873818011,0.34013429631284026,410.23,832.7791768229878,74.07443248107019,5.16,4.18031785570026,0.394985891349721
4,4,Model Selection,22,2,312.03,313.65899626483065,1.0568492854106089,122.49,104.63727637813793,129.76737974682484,3.07,5.4063540889639325,1.614406694201858
4,4,Model Selection,23,2,307.93,307.9242261399467,1.0288354134186344,117.49,96.9461633222162,261.85476838197974,6.42,7.85325004487644,1.4827735592033133
4,4,Model Selection,24,0,306.65,306.74300764799756,0.6955080666154123,1388.31,1537.9788807420543,144.02841579084844,11.47,10.90616442437246,0.987738817667629
4,4,Model Selection,25,2,308.18,308.3407037238133,0.7796382529868778,1252.74,1190.9273521317104,199.8729493767256,7.11,6.366722394973123,1.064603503143022
4,4,Model Selection,26,0,310.29,309.9479636659856,1.023734147876941,785.56,889.426707518045,180.45202042570023,5.06,5.647957820170806,1.6006579176544702
4,4,Model Selection,27,1,303.33,303.54306877768573,0.6116441991893302,1918.36,2117.6205609658878,144.20215681643523,8.91,7.381915942940974,0.9412059828632932
4,4,Model Selection,28,3,302.73,301.02213642533866,1.0750320578423258,2026.87,1873.2466560142461,251.01170982579654,13.02,5.931398544217481,1.3256674609721095
4,4,Model Selection,29,0,310.24,310.24228705722993,0.8438819773308228,305.92,350.05075131297576,177.17976588381396,5.99,5.104721120677917,1.4201316863092854
4,4,Model Selection,30,3,305.2,305.1678646361529,0.5198654418958911,2372.98,2138.072018124506,114.15011622195179,10.28,9.700800484404,0.6086610101623798
4,4,Model Selection,31,2,307.79,307.1636258521449,0.8710823178747952,1236.45,1260.7689681133425,209.82027863360517,12.82,10.999859086503603,1.409594411341478
4,4,Model Selection,32,3,309.58,309.81512837117526,0.33496858399345103,717.28,647.4689290563264,72.67097295100116,6.31,6.269631684054744,0.3875167957230013
4,4,Model Selection,33,3,311.54,311.1659888910764,0.4424830343159107,686.14,716.5229291049643,95.70870036127243,4.98,2.9758629012850997,0.5104907092094182
4,4,Model Selection,34,2,308.55,309.5449045602562,0.9283217785069418,367.47,504.7401659638816,177.9809066702549,5.43,5.151328582605212,1.5480839133843456
4,4,Model Selection,35,0,306.8,307.0572111878532,0.8377052579665549,554.95,559.4036972214732,154.95923073859873,12.78,12.337625945694933,0.9164042790740059
4,4,Model Selection,36,4,307.12,307.29327203692935,0.31836505256527386,2075.38,2195.6809274344973,202.99556235947182,5.9,6.708071896652502,1.2056585574398213
4,4,Model Selection,37,0,309.05,308.48782945000534,0.8097823532562679,1337.07,1329.0175389074068,164.3929245896626,4.68,4.237227062798954,0.7439366266282865
4,4,Model Selection,38,4,307.56,307.1585045689331,0.47462784943701614,316.18,317.2159558778975,202.83159063809444,8.14,5.636470620211426,1.746447120355671
4,4,Model Selection,39,1,312.34,312.6251669851066,0.6691821614213166,106.38,104.21856093167469,156.63350534354308,5.13,4.931485384442134,1.0194439156653772
4,4,Model Selection,40,3,309.58,309.0469958078518,0.36776373357015196,435.02,475.2775709318323,78.1052933272593,7.83,8.856236066913663,0.41738868859295974
4,4,Model Selection,41,0,307.48,307.5282655046891,0.7668239909625095,1296.42,935.017424664821,145.56020635716968,8.74,8.938708737063696,0.4360022202009704
4,4,Model Selection,42,3,304.47,305.81792609584625,0.47409741674139005,451.73,726.2241018314412,104.05999296391846,7.37,8.301395415197094,0.5533074226234301
4,4,Model Selection,43,0,311.63,311.89842442626434,0.9647978530063717,91.86,94.95860656924935,181.97095031830847,2.46,2.278140091267107,1.2270215810700333
4,4,Model Selection,44,4,312.52,312.7561490242883,0.4828557560131712,220.1,355.67032776458944,224.8133771965267,1.31,1.5000502895660048,1.1558902258052124
4,4,Model Selection,45,3,312.59,312.7190618205649,0.5466029458175595,188.63,161.41205339100844,116.9585706136392,1.23,1.9742860313818285,0.6252503402781593
4,4,Model Selection,46,4,306.36,306.4773041130518,0.3909322939258358,947.21,784.8656914735097,238.50087885787195,7.22,7.533051604389858,1.4456315539085494
4,4,Model Selection,47,0,302.67,306.23587262521,0.8745347696970972,1366.98,1316.1182021600875,187.52890687127586,10.28,13.527689435285426,1.140834715585019
4,4,Model Selection,48,2,312.73,312.18452177845637,0.8804834947362781,46.91,49.21232560064482,213.68805777472178,1.25,1.1635255880731759,1.3506873260822323
4,4,Model Selection,49,3,310.89,310.1247144273159,0.5670130027020838,93.48,79.18637414560294,127.34241187229502,4.63,4.2265166241478305,0.6768070350295814
4,4,Model Selection,50,4,307.08,304.46934771817837,0.6046549487271778,130.32,434.6686651906863,336.8011968344711,7.26,6.807620340802684,1.8512695403658332
4,4,Model Selection,51,2,306.76,306.8742470866206,0.8439647386527498,1543.82,1738.4124603212363,183.1238116531842,10.96,10.385195209147742,1.4591204923508776
4,4,Model Selection,52,4,310.33,310.11942228615874,0.4426955196768671,570.52,666.6309573298132,287.75170602549895,5.7,5.856208634274704,1.7604161714005293
4,4,Model Selection,53,0,312.69,312.7186340173396,0.8657166821335933,95.36,86.52369099102953,177.43968123323293,1.39,0.5146625538263727,1.0261843296670126
4,4,Model Selection,54,0,311.54,311.77044076541847,0.8415893572992805,223.41,164.6881840599686,163.70566664495283,4.71,5.134270994911343,0.97533236962041
4,4,Model Selection,55,4,308.42,305.40240184507775,0.3263255613977558,709.64,867.7743558590263,193.47754114393,12.53,10.335199629852436,1.3922880192547789
4,4,Model Selection,56,3,308.18,307.71794189344615,0.32165071718975036,1523.36,1543.5565587821916,68.94889290072331,7.59,7.0227615388907125,0.3681872587137104
4,4,Model Selection,57,4,308.44,309.1477741260851,0.34603842039317284,1059.82,1216.3347693127803,227.4992761801676,5.32,5.8264461913166405,1.5250246968219983
4,4,Model Selection,58,4,309.87,311.1161034017094,0.31702002342661423,261.82,258.4453243604252,209.68927229737116,2.03,3.09597989601685,1.3584466958781491
4,4,Model Selection,59,2,308.33,309.2918534251992,0.8942905501512429,1098.75,1314.5568370297055,214.83722722879241,2.44,5.420062330831734,1.3246680072701664
4,4,Model Selection,60,1,306.45,306.4574352288577,0.6999467865244573,268.91,296.73276566072826,161.65072843840417,8.27,4.844712167106279,1.0314459895995773
4,4,Model Selection,61,1,303.98,303.4855429785532,0.5302185300904538,704.72,1144.8476924907188,123.23685272987781,7.93,7.516334739389482,0.7930258295164531
4,4,Model Selection,62,1,308.91,308.8008778557435,0.33059194145960386,671.26,736.361400893009,73.46006376430464,8.35,9.08421156819535,0.4550220264333808
4,4,Model Selection,63,0,309.65,310.3754677036539,0.8409373389512088,616.92,590.4599568182387,147.7750192548941,2.11,4.266572122412466,1.2969095566678008
4,4,Model Selection,64,3,311.97,311.98781397279845,0.42320189896591653,177.02,177.7984150385946,89.65817783507684,2.3,2.5066464280647494,0.4786452228259057
4,4,Model Selection,65,1,306.98,307.62466269840496,0.40761963803615947,2215.59,1622.8131840579308,91.9558603561844,6.68,7.161661549449745,0.5718946754611545
4,4,Model Selection,66,3,306.01,306.7316223379735,0.4856364246596648,1493.56,1441.3900414609848,106.41972823826838,12.0,12.73335850309516,0.5666147187790563
4,4,Model Selection,67,3,311.22,311.9172457784021,0.46375915579045696,462.07,571.0374094798128,103.17471640441588,3.64,3.4795954843026475,0.5483203099789639
4,4,Model Selection,68,2,304.88,309.35090851626535,0.9914133888294855,395.97,419.77549073359296,206.8926727148779,8.3,9.77115894613416,1.6158846795628694
4,4,Model Selection,69,4,310.04,309.5842221665697,0.608524507061216,990.55,1093.10600877227,257.41075333643477,2.36,2.289054678365491,1.8395929230727033
4,4,Model Selection,70,1,312.89,312.45211497011354,0.3492280986194475,164.97,405.13902362608445,78.65193742992321,0.86,4.163275617582799,0.49409843164998946
4,4,Model Selection,71,1,312.89,311.9687432043941,0.6627127679871604,42.42,56.552219241468265,154.9163353255847,0.86,0.6854175254415837,1.0051287242232338
4,4,Model Selection,72,4,311.83,311.52024089415005,0.277821786859635,492.81,419.067283263394,196.5300250121486,6.49,3.534440403917711,1.2765443596239148
4,4,Model Selection,73,3,307.38,308.176307630215,0.6086657027574022,663.32,665.8428821918045,135.68572658413584,9.56,10.846930021863791,0.7216018072619275
4,4,Model Selection,74,3,313.21,312.906020055493,0.617735148337221,15.08,-14.429286867695282,138.42956999510932,0.39,0.75372999103804,0.7352021044441152
4,4,Model Selection,75,1,307.86,307.8792807699055,0.416902263000966,946.9,1286.2687619344297,94.4530687959103,8.0,6.826286443002005,0.5888855309489416
4,4,Model Selection,76,1,307.58,308.0456937663441,0.33063617251724037,1109.01,1175.2818218330044,72.66256231199557,8.19,8.726509900721885,0.44378445175004955
4,4,Model Selection,77,2,312.31,312.1072194269048,0.9261582686174922,65.54,75.60205277350713,207.88675933786524,2.01,1.6062774059775382,1.5565858915367012
4,4,Model Selection,78,1,312.73,313.55575139639984,0.42926137288453736,68.26,51.79592384435864,98.68134262545225,1.34,2.526028691476542,0.6389829444852256
4,4,Model Selection,79,3,306.53,307.9612536809271,0.5710173270721924,466.58,634.9400366548657,127.81164438167382,7.25,8.425482635493951,0.6794598357918119
4,4,Model Selection,80,1,315.92,312.77182340913373,0.6442065476329033,84.11,52.66089320469894,150.60087976936782,3.9,3.8509014257249445,0.9815916982004278
4,4,Model Selection,81,1,309.26,307.69085463046565,0.9037837101790579,613.05,671.29808915383,222.77118623996935,8.86,10.187898157610409,1.5261754434850725
4,4,Model Selection,82,2,310.16,308.27783154201956,0.8263295464605958,517.94,586.3342664689462,200.47289923673523,7.35,6.1183726069291104,1.332083975820496
4,4,Model Selection,83,2,304.65,302.26693744377604,1.0217464409359878,2419.87,1672.0795401648656,217.86479796175712,12.79,8.210558431512064,1.5864434770455222
4,4,Model Selection,84,3,315.33,313.9150523083079,0.5064447672261352,96.59,35.009573745413604,110.49404782530253,6.91,3.8873361335530396,0.5880298536074078
4,4,Model Selection,85,1,311.02,310.6119870411308,0.730204103647916,146.83,90.07815934839005,173.4167954139356,5.0,5.429294315187355,1.1431725026083361
4,4,Model Selection,86,2,309.61,310.15888179387855,1.097223773698537,540.43,666.1445178639723,196.00695823363498,7.42,8.14843353654703,1.9823327442267913
4,4,Model Selection,87,4,311.04,312.0484326479969,0.37853510650005373,153.39,109.48928853082168,221.020188831729,1.96,1.9859588214124164,1.390956144298673
4,4,Model Selection,88,1,312.29,312.86891887740006,0.6378247931265562,42.84,58.31566799530242,152.54733310938823,3.51,2.4203844826674983,1.0200680987507567
4,4,Model Selection,89,4,311.14,310.89198153517657,0.5177202528201361,504.12,518.4566780429484,245.03519420840476,4.26,4.893528734872106,1.7449438689848387
4,4,Model Selection,90,4,308.79,307.5625804451946,0.30640768657995904,843.81,894.8366200208977,182.69254223070968,7.69,7.485995812307765,1.3178023837515407
4,4,Model Selection,91,3,302.53,302.53029864536006,0.8320069090206964,2030.6,2171.4150014534666,193.41506525351662,2.36,6.296161725789889,1.0221197380706952
4,4,Model Selection,92,2,312.07,311.1749383655349,0.9042723143926743,81.77,78.7662777350871,195.1154734382158,5.71,4.603446100775552,1.5024413841287463
4,4,Model Selection,93,4,306.81,306.584420784137,0.3141513256722958,673.45,1042.9491201347737,213.73692053501637,7.15,6.738536533038471,1.3770122181900606
4,4,Model Selection,94,2,309.96,310.0150597735298,1.0417873719276634,659.22,447.09074710962926,264.84429062338774,4.79,4.572107693408896,1.6681363475650155
4,4,Model Selection,95,0,314.36,314.02378218352754,0.9649094691087313,139.42,117.5703681077606,197.32611844268882,5.84,3.5226082419384004,1.2202998779549785
4,4,Model Selection,96,0,310.35,311.17103940825126,0.9151833817146905,94.55,95.46518529489265,143.15930667329934,3.98,4.818503970479839,0.616986118279387
4,4,Model Selection,97,0,313.16,313.6221287399073,1.0947174838095872,15.39,-11.262993427164929,221.38419932303432,0.53,5.674812145008074,2.2987084942171996
4,4,Model Selection,98,4,306.83,306.44298025817585,0.2711648010913282,1407.27,1394.8042597488902,167.9296147532592,10.88,11.697591595542923,0.9756201669232851
4,4,Model Selection,99,3,309.81,309.80647752943827,0.33763204138216224,533.37,724.9769752210277,74.18479283367576,7.02,4.998644681305764,0.39577715306023087
4,4,Model Selection + Bagging,0,4,312.33,312.2267012174101,1.3393183009601426,84.06,85.05146674158368,231.71438692674917,0.31,3.0587743986468205,1.6094477648267935
4,4,Model Selection + Bagging,1,4,311.68,310.1140946422693,2.3728318210480253,204.84,252.11425481068318,297.11451238390293,9.2,6.792106357964734,1.7711145475162549
4,4,Model Selection + Bagging,2,0,301.44,305.5010656474855,1.1098471743746956,220.66,347.25928536334453,276.29975722235855,4.44,10.760019529462845,1.9441592355170392
4,4,Model Selection + Bagging,3,4,314.31,313.9900211301013,2.3752342338696013,12.81,15.202844687238212,255.15384456092244,2.87,4.026926785739288,2.0996007809034136
4,4,Model Selection + Bagging,4,1,306.89,305.0274283104847,2.2056104614044405,422.12,351.5981925542501,294.4587061100479,12.1,9.242879220516167,2.3871975665169183
4,4,Model Selection + Bagging,5,1,307.84,307.56529375329035,1.0158633748495187,2201.12,1716.9108425149516,269.64812027383056,5.77,5.1847488987540205,1.3721117767995021
4,4,Model Selection + Bagging,6,2,314.22,313.36320195866415,1.2129703313692575,87.66,66.4731390317096,245.676183776113,3.45,3.532581696557866,2.2508814595258073
4,4,Model Selection + Bagging,7,1,301.14,305.316257957771,2.6290417010234735,965.47,1386.5602943443118,608.1779296335444,6.46,9.358375802786668,3.872387518777729
4,4,Model Selection + Bagging,8,3,306.32,304.87010337923806,1.7010001717751404,331.97,547.1604984988705,349.630403655793,10.22,5.9725221634571986,1.6774903109158852
4,4,Model Selection + Bagging,9,4,304.34,305.7395453748302,2.587352112695617,421.99,533.1149425699193,257.5725879917923,3.37,6.782782649290203,2.783847776182075
4,4,Model Selection + Bagging,10,0,303.31,304.5422828834684,1.1212243318554636,1035.72,473.17245735036715,238.1825422348062,5.86,8.556547397637527,1.5008909356301023
4,4,Model Selection + Bagging,11,2,308.31,308.0015954806465,0.9313476172627352,374.66,399.8063168372746,243.4768773391638,8.57,8.352041715637188,1.4325404411438825
4,4,Model Selection + Bagging,12,2,307.47,307.10812083771395,0.9488882450404271,850.87,883.1662958764576,230.46806759829764,10.63,10.148453307588753,1.7387579899642438
4,4,Model Selection + Bagging,13,0,306.43,307.67368246706616,0.9687243728549726,2256.33,1208.4611143067573,216.26925498740513,4.77,7.793258826528119,1.3662858513936866
4,4,Model Selection + Bagging,14,0,313.31,313.7606071184614,1.4587652431572238,0.85,-66.59453881542845,305.6793510525263,0.42,3.901579619089955,3.044911195119647
4,4,Model Selection + Bagging,15,2,311.83,313.16139497002524,1.1096725497830395,194.23,158.5057681765478,236.24112302316144,3.51,3.6898944482394413,1.663994324425677
4,4,Model Selection + Bagging,16,0,307.32,306.3380397149176,0.9520848213996064,1604.24,1728.4001265962202,190.76154947778534,11.92,10.883248625832366,1.3109188952191237
4,4,Model Selection + Bagging,17,2,311.08,311.4432648345229,1.01185452294867,560.59,398.24242531812695,275.80817552380296,3.19,3.363914959794608,1.8371296320077506
4,4,Model Selection + Bagging,18,1,311.14,309.505104880022,1.6934677818065564,68.07,82.30933184035223,322.9774665565159,5.46,5.077968803076401,2.438975229981937
4,4,Model Selection + Bagging,19,1,312.39,311.15602135522727,2.254610892505336,59.84,247.71238343252867,440.2011619385247,5.02,4.550749073835643,2.8382081028059796
4,4,Model Selection + Bagging,20,0,308.85,309.9876798939749,0.9994430033644491,484.91,314.49312909669,213.48594167205312,7.06,7.491383014848747,1.217883260625091
4,4,Model Selection + Bagging,21,3,311.28,310.5636196094549,1.3066801167124311,410.23,811.0569741735555,266.8143926444851,5.16,4.265461431948608,1.5776964767188517
4,4,Model Selection + Bagging,22,2,312.03,313.1386984405557,1.299674672925293,122.49,145.9289259331996,204.340539437966,3.07,5.0070348525196575,1.7912631930924812
4,4,Model Selection + Bagging,23,2,307.93,307.72481081661834,1.1495131786303243,117.49,146.15687655716408,301.8690689106044,6.42,7.662450697906178,1.8031042797499246
4,4,Model Selection + Bagging,24,0,306.65,306.8264241898661,0.9481426293958617,1388.31,1557.8514580258993,210.76145347683683,11.47,11.523378935561952,1.5328491736999035
4,4,Model Selection + Bagging,25,2,308.18,308.2270754327096,0.8150281035522784,1252.74,1164.9569236731643,240.40258190948882,7.11,6.4771060445970905,1.3077363394842423
4,4,Model Selection + Bagging,26,0,310.29,310.05177604313207,1.1452629373343977,785.56,918.8572119548795,214.6852498424714,5.06,5.147258494097803,1.9147829854493152
4,4,Model Selection + Bagging,27,1,303.33,304.9338776665318,2.198438450033354,1918.36,1870.4702605356424,582.0103761159831,8.91,6.40450353049596,2.849719818227773
4,4,Model Selection + Bagging,28,3,302.73,305.35168044124197,3.1585427534794763,2026.87,1230.3670985437466,699.9827727741899,13.02,7.622601196987008,3.2765081945080112
4,4,Model Selection + Bagging,29,0,310.24,310.2569374092254,0.9940969301668972,305.92,354.5296848139882,209.02826909129976,5.99,5.9412628407447325,1.8221303846196861
4,4,Model Selection + Bagging,30,3,305.2,305.2575884323681,1.8754899334667086,2372.98,1906.664437419634,430.73900827647714,10.28,8.871964843211384,1.864845982706222
4,4,Model Selection + Bagging,31,2,307.79,306.69235438955,1.2017257233744625,1236.45,1255.623990848072,242.66357042276238,12.82,11.002786074194187,1.5710802503332593
4,4,Model Selection + Bagging,32,3,309.58,309.33071943795005,1.2373857981137404,717.28,656.9343502686935,299.5552736412023,6.31,6.143469330896107,1.3576101828965534
4,4,Model Selection + Bagging,33,3,311.54,311.12277467645583,1.6061297599215643,686.14,687.099567559608,328.9329651295105,4.98,3.3074557616122338,2.145316135624247
4,4,Model Selection + Bagging,34,2,308.55,309.4504945029388,1.0031264199743581,367.47,475.9213114422255,226.25258481188862,5.43,4.830115146613581,1.603836702425988
4,4,Model Selection + Bagging,35,0,306.8,306.9417446452629,1.0696843210347429,554.95,595.2293524233029,213.6669562519715,12.78,11.675872695535933,1.387728785961073
4,4,Model Selection + Bagging,36,4,307.12,307.03615959192587,0.7795873320359687,2075.38,2039.9797502192187,290.0879520962711,5.9,6.983356159979456,1.3397372812066772
4,4,Model Selection + Bagging,37,0,309.05,308.78288665081504,0.9962991313417634,1337.07,1338.9373739392731,219.14825926596507,4.68,4.318849522689025,1.2426462769412514
4,4,Model Selection + Bagging,38,4,307.56,309.02877375152747,1.9208455769608672,316.18,371.54281755878907,278.9830394817475,8.14,5.965422762534969,2.017576430200718
4,4,Model Selection + Bagging,39,1,312.34,311.9508891068981,1.902440034662766,106.38,249.50952076944247,369.2477445217576,5.13,4.469007286567065,2.593729616077746
4,4,Model Selection + Bagging,40,3,309.58,308.4243802755156,1.629735783502914,435.02,384.62033431739536,201.38604537567673,7.83,8.389055215319994,1.1963299476127451
4,4,Model Selection + Bagging,41,0,307.48,307.57962593370274,0.8172069805766556,1296.42,950.2456119915091,170.0989578209742,8.74,8.84243461230125,0.6222022917139526
4,4,Model Selection + Bagging,42,3,304.47,304.9876184139722,1.8165233998008798,451.73,777.426360199783,372.4009927733128,7.37,7.780932776587663,1.799904639842083
4,4,Model Selection + Bagging,43,0,311.63,312.01759918391735,1.0614022448907563,91.86,94.03462493299423,212.04863735282072,2.46,2.3254511746467013,1.9051603794347092
4,4,Model Selection + Bagging,44,4,312.52,312.0704983511384,0.8949483284125364,220.1,372.43976815175654,262.558176690452,1.31,1.6340757546675588,1.344403882924577
4,4,Model Selection + Bagging,45,3,312.59,312.1498817628851,1.8134466282118638,188.63,237.3581625686199,333.3864373426194,1.23,2.255403977231979,2.0155315768729127
4,4,Model Selection + Bagging,46,4,306.36,307.2422258541703,1.6026830624061683,947.21,848.1126421288832,289.07981807712264,7.22,7.707256822159358,1.5879704286662857
4,4,Model Selection + Bagging,47,0,302.67,306.13168597796636,1.047272387878796,1366.98,1300.4488218772476,238.18231183493975,10.28,13.284909462697136,1.6227090821938397
4,4,Model Selection + Bagging,48,2,312.73,312.33108090404914,0.9696034473520933,46.91,45.281691714559656,242.52946272096142,1.25,1.3151742498259544,1.5456464978403013
4,4,Model Selection + Bagging,49,3,310.89,309.46744476784374,1.723784366837005,93.48,225.3628643993847,333.4537196247028,4.63,4.233480949547222,1.9907821443433888
4,4,Model Selection + Bagging,50,4,307.08,304.2513872773765,2.278539666243672,130.32,338.2971735803173,390.8339450476099,7.26,7.797609479866733,2.224353845224736
4,4,Model Selection + Bagging,51,2,306.76,306.86693398667774,0.9040333118858725,1543.82,1715.2139133003498,222.19046954594702,10.96,10.34311497874999,1.6422290790538032
4,4,Model Selection + Bagging,52,4,310.33,310.5205249808828,1.845548303472409,570.52,667.3055728225582,311.6275289944441,5.7,5.920443785966927,1.838069292332314
4,4,Model Selection + Bagging,53,0,312.69,312.9198428201895,1.0770097187799914,95.36,79.9564121956198,223.68569409319423,1.39,1.9029574565515377,1.89763278139954
4,4,Model Selection + Bagging,54,0,311.54,311.738206856909,0.9694635496730547,223.41,167.5023009239328,194.65238735975137,4.71,4.797640373454061,1.5811305617414275
4,4,Model Selection + Bagging,55,4,308.42,304.12130342312435,1.8539355539092321,709.64,805.8596373274429,261.51110519832145,12.53,10.40306044515082,1.6979163565274817
4,4,Model Selection + Bagging,56,3,308.18,307.4311233048066,0.8872306032599298,1523.36,1945.6162694488826,297.2144286816642,7.59,6.055124714365922,0.9881081779292366
4,4,Model Selection + Bagging,57,4,308.44,309.2756545012673,1.1163637674788782,1059.82,1229.2250553404028,266.13492862971157,5.32,5.858916458785801,1.6446712333077218
4,4,Model Selection + Bagging,58,4,309.87,310.7231782851579,1.103991196083226,261.82,270.7838275710303,245.45789705386468,2.03,3.324040135327739,1.547346102615265
4,4,Model Selection + Bagging,59,2,308.33,309.3091379845831,0.941097589307105,1098.75,1298.759905611812,250.76688864130878,2.44,5.148348641342396,1.5752863376513968
4,4,Model Selection + Bagging,60,1,306.45,307.09055362824523,2.1440009709767556,268.91,360.64868262147183,492.12477124382684,8.27,5.541609543644912,2.95552063126461
4,4,Model Selection + Bagging,61,1,303.98,304.0007648529304,2.1151027265336135,704.72,1114.0404797966376,415.21281367494896,7.93,7.141542582268354,2.2905672555630385
4,4,Model Selection + Bagging,62,1,308.91,309.950487571626,1.2484863868287948,671.26,706.3838748321464,224.7082185563933,8.35,8.573534660090566,1.5848239550608776
4,4,Model Selection + Bagging,63,0,309.65,310.46602053568023,0.947408689686357,616.92,615.701474291095,176.960777399102,2.11,4.1789321314303685,1.791685917186292
4,4,Model Selection + Bagging,64,3,311.97,311.4410321298606,1.818671471300235,177.02,182.10020881315575,337.37604613856206,2.3,2.4273411033418193,1.901777203045306
4,4,Model Selection + Bagging,65,1,306.98,307.7045439897754,0.904770444517548,2215.59,1615.9397677215948,283.51520995472714,6.68,7.468570739027137,1.3416589183713523
4,4,Model Selection + Bagging,66,3,306.01,306.19848662168664,1.322880604072706,1493.56,1350.037410490721,201.5642830929423,12.0,11.906641985759999,1.5131847534627763
4,4,Model Selection + Bagging,67,3,311.22,312.0371505722908,1.598727448423548,462.07,526.0190315229072,293.1228099265893,3.64,4.808182364970384,2.4005244603702556
4,4,Model Selection + Bagging,68,2,304.88,308.717259059811,1.2885165959281588,395.97,454.3987185675452,239.9827936184456,8.3,10.078405970046713,1.8481043193277942
4,4,Model Selection + Bagging,69,4,310.04,309.18410418179354,1.7441455951390599,990.55,1090.6485202852227,291.5192859692693,2.36,2.916586932188865,1.9807070785357639
4,4,Model Selection + Bagging,70,1,312.89,312.5460850377557,1.2047806052379382,164.97,349.8020542086028,242.49971390078088,0.86,3.894789700300053,1.685752150022176
4,4,Model Selection + Bagging,71,1,312.89,311.89619984798264,1.5288162772122262,42.42,122.6255323598615,287.03804750278397,0.86,1.8650621920714352,1.9124700609407774
4,4,Model Selection + Bagging,72,4,311.83,311.134358767504,0.9623063987294448,492.81,431.95138958251613,223.83501140365559,6.49,3.8527935266047972,1.4466020415937486
4,4,Model Selection + Bagging,73,3,307.38,307.9835714287176,1.4450640581641334,663.32,572.9806881470626,336.4689995499167,9.56,9.177516227118522,1.6799308212156494
4,4,Model Selection + Bagging,74,3,313.21,312.40187423429967,1.7430595382910954,15.08,143.74897210202357,310.39609528850707,0.39,1.9386740501299276,2.0796947299067687
4,4,Model Selection + Bagging,75,1,307.86,308.2626345195611,1.2174267206480338,946.9,1176.3617153386936,273.8995848523468,8.0,6.941812613326225,1.3739462632176742
4,4,Model Selection + Bagging,76,1,307.58,307.97967258251555,0.9474808441419867,1109.01,1212.3193030462942,243.45955740730528,8.19,8.158209853645458,1.0986857227614033
4,4,Model Selection + Bagging,77,2,312.31,312.11922322914313,1.1387155862390725,65.54,64.56177964624112,235.7676439764515,2.01,2.05007968567022,1.9576066444013591
4,4,Model Selection + Bagging,78,1,312.73,313.1937700317923,1.4906621524150077,68.26,15.131888169285503,282.27341922033025,1.34,1.8308289112345726,2.0289385475104162
4,4,Model Selection + Bagging,79,3,306.53,307.28369429066805,1.9230946693097253,466.58,736.0009004955417,464.9926361266555,7.25,7.685775700425314,1.8809731462548538
4,4,Model Selection + Bagging,80,1,315.92,312.187440810016,1.8479450673798705,84.11,236.6223316215665,319.09362065144063,3.9,4.423931398556395,2.845131428790003
4,4,Model Selection + Bagging,81,1,309.26,308.2368051833818,2.5193166771454965,613.05,771.6105584419546,414.57826727079765,8.86,10.528574466563182,3.1759560989005364
4,4,Model Selection + Bagging,82,2,310.16,308.2774073416869,0.9316121743255021,517.94,599.5257913619621,253.6753818506766,7.35,6.560373809713863,1.6491403793698267
4,4,Model Selection + Bagging,83,2,304.65,302.87251406088706,1.3573732982065307,2419.87,1637.3300194131284,260.4826751931395,12.79,8.77971776551302,2.070008439255981
4,4,Model Selection + Bagging,84,3,315.33,313.94835577020996,2.2487584163832763,96.59,69.66920571793025,333.58479502128347,6.91,4.177359376429974,2.2155453540604952
4,4,Model Selection + Bagging,85,1,311.02,310.266398807943,2.1594167567351343,146.83,351.73096859246857,445.5535701819223,5.0,5.653445796479401,2.6064062086412805
4,4,Model Selection + Bagging,86,2,309.61,309.9387243514832,1.1882576576179074,540.43,685.5864005804659,241.64616831749873,7.42,8.097440043334299,2.105865726439677
4,4,Model Selection + Bagging,87,4,311.04,312.0305060094425,0.9414054352572766,153.39,122.96405255637717,247.234235144082,1.96,1.9507649171429104,1.5085647849990815
4,4,Model Selection + Bagging,88,1,312.29,312.3088194462373,2.1681018297067727,42.84,126.16400215034639,399.4697472964843,3.51,3.1574431713145072,2.5565620889756606
4,4,Model Selection + Bagging,89,4,311.14,311.59011469852567,1.8138244626037376,504.12,533.8507334813568,277.82358907041527,4.26,4.728876412655722,1.8640306674819862
4,4,Model Selection + Bagging,90,4,308.79,307.3486929439244,1.2400994041070026,843.81,980.9264854883863,242.96310074012086,7.69,6.894437938612737,1.6511790660448067
4,4,Model Selection + Bagging,91,3,302.53,305.19392694869236,2.4200853099313098,2030.6,1661.1687746949071,592.0104947377304,2.36,6.969601214169086,2.8936333439263904
4,4,Model Selection + Bagging,92,2,312.07,311.19064013305075,1.0138769163064922,81.77,76.77327772861304,223.09471371559223,5.71,4.713739881397923,1.6375144397233676
4,4,Model Selection + Bagging,93,4,306.81,306.3363244617962,1.2622342352276303,673.45,1006.1628738406046,264.77857815069524,7.15,6.409991208404056,1.9802621791181736
4,4,Model Selection + Bagging,94,2,309.96,310.0398953948461,1.082689227141455,659.22,470.0781071267937,292.67215340347195,4.79,4.694870473888807,1.7107219446915405
4,4,Model Selection + Bagging,95,0,314.36,313.6885998048089,1.1576183465665053,139.42,124.8522720151642,235.9139501956676,5.84,3.6501176790091305,1.6210522480490992
4,4,Model Selection + Bagging,96,0,310.35,310.9940750743932,1.0587931491118532,94.55,92.04071228285227,174.5842335075312,3.98,4.980718782954521,1.1389176434196646
4,4,Model Selection + Bagging,97,0,313.16,313.7302803628831,1.3393115495646701,15.39,-22.32441406324358,272.3400621555371,0.53,4.316256588417971,3.0492222739924455
4,4,Model Selection + Bagging,98,4,306.83,306.8653196821893,0.7426857569097286,1407.27,1485.980931815468,205.55238441093414,10.88,11.543078871408444,1.1485810111561399
4,4,Model Selection + Bagging,99,3,309.81,309.9406346108666,1.2358008878756959,533.37,750.3085027064266,283.6182477675226,7.02,4.459103906688139,1.5104796112853494
5,5,Single GP,0,3,312.33,313.1551990527981,0.3576982988833348,84.06,57.40778035252549,113.19505248828162,0.31,3.3505639271861263,0.5565925518980714
5,5,Single GP,1,3,311.68,309.8308980960627,0.35089336878577776,204.84,168.01613413708657,161.36442433317927,9.2,6.461221953222876,0.78233177061431
5,5,Single GP,2,3,301.44,305.21015672914564,0.4098941287253595,220.66,540.8629009327316,166.90929384178048,4.44,10.318829755077415,0.4991698615219195
5,5,Single GP,3,2,314.31,314.9579935732527,0.6686375680857881,12.81,19.06001161906545,118.55545045936569,2.87,5.251356492585008,2.4404880499258272
5,5,Single GP,4,3,306.89,306.22709907368085,0.3925985836810988,422.12,535.8907525599906,155.42689388191687,12.1,12.11715795863483,0.5262204454485823
5,5,Single GP,5,3,307.84,307.7098661882853,0.3057231154875896,2201.12,1830.3714517436815,135.78051161167386,5.77,6.766315019334404,0.37821317592099635
5,5,Single GP,6,1,314.22,313.4018231390177,0.6844062285166175,87.66,129.3006752322783,181.5811476428679,3.45,1.2381297202074961,1.9725361230001615
5,5,Single GP,7,4,301.14,303.27984876654614,0.6336140281530922,965.47,1303.573396691149,198.75885465651902,6.46,11.88686005511152,1.7049432919788599
5,5,Single GP,8,4,306.32,305.9198290056238,0.3661581452789915,331.97,470.5128986533442,100.22716662989012,10.22,6.275772203954531,1.4188674983561955
5,5,Single GP,9,3,304.34,304.57175347810795,0.5367911856295552,421.99,661.8820879303416,187.03288357804584,3.37,9.716654903913977,0.8083835944801897
5,5,Single GP,10,0,303.31,303.4792756186126,0.4502376044146093,1035.72,378.5151268211231,135.7680258557937,5.86,7.145520343108842,0.8955236622824709
5,5,Single GP,11,2,308.31,307.9930901058506,0.3431622051700654,374.66,368.0974415397604,106.88870825636852,8.57,9.050029961265858,0.8895311229809728
5,5,Single GP,12,0,307.47,307.0308050457862,0.337937129869887,850.87,914.1211463351071,99.9725489969596,10.63,10.58759436217911,0.5967071356200855
5,5,Single GP,13,1,306.43,307.3742369194188,0.3429446038746757,2256.33,1053.846758242714,105.45897733629096,4.77,8.345313781060968,1.2635342582625508
5,5,Single GP,14,2,313.31,313.68262038205694,0.6187093308749766,0.85,19.49724521005703,230.91961840324143,0.42,0.9081342221146738,1.2572758180785506
5,5,Single GP,15,4,311.83,312.5491444810842,0.36926950934008707,194.23,135.78265243936931,111.20353690986603,3.51,1.6387411099074072,1.1347814036675363
5,5,Single GP,16,4,307.32,306.55551282280067,0.332115505983232,1604.24,1691.3500888215697,81.09795477432799,11.92,10.733157628106593,0.46697239371214766
5,5,Single GP,17,0,311.08,311.05613158922597,0.3775868872068568,560.59,478.9613476897554,114.4429464044045,3.19,4.023369294708909,0.6999483418693466
5,5,Single GP,18,3,311.14,309.9645908135258,0.3866855441874426,68.07,66.8774662475115,140.1320337016358,5.46,5.484393227116204,0.6329031019912931
5,5,Single GP,19,2,312.39,312.2515016765099,0.44020446333351254,59.84,78.16045516208374,142.17153052152085,5.02,4.843523650088395,1.2399263685846438
5,5,Single GP,20,0,308.85,309.08018780576714,0.3101143025337917,484.91,372.4923083578047,106.73009471339027,7.06,8.261744076076187,0.6447067472373531
5,5,Single GP,21,1,311.28,310.47463461667496,0.360266850787329,410.23,650.7603538045748,94.76744908987006,5.16,5.012060601905819,0.9570512540520477
5,5,Single GP,22,1,312.03,313.2687040309747,0.5598743492730711,122.49,89.62826509896945,165.9407565425861,3.07,7.087528359399842,1.5962733425966795
5,5,Single GP,23,0,307.93,307.8963766857578,0.42946398524350615,117.49,51.98799944727921,136.74043800418596,6.42,8.331327252444703,0.7981873146387074
5,5,Single GP,24,1,306.65,307.0745061119066,0.37596820552964305,1388.31,1291.7109203380217,70.08251189003974,11.47,12.139115989151655,0.8398490626419988
5,5,Single GP,25,1,308.18,308.34933799834005,0.2827029620142463,1252.74,1052.0952311929536,81.54608975888588,7.11,6.27811291999427,0.9541694476081817
5,5,Single GP,26,1,310.29,309.9582209991237,0.5987329538233971,785.56,715.3979366987392,164.9789364273432,5.06,5.9169348676396805,2.092997968895647
5,5,Single GP,27,4,303.33,303.8715298499303,0.5487088264111545,1918.36,1962.8059184498493,216.5406413002037,8.91,4.729867562886425,1.6140843523854191
5,5,Single GP,28,0,302.73,300.78293329616486,0.8018122676693068,2026.87,1630.0185531293696,214.63619764541355,13.02,3.2623657514801074,1.3725387551997135
5,5,Single GP,29,2,310.24,310.3181193034483,0.5231130342087296,305.92,436.6055028759594,86.80811754089659,5.99,6.570483469264182,2.357670117787254
5,5,Single GP,30,4,305.2,305.29312138831045,0.5007582169438257,2372.98,2170.310868262616,174.37669082205875,10.28,7.9183407791848355,1.819087568919982
5,5,Single GP,31,3,307.79,306.90240165613716,0.43030074632161136,1236.45,1185.3799413907605,146.68773802429416,12.82,11.304192145719831,0.6785781188884177
5,5,Single GP,32,0,309.58,309.7748250277765,0.29035766576964156,717.28,617.8348743820922,102.53024909612404,6.31,6.5305699581325,0.6128909861593782
5,5,Single GP,33,2,311.54,311.0373475250836,0.34902187712047605,686.14,516.9318941197101,95.46199890482536,4.98,4.059795747421505,1.471227186386637
5,5,Single GP,34,0,308.55,309.2056821475761,0.36012289993169994,367.47,376.45045040295633,113.31110558999835,5.43,4.588077802077208,0.6350457348442382
5,5,Single GP,35,0,306.8,306.8477117461325,0.39665371759924484,554.95,573.6254690270803,140.23225765158332,12.78,10.408441934780926,0.858687024339363
5,5,Single GP,36,3,307.12,307.2301345986873,0.2807361934123802,2075.38,2021.2677658005348,113.90930445653942,5.9,7.3916589130057355,0.3756708537845812
5,5,Single GP,37,0,309.05,309.0488811815277,0.3281510308095291,1337.07,1408.2172488942695,106.04264076339462,4.68,4.856156038975892,0.5761881621834036
5,5,Single GP,38,3,307.56,306.9538572773384,0.4346949758040786,316.18,365.25742961794333,151.4464024992011,8.14,5.763641408397421,0.7633141814088419
5,5,Single GP,39,1,312.34,313.0460133094075,0.6405875806868632,106.38,98.71958494267892,225.549262365888,5.13,6.774944854151693,2.1937682307596433
5,5,Single GP,40,0,309.58,308.94493706607074,0.3298958513933337,435.02,426.684779226769,87.1177904820801,7.83,8.970646657642483,0.5278534245431044
5,5,Single GP,41,3,307.48,307.5657058134376,0.2331660637482485,1296.42,1053.8186673055257,80.45640200659605,8.74,8.782329556330797,0.38837142000102604
5,5,Single GP,42,0,304.47,305.4997508450481,0.3984855990836226,451.73,562.8276939966235,127.27070349447875,7.37,9.63720709368122,0.7858511656038442
5,5,Single GP,43,2,311.63,312.5314290078409,0.4057788482680733,91.86,143.41940895149162,111.70620346256884,2.46,2.5648355409667367,1.4873283624286915
5,5,Single GP,44,4,312.52,312.5784644342432,0.4956763708105047,220.1,322.5214251221649,143.67937422053035,1.31,1.1570817004250022,0.6628194989438299
5,5,Single GP,45,2,312.59,312.47066275068147,0.4568263327807864,188.63,173.55715620956073,108.51004648104782,1.23,1.3106944075398115,0.7713319841931784
5,5,Single GP,46,0,306.36,307.06164727680675,0.391016641081596,947.21,960.6871337423296,124.01552504371065,7.22,7.837554196968638,0.7265357578083984
5,5,Single GP,47,3,302.67,305.4227473321175,0.3783105679471326,1366.98,1362.4401776048792,118.81954258733967,10.28,12.128843681790002,0.6208011600926492
5,5,Single GP,48,1,312.73,312.26016971651273,0.6408237247137942,46.91,130.8719664234418,243.54445040508497,1.25,2.17602333864055,2.2509598961157544
5,5,Single GP,49,2,310.89,310.46383197057787,0.3698429867678438,93.48,187.45081053866454,177.89103900260764,4.63,4.061581200146421,1.180757141108207
5,5,Single GP,50,1,307.08,304.50750012438255,0.6721082396359457,130.32,238.75863006778604,218.15135758400464,7.26,6.566987721390635,2.1458140793887566
5,5,Single GP,51,3,306.76,306.61609403046,0.24319057142041434,1543.82,1829.1063168426458,82.06334818131421,10.96,10.862213570305222,0.3969127778785949
5,5,Single GP,52,2,310.33,310.23453373611005,0.41740902034299593,570.52,839.2537223630401,151.03400236706997,5.7,6.754876728457145,2.138697315048943
5,5,Single GP,53,4,312.69,312.85995808158253,0.41304114649832513,95.36,65.22070451645652,115.86143835749382,1.39,1.5820546770529509,1.1864049690488305
5,5,Single GP,54,1,311.54,311.82997709204346,0.4111147354341786,223.41,286.4186449441625,108.59052324833647,4.71,4.453566015329123,1.6229817848500565
5,5,Single GP,55,1,308.42,305.4374688100788,0.36874511040853214,709.64,796.6258574793238,104.75150072513308,12.53,9.057499905458887,1.2098783510846767
5,5,Single GP,56,1,308.18,308.26071497268174,0.31431871128589434,1523.36,1523.68794558833,88.97973356752085,7.59,6.909574792366974,0.8607271879972466
5,5,Single GP,57,0,308.44,309.2219175921255,0.35432556331573406,1059.82,1256.423018923113,118.23744158428995,5.32,5.969612483652188,0.7217812347407065
5,5,Single GP,58,3,309.87,311.1981659908803,0.2657353083790965,261.82,234.47000064283407,117.95471728256979,2.03,3.9812242996159997,0.4875785086135551
5,5,Single GP,59,2,308.33,309.33834514427235,0.34325667146132766,1098.75,1285.211086798287,101.3061126510832,2.44,4.738950831721334,1.1778497562273673
5,5,Single GP,60,0,306.45,305.73125024213016,0.5285325053061193,268.91,234.88588600945855,172.9327295548343,8.27,4.396168542467787,0.983862927902628
5,5,Single GP,61,4,303.98,303.40374740994815,0.4346788148693471,704.72,1162.4367746631597,131.62829392953915,7.93,5.617144432158398,1.3620743706155505
5,5,Single GP,62,4,308.91,308.90847277761645,0.35005523493743107,671.26,757.6685335123016,90.68080068097852,8.35,8.902777128330206,0.9977255479524595
5,5,Single GP,63,1,309.65,310.5105306927349,0.43602916135374126,616.92,525.9750793375292,135.72014564247797,2.11,2.9045552473939753,1.296269522546966
5,5,Single GP,64,1,311.97,311.857138215676,0.5186555933207403,177.02,366.3872187139574,192.37151562740235,2.3,3.5659810346921654,1.5915078247365169
5,5,Single GP,65,4,306.98,308.0846041843974,0.34888890932160904,2215.59,1751.5355803093453,97.2730889663421,6.68,8.161199227834285,1.0350153874647423
5,5,Single GP,66,0,306.01,306.53033148385407,0.4163110434829182,1493.56,1430.7409516985604,124.2299755288498,12.0,11.676373021712621,0.6208946972750679
5,5,Single GP,67,2,311.22,311.9091773251507,0.32395856323751854,462.07,402.96129363494873,120.12512627295642,3.64,4.3417744367834565,1.1403178166793302
5,5,Single GP,68,3,304.88,308.5435453696827,0.34476393369662717,395.97,316.50996681047803,122.25296327438849,8.3,8.608322390758966,0.658296135796853
5,5,Single GP,69,0,310.04,309.71266563951497,0.5985921391436434,990.55,827.1077433045275,228.35794696429917,2.36,1.8893511980426885,1.01162693860837
5,5,Single GP,70,0,312.89,311.92357956225777,0.3222661875794461,164.97,358.2664595822434,110.4065039408394,0.86,4.8051902360405325,0.6496624127206686
5,5,Single GP,71,1,312.89,312.2794234169755,0.7166917340458907,42.42,226.91370570824517,311.8092293638917,0.86,2.67084071183224,2.1626859521158006
5,5,Single GP,72,1,311.83,311.61632676616307,0.38956958925576973,492.81,433.1768114372214,91.52224832074968,6.49,4.18192509618693,1.149464788589282
5,5,Single GP,73,4,307.38,307.6288387339058,0.5198289081738624,663.32,684.682437097992,148.1766180437046,9.56,9.188275444042768,1.4403923610710572
5,5,Single GP,74,0,313.21,313.095160856768,0.5317884900790018,15.08,36.38772094452486,151.7655458714828,0.39,0.4082587150529191,0.9740959806432711
5,5,Single GP,75,4,307.86,307.6873896852338,0.40214884857254735,946.9,1229.2203411138598,139.5632274935452,8.0,6.418432715167219,1.0066905572512044
5,5,Single GP,76,4,307.58,307.992347492377,0.35321173748395746,1109.01,1180.648956344802,86.81972951331554,8.19,8.25656333308994,0.9683230132235836
5,5,Single GP,77,4,312.31,312.0618368240291,0.5196591361037098,65.54,47.500104624622054,123.25888693601306,2.01,0.6425046346220649,1.4838210090102046
5,5,Single GP,78,4,312.73,313.2436873827291,0.38266052400214934,68.26,37.752998263136305,116.43508569591724,1.34,2.868088379698719,1.1780627167165658
5,5,Single GP,79,2,306.53,307.4179607626147,0.4083226040070712,466.58,478.9348225709164,133.2242408688851,7.25,7.5454807011231,1.4869501557364548
5,5,Single GP,80,4,315.92,313.15607075592663,0.564667913892006,84.11,74.31703779190548,169.17699049133222,3.9,2.243693284764104,1.6528966765650137
5,5,Single GP,81,3,309.26,307.84788814499484,0.8032001487769311,613.05,551.7117827136248,275.32179402992597,8.86,9.04815546159729,1.3040265928371553
5,5,Single GP,82,2,310.16,308.1687007199625,0.2860396261811316,517.94,709.7504326162086,82.92776962650116,7.35,5.098289304539521,0.8997398265204511
5,5,Single GP,83,2,304.65,303.4182562313727,0.43949975037027394,2419.87,1690.0140176831042,94.83482574535357,12.79,7.144745457727753,1.5774217306880365
5,5,Single GP,84,3,315.33,313.6713639483151,0.3419264873322776,96.59,71.9572347012703,123.58991901012398,6.91,3.421914199587705,0.5911016039986074
5,5,Single GP,85,2,311.02,310.929258094173,0.6411791923258447,146.83,204.2145528038098,96.87828676648381,5.0,6.3440549298752185,2.4625259366736154
5,5,Single GP,86,2,309.61,309.77871012816934,0.5788923696163318,540.43,748.7490845284943,74.56864020371923,7.42,7.218443617169428,2.098436831992221
5,5,Single GP,87,1,311.04,311.94276439330497,0.58665534438105,153.39,227.81749743817227,173.71088109789324,1.96,3.4955737694751337,2.3910667252780544
5,5,Single GP,88,1,312.29,313.12520711101314,0.5398750446501897,42.84,106.00419770000167,160.17549070618517,3.51,3.240081528147391,1.8357435762340983
5,5,Single GP,89,2,311.14,310.99914438251284,0.48585998879956716,504.12,564.171240389464,107.69691051087882,4.26,5.212861275917985,1.9387006221674397
5,5,Single GP,90,4,308.79,307.5708319359721,0.38687240164533865,843.81,1019.1797997899118,119.61122894388717,7.69,5.76474459191411,1.2872370851832995
5,5,Single GP,91,3,302.53,303.29605798931635,0.4714216750829759,2030.6,2585.65028891508,180.05646466721873,2.36,9.971068444974348,0.7362697212089767
5,5,Single GP,92,4,312.07,311.01755376881835,0.4568644673287836,81.77,51.01316934206341,106.57739652670332,5.71,3.9072896511544277,1.3507112225864486
5,5,Single GP,93,3,306.81,306.6228771924901,0.2809822213578787,673.45,1085.2596893646053,118.97264630536891,7.15,7.764169484453893,0.5443353444236279
5,5,Single GP,94,1,309.96,309.6957907284369,0.46979791328391163,659.22,670.5822889224229,119.72349043926572,4.79,5.066449974870822,1.1393685242066265
5,5,Single GP,95,2,314.36,313.6248379770194,0.41743692241159835,139.42,100.48320683341183,108.67009779469635,5.84,4.072185736471253,1.5978742794591538
5,5,Single GP,96,3,310.35,310.4405935974325,0.42334126363446495,94.55,86.7986892506865,129.41511516970007,3.98,4.622857812954928,0.723385105177313
5,5,Single GP,97,0,313.16,313.5898546328838,0.5369905400557535,15.39,26.00955347388117,165.43356204217275,0.53,1.031780510856155,0.8331769193153592
5,5,Single GP,98,2,306.83,306.64428997575186,0.2786113163312348,1407.27,1417.7874561426613,69.899212887395,10.88,12.257606869751047,0.5010812137096515
5,5,Single GP,99,4,309.81,309.77706444223406,0.3038465097078497,533.37,708.678037616158,88.02641291309192,7.02,4.967466657481466,1.2370848975681337
5,5,Model Selection,0,3,312.33,313.1073606821251,0.44549007379648176,84.06,42.77615480385839,100.96561912664028,0.31,3.290834213492563,0.5173479354945909
5,5,Model Selection,1,3,311.68,309.8484888470562,0.5127244157882863,204.84,137.51291346526403,123.65316633612619,9.2,6.32407073676295,0.6147484919404997
5,5,Model Selection,2,3,301.44,305.60783497868016,0.5790371439788136,220.66,517.8698543945628,139.46107061081537,4.44,9.653739290466268,0.6947559273450995
5,5,Model Selection,3,2,314.31,315.1948220916136,1.5509512992182624,12.81,19.06001161906545,118.55545045936569,2.87,3.9875934147788317,2.1374131252660376
5,5,Model Selection,4,3,306.89,306.4586922038754,0.55807800946398,422.12,617.9621534776855,136.2578355499495,12.1,11.620208510258117,0.6749341980043881
5,5,Model Selection,5,3,307.84,307.455392958341,0.4534756274481447,2201.12,1873.885144428408,108.06667255422303,5.77,5.99133322526675,0.5411893383846792
5,5,Model Selection,6,1,314.22,312.7395531021492,0.8760249504225807,87.66,-8.367942169045477,165.23697533527672,3.45,1.3515115325316165,1.3512520887788695
5,5,Model Selection,7,4,301.14,303.9518165706315,1.1618531296752743,965.47,1293.033998133389,276.2907561720062,6.46,9.895737887496452,1.7220539629018974
5,5,Model Selection,8,4,306.32,305.52791566285424,1.047311669232647,331.97,434.44623690678327,214.13071742950277,10.22,6.283817443394918,1.523324099983977
5,5,Model Selection,9,3,304.34,304.99547312557337,0.6922132991700197,421.99,708.8454462137942,165.91430155665944,3.37,8.78239425087441,0.8300233731721093
5,5,Model Selection,10,0,303.31,303.9860081228616,0.5764450567802957,1035.72,438.53120262032377,130.68233308168274,5.86,7.458759707516007,0.7043094286603218
5,5,Model Selection,11,2,308.31,307.7875328530693,0.8431253511431085,374.66,368.0974415397604,106.88870825636852,8.57,8.327628786839664,1.229670073657692
5,5,Model Selection,12,0,307.47,307.11683001554644,0.41288295942715386,850.87,955.4360931290779,90.28462006618768,10.63,10.796902423533226,0.4659143247195086
5,5,Model Selection,13,1,306.43,306.4665392476545,0.4026020366301414,2256.33,1177.9458266923048,78.04448379502226,4.77,6.394367641971197,0.5431939632507703
5,5,Model Selection,14,2,313.31,313.4606386743387,1.1476545262418103,0.85,19.49724521005703,230.91961840324143,0.42,0.8078822932121739,1.4837889428946178
5,5,Model Selection,15,4,311.83,312.3863454171074,0.8813349818524693,194.23,189.74746949686158,221.70194794527697,3.51,2.6939962905381227,1.3493326989890724
5,5,Model Selection,16,4,307.32,306.7654326828994,0.6610312820806181,1604.24,1610.717040669053,152.19685344418494,11.92,11.060852230648834,0.9269200175420763
5,5,Model Selection,17,0,311.08,311.44220447947964,0.438716983188223,560.59,503.8455842380789,98.41894347245704,3.19,3.711805299276825,0.5265017491503924
5,5,Model Selection,18,3,311.14,309.8375711889987,0.520470226694433,68.07,51.34421404830141,120.88417129276677,5.46,5.443028647501913,0.6133418347944446
5,5,Model Selection,19,2,312.39,311.851841347057,1.0451326170521702,59.84,78.16045516208374,142.17153052152085,5.02,5.2061005998614425,1.3860006847013162
5,5,Model Selection,20,0,308.85,309.3642610668097,0.35864829054088204,484.91,419.3409565525236,80.5866757462615,7.06,8.075966107542268,0.4301768739903078
5,5,Model Selection,21,1,311.28,310.4097250480406,0.3956174713746118,410.23,724.6897971760953,76.86951840117617,5.16,3.8352975005978935,0.5276487811391024
5,5,Model Selection,22,1,312.03,313.7713985605117,0.801068324945386,122.49,120.188059728913,151.17413520163444,3.07,5.557767568541891,1.184276573650058
5,5,Model Selection,23,0,307.93,308.2553108573981,0.5288750802621156,117.49,45.67896071405221,119.25635925252332,6.42,8.065141448580789,0.6389346556434551
5,5,Model Selection,24,1,306.65,307.22018806982504,0.41940416913057244,1388.31,1387.6939476299515,81.86994220301757,11.47,12.12551917217543,0.5257729657945899
5,5,Model Selection,25,1,308.18,308.2391144297536,0.3137357499577584,1252.74,1109.990037833276,60.981952061766314,7.11,7.20081366301393,0.40163070261211453
5,5,Model Selection,26,1,310.29,309.7419906199447,0.7504969729657771,785.56,888.2188285587108,141.45714145333332,5.06,3.2996286510513886,1.1538149223535368
5,5,Model Selection,27,4,303.33,304.5359210410353,1.1683696942394082,1918.36,1805.0641794375822,293.8958582315504,8.91,5.342612281986276,1.6780054747356932
5,5,Model Selection,28,0,302.73,300.9234000773053,0.9425526261655647,2026.87,1658.8561275581937,217.04143710790507,13.02,3.2189530923244125,1.1839532240866777
5,5,Model Selection,29,2,310.24,310.2038425185101,1.3797102733117534,305.92,436.6055028759594,86.80811754089659,5.99,6.616803281857967,1.9857609944417756
5,5,Model Selection,30,4,305.2,306.0125634527382,1.1964973632679503,2372.98,1924.0749830434568,269.64630829426005,10.28,7.98120559479896,1.7769092545240908
5,5,Model Selection,31,3,307.79,306.80593764239563,0.5117452769789423,1236.45,1193.0875492539328,122.71741399527279,12.82,10.998072406392257,0.6120007220026172
5,5,Model Selection,32,0,309.58,310.09478473061495,0.3329841432080354,717.28,617.3249771625345,74.18681086026834,6.31,6.84975311207639,0.3915766987399816
5,5,Model Selection,33,2,311.54,311.14677113353224,1.0480849374832204,686.14,516.9318941197101,95.46199890482536,4.98,3.48472637605495,1.5274258440170538
5,5,Model Selection,34,0,308.55,309.3326939309686,0.4372348333792016,367.47,394.1261313760412,98.15501798567135,5.43,4.300856530243747,0.5202568577097869
5,5,Model Selection,35,0,306.8,306.70552672816746,0.5715948275396691,554.95,607.8111611256741,129.67754844344472,12.78,10.609426878970261,0.696604016631975
5,5,Model Selection,36,3,307.12,306.9496144448799,0.3878361005832433,2075.38,1961.333436273406,89.95419678254123,5.9,6.870455226873609,0.4559847261426376
5,5,Model Selection,37,0,309.05,308.72407421808174,0.41185545231754417,1337.07,1413.5105197355085,90.98191332381947,4.68,4.557418990841104,0.47756767025319813
5,5,Model Selection,38,3,307.56,306.9560335595685,0.5145784442213824,316.18,411.79160209843667,125.89297331571933,8.14,5.44086068255293,0.6233703281933917
5,5,Model Selection,39,1,312.34,313.4321820762604,0.9538175480970501,106.38,155.0518534455124,177.5187514814977,5.13,6.012337343990432,1.4976855766590365
5,5,Model Selection,40,0,309.58,308.9408294921154,0.37405156002425716,435.02,465.37446460553804,81.98823825673091,7.83,8.943153271937797,0.42384846354891975
5,5,Model Selection,41,3,307.48,307.45648242030376,0.2736443466144895,1296.42,1072.306972248332,60.867749641596475,8.74,9.100968291666607,0.3135618511236447
5,5,Model Selection,42,0,304.47,305.6929244890433,0.48397180187105565,451.73,731.5383759240854,108.41553492535301,7.37,9.071704099294088,0.5767484437881039
5,5,Model Selection,43,2,311.63,312.01565727284094,1.1012984113430662,91.86,143.41940895149162,111.70620346256884,2.46,3.0868217653727617,1.5024078262461134
5,5,Model Selection,44,4,312.52,312.4413926053408,0.7757223748952152,220.1,375.9523591289753,206.3550563797488,1.31,1.3085933312642402,1.0858634247558783
5,5,Model Selection,45,2,312.59,312.8224085835806,0.7915364063015397,188.63,173.55715620956073,108.51004648104782,1.23,1.4687573648289511,1.191696848624787
5,5,Model Selection,46,0,306.36,306.62146835034196,0.4754539400682721,947.21,1098.4135859380463,107.53967182563895,7.22,7.8484989806222885,0.5729396113702596
5,5,Model Selection,47,3,302.67,305.4078969319093,0.4426380553560767,1366.98,1365.843269647339,104.73907983878273,10.28,11.935534793344072,0.5265289949520107
5,5,Model Selection,48,1,312.73,311.8287871952753,1.1501296838882167,46.91,73.56426547426395,210.015117458312,1.25,-0.2924560595168719,1.9204672732437424
5,5,Model Selection,49,2,310.89,309.6974689980048,1.0073069377773345,93.48,187.45081053866454,177.89103900260764,4.63,4.011055152517314,1.298234640304411
5,5,Model Selection,50,1,307.08,302.345938815326,1.1118831209334639,130.32,242.9241205090721,207.28983107069953,7.26,1.9352090678892369,1.7868712439602188
5,5,Model Selection,51,3,306.76,306.4508890806559,0.3016985911937745,1543.82,1746.432805199266,66.8251888901707,10.96,10.829838196678697,0.34539617592420896
5,5,Model Selection,52,2,310.33,310.64205385584654,1.3401945614488704,570.52,839.2537223630401,151.03400236706997,5.7,6.715441632320442,1.866988808945627
5,5,Model Selection,53,4,312.69,312.67282900325466,0.9989785659060517,95.36,74.80671642545224,214.99910272486693,1.39,1.584280586017071,1.381136268873359
5,5,Model Selection,54,1,311.54,312.24128408261845,0.45014980797247545,223.41,198.00047267267666,87.75347721256269,4.71,4.1964230252814385,0.6114301333945977
5,5,Model Selection,55,1,308.42,304.6152366544258,0.4775277223599533,709.64,764.5835366035147,92.92778616399643,12.53,8.897146639438164,0.6591112891207923
5,5,Model Selection,56,1,308.18,307.57550087750235,0.3538734128138418,1523.36,1489.2736156698184,68.06171183473678,7.59,6.5458390889365585,0.47160567700406514
5,5,Model Selection,57,0,308.44,309.3010810668625,0.4241425696066854,1059.82,1272.1113693650786,95.87466824024722,5.32,5.858753048016596,0.5129750009740605
5,5,Model Selection,58,3,309.87,311.3744841876881,0.3636508625909769,261.82,256.60330552974244,85.46698172138464,2.03,4.034541498020795,0.43053523641104646
5,5,Model Selection,59,2,308.33,309.2460715756174,0.9441666151603025,1098.75,1285.211086798287,101.3061126510832,2.44,5.12316589309233,1.3943105046159339
5,5,Model Selection,60,0,306.45,306.26933405265623,0.7366887273334621,268.91,269.14790156425556,167.43895471897943,8.27,4.411783272396318,0.8973773293639106
5,5,Model Selection,61,4,303.98,302.78033918583185,0.9600182415790793,704.72,1092.096082744893,231.64346668384127,7.93,5.827857093526404,1.4713166016454282
5,5,Model Selection,62,4,308.91,309.3837834566748,0.9781069681013935,671.26,801.7507846136357,208.6159689759763,8.35,8.593967605563286,1.324118740451535
5,5,Model Selection,63,1,309.65,309.62169557786007,0.613838015158133,616.92,585.9494851941627,116.50455835207589,2.11,0.9155237899550484,0.8983500977626769
5,5,Model Selection,64,1,311.97,311.1315048823298,0.8576226850483551,177.02,155.51217312487267,158.96412613806638,2.3,0.21880207037467514,1.3843253262011932
5,5,Model Selection,65,4,306.98,308.16521931759854,0.8502072152588283,2215.59,1674.3364702786125,197.4262094040214,6.68,7.892036262287485,1.320391616641812
5,5,Model Selection,66,0,306.01,306.639556180415,0.48960782077769605,1493.56,1488.8717614000332,110.35759955643508,12.0,12.452012422191768,0.5889457486884987
5,5,Model Selection,67,2,311.22,312.09875443147854,0.9989155826593044,462.07,402.96129363494873,120.12512627295642,3.64,3.8301874949450387,1.3901417091139598
5,5,Model Selection,68,3,304.88,308.55936587755366,0.45656782773305205,395.97,306.87943172409103,105.98723523544307,8.3,8.644522926701459,0.537139571147119
5,5,Model Selection,69,0,310.04,309.18229997010025,0.8514394881952486,990.55,886.0786544174499,200.85092434672725,2.36,1.600528688529299,1.1316307138225843
5,5,Model Selection,70,0,312.89,312.40989487599796,0.38374690427159003,164.97,422.6677813605754,85.04293416970128,0.86,3.965917318403954,0.44728556477052583
5,5,Model Selection,71,1,312.89,311.2826010239157,1.411509044804056,42.42,71.12872295917282,253.65518180479384,0.86,-1.1092705450555762,2.433808495100421
5,5,Model Selection,72,1,311.83,311.55798611822735,0.45853126363828345,492.81,487.82933641920874,88.84494947806367,6.49,3.44383622653332,0.6097578209229076
5,5,Model Selection,73,4,307.38,307.7819733739163,1.1239439588609341,663.32,727.8376831873283,225.24062690933243,9.56,9.58055785044795,1.580717541422935
5,5,Model Selection,74,0,313.21,312.8176021381733,0.6497415952686746,15.08,-21.555231474075526,149.45099758700846,0.39,0.7219806777162638,0.8154826351955325
5,5,Model Selection,75,4,307.86,307.4744888906316,0.9847557341899513,946.9,1165.5480193663298,236.88966344821833,8.0,6.1375843498865565,1.4067332927467175
5,5,Model Selection,76,4,307.58,307.86653551813794,0.8113833009464908,1109.01,1255.8684055249323,173.19166492459848,8.19,7.960133752590851,1.239415412943725
5,5,Model Selection,77,4,312.31,311.6231894318053,1.0400011403733764,65.54,51.65002089775419,209.04646950123157,2.01,1.2951094770855551,1.5373641940415044
5,5,Model Selection,78,4,312.73,313.02439083237306,0.9792717868193401,68.26,54.62966107242255,221.23387057307895,1.34,2.6552308093015964,1.4869686244610583
5,5,Model Selection,79,2,306.53,306.8089616400756,1.0483139877409635,466.58,478.9348225709164,133.2242408688851,7.25,8.101782658012777,1.6046639492303543
5,5,Model Selection,80,4,315.92,313.2656290274869,1.0611989213212971,84.11,114.57029140972895,226.04256230516773,3.9,2.15813719959785,1.575222149908119
5,5,Model Selection,81,3,309.26,307.5836504429527,0.9417297217624208,613.05,424.683907278128,251.92359500600492,8.86,8.63064871201823,1.1968779357357375
5,5,Model Selection,82,2,310.16,308.4093852248143,0.9176090625178777,517.94,709.7504326162086,82.92776962650116,7.35,6.048656623483195,1.3369834354741792
5,5,Model Selection,83,2,304.65,302.60262041653954,1.056317326344072,2419.87,1690.0140176831042,94.83482574535357,12.79,8.32964268273491,1.5861129207122144
5,5,Model Selection,84,3,315.33,313.763983415078,0.4293151706041245,96.59,49.28830573177879,100.79941178248762,6.91,3.796087042192268,0.5066878567619166
5,5,Model Selection,85,2,311.02,310.8853622845524,1.4972135695376063,146.83,204.2145528038098,96.87828676648381,5.0,6.338759267327623,2.087366934847058
5,5,Model Selection,86,2,309.61,309.6508087827777,1.1672083359444259,540.43,748.7490845284943,74.56864020371923,7.42,7.9810430933423335,1.9473274760314534
5,5,Model Selection,87,1,311.04,311.46901779719656,0.8349056367959502,153.39,140.39933834136093,154.471556132124,1.96,-0.16514988475619585,1.3468304511747322
5,5,Model Selection,88,1,312.29,312.62815391469854,0.7852928865321634,42.84,65.29984940212785,149.3115073838828,3.51,1.677403023999367,1.1808863081476155
5,5,Model Selection,89,2,311.14,311.17628746365295,1.2951307266107932,504.12,564.171240389464,107.69691051087882,4.26,5.091801095371366,1.78575510483345
5,5,Model Selection,90,4,308.79,307.24950697604686,1.0035691769806447,843.81,997.7630248846865,216.94147756230265,7.69,6.139316008988427,1.5340707143096277
5,5,Model Selection,91,3,302.53,303.28548948010746,0.5909871128390733,2030.6,2394.051529840256,142.50457670592513,2.36,9.504008988177889,0.7094940064517891
5,5,Model Selection,92,4,312.07,310.89171981181147,1.0592977881196384,81.77,69.67924153403862,181.56575812665102,5.71,4.011671364202334,1.4839792683441961
5,5,Model Selection,93,3,306.81,306.4782946371957,0.35888099845007077,673.45,997.65992745966,81.62290040240332,7.15,7.992471404335159,0.41674471226895915
5,5,Model Selection,94,1,309.96,309.9828328550762,0.5650112438111206,659.22,515.7192375388408,109.42049954173726,4.79,4.639531919865582,0.7874492583844804
5,5,Model Selection,95,2,314.36,314.1652216828035,1.1362618921055643,139.42,100.48320683341183,108.67009779469635,5.84,3.834718843130962,1.607163069642052
5,5,Model Selection,96,3,310.35,310.4006696225342,0.538180750317804,94.55,60.19503028678798,124.78069612442128,3.98,4.457292146714574,0.6338546581763684
5,5,Model Selection,97,0,313.16,313.35942637873967,0.6797230625444437,15.39,-61.73704885620464,153.89635968844402,0.53,1.8006293627858625,0.8206258939837583
5,5,Model Selection,98,2,306.83,306.94780609418785,0.7060798594686042,1407.27,1417.7874561426613,69.899212887395,10.88,11.933636924685727,0.9712859786910784
5,5,Model Selection,99,4,309.81,309.79205674718753,0.9638300882262162,533.37,752.2469113818707,208.54560191353497,7.02,4.8316283270144025,1.4161357265455232
5,5,Model Selection + Bagging,0,3,312.33,312.47944188057386,1.1248149087822186,84.06,76.98430285596032,242.5741015263995,0.31,2.771729889515639,1.6572119277215724
5,5,Model Selection + Bagging,1,3,311.68,309.7784495645339,1.4395326287124308,204.84,289.97122270558555,353.43028065026937,9.2,6.586248978296138,1.9192842471947007
5,5,Model Selection + Bagging,2,3,301.44,306.1135810790847,1.8890534444155247,220.66,516.1006805838251,473.2516137244191,4.44,8.890216175253787,2.668630538248385
5,5,Model Selection + Bagging,3,2,314.31,314.4310687680929,1.8259613523216511,12.81,61.24857214287931,286.66427261725397,2.87,2.9771321146910275,2.4564948953899393
5,5,Model Selection + Bagging,4,3,306.89,306.75534826729734,1.6323160249136037,422.12,538.7766226823455,395.7671595958382,12.1,11.098027991003153,2.5076282892322035
5,5,Model Selection + Bagging,5,3,307.84,307.61722312784514,1.2157655909732985,2201.12,1772.1013035803649,380.2407796476736,5.77,5.671915501362545,2.052657642104947
5,5,Model Selection + Bagging,6,1,314.22,312.25033250652024,1.9701500123449875,87.66,188.72286564878016,368.6470377299847,3.45,2.3058578998119037,2.6684860146354827
5,5,Model Selection + Bagging,7,4,301.14,303.92130380789126,1.5033131761850174,965.47,1200.2838768254542,348.57404297667887,6.46,7.922665013266133,2.542239023526429
5,5,Model Selection + Bagging,8,4,306.32,305.6134509404561,1.2069826707884819,331.97,429.3862033930416,280.1477723733792,10.22,6.534587524291001,1.7282687570985147
5,5,Model Selection + Bagging,9,3,304.34,305.5250922867863,1.8622328081364896,421.99,668.3121472631748,441.21218754878157,3.37,8.644103062079123,2.690101252172983
5,5,Model Selection + Bagging,10,0,303.31,305.033179438448,2.715497734247557,1035.72,290.31811543679095,365.1957398172881,5.86,7.463729155400642,3.011212564469091
5,5,Model Selection + Bagging,11,2,308.31,307.7336422426682,0.9592500741222679,374.66,411.38490468355457,264.5237144175358,8.57,8.23721147369374,1.4975567564187853
5,5,Model Selection + Bagging,12,0,307.47,307.45819585012595,1.49666824502193,850.87,931.6972513364058,301.5110771146775,10.63,10.832655689481872,1.636588493086801
5,5,Model Selection + Bagging,13,1,306.43,307.67466208247356,1.3740063696395306,2256.33,1250.4629465069124,248.61305102199984,4.77,7.139715849373328,1.7497708853182652
5,5,Model Selection + Bagging,14,2,313.31,313.43218441298825,1.3370043532821843,0.85,119.98459938896895,391.0073334572016,0.42,1.004272322789861,1.6684978246409987
5,5,Model Selection + Bagging,15,4,311.83,312.36143838223603,1.1196573644688284,194.23,169.40922433030028,261.10147838997045,3.51,3.1181552425650128,1.609744343506041
5,5,Model Selection + Bagging,16,4,307.32,306.6583634283634,0.8192742201327359,1604.24,1652.8806814650159,194.64285691568224,11.92,11.20786547204007,1.0863137262506504
5,5,Model Selection + Bagging,17,0,311.08,311.0978822272766,1.5675462106078828,560.59,418.61823393464687,331.72816840614587,3.19,3.810828139777517,2.058141776463146
5,5,Model Selection + Bagging,18,3,311.14,310.47292174401844,1.441716141322029,68.07,105.06621092348553,346.29100636235887,5.46,6.425815836814343,1.860042152355157
5,5,Model Selection + Bagging,19,2,312.39,311.7990599104452,1.1574883115897068,59.84,103.24007626851528,301.32959749545364,5.02,5.084682801889283,1.5571938061694108
5,5,Model Selection + Bagging,20,0,308.85,310.0568388750163,1.4839149225864576,484.91,460.61641410242987,339.488989741338,7.06,8.262730232732663,1.8912043150305102
5,5,Model Selection + Bagging,21,1,311.28,309.9232958520057,1.2315368049631952,410.23,686.4267051835469,204.78601275297686,5.16,3.9994016767972593,1.7267326835140573
5,5,Model Selection + Bagging,22,1,312.03,312.6167559843086,2.229007318035822,122.49,219.05701478176235,322.277397488378,3.07,5.075966636924981,2.570131209329666
5,5,Model Selection + Bagging,23,0,307.93,307.9375315380054,1.882715233378296,117.49,199.26980154314805,357.5402922859145,6.42,8.20973682179866,2.6628944166464503
5,5,Model Selection + Bagging,24,1,306.65,306.7576265878201,0.8429082484627838,1388.31,1319.94675878341,164.03604561619395,11.47,11.694130883828443,1.0913689451061164
5,5,Model Selection + Bagging,25,1,308.18,308.3837321764572,0.7067018459378513,1252.74,1147.2664612776807,201.4786191415444,7.11,7.358544380317751,1.1010685157236366
5,5,Model Selection + Bagging,26,1,310.29,309.6399728152069,1.5227056240133796,785.56,881.5623337043785,322.07218552287276,5.06,5.20128160708282,2.1905818996580337
5,5,Model Selection + Bagging,27,4,303.33,304.4389284496149,1.4663832134454717,1918.36,1738.5459708067108,341.55228634325965,8.91,5.852168739258633,2.2147387158417913
5,5,Model Selection + Bagging,28,0,302.73,304.088458643143,3.143347279490396,2026.87,1169.1496135014313,576.3033859898513,13.02,5.156697914592985,3.071508238053367
5,5,Model Selection + Bagging,29,2,310.24,310.08794085546947,1.5182201239630204,305.92,434.6125873316863,271.2034942235677,5.99,6.474158649967302,2.1067798406464804
5,5,Model Selection + Bagging,30,4,305.2,305.9105621694726,1.3465268792308196,2372.98,1869.8613755421586,321.370701663194,10.28,7.905854285756635,1.9319545394696316
5,5,Model Selection + Bagging,31,3,307.79,307.0470171325501,1.4373376973441567,1236.45,1077.5492326164217,321.8097391186762,12.82,10.38864285156176,1.7953807947411904
5,5,Model Selection + Bagging,32,0,309.58,309.51818395183307,1.1868674465215394,717.28,657.7430953675666,277.392594766563,6.31,6.601192946566383,1.7415223250840246
5,5,Model Selection + Bagging,33,2,311.54,311.13500468122146,1.1676193982989989,686.14,578.2693372766724,248.34481688686336,4.98,3.5077379170133325,1.6981333838655113
5,5,Model Selection + Bagging,34,0,308.55,309.7010624461273,1.3940325233828035,367.47,306.6398478213532,299.4912482373109,5.43,4.932619776360286,1.919699904313346
5,5,Model Selection + Bagging,35,0,306.8,307.7343413875886,2.256631944024656,554.95,561.6178407031304,311.63656073530535,12.78,11.516775742283418,2.7498018504942032
5,5,Model Selection + Bagging,36,3,307.12,307.0635131305106,0.9069676273034648,2075.38,2056.4389068399987,303.8583650577762,5.9,6.72173400316159,1.263376658154774
5,5,Model Selection + Bagging,37,0,309.05,309.068394684139,1.0450525958664914,1337.07,1227.1036011521965,276.2932441002772,4.68,4.541824317938826,1.4771173320375577
5,5,Model Selection + Bagging,38,3,307.56,308.2851736763388,1.8290500552926041,316.18,387.63897707762294,449.36556206147753,8.14,6.668727254920343,1.8310137329244531
5,5,Model Selection + Bagging,39,1,312.34,312.48294991080826,2.118543244768129,106.38,221.68060329849413,374.4819798920443,5.13,5.429637671387121,2.7869454334638357
5,5,Model Selection + Bagging,40,0,309.58,308.48714159066276,1.4602098984882839,435.02,447.0290754892617,207.6895149854846,7.83,8.566818857045194,1.3104018128323227
5,5,Model Selection + Bagging,41,3,307.48,307.62961783513623,0.6203061861859124,1296.42,1048.1566765065722,159.7455119797615,8.74,8.90277709408824,0.7523426159485037
5,5,Model Selection + Bagging,42,0,304.47,305.17520524198056,1.7544113932262768,451.73,760.4981215433992,365.80874687431253,7.37,8.210110770326137,2.249153964004039
5,5,Model Selection + Bagging,43,2,311.63,312.05454785418215,1.2301144077289496,91.86,98.08920071865919,263.72863318866155,2.46,3.253004861474152,1.6387200978385614
5,5,Model Selection + Bagging,44,4,312.52,312.5253033851265,1.1362678438365814,220.1,423.79598481715914,290.56310714573283,1.31,1.816028008373654,1.599375413543239
5,5,Model Selection + Bagging,45,2,312.59,312.70616746319416,0.9707151213963519,188.63,177.02360931056262,219.99271500138232,1.23,1.591894031954972,1.4832417958401303
5,5,Model Selection + Bagging,46,0,306.36,306.03553921918456,1.5726286904083862,947.21,1141.8449663197216,424.1510839196316,7.22,7.02460803278362,1.8482529925983748
5,5,Model Selection + Bagging,47,3,302.67,305.8049299518983,1.5072323237409564,1366.98,1264.583435764032,365.5021104293806,10.28,11.02876805994107,1.7493859538719607
5,5,Model Selection + Bagging,48,1,312.73,311.31957323707917,2.3154293917566595,46.91,233.75058288375828,415.71742014398325,1.25,2.0394877688021307,3.0519002353611056
5,5,Model Selection + Bagging,49,2,310.89,309.8475076085713,1.1190987020830157,93.48,156.56455102006998,379.6975629697284,4.63,4.187252802625845,1.6148428470771359
5,5,Model Selection + Bagging,50,1,307.08,303.61659123102004,2.8267060506347232,130.32,439.09773716465133,433.8365640411425,7.26,4.648996790504862,3.1094656165370407
5,5,Model Selection + Bagging,51,3,306.76,306.60508355825755,0.9571374186529641,1543.82,1735.9682957818527,266.1466963468762,10.96,10.702098898721449,1.0809769598412418
5,5,Model Selection + Bagging,52,2,310.33,310.4529754617955,1.4743971986368023,570.52,719.2827211160479,394.61782584555203,5.7,6.580848647251074,1.944034770280092
5,5,Model Selection + Bagging,53,4,312.69,312.71865419614653,1.1439715307941478,95.36,71.29359009138977,262.2466969081353,1.39,1.6440150561296454,1.5428857818339048
5,5,Model Selection + Bagging,54,1,311.54,311.6956609446038,1.3039352934307473,223.41,183.7951422428456,249.04831105478274,4.71,3.5362210193799317,2.070356243464552
5,5,Model Selection + Bagging,55,1,308.42,302.9974959795767,1.7754243670481564,709.64,765.6527880279176,227.32193068113915,12.53,8.903772855644464,1.649262707573725
5,5,Model Selection + Bagging,56,1,308.18,307.82980827047754,0.9234587477018322,1523.36,1734.4591410809714,228.86551956175893,7.59,6.701861194778918,1.2007768474905443
5,5,Model Selection + Bagging,57,0,308.44,309.42300134837984,1.5240579727464376,1059.82,994.9257542842199,360.17605707881927,5.32,6.354055764838999,1.9235361839956604
5,5,Model Selection + Bagging,58,3,309.87,310.77323808474137,1.2248757393811829,261.82,244.03298533727974,305.7128630304047,2.03,4.682454916227522,1.8688866350627156
5,5,Model Selection + Bagging,59,2,308.33,309.44521699481896,1.0867234366704888,1098.75,1343.097410457753,266.09818119047463,2.44,5.1226131091621845,1.5817045693168355
5,5,Model Selection + Bagging,60,0,306.45,307.48654739087675,1.9596808383093962,268.91,267.1697092051798,417.29080687842765,8.27,5.225553017756188,2.709384625588018
5,5,Model Selection + Bagging,61,4,303.98,303.2201857036819,1.2916307798044553,704.72,925.3235824256976,281.998114872526,7.93,5.936775875960856,1.8819553718619055
5,5,Model Selection + Bagging,62,4,308.91,309.3806817782676,1.0791503944964007,671.26,891.2154915341823,277.2687222979834,8.35,8.623118357193132,1.4450570952465418
5,5,Model Selection + Bagging,63,1,309.65,309.14590842353317,1.5081691115474147,616.92,624.0093337271331,260.78519019691015,2.11,2.5925106776885674,2.06558067987833
5,5,Model Selection + Bagging,64,1,311.97,311.20382296011485,1.9189398712772672,177.02,306.8499468474145,374.40277909075957,2.3,2.410122434027216,2.734737471946335
5,5,Model Selection + Bagging,65,4,306.98,308.22726649359225,0.95648615545526,2215.59,1700.9597856667785,251.56101361823139,6.68,7.927434206572344,1.3490623528686791
5,5,Model Selection + Bagging,66,0,306.01,306.0268583369432,1.4287131475111674,1493.56,1346.20832219025,273.1761992884407,12.0,11.017085259015758,1.5857407537627048
5,5,Model Selection + Bagging,67,2,311.22,312.0677520718826,1.08067380483819,462.07,614.0221736222908,258.2757658961831,3.64,4.0297024610062,1.785158419420968
5,5,Model Selection + Bagging,68,3,304.88,308.9662624477314,1.3286670478863611,395.97,405.7104731112867,269.47705275069006,8.3,9.129247495623032,1.684441078065983
5,5,Model Selection + Bagging,69,0,310.04,308.56725187144934,1.7146762420904371,990.55,793.2742341813912,334.9913565787875,2.36,1.8963602767344465,2.52157778646582
5,5,Model Selection + Bagging,70,0,312.89,312.4739978364293,1.46101024965595,164.97,294.951899554384,289.91816981283006,0.86,4.078790425394581,2.0475643234804473
5,5,Model Selection + Bagging,71,1,312.89,310.80361517796103,2.4583935142880757,42.42,345.068920124496,462.0664745231428,0.86,2.935665718643846,3.427225966464973
5,5,Model Selection + Bagging,72,1,311.83,310.72721708956243,1.2265081958537183,492.81,436.8954025114016,193.4772372860067,6.49,3.507410549694272,1.6126281373533218
5,5,Model Selection + Bagging,73,4,307.38,307.77211191261864,1.2366972095812272,663.32,740.7422016627365,272.09035739870535,9.56,9.454804024375816,1.6652584237272803
5,5,Model Selection + Bagging,74,0,313.21,312.0126940087751,1.6145443602397545,15.08,142.07754212940995,322.4757079118273,0.39,1.015568208234404,1.9329545108592538
5,5,Model Selection + Bagging,75,4,307.86,307.5730750834269,1.058450893653644,946.9,1157.59651649697,287.23642967987,8.0,5.910382048990585,1.5277386354246296
5,5,Model Selection + Bagging,76,4,307.58,307.9009552159662,0.9338406322486641,1109.01,1193.8626273408754,249.29210377072994,8.19,7.861617131071245,1.293327342005092
5,5,Model Selection + Bagging,77,4,312.31,311.679472701792,1.2368446729055609,65.54,52.82269297887274,260.6317526732306,2.01,2.2793635957867404,2.0106442258539463
5,5,Model Selection + Bagging,78,4,312.73,312.923296582385,1.1599539300634059,68.26,39.663635293981315,246.10220613327155,1.34,2.607772782110316,1.7123039784278098
5,5,Model Selection + Bagging,79,2,306.53,307.2445314767524,1.349333327157531,466.58,566.1221696379316,300.26124836387305,7.25,8.788046370894694,1.9311028522343285
5,5,Model Selection + Bagging,80,4,315.92,312.99417019867406,1.3827589915684027,84.11,104.1498478171543,256.100434654804,3.9,2.6102860815159215,2.0569877208823972
5,5,Model Selection + Bagging,81,3,309.26,307.4157502798335,2.332428119603212,613.05,600.4165800815999,484.0564516582951,8.86,7.875335916318207,2.5913674441266306
5,5,Model Selection + Bagging,82,2,310.16,308.38969169379874,1.0349530451902964,517.94,772.4279323278671,341.89639396425594,7.35,6.50117164561226,1.6499860655903007
5,5,Model Selection + Bagging,83,2,304.65,303.07741632410637,1.4506296667318381,2419.87,1695.1831427175248,290.47554994384893,12.79,8.461598126484583,2.035413307840036
5,5,Model Selection + Bagging,84,3,315.33,313.6063065600858,2.1083242078991096,96.59,125.38448970732605,308.6705477531509,6.91,4.242615232164492,1.9015890548960666
5,5,Model Selection + Bagging,85,2,311.02,310.6740394719593,1.66921785802522,146.83,226.77970317509596,345.9237205140587,5.0,6.1387570145592045,2.2437191428027834
5,5,Model Selection + Bagging,86,2,309.61,309.4002348209383,1.5131439276461398,540.43,622.9729634050482,289.2942188141561,7.42,8.12299570918883,2.1221098636693125
5,5,Model Selection + Bagging,87,1,311.04,311.4872662871654,1.9295671442991498,153.39,249.6089494554405,360.26712974573064,1.96,1.5890373115289895,2.611688455260932
5,5,Model Selection + Bagging,88,1,312.29,312.0943045520936,1.8621974171016358,42.84,119.18284384279241,340.22321626133413,3.51,2.7152620512926213,2.460088191350386
5,5,Model Selection + Bagging,89,2,311.14,310.99995675165667,1.460974310421488,504.12,643.8678835209633,335.0124060881638,4.26,4.992907520534158,1.9914154759002665
5,5,Model Selection + Bagging,90,4,308.79,307.3898125588305,1.118129938625924,843.81,1001.6478195651443,267.69131051935335,7.69,5.961735260518617,1.666305849677654
5,5,Model Selection + Bagging,91,3,302.53,304.1107522535051,1.9075082558022332,2030.6,2343.103626555123,597.5141107096936,2.36,8.714328069089092,2.66590765361374
5,5,Model Selection + Bagging,92,4,312.07,310.85424992703724,1.220209138284156,81.77,65.34783803845608,241.33539015306255,5.71,4.092048967047835,1.5856171211580385
5,5,Model Selection + Bagging,93,3,306.81,306.54090339059366,1.271421254587666,673.45,1190.17153796079,463.8229180991424,7.15,7.401657803562696,1.952545009322164
5,5,Model Selection + Bagging,94,1,309.96,309.43587458796196,1.5435704162744623,659.22,500.54239234820363,379.5196758463535,4.79,5.028735366037166,2.0815334001763106
5,5,Model Selection + Bagging,95,2,314.36,313.585848256123,1.3868855925590355,139.42,119.85877414335994,246.74039396160794,5.84,3.277831580156488,2.051020497823481
5,5,Model Selection + Bagging,96,3,310.35,310.9409010357583,1.1713347761074364,94.55,133.9040813821818,267.12353217187325,3.98,5.6040898070323815,1.531225597515569
5,5,Model Selection + Bagging,97,0,313.16,312.5545472929118,1.683062829615991,15.39,115.73236012455038,313.38337933621426,0.53,1.8274730167567235,2.064101735987856
5,5,Model Selection + Bagging,98,2,306.83,306.82333119418115,0.9031110567247537,1407.27,1397.2496331028678,116.17899679747786,10.88,11.82967503293642,1.136325648644401
5,5,Model Selection + Bagging,99,4,309.81,309.804800261982,1.1111662014844232,533.37,673.4983747765345,261.0968567560495,7.02,4.972080381777728,1.5000660497963965
6,6,Single GP,0,0,312.33,313.0293314581896,0.5419443130879681,84.06,95.32987414425895,87.51764945059315,0.31,3.055111077252045,0.9165429323325937
6,6,Single GP,1,4,311.68,310.00404707977015,0.5108633419963586,204.84,197.88009943515345,160.3101241513198,9.2,5.908062684836371,1.958853905007649
6,6,Single GP,2,4,301.44,306.3735846711447,0.6651236990504816,220.66,262.43884188557223,179.03983427762103,4.44,10.513589960818202,1.395671351942698
6,6,Single GP,3,2,314.31,312.8761069613004,1.9109834547406483,12.81,73.39966512396393,264.5149433892462,2.87,5.959554098614173,2.327866319530544
6,6,Single GP,4,3,306.89,304.20957079279765,0.5878995940076142,422.12,450.83064445360753,149.78104640651657,12.1,10.22909148863879,1.4610006303076102
6,6,Single GP,5,3,307.84,307.21517882851197,0.5396416715817196,2201.12,1843.654784547231,123.76955949625305,5.77,5.490800739797194,0.8404206003445458
6,6,Single GP,6,2,314.22,312.53880380065453,1.8526794117072591,87.66,230.10577424803455,292.0996525566433,3.45,4.7579038859579486,1.9440923761173523
6,6,Single GP,7,2,301.14,303.84970988480836,1.4116241150621045,965.47,1592.6285498481013,308.7202583066545,6.46,11.895416033463274,1.7479147290356043
6,6,Single GP,8,4,306.32,306.55219276087485,0.4221003375879189,331.97,374.87367024503976,130.26083976780424,10.22,7.290921199175962,1.5998041955214028
6,6,Single GP,9,1,304.34,304.33448843179434,0.6635748834408534,421.99,477.80764480333613,135.8757185786046,3.37,8.8794788434449,2.2829568390051898
6,6,Single GP,10,4,303.31,305.43116583083423,0.8737772604212992,1035.72,406.5781670627747,159.22751058116478,5.86,8.506459375014265,0.9783818403954307
6,6,Single GP,11,2,308.31,308.37543541827904,1.3971518623897452,374.66,426.52709164136104,214.68416944864194,8.57,8.67395804668054,1.2411732697192859
6,6,Single GP,12,1,307.47,306.9026850466869,0.36056992875348043,850.87,964.7816349390405,66.61079376016194,10.63,10.95527685685163,1.309951077581677
6,6,Single GP,13,1,306.43,307.3401500262239,0.33120246024687144,2256.33,1127.2152857101066,86.66712755367875,4.77,6.87625113704942,0.993353242096973
6,6,Single GP,14,3,313.31,313.49504062230324,1.1673722595501108,0.85,57.283569654814414,261.1188932344549,0.42,0.8651319246859712,1.8132416735522159
6,6,Single GP,15,3,311.83,314.6455595014907,0.5305074573907722,194.23,109.81752795079672,119.68093659330458,3.51,4.681814470175984,1.1702744020207745
6,6,Single GP,16,1,307.32,306.6227396534983,0.3476581444765837,1604.24,1838.999938935482,78.76770410511473,11.92,10.685716667854964,1.4032708748437066
6,6,Single GP,17,0,311.08,311.1153668856456,0.5623102567935587,560.59,491.63411928980935,131.98795022408888,3.19,4.25624330422996,1.1259395669922052
6,6,Single GP,18,2,311.14,309.7783869803513,1.1631342685757815,68.07,19.557033097443764,165.48589991657906,5.46,6.310307708375603,1.5969148359030763
6,6,Single GP,19,3,312.39,313.1533662562851,1.0925125013227277,59.84,74.98125419360701,206.60491344093595,5.02,4.720171717385917,1.815882744849235
6,6,Single GP,20,0,308.85,309.6749245634701,0.48017336307936315,484.91,384.9541314813375,84.35852638350563,7.06,8.010746715060899,0.8496480956610754
6,6,Single GP,21,2,311.28,309.6389188870938,0.8204076509281752,410.23,895.7256820271657,160.60095266622872,5.16,3.370603640236834,1.2274745011431094
6,6,Single GP,22,2,312.03,312.35175787731276,1.0069005604977712,122.49,133.6949839839042,207.48187430896564,3.07,4.6041696078120715,1.4295316276459111
6,6,Single GP,23,0,307.93,307.7916617459271,0.5948339538240881,117.49,-53.848992436500566,153.6466614395614,6.42,8.611126531656708,1.1015640916117033
6,6,Single GP,24,2,306.65,306.7429945501853,0.5085051827432807,1388.31,1299.8401214330333,99.54022128509746,11.47,11.606530967605735,0.6344348754617265
6,6,Single GP,25,4,308.18,309.0330789222422,0.44951433176607647,1252.74,1279.1513254114948,85.42267960156094,7.11,6.852254110601276,0.7952710625737133
6,6,Single GP,26,4,310.29,310.8217891978917,0.7812203011490918,785.56,923.075375858012,184.87442404549466,5.06,4.543915102539058,2.00548689922445
6,6,Single GP,27,1,303.33,304.0982856914694,0.5878402176552895,1918.36,2016.8978793665424,154.3365641007236,8.91,10.438115160042818,1.9947730078520796
6,6,Single GP,28,3,302.73,300.57409072713244,1.0081227117043647,2026.87,1621.1978417899034,222.91896158214692,13.02,5.3629413843575815,2.1343171424542042
6,6,Single GP,29,1,310.24,310.2953183641597,0.5147871352101251,305.92,293.140220912146,146.3066247435724,5.99,6.2841886062576995,2.0909926266304053
6,6,Single GP,30,0,305.2,305.00941629256687,0.63584833031487,2372.98,2034.7892086367488,119.87636478759394,10.28,9.130626801450475,1.3650709333561284
6,6,Single GP,31,4,307.79,307.4681570516549,0.36549806664945533,1236.45,1199.9457679476582,107.82067945811085,12.82,10.954558765808894,1.0557055680601424
6,6,Single GP,32,0,309.58,309.6504627181747,0.4817984728374524,717.28,549.2576788846254,83.07727700234487,6.31,5.723706411632622,1.0495146246259905
6,6,Single GP,33,4,311.54,311.8499332069229,0.5407357266598852,686.14,693.814502299529,118.83705464190788,4.98,2.4143665661316143,1.1891249498636267
6,6,Single GP,34,0,308.55,309.62339601701194,0.5227084575963189,367.47,469.06182729066325,94.38417725582929,5.43,5.370488979848219,1.0236577640915696
6,6,Single GP,35,2,306.8,309.2864982983152,1.1217384794523295,554.95,561.4668477708605,180.6499459189394,12.78,11.558126079003651,1.149680522518075
6,6,Single GP,36,2,307.12,306.7635619947886,0.6815973900154193,2075.38,2271.881723015629,92.66084948208098,5.9,5.871857925319389,0.9232188828886941
6,6,Single GP,37,0,309.05,309.0741506488179,0.4844870846602193,1337.07,1306.9145606265165,85.2261203229675,4.68,5.936235099313333,1.0386908058448956
6,6,Single GP,38,1,307.56,307.4102767146699,0.5130264301160988,316.18,252.6453834276266,119.26446882883111,8.14,6.333264395071478,1.8323670865101316
6,6,Single GP,39,0,312.34,312.62356692859777,0.7242176450185993,106.38,122.13782104281574,125.41962147750839,5.13,4.8831869429522365,1.3993166645296007
6,6,Single GP,40,2,309.58,307.6395856650267,0.5360953582000044,435.02,404.45765995836774,88.11882758041229,7.83,7.838218130213293,1.0396246891384933
6,6,Single GP,41,2,307.48,307.435813881593,0.626578596526182,1296.42,1017.9197597169607,84.74978803604978,8.74,8.252884863730545,1.1303369734593076
6,6,Single GP,42,2,304.47,304.35367768884015,1.1970386467243808,451.73,541.879043487696,226.05308408877048,7.37,9.104363846108281,1.6131129424290036
6,6,Single GP,43,3,311.63,312.6214136791736,0.9973049373824819,91.86,86.83737767977243,183.60322260509147,2.46,1.4321560842896979,1.8210321029451073
6,6,Single GP,44,0,312.52,312.70352705493104,0.7747719998754219,220.1,355.88363574213156,224.2894070519117,1.31,1.6719458139770893,1.5494216776300407
6,6,Single GP,45,0,312.59,312.9490894274807,0.7603562923579011,188.63,270.2680889522684,178.65677863498607,1.23,1.905137374787076,1.6662631556977474
6,6,Single GP,46,2,306.36,305.5778469835638,0.7665973141949254,947.21,1117.9165787724965,158.88980886023845,7.22,7.4224618668780185,1.1673910684593656
6,6,Single GP,47,0,302.67,306.60198313541514,0.7144876686649109,1366.98,1314.5659228744607,118.26226774156186,10.28,9.371174036315297,1.463511629085476
6,6,Single GP,48,1,312.73,312.33555647439675,0.4876295541603853,46.91,9.944586797529837,130.4647760587347,1.25,0.7640580902984855,1.2733530425839676
6,6,Single GP,49,3,310.89,311.3069298474902,1.1216512872012663,93.48,61.28246227182399,200.8100782134008,4.63,4.08296653055385,1.5672663165173681
6,6,Single GP,50,3,307.08,302.7722982813006,0.971901739722384,130.32,228.45946474088652,243.26572390438554,7.26,5.0957369606986,2.1737030307126015
6,6,Single GP,51,1,306.76,306.63215790914865,0.33987026889696115,1543.82,1829.1124258349396,75.98908934083934,10.96,10.166909793295975,1.6822809320343903
6,6,Single GP,52,1,310.33,310.49725409069265,0.43021085678962273,570.52,623.4431347764959,92.26678173970635,5.7,6.50667654853504,2.0759988036963537
6,6,Single GP,53,2,312.69,312.9588810392208,1.1067188269523909,95.36,39.756922407901016,180.91277371072377,1.39,0.9591796679285265,1.0505696679036658
6,6,Single GP,54,1,311.54,311.8895810024655,0.34152957571193665,223.41,264.67185271238304,90.49522895362409,4.71,5.4663247098409125,1.2038806192072873
6,6,Single GP,55,3,308.42,303.6681391612784,0.5522069165463472,709.64,769.3590570444057,123.7960683168932,12.53,8.847702177302473,1.1980955220575367
6,6,Single GP,56,2,308.18,307.3940527336905,0.8934635438907388,1523.36,1897.7752986296944,140.6015049339243,7.59,6.383606086603309,0.7674554435635408
6,6,Single GP,57,4,308.44,309.8383125528981,0.6552195156254438,1059.82,1346.7286149409472,136.27792912231868,5.32,5.487098448583178,1.3152101979966901
6,6,Single GP,58,1,309.87,311.1234702551975,0.3175217357324248,261.82,203.69870997880622,88.86085451495705,2.03,3.5803836736714687,1.2478832593905436
6,6,Single GP,59,0,308.33,309.2857122582316,0.509717421759858,1098.75,1294.8727380007372,105.0709107652543,2.44,5.615593951649612,1.0182133752269817
6,6,Single GP,60,0,306.45,306.6499442022476,0.8836303343952948,268.91,360.4146463483101,121.0067049213837,8.27,6.371925403382238,1.8263100100357
6,6,Single GP,61,0,303.98,302.4120510291267,0.5248245748074998,704.72,889.6120336539657,88.94621043531562,7.93,6.011954747515803,1.3023166834811888
6,6,Single GP,62,4,308.91,309.2681068780729,0.431932054443516,671.26,767.6427541513003,94.04474316087641,8.35,7.954074886237354,1.385375291249023
6,6,Single GP,63,3,309.65,310.6995512503187,0.5188443739036208,616.92,591.6592247503035,146.52022952899245,2.11,4.3515486888307455,1.3635110018512735
6,6,Single GP,64,2,311.97,311.6399443737814,0.9659739799291424,177.02,254.39120145295288,140.2435809591399,2.3,2.1174675045019984,1.1659229686399013
6,6,Single GP,65,1,306.98,308.0591542921578,0.32344545236046246,2215.59,1869.5978820192868,81.80626805944688,6.68,7.734884194825218,0.9955759160499253
6,6,Single GP,66,4,306.01,305.7622665045913,0.5045181849087373,1493.56,1449.95886181567,116.48359839023132,12.0,12.226041057873596,0.9334831159146301
6,6,Single GP,67,1,311.22,311.96811362955816,0.3219466559053873,462.07,521.0198879312065,99.95303926648715,3.64,5.5737611525331445,1.0981886503711915
6,6,Single GP,68,4,304.88,309.0819457627475,0.4640893765807231,395.97,374.66569967528494,115.79998372109341,8.3,9.572314107156394,1.4223325716444426
6,6,Single GP,69,3,310.04,309.83193303436,0.8732516298636669,990.55,797.8675953673271,229.81182386014922,2.36,2.5135239716519773,2.0128576151201596
6,6,Single GP,70,0,312.89,312.15619652573736,0.4982577382771506,164.97,374.36498474516463,99.76396722406811,0.86,4.5436015414867,1.063876843300603
6,6,Single GP,71,3,312.89,312.69930908196136,0.6946115339215466,42.42,97.21549596591251,180.2672611738518,0.86,1.9635044020066514,1.7126598956446075
6,6,Single GP,72,2,311.83,310.7317080012785,0.633486602165657,492.81,432.2646631185278,108.31491230783523,6.49,3.4473681809326053,1.1042318396380482
6,6,Single GP,73,4,307.38,307.3465796694989,0.46741408729008865,663.32,713.386794832418,154.90819524536084,9.56,9.256906835228227,1.4326859039359323
6,6,Single GP,74,1,313.21,312.9795507374094,0.5774865326807705,15.08,21.553596411572244,118.42789632680794,0.39,0.87929521623815,1.6512819780976689
6,6,Single GP,75,4,307.86,308.5097318299988,0.49778858160747336,946.9,1226.1706152379068,112.84121994857065,8.0,7.1356678694568,1.0592390172066946
6,6,Single GP,76,4,307.58,308.6250098526282,0.433563666182295,1109.01,1230.600534110377,93.24707992693223,8.19,7.61870579532367,0.5894019889500578
6,6,Single GP,77,4,312.31,312.1969243131524,0.48100350672200654,65.54,70.55216582690048,118.54915931843938,2.01,0.9193600386818925,1.151953516363721
6,6,Single GP,78,3,312.73,312.76192841570025,0.5720855440293156,68.26,41.32198509019486,140.2382580208144,1.34,2.2061142565287115,1.4731229123407925
6,6,Single GP,79,4,306.53,307.09816787764123,0.45805718323419525,466.58,485.11523207820653,138.46693171095922,7.25,6.824196228337694,1.4011796815846427
6,6,Single GP,80,4,315.92,312.74511679121093,0.6403209850330122,84.11,100.20369976869574,164.4554251014921,3.9,1.2841405273320294,1.4602695401851475
6,6,Single GP,81,0,309.26,307.6332939759105,1.1353634344116936,613.05,700.3093543753788,138.85650358714585,8.86,10.302437911695801,1.9254504090202036
6,6,Single GP,82,3,310.16,308.61789140083386,0.40586416981081774,517.94,706.8554356478971,104.92735628643268,7.35,7.191011485506601,1.0503281249038714
6,6,Single GP,83,0,304.65,304.48048860551927,0.7563813914350356,2419.87,1697.7693202639116,100.79115178792946,12.79,6.330666461909285,1.4546982766901535
6,6,Single GP,84,4,315.33,313.792663722094,0.6256574631382612,96.59,50.01365415344446,131.7475429790803,6.91,2.5439826276526207,1.4746656415640085
6,6,Single GP,85,1,311.02,310.9131014320324,0.6196278514883002,146.83,63.07632911999633,211.35408845757973,5.0,5.922012990206845,2.359696963310352
6,6,Single GP,86,0,309.61,308.93471377824125,0.8592277862814708,540.43,649.3338709721198,77.67467741308214,7.42,6.854833914004088,1.953741166960964
6,6,Single GP,87,4,311.04,312.0630887622469,0.5606832647388843,153.39,139.34686121032257,111.3998590069807,1.96,1.9585253748644877,1.061558262565409
6,6,Single GP,88,3,312.29,313.79050909582304,1.1923586372797923,42.84,80.60939980843102,215.08051196515356,3.51,2.671717761490747,2.007144506023591
6,6,Single GP,89,3,311.14,311.02736731094916,0.6702924863599891,504.12,514.1099355670358,160.22628697138657,4.26,4.709435036649358,1.7080847346376224
6,6,Single GP,90,1,308.79,307.57151918862763,0.34467205951443247,843.81,868.9098533427466,75.79225880871762,7.69,7.63814209636903,1.0374302609589217
6,6,Single GP,91,1,302.53,303.89340406022865,0.604364227495336,2030.6,2210.329418196128,152.43461239033115,2.36,9.480172160338707,2.3438613070287406
6,6,Single GP,92,2,312.07,310.7549603863844,0.7112654283096779,81.77,85.793703512408,114.09372731174284,5.71,3.6640733725679766,1.3092121962102603
6,6,Single GP,93,0,306.81,306.9471297631948,0.5325713752754107,673.45,1047.7380606994345,87.07843873666937,7.15,6.389279321120984,1.0180253755453048
6,6,Single GP,94,3,309.96,309.745269107987,0.5710185702068737,659.22,494.47337006523276,128.17831839205047,4.79,4.964467354191236,1.4917507959079124
6,6,Single GP,95,3,314.36,315.1568472658833,0.6062091865340159,139.42,21.890713304313067,143.85924035984493,5.84,3.1692576266303663,1.6462874110251438
6,6,Single GP,96,3,310.35,311.1787440954978,0.4613091621009874,94.55,80.79272600537183,115.10188167198557,3.98,5.648280454237515,1.0072749305446766
6,6,Single GP,97,1,313.16,313.4264051602413,0.5688749114651508,15.39,24.12352826539734,145.27779698253389,0.53,1.0239783356843501,1.3521203525250267
6,6,Single GP,98,1,306.83,306.57445566431755,0.32138009585231064,1407.27,1610.0897548932894,66.02567736535195,10.88,11.160364833070222,1.2497945333430942
6,6,Single GP,99,2,309.81,308.9017177778511,1.160983114015828,533.37,984.6091745489093,143.8923040974512,7.02,4.657380322643448,1.2844712772772457
6,6,Model Selection,0,0,312.33,313.5132395635167,0.9035397809822939,84.06,96.95526582883906,182.33150920836758,0.31,3.0159255571409687,1.22240284539805
6,6,Model Selection,1,4,311.68,310.00404707977015,0.5108633419963586,204.84,189.92187601055014,179.51558952499764,9.2,6.53082757226939,1.6944960698201972
6,6,Model Selection,2,4,301.44,306.3735846711447,0.6651236990504816,220.66,261.9818635020588,200.16277659266336,4.44,9.838588721779683,1.3638930173046866
6,6,Model Selection,3,2,314.31,314.8295327122421,1.4918472263815439,12.81,-9.279881493888752,268.228857108699,2.87,4.306087334002623,2.1415918476757683
6,6,Model Selection,4,3,306.89,304.44610764646336,0.9917585243277925,422.12,413.84025744900646,229.74252071194897,12.1,10.067725913899148,1.5785542278356235
6,6,Model Selection,5,3,307.84,307.6374640117098,0.8792321662986207,2201.12,1811.5647351230555,202.40439484371632,5.77,5.6404435032848035,1.2489651841239127
6,6,Model Selection,6,2,314.22,313.4653463890734,1.3276576659739026,87.66,85.44864219697479,272.0747494378202,3.45,3.4736898662191322,1.9316539853476546
6,6,Model Selection,7,2,301.14,304.2835896764925,1.2306482436874293,965.47,1346.6418101135582,288.7540531899048,6.46,10.422310586573236,1.8000149990118883
6,6,Model Selection,8,4,306.32,306.55219276087485,0.4221003375879189,331.97,356.5008788074398,154.47865477221765,10.22,7.189139477896182,1.4879265016153829
6,6,Model Selection,9,1,304.34,304.7753515313866,0.7364096005211443,421.99,584.0818767462794,160.28598420895062,3.37,8.168045064195491,0.924837288956834
6,6,Model Selection,10,4,303.31,305.43116583083423,0.8737772604212992,1035.72,396.1596709342361,179.8667469500663,5.86,8.336647769349035,1.1655569597893305
6,6,Model Selection,11,2,308.31,307.6817422997907,0.9488773300901525,374.66,406.12801130438373,237.01363190766992,8.57,8.594675859819846,1.4918054859138994
6,6,Model Selection,12,1,307.47,306.9818157099334,0.36208651860846164,850.87,954.8084538966717,71.14379063430258,10.63,10.826709156760456,0.4036368223826268
6,6,Model Selection,13,1,306.43,306.8583674753276,0.3589967948322241,2256.33,1183.7444426578513,76.47413208542045,4.77,7.805856946423705,0.43959695441133995
6,6,Model Selection,14,3,313.31,313.47832090469274,1.1460866752380316,0.85,-61.990827387381955,330.70788165015097,0.42,0.872557495970157,1.7285705753498668
6,6,Model Selection,15,3,311.83,313.4688124396963,0.8556898222231945,194.23,151.13125854289854,231.87904818244223,3.51,3.8531840856978405,1.34320098342873
6,6,Model Selection,16,1,307.32,306.3173289263425,0.4125314754007253,1604.24,1746.7623691643048,86.65162721556186,11.92,11.357354820740015,0.4975800114424539
6,6,Model Selection,17,0,311.08,311.2455981733165,1.0227124952109659,560.59,524.459060876252,240.19178307712548,3.19,4.338844625079471,1.4911463381318166
6,6,Model Selection,18,2,311.14,310.1591623636637,1.1391849034139705,68.07,56.72082542050248,220.7153051925627,5.46,6.006876993160223,1.6811825476755473
6,6,Model Selection,19,3,312.39,311.9685735786763,1.0651885793625295,59.84,14.382603891237409,278.95859657510164,5.02,4.632888507098051,1.6760971656160923
6,6,Model Selection,20,0,308.85,309.90339206914325,0.902669495700756,484.91,306.59563518254276,196.72473551454945,7.06,7.2523662182386515,1.3048484266176865
6,6,Model Selection,21,2,311.28,310.07691891326914,0.9683937898025965,410.23,779.745233384545,218.92323180295622,5.16,3.7202903433388403,1.4880404753100496
6,6,Model Selection,22,2,312.03,312.77888377696166,1.0982452238543605,122.49,161.3298454847503,227.12893017418085,3.07,4.029853162989726,1.6360639611643504
6,6,Model Selection,23,0,307.93,307.62759095517595,1.0137323327814223,117.49,80.8695115287727,247.61716564123685,6.42,8.104091373175308,1.3962249272212799
6,6,Model Selection,24,2,306.65,306.9293731910402,0.8159619751225332,1388.31,1359.7053082723155,175.82401051704306,11.47,11.682689129371848,1.129641934629286
6,6,Model Selection,25,4,308.18,309.0330789222422,0.44951433176607647,1252.74,1301.847625559142,108.7269480311694,7.11,6.19814410768718,1.0642087206110775
6,6,Model Selection,26,4,310.29,310.8217891978917,0.7812203011490918,785.56,941.224283357185,208.52312218796285,5.06,4.935488568640644,1.777991678661309
6,6,Model Selection,27,1,303.33,304.42357629363323,0.7022064461621106,1918.36,2123.528313428489,158.0112731486085,8.91,11.432007860175364,0.916500886674047
6,6,Model Selection,28,3,302.73,301.80166813012727,1.2886531154944418,2026.87,1690.0748662412966,294.71354254863746,13.02,5.058362744611855,1.9089563520348722
6,6,Model Selection,29,1,310.24,310.3269031297671,0.5667253608324951,305.92,269.0837581548913,127.29270393554745,5.99,6.350462799146755,0.7414285536716153
6,6,Model Selection,30,0,305.2,305.3790876488457,1.1524590904351406,2372.98,1995.0958916132822,201.2022826188597,10.28,9.290448204709858,1.6553920900704515
6,6,Model Selection,31,4,307.79,307.4681570516549,0.36549806664945533,1236.45,1216.3662806002799,128.08881980514545,12.82,11.195075766655284,1.3021773936690577
6,6,Model Selection,32,0,309.58,309.36195979724175,0.978826546927267,717.28,584.9529612023287,201.0380499464175,6.31,5.625004904370845,1.3663925663433643
6,6,Model Selection,33,4,311.54,311.8499332069229,0.5407357266598852,686.14,669.3187958985105,142.52156831601857,4.98,3.1261435185161117,1.3456165299727219
6,6,Model Selection,34,0,308.55,309.7096122946558,1.0270487729063806,367.47,462.75629812338207,207.12877873548996,5.43,5.141211841198076,1.4359214530618578
6,6,Model Selection,35,2,306.8,307.04742490371615,0.8795418087190974,554.95,581.3015013635521,217.70853963060213,12.78,11.484452819053622,1.454388644123326
6,6,Model Selection,36,2,307.12,307.55158263125463,0.8522499429718371,2075.38,2196.7047298680236,181.27729921019932,5.9,6.565489519922302,1.319183602077387
6,6,Model Selection,37,0,309.05,309.3847074248056,1.011493323292382,1337.07,1337.0206469588452,186.33325391115432,4.68,6.0752376330185545,1.4151581743742538
6,6,Model Selection,38,1,307.56,307.12892635440386,0.5161758276025256,316.18,319.3219156826103,114.71753633343722,8.14,5.646750212609165,0.665452721376281
6,6,Model Selection,39,0,312.34,312.63058095909304,1.1768605111089445,106.38,153.89327280666834,135.99764569709407,5.13,4.529636186888755,1.5890361195146014
6,6,Model Selection,40,2,309.58,308.7043187532264,0.9238061725174814,435.02,414.6012423833303,188.25751795160033,7.83,8.389448921842199,1.366688606177667
6,6,Model Selection,41,2,307.48,307.1827156506854,0.9575647340978247,1296.42,981.8237356397237,173.61332035399025,8.74,8.588054330328706,1.4214118140406216
6,6,Model Selection,42,2,304.47,305.51337445592446,1.1099945570142318,451.73,598.1747376690276,234.3910997642279,7.37,8.037965793478488,1.668752294304608
6,6,Model Selection,43,3,311.63,312.0165134137579,1.0699076276251887,91.86,82.99748106682966,277.54305613894866,2.46,2.4202855944490658,1.656395431833079
6,6,Model Selection,44,0,312.52,312.51889815484714,1.1620262045147312,220.1,458.0270589766126,293.1026342427401,1.31,1.7784501525205947,1.6705484518765747
6,6,Model Selection,45,0,312.59,312.7403609234142,1.1686515328156573,188.63,346.02003959134805,269.3613644455787,1.23,1.950283295075077,1.728100988104877
6,6,Model Selection,46,2,306.36,306.9548961737241,0.9695790772486164,947.21,953.2214174710103,222.3359220308212,7.22,7.827899394618277,1.4839465036489834
6,6,Model Selection,47,0,302.67,306.54026181871785,1.1150362608424464,1366.98,1157.5535183686397,214.1611996316461,10.28,10.458308269489095,1.5839896099009354
6,6,Model Selection,48,1,312.73,311.9355124447597,0.5865695409993585,46.91,18.360412449822547,124.3553336031372,1.25,0.6703054172054159,0.7153657720533669
6,6,Model Selection,49,3,310.89,309.90683290444076,1.0308295720929541,93.48,84.66907460749383,291.1046213016505,4.63,4.40658845122003,1.5559614733588383
6,6,Model Selection,50,3,307.08,303.73947941331454,1.2076938089571916,130.32,295.47742419919365,310.5863944908174,7.26,6.674676196941588,1.8832582075694404
6,6,Model Selection,51,1,306.76,306.2818466961948,0.36496036030383616,1543.82,1718.9997787359976,76.44522962216132,10.96,10.911136657380197,0.43886942627969233
6,6,Model Selection,52,1,310.33,310.3359530228261,0.4427464775988811,570.52,649.3159092823513,92.61645649320987,5.7,5.986095681373543,0.531417064766254
6,6,Model Selection,53,2,312.69,312.5952353037107,0.9389063716293309,95.36,75.12848202720227,219.24175969091502,1.39,1.2306133042210599,1.4066332209817323
6,6,Model Selection,54,1,311.54,312.3355046159149,0.35539168952134725,223.41,201.013749427121,75.82257938225925,4.71,4.733691064069285,0.43570812946905785
6,6,Model Selection,55,3,308.42,304.51704439844417,0.9166924379484808,709.64,782.6021241211247,229.98996646133276,12.53,9.868635050287427,1.3957676631379528
6,6,Model Selection,56,2,308.18,307.73246025638485,0.8509790894039504,1523.36,1862.6747736792372,199.40825399185465,7.59,6.626751022792238,1.256201398150339
6,6,Model Selection,57,4,308.44,309.8383125528981,0.6552195156254438,1059.82,1358.1997733788094,162.3845018094538,5.32,5.655285328417574,1.5385816964031394
6,6,Model Selection,58,1,309.87,311.3334837211105,0.3684251366370619,261.82,197.74794879755694,78.53279354648328,2.03,3.5248454514438827,0.45235545490407775
6,6,Model Selection,59,0,308.33,309.6885056100414,0.9737044729592303,1098.75,1315.4860089141862,211.98861147645084,2.44,5.758432629562323,1.276488312966938
6,6,Model Selection,60,0,306.45,306.1513689329549,1.312125237453247,268.91,357.2161368387241,185.47030572543807,8.27,5.741409288047155,1.8640416375136284
6,6,Model Selection,61,0,303.98,302.90862033028077,0.984350194501007,704.72,750.280722520273,181.59949849580323,7.93,6.453734472573591,1.4871635663739986
6,6,Model Selection,62,4,308.91,309.2681068780729,0.431932054443516,671.26,759.2151858718656,117.96562594733868,8.35,8.017103751609543,1.418117086519088
6,6,Model Selection,63,3,309.65,310.2803679314757,0.9714112341163983,616.92,640.4405333368549,217.08563181392805,2.11,3.535939059366953,1.523852346928932
6,6,Model Selection,64,2,311.97,311.73577707627135,0.9783070879929766,177.02,215.22403182309574,208.83937016985928,2.3,2.3620672582094575,1.4962082163951507
6,6,Model Selection,65,1,306.98,307.41145248273926,0.40093379336398505,2215.59,1722.6350682891175,84.91376551803275,6.68,7.74653128828325,0.4874004138020337
6,6,Model Selection,66,4,306.01,305.7622665045913,0.5045181849087373,1493.56,1454.7726292244765,132.6160654230704,12.0,12.295439434094,1.164559356518465
6,6,Model Selection,67,1,311.22,312.1777531244772,0.4119338131283512,462.07,521.9397040500342,90.21096171945321,3.64,4.1511492768033245,0.5227020054995668
6,6,Model Selection,68,4,304.88,309.0819457627475,0.4640893765807231,395.97,375.32606931313654,131.00598323954443,8.3,8.896030602028041,1.567299620470933
6,6,Model Selection,69,3,310.04,309.64412497963343,1.225977442245254,990.55,976.2013255512743,277.0844200636597,2.36,2.520067197066144,1.8704243527555355
6,6,Model Selection,70,0,312.89,311.8909402597806,0.9986368000683594,164.97,383.05305443562554,213.58878371132386,0.86,4.406238600835437,1.4241917201428418
6,6,Model Selection,71,3,312.89,312.55417468975844,1.036930594298627,42.42,92.7047882615608,257.7650749648251,0.86,1.4324470355994157,1.6123533403421257
6,6,Model Selection,72,2,311.83,310.7501615900655,0.9230306142344007,492.81,466.1135944674751,187.32646332128326,6.49,3.275482103766559,1.446016763542381
6,6,Model Selection,73,4,307.38,307.3465796694989,0.46741408729008865,663.32,727.1083810924033,166.55814462856645,9.56,10.057838617320932,1.5544907777323826
6,6,Model Selection,74,1,313.21,312.9086872923489,0.6359736653832786,15.08,-37.39857979318401,140.78787083997517,0.39,1.0029331172787401,0.8163611074342869
6,6,Model Selection,75,4,307.86,308.5097318299988,0.49778858160747336,946.9,1218.7878106790924,130.09741593911605,8.0,6.651298403246024,1.249072990235996
6,6,Model Selection,76,4,307.58,308.6250098526282,0.433563666182295,1109.01,1256.7155594083874,108.60777936583784,8.19,7.578725819270516,1.0371719893484304
6,6,Model Selection,77,4,312.31,312.1969243131524,0.48100350672200654,65.54,65.52670526654788,130.9818584428173,2.01,1.8417424879224842,1.3803317407814497
6,6,Model Selection,78,3,312.73,313.23762521917206,0.9619718198871049,68.26,40.22012993135786,236.95849393894048,1.34,2.345018170600959,1.5310175789948908
6,6,Model Selection,79,4,306.53,307.09816787764123,0.45805718323419525,466.58,484.1721018376614,152.2820893355767,7.25,7.2538924174532315,1.4482251032235418
6,6,Model Selection,80,4,315.92,312.74511679121093,0.6403209850330122,84.11,107.7449577643406,174.69804833645222,3.9,1.822606417389888,1.4947424479266707
6,6,Model Selection,81,0,309.26,307.439798036141,1.4214372661447952,613.05,738.2860988339985,211.18369611696787,8.86,10.76792055825603,2.069366706248953
6,6,Model Selection,82,3,310.16,308.3194287729168,0.8333828071634388,517.94,693.6247086800272,217.7665331786366,7.35,6.848286223471793,1.311234131463088
6,6,Model Selection,83,0,304.65,304.3852646378899,1.147748105368792,2419.87,1642.8363160319304,200.33210695728772,12.79,8.025681780727522,1.5737691155804494
6,6,Model Selection,84,4,315.33,313.792663722094,0.6256574631382612,96.59,55.4136296421666,152.94409954182353,6.91,3.20964227993898,1.5548766986637228
6,6,Model Selection,85,1,311.02,310.9521376251753,0.7519971259331429,146.83,51.89345884330487,176.9430764361846,5.0,5.833049474138393,1.0404259046322313
6,6,Model Selection,86,0,309.61,309.26817287923456,1.1952929868496052,540.43,634.7156151429366,183.47519532255498,7.42,7.931823634880821,1.9326455392431467
6,6,Model Selection,87,4,311.04,312.0630887622469,0.5606832647388843,153.39,139.72319823098996,132.14639894052613,1.96,1.9450008193407204,1.3607119017742024
6,6,Model Selection,88,3,312.29,313.24837313070384,1.1519843963376986,42.84,9.050974512739685,285.34143466413525,3.51,2.8362443463975078,1.775538191213922
6,6,Model Selection,89,3,311.14,311.07904062742983,1.0727121222311073,504.12,516.362365353613,246.59802933469902,4.26,4.747937837780471,1.6201447925422625
6,6,Model Selection,90,1,308.79,307.69943763808703,0.383280452317576,843.81,950.973545552604,78.59659483339487,7.69,7.430336340919811,0.4492308511515817
6,6,Model Selection,91,1,302.53,303.7378562957571,0.6965804160991143,2030.6,2196.7938451189016,155.66802619839623,2.36,10.537533396775832,0.9040115064352888
6,6,Model Selection,92,2,312.07,310.95655669293956,1.0923125897872064,81.77,79.74239770522524,184.13680713907166,5.71,3.9797026942498865,1.527185715563069
6,6,Model Selection,93,0,306.81,306.3930260954641,0.9992140822831318,673.45,1014.8627254853413,191.28286028211872,7.15,6.3836260252074375,1.424419778410308
6,6,Model Selection,94,3,309.96,309.75769005968,1.071517223593815,659.22,505.93949314760647,242.4821395362754,4.79,4.987611162132151,1.5480752705760519
6,6,Model Selection,95,3,314.36,314.42904101737184,0.982702678352315,139.42,83.12769008576095,254.65183668276467,5.84,3.3088524332514044,1.525190188617513
6,6,Model Selection,96,3,310.35,311.0571863530917,0.914061014609179,94.55,100.4973438268214,184.7003315526304,3.98,5.257450949211851,1.3435461426041329
6,6,Model Selection,97,1,313.16,313.36723653869274,0.6558293947994127,15.39,-17.215166773245755,139.38813718126207,0.53,2.1195815718344515,0.8023269979078024
6,6,Model Selection,98,1,306.83,306.3165374779551,0.35866308531622193,1407.27,1551.3521127508147,73.9347832886461,10.88,11.198914102825297,0.423387024048326
6,6,Model Selection,99,2,309.81,309.50585324364766,1.014533343046671,533.37,823.8115008616198,221.17641663766625,7.02,4.77290134624665,1.5080143179206196
6,6,Model Selection + Bagging,0,0,312.33,313.1271902531077,1.2386577657196685,84.06,92.60500261662128,202.7076618207651,0.31,2.8451442495313506,1.5988214847552615
6,6,Model Selection + Bagging,1,4,311.68,309.99674057279447,1.162976023743088,204.84,188.2529475238813,274.9266720714243,9.2,6.892577359202625,1.8064909764242012
6,6,Model Selection + Bagging,2,4,301.44,306.0170085391846,1.5828227296363957,220.66,322.4673633953701,352.1236483980909,4.44,9.123358324730194,1.8638372041797469
6,6,Model Selection + Bagging,3,2,314.31,314.2522071368938,1.8710075518579825,12.81,-1.671799215346482,270.6366382445921,2.87,3.36314866580865,2.594702370631866
6,6,Model Selection + Bagging,4,3,306.89,304.88934226245595,1.2299448031373406,422.12,461.35550350778067,249.82632319826044,12.1,10.118859424909054,2.015925571145642
6,6,Model Selection + Bagging,5,3,307.84,307.8117684498174,0.9386507913647782,2201.12,1740.1673728525252,270.46171640252135,5.77,6.2312034144835895,1.5263808477849714
6,6,Model Selection + Bagging,6,2,314.22,313.236861009669,1.5402372318224682,87.66,88.91132111710374,273.8791263400417,3.45,2.7882254173331784,2.4375553949949476
6,6,Model Selection + Bagging,7,2,301.14,303.93192621992506,1.489667903113279,965.47,1227.9681681741968,365.18411605496505,6.46,9.433598468644105,3.026691462091788
6,6,Model Selection + Bagging,8,4,306.32,306.3944369967191,1.0709289508192528,331.97,330.33701825790723,283.18130930354175,10.22,7.326011351808164,1.622027408746931
6,6,Model Selection + Bagging,9,1,304.34,305.1954059325441,2.415290590797073,421.99,492.9679038673625,363.6767999750602,3.37,7.765607608329823,2.51835141825475
6,6,Model Selection + Bagging,10,4,303.31,305.59962409007915,1.7515680030328429,1035.72,407.55165864811386,299.40426461006024,5.86,8.226600522746866,1.5826466486963953
6,6,Model Selection + Bagging,11,2,308.31,307.7288207576216,1.1274860302098306,374.66,370.24091346575364,247.8715246861363,8.57,8.289985157175295,1.6715249748352232
6,6,Model Selection + Bagging,12,1,307.47,307.06925589022626,1.2558485634312628,850.87,945.1728950132194,197.90818267520115,10.63,10.949699917284912,1.3023810578030088
6,6,Model Selection + Bagging,13,1,306.43,307.48626017647234,1.283143766305622,2256.33,1233.955288228243,245.18322655236435,4.77,7.620873025902499,1.5473767259633813
6,6,Model Selection + Bagging,14,3,313.31,313.4922989161326,1.2825747533240888,0.85,-52.605721215537415,350.3307791597282,0.42,1.413794802607824,1.9176308158055309
6,6,Model Selection + Bagging,15,3,311.83,313.27674528126164,1.0669484593101948,194.23,170.84621085571098,249.35203918681256,3.51,3.6211491602974117,1.5678577554237814
6,6,Model Selection + Bagging,16,1,307.32,306.7556777282529,1.2859958726834626,1604.24,1810.6196055614278,212.01789054553265,11.92,11.65769181250906,1.483127615664246
6,6,Model Selection + Bagging,17,0,311.08,311.2296753576643,1.1296820011378137,560.59,531.5691862625011,256.8233969713239,3.19,4.4824775922784275,1.5118266479678422
6,6,Model Selection + Bagging,18,2,311.14,309.97599329127763,1.3234386160452405,68.07,55.501799908616704,258.27829986278596,5.46,5.987853218073622,1.8243628841778732
6,6,Model Selection + Bagging,19,3,312.39,311.8811157505912,1.1347620218627528,59.84,13.74722722432864,292.4958862763827,5.02,4.769364713776207,1.72367076761335
6,6,Model Selection + Bagging,20,0,308.85,309.3674928079138,1.2325515758706844,484.91,345.0687341603519,215.46971271667113,7.06,7.139891835011582,1.450235143307317
6,6,Model Selection + Bagging,21,2,311.28,310.19425605676605,1.1116754042169958,410.23,700.0176358119638,251.38401532658565,5.16,3.9309347349012715,1.6026493281312313
6,6,Model Selection + Bagging,22,2,312.03,312.64394797942055,1.3798563316829413,122.49,149.14645627878554,215.18023783735038,3.07,3.8724905648546533,1.7723812678259014
6,6,Model Selection + Bagging,23,0,307.93,307.2477251535422,1.2304742860560791,117.49,105.16308474938432,255.70548758265886,6.42,7.563617231307386,1.810902660909318
6,6,Model Selection + Bagging,24,2,306.65,306.9541566826263,1.0622220281161947,1388.31,1446.5519023246952,227.75290120628992,11.47,11.43185029182424,1.4005895474166545
6,6,Model Selection + Bagging,25,4,308.18,308.8996884393909,0.9304446984836143,1252.74,1424.4948139984353,286.8275452484249,7.11,6.463420311381999,1.2996025502545165
6,6,Model Selection + Bagging,26,4,310.29,310.7318688507218,1.363697883704634,785.56,855.2369297619441,306.28033438654876,5.06,4.754827901846781,1.8232814758538882
6,6,Model Selection + Bagging,27,1,303.33,305.43903786723155,2.0899500373132147,1918.36,1825.5171892197118,482.27377314398854,8.91,9.801067760969017,2.6598236997726166
6,6,Model Selection + Bagging,28,3,302.73,302.7032571118828,1.8201802149446717,2026.87,1688.3146074493047,410.9874474914589,13.02,5.5280921038924555,2.328752185764636
6,6,Model Selection + Bagging,29,1,310.24,309.2641424298538,2.109130548801473,305.92,406.2240785264517,327.60629395660925,5.99,5.67012276463644,2.4258256171190995
6,6,Model Selection + Bagging,30,0,305.2,305.3780823312383,1.241656185610749,2372.98,1899.8930613991129,254.2733197870114,10.28,8.250291887836436,1.7973924062818605
6,6,Model Selection + Bagging,31,4,307.79,307.1074437114832,1.3347676875568069,1236.45,1266.4990364615942,254.99006479573754,12.82,11.080250783694638,1.4568682541632951
6,6,Model Selection + Bagging,32,0,309.58,309.3726914888879,1.0838756511423875,717.28,597.5575668844073,219.09743291264311,6.31,6.00553077966664,1.4669998946576142
6,6,Model Selection + Bagging,33,4,311.54,311.81842360555146,1.0482636762581345,686.14,638.0575196692103,265.6654980761231,4.98,3.2214643789247672,1.5817226801570605
6,6,Model Selection + Bagging,34,0,308.55,309.72743095031285,1.1303272050967326,367.47,493.82324297847515,227.79867060275782,5.43,4.8766203209538865,1.4097751846226667
6,6,Model Selection + Bagging,35,2,306.8,306.68940592158634,1.1937893505856638,554.95,577.9057705533182,238.99477953838934,12.78,10.541191229777326,1.9269742180154479
6,6,Model Selection + Bagging,36,2,307.12,307.67131337247486,1.0078595878601186,2075.38,2017.4050624681252,330.60342257835134,5.9,6.736685067289119,1.5155126865089097
6,6,Model Selection + Bagging,37,0,309.05,309.4882281557914,1.119114819392876,1337.07,1348.7054408562137,240.6239555922284,4.68,5.880958626964785,1.442900212651682
6,6,Model Selection + Bagging,38,1,307.56,308.6970553725111,1.9561758299387872,316.18,302.0488711102758,259.57121118255014,8.14,6.29323921445796,1.9719941706365673
6,6,Model Selection + Bagging,39,0,312.34,312.5089076394804,1.2642741917121125,106.38,205.3533108703656,234.66024412300087,5.13,4.5925793468584715,1.5679000451161704
6,6,Model Selection + Bagging,40,2,309.58,308.59696229829126,1.1415832717031642,435.02,428.89320395412403,203.5244770628416,7.83,8.717207240219446,1.5158156950254829
6,6,Model Selection + Bagging,41,2,307.48,307.29321529509014,1.1035088509517674,1296.42,964.9694269056847,210.12092028863856,8.74,8.551627626918243,1.5882826787937157
6,6,Model Selection + Bagging,42,2,304.47,305.12707516504213,1.2941098268310094,451.73,611.9081691491255,298.7296200577035,7.37,8.404824840025812,1.9877159223870982
6,6,Model Selection + Bagging,43,3,311.63,312.2829507775506,1.1638127349429777,91.86,88.02355278086998,282.85801897892696,2.46,2.788864024552919,1.7587225627717633
6,6,Model Selection + Bagging,44,0,312.52,312.40076840489024,1.283357011284086,220.1,481.17486957475944,308.46130068668674,1.31,2.287242692203202,1.7562981335328907
6,6,Model Selection + Bagging,45,0,312.59,312.6209487259829,1.2744316746729303,188.63,365.96942491859704,281.71352731896036,1.23,2.4757211694158405,1.7677664801253141
6,6,Model Selection + Bagging,46,2,306.36,306.9599274391987,1.1395666734287355,947.21,910.0247234326961,284.599256369111,7.22,8.251544029781932,1.8236219515696617
6,6,Model Selection + Bagging,47,0,302.67,306.5142869727577,1.233066235052342,1366.98,1145.9805685596834,224.3292205876898,10.28,10.609391940258757,1.7713089298459979
6,6,Model Selection + Bagging,48,1,312.73,311.66522396048,1.6770268466070717,46.91,67.69858007967628,258.67649124975503,1.25,1.6942411019539536,2.0279038468753554
6,6,Model Selection + Bagging,49,3,310.89,309.92350214216475,1.1274434558012627,93.48,105.32328929478217,314.78055624063825,4.63,4.269709868994967,1.628955875261788
6,6,Model Selection + Bagging,50,3,307.08,304.4156592407997,1.6040147614359108,130.32,376.2050687730309,369.47039586288287,7.26,7.454292228169268,2.1412853588280294
6,6,Model Selection + Bagging,51,1,306.76,306.39488925652057,1.260565794241856,1543.82,1853.6973120821904,224.55087724362377,10.96,10.969876432961225,1.5028074840886692
6,6,Model Selection + Bagging,52,1,310.33,310.99924827644304,1.7057556207791316,570.52,601.3246521083727,306.57220376346584,5.7,6.426215752367837,2.169862369366334
6,6,Model Selection + Bagging,53,2,312.69,312.67957754662336,1.1071326763190523,95.36,77.0609758408259,240.24444640743548,1.39,1.6027822051165845,1.5593255307649385
6,6,Model Selection + Bagging,54,1,311.54,312.07751998865956,1.453745136822302,223.41,165.87546625369458,225.6182018711031,4.71,4.18541280724527,1.7999651277157513
6,6,Model Selection + Bagging,55,3,308.42,304.95903267496635,1.3157605326380928,709.64,833.9219451271003,258.353142063564,12.53,10.063242293991909,1.6781767667315175
6,6,Model Selection + Bagging,56,2,308.18,308.09077801089046,1.0758504926138202,1523.36,1713.8582524451508,323.5391658495917,7.59,6.901098582421771,1.5145999853871053
6,6,Model Selection + Bagging,57,4,308.44,309.76065642034166,1.1850115648387356,1059.82,1305.1073475648661,292.1043826045065,5.32,5.539818412705367,1.6368681620001726
6,6,Model Selection + Bagging,58,1,309.87,310.72180602711677,1.359442946839156,261.82,206.41003469429472,206.33908223175337,2.03,3.0113474253706713,1.8690790412831633
6,6,Model Selection + Bagging,59,0,308.33,309.83903041124626,1.097734846245482,1098.75,1299.8036429771169,265.022694856297,2.44,5.141529553705171,1.5428219428789398
6,6,Model Selection + Bagging,60,0,306.45,306.2022763171249,1.4587660236616422,268.91,422.8103036035474,241.0403011322183,8.27,5.41459538498505,2.128529503472042
6,6,Model Selection + Bagging,61,0,303.98,303.012981415462,1.3154050083861129,704.72,814.1431845582815,227.61038378622948,7.93,6.583585991925908,1.8166889994020003
6,6,Model Selection + Bagging,62,4,308.91,309.16842015384395,0.7874838091663867,671.26,863.0178144645141,285.0424061971623,8.35,8.146097560990372,1.4950728727432971
6,6,Model Selection + Bagging,63,3,309.65,310.31314405062784,1.0705907719921537,616.92,647.4729197746917,239.0093246645468,2.11,3.419860610944864,1.6234493149766749
6,6,Model Selection + Bagging,64,2,311.97,311.81944545664066,1.141173837252424,177.02,196.17033631634433,239.57323469051238,2.3,2.411634382284749,1.6071496894415294
6,6,Model Selection + Bagging,65,1,306.98,307.9095510769226,1.1211187751685092,2215.59,1871.5165203418605,222.63550905827805,6.68,7.516221163043159,1.6689126395692835
6,6,Model Selection + Bagging,66,4,306.01,306.0533272465767,0.9890310519842308,1493.56,1451.7608509473562,219.89630021794045,12.0,12.014760988560166,1.286556088105608
6,6,Model Selection + Bagging,67,1,311.22,312.16578822394956,1.1772717733534128,462.07,506.3480060024456,214.34699223088174,3.64,5.920269002962412,2.004495225192089
6,6,Model Selection + Bagging,68,4,304.88,309.18547163162066,0.9031282066031856,395.97,399.6420310144638,196.81874400002434,8.3,9.411054329808016,1.7730650278979876
6,6,Model Selection + Bagging,69,3,310.04,309.87862650545514,1.3245232707356323,990.55,1006.2899276839914,295.3620776352208,2.36,3.0780678213496717,1.9562175617900963
6,6,Model Selection + Bagging,70,0,312.89,311.9001051462028,1.089044385589052,164.97,405.2594210740048,227.66908929362435,0.86,4.604528709465669,1.6144810967678793
6,6,Model Selection + Bagging,71,3,312.89,312.5242619997935,1.1340745895806217,42.42,98.90440870791508,282.6186163397379,0.86,1.49363250023728,1.6569870418481276
6,6,Model Selection + Bagging,72,2,311.83,310.9389976473898,1.0548209466247433,492.81,460.42668070225625,221.15626135174398,6.49,3.464485044375819,1.561116632349124
6,6,Model Selection + Bagging,73,4,307.38,307.47706855278375,0.9111294915044464,663.32,703.6628646620962,243.54868106248193,9.56,9.583214232153535,1.6729858276494252
6,6,Model Selection + Bagging,74,1,313.21,312.3604173521029,1.649319064570961,15.08,95.85623203656894,262.0643701938191,0.39,1.1943637552538897,1.999004596940491
6,6,Model Selection + Bagging,75,4,307.86,308.4442077826101,1.1474366340530706,946.9,1250.6589451947018,304.21112240774005,8.0,6.453593529031996,1.518811294750039
6,6,Model Selection + Bagging,76,4,307.58,308.27129357958563,0.7810699016642146,1109.01,1330.410726843459,247.28957885694854,8.19,7.690571151598773,1.263227868650985
6,6,Model Selection + Bagging,77,4,312.31,312.1018725772241,0.8312663785182032,65.54,82.4770913795943,203.9960794257939,2.01,2.196345724786118,1.8032393442586003
6,6,Model Selection + Bagging,78,3,312.73,313.28084992762774,1.0155987413914553,68.26,42.90678576858875,237.96555161866627,1.34,2.4188919591091502,1.6203257246051461
6,6,Model Selection + Bagging,79,4,306.53,307.12296737883287,0.8860709043229793,466.58,520.9812180199485,247.42348608880502,7.25,7.748608164563077,1.6528878286529023
6,6,Model Selection + Bagging,80,4,315.92,312.02715942685825,1.1597992369312475,84.11,174.89042034848973,290.7112091040239,3.9,2.625459917739724,1.7630802514124768
6,6,Model Selection + Bagging,81,0,309.26,307.8052824570175,1.6009699990816693,613.05,785.3214230702655,274.11558586713477,8.86,10.652300500859834,2.1588877290605475
6,6,Model Selection + Bagging,82,3,310.16,308.4822660435922,0.955305851801542,517.94,609.0196967157381,260.0598657446625,7.35,6.764615429207338,1.510505755202727
6,6,Model Selection + Bagging,83,0,304.65,304.4586864086521,1.3691351879353921,2419.87,1589.3848071357017,237.0593189513465,12.79,8.247353314035644,1.9646394788438242
6,6,Model Selection + Bagging,84,4,315.33,313.654591015199,1.3010362331154584,96.59,91.88963997806525,281.80230637685486,6.91,3.2456787125746995,1.7614286519168951
6,6,Model Selection + Bagging,85,1,311.02,309.6065343467501,2.70512663707527,146.83,269.94245984201694,403.9211576089635,5.0,5.322454833927746,3.072849560552848
6,6,Model Selection + Bagging,86,0,309.61,309.5076757081495,1.3421468485838608,540.43,623.6617114164403,210.54929125598775,7.42,8.02860922940109,1.9867242645827035
6,6,Model Selection + Bagging,87,4,311.04,312.1615925454469,0.883077612440248,153.39,129.96217484082,224.06153880264586,1.96,1.9167064255891724,1.4956990497250924
6,6,Model Selection + Bagging,88,3,312.29,313.3673544786269,1.205229606357775,42.84,8.736830522058312,303.57209201285264,3.51,3.031743161444594,1.8354063472952835
6,6,Model Selection + Bagging,89,3,311.14,311.00268038017884,1.1886713510875517,504.12,538.6202190492139,266.9193047579958,4.26,4.7289501016866025,1.7114712231895788
6,6,Model Selection + Bagging,90,1,308.79,307.5516243446838,0.9973306200221022,843.81,921.6781332808478,218.33916969141222,7.69,7.6245067586905915,1.267446697250434
6,6,Model Selection + Bagging,91,1,302.53,305.21061731061155,2.365974842592422,2030.6,1900.4374740722951,523.5904964241697,2.36,8.872348597539888,3.180072476680304
6,6,Model Selection + Bagging,92,2,312.07,310.79507240104664,1.256510414219294,81.77,81.14260099397484,226.04408344325736,5.71,4.350459563582846,1.61774075793919
6,6,Model Selection + Bagging,93,0,306.81,306.60307887078363,1.258120370916593,673.45,1010.7985253636587,241.76891266747973,7.15,6.478420903624627,1.7782933667726561
6,6,Model Selection + Bagging,94,3,309.96,309.7997958535482,1.1163571719079175,659.22,509.11131346220026,276.50524177865606,4.79,4.892533780769696,1.5667246197725964
6,6,Model Selection + Bagging,95,3,314.36,314.15232653232613,1.1757096875929953,139.42,114.80682783225961,263.11609143572787,5.84,3.300933098926359,1.6770411255057294
6,6,Model Selection + Bagging,96,3,310.35,310.76329597499273,1.148811789968789,94.55,97.45736669469989,221.5087433344562,3.98,5.005513629127621,1.6531260779381745
6,6,Model Selection + Bagging,97,1,313.16,312.6540620918363,1.98902983196873,15.39,145.95218023980988,296.3192558101293,0.53,2.07942493892738,2.505543266775332
6,6,Model Selection + Bagging,98,1,306.83,306.4544171402671,0.9895322444831446,1407.27,1619.8101170359048,177.98978156745798,10.88,11.65496202312494,1.1976789979182896
6,6,Model Selection + Bagging,99,2,309.81,309.5625565288503,1.1703485836026872,533.37,732.6613174778503,279.322588763374,7.02,4.876473631853247,1.6778382418033941
7,7,Single GP,0,4,312.33,312.80930898359446,0.4440876876574678,84.06,86.67190698274987,86.85722876647152,0.31,2.5315283928614614,0.988828349696644
7,7,Single GP,1,2,311.68,309.53391264962596,0.37488507165273965,204.84,190.06150389506644,147.52646140332894,9.2,6.31668269901774,1.4747157557193695
7,7,Single GP,2,1,301.44,304.7698784526674,0.4665265450829851,220.66,453.8074819500198,150.13600254772848,4.44,9.837022955049882,1.369106408161288
7,7,Single GP,3,2,314.31,313.67631525125694,0.701821536037342,12.81,9.805439090260506,191.19498676866016,2.87,2.6900808551564266,2.0723163791563284
7,7,Single GP,4,3,306.89,304.73015374488216,0.3162271787298465,422.12,410.5235832001883,163.18778025145076,12.1,10.910935714318093,1.5653448717824474
7,7,Single GP,5,1,307.84,307.847200261906,0.3983998693768986,2201.12,1391.8006173083404,146.1854999860023,5.77,6.720953283598371,0.9760250507803402
7,7,Single GP,6,3,314.22,313.2510966517579,0.5517233074052279,87.66,47.25409056436331,206.844262398299,3.45,1.7717990098149787,2.028041583668563
7,7,Single GP,7,4,301.14,303.2493060794144,1.31412562708753,965.47,1119.290530312747,146.58815685049214,6.46,9.634867564416943,1.859340350592581
7,7,Single GP,8,4,306.32,305.71052890557604,0.5289094181171126,331.97,207.5770285649832,128.53716642082188,10.22,6.302296894325218,1.589285082947622
7,7,Single GP,9,3,304.34,303.35943509422583,0.5493846225033246,421.99,388.02928750845547,289.1827982490471,3.37,6.817959808794042,2.2761976693133144
7,7,Single GP,10,2,303.31,303.5925177641607,0.3942983632454817,1035.72,355.16223078867756,136.65262625255292,5.86,5.574414852878988,1.0967482995967253
7,7,Single GP,11,0,308.31,309.37942424101016,1.3930659418411206,374.66,498.218262919222,118.48022609742972,8.57,8.787223820691244,1.0115419405810422
7,7,Single GP,12,0,307.47,306.9939288573006,0.7894715688212351,850.87,930.1455273384768,74.23850143000365,10.63,11.085341401340187,0.874343182834763
7,7,Single GP,13,0,306.43,307.3269225639109,0.9501547710248563,2256.33,1176.3120257112362,94.35916869733849,4.77,8.316742924768324,1.1297927014665416
7,7,Single GP,14,4,313.31,313.29719979653714,0.950876367225698,0.85,20.078618114025176,202.62849644758506,0.42,0.6087014252832841,1.3193185506736145
7,7,Single GP,15,0,311.83,314.3759368481724,0.9052253163139555,194.23,134.93978356874038,86.37697427129014,3.51,5.139652031958861,1.025775642608245
7,7,Single GP,16,2,307.32,306.21539883341325,0.2983491184609533,1604.24,1743.8757726189233,84.55504562576543,11.92,10.882209705968393,0.49039455133202625
7,7,Single GP,17,1,311.08,310.93685844827263,0.41274723748256176,560.59,526.1533937637752,101.51025746002279,3.19,2.995629622322409,1.4050355973625974
7,7,Single GP,18,0,311.14,310.22947358294306,1.208476264619875,68.07,65.41461299158027,102.07806717148473,5.46,7.01780390185076,1.4583974773017434
7,7,Single GP,19,3,312.39,312.04841287659855,0.3337484644217262,59.84,37.477520704981316,185.03082296113936,5.02,5.023209000405693,1.9530679261059067
7,7,Single GP,20,0,308.85,310.58396936112604,0.9591629822749246,484.91,387.53145313121917,86.44232368742765,7.06,7.587904438120757,1.112024248769561
7,7,Single GP,21,1,311.28,310.4148202335625,0.28542729391126775,410.23,837.0785468536213,84.56417235547335,5.16,5.431561306142038,0.9863632627400533
7,7,Single GP,22,0,312.03,312.5850244303083,0.979671682796687,122.49,114.59580422995566,128.6050606613246,3.07,7.760980911314638,1.4931667938576114
7,7,Single GP,23,4,307.93,307.21631215609466,0.672946429105168,117.49,-98.4092313652817,176.21943163864628,6.42,7.25076688724973,1.7378962332330476
7,7,Single GP,24,3,306.65,307.01077845250285,0.3518037350309899,1388.31,1296.2775439525303,97.09229806368518,11.47,12.042724592013062,0.8487993482967805
7,7,Single GP,25,4,308.18,308.5096130918414,0.41393608266959747,1252.74,1207.5507886393316,76.03218707588921,7.11,7.464587148813219,0.7574567081049501
7,7,Single GP,26,0,310.29,310.11667890638194,1.5039174371914639,785.56,760.1874249400098,149.29952900327984,5.06,4.536012825008237,1.6749716942697515
7,7,Single GP,27,1,303.33,304.0262592660868,0.5079432773181274,1918.36,1619.5916867717085,201.19587074838,8.91,6.383784204359373,2.3754726730806834
7,7,Single GP,28,2,302.73,300.6283991722812,0.6935575239661517,2026.87,1641.0897510184145,212.1772804311253,13.02,4.348975950395315,2.09135498654491
7,7,Single GP,29,2,310.24,310.43794874641003,0.38064298929260826,305.92,325.9737910355885,126.76747683101866,5.99,5.532895618906175,1.158014788132081
7,7,Single GP,30,1,305.2,305.3251375866586,0.4649575488301116,2372.98,1700.5986015824578,174.1368927977012,10.28,8.034040374828031,2.123713055044081
7,7,Single GP,31,2,307.79,305.8866042685307,0.423909784679592,1236.45,1227.7573785002805,144.49741159031046,12.82,9.985471990092407,1.2347077362857832
7,7,Single GP,32,1,309.58,309.7678741702961,0.31445983358460283,717.28,634.505819021118,95.61631847959309,6.31,6.842948088954603,1.5060213362303088
7,7,Single GP,33,1,311.54,310.903149670436,0.38358817479928503,686.14,679.4085231397378,104.70725726733176,4.98,2.8871133217294953,1.39383002972709
7,7,Single GP,34,3,308.55,308.8976986713426,0.3661553673344104,367.47,324.4875341383874,134.91117882283768,5.43,5.536110116250912,1.4089578467745532
7,7,Single GP,35,2,306.8,306.7551116312749,0.3667249271773711,554.95,567.3869334805198,134.3808765679191,12.78,12.04592032364624,1.2053599871449097
7,7,Single GP,36,1,307.12,307.4375571491927,0.378808163097712,2075.38,1600.4205572979777,118.03095086480663,5.9,7.244333153934608,0.9208107801965647
7,7,Single GP,37,0,309.05,309.0545387383337,0.707983576603634,1337.07,1353.640687950307,78.90109136309604,4.68,4.3010959756308855,1.1014507261879403
7,7,Single GP,38,3,307.56,307.2304537961072,0.45354675184025456,316.18,603.8834986070141,196.64503176704736,8.14,6.072821749644978,2.0426022072061776
7,7,Single GP,39,4,312.34,312.9219474264403,1.0199430018894033,106.38,118.57201782602397,126.95756209528196,5.13,4.854006031232616,1.9696580686665195
7,7,Single GP,40,0,309.58,307.77455362168854,0.49136840199497683,435.02,414.86766110852733,73.30932852764525,7.83,8.46695176501256,0.7937925368643403
7,7,Single GP,41,2,307.48,307.72575908192,0.2709823286784004,1296.42,1013.3822629808067,93.03370837763546,8.74,9.189749899674963,1.0136938812290213
7,7,Single GP,42,4,304.47,304.73788218923465,0.770667553673239,451.73,454.8882520550028,105.12322420620828,7.37,6.729467098898344,1.511817075217963
7,7,Single GP,43,1,311.63,312.31035666339824,0.43399284240753044,91.86,48.8942139282226,120.53325567877556,2.46,3.451689092895243,1.6017673448559866
7,7,Single GP,44,4,312.52,312.5368260534123,0.5316257395093495,220.1,299.9326476671616,145.38740251462417,1.31,1.6714947969257974,0.740003374766617
7,7,Single GP,45,0,312.59,312.91187066873556,0.7698149761253861,188.63,155.7175752089795,87.44832386647738,1.23,1.3230866297810122,0.8676266849766014
7,7,Single GP,46,3,306.36,307.15635849854255,0.32785774503794485,947.21,938.6065852503527,171.91965696657692,7.22,7.931469992990092,1.879653417435481
7,7,Single GP,47,4,302.67,306.7873847318961,0.754373532614558,1366.98,1276.8168169483165,123.81452675920515,10.28,12.013857108849894,1.445940173113223
7,7,Single GP,48,4,312.73,312.30768854392187,0.6792927012626724,46.91,40.50989828436366,97.39028797959493,1.25,0.9284523615314697,1.0333251931339027
7,7,Single GP,49,0,310.89,310.33029273908465,1.5761832520698071,93.48,88.0221995672124,132.1761649881535,4.63,4.414573895862423,1.1121127934492065
7,7,Single GP,50,1,307.08,305.8672823487596,0.62297501733371,130.32,275.9195527330957,215.58698013094613,7.26,6.9707024990753474,2.0894998464134273
7,7,Single GP,51,1,306.76,306.6452283718036,0.3224999764197214,1543.82,1727.5339528690597,72.4646902372485,10.96,11.570112656479647,0.8058853109029652
7,7,Single GP,52,0,310.33,310.04129372764277,1.0780801463355694,570.52,634.513919032335,99.75387150923663,5.7,6.390128428187034,1.5901519189642424
7,7,Single GP,53,3,312.69,312.7866618439296,0.3374617712973649,95.36,75.49263663920374,131.98457023470172,1.39,0.6997213378704865,1.317118202715463
7,7,Single GP,54,1,311.54,311.7642486517769,0.35510872081911343,223.41,159.82753424694846,102.66178155818413,4.71,6.474614162463667,1.3488876176779827
7,7,Single GP,55,3,308.42,305.83818183830147,0.301920425076995,709.64,740.7839392345613,125.72422849023394,12.53,8.761775742444122,1.3482072417149467
7,7,Single GP,56,3,308.18,308.2713752884938,0.24170202723125886,1523.36,1778.1705287693871,99.29846042972201,7.59,6.104590418294224,0.821909791113494
7,7,Single GP,57,4,308.44,308.98528891929186,0.568415275527418,1059.82,1241.3288778286105,107.89862912801956,5.32,6.133998528673155,1.44847868290977
7,7,Single GP,58,1,309.87,311.1408778085727,0.32876501724053314,261.82,297.65255757314543,112.23401575588906,2.03,3.4176491806230724,1.106600338218227
7,7,Single GP,59,2,308.33,309.15934143217527,0.31116560754289646,1098.75,1300.9979846373276,107.86994739721722,2.44,3.514582329580567,1.184687759296864
7,7,Single GP,60,3,306.45,305.1425770563241,0.5480917817470583,268.91,130.6158416639829,293.0767946923552,8.27,7.855937723751373,2.2347252795814647
7,7,Single GP,61,3,303.98,303.41279495515045,0.38022634008845735,704.72,1287.11816497348,168.57032063496305,7.93,7.9700308178307875,1.3466506807476954
7,7,Single GP,62,2,308.91,308.63175967387434,0.28719198135317137,671.26,745.036292602806,102.86872791440312,8.35,8.082316871805087,1.0953415851608213
7,7,Single GP,63,3,309.65,310.7888497169595,0.3161738735774869,616.92,574.9484553937901,154.70306446513857,2.11,4.362195551619849,1.4557781858195296
7,7,Single GP,64,3,311.97,311.8309858084328,0.30451191147718704,177.02,219.94943263388836,122.47401541477268,2.3,2.0373216772384413,1.394777733245932
7,7,Single GP,65,1,306.98,307.9093119600841,0.36561253749026507,2215.59,1585.3665529346922,107.61949177734893,6.68,8.277704555535557,0.9458441100478808
7,7,Single GP,66,0,306.01,305.14282907799605,0.6704280841731596,1493.56,1418.8864200387316,103.16546176352361,12.0,12.495353729647448,0.7226313153528294
7,7,Single GP,67,4,311.22,312.8959299972335,0.4920630881010302,462.07,387.04041308376185,116.55724352006204,3.64,3.2480832299195814,1.1398306263944675
7,7,Single GP,68,4,304.88,309.1603525451481,0.5040385220663931,395.97,319.3397656933098,108.11440910429869,8.3,9.045305552527992,1.378952466654735
7,7,Single GP,69,3,310.04,309.86389813381214,0.6013900862606415,990.55,708.3213519631935,251.12113680081276,2.36,3.258727147181458,2.1970252869816345
7,7,Single GP,70,1,312.89,311.9386463605244,0.34952113006468777,164.97,530.3735468151131,115.08562895887424,0.86,2.29149341857958,1.5753413107017238
7,7,Single GP,71,0,312.89,312.6359268127659,0.9509207543778587,42.42,50.244447770355464,152.4801651505756,0.86,1.236129896291854,1.411549425647913
7,7,Single GP,72,4,311.83,311.3094376320344,0.3444274065221249,492.81,363.29504691748184,87.18669553890162,6.49,3.3560863406351142,0.9252262410070052
7,7,Single GP,73,2,307.38,307.72243735615007,0.42730379614966557,663.32,627.0820399124444,157.48160093466112,9.56,8.569396866551124,1.3900520123938471
7,7,Single GP,74,1,313.21,313.22446476680705,0.5439781846699031,15.08,16.96802872994658,140.65015829877467,0.39,1.8050795507312882,1.6392745428030935
7,7,Single GP,75,4,307.86,308.4594363476412,0.4918381489106203,946.9,1247.5045486131917,121.13834324007668,8.0,7.17775034069294,0.8893816849752747
7,7,Single GP,76,2,307.58,308.1314465222442,0.2723160842714196,1109.01,1086.8342378395696,94.97138283569643,8.19,7.974526180986547,0.9853305611973462
7,7,Single GP,77,2,312.31,312.18603308402453,0.4213648118908104,65.54,72.04814072116596,122.91106603199322,2.01,1.1953789741291745,1.0777332452684956
7,7,Single GP,78,0,312.73,312.7030112912496,0.9915280295556594,68.26,74.42447528608079,113.95969776361511,1.34,2.167833335932576,1.578596474964771
7,7,Single GP,79,3,306.53,307.73924511786714,0.37923870909558627,466.58,398.58380620697966,181.77677182024294,7.25,8.238025319759934,1.718706871392056
7,7,Single GP,80,2,315.92,312.5912513120531,0.5320622206835053,84.11,89.24005765331549,170.7735117231253,3.9,1.8756900839948836,1.5490778453173943
7,7,Single GP,81,2,309.26,306.37973836313535,0.7218419075920303,613.05,636.8446609498321,280.76685191166445,8.86,6.973839897458146,2.2491399620440116
7,7,Single GP,82,3,310.16,308.267199733022,0.30045286941263444,517.94,824.8401284821047,124.9343512897411,7.35,6.939425806306712,1.3175396350563415
7,7,Single GP,83,4,304.65,303.8778713285171,1.1366593551663362,2419.87,1674.8502089367876,105.69343560333962,12.79,10.0795119300718,1.8883329892906398
7,7,Single GP,84,2,315.33,312.9676921455603,0.40240243010069354,96.59,14.18768977511877,147.00099290724796,6.91,3.5686922319420584,1.8513136277522282
7,7,Single GP,85,1,311.02,311.076991119158,0.5615169374479818,146.83,121.84649533910499,154.68584528224804,5.0,5.1462188874315835,1.6617404833756035
7,7,Single GP,86,0,309.61,309.65131855648826,1.4251355440074014,540.43,443.99538977383213,123.32471538846751,7.42,6.901611523204865,1.9921362360955195
7,7,Single GP,87,2,311.04,312.2852152310293,0.3256687703292113,153.39,128.48205063043986,112.16661625672099,1.96,1.9145879114642348,1.0791654177320749
7,7,Single GP,88,0,312.29,312.7156593649045,1.5757991159753069,42.84,78.85308902525617,136.12740777740197,3.51,3.0551216504149745,1.81069758336005
7,7,Single GP,89,3,311.14,311.28116201519987,0.3617199568961321,504.12,523.827020813724,174.44402283212773,4.26,4.455879278720903,1.8721253393052273
7,7,Single GP,90,3,308.79,307.15989955187865,0.3175923923351851,843.81,866.0510329017641,119.388965774237,7.69,8.18434837169105,1.145618252896703
7,7,Single GP,91,0,302.53,303.2244346336919,1.846211712918738,2030.6,2172.1231045944555,149.0716654596783,2.36,7.874516682195823,1.641482380050724
7,7,Single GP,92,4,312.07,311.03487412399903,0.44382624086266054,81.77,83.82313659797717,106.37294659198166,5.71,3.5997595480676856,1.1226654777277523
7,7,Single GP,93,0,306.81,307.7569453952591,0.9623608845012358,673.45,779.706035835235,95.91398894925099,7.15,9.286717948041913,1.2670598531285933
7,7,Single GP,94,4,309.96,309.86231319889885,0.5470755647852482,659.22,502.2479379741822,145.49595074132392,4.79,5.6019796203068335,1.4775846165580442
7,7,Single GP,95,2,314.36,312.87449906858785,0.3991338019229864,139.42,6.270512925231969,138.78355924505746,5.84,3.049458390266855,1.5159287131036334
7,7,Single GP,96,1,310.35,310.6912195662072,0.45794139610912726,94.55,99.07217241353715,92.26581095097839,3.98,5.893249491244471,1.0536816267783473
7,7,Single GP,97,1,313.16,313.61124782567026,0.5299849910310763,15.39,35.01089193348514,174.027899709773,0.53,1.6360279941552562,1.2787742136951814
7,7,Single GP,98,4,306.83,307.28408276433373,0.29368106749636724,1407.27,1406.4980332891923,69.68332148693005,10.88,12.238349564990035,0.46832409117646073
7,7,Single GP,99,2,309.81,309.8815832533104,0.2237106872315433,533.37,732.5064330924009,93.29940606855382,7.02,5.222442420243262,1.1411468408547438
7,7,Model Selection,0,4,312.33,312.1678860757946,0.4702729140932787,84.06,47.32456440703481,99.2900074575055,0.31,1.4377946028391762,0.6446513098529231
7,7,Model Selection,1,2,311.68,309.5602260530668,0.5080581132887827,204.84,190.38973062493392,123.15398584129912,9.2,6.796231473074178,0.623949240838907
7,7,Model Selection,2,1,301.44,305.38571890411504,0.6317022330156494,220.66,394.17441773997984,129.75599063826638,4.44,8.876577983488817,0.7801556177999777
7,7,Model Selection,3,2,314.31,312.9903585532422,0.7611079030490692,12.81,-30.236647710901934,193.47616910809916,2.87,1.0991109846523015,0.9896652505274519
7,7,Model Selection,4,3,306.89,304.72823391335794,0.9809913222484525,422.12,451.5836801904699,213.95206296166347,12.1,10.434519707108478,1.6688312440762791
7,7,Model Selection,5,1,307.84,307.53802423091594,0.5987030002775633,2201.12,1674.8802085528723,126.79132633668074,5.77,5.393583871838877,0.7612807875320848
7,7,Model Selection,6,3,314.22,313.321895112448,1.2345767923566737,87.66,54.93168550671476,222.61850262600953,3.45,2.6744358980194862,1.8684601735961583
7,7,Model Selection,7,4,301.14,305.4068358460871,0.8831422804413616,965.47,1378.0005422067952,176.62801583261196,6.46,13.894374854448799,1.5461259243298
7,7,Model Selection,8,4,306.32,306.0227657140468,0.45126989480680385,331.97,331.1091613662564,91.8562024325815,10.22,6.311797029189408,0.7559419263837736
7,7,Model Selection,9,3,304.34,303.3257621462475,1.14285299319765,421.99,488.61179663730627,218.25819290126074,3.37,6.465127312261019,2.0138120270586697
7,7,Model Selection,10,2,303.31,303.94494992907005,0.5206661191747485,1035.72,417.28038178108574,125.7036227501988,5.86,7.1499739266092135,0.63553123792135
7,7,Model Selection,11,0,308.31,307.49958419047,0.7801725232743822,374.66,462.65975048786936,147.89517302221455,8.57,8.574657978201449,1.3497108742578872
7,7,Model Selection,12,0,307.47,306.87351154758414,0.9116593172540812,850.87,966.4617121359706,94.4518613943474,10.63,10.854526491531828,1.3048936594969114
7,7,Model Selection,13,0,306.43,308.2826459508969,1.0299464275021957,2256.33,1121.174256762211,121.71430258299436,4.77,8.125206596781375,1.4607574158942063
7,7,Model Selection,14,4,313.31,312.009068044535,1.0105046278691105,0.85,96.78991620848728,201.83467766347286,0.42,-0.060218000798992755,1.8359137177805493
7,7,Model Selection,15,0,311.83,313.12317711178906,0.9160496832221169,194.23,167.57299674745644,114.53181860067129,3.51,4.3384830136696815,1.3686312271001624
7,7,Model Selection,16,2,307.32,306.08658222869286,0.3847838114616308,1604.24,1742.1824195262623,88.77882238337078,11.92,10.967489696741398,0.44420289442531197
7,7,Model Selection,17,1,311.08,311.29842313291687,0.46458029192477424,560.59,495.5226085466013,93.07701055329188,3.19,3.7233217227142696,0.5593220540564036
7,7,Model Selection,18,0,311.14,310.42360766494005,1.157133831755052,68.07,35.873671429846695,124.87239559689263,5.46,6.394594759848579,1.5651800498452384
7,7,Model Selection,19,3,312.39,311.92329370414444,1.0364927675497273,59.84,18.442206981938966,246.79231945238243,5.02,4.916890670993628,1.6605212401652756
7,7,Model Selection,20,0,308.85,309.8162574949518,0.9268787431266581,484.91,394.6313639208715,112.93022155622688,7.06,7.5880736504893695,1.4133254833602864
7,7,Model Selection,21,1,311.28,310.6263698974925,0.3496999277515497,410.23,794.4391114175631,69.71676826954575,5.16,4.755579564016826,0.4193413559253774
7,7,Model Selection,22,0,312.03,313.4061677763463,1.1295942441595062,122.49,139.76260300995307,153.9867678148135,3.07,5.888019807180773,1.6438224328394617
7,7,Model Selection,23,4,307.93,308.4209300604903,0.6371069164011409,117.49,5.800863383625597,129.90403647660975,6.42,6.520054253527909,1.0743823215777881
7,7,Model Selection,24,3,306.65,306.8763598366769,0.7654475048166421,1388.31,1533.71088437008,174.2858005204058,11.47,11.873963570731288,1.167627234258843
7,7,Model Selection,25,4,308.18,308.4059159634168,0.295779458251886,1252.74,1215.1485646710594,62.32729887810033,7.11,7.459077799240355,0.397065027972712
7,7,Model Selection,26,0,310.29,310.0192006108506,1.2300755217511714,785.56,741.6295256219867,182.1803480915697,5.06,4.601919343374603,1.7294775409356478
7,7,Model Selection,27,1,303.33,304.08490456142323,0.7414002071873819,1918.36,1861.6567149744133,163.19596741924946,8.91,7.61826721403373,0.9785366670728828
7,7,Model Selection,28,2,302.73,301.1410365693392,0.8594181761440947,2026.87,1729.983147238044,212.73787902886843,13.02,3.8701175310783316,1.081123916352172
7,7,Model Selection,29,2,310.24,310.5170275309974,0.4859622101324183,305.92,295.77199411737564,113.84973304823274,5.99,5.9079721000578065,0.5708714728389104
7,7,Model Selection,30,1,305.2,305.1062604718892,0.6381276811486004,2372.98,1992.6255436513784,138.33958954604495,10.28,8.60855478946168,0.8299035743284281
7,7,Model Selection,31,2,307.79,305.90270744942933,0.532132567687821,1236.45,1260.1915723741422,130.25877526094635,12.82,10.701026572337785,0.6620123955566906
7,7,Model Selection,32,1,309.58,309.9425800453603,0.3592731413845421,717.28,635.9746350768354,72.68826527467989,6.31,6.834064533494619,0.43723068761349315
7,7,Model Selection,33,1,311.54,311.1286928650904,0.463491893773447,686.14,676.4938154344381,91.80520489821569,4.98,3.424990026188282,0.5523522055220504
7,7,Model Selection,34,3,308.55,309.1632104616518,1.0094929994588453,367.47,533.9668585586375,179.3757525734423,5.43,4.930430025613044,1.5552886506770158
7,7,Model Selection,35,2,306.8,306.97806268069405,0.5399732445106781,554.95,589.1770593481676,129.88435071031424,12.78,11.152819129644499,0.6561479082267491
7,7,Model Selection,36,1,307.12,306.9909733191148,0.5166382134933966,2075.38,1767.0076817865538,107.07357246043085,5.9,6.164388203809672,0.6432659596629049
7,7,Model Selection,37,0,309.05,308.82539432389234,0.97577079039183,1337.07,1287.7031794332106,105.53933003617932,4.68,4.531905705922826,1.4176232979572776
7,7,Model Selection,38,3,307.56,307.57891692057416,1.1845025188225249,316.18,309.15180032709424,182.5014668593445,8.14,5.153496420250347,1.8530752142478106
7,7,Model Selection,39,4,312.34,312.69400607334774,0.7149790034014732,106.38,83.71134526082074,148.3967397800284,5.13,4.285632950509211,1.133461685603541
7,7,Model Selection,40,0,309.58,308.4514059737685,1.0023578269445017,435.02,427.01583175115024,80.22127876932734,7.83,8.68197660963356,1.275606370986864
7,7,Model Selection,41,2,307.48,307.74382054423654,0.33702355631020026,1296.42,1058.9497872082393,77.82505469526683,8.74,9.541663672707552,0.38951154258735765
7,7,Model Selection,42,4,304.47,306.7356315444509,0.49224935498679784,451.73,707.0693633029327,101.88300648738715,7.37,10.060329549441384,0.7620236239230866
7,7,Model Selection,43,1,311.63,312.310378138924,0.5460689166389412,91.86,91.70918579230386,109.72329634869659,2.46,3.7973311864987527,0.6605407801951378
7,7,Model Selection,44,4,312.52,312.4830490487816,0.6349539418927032,220.1,241.83215982631526,133.5604161639243,1.31,1.6949944249270992,0.9462004545737559
7,7,Model Selection,45,0,312.59,312.8721346436605,0.7957858571070545,188.63,146.57693442303344,95.92984690672533,1.23,1.528022710921709,1.1538388572613343
7,7,Model Selection,46,3,306.36,307.12447065147893,1.0518440796139066,947.21,798.3327619584586,271.8423770999279,7.22,7.750338288824798,1.7486042344249533
7,7,Model Selection,47,4,302.67,306.5985732186173,0.558162024502335,1366.98,1247.2047212328873,114.15420348009248,10.28,14.497030575455277,0.9328319756577005
7,7,Model Selection,48,4,312.73,311.9760596937219,0.6042175039556154,46.91,78.73642029328096,123.97026179370674,1.25,1.2611223325784682,0.9554351156602685
7,7,Model Selection,49,0,310.89,309.28639572180936,0.8368759308761379,93.48,42.48466682065293,155.41507813039294,4.63,4.085977438746928,1.4397468627715417
7,7,Model Selection,50,1,307.08,306.41579805721864,0.8961896978300196,130.32,81.14299124770616,198.76498708097088,7.26,7.874905027690155,1.1912100569199313
7,7,Model Selection,51,1,306.76,306.33231365481623,0.3759225396360214,1543.82,1637.8318892523516,73.62771682622056,10.96,10.60004088388347,0.44330450216450556
7,7,Model Selection,52,0,310.33,310.8932436319449,1.1049326293473631,570.52,631.5305895065549,124.31209329406873,5.7,6.205564435348761,1.6303076917606012
7,7,Model Selection,53,3,312.69,312.63560789197703,0.9090616135478862,95.36,94.62888187867986,208.08167197117797,1.39,1.221207159317471,1.446213838015438
7,7,Model Selection,54,1,311.54,312.33922484870476,0.3995921154291113,223.41,242.62631942214608,82.50897211879077,4.71,4.914193334546846,0.49605859759088694
7,7,Model Selection,55,3,308.42,305.53532107616184,0.8860080335865267,709.64,930.5967737145238,215.52167616515143,12.53,10.202961773928372,1.4143461439662317
7,7,Model Selection,56,3,308.18,307.6187011180945,0.797727335739181,1523.36,1931.1676012852345,196.70481591367346,7.59,6.438277773597397,1.2492627234173992
7,7,Model Selection,57,4,308.44,309.3049199290922,0.44675265988619434,1059.82,1337.5340872885906,93.46461894594398,5.32,6.320261428377279,0.6589811042652469
7,7,Model Selection,58,1,309.87,311.3988240656902,0.4304107052722025,261.82,307.50272514449637,87.49372989342062,2.03,3.9088179814021258,0.525966114685057
7,7,Model Selection,59,2,308.33,308.87603046874983,0.4322167827204025,1098.75,1311.7596934359922,99.64746476568143,2.44,3.5573620800578096,0.4981061906824579
7,7,Model Selection,60,3,306.45,305.9568484224486,1.1855649167243771,268.91,363.0100770379767,205.15258116284357,8.27,6.5530118404968976,1.952857087086057
7,7,Model Selection,61,3,303.98,302.87328314610266,0.9465732449148602,704.72,834.3649194594755,217.19298477505703,7.93,6.513632803444963,1.5192544607776666
7,7,Model Selection,62,2,308.91,308.63466573072816,0.3363557426526822,671.26,783.4419707587773,78.21518503853271,8.35,8.69701027327077,0.39258793010200477
7,7,Model Selection,63,3,309.65,310.2795498002014,0.9046212313729166,616.92,573.9996076507662,186.88076254846325,2.11,3.098619121181581,1.5711999935932166
7,7,Model Selection,64,3,311.97,311.66370789116496,0.9420566421446721,177.02,195.31251198053207,221.26419979630654,2.3,2.393374309708563,1.5292255223543856
7,7,Model Selection,65,1,306.98,307.42258899471886,0.4675366682635769,2215.59,1612.184048255479,95.91764657472427,6.68,7.387892302729561,0.5768765730115593
7,7,Model Selection,66,0,306.01,306.6398228942181,0.8334261094241899,1493.56,1440.8375679859514,119.43658296516519,12.0,12.270726483904648,1.1847393450246644
7,7,Model Selection,67,4,311.22,312.6222577560332,0.4876200498216061,462.07,426.37160232788403,99.59931307010821,3.64,4.810698028050026,0.8105247922692059
7,7,Model Selection,68,4,304.88,309.3578088559701,0.4610861733101414,395.97,311.75550300857265,95.9965738118472,8.3,9.845073623556843,0.7048266331866987
7,7,Model Selection,69,3,310.04,309.8154653446768,1.2819719827919005,990.55,1057.2195943238055,253.27995317982132,2.36,2.3970366016592233,1.9865651360259455
7,7,Model Selection,70,1,312.89,312.20829085883753,0.40953260726396096,164.97,454.86167031973116,81.83696570629176,0.86,3.684555345918659,0.4917976319016665
7,7,Model Selection,71,0,312.89,312.578522736184,1.1265530709549645,42.42,24.246940471657012,167.38316620374525,0.86,1.255988351923941,1.6165135286300703
7,7,Model Selection,72,4,311.83,311.83946617540425,0.35939344058366723,492.81,438.09554641306613,74.6687365690508,6.49,3.8945890711943654,0.5251035299497517
7,7,Model Selection,73,2,307.38,307.9640841767149,0.621457999898781,663.32,677.7807747506856,151.19663446803526,9.56,10.507886571421693,0.765053407947244
7,7,Model Selection,74,1,313.21,312.94516369177416,0.6596093594914593,15.08,7.361127807986122,139.28480374462978,0.39,0.9301039929556154,0.8364057312860695
7,7,Model Selection,75,4,307.86,308.15293225030706,0.46338965234644824,946.9,1290.3432506026656,97.0567231310334,8.0,7.6653478408773195,0.6952492571529624
7,7,Model Selection,76,2,307.58,308.1735021137761,0.3430139272136744,1109.01,1132.4515306423823,79.4064408348809,8.19,8.839033455469753,0.39764404164650063
7,7,Model Selection,77,2,312.31,311.91913248881235,0.5512849967921046,65.54,44.70342591154042,131.10729844707393,2.01,2.4097419222306913,0.6598732578610335
7,7,Model Selection,78,0,312.73,313.37791396944397,1.0394304749923131,68.26,88.50617004077105,151.27224030112393,1.34,2.470683995999242,1.585335146578501
7,7,Model Selection,79,3,306.53,307.01504970611876,1.0815831333646713,466.58,484.70556443468047,277.5317800822958,7.25,8.010214429338253,1.764954355950746
7,7,Model Selection,80,2,315.92,312.1122267663828,0.7136070274270557,84.11,-21.598858590134,175.09131320738786,3.9,2.808518303498505,0.8885593306169086
7,7,Model Selection,81,2,309.26,306.334002033037,0.954134128469077,613.05,587.1122712131494,254.7586500751237,8.86,8.523623195329488,1.320950108897694
7,7,Model Selection,82,3,310.16,308.486969171165,0.8855442584112285,517.94,581.785143688124,210.96289589422952,7.35,6.054892198385215,1.377968938834533
7,7,Model Selection,83,4,304.65,305.31817397762757,0.6065210312211143,2419.87,1795.041818478597,121.2857573272431,12.79,14.306380265735928,1.0678536278421595
7,7,Model Selection,84,2,315.33,313.0697114369664,0.5374518195942589,96.59,-11.694692095461505,130.13533548005697,6.91,3.330811178265147,0.6595483064309646
7,7,Model Selection,85,1,311.02,310.90274527288915,0.6920851919788753,146.83,61.21670504281974,147.887525550575,5.0,5.541080027488132,0.88779268206949
7,7,Model Selection,86,0,309.61,309.2283351346462,1.2285069723160569,540.43,463.0609344523124,153.89051436298698,7.42,8.003789387295827,1.7567178759653133
7,7,Model Selection,87,2,311.04,312.39279913358223,0.39985496740288684,153.39,131.75469773671603,93.5603434773257,1.96,1.4881052083264832,0.46977318619645686
7,7,Model Selection,88,0,312.29,313.88417572635507,1.0584382800079162,42.84,64.3746836954025,161.63917854093467,3.51,3.2574287174458703,1.7411865979708179
7,7,Model Selection,89,3,311.14,311.24241491994974,1.160586598232843,504.12,504.7384905879618,222.38420269883886,4.26,4.783059580638502,1.7230941285939632
7,7,Model Selection,90,3,308.79,307.53130876315635,0.8849544956944343,843.81,910.6573697612955,181.77813863702534,7.69,7.335641784390914,1.3999318011180102
7,7,Model Selection,91,0,302.53,304.1655459599501,0.8165276899727767,2030.6,2126.0459378061078,177.97233749347092,2.36,8.486492524650183,1.705372750465905
7,7,Model Selection,92,4,312.07,311.43304556603186,0.44623580364170345,81.77,70.6816624862746,93.51590977074815,5.71,4.875394540953336,0.6171591921866961
7,7,Model Selection,93,0,306.81,307.25199643116014,1.0505032257439326,673.45,777.1379886925916,121.49950351747128,7.15,8.361012334814994,1.5043850625984336
7,7,Model Selection,94,4,309.96,310.11572752427395,0.5201890768631536,659.22,566.6826061597268,108.58399159331616,4.79,4.935273033219809,0.7997332610104215
7,7,Model Selection,95,2,314.36,313.0604431550407,0.49561259520215795,139.42,65.41251356980638,121.9257610617189,5.84,2.38981773121711,0.619760328110496
7,7,Model Selection,96,1,310.35,310.6318181982564,0.5352300110884842,94.55,45.283128559356214,106.09077282499003,3.98,4.328423780935187,0.6388488629596779
7,7,Model Selection,97,1,313.16,313.3791809941287,0.712978115766218,15.39,-9.436087312632708,145.77355169002954,0.53,2.1550598347752317,0.8768839249345244
7,7,Model Selection,98,4,306.83,306.7661266427209,0.3126388740004255,1407.27,1474.082405138763,65.7412093452827,10.88,11.191638103117308,0.41121663344003895
7,7,Model Selection,99,2,309.81,310.00933148248635,0.3095435389267057,533.37,684.8852195542187,73.60406755621743,7.02,5.1649837991905505,0.3703062667855499
7,7,Model Selection + Bagging,0,4,312.33,312.0262218824303,1.211861156264039,84.06,107.25050996585219,229.4030266568986,0.31,1.9661691874756508,1.670451963925322
7,7,Model Selection + Bagging,1,2,311.68,308.8963261230886,2.0745799111269307,204.84,242.42743299768108,299.4842893949044,9.2,5.981291527281245,1.7576964198377316
7,7,Model Selection + Bagging,2,1,301.44,305.9431922650299,1.8968207580082765,220.66,562.4528054692294,379.2151307001967,4.44,8.998824371838442,2.385216882588361
7,7,Model Selection + Bagging,3,2,314.31,312.4791646341049,1.8739640223515752,12.81,118.23643681951421,332.52985751728994,2.87,0.6730615826951158,2.3266405416206997
7,7,Model Selection + Bagging,4,3,306.89,305.0419845368357,1.28272626761633,422.12,473.97563967994097,259.5100912953375,12.1,10.319109186258764,2.0218137180911264
7,7,Model Selection + Bagging,5,1,307.84,308.2010795143634,1.57931060339776,2201.12,1359.9437458766522,311.3394484035921,5.77,5.604525499085727,2.2031730931954874
7,7,Model Selection + Bagging,6,3,314.22,313.3417876970548,1.3699658096767529,87.66,94.20485754294441,285.1017099047608,3.45,2.259340665100351,2.0754613551983567
7,7,Model Selection + Bagging,7,4,301.14,304.9222688946613,2.1219620776675594,965.47,1310.2832661143143,542.5867849015743,6.46,10.2883770299681,4.113794719004963
7,7,Model Selection + Bagging,8,4,306.32,304.77817286219,1.6274239386558365,331.97,385.2326950649407,340.0569449794243,10.22,5.87627816694805,1.7070595077276842
7,7,Model Selection + Bagging,9,3,304.34,304.0536678498965,1.5736476376142832,421.99,587.784170281139,311.4316414417607,3.37,6.715841991987413,2.76087015934609
7,7,Model Selection + Bagging,10,2,303.31,304.93701550692214,2.8125929965302743,1035.72,375.2341770152438,302.8385922664202,5.86,7.690004201868305,2.768767709867233
7,7,Model Selection + Bagging,11,0,308.31,307.55406551174946,0.9674600503064177,374.66,438.1506518768061,211.69273082607498,8.57,8.470971447716991,1.4938412667894179
7,7,Model Selection + Bagging,12,0,307.47,306.86779626173285,0.9981640956371436,850.87,959.7376582307011,168.88994213249848,10.63,10.710878342857441,1.4131544015111794
7,7,Model Selection + Bagging,13,0,306.43,307.9691051085783,1.1668207829776776,2256.33,1197.6157999149007,182.19571983002015,4.77,7.94877090464188,1.5217123319642745
7,7,Model Selection + Bagging,14,4,313.31,311.4828424637258,2.171044087842431,0.85,224.7748585184475,461.4056182566985,0.42,2.5602643725435668,3.1061010099251694
7,7,Model Selection + Bagging,15,0,311.83,313.1816622374487,1.1487408650493744,194.23,127.60886937015266,179.1179826046996,3.51,4.078878721567078,1.6450199605449392
7,7,Model Selection + Bagging,16,2,307.32,306.55229880022887,0.8173412299251793,1604.24,1761.064879757859,287.0554045630488,11.92,11.18779341935622,0.8699042583893812
7,7,Model Selection + Bagging,17,1,311.08,310.8603921568917,1.5961445865661295,560.59,474.0080533333133,289.4937230258198,3.19,3.4601213104711435,1.9784026813313917
7,7,Model Selection + Bagging,18,0,311.14,310.3512455153685,1.2323648499765223,68.07,37.323036598377485,165.8750748925074,5.46,6.275710873864233,1.6909261130140105
7,7,Model Selection + Bagging,19,3,312.39,311.8269206377848,1.1481012256200802,59.84,6.031961899757675,288.74829455144345,5.02,4.568701145667706,1.8460802956568103
7,7,Model Selection + Bagging,20,0,308.85,309.6877936464,1.0652265100616298,484.91,389.2682238873614,166.46870703000712,7.06,7.478690052412931,1.511536910921643
7,7,Model Selection + Bagging,21,1,311.28,310.3322122134066,1.107951467089018,410.23,727.936560599,193.68811246272102,5.16,5.42049591700995,1.5919810880546283
7,7,Model Selection + Bagging,22,0,312.03,313.32142121489625,1.3284994990153072,122.49,137.20804348063268,206.99411555668203,3.07,5.256618471876038,1.8602452889136953
7,7,Model Selection + Bagging,23,4,307.93,307.46044820863847,1.8896164895375256,117.49,95.7613776042939,381.0582773969055,6.42,6.114447970777085,2.160401722913314
7,7,Model Selection + Bagging,24,3,306.65,306.74827929998645,0.9530110179192977,1388.31,1454.3097128083534,239.21507270232783,11.47,11.647856433819832,1.343506190749324
7,7,Model Selection + Bagging,25,4,308.18,308.5207709486849,0.7867529228398736,1252.74,1171.6016817646018,267.1661906018502,7.11,7.62014224495685,1.0766468449598119
7,7,Model Selection + Bagging,26,0,310.29,309.9908763192044,1.3108705687150548,785.56,752.4721942876945,217.69647578830546,5.06,4.688406951758518,1.7939428286119283
7,7,Model Selection + Bagging,27,1,303.33,305.5441045064407,2.4968024111426117,1918.36,1476.8444913519177,565.7708569964904,8.91,5.941285971268696,3.171216390277648
7,7,Model Selection + Bagging,28,2,302.73,303.084018992155,2.3882814670080066,2026.87,1328.8806557161395,529.9746458910104,13.02,5.407253464766977,2.795767067485069
7,7,Model Selection + Bagging,29,2,310.24,310.1749188872913,1.6056597670469879,305.92,430.1015248275005,301.8784516404751,5.99,5.7882448487755,1.7650301107705282
7,7,Model Selection + Bagging,30,1,305.2,305.90976853177386,2.22494765312479,2372.98,1720.1902702381403,542.326482276138,10.28,7.214448345059951,2.877275724194307
7,7,Model Selection + Bagging,31,2,307.79,305.76369473054257,1.5536374871108376,1236.45,1352.5438965939884,345.6252801543164,12.82,10.22201975764524,1.7269284634544797
7,7,Model Selection + Bagging,32,1,309.58,309.5750808250871,1.234579174895655,717.28,615.4442013520857,253.64405296127245,6.31,6.254639735849937,1.4508608060522314
7,7,Model Selection + Bagging,33,1,311.54,311.10922329318413,1.6456661198307199,686.14,660.6250444044213,290.1142344496741,4.98,3.533560376754611,2.451165771877013
7,7,Model Selection + Bagging,34,3,308.55,309.22550274473025,1.149457589557604,367.47,503.3029292708696,254.41254840906618,5.43,4.946970669800919,1.7480579545554011
7,7,Model Selection + Bagging,35,2,306.8,307.39066482907083,2.1090133716532447,554.95,580.7507306905547,282.32641280003384,12.78,10.911972277873273,2.8695901321783217
7,7,Model Selection + Bagging,36,1,307.12,307.58095306633413,1.5786421713867367,2075.38,1597.1273053876375,300.03198383745297,5.9,5.9696470795359815,2.2196933822268146
7,7,Model Selection + Bagging,37,0,309.05,308.87019195352366,1.060846130947799,1337.07,1324.4572125572267,173.3831665700477,4.68,4.748015694300726,1.576018374595971
7,7,Model Selection + Bagging,38,3,307.56,307.27172833947105,1.376056055112783,316.18,471.27850240147427,323.5840733702704,8.14,5.76702756360895,1.9631262970686985
7,7,Model Selection + Bagging,39,4,312.34,312.10577574303477,2.1164316520980884,106.38,225.75185388786053,410.81548356775824,5.13,4.975438928512123,2.262695025796729
7,7,Model Selection + Bagging,40,0,309.58,308.6514390491069,1.287027260669744,435.02,432.96684497091644,117.0550451368855,7.83,8.85487954270656,1.4673964601883391
7,7,Model Selection + Bagging,41,2,307.48,307.632623739709,1.2163069414858967,1296.42,989.5095791853942,224.0833541699152,8.74,8.709489695294785,1.4058622969377692
7,7,Model Selection + Bagging,42,4,304.47,306.3387654093169,2.0099044095233713,451.73,526.7255704619715,392.97297811402194,7.37,8.318886532989444,2.2610073942262776
7,7,Model Selection + Bagging,43,1,311.63,312.1143736082946,1.64919293339306,91.86,107.13708648561112,284.8735018107641,2.46,3.1684463254681368,2.077435635686399
7,7,Model Selection + Bagging,44,4,312.52,312.1060070981838,1.1212495734094268,220.1,328.44396542878957,257.08235320654114,1.31,2.4094433211795097,1.5049684204184481
7,7,Model Selection + Bagging,45,0,312.59,312.7913834130238,1.0062238600721154,188.63,158.34833635347127,160.1505312270902,1.23,1.8623261908183615,1.5106864434968996
7,7,Model Selection + Bagging,46,3,306.36,306.96288934880545,1.195652663769537,947.21,948.8805200224807,328.6727914958532,7.22,7.860518403917802,1.8222826260800293
7,7,Model Selection + Bagging,47,4,302.67,307.1839524342214,1.469665998399019,1366.98,1156.4152492998169,346.37278506161095,10.28,12.904517474738778,2.062586543185831
7,7,Model Selection + Bagging,48,4,312.73,311.6517922354571,1.622551068671917,46.91,125.31394281083101,356.9004859038352,1.25,2.1631656219197564,2.224341891816955
7,7,Model Selection + Bagging,49,0,310.89,309.55713373803087,0.9864909727242372,93.48,75.11686248185663,237.46155977920748,4.63,4.1285737301462895,1.5824196740413161
7,7,Model Selection + Bagging,50,1,307.08,306.9979891434446,2.5073449161175234,130.32,526.2939337705295,433.7528814439117,7.26,6.994851683044196,2.6300614389633608
7,7,Model Selection + Bagging,51,1,306.76,306.47886808827116,1.3502405594886278,1543.82,1637.0309979190479,267.28449408521305,10.96,9.845887165412481,1.7458058845280848
7,7,Model Selection + Bagging,52,0,310.33,310.7052692088229,1.2318358975379708,570.52,614.306032076997,205.61429979989958,5.7,6.253920982254431,1.7101622928429225
7,7,Model Selection + Bagging,53,3,312.69,312.64287734661957,1.0250528171544633,95.36,79.83983491140987,239.50925848190352,1.39,1.5923555101639257,1.5482356205832746
7,7,Model Selection + Bagging,54,1,311.54,312.09420344480026,1.6372255818459622,223.41,99.17096102259359,271.79160565136937,4.71,4.491705748460655,1.9850264181174468
7,7,Model Selection + Bagging,55,3,308.42,305.0024403302617,1.3795371364566906,709.64,786.3040191084316,279.8441298023941,12.53,9.826027395845397,1.7746448274955098
7,7,Model Selection + Bagging,56,3,308.18,307.7211160120302,0.8865954739618951,1523.36,1801.3762042301491,287.00663150951766,7.59,6.553140595829085,1.316130944886154
7,7,Model Selection + Bagging,57,4,308.44,309.0454289411906,1.1514509572781413,1059.82,1224.6236629204705,361.3126675229743,5.32,6.233210978288869,1.498360493753501
7,7,Model Selection + Bagging,58,1,309.87,310.9008007240076,1.46911026449551,261.82,165.68194562223334,253.77024795943657,2.03,4.06005846902451,2.0069028888855494
7,7,Model Selection + Bagging,59,2,308.33,309.10842150271355,1.3638143610823832,1098.75,1289.5641738373056,284.71976803115695,2.44,3.6929916049967515,2.2015510822762185
7,7,Model Selection + Bagging,60,3,306.45,306.16691064260107,1.4681544653422902,268.91,459.25082664734157,309.5886041709945,8.27,6.455085071478783,2.309353777308425
7,7,Model Selection + Bagging,61,3,303.98,302.91013259034554,1.172014658357834,704.72,961.6181830203222,348.63306676026207,7.93,6.914318119027447,1.8893223463253894
7,7,Model Selection + Bagging,62,2,308.91,309.53764299639295,1.86359608950349,671.26,738.8880742318092,205.02356764547162,8.35,8.343224583111407,1.2506533039283851
7,7,Model Selection + Bagging,63,3,309.65,310.3208915128058,1.0958674848887704,616.92,650.9784531438848,239.7660959997728,2.11,3.591604301801847,1.7672231604741002
7,7,Model Selection + Bagging,64,3,311.97,311.7852414687771,1.0638789850462005,177.02,202.78491793388338,248.9685257345161,2.3,2.2903850618995465,1.5828702414493205
7,7,Model Selection + Bagging,65,1,306.98,308.0933527954124,1.7096615338535928,2215.59,1525.223096518163,339.9684234837832,6.68,7.027003078215225,2.408012391837368
7,7,Model Selection + Bagging,66,0,306.01,306.66544351789156,1.0393612894979531,1493.56,1443.2144800592932,187.0142071667003,12.0,11.980113384424122,1.4243002436608092
7,7,Model Selection + Bagging,67,4,311.22,312.03967489752233,1.314095182518764,462.07,393.68581922445213,303.05534098247705,3.64,4.446056844997675,1.7711237135618574
7,7,Model Selection + Bagging,68,4,304.88,308.91712037328847,1.3623261885638815,395.97,464.1950077381139,226.76417328442474,8.3,9.270050520983851,1.5087018487132289
7,7,Model Selection + Bagging,69,3,310.04,309.8462094008469,1.3857222646939826,990.55,1060.618566210237,305.0231238162763,2.36,2.953332995081654,2.119010195116645
7,7,Model Selection + Bagging,70,1,312.89,311.8562332502148,1.7152103715405655,164.97,399.7372680199653,286.73085538050185,0.86,3.511863696156943,2.339939159888035
7,7,Model Selection + Bagging,71,0,312.89,312.4495796567787,1.254752728764764,42.42,69.14242518898163,200.36225954427184,0.86,1.4166895866766325,1.6882770988864741
7,7,Model Selection + Bagging,72,4,311.83,311.23471742244976,0.9045753652327486,492.81,314.3002400464721,193.2734740852873,6.49,3.801617838657093,1.165828301802914
7,7,Model Selection + Bagging,73,2,307.38,307.9366830609767,1.7536848517757992,663.32,626.2788893439389,313.63899840988074,9.56,8.758038217381547,2.397749594992893
7,7,Model Selection + Bagging,74,1,313.21,312.3125103150775,1.829054564060765,15.08,118.69290253156532,319.104525098482,0.39,1.4955202657348998,2.3741138421469374
7,7,Model Selection + Bagging,75,4,307.86,308.3405725072792,1.1589358226154092,946.9,1178.2461456304084,365.248618599943,8.0,7.478166964690693,1.3719244578040057
7,7,Model Selection + Bagging,76,2,307.58,307.9108388304206,1.2820402029271487,1109.01,1058.7646139327007,265.8360965960166,8.19,8.160022509485955,1.2676701261928134
7,7,Model Selection + Bagging,77,2,312.31,312.2094444588934,1.2238738196677665,65.54,84.21502617748615,190.2305642552812,2.01,2.1633182271423466,1.5474476150734788
7,7,Model Selection + Bagging,78,0,312.73,313.2947689294686,1.1488590153986773,68.26,60.264280796812955,177.1392977336696,1.34,2.4390215033643745,1.6763281190858748
7,7,Model Selection + Bagging,79,3,306.53,307.15892643580645,1.2576987530327972,466.58,601.0443530577494,326.54122315220377,7.25,8.017075061463272,1.8779521007130755
7,7,Model Selection + Bagging,80,2,315.92,311.25455490559955,1.8866887613675583,84.11,216.8129496218155,349.6161903822946,3.9,3.3578448468973887,2.9806013532922817
7,7,Model Selection + Bagging,81,2,309.26,305.79555871203473,2.547589752224819,613.05,800.2964496982108,456.0996412136496,8.86,7.425280115507616,2.728589217189481
7,7,Model Selection + Bagging,82,3,310.16,308.3349755698848,1.0246584478060494,517.94,698.8005480402902,293.4325162060913,7.35,6.355519808876073,1.5171085890859795
7,7,Model Selection + Bagging,83,4,304.65,305.39893542080335,1.7816564096501812,2419.87,1564.607752422874,489.7492842935768,12.79,11.818350339145265,2.6355123212126896
7,7,Model Selection + Bagging,84,2,315.33,312.14515233481893,1.9861286470562483,96.59,83.60130244544314,388.71782973962104,6.91,3.722832750293863,3.0146617423137614
7,7,Model Selection + Bagging,85,1,311.02,310.7757424521377,1.7900056135373954,146.83,247.1335471699794,317.9545264454861,5.0,5.65152917045033,2.031222464355416
7,7,Model Selection + Bagging,86,0,309.61,309.2875318532523,1.4842561100591172,540.43,508.3481722786616,195.63894773476818,7.42,8.155709929962901,1.865024940243587
7,7,Model Selection + Bagging,87,2,311.04,312.2219274491069,1.259150750926977,153.39,156.08257251971702,218.70062852484645,1.96,2.303898980731881,1.6224918800500887
7,7,Model Selection + Bagging,88,0,312.29,313.57949469546435,1.1979731157492086,42.84,65.27227371203912,200.85019158673884,3.51,3.118163156711747,1.8354343137436433
7,7,Model Selection + Bagging,89,3,311.14,311.09141304307394,1.2324826998027465,504.12,525.2205326656499,261.246164462525,4.26,4.889379224089194,1.7930824810672878
7,7,Model Selection + Bagging,90,3,308.79,307.5169977586112,1.0371035174974024,843.81,960.2100088363723,237.0967471665008,7.69,6.81816340585995,1.6781250594160249
7,7,Model Selection + Bagging,91,0,302.53,304.0822530185306,1.08972328669835,2030.6,2171.849021114632,354.3319034171704,2.36,8.337942890540589,2.382169236292452
7,7,Model Selection + Bagging,92,4,312.07,311.00447161669996,1.2266728253554602,81.77,96.99217244384499,242.76296230145704,5.71,4.375877915916963,1.6169987154326115
7,7,Model Selection + Bagging,93,0,306.81,307.0362129846262,1.193760815647294,673.45,908.8672299637228,204.5622370695301,7.15,7.923546904273499,1.6693455193096047
7,7,Model Selection + Bagging,94,4,309.96,310.0270428396304,1.3905829217970178,659.22,636.5742696424384,345.3791640244047,4.79,5.091140951501909,1.9496022854728348
7,7,Model Selection + Bagging,95,2,314.36,312.76645401988156,1.488015860644139,139.42,29.058287371546385,309.23079900314667,5.84,2.4902818976523777,2.428407257964989
7,7,Model Selection + Bagging,96,1,310.35,311.2111182661908,1.227130100962809,94.55,112.99763800589199,228.60705654049255,3.98,5.335523041097306,1.6015095205190686
7,7,Model Selection + Bagging,97,1,313.16,312.75596840159403,2.0202075573908256,15.39,148.87044776429775,337.25415612737527,0.53,2.625826724440929,2.5496656048753055
7,7,Model Selection + Bagging,98,4,306.83,307.14112383700564,0.6302522259426249,1407.27,1439.5918298375814,145.82497618827986,10.88,11.866667889760638,0.7635854825330828
7,7,Model Selection + Bagging,99,2,309.81,310.2952877223038,1.4041143585389044,533.37,716.2813087928228,334.02650715589067,7.02,4.850058780427347,1.9045615444059207
8,8,Single GP,0,2,312.33,312.97268087456763,0.5296375446426181,84.06,53.72181550537255,140.77082021415586,0.31,3.1066461456363594,1.2064322843838478
8,8,Single GP,1,0,311.68,309.4666774841389,0.5008600761300034,204.84,148.2501293692593,273.9810831840907,9.2,6.458641345969741,1.7925773824248448
8,8,Single GP,2,2,301.44,305.69486783540776,0.5998319703255276,220.66,261.05729686025796,170.37490214308642,4.44,12.291067938332262,1.4001084163532738
8,8,Single GP,3,0,314.31,315.211736785959,0.7339865662827058,12.81,116.98767168014263,277.9828075620939,2.87,4.995559963265494,2.112240456200658
8,8,Single GP,4,2,306.89,305.8860162878461,0.501723735941279,422.12,478.9602225152067,153.45862527937624,12.1,11.348948688411152,1.2550273181332285
8,8,Single GP,5,4,307.84,308.32083641814995,0.26253650527308764,2201.12,2032.6555323415537,96.3094536917745,5.77,5.576869377330697,0.8352619175532826
8,8,Single GP,6,1,314.22,313.40945670314414,0.6027252301559278,87.66,45.70247768656668,186.07106100729575,3.45,5.954826730406589,1.8878755189287166
8,8,Single GP,7,2,301.14,305.502600878667,0.9409017914945003,965.47,1264.2093885764066,203.75344353379458,6.46,7.129006040286882,1.887431452487239
8,8,Single GP,8,4,306.32,305.6578796138591,0.2861378901694118,331.97,427.20700147748954,86.19463573833777,10.22,6.577812163936209,1.398322078251442
8,8,Single GP,9,4,304.34,303.43939223081287,0.5822368773153993,421.99,532.717808582003,212.83101504759802,3.37,3.265592674718412,1.6127954143916599
8,8,Single GP,10,2,303.31,305.4099954198536,0.5245683923184338,1035.72,386.85692332157294,146.65418922454327,5.86,8.423660633334709,0.9342580131755532
8,8,Single GP,11,0,308.31,308.0234591048404,0.40701226109673033,374.66,385.18762778543373,228.04564206015462,8.57,8.87169942243153,1.2479404853866298
8,8,Single GP,12,0,307.47,306.8511373774634,0.368475596284523,850.87,894.8009240253664,182.33600821818715,10.63,11.64608800305703,1.0548665055421096
8,8,Single GP,13,4,306.43,307.0615495589439,0.2830578918101472,2256.33,1180.2305351466412,82.38449262690875,4.77,7.872362242478594,0.9774128978912862
8,8,Single GP,14,4,313.31,313.39513502904515,0.6820794423960099,0.85,16.816211712844392,217.01164189112174,0.42,1.1611211922624713,1.3732534612898832
8,8,Single GP,15,4,311.83,312.98632949437854,0.2887061709128323,194.23,89.00761664672154,83.44718905894723,3.51,3.754332630892405,0.9251651484534571
8,8,Single GP,16,1,307.32,306.73799054492383,0.3282698784707682,1604.24,1762.4617986458886,90.62957265247817,11.92,10.290463800864273,0.5066490773981859
8,8,Single GP,17,0,311.08,311.0504249318888,0.4118889655319317,560.59,426.9388884467565,211.42549195801664,3.19,2.006292012103266,1.4268700958336482
8,8,Single GP,18,4,311.14,309.3781439391311,0.34729986668887114,68.07,58.34638264540354,99.93857020110035,5.46,6.983910900969267,1.3358851905113105
8,8,Single GP,19,1,312.39,312.43749755935016,0.48303095580348016,59.84,60.71264459307076,171.11705951630205,5.02,5.310330587882182,1.239093306324486
8,8,Single GP,20,3,308.85,308.97423582019326,0.30717557834092196,484.91,434.6730958022031,116.88201270060296,7.06,7.458190298473144,0.6818452690788801
8,8,Single GP,21,3,311.28,310.3490459792421,0.25849370646010866,410.23,772.1459671359523,91.42724003815056,5.16,4.639915057100574,0.5471639492421293
8,8,Single GP,22,1,312.03,312.5020013186375,0.45496462320131004,122.49,106.27280976879217,188.1864682306314,3.07,6.424541424645573,0.9223858363386342
8,8,Single GP,23,0,307.93,307.538267040405,0.41958982369880293,117.49,131.1497513506597,169.59469683060155,6.42,8.978734308313294,1.8101748041775216
8,8,Single GP,24,1,306.65,307.1860534788202,0.3958511294668796,1388.31,1403.710297272754,100.13334952697421,11.47,10.990146110866917,0.8203133017259412
8,8,Single GP,25,2,308.18,308.22531217600334,0.3426011611602279,1252.74,1218.4725889806598,77.726960294204,7.11,6.694925207678477,1.1206342693662525
8,8,Single GP,26,3,310.29,309.9614975386765,0.48554799610980137,785.56,837.1648806492949,168.7759802630709,5.06,4.3559771074981235,0.951890134042343
8,8,Single GP,27,4,303.33,303.53132235626686,0.5059956243351361,1918.36,2024.7836892224946,139.19929218953703,8.91,5.02234578277027,1.7650795807436221
8,8,Single GP,28,3,302.73,300.72632359312456,0.8274163176727802,2026.87,1838.9083463967895,283.963316554302,13.02,5.9980908589145905,1.4505948660082526
8,8,Single GP,29,0,310.24,310.1807001482399,0.47292009246004035,305.92,442.84707821350133,204.43787579120257,5.99,5.592459914618684,1.2559306797564136
8,8,Single GP,30,0,305.2,305.10751139212346,0.42453932419763785,2372.98,1908.6820499894752,196.384829097679,10.28,9.673001300613882,1.5858883176456227
8,8,Single GP,31,3,307.79,307.13661667468796,0.3785484974927798,1236.45,1154.0327609596911,115.56161551346048,12.82,10.868934294255162,0.6436244583872699
8,8,Single GP,32,1,309.58,309.8669580155381,0.3258600324898494,717.28,635.2210697051935,101.69599027031377,6.31,6.063811430735033,1.9525348390068367
8,8,Single GP,33,0,311.54,310.9829194618574,0.3917092633346515,686.14,702.9706739095496,205.870437964907,4.98,2.2587354113586797,1.5729719387024745
8,8,Single GP,34,1,308.55,309.2957337434115,0.33830870871605595,367.47,405.47229735988486,111.43449632329805,5.43,4.082810191032614,1.1917909555423087
8,8,Single GP,35,1,306.8,306.8833745625726,0.40252336030636754,554.95,556.3641944395602,132.71868316266062,12.78,10.72042901043137,1.0819997386184221
8,8,Single GP,36,2,307.12,307.5102733365437,0.4065268527652295,2075.38,2015.4761498872692,94.8745423305524,5.9,6.849441119571866,0.6159325777877267
8,8,Single GP,37,2,309.05,308.4513320052931,0.41280506352964147,1337.07,1374.4909139890797,102.61389622087711,4.68,4.015926191087039,1.0482184730135973
8,8,Single GP,38,2,307.56,308.45945465041433,0.6778816792555714,316.18,321.50113202196223,144.04427985173632,8.14,5.676153465668162,1.553851580788846
8,8,Single GP,39,0,312.34,312.47590869467786,0.5262489115480288,106.38,161.66999629213421,264.5803295054573,5.13,4.490722762600464,2.001190843414965
8,8,Single GP,40,1,309.58,308.8691846063423,0.33886558503420106,435.02,428.43628004255555,88.41028207424762,7.83,8.388604518267057,0.9836159142379877
8,8,Single GP,41,0,307.48,307.4102525619572,0.33065879496581835,1296.42,1024.8357839558466,112.31499876193205,8.74,9.101884406904603,0.8950808578647784
8,8,Single GP,42,3,304.47,305.35661313043767,0.34767234632666555,451.73,564.8969115477503,125.52806897156749,7.37,8.500462571077515,0.7321653997382098
8,8,Single GP,43,0,311.63,312.42336293003166,0.41104589874134556,91.86,93.76746040501985,213.7051137281352,2.46,1.9197092386730574,1.6636103105091449
8,8,Single GP,44,0,312.52,312.32885486748836,0.5056827022138686,220.1,400.77240051748197,210.12851839573491,1.31,1.4475964799016952,0.8610578274842368
8,8,Single GP,45,3,312.59,312.63069971039135,0.4447816148622104,188.63,184.5385246310944,106.84703056520233,1.23,1.9062169142146201,0.7487107265381487
8,8,Single GP,46,2,306.36,307.015529118658,0.5008276598989745,947.21,940.8108928138122,122.35248418968571,7.22,7.737868500778188,1.3199773067277638
8,8,Single GP,47,2,302.67,306.64893030566617,0.5627918650918219,1366.98,1377.1805016532062,108.06486971875222,10.28,13.191826782757122,1.2766511210006715
8,8,Single GP,48,4,312.73,312.31889691224416,0.48224467308176844,46.91,25.453625491212392,122.15598184016748,1.25,1.574276387649939,1.095923705688412
8,8,Single GP,49,4,310.89,310.19370928860667,0.29969901983574615,93.48,84.99556023233026,142.36559341033254,4.63,3.9895236437300348,0.9433914366507489
8,8,Single GP,50,1,307.08,305.44529560438997,0.5477549578764463,130.32,187.7856586103253,231.41414067183103,7.26,11.179344155291545,1.5818891413468892
8,8,Single GP,51,3,306.76,306.6556201166635,0.28068859294294607,1543.82,1856.622222026711,83.66268142930697,10.96,10.684909621898784,0.5657895280180276
8,8,Single GP,52,2,310.33,310.6902587018363,0.6727899185538625,570.52,567.3439275522652,116.51021226355208,5.7,5.6701306288541335,1.4393837902515065
8,8,Single GP,53,3,312.69,312.76296749549675,0.3686355137426118,95.36,58.33372069206837,123.74742522644553,1.39,1.6977139612774383,0.7331127835489828
8,8,Single GP,54,2,311.54,311.72479986414834,0.439156183818181,223.41,189.6552826387628,105.82056125996299,4.71,6.486372108991621,1.1737835696788839
8,8,Single GP,55,0,308.42,305.8387269983778,0.319155775682226,709.64,776.9625371365918,215.27921029090732,12.53,9.807568745679477,1.1415315585176615
8,8,Single GP,56,3,308.18,307.95362254606715,0.26508474323426656,1523.36,1835.678124102792,92.32471022523218,7.59,6.697168803076098,0.5231453440689763
8,8,Single GP,57,1,308.44,309.3050055963977,0.37846738408040476,1059.82,1284.2441467169044,114.28767153593999,5.32,5.439266160586683,1.996461817669595
8,8,Single GP,58,2,309.87,311.045029591453,0.4223456824651108,261.82,241.3951313881285,120.32730478936432,2.03,3.9573292623746466,0.9438709517749762
8,8,Single GP,59,4,308.33,309.6144870098437,0.2982914761729646,1098.75,1293.0361499876021,95.30862012103495,2.44,5.113135501972753,1.0995966419966996
8,8,Single GP,60,4,306.45,305.28163161604994,0.5518922131485103,268.91,238.41585236813273,226.05565161013067,8.27,4.863299032362947,1.8808236885483867
8,8,Single GP,61,4,303.98,303.41921091578797,0.3820175720431971,704.72,998.7722407240803,112.7441017220252,7.93,7.1222191211743855,1.1622509879042302
8,8,Single GP,62,0,308.91,308.51054677638734,0.38605065232338226,671.26,815.8010186952357,170.58483010687172,8.35,8.053357152367791,1.3296913233225132
8,8,Single GP,63,4,309.65,310.91412184337685,0.30403013525962963,616.92,608.6675141581256,103.42862040342204,2.11,3.1198677333385025,0.9338113997866058
8,8,Single GP,64,1,311.97,312.02931910455817,0.36742791088570786,177.02,192.97481154735863,108.52446421690381,2.3,2.4498974546953987,1.3422913618488477
8,8,Single GP,65,2,306.98,307.68206140970636,0.4314194669867925,2215.59,1762.3461124328621,103.5010145938089,6.68,8.098752206714789,0.8495664348038476
8,8,Single GP,66,3,306.01,306.6300416947904,0.3956901000547319,1493.56,1439.6941282437817,121.35668401580654,12.0,12.084914467508494,0.6422491469310901
8,8,Single GP,67,4,311.22,312.05650414682646,0.261429399127425,462.07,523.0080917877415,98.69066422815663,3.64,4.188122840418319,0.9135829751042186
8,8,Single GP,68,3,304.88,309.00565115376935,0.3561481964813624,395.97,357.92415241616794,112.14066163501666,8.3,9.91169945058826,0.7159684214111565
8,8,Single GP,69,2,310.04,309.5968957063326,0.8419958782049374,990.55,883.5914413002666,221.4335929743103,2.36,3.620691434800861,2.208232506826899
8,8,Single GP,70,1,312.89,312.03270392170987,0.3406329030707698,164.97,380.52056950602184,112.26739975857865,0.86,4.438111552871966,1.1022188405991304
8,8,Single GP,71,3,312.89,312.34020581043075,0.545462152412344,42.42,103.19614047371215,180.04197628000927,0.86,1.0055630794330703,0.8972052320228293
8,8,Single GP,72,0,311.83,311.47485488398956,0.3057761508226666,492.81,351.06244687780014,107.7450742756452,6.49,3.919320919739839,0.8086453245827196
8,8,Single GP,73,1,307.38,307.715036242554,0.47656285417905014,663.32,696.629265216331,161.119778588621,9.56,8.514455304662741,1.0789296385721892
8,8,Single GP,74,4,313.21,312.93085815582447,0.5788130733632065,15.08,44.446128685668555,122.68660414812508,0.39,1.3409651606146902,1.5471775947562334
8,8,Single GP,75,3,307.86,307.76511693349283,0.3294983496077411,946.9,1105.7876417654886,118.95055199455336,8.0,6.865621530231068,0.6305864647494552
8,8,Single GP,76,1,307.58,308.0325746348593,0.3078137189616285,1109.01,1171.8926183005,89.25894421361065,8.19,7.6383815860079025,0.825397749043541
8,8,Single GP,77,2,312.31,312.28192132860914,0.6437765159675065,65.54,47.75860971574764,154.8958616434674,2.01,3.7138141321255618,1.3718227246375447
8,8,Single GP,78,3,312.73,313.2085153133879,0.3457635702218648,68.26,35.199361499607335,129.06406030912026,1.34,2.6545480657472575,0.7168074117180797
8,8,Single GP,79,1,306.53,307.2652144804581,0.42764749394825874,466.58,478.58925801885016,131.66299494798784,7.25,9.219330736542577,1.5254662216135348
8,8,Single GP,80,1,315.92,312.9051206079239,0.5211414206293707,84.11,67.03665162008645,208.38137373895316,3.9,1.3744330507686655,1.3435327355110345
8,8,Single GP,81,2,309.26,308.4017289270511,0.9756097966686423,613.05,680.1310438365443,238.9188725001578,8.86,7.8023277839997505,2.124566946103871
8,8,Single GP,82,3,310.16,308.2418315744226,0.2998722890834557,517.94,740.517753564379,111.9332159767413,7.35,7.047295005773152,0.641502098598802
8,8,Single GP,83,4,304.65,303.73125250560423,0.38545723661145165,2419.87,1837.9946309310158,108.71843631217054,12.79,7.60745295008813,1.404125682359509
8,8,Single GP,84,4,315.33,313.75651058054916,0.39857330749650893,96.59,33.20542511072756,110.3949230313519,6.91,4.921362169690941,1.6943517958923624
8,8,Single GP,85,4,311.02,310.70199974361554,0.4436192048752161,146.83,73.05699049344935,138.1087268488491,5.0,5.825219145198377,1.2419010058956366
8,8,Single GP,86,0,309.61,309.3231977729753,0.5941117133317525,540.43,500.976387217036,266.3730523036705,7.42,6.8768290907304275,1.5753297452004356
8,8,Single GP,87,2,311.04,312.07635940136123,0.48770833255558776,153.39,128.98180512328838,103.37529212368587,1.96,1.7184161789711343,1.3195550759134815
8,8,Single GP,88,1,312.29,313.47601281691215,0.47351383898287064,42.84,63.65050879744831,164.54552672444288,3.51,4.147673544077614,1.824077354402036
8,8,Single GP,89,1,311.14,311.04116474076886,0.44767255117883975,504.12,515.3121461861258,151.0569249387669,4.26,5.225908049836514,1.6514601745850186
8,8,Single GP,90,4,308.79,307.3689333798176,0.3269585489366405,843.81,898.5496948883093,74.23208536701324,7.69,8.404071466060557,1.0466015332719314
8,8,Single GP,91,3,302.53,303.0820978535267,0.5541530931146605,2030.6,2405.1000786290792,238.49998585923657,2.36,6.9487742172371485,1.1922992765445044
8,8,Single GP,92,1,312.07,311.10800379171815,0.39437429722651934,81.77,66.52273274838569,106.66821400200008,5.71,4.4266085464262925,1.1124581291650857
8,8,Single GP,93,3,306.81,306.44438596487225,0.3024820440035931,673.45,1061.48208925545,113.52203371814977,7.15,7.59615451423786,0.6154155138906641
8,8,Single GP,94,3,309.96,309.9551171836431,0.3589052818051662,659.22,491.34673434720776,130.60825514312987,4.79,4.890462892363377,0.7818143066842335
8,8,Single GP,95,3,314.36,313.4878072676329,0.35346832613223617,139.42,46.67734641920663,136.34365585076256,5.84,3.533867328155463,0.7080538479357416
8,8,Single GP,96,2,310.35,311.33006671338154,0.5268063396254737,94.55,60.308966513597625,126.02222869172004,3.98,5.752652785153605,0.9649802865164235
8,8,Single GP,97,0,313.16,313.5569377296335,0.5080527610314439,15.39,140.37957588008237,290.4832806800744,0.53,1.278066907173491,1.4011839797153423
8,8,Single GP,98,0,306.83,306.36309115640694,0.3003329033037844,1407.27,1457.628804486052,70.21205886024902,10.88,12.086284974806285,0.5730555347023866
8,8,Single GP,99,0,309.81,309.8458840672625,0.2709425720969082,533.37,1044.8291516621466,167.33642888512128,7.02,5.604897166886941,1.2144213373314963
8,8,Model Selection,0,2,312.33,313.06870574573225,0.5489943047240613,84.06,-25.52276995074385,140.15397994701954,0.31,3.209947751305956,0.8451433282667363
8,8,Model Selection,1,0,311.68,309.9162048278895,1.2928660727366958,204.84,224.5191506688007,234.94817099360785,9.2,6.651584821062773,1.7861476834495447
8,8,Model Selection,2,2,301.44,305.7923936809414,0.6112322643940274,220.66,276.2139142867296,155.24008185263293,4.44,8.660485542636597,0.9384070038174157
8,8,Model Selection,3,0,314.31,315.261673211776,1.4355300704885612,12.81,18.184766085396404,215.8545833619506,2.87,4.568526843914754,2.0329840160681445
8,8,Model Selection,4,2,306.89,306.4439737872143,0.5558760875355921,422.12,553.8449385839234,141.6133253714588,12.1,10.977820607397,0.8542708013962123
8,8,Model Selection,5,4,307.84,307.96952241157715,0.8806241479200445,2201.12,1861.3008455228514,163.91501231766262,5.77,6.745258697280701,1.173745218356423
8,8,Model Selection,6,1,314.22,313.69159471569355,1.2407135621110599,87.66,66.02115575541075,227.16565298463252,3.45,4.864798920501632,1.8191190002398865
8,8,Model Selection,7,2,301.14,304.3416248148146,0.7056006889505722,965.47,1542.024339863998,178.54247529770308,6.46,11.740125872716536,1.0736614023760978
8,8,Model Selection,8,4,306.32,305.5150372110359,1.0669507418973951,331.97,376.8432313627993,193.65280278296436,10.22,6.839452102376629,1.4285228177552682
8,8,Model Selection,9,4,304.34,303.19078293906716,1.1065022159449325,421.99,479.0397684100403,157.71230253659098,3.37,3.8422646068707134,1.369337428718835
8,8,Model Selection,10,2,303.31,304.9389903116939,0.5804078387264612,1035.72,461.67406942298084,144.40981191856866,5.86,8.093536750482704,0.8572972930401886
8,8,Model Selection,11,0,308.31,307.6513922806684,0.9158954721127551,374.66,316.2789048049962,195.55097646758634,8.57,8.5122894196845,1.3669141877446775
8,8,Model Selection,12,0,307.47,306.99143603914183,0.9738562093225542,850.87,799.7829938879378,207.090886343004,10.63,10.684791006715137,1.3732507524121664
8,8,Model Selection,13,4,306.43,307.83888908396966,0.8938221562206581,2256.33,1198.6553918532006,169.29904450860795,4.77,7.4824847350436485,1.2261242508567731
8,8,Model Selection,14,4,313.31,313.3295254506405,1.2580946105220945,0.85,-62.10402839243727,243.85053344017925,0.42,0.9117994562412619,1.6137878840340742
8,8,Model Selection,15,4,311.83,312.92224025297793,0.8875579828052028,194.23,152.96882951353308,179.76599581560993,3.51,2.993151536923788,1.1975128391758874
8,8,Model Selection,16,1,307.32,306.6252714214888,0.6687917009799752,1604.24,1655.8061238614107,163.28703137617575,11.92,10.49839906049193,0.9767541719269208
8,8,Model Selection,17,0,311.08,311.48257987117375,1.1507484762833424,560.59,442.8832236025124,243.7278965064436,3.19,2.310211427093515,1.6347690962996335
8,8,Model Selection,18,4,311.14,310.08500451698427,1.1350830988460823,68.07,57.7867714044645,185.12413033480868,5.46,6.567492294737815,1.5441211878506833
8,8,Model Selection,19,1,312.39,311.9189077528474,0.9874223628365779,59.84,15.973967372364314,259.3653522048783,5.02,4.967183246279724,1.3476960834278702
8,8,Model Selection,20,3,308.85,309.1425435779883,0.36519571591598926,484.91,471.2651296787376,79.98632441274702,7.06,7.6891408716608245,0.41976858925551286
8,8,Model Selection,21,3,311.28,310.45593757721525,0.3281766687717549,410.23,822.5468343843236,71.34257160835223,5.16,4.3646931574502315,0.37292116317486745
8,8,Model Selection,22,1,312.03,312.27750952426453,1.0482191199963375,122.49,109.66931530059048,138.8802441468868,3.07,5.2258215989515024,1.3324921771371467
8,8,Model Selection,23,0,307.93,307.54589137891134,1.069404649677186,117.49,80.32877447896749,266.45564711269435,6.42,7.970030345907427,1.6093950757321174
8,8,Model Selection,24,1,306.65,306.6404609255543,0.7730847198775832,1388.31,1523.17383726965,177.75186550066906,11.47,10.973811784763733,1.2224020925128916
8,8,Model Selection,25,2,308.18,308.42602114460027,0.26254459008188685,1252.74,1151.153259947855,60.31157552697014,7.11,7.499302597595013,0.34168031445426184
8,8,Model Selection,26,3,310.29,309.8251386079314,0.6193607463863201,785.56,848.8603884446613,138.9021069382589,5.06,3.670155669709499,0.7377701380626369
8,8,Model Selection,27,4,303.33,303.7074608921566,1.1410707879953346,1918.36,2052.5649779487453,178.92867096329078,8.91,5.854256217237511,1.618967441114936
8,8,Model Selection,28,3,302.73,301.2338429887236,1.1319526304165572,2026.87,1746.050049616359,261.1140159291669,13.02,6.105308046300429,1.4072718112423555
8,8,Model Selection,29,0,310.24,310.14578807760995,1.0169215832779557,305.92,424.8272830198428,201.37757807741053,5.99,5.716246944447765,1.4401781790652364
8,8,Model Selection,30,0,305.2,305.33492258212596,1.1446593081394374,2372.98,1984.534805411276,216.07329823832484,10.28,9.525701599674559,1.7928520215494792
8,8,Model Selection,31,3,307.79,307.106848329309,0.4633523032922081,1236.45,1223.7460831138767,98.35340283602788,12.82,10.969279975114553,0.508829987512579
8,8,Model Selection,32,1,309.58,309.62072260189007,1.0754599688003792,717.28,557.7164033462875,224.78716431086366,6.31,5.592472640846996,1.7505910712901092
8,8,Model Selection,33,0,311.54,311.22726848364834,1.0972571194158158,686.14,505.3524367930411,214.70392937415045,4.98,2.893602946961331,1.6444465793333154
8,8,Model Selection,34,1,308.55,309.45466831715487,1.0154993008398576,367.47,431.79099724316245,231.17545653334756,5.43,4.321881588366041,1.457223300936827
8,8,Model Selection,35,1,306.8,306.72252119513377,0.874285860393913,554.95,553.4537452507176,191.45362787876184,12.78,10.941330359240638,1.0776106869475142
8,8,Model Selection,36,2,307.12,306.8716830393494,0.4050708719718164,2075.38,1936.5569491268168,95.31660933015124,5.9,6.411130702213572,0.5457402018508876
8,8,Model Selection,37,2,309.05,308.66118157709235,0.3734751865589809,1337.07,1307.5505107889117,87.06589396664529,4.68,4.579461143600719,0.4981708447113873
8,8,Model Selection,38,2,307.56,306.9167054610835,0.51196137531737,316.18,406.42191841009617,132.1394699407229,8.14,4.3308926222000785,0.8010371374515446
8,8,Model Selection,39,0,312.34,312.638028071359,1.2409467851413991,106.38,150.6037210171811,139.86428900827698,5.13,4.429876683768507,1.8418969396991307
8,8,Model Selection,40,1,309.58,308.66932529564815,0.9286247123101031,435.02,382.72988531584275,183.15659324620756,7.83,8.818472143431464,1.3883437804252716
8,8,Model Selection,41,0,307.48,307.1342997834816,0.9426713340026334,1296.42,929.1561512224405,177.4277115078106,8.74,8.473276314544082,1.3837590406780846
8,8,Model Selection,42,3,304.47,305.5819203004013,0.4611665122748745,451.73,724.1571001169232,100.75027078432488,7.37,8.308169126080564,0.5295278033817714
8,8,Model Selection,43,0,311.63,312.0136804667023,1.0799926949879,91.86,101.6925248222833,218.69900205065835,2.46,2.6697067868361897,1.622256093455824
8,8,Model Selection,44,0,312.52,312.4292332799177,0.8567679990584294,220.1,314.79806354804214,218.99348021685844,1.31,1.3522130560233911,1.1888184539790296
8,8,Model Selection,45,3,312.59,312.73924513498974,0.5353174094830412,188.63,145.78886846244285,114.6462334708067,1.23,2.1494554191229573,0.5949907959817282
8,8,Model Selection,46,2,306.36,306.5728074153393,0.4587610343319178,947.21,1085.2578138448443,112.61563595231107,7.22,6.895624499284072,0.6587213355471325
8,8,Model Selection,47,2,302.67,305.9071248115604,0.46998646904013924,1366.98,1406.1885082715744,115.76136134386832,10.28,13.551630730399838,0.6832052096280107
8,8,Model Selection,48,4,312.73,312.26089334320915,0.985010291285342,46.91,40.443226050934754,176.3497847669137,1.25,1.2514638749139477,1.2907036513200003
8,8,Model Selection,49,4,310.89,309.7853044619007,0.9858326508811486,93.48,105.98491920908384,218.14775308337656,4.63,4.200520365696061,1.261734545806086
8,8,Model Selection,50,1,307.08,305.08716884511284,1.1540543645076704,130.32,442.20658874028754,334.847336619985,7.26,11.441752152271992,1.4806353808968276
8,8,Model Selection,51,3,306.76,306.3530639879374,0.3515647270529739,1543.82,1758.4210529386373,75.17787762559384,10.96,10.6895449624651,0.39008545715506227
8,8,Model Selection,52,2,310.33,310.4838245393215,0.4532218967915206,570.52,743.1209620153085,110.47821842619517,5.7,6.347977884538658,0.6471928862811583
8,8,Model Selection,53,3,312.69,313.08536460963916,0.5139759680975476,95.36,42.39777350466761,111.31725141577006,1.39,1.939293730123921,0.5810372634537014
8,8,Model Selection,54,2,311.54,312.34054912631376,0.34856519183595447,223.41,208.7441225543841,85.01072120521201,4.71,4.827161899867045,0.49792050972544544
8,8,Model Selection,55,0,308.42,305.5019045005513,0.9318326552809698,709.64,876.669458344129,191.40648913183435,12.53,10.601097993240607,1.4132176431405485
8,8,Model Selection,56,3,308.18,307.5326202822269,0.32667717425182596,1523.36,1590.7262166872117,70.3156676372434,7.59,7.135355787018213,0.3661201539340697
8,8,Model Selection,57,1,308.44,309.2693632387897,1.1326046436857413,1059.82,1200.4594492168237,229.85763718915229,5.32,5.391884243442748,1.8266411874054926
8,8,Model Selection,58,2,309.87,311.47354864826104,0.41558382698409324,261.82,212.04387710670028,103.13031908529126,2.03,4.065298222008337,0.6098424918240213
8,8,Model Selection,59,4,308.33,309.3831637389593,0.9102053436932559,1098.75,1295.534614579677,189.71945582592642,2.44,5.17091933308516,1.2853102168106993
8,8,Model Selection,60,4,306.45,305.88961860884876,1.2088034334462812,268.91,366.3203231249821,162.36343488827157,8.27,5.984869959332739,1.7231298012584126
8,8,Model Selection,61,4,303.98,302.7345975941947,0.9922396257481457,704.72,762.7343188544183,157.1000518597691,7.93,6.087211415131486,1.407271775685494
8,8,Model Selection,62,0,308.91,308.7923505767909,1.0983124743829593,671.26,1050.6746274637671,203.4935504142895,8.35,7.9757593074010735,1.5258321300097653
8,8,Model Selection,63,4,309.65,310.25418525325244,0.8363724959745027,616.92,646.1836278383107,151.50826205101032,2.11,2.71707813533515,0.938761786296238
8,8,Model Selection,64,1,311.97,311.7306080230026,1.0065477054471577,177.02,203.54974015699725,222.9726979683443,2.3,2.3713788080135645,1.51814358522228
8,8,Model Selection,65,2,306.98,307.51991031008794,0.4031829144672286,2215.59,1721.9271974333117,98.00002810940025,6.68,7.381649195247096,0.5725506567128693
8,8,Model Selection,66,3,306.01,306.7340404544966,0.4981558080888414,1493.56,1479.2032387590157,108.79876700422658,12.0,12.418281370905401,0.5705676585830397
8,8,Model Selection,67,4,311.22,312.11782446011773,0.9545637261764828,462.07,533.045938058257,186.07626729687325,3.64,3.5984217630918174,1.26893600198381
8,8,Model Selection,68,3,304.88,309.1584314651911,0.45844179793643225,395.97,350.30170199464993,99.73700352600555,8.3,9.649586573529708,0.5224248782865791
8,8,Model Selection,69,2,310.04,309.2947288334357,0.6788900729171533,990.55,793.8631781361839,179.80905144942935,2.36,1.8847510741609241,1.1016262625308904
8,8,Model Selection,70,1,312.89,312.044008061095,0.9676747055708259,164.97,364.10961260478115,226.42362151493586,0.86,4.753544999828802,1.4058694007362298
8,8,Model Selection,71,3,312.89,311.88520514691214,0.7356989605486389,42.42,53.7205149130649,163.8973912037744,0.86,1.320750315721729,0.8668329782432722
8,8,Model Selection,72,0,311.83,310.88455646820586,0.9023609287111568,492.81,417.60248524679287,178.03615949039855,6.49,3.5588828343079415,1.3638858414825425
8,8,Model Selection,73,1,307.38,307.7781052055742,1.0762588009866925,663.32,748.5162193975095,222.60075596860568,9.56,9.079433542063818,1.4281876271209972
8,8,Model Selection,74,4,313.21,313.1485197807831,1.221986782537729,15.08,39.25743879731067,187.18422593060745,0.39,0.8649247556720487,1.544467528465136
8,8,Model Selection,75,3,307.86,307.97894502565765,0.4504431696675683,946.9,1221.1676241088767,98.958091708199,8.0,6.920733344814477,0.5200438070954543
8,8,Model Selection,76,1,307.58,307.6546253884326,0.8027135060355858,1109.01,1214.2702602017266,170.58087194104434,8.19,6.983051376832277,1.0053510582458947
8,8,Model Selection,77,2,312.31,312.6430224852984,0.6004326510375294,65.54,-37.4880661610008,155.02723431445753,2.01,3.459947733698183,0.9370743193153216
8,8,Model Selection,78,3,312.73,313.5816728437736,0.4398884646218961,68.26,49.272534511372555,96.31264660675333,1.34,2.6060024106627524,0.5068483874763303
8,8,Model Selection,79,1,306.53,306.7764033383302,1.0224164884138782,466.58,580.4293025747559,240.1145780175766,7.25,9.54117455514599,1.6239058471800305
8,8,Model Selection,80,1,315.92,312.90376209712576,1.025955711828911,84.11,100.25228846861182,187.028825413808,3.9,1.3670676005596265,1.3477643694684849
8,8,Model Selection,81,2,309.26,307.7190949099915,0.8256302440027296,613.05,779.0477412394799,224.5439989883063,8.86,10.949324652078715,1.3912883341710482
8,8,Model Selection,82,3,310.16,308.21731257592046,0.3745758383672623,517.94,747.8220447543752,81.28111600645208,7.35,7.424373164308428,0.42434694477104723
8,8,Model Selection,83,4,304.65,302.7690092911102,0.9982509349019313,2419.87,1691.6614536614156,172.04207179379543,12.79,8.436218343160505,1.4577179526860364
8,8,Model Selection,84,4,315.33,313.81161319718836,1.1021290166433149,96.59,72.13973798429288,150.2993292212732,6.91,4.023347240083524,1.5176875146316362
8,8,Model Selection,85,4,311.02,310.77410753013794,0.9913650168044622,146.83,184.5157155384403,174.6089875761733,5.0,5.6659950221676425,1.3378011343971181
8,8,Model Selection,86,0,309.61,309.40083298933456,1.1507489220132245,540.43,698.1377617955687,199.83017937219347,7.42,7.454588323614054,1.8561568694728727
8,8,Model Selection,87,2,311.04,312.14665514241284,0.3783452804611897,153.39,123.5838355418532,91.65768025833113,1.96,1.1391869956140104,0.53742921954657
8,8,Model Selection,88,1,312.29,313.5432601359047,1.0539878967121703,42.84,16.744369196059097,247.71724059794073,3.51,4.18701292513091,1.6317581194460151
8,8,Model Selection,89,1,311.14,311.03753483337044,1.13297071581942,504.12,508.5558470687686,218.1637120547852,4.26,4.900815255962708,1.6547782256700194
8,8,Model Selection,90,4,308.79,307.52766769236007,0.9282360146971306,843.81,948.2157589214817,143.06031545291606,7.69,7.4546776636490915,1.345910795414967
8,8,Model Selection,91,3,302.53,302.59335532818733,0.8786352859763115,2030.6,2159.5139866559257,202.43790567239094,2.36,6.534097708990951,1.090393321798528
8,8,Model Selection,92,1,312.07,310.90407560904384,1.010019582891307,81.77,71.89237011265004,210.7228494485316,5.71,4.291956426689671,1.4239966381419351
8,8,Model Selection,93,3,306.81,306.2070108454176,0.37803202996711754,673.45,948.6501306660846,81.99119042062605,7.15,7.213312656366624,0.42927121530783113
8,8,Model Selection,94,3,309.96,310.24244369141917,0.4863131944241485,659.22,537.4372663227948,107.27967523092781,4.79,4.989859155820594,0.5650419310506085
8,8,Model Selection,95,3,314.36,313.9136029143072,0.48929320617555616,139.42,92.90724592619267,108.51221671640833,5.84,3.2912056075329454,0.572665317614634
8,8,Model Selection,96,2,310.35,310.75599970401737,0.5109697430220881,94.55,44.80391653962454,123.52606119965237,3.98,5.001841115992521,0.7174227587662666
8,8,Model Selection,97,0,313.16,313.49931067531355,1.0399493406229607,15.39,6.0502046904844065,263.3008972096233,0.53,1.192591525115783,1.4679485447428906
8,8,Model Selection,98,0,306.83,306.7678136527387,0.7477731550818844,1407.27,1431.7625962658635,160.0972512432735,10.88,11.685438238825835,1.0309323160449742
8,8,Model Selection,99,0,309.81,309.96501900280174,1.006092148666674,533.37,661.0182672675923,226.34920404989663,7.02,5.285022066651735,1.4711628918453672
8,8,Model Selection + Bagging,0,2,312.33,311.9035303134592,1.8328886641952244,84.06,110.71919632294635,361.88120157598627,0.31,3.1775592783795172,2.381027390736171
8,8,Model Selection + Bagging,1,0,311.68,309.4647409650573,1.4170346472758364,204.84,246.78448013600132,257.0177032097928,9.2,6.923056368059063,1.8202338299036627
8,8,Model Selection + Bagging,2,2,301.44,306.5704169029678,1.8831586924813162,220.66,366.2631560101524,442.93529266333445,4.44,9.333383897870991,2.9696727106502703
8,8,Model Selection + Bagging,3,0,314.31,314.77592423782124,1.5900327758153654,12.81,9.81906369204546,237.220887906246,2.87,3.7231469257732317,2.200274127053426
8,8,Model Selection + Bagging,4,2,306.89,306.9300659289301,1.6128223555803731,422.12,535.5620036907993,362.798754493233,12.1,10.836533543897989,2.6553019070034893
8,8,Model Selection + Bagging,5,4,307.84,307.88465316529755,0.9105015704285746,2201.12,1818.1890590887365,206.11793755601698,5.77,6.380715610345807,1.2801783271913758
8,8,Model Selection + Bagging,6,1,314.22,313.4361495510077,1.3876341453482186,87.66,91.92484112624618,269.0830038412343,3.45,4.209716379435608,2.0685040642211434
8,8,Model Selection + Bagging,7,2,301.14,304.89464519959137,1.9417609073050734,965.47,1338.8329967561006,603.0727802748154,6.46,10.35777230188604,3.559215231231905
8,8,Model Selection + Bagging,8,4,306.32,305.6478750418566,1.1805047340958559,331.97,394.37172629976885,238.88137921965313,10.22,6.942866197903145,1.494782875467388
8,8,Model Selection + Bagging,9,4,304.34,304.13738746683964,1.6043247504547857,421.99,535.0546715759303,200.6531744687493,3.37,5.813556413863625,3.108443245275819
8,8,Model Selection + Bagging,10,2,303.31,306.06858164268033,1.8645796954155682,1035.72,435.02359304431945,406.2468077194769,5.86,9.004490317030832,2.5180249141850433
8,8,Model Selection + Bagging,11,0,308.31,307.7388269343908,1.0652687473310438,374.66,377.52565452742306,233.90740688672662,8.57,8.268706164404193,1.591557893748849
8,8,Model Selection + Bagging,12,0,307.47,306.9240987339893,1.1127724335179225,850.87,829.9176803614785,229.41701852862937,10.63,10.3730613471423,1.5914252367292423
8,8,Model Selection + Bagging,13,4,306.43,307.6417809010179,1.023214389182093,2256.33,1226.8857845829511,196.08944234460324,4.77,7.360870331055106,1.3151650026497206
8,8,Model Selection + Bagging,14,4,313.31,313.2826710444853,1.3147744097860332,0.85,-57.53256153813413,276.89075462580087,0.42,1.16922820215518,1.7657832142237317
8,8,Model Selection + Bagging,15,4,311.83,313.13014642102576,1.0671906983938741,194.23,157.01345037612288,205.21845342141773,3.51,3.3686104576845817,1.329054914474403
8,8,Model Selection + Bagging,16,1,307.32,306.7238856504538,0.9689392796040807,1604.24,1707.0089221898888,236.90441609617764,11.92,10.728213302965353,1.2841450519307023
8,8,Model Selection + Bagging,17,0,311.08,311.3440036538921,1.180572482861083,560.59,453.87687807588475,255.0588798509279,3.19,2.6035696483462614,1.7403407124649846
8,8,Model Selection + Bagging,18,4,311.14,310.0939384063945,1.205949922741035,68.07,71.54790885840634,221.4197412797112,5.46,6.359870423297472,1.5423495180868314
8,8,Model Selection + Bagging,19,1,312.39,311.94197809471353,1.1772404049878484,59.84,16.56788548346185,287.79980347076406,5.02,4.864347830173721,1.537977274313667
8,8,Model Selection + Bagging,20,3,308.85,309.5978360372566,1.3893304883981308,484.91,479.23445898544344,271.3395349495189,7.06,7.9212273468619525,2.038982742627744
8,8,Model Selection + Bagging,21,3,311.28,310.5283078004754,0.9533219318971747,410.23,675.3378634522152,190.97865032667707,5.16,5.77339021682714,1.4627201494433035
8,8,Model Selection + Bagging,22,1,312.03,312.21627789320536,1.2190492400803283,122.49,179.59102810988577,263.5759311179334,3.07,4.620472990871604,1.678894393319257
8,8,Model Selection + Bagging,23,0,307.93,307.4379813505937,1.1989447661579007,117.49,153.48390419862687,286.51417712324115,6.42,7.724413820548376,1.806922870074145
8,8,Model Selection + Bagging,24,1,306.65,307.0793166333425,1.116464646569192,1388.31,1514.0087041445315,249.54902808507217,11.47,11.006172848012657,1.535545897783694
8,8,Model Selection + Bagging,25,2,308.18,308.1924106330811,0.6993901214834327,1252.74,1162.3038558832172,240.8500150390304,7.11,7.277120529725685,1.0322749414965005
8,8,Model Selection + Bagging,26,3,310.29,309.4666848522429,1.6439123531847064,785.56,795.9264017996754,338.0438814418092,5.06,5.114340813459521,2.1393862006954003
8,8,Model Selection + Bagging,27,4,303.33,304.11924379384106,1.40134211294107,1918.36,1887.891651446611,318.09003061424465,8.91,7.104031480274939,2.3204636965894556
8,8,Model Selection + Bagging,28,3,302.73,305.12268141237035,2.9134022959203394,2026.87,1189.898850502378,683.7724273458462,13.02,6.648246661433434,3.388545441915728
8,8,Model Selection + Bagging,29,0,310.24,310.0742865544197,1.1663876318854633,305.92,411.9768081829405,223.01459553592883,5.99,5.922984041476786,1.656196610248641
8,8,Model Selection + Bagging,30,0,305.2,305.61820781922137,1.31863253891801,2372.98,1862.7752833769055,281.28259354687225,10.28,8.929933466194715,1.8963140235002702
8,8,Model Selection + Bagging,31,3,307.79,306.8693956231675,1.2502927397134516,1236.45,1201.2268567015258,245.42903413712605,12.82,10.422214118147442,1.2892198210774575
8,8,Model Selection + Bagging,32,1,309.58,309.60977646334345,1.1316683234106681,717.28,574.5848442396074,244.619524974386,6.31,5.948273070598916,1.7441945454673486
8,8,Model Selection + Bagging,33,0,311.54,311.2389410522135,1.1620824627551356,686.14,560.8279843425621,230.88109029308518,4.98,2.922046705647931,1.7300252862077368
8,8,Model Selection + Bagging,34,1,308.55,309.3241144000443,1.1428352000936355,367.47,437.05447512566417,254.19198815720515,5.43,4.256094959121097,1.5331608333079594
8,8,Model Selection + Bagging,35,1,306.8,306.92019472808556,1.0992963774201339,554.95,586.6450667806332,230.25688145218297,12.78,10.913025937840796,1.437743299795865
8,8,Model Selection + Bagging,36,2,307.12,307.48377992666946,0.9227129062551169,2075.38,1988.5146160913366,419.2162652861885,5.9,6.555069795753285,1.2017546579201894
8,8,Model Selection + Bagging,37,2,309.05,308.913508842133,1.0718139820743613,1337.07,1240.2764402772768,249.71949498202548,4.68,4.32455363629383,1.4454195802843186
8,8,Model Selection + Bagging,38,2,307.56,308.23713628699494,1.8925932340310085,316.18,446.1639603192217,516.6898537841967,8.14,5.713761419904962,2.0776767964534977
8,8,Model Selection + Bagging,39,0,312.34,312.58957463687585,1.3586204819269274,106.38,173.8881638428138,200.6027596478191,5.13,4.231952409059647,1.84900584240796
8,8,Model Selection + Bagging,40,1,309.58,308.90319396080605,1.1446596233742234,435.02,413.0354008018699,203.40504274518352,7.83,9.096196681254153,1.4281232294744686
8,8,Model Selection + Bagging,41,0,307.48,307.2663725697637,1.0106046758039766,1296.42,950.6276541193524,199.7157355063958,8.74,8.415919149279446,1.479877303563674
8,8,Model Selection + Bagging,42,3,304.47,305.389006369615,1.7490191980074408,451.73,594.4329863051169,316.75415125533675,7.37,8.486129982281101,2.0418083856067377
8,8,Model Selection + Bagging,43,0,311.63,312.00804371631506,1.1676073394926687,91.86,92.28444876858873,236.57144854891627,2.46,2.9090770550839586,1.720750643360326
8,8,Model Selection + Bagging,44,0,312.52,312.4326313552589,0.9783513459433784,220.1,336.3854117351382,250.97826237838413,1.31,1.5613283360637649,1.4210875116754207
8,8,Model Selection + Bagging,45,3,312.59,312.5439259488163,1.3503715811437602,188.63,196.78163368182663,242.14550773640832,1.23,1.665854995883671,1.7224365883651203
8,8,Model Selection + Bagging,46,2,306.36,307.3576597711103,1.7596074081377755,947.21,893.9335884582794,392.6368449297586,7.22,7.139564273414655,1.9547098317635427
8,8,Model Selection + Bagging,47,2,302.67,306.5965617887332,1.5251317111338052,1366.98,1468.3371438904214,316.30736165633726,10.28,12.670643434714439,1.773785579949652
8,8,Model Selection + Bagging,48,4,312.73,312.2558440470451,1.162036653383408,46.91,39.903953391867844,212.66668087134957,1.25,1.5159414371974451,1.4585764562963788
8,8,Model Selection + Bagging,49,4,310.89,309.7718534865092,1.0147754706578718,93.48,135.73168262499576,251.81261472493392,4.63,4.235585110633389,1.3642278330721382
8,8,Model Selection + Bagging,50,1,307.08,305.60453557286525,1.4207323197317312,130.32,404.76308746106815,385.7222497478685,7.26,10.520030334783133,2.058612252459907
8,8,Model Selection + Bagging,51,3,306.76,306.80192483916323,0.9374275986752578,1543.82,1699.9983186128165,222.1337807303466,10.96,10.707268954828075,1.126352945702694
8,8,Model Selection + Bagging,52,2,310.33,311.0552044461727,1.6818410793827123,570.52,515.2141156404067,357.52167792933795,5.7,6.774891024308196,2.099918135497553
8,8,Model Selection + Bagging,53,3,312.69,312.4121821951599,1.7019507033262689,95.36,107.80674399230031,308.5249767885651,1.39,1.969554029479987,2.315490671022721
8,8,Model Selection + Bagging,54,2,311.54,311.86375612571703,1.333688957689065,223.41,121.97804655660104,307.4378984908907,4.71,4.684697677180157,1.8897725168942892
8,8,Model Selection + Bagging,55,0,308.42,305.28515912409875,1.34791630846366,709.64,828.3543439530474,236.80787879113964,12.53,10.399630587140898,1.7971331606742713
8,8,Model Selection + Bagging,56,3,308.18,307.6579247898655,0.9677477698563427,1523.36,1846.8647703610673,275.16659375304977,7.59,6.470264184269027,1.2611651781490427
8,8,Model Selection + Bagging,57,1,308.44,309.31251122926386,1.2234200128424149,1059.82,1232.776759539957,261.71649958063944,5.32,5.620463566412213,1.80577373306269
8,8,Model Selection + Bagging,58,2,309.87,310.4918311144338,1.5374583146073972,261.82,199.79659874287682,324.4553103382576,2.03,4.15585888768831,2.1686064011652193
8,8,Model Selection + Bagging,59,4,308.33,309.4474966172057,1.0184275036850992,1098.75,1278.1936099477934,223.71129412460044,2.44,5.206090473067102,1.4293240518607027
8,8,Model Selection + Bagging,60,4,306.45,306.14316193426146,1.3837607873308908,268.91,412.3791351474743,201.88246918617574,8.27,6.158244535912854,2.288845610754993
8,8,Model Selection + Bagging,61,4,303.98,303.04228649069796,1.3098254022243172,704.72,805.0655305217557,199.39806373113166,7.93,6.346270927024198,1.7853738921262647
8,8,Model Selection + Bagging,62,0,308.91,308.52275733324745,1.2997472942258574,671.26,907.2264420241128,284.5826309943481,8.35,8.19472988500963,1.6294158734977744
8,8,Model Selection + Bagging,63,4,309.65,310.4503101440832,1.0270792757203764,616.92,657.0438623906718,186.77359027802208,2.11,3.312032683238666,1.3649478747240646
8,8,Model Selection + Bagging,64,1,311.97,311.74070798188023,1.0866102768725745,177.02,200.8964473542528,242.9739042486566,2.3,2.3313499064128553,1.539403469334977
8,8,Model Selection + Bagging,65,2,306.98,307.9336880055444,1.0073770270207696,2215.59,1691.2295906124773,298.58956950944315,6.68,7.871921553208988,1.3908265770059778
8,8,Model Selection + Bagging,66,3,306.01,306.11649525000684,1.290180453472778,1493.56,1398.2371343004356,213.97408551966402,12.0,12.170639789431792,1.522168671941634
8,8,Model Selection + Bagging,67,4,311.22,312.2337635454655,1.005682912553159,462.07,532.381398865743,216.39323873192768,3.64,3.822521945512133,1.5028997903708268
8,8,Model Selection + Bagging,68,3,304.88,309.461701976025,1.422395956085666,395.97,459.5384460576154,242.15654682125233,8.3,9.124192650451738,1.852680349626978
8,8,Model Selection + Bagging,69,2,310.04,308.99560308487503,1.8664612036721548,990.55,792.4537845513416,385.69981122262055,2.36,2.5748345618465582,2.707026794255649
8,8,Model Selection + Bagging,70,1,312.89,311.9814260753511,1.1049781556088192,164.97,355.4140648948784,253.8924431770725,0.86,4.553118566364441,1.614794122711342
8,8,Model Selection + Bagging,71,3,312.89,311.84327120831557,1.710988284914023,42.42,194.92976734610886,298.6333466678843,0.86,2.299705392880986,2.0184037123735736
8,8,Model Selection + Bagging,72,0,311.83,311.05917213240315,0.9694282514736825,492.81,423.54259679583555,184.9056439857052,6.49,3.4641874934515235,1.3808775855241697
8,8,Model Selection + Bagging,73,1,307.38,307.6723781212557,1.209113991796245,663.32,736.9798405064518,255.30539588528262,9.56,9.168182337239914,1.4970477524456829
8,8,Model Selection + Bagging,74,4,313.21,313.0283066441173,1.3053833184155559,15.08,36.80122268641037,217.97328374645468,0.39,1.1363616056908512,1.6716515136249959
8,8,Model Selection + Bagging,75,3,307.86,308.43473456084143,1.2366322959225344,946.9,1082.355994206328,295.6453665788814,8.0,6.767293364883394,1.4961263469622275
8,8,Model Selection + Bagging,76,1,307.58,307.7817037232186,0.9465396882850674,1109.01,1192.473675099854,220.43337951887267,8.19,7.45679399175734,1.303452185512896
8,8,Model Selection + Bagging,77,2,312.31,311.6021960050305,1.9242259895260265,65.54,125.49290328436314,386.5521636531414,2.01,3.6678008737330665,2.381170231015934
8,8,Model Selection + Bagging,78,3,312.73,312.8591196880325,1.7008937855857253,68.26,30.019859056190967,295.1189522711515,1.34,2.330637753716748,2.2504464342375274
8,8,Model Selection + Bagging,79,1,306.53,307.10677024025716,1.2505763382582613,466.58,596.3935319038789,282.5358688081779,7.25,9.617387943961223,1.7358925869769741
8,8,Model Selection + Bagging,80,1,315.92,312.83313100309323,1.201877097458506,84.11,121.4602765407285,246.14183573585555,3.9,1.98880576432488,1.7233932442410103
8,8,Model Selection + Bagging,81,2,309.26,307.89722867651955,2.2967917823128046,613.05,701.8853823361536,394.75455433101683,8.86,10.529968448037621,2.9157730397001584
8,8,Model Selection + Bagging,82,3,310.16,308.6701117246716,1.1298644573547967,517.94,771.0450085966979,369.3350241492306,7.35,7.791591299755502,1.858972204062398
8,8,Model Selection + Bagging,83,4,304.65,303.35629349651947,1.540381711127391,2419.87,1613.4369829682655,216.3138623822719,12.79,8.78356491720831,1.9098257602740412
8,8,Model Selection + Bagging,84,4,315.33,313.72065221423077,1.2185724529795474,96.59,73.89043719048198,185.44467528164944,6.91,3.4415559884326403,1.725056046935486
8,8,Model Selection + Bagging,85,4,311.02,310.7208832135536,1.1650667802331096,146.83,184.88772895069604,205.06262305807502,5.0,5.725422538312763,1.5649487874936703
8,8,Model Selection + Bagging,86,0,309.61,309.0095290044596,1.5849741326175764,540.43,654.4307986961162,228.7950541267668,7.42,7.757382227908094,1.9124457677945288
8,8,Model Selection + Bagging,87,2,311.04,312.2074324198799,1.03374563276059,153.39,120.05573240099204,219.120159474937,1.96,1.4766684229550044,1.4359150617176781
8,8,Model Selection + Bagging,88,1,312.29,313.34855384005425,1.1871182805318656,42.84,12.592881237230245,273.1556373415356,3.51,3.6964536389318012,1.8631171882746573
8,8,Model Selection + Bagging,89,1,311.14,311.07598921040636,1.2779907474161922,504.12,537.8901836616386,252.58240534711047,4.26,4.753561535364187,1.7821633210180676
8,8,Model Selection + Bagging,90,4,308.79,307.58568663096884,0.981223701510111,843.81,957.7850758958906,172.7680065565522,7.69,7.203880798112054,1.4308448281252009
8,8,Model Selection + Bagging,91,3,302.53,305.11021944316076,2.3432436642024177,2030.6,1693.6767207060143,786.1378342746375,2.36,6.74966240755563,2.8637640971287217
8,8,Model Selection + Bagging,92,1,312.07,310.8682060984312,1.1209026221366445,81.77,78.57167987058779,223.6706683588471,5.71,3.9852377947037834,1.5078880039238505
8,8,Model Selection + Bagging,93,3,306.81,306.41026522285836,1.3324654159792628,673.45,1173.7802778641465,545.2518996157376,7.15,7.0273868677340845,1.8822632338626133
8,8,Model Selection + Bagging,94,3,309.96,309.9267566426886,1.4367659122601302,659.22,635.1855524309568,294.0055322458038,4.79,4.813819032795898,1.726473243784419
8,8,Model Selection + Bagging,95,3,314.36,313.3466587813158,1.982259388769828,139.42,119.59828601133745,285.79790986362184,5.84,3.3077681893279,2.417348386404936
8,8,Model Selection + Bagging,96,2,310.35,311.08416968889105,1.4074600404931925,94.55,118.01035683097075,240.38664708910196,3.98,5.225797115953596,1.504017242623803
8,8,Model Selection + Bagging,97,0,313.16,313.51162923359436,1.2431081963192618,15.39,-2.1878570950309495,281.89566964988757,0.53,1.5067423644552376,1.67430560555125
8,8,Model Selection + Bagging,98,0,306.83,306.56590411600115,1.0471788507373363,1407.27,1519.059215931343,235.12373478033433,10.88,11.45156249101136,1.2748313662245194
8,8,Model Selection + Bagging,99,0,309.81,309.91062268671476,1.087043285289693,533.37,661.4351041809571,259.8062678187475,7.02,5.201359497206022,1.5899799890981308
9,9,Single GP,0,4,312.33,313.0353108613715,0.4202871554921077,84.06,39.20509703536334,151.39528295458493,0.31,1.6139814597406712,1.2066002903115691
9,9,Single GP,1,4,311.68,309.2973707728274,0.41340091505153503,204.84,150.3492153652287,230.61023523144763,9.2,5.910831768492718,2.1153396802649285
9,9,Single GP,2,1,301.44,306.3224405994695,0.6065631300263977,220.66,428.7412777129625,152.89461579748823,4.44,9.41638284849492,1.3529700937662756
9,9,Single GP,3,0,314.31,314.72979339906635,0.8167016580967593,12.81,7.396832160392364,99.24135923681007,2.87,4.190359927895944,2.094964105949383
9,9,Single GP,4,3,306.89,304.9414656823927,0.34625915682840647,422.12,463.75672493892085,152.45992625890227,12.1,9.111591439346476,1.514261136874901
9,9,Single GP,5,2,307.84,307.865548878239,0.38190339323234934,2201.12,1813.0624188129889,117.58211928821764,5.77,5.91456576732956,0.7640795067446993
9,9,Single GP,6,0,314.22,313.13841032356856,0.7697911200099984,87.66,62.101514945011445,107.3932702072624,3.45,2.742953275605817,2.2357623122765795
9,9,Single GP,7,2,301.14,304.24800960301826,0.6699490068530587,965.47,1149.728411061311,214.3855585228682,6.46,10.976424577166428,1.9016642395850534
9,9,Single GP,8,2,306.32,305.67936308172415,0.40349615459859856,331.97,443.31761916750077,116.63008451380242,10.22,4.496277761701015,1.4168270870946078
9,9,Single GP,9,3,304.34,304.059001195684,0.5633605302064554,421.99,477.3477826999231,150.35016384967454,3.37,8.255609886494813,1.9108515253835525
9,9,Single GP,10,2,303.31,303.78248138495024,0.43687194810644947,1035.72,369.80305294788,132.13625606926823,5.86,6.100178420400623,0.9441633116766822
9,9,Single GP,11,3,308.31,307.68580625115226,0.30122905299576364,374.66,480.7181618065876,123.49963911209953,8.57,8.543826315699315,1.121172201181629
9,9,Single GP,12,4,307.47,306.858449419104,0.27781703646909456,850.87,1102.824383429021,139.97458642275865,10.63,11.29793274825636,1.154049921363177
9,9,Single GP,13,3,306.43,307.4872664785723,0.28825272914929806,2256.33,1164.0987437280062,88.74174957820506,4.77,6.900856877481617,0.9325188509769551
9,9,Single GP,14,1,313.31,313.3042841451101,1.1925774470531496,0.85,74.87937132778211,268.0401070650689,0.42,0.582721719760956,1.2982192301342925
9,9,Single GP,15,1,311.83,314.0208580849473,0.4378967642508637,194.23,133.52001623072033,109.65227614129668,3.51,3.951627216864309,1.1362122577104348
9,9,Single GP,16,2,307.32,306.6541387241678,0.36442147156647825,1604.24,1673.8015608333108,93.64817814822106,11.92,11.136886216294792,0.5285404555632401
9,9,Single GP,17,1,311.08,311.0143849903738,0.5309292421726304,560.59,413.84985354344946,120.54658186791765,3.19,2.9125935411111925,1.3270832196307516
9,9,Single GP,18,4,311.14,309.1689651313864,0.37212648296968204,68.07,48.6768928196318,221.86775861470235,5.46,6.293430282051679,2.104450085207796
9,9,Single GP,19,3,312.39,311.9300661987027,0.3521760672112117,59.84,48.71493255306359,136.39283088928457,5.02,5.089850896289458,1.4449653075022346
9,9,Single GP,20,0,308.85,309.40630980223506,0.3286599116143659,484.91,297.30489891917256,82.51524160524035,7.06,8.06261795994426,1.0631065077226007
9,9,Single GP,21,0,311.28,310.2866250347019,0.27883577431827244,410.23,638.9517629477871,81.04218557684482,5.16,6.231095954955233,0.9075879988187955
9,9,Single GP,22,4,312.03,312.82361527941094,0.37159473366822415,122.49,140.57133945242163,207.77494930089128,3.07,5.42700657309262,1.7078119787295165
9,9,Single GP,23,0,307.93,308.57141647321566,0.4395750332394369,117.49,-36.29907614881063,155.80447387816753,6.42,8.850737208403167,1.6855261850680652
9,9,Single GP,24,2,306.65,307.42776447368533,0.4274891106114032,1388.31,1280.2180904336435,120.19575045614226,11.47,11.887640076433119,0.9829269848785377
9,9,Single GP,25,0,308.18,308.3307090450664,0.2615456588830557,1252.74,1161.0134344099888,78.25024871634282,7.11,6.999637536491253,0.8374195340734257
9,9,Single GP,26,0,310.29,309.87293785498025,0.5217373549545511,785.56,920.4549780769954,88.57413626224934,5.06,5.171964597856039,1.8504188171981137
9,9,Single GP,27,2,303.33,304.14738530660196,0.5886921228664229,1918.36,1529.5268388837776,222.45138238910138,8.91,5.406903671917709,2.0915373566286473
9,9,Single GP,28,0,302.73,300.0331206524001,0.8077840092765532,2026.87,1490.916717167244,191.48034271539018,13.02,4.605607565684349,2.1691468420923905
9,9,Single GP,29,1,310.24,310.28006758815303,0.49299780517976916,305.92,313.02418678602936,128.39908750717095,5.99,5.449876140815162,1.2338063362215306
9,9,Single GP,30,2,305.2,305.48722318967015,0.541044141507758,2372.98,1824.5058545196766,186.79208781870597,10.28,7.6355818889619425,1.8947505785418444
9,9,Single GP,31,1,307.79,307.1652809468122,0.36550384172977773,1236.45,1153.0965298897097,117.34582879047883,12.82,9.786286766227771,1.214958059017504
9,9,Single GP,32,0,309.58,309.6680364377854,0.3110583943414986,717.28,520.3686521941162,76.13527356817049,6.31,6.715003719835967,1.490066974653986
9,9,Single GP,33,4,311.54,311.1972427137085,0.2793998131801069,686.14,527.377728907661,178.78577854942245,4.98,2.3671339741273996,1.418684036111479
9,9,Single GP,34,2,308.55,309.31845132065365,0.4182608131725797,367.47,519.3121182998652,123.32957696539842,5.43,5.134526709985539,1.0766228260805202
9,9,Single GP,35,3,306.8,306.3894547874051,0.3315865709511642,554.95,544.6891019668435,133.23012284454876,12.78,10.450939655920454,1.349061515724502
9,9,Single GP,36,1,307.12,307.025134086389,0.3707149872475246,2075.38,2115.6581242118127,91.17694788689438,5.9,6.856660665374755,0.7083883956720238
9,9,Single GP,37,3,309.05,308.918507146334,0.325619858482788,1337.07,1361.9655213289789,76.45626264747318,4.68,4.227332951020717,1.0634566250388209
9,9,Single GP,38,1,307.56,306.50216954738414,0.6953315032365807,316.18,565.0089798280495,179.96613508864314,8.14,4.571816425066964,2.1518048754704546
9,9,Single GP,39,0,312.34,312.8104332846875,0.5293962047815426,106.38,116.38482276639422,122.37587967810649,5.13,4.555466708517108,1.9030701239249357
9,9,Single GP,40,4,309.58,308.4952868452462,0.32703004874668146,435.02,417.9979137936091,132.5107067380639,7.83,7.469731748504732,1.208983558432524
9,9,Single GP,41,0,307.48,307.6033008903186,0.29110004616236057,1296.42,1006.1117782828862,73.96505882626495,8.74,8.76511296669002,0.7407087346153755
9,9,Single GP,42,0,304.47,305.491684118614,0.3967519915351906,451.73,490.1453495018957,105.94664223027894,7.37,7.452066434221086,1.5631654619748363
9,9,Single GP,43,1,311.63,312.1971217429805,0.6733819478907102,91.86,112.53993221702945,145.5061446054687,2.46,3.671924467309048,1.6168198118726738
9,9,Single GP,44,0,312.52,312.35935504472593,0.5201964327003197,220.1,306.551731410337,143.04872675887304,1.31,1.5459591065162668,0.8749184084944588
9,9,Single GP,45,1,312.59,312.8591391276452,0.467552706593729,188.63,151.91907636230133,117.39846758357123,1.23,1.2895263514689361,0.8953803127428172
9,9,Single GP,46,0,306.36,307.1167047392365,0.40183895221805727,947.21,872.1912605466564,112.73171530153816,7.22,8.213328998879884,1.355855917549527
9,9,Single GP,47,2,302.67,306.5222804017751,0.4892842701758081,1366.98,1368.7150693091935,111.00856908137249,10.28,14.079507964805442,0.9783981200280311
9,9,Single GP,48,1,312.73,312.4632639390583,0.7008550635936769,46.91,86.27148249036247,177.7471032104673,1.25,1.0821674425401735,1.062227617639275
9,9,Single GP,49,3,310.89,310.0315736063379,0.3269262373698614,93.48,92.05318146010097,127.86409465751429,4.63,5.354239051514844,1.5397195709060938
9,9,Single GP,50,3,307.08,304.7055719224325,0.5391562872280252,130.32,193.033214124249,209.28837653742534,7.26,6.49286153382248,1.7877746012530769
9,9,Single GP,51,1,306.76,306.86919211459326,0.32832040115466443,1543.82,1830.4812550293163,82.55244936189769,10.96,10.628610120037283,0.8001748871028811
9,9,Single GP,52,4,310.33,310.07825231912307,0.34927068047860876,570.52,487.74229885736736,182.80588519575753,5.7,5.391646851546687,1.8505342991264806
9,9,Single GP,53,3,312.69,312.8855309391104,0.36961881887856934,95.36,56.424770527055784,93.24766792088788,1.39,0.9995051813540572,1.1367023848976452
9,9,Single GP,54,4,311.54,311.7869159014918,0.2756201907342711,223.41,155.23721973986721,191.11573598407708,4.71,5.684633423876848,1.459837335805264
9,9,Single GP,55,1,308.42,304.10557664198956,0.49368192921580056,709.64,759.9990534408304,120.00193317168727,12.53,9.26805277649904,1.1208336122869325
9,9,Single GP,56,4,308.18,308.2486618357259,0.23857048853105503,1523.36,1392.9151113869634,148.57446247444022,7.59,5.4224055074454665,1.422170388670118
9,9,Single GP,57,2,308.44,309.0638744910327,0.4511368436187955,1059.82,1201.9803206935899,125.88493343691901,5.32,6.319477208674435,1.4107352680955725
9,9,Single GP,58,3,309.87,311.06537558853245,0.3354922727357691,261.82,190.61558857380737,93.49377757750004,2.03,4.015620029751069,1.3879319868033144
9,9,Single GP,59,4,308.33,309.56572062433474,0.2787858310393522,1098.75,1278.585179963125,161.59433638074506,2.44,3.1554986992741543,1.3803640362789924
9,9,Single GP,60,4,306.45,305.4932117035099,0.44450036106732776,268.91,332.2983669986746,224.15017556743325,8.27,6.606582065934129,1.819134380863438
9,9,Single GP,61,1,303.98,302.0023493092063,0.6673371968515113,704.72,1229.8454519493853,159.26690981835884,7.93,6.230142608239977,1.3431604523196623
9,9,Single GP,62,4,308.91,308.4956527313226,0.29692747980238937,671.26,754.0220326411476,191.11999606199848,8.35,7.8706779072890205,1.7164863491340294
9,9,Single GP,63,3,309.65,310.7948155645906,0.33524625116004414,616.92,491.0327846244036,124.99972260940218,2.11,2.8142850713516068,1.3755018951762388
9,9,Single GP,64,1,311.97,311.6832536661241,0.452218822031626,177.02,193.01586351363733,117.1479809467814,2.3,2.992349571945421,1.3768792446065228
9,9,Single GP,65,4,306.98,308.04209682349267,0.2554085537645337,2215.59,1742.2392269824768,163.07879463857682,6.68,5.893193573205198,1.618750265623955
9,9,Single GP,66,2,306.01,307.2534543064802,0.47810533077630674,1493.56,1326.1190591279728,148.7084349938321,12.0,12.535686567858733,1.2348272551929653
9,9,Single GP,67,2,311.22,311.7391718270837,0.36025327669649426,462.07,410.7888746954459,119.47130923281009,3.64,5.1079980327575,0.9399879327501206
9,9,Single GP,68,0,304.88,309.2462379214771,0.3745334694137415,395.97,375.48710846800213,101.96072971875309,8.3,9.295788625604079,1.3588607363855993
9,9,Single GP,69,2,310.04,309.81779102003594,0.6608713470696255,990.55,734.7747446029437,221.23650846759386,2.36,1.95729198916221,2.077393065914022
9,9,Single GP,70,0,312.89,311.67832038779204,0.3551366659434693,164.97,385.5315491641165,92.05958333507385,0.86,2.3943917718214056,1.304501645450306
9,9,Single GP,71,2,312.89,312.5467564165086,0.5444487064118599,42.42,95.08153677831478,176.0074721655675,0.86,1.4329166530649244,1.6124770646158737
9,9,Single GP,72,3,311.83,311.5913197495766,0.2771850559946531,492.81,385.0990917352784,81.14567229911269,6.49,3.5477788173201446,0.850662978815317
9,9,Single GP,73,0,307.38,307.72081453682955,0.49009293536109944,663.32,675.4561191703654,99.30510814476602,9.56,8.762270827791045,1.4559641123988272
9,9,Single GP,74,4,313.21,313.0697996420832,0.48521970288341704,15.08,129.5618770936013,215.9273970145805,0.39,1.6435790813863518,1.6656841794699373
9,9,Single GP,75,0,307.86,307.8928721201337,0.3510909144184044,946.9,1190.8870472640888,105.95386014809239,8.0,7.011330048188176,0.9920527556528965
9,9,Single GP,76,2,307.58,307.89737639833055,0.32564244304928264,1109.01,1178.794424008376,83.67084544041747,8.19,7.9781803653796874,0.6508522590005894
9,9,Single GP,77,1,312.31,312.1267730073511,0.5373236652940865,65.54,63.2250468049798,124.51272453124724,2.01,1.1101678182163583,1.2026122154487777
9,9,Single GP,78,1,312.73,312.7594777497482,0.49919759115851786,68.26,49.41456946715823,136.30098304419985,1.34,3.009326322009951,1.8723205304521497
9,9,Single GP,79,3,306.53,307.5398981712169,0.390037784042242,466.58,480.8033580248634,117.58188686596456,7.25,6.887355924459644,1.1287696107514809
9,9,Single GP,80,2,315.92,312.80627575399785,0.538809782766674,84.11,125.39374442219588,162.44806926021312,3.9,1.5036371234544372,1.4518901766898662
9,9,Single GP,81,3,309.26,306.962676728047,0.8238278731121534,613.05,671.7995032666103,236.65579331197438,8.86,9.815735879274449,1.784512115424212
9,9,Single GP,82,1,310.16,308.3351954328292,0.44794980724611255,517.94,782.8441640845205,116.75877437444063,7.35,5.539624101848246,0.9890364881574834
9,9,Single GP,83,0,304.65,302.8573078330867,0.45949449602077685,2419.87,1527.3572080175318,115.66943809518955,12.79,7.235350947926673,1.4004937663759829
9,9,Single GP,84,2,315.33,313.1740105769833,0.4762431257281223,96.59,69.83953545259402,137.49952516781553,6.91,3.7443444046789973,1.6139604377636565
9,9,Single GP,85,4,311.02,310.4406204407594,0.46118229928389476,146.83,72.41403288143943,257.1688829282282,5.0,5.3918074479742115,1.8194697668957511
9,9,Single GP,86,1,309.61,310.20843771852464,0.5268885392453947,540.43,457.09761553980775,138.1022388330035,7.42,7.784843760056129,2.0969175086910217
9,9,Single GP,87,3,311.04,312.1310019079006,0.39755370478782837,153.39,128.21812227050896,89.794171396223,1.96,2.0567048890176363,1.0770775219633602
9,9,Single GP,88,1,312.29,313.11399324572153,0.8542934687350252,42.84,106.45527990986318,188.8986122075513,3.51,4.3710831496588245,2.0189940259762857
9,9,Single GP,89,2,311.14,311.1197288581919,0.5253249367275763,504.12,484.2160587893734,152.9307788827053,4.26,4.304306868067412,1.583538507519488
9,9,Single GP,90,3,308.79,307.3313266708091,0.3314209919827082,843.81,868.8990897846436,84.43499905064452,7.69,7.561461738263572,0.9175695424310047
9,9,Single GP,91,3,302.53,304.04699158668564,0.4868219768494215,2030.6,2161.9980947635395,149.4852012177311,2.36,9.066693938133223,1.7919227955702544
9,9,Single GP,92,4,312.07,310.72897239115775,0.3835399036594927,81.77,141.81453274142348,174.72099805883508,5.71,4.686053414980889,2.2047790021009113
9,9,Single GP,93,2,306.81,306.71306239470505,0.38138003017547856,673.45,1132.6203315553485,121.98887289033362,7.15,4.73552064724176,1.0305298250015424
9,9,Single GP,94,3,309.96,309.49824215379545,0.36677417236765303,659.22,549.974507962643,102.93946460820395,4.79,5.635625439380569,1.6403739452196011
9,9,Single GP,95,0,314.36,313.2693047038838,0.49974048508886504,139.42,161.63643230714212,103.53520034171454,5.84,3.733000447172856,1.6487540852908429
9,9,Single GP,96,4,310.35,309.84895871937204,0.440114935214513,94.55,158.57777014162195,207.0884748825009,3.98,5.085215177275774,2.304309894087855
9,9,Single GP,97,4,313.16,313.54347329132895,0.4843694673631062,15.39,120.8708747009183,282.9138803942649,0.53,1.495728690579834,1.4556707881885473
9,9,Single GP,98,3,306.83,306.52820258029703,0.28219283223763975,1407.27,1532.7040231935198,55.993954442141046,10.88,12.176658662259916,0.4852049045036312
9,9,Single GP,99,4,309.81,309.78627300762173,0.24604712698738598,533.37,1050.8462183040785,162.2035498955152,7.02,5.059520654706228,1.2374679207621695
9,9,Model Selection,0,4,312.33,313.0353108613715,0.4202871554921077,84.06,81.22708475465845,203.10097798027914,0.31,2.4729096962423966,1.3469843551041787
9,9,Model Selection,1,4,311.68,309.2973707728274,0.41340091505153503,204.84,225.45226698931106,241.25529260539156,9.2,6.762174560100554,1.9320326063728157
9,9,Model Selection,2,1,301.44,305.5757148400548,0.9710043319721209,220.66,428.7412777129625,152.89461579748823,4.44,8.882364773316121,1.4089873756395233
9,9,Model Selection,3,0,314.31,313.46823145000263,0.8632193832364905,12.81,21.111803369908216,180.1560024258637,2.87,1.325861713119485,1.1151764587994974
9,9,Model Selection,4,3,306.89,304.39822211544345,1.0593246679300794,422.12,390.3454103114532,186.49081888422148,12.1,10.011103372635295,1.5182291361567
9,9,Model Selection,5,2,307.84,307.70702434048565,0.5168365465543964,2201.12,1860.2437141020064,111.58499765575154,5.77,5.7207953415674995,0.768075398585849
9,9,Model Selection,6,0,314.22,312.35132210337076,0.8337083420808946,87.66,57.945495088442954,173.89051356054466,3.45,1.2636369534653102,1.0846577796221815
9,9,Model Selection,7,2,301.14,304.719943946156,0.8930744647952262,965.47,1245.9962298592836,194.7249149840708,6.46,12.333930470703757,1.6051967821798443
9,9,Model Selection,8,2,306.32,305.1671761357483,0.48220099535884847,331.97,392.38294553270157,104.5422914171627,10.22,5.281244940270815,0.7784047149026129
9,9,Model Selection,9,3,304.34,303.6541793674077,1.1622940568210463,421.99,477.301548842068,163.91131268335738,3.37,8.812755658441308,1.6793962847850978
9,9,Model Selection,10,2,303.31,303.40143411694,0.5614857831128366,1035.72,426.65353601456593,121.12805940316098,5.86,6.095293962357642,0.8388994782133427
9,9,Model Selection,11,3,308.31,307.8920326518689,0.8845392165161526,374.66,434.43738914855567,161.68634259427313,8.57,8.488668220401841,1.2470706426167897
9,9,Model Selection,12,4,307.47,306.858449419104,0.27781703646909456,850.87,859.8059730538399,207.99107316106864,10.63,10.73295056023716,1.2883505457393079
9,9,Model Selection,13,3,306.43,307.7654378997313,0.8678410901039862,2256.33,1102.1142802376241,118.60666295177016,4.77,7.512122554976318,1.2080460471398755
9,9,Model Selection,14,1,313.31,313.52145090395436,1.2781951219438883,0.85,74.87937132778211,268.0401070650689,0.42,0.6033676099563472,1.4900307432545423
9,9,Model Selection,15,1,311.83,313.8295775462929,0.8661258384495995,194.23,133.52001623072033,109.65227614129668,3.51,3.400621997028006,1.34483161286108
9,9,Model Selection,16,2,307.32,306.85913705719156,0.43891796239491154,1604.24,1714.3713724367992,93.98948480868165,11.92,11.30808392071539,0.6151614021779995
9,9,Model Selection,17,1,311.08,311.40642759254456,0.953333258014211,560.59,413.84985354344946,120.54658186791765,3.19,3.0827347825283327,1.4808570396068212
9,9,Model Selection,18,4,311.14,309.1689651313864,0.37212648296968204,68.07,51.83932272753543,281.15651907925013,5.46,6.350611700902212,1.8283718048611217
9,9,Model Selection,19,3,312.39,311.95878325516446,1.0423515667332186,59.84,0.32478079933184745,164.5634480234162,5.02,4.930974720382606,1.4121362899855716
9,9,Model Selection,20,0,308.85,309.7085890399058,0.3691433021165423,484.91,367.3004223231381,76.65601877894382,7.06,8.177360595778621,0.452451514951559
9,9,Model Selection,21,0,311.28,310.49873835529235,0.3227855267232701,410.23,821.3253524613651,67.03749131335246,5.16,4.48724701845377,0.39326055780202496
9,9,Model Selection,22,4,312.03,312.82361527941094,0.37159473366822415,122.49,107.39771660142083,131.28224629635596,3.07,5.313267232185827,1.6714973410855174
9,9,Model Selection,23,0,307.93,308.76246842520897,0.5503402297203694,117.49,33.77188033122343,114.28992545979855,6.42,8.01752063795901,0.6842430163164351
9,9,Model Selection,24,2,306.65,307.8694703242454,0.5034798109864086,1388.31,1372.6095391321173,108.49515930480155,11.47,13.383366783479676,0.7748550356029108
9,9,Model Selection,25,0,308.18,308.3597943404701,0.3155436349932428,1252.74,1179.6876574850303,65.29777102074769,7.11,7.445454365960922,0.37291284297670685
9,9,Model Selection,26,0,310.29,309.8280728399951,0.6259714130379775,785.56,883.890338713267,130.4223777457307,5.06,3.8807000581144053,0.7925416270419582
9,9,Model Selection,27,2,303.33,304.55551465854967,0.9126916578831507,1918.36,1626.8850563205783,200.4481159357876,8.91,5.587920542039063,1.6678683073474467
9,9,Model Selection,28,0,302.73,300.5498666896994,0.9654512559713238,2026.87,1553.9114485131695,200.85738734761793,13.02,3.0387701394888444,1.2107140603067494
9,9,Model Selection,29,1,310.24,310.3886342191131,0.8758382091165192,305.92,313.02418678602936,128.39908750717095,5.99,5.690177385889899,1.3994419893107353
9,9,Model Selection,30,2,305.2,305.54359092207244,0.7625572579798695,2372.98,1904.0153101881986,167.33771610422195,10.28,7.2016131120066404,1.3361118688738778
9,9,Model Selection,31,1,307.79,306.89983887039887,0.8347690325659756,1236.45,1153.0965298897097,117.34582879047883,12.82,10.168132048190447,1.4354334577874983
9,9,Model Selection,32,0,309.58,309.95167368118683,0.35148298741532114,717.28,604.5119808842928,72.80863682453374,6.31,6.6032637471080555,0.42458994972628816
9,9,Model Selection,33,4,311.54,311.1972427137085,0.2793998131801069,686.14,502.74012175283804,216.14003277325116,4.98,3.2892810811769584,1.4865921666038056
9,9,Model Selection,34,2,308.55,309.21564860585727,0.47446675227417423,367.47,489.8257455009434,102.24013121226305,5.43,4.820848336731264,0.7252319148392996
9,9,Model Selection,35,3,306.8,305.7276504916416,1.0284036594011197,554.95,527.113061944016,159.30947108588416,12.78,10.978620724737322,1.3399655744294579
9,9,Model Selection,36,1,307.12,307.1649039341993,0.7650652890972474,2075.38,2115.6581242118127,91.17694788689438,5.9,7.500029756372022,1.0989764070498313
9,9,Model Selection,37,3,309.05,308.38452341748535,0.8273483287841119,1337.07,1305.5554593216161,104.29936640571965,4.68,4.787860360144311,1.285844234861654
9,9,Model Selection,38,1,307.56,306.4369859640555,1.0858194502254257,316.18,565.0089798280495,179.96613508864314,8.14,5.495349299318237,1.841730640500509
9,9,Model Selection,39,0,312.34,312.8214280895848,0.7382956098164128,106.38,114.85909364460133,153.9341341279402,5.13,5.160351398858449,0.9340456802437548
9,9,Model Selection,40,4,309.58,308.4952868452462,0.32703004874668146,435.02,433.5560682892427,181.08969570265046,7.83,7.865771662574965,1.6325221285300082
9,9,Model Selection,41,0,307.48,307.7763669380872,0.3479800437476828,1296.42,1038.0813124966508,71.99700946409328,8.74,9.728859360879598,0.4131049780934649
9,9,Model Selection,42,0,304.47,305.9125056729011,0.47720323305736645,451.73,710.5651078743023,98.94277234144478,7.37,8.942130311470255,0.5817675084783605
9,9,Model Selection,43,1,311.63,312.1083830531559,1.0593045048886343,91.86,112.53993221702945,145.5061446054687,2.46,3.189912225167323,1.4902875034480707
9,9,Model Selection,44,0,312.52,312.2465694527087,0.6638293516551944,220.1,243.1840265464195,138.28813679133773,1.31,2.396980972608615,0.810183315502477
9,9,Model Selection,45,1,312.59,312.8484505259862,0.7648653244774817,188.63,151.91907636230133,117.39846758357123,1.23,1.5065944656198411,1.1741507664693889
9,9,Model Selection,46,0,306.36,306.63608629738303,0.4919418963650686,947.21,1069.6841384112963,102.36600039052735,7.22,7.590316268997377,0.5993247114757355
9,9,Model Selection,47,2,302.67,306.4015086025378,0.5053363634881528,1366.98,1364.135576915156,109.23900737721974,10.28,14.467428057377512,0.7711586031270719
9,9,Model Selection,48,1,312.73,312.4420291347974,0.9678480049254146,46.91,86.27148249036247,177.7471032104673,1.25,1.0779262825108722,1.3272489461024028
9,9,Model Selection,49,3,310.89,310.32531570907514,1.1427571274271535,93.48,56.414236006515694,153.868975009681,4.63,4.549545879417953,1.3828422509601639
9,9,Model Selection,50,3,307.08,304.3235319965184,1.1656902151909716,130.32,193.79757536404662,231.3064737587271,7.26,8.063736012790562,1.617144795350587
9,9,Model Selection,51,1,306.76,306.8461977447245,0.8040572752318835,1543.82,1830.4812550293163,82.55244936189769,10.96,10.81987036548829,1.2279378139685562
9,9,Model Selection,52,4,310.33,310.07825231912307,0.34927068047860876,570.52,712.5478824587176,261.1481965074074,5.7,5.981075225098312,1.733924270543228
9,9,Model Selection,53,3,312.69,312.98439835484686,0.8857726563605468,95.36,50.29248683961771,114.03074241712511,1.39,1.1595049264349955,1.2681587028470334
9,9,Model Selection,54,4,311.54,311.7869159014918,0.2756201907342711,223.41,158.0565083568772,202.44902020721844,4.71,4.907750347024441,1.3471393761246024
9,9,Model Selection,55,1,308.42,304.6323925411778,0.904030680334356,709.64,759.9990534408304,120.00193317168727,12.53,9.818644893796938,1.4034196366549214
9,9,Model Selection,56,4,308.18,308.2486618357259,0.23857048853105503,1523.36,1823.7424693270368,228.68234470735388,7.59,7.09090624120312,1.335883627928887
9,9,Model Selection,57,2,308.44,309.24086186855345,0.4933150980776169,1059.82,1215.889603163565,106.44639354870712,5.32,6.289039071505043,0.7879884363903711
9,9,Model Selection,58,3,309.87,311.1885850675577,1.0227505594655248,261.82,234.58932595597082,118.43799547012165,2.03,3.20823200182728,1.3163910639115897
9,9,Model Selection,59,4,308.33,309.56572062433474,0.2787858310393522,1098.75,1289.3760991658974,225.4587152554945,2.44,4.993756963816597,1.3499567481319403
9,9,Model Selection,60,4,306.45,305.4932117035099,0.44450036106732776,268.91,353.1953350427068,199.01354604239967,8.27,5.706067534853384,1.7997778764101342
9,9,Model Selection,61,1,303.98,302.8929157792841,1.0260359057739208,704.72,1229.8454519493853,159.26690981835884,7.93,6.610392511868165,1.4323601703094646
9,9,Model Selection,62,4,308.91,308.4956527313226,0.29692747980238937,671.26,1008.1489013604914,206.81260370122428,8.35,8.134000133066667,1.6626257774408606
9,9,Model Selection,63,3,309.65,310.8354492811082,0.9588516614053854,616.92,481.57787820286,151.6616517462268,2.11,2.8988293794207305,1.3413901852468708
9,9,Model Selection,64,1,311.97,311.7121872945389,0.9593193181746069,177.02,193.01586351363733,117.1479809467814,2.3,2.730956476594922,1.4466756959140046
9,9,Model Selection,65,4,306.98,308.04209682349267,0.2554085537645337,2215.59,1952.18053962611,241.16940071617677,6.68,7.857609905536865,1.315296117555652
9,9,Model Selection,66,2,306.01,307.7575942319767,0.6010595536587859,1493.56,1411.518205752029,130.54311895166865,12.0,14.292590757592249,0.9987969287118442
9,9,Model Selection,67,2,311.22,312.26062846521154,0.47799429112403297,462.07,413.01055142393045,103.40248022412777,3.64,5.388285247149862,0.7405922093263296
9,9,Model Selection,68,0,304.88,309.3984957346832,0.4576372957702421,395.97,352.4138790583791,95.0722827306911,8.3,10.19069188730452,0.5575419712004972
9,9,Model Selection,69,2,310.04,309.2807758877363,0.9010892131972759,990.55,677.2858060800015,198.03682983350006,2.36,0.6887684610544333,1.5999135294083686
9,9,Model Selection,70,0,312.89,311.95653073083963,0.4413452547017992,164.97,413.0235839068222,91.64514841505562,0.86,3.2916289034156976,0.5396737472840414
9,9,Model Selection,71,2,312.89,312.13546318116215,0.7340229734250038,42.42,152.80743555498196,159.7836411492243,0.86,1.655555568673969,1.2414014506652127
9,9,Model Selection,72,3,311.83,311.24481653062617,0.9311933657339908,492.81,363.02041584360194,95.19691898890053,6.49,3.570849822162609,1.1635726775288326
9,9,Model Selection,73,0,307.38,307.8938871811076,0.5886003081549817,663.32,698.6101681808042,122.38872833785817,9.56,10.658560640626929,0.7246534958375809
9,9,Model Selection,74,4,313.21,313.0697996420832,0.48521970288341704,15.08,46.77537730961308,234.64840976304885,0.39,0.7176068334086034,1.4797813342959811
9,9,Model Selection,75,0,307.86,308.00423338164336,0.4291021522661217,946.9,1233.9834159105408,89.11639490306942,8.0,7.311809336521309,0.516617367748069
9,9,Model Selection,76,2,307.58,307.9949132081581,0.33730758186148685,1109.01,1177.0796818571594,71.65428520895249,8.19,8.441276146728168,0.47715273886010023
9,9,Model Selection,77,1,312.31,311.9552161449997,0.915728208640657,65.54,63.2250468049798,124.51272453124724,2.01,1.7636864413936415,1.4471644356715057
9,9,Model Selection,78,1,312.73,312.9792182391568,0.9692929332923454,68.26,49.41456946715823,136.30098304419985,1.34,2.8201364960904427,1.5893665639986925
9,9,Model Selection,79,3,306.53,306.4014265344802,0.9721546688909019,466.58,507.998482327225,136.09908579828812,7.25,8.210608526545467,1.3599273184715208
9,9,Model Selection,80,2,315.92,312.06010305393136,0.7070343808468498,84.11,123.1629047042382,153.28519209536228,3.9,2.4471401538405435,1.152523969110169
9,9,Model Selection,81,3,309.26,305.5443586390024,1.2603359142369668,613.05,743.4991146123127,256.03766383406594,8.86,10.647647385959324,1.829592002442923
9,9,Model Selection,82,1,310.16,308.05849698469547,0.8768633819651268,517.94,782.8441640845205,116.75877437444063,7.35,6.2225808813515995,1.303600200565544
9,9,Model Selection,83,0,304.65,303.18627917523764,0.5490556030767789,2419.87,1798.4918011614272,114.01420296600985,12.79,9.991066829604863,0.6907651163206525
9,9,Model Selection,84,2,315.33,313.223211990676,0.5552329439309989,96.59,90.8485818271302,119.6096282573058,6.91,3.7904280202862797,0.9129865367021143
9,9,Model Selection,85,4,311.02,310.4406204407594,0.46118229928389476,146.83,156.237850201426,234.2591206220389,5.0,5.52234904481232,1.5202492614377414
9,9,Model Selection,86,1,309.61,309.7365012012421,1.0101287907412844,540.43,457.09761553980775,138.1022388330035,7.42,8.070249732563392,1.7628010146523327
9,9,Model Selection,87,3,311.04,312.17488744208566,0.9107066195420821,153.39,131.72920321073377,121.01407914257287,1.96,1.8024841806846883,1.3015678091469678
9,9,Model Selection,88,1,312.29,313.03293553997463,1.1808984047897053,42.84,106.45527990986318,188.8986122075513,3.51,4.195275450795563,1.615991006285522
9,9,Model Selection,89,2,311.14,311.3871505798932,0.6481809914958415,504.12,464.6660849048062,141.05138322105554,4.26,5.307834695972368,1.022703934675322
9,9,Model Selection,90,3,308.79,307.61106559522364,0.8673685583684932,843.81,835.5982671108845,103.88455734646695,7.69,7.577243424222196,1.224461858950186
9,9,Model Selection,91,3,302.53,303.87094507703773,1.1287225150595757,2030.6,2119.9988040942135,178.66761906180065,2.36,9.562352279592,1.5842913620734933
9,9,Model Selection,92,4,312.07,310.72897239115775,0.3835399036594927,81.77,76.22067868643205,266.9423264954412,5.71,4.902761407323503,1.9068112191546753
9,9,Model Selection,93,2,306.81,306.0510655672074,0.4328992762694311,673.45,998.9037249972296,93.17841834288005,7.15,5.7592282501582055,0.6844601269955676
9,9,Model Selection,94,3,309.96,309.83941343535963,1.1624877657111907,659.22,586.5932579625463,128.56489569411355,4.79,4.915722795766659,1.4436860226601225
9,9,Model Selection,95,0,314.36,313.5130658128644,0.5936227907638961,139.42,110.57710116667317,123.82268294569194,5.84,3.368112217359981,0.7573780449892914
9,9,Model Selection,96,4,310.35,309.84895871937204,0.440114935214513,94.55,94.41052080443615,267.56689034239196,3.98,5.007570593383692,2.0058563529901248
9,9,Model Selection,97,4,313.16,313.54347329132895,0.4843694673631062,15.39,4.178283499469558,256.5069682201646,0.53,1.111075151642181,1.4163434650047932
9,9,Model Selection,98,3,306.83,306.7357387393178,0.6594290075132284,1407.27,1456.0546423089509,62.43688261725653,10.88,11.794776992249684,0.8430141430162817
9,9,Model Selection,99,4,309.81,309.78627300762173,0.24604712698738598,533.37,688.4845573076734,231.80065989567785,7.02,5.808483438895316,1.5155657062890067
9,9,Model Selection + Bagging,0,4,312.33,312.3278672911363,1.4458940622522443,84.06,73.22445826763487,236.18617869347062,0.31,2.7137932821455295,1.530522167330014
9,9,Model Selection + Bagging,1,4,311.68,309.0256353688928,1.9698419958622395,204.84,226.60970105344938,273.90037824524956,9.2,7.024063403109397,1.9458226502605163
9,9,Model Selection + Bagging,2,1,301.44,304.75346824135596,1.1204748035312655,220.66,418.8954923021019,292.0620425535471,4.44,8.571871262702999,1.7627940920860654
9,9,Model Selection + Bagging,3,0,314.31,312.71836524352125,2.257403866644863,12.81,139.48696062866577,384.588005769573,2.87,2.1822485446990116,2.908999128502711
9,9,Model Selection + Bagging,4,3,306.89,305.15438665459277,1.3913169107566894,422.12,545.6309292824187,318.9960557448985,12.1,9.196758394859074,2.4348177081948847
9,9,Model Selection + Bagging,5,2,307.84,307.6101358040811,0.8783950000565925,2201.12,1850.9826539827352,213.48089126749286,5.77,5.548964521751953,1.0904116628579297
9,9,Model Selection + Bagging,6,0,314.22,311.757152990825,2.124035702107762,87.66,199.26525420145646,392.9151391711544,3.45,1.9060575724541096,2.7472387648349303
9,9,Model Selection + Bagging,7,2,301.14,305.7045149029245,2.0631486004635824,965.47,1116.2206827401365,560.8669766120883,6.46,9.639476626587548,3.113714176291267
9,9,Model Selection + Bagging,8,2,306.32,305.6302231251021,2.031884703430667,331.97,508.1317663658448,331.18761378661395,10.22,6.005127978110247,2.1402327221147273
9,9,Model Selection + Bagging,9,3,304.34,304.41032038287466,1.388404793868988,421.99,482.87909054454474,232.9638179937201,3.37,8.24146774809227,2.0458846621491777
9,9,Model Selection + Bagging,10,2,303.31,304.9352711394906,2.197047705265341,1035.72,395.0229021266066,270.9473662748203,5.86,7.4550199392334555,2.4547388717254033
9,9,Model Selection + Bagging,11,3,308.31,307.78883060415285,0.9426841192500963,374.66,454.58414265860733,229.20248612918388,8.57,8.095783263042096,1.4435849998728099
9,9,Model Selection + Bagging,12,4,307.47,306.9456332221696,0.9583262360426014,850.87,909.9869371793972,242.65303054226945,10.63,10.494005038032913,1.5283263105844176
9,9,Model Selection + Bagging,13,3,306.43,307.62302501708564,1.021847414430385,2256.33,1150.8791399828592,173.93956460730686,4.77,7.749511024199308,1.4027451398452886
9,9,Model Selection + Bagging,14,1,313.31,313.40799828691047,1.2334765249581272,0.85,153.4450583176507,435.9576663149323,0.42,1.0186329335986395,1.8688649058351723
9,9,Model Selection + Bagging,15,1,311.83,313.2087267182397,1.0720602098136958,194.23,128.06864640421657,223.49546354288006,3.51,3.6268022197136367,1.6687575728193618
9,9,Model Selection + Bagging,16,2,307.32,306.7259185123883,0.7849954857353955,1604.24,1551.6244982697845,235.05860801844977,11.92,11.061918418057601,1.1528899207892982
9,9,Model Selection + Bagging,17,1,311.08,311.492586329372,1.0432824919472767,560.59,301.0499615782498,273.5919332044915,3.19,3.05835118289358,1.7083657644590422
9,9,Model Selection + Bagging,18,4,311.14,309.8709589354458,1.7045663402499849,68.07,54.05569832650997,311.8266073615341,5.46,6.062272581116852,1.8640030793534763
9,9,Model Selection + Bagging,19,3,312.39,311.838808022718,1.1062306928730194,59.84,50.30855364480931,232.06549108390286,5.02,4.3624870308568084,1.6595498820181003
9,9,Model Selection + Bagging,20,0,308.85,310.68581459734463,1.274992075316281,484.91,258.5574996126512,309.96081398366215,7.06,8.596497552991757,1.65899287014302
9,9,Model Selection + Bagging,21,0,311.28,310.6137798471538,1.0781864153938905,410.23,682.065059551632,220.99759516826535,5.16,6.149208760261963,1.9899135750186843
9,9,Model Selection + Bagging,22,4,312.03,313.1490755521238,1.5365017251430428,122.49,161.0223178703991,238.84763644293574,3.07,4.843367327403286,1.77097222530466
9,9,Model Selection + Bagging,23,0,307.93,308.571041402104,1.735107195929801,117.49,109.1323846177504,331.7142799071011,6.42,8.555211850178813,2.257149043705648
9,9,Model Selection + Bagging,24,2,306.65,307.5127618862046,0.9989191393886303,1388.31,1264.530928157028,250.70270956598108,11.47,12.109783270670597,1.422916860780621
9,9,Model Selection + Bagging,25,0,308.18,308.299940880946,1.0687711308151098,1252.74,1184.6902158228377,287.7111297676145,7.11,7.44508596033278,1.2763815208627887
9,9,Model Selection + Bagging,26,0,310.29,309.4603799190223,1.812647587227424,785.56,796.0121095407073,360.43260992318363,5.06,5.1344817302196235,2.263607192294127
9,9,Model Selection + Bagging,27,2,303.33,306.09259038417906,2.199633653398273,1918.36,1321.0917998542848,526.8815054836207,8.91,6.079332262458242,2.732407783444808
9,9,Model Selection + Bagging,28,0,302.73,303.70789205251225,2.8344627536191283,2026.87,1141.9510333430915,480.67494223199185,13.02,4.715173307068437,3.337419836403847
9,9,Model Selection + Bagging,29,1,310.24,310.35772255308837,0.9697257543001274,305.92,350.65032492225436,236.58149748860768,5.99,5.916933157183798,1.565580991294423
9,9,Model Selection + Bagging,30,2,305.2,306.433787975856,1.783385365412472,2372.98,1721.079803123567,498.79322745255166,10.28,7.293390584796284,2.2831586155032837
9,9,Model Selection + Bagging,31,1,307.79,306.2391169177903,1.38957309855692,1236.45,1142.4087127802104,271.4916369028541,12.82,10.29233963299241,1.5817196732337322
9,9,Model Selection + Bagging,32,0,309.58,309.64468932795097,1.3321665506313607,717.28,482.4976206200914,284.68321992160264,6.31,7.119798860445374,1.5574923628161017
9,9,Model Selection + Bagging,33,4,311.54,311.145072486108,1.1359943964200325,686.14,562.6159106661955,253.89078341551104,4.98,3.2991648665533666,1.5805446125243565
9,9,Model Selection + Bagging,34,2,308.55,309.1647024302542,1.2188589933045424,367.47,458.51626118097255,260.6287256566609,5.43,5.198005429653034,1.4170846329776656
9,9,Model Selection + Bagging,35,3,306.8,306.4326900983926,1.2027310966017128,554.95,602.3445946870473,249.13101392680434,12.78,10.151718096064375,2.0236997813451034
9,9,Model Selection + Bagging,36,1,307.12,307.40226739944353,0.8609244073405403,2075.38,2159.083196150784,232.05864030900958,5.9,7.123241451635002,1.2903612855886746
9,9,Model Selection + Bagging,37,3,309.05,308.7899946096593,1.0274546207520596,1337.07,1298.6491347263582,161.6191709138437,4.68,4.627659207138804,1.3859450494453058
9,9,Model Selection + Bagging,38,1,307.56,306.9929654820101,1.2032713601536267,316.18,787.0002181055797,459.9058250606125,8.14,5.446779382621129,1.8774427055398892
9,9,Model Selection + Bagging,39,0,312.34,311.8425129266807,2.1341073873640273,106.38,257.81433339531435,365.5614840647951,5.13,5.461228728878999,2.7543366082490865
9,9,Model Selection + Bagging,40,4,309.58,308.06026207324265,1.8913126878448236,435.02,445.61241661780525,217.21052132476783,7.83,8.29712146430963,1.6347927646181295
9,9,Model Selection + Bagging,41,0,307.48,307.74704815140274,0.8477565113120277,1296.42,958.7251539856088,199.87498098549733,8.74,9.203364991851705,1.0548815810426948
9,9,Model Selection + Bagging,42,0,304.47,305.23380943450667,1.8080437372782308,451.73,661.024731820327,377.5617645398479,7.37,8.365960745442072,2.1426189133920768
9,9,Model Selection + Bagging,43,1,311.63,312.33919355907426,1.1580161433797247,91.86,141.22705762648138,297.60561968331837,2.46,3.1091291655508178,1.8439192914083347
9,9,Model Selection + Bagging,44,0,312.52,312.1399583135156,0.9678661654399421,220.1,279.21494355507014,180.09357439450554,1.31,2.025563289747448,1.5177264636807322
9,9,Model Selection + Bagging,45,1,312.59,312.8238310777205,0.817799259189688,188.63,117.84615192740887,198.40078019479935,1.23,1.6065331954752784,1.3739293700663158
9,9,Model Selection + Bagging,46,0,306.36,306.31893200399975,1.6611451399236588,947.21,1024.9561477230914,413.2246461927195,7.22,6.925387393046777,2.00505176068347
9,9,Model Selection + Bagging,47,2,302.67,307.5434094997178,1.4217178953210097,1366.98,1501.0390150722114,335.8672347183548,10.28,13.29486948362058,1.5057211260546506
9,9,Model Selection + Bagging,48,1,312.73,312.39476897842843,1.1163137176910929,46.91,135.83182130582736,328.4790690291913,1.25,1.3757425391371685,1.5902529920851705
9,9,Model Selection + Bagging,49,3,310.89,310.059751918874,1.124184323340018,93.48,75.38017518141442,235.76880986501442,4.63,4.404494553376442,1.57974853963438
9,9,Model Selection + Bagging,50,3,307.08,305.05302221567115,1.709373937445983,130.32,283.4562741940937,410.03755935065004,7.26,7.783693322730286,2.3700738215976758
9,9,Model Selection + Bagging,51,1,306.76,306.83279628719856,0.9421469976054755,1543.82,1757.8965083425012,187.11280040054632,10.96,10.780310670827227,1.3728990715924458
9,9,Model Selection + Bagging,52,4,310.33,309.9723914857177,1.4485102428767849,570.52,665.193767607285,291.4542324488394,5.7,5.865993132663645,1.7543873391720655
9,9,Model Selection + Bagging,53,3,312.69,312.8948742510967,1.0206453834800342,95.36,74.94083836078562,161.7890457135347,1.39,1.7694854235699848,1.5528761802305884
9,9,Model Selection + Bagging,54,4,311.54,311.7005949255769,1.057373293664819,223.41,160.72181730663,233.7217559766796,4.71,4.517308767006364,1.5318210559290533
9,9,Model Selection + Bagging,55,1,308.42,305.4620118402054,1.249456814500477,709.64,831.8248660352314,253.51015505613256,12.53,10.024399136901902,1.5709085308425799
9,9,Model Selection + Bagging,56,4,308.18,307.902893115569,0.8892731786123153,1523.36,1625.9966370623497,334.8742953874244,7.59,6.769172990324622,1.4459835097690314
9,9,Model Selection + Bagging,57,2,308.44,308.9646208123054,1.240025680825899,1059.82,1205.438666895122,273.7403954994539,5.32,5.982230957949334,1.6314879644947542
9,9,Model Selection + Bagging,58,3,309.87,310.9401009462237,1.1076279208999125,261.82,249.6176731347757,158.24904279904504,2.03,3.780941886729419,1.5539282558574328
9,9,Model Selection + Bagging,59,4,308.33,308.7314254219384,1.3134458025157676,1098.75,1255.3230566008604,277.7078437708281,2.44,4.477672534489021,1.6154525556845782
9,9,Model Selection + Bagging,60,4,306.45,306.9995282330567,2.0613773390411945,268.91,418.5931978129972,281.3448801188338,8.27,6.20506328694074,2.1609869012973433
9,9,Model Selection + Bagging,61,1,303.98,303.18784909164236,1.0133448429100798,704.72,1362.1718441327052,430.11765232218573,7.93,6.546251845584033,1.6444277047114233
9,9,Model Selection + Bagging,62,4,308.91,308.25169014527665,1.5228088765165553,671.26,904.1240822838857,268.17243360641953,8.35,8.397846723466587,1.6110134794120863
9,9,Model Selection + Bagging,63,3,309.65,310.5991610020494,1.1009528592305882,616.92,517.6365877602813,201.36013870655412,2.11,3.4636864814092068,1.5307390748353458
9,9,Model Selection + Bagging,64,1,311.97,311.968998992782,1.0968164421099282,177.02,179.7698984711168,257.3590244805455,2.3,2.5032898139617794,1.6472986224163488
9,9,Model Selection + Bagging,65,4,306.98,307.602367184067,1.084291706569842,2215.59,1775.7038783874634,321.22330841071476,6.68,7.464916766501327,1.5194327639773932
9,9,Model Selection + Bagging,66,2,306.01,307.3904737225103,1.3304323082761933,1493.56,1238.6662198661272,302.35659963556714,12.0,12.248201545931911,1.8843545906046453
9,9,Model Selection + Bagging,67,2,311.22,312.28780194048846,0.9884069765458605,462.07,496.89167919595764,227.9894792028254,3.64,6.397345964033102,1.7682462338639247
9,9,Model Selection + Bagging,68,0,304.88,309.43977916202294,1.6641120162586773,395.97,431.3430083830933,229.7776240916309,8.3,9.366174710674953,1.8129714859124522
9,9,Model Selection + Bagging,69,2,310.04,309.21766800177545,1.685075655765563,990.55,854.2532399774261,410.53068885351297,2.36,2.792406071007757,2.4443766514601912
9,9,Model Selection + Bagging,70,0,312.89,311.7548365675705,1.525164725604852,164.97,389.0566022956229,252.16556629223203,0.86,3.162605292648119,2.2154057211662255
9,9,Model Selection + Bagging,71,2,312.89,312.0666970639238,1.48155872947549,42.42,159.00916604833606,304.04108842544315,0.86,1.9431272242672857,1.93949955258471
9,9,Model Selection + Bagging,72,3,311.83,311.34190839667417,1.015182686307718,492.81,368.6780278285625,150.60801985170005,6.49,3.831773693451765,1.2931761480151323
9,9,Model Selection + Bagging,73,0,307.38,307.6806855973573,1.4913157347530535,663.32,685.8598608625974,268.7795306772145,9.56,9.070721607957857,1.8221708244028378
9,9,Model Selection + Bagging,74,4,313.21,312.7250204012526,1.3969069304060926,15.08,44.662249382181585,262.1270074074162,0.39,1.0580091211621925,1.6681907592932377
9,9,Model Selection + Bagging,75,0,307.86,308.21833151487795,1.4754483580975883,946.9,1212.4942033646162,328.9309583753707,8.0,6.9453641351509265,1.6388451168588267
9,9,Model Selection + Bagging,76,2,307.58,307.71768666404773,0.6076961236147451,1109.01,1211.1490430600493,172.7277970641195,8.19,8.085070589096304,0.7741982343268231
9,9,Model Selection + Bagging,77,1,312.31,312.1676985172398,1.1535701030681416,65.54,90.76577894013064,213.51748565759596,2.01,2.151978936765463,1.8373545826834123
9,9,Model Selection + Bagging,78,1,312.73,313.2218939471599,1.0449640686598851,68.26,8.639922762934816,257.0665113291053,1.34,2.514089531295499,1.7702771659063816
9,9,Model Selection + Bagging,79,3,306.53,307.215209795462,1.2735623933421767,466.58,551.8478969534327,226.09393400727305,7.25,8.633398583577879,1.698413295728928
9,9,Model Selection + Bagging,80,2,315.92,311.677175584794,1.3773593179134034,84.11,173.8380752664889,310.82490336417527,3.9,2.543799604991658,1.9078963878000208
9,9,Model Selection + Bagging,81,3,309.26,306.72470963762055,1.7757343451286254,613.05,762.6162446707996,292.36023007009743,8.86,10.805941542428343,2.230831539243184
9,9,Model Selection + Bagging,82,1,310.16,308.3039388128893,0.9365804251807683,517.94,974.3330070105394,330.32834652150876,7.35,6.315472392236178,1.5645553589454224
9,9,Model Selection + Bagging,83,0,304.65,302.99874717520026,2.46893114615348,2419.87,1622.002443135943,336.6870454106615,12.79,9.50694544098517,2.0708486414783898
9,9,Model Selection + Bagging,84,2,315.33,312.5169367773211,1.483158924530911,96.59,136.09267496212328,313.04011670145775,6.91,3.479745452825462,2.012867006773348
9,9,Model Selection + Bagging,85,4,311.02,310.6853274716157,1.5720412803582482,146.83,147.29175848344937,279.19557037756886,5.0,5.635520127126872,1.700187102512548
9,9,Model Selection + Bagging,86,1,309.61,309.4228981407234,1.2213365600140498,540.43,475.9117263880228,282.47337478980916,7.42,7.954767847938723,1.8535898577749472
9,9,Model Selection + Bagging,87,3,311.04,312.189933265867,1.005692647062944,153.39,135.68756786362803,163.3415579418388,1.96,1.9299258912857447,1.391961716863073
9,9,Model Selection + Bagging,88,1,312.29,313.3368669188149,1.2687623346839303,42.84,122.63623503499605,341.0879907279621,3.51,3.3569941399517407,1.9540956507300813
9,9,Model Selection + Bagging,89,2,311.14,311.36702547034224,1.6688955163604826,504.12,475.79697292195493,388.3403566757233,4.26,6.240592676313867,2.344174709635681
9,9,Model Selection + Bagging,90,3,308.79,307.571332201282,0.9284454509160973,843.81,843.9200427376145,170.6443484130483,7.69,7.369637030984849,1.263424226290836
9,9,Model Selection + Bagging,91,3,302.53,304.2403490124929,1.3205237339356495,2030.6,2129.450530063141,380.33426335019533,2.36,9.424359276787325,2.078575164193452
9,9,Model Selection + Bagging,92,4,312.07,310.7729650546938,1.3760090990176619,81.77,72.95908521514514,293.42344292199033,5.71,4.557197252586121,1.7948591528960312
9,9,Model Selection + Bagging,93,2,306.81,306.27749205237444,1.301885353536899,673.45,1474.4604500665923,494.3479164220193,7.15,5.428495829697168,1.6784611683927404
9,9,Model Selection + Bagging,94,3,309.96,309.77612470141673,1.1817374403061722,659.22,508.06728397027257,212.00230693480836,4.79,4.89114856337163,1.514486853995018
9,9,Model Selection + Bagging,95,0,314.36,312.5465990289985,2.062134704135865,139.42,217.7434450205987,306.5277540646919,5.84,3.330768826456414,2.531696240761461
9,9,Model Selection + Bagging,96,4,310.35,309.9317085031841,1.5316929308039997,94.55,92.36592272190705,296.83113528095976,3.98,4.8033335191850295,1.9250504932978192
9,9,Model Selection + Bagging,97,4,313.16,313.0266487956768,1.2717169829396615,15.39,-1.1115128703625032,289.0715821284489,0.53,1.4679137998550509,1.5836831331734549
9,9,Model Selection + Bagging,98,3,306.83,306.938817623915,0.8926124595473429,1407.27,1414.8188618286804,86.50185119739831,10.88,11.666114365658283,1.007478818653042
9,9,Model Selection + Bagging,99,4,309.81,309.9096821955728,1.1101035522768596,533.37,697.8006452545956,272.49062432197366,7.02,5.2736342205626885,1.5881191133767503
